timestep,image_idx,sample_idx,reward,ir_person,sex_score,sex_score_binary,aesthetics_score
,0,,-0.7438890933990479,-0.7438890933990479,0.014020622707903385,0.0,5.359806060791016
,1,,-0.9732820391654968,-0.9732820391654968,0.0158472191542387,0.0,5.933497905731201
,2,,0.46926718950271606,0.46926718950271606,0.01972491666674614,0.0,6.301036834716797
,3,,0.38197749853134155,0.38197749853134155,0.013088326901197433,0.0,6.299142837524414
,4,,2.1011574268341064,0.10115744173526764,0.984265923500061,1.0,5.494203090667725
980,0,0,-1.9998112916946411,-1.9998112916946411,0.014161031693220139,0.0,5.96292781829834
980,0,1,2.5814120769500732,0.5814120173454285,0.9764271974563599,1.0,6.529850006103516
980,0,2,1.3325250148773193,-0.6674749851226807,0.9714987277984619,1.0,5.491744041442871
980,0,3,2.7430248260498047,0.7430248856544495,0.9867553114891052,1.0,6.413849353790283
980,0,4,-2.1570427417755127,-2.1570427417755127,0.14158709347248077,0.0,4.360058784484863
980,0,5,1.4322519302368164,1.4322519302368164,0.012651724740862846,0.0,6.013943672180176
980,0,6,-0.8669792413711548,-0.8669792413711548,0.012775921262800694,0.0,5.566858291625977
980,0,7,0.055701158940792084,0.055701158940792084,0.01281561516225338,0.0,6.393987655639648
980,0,8,-1.2460373640060425,-1.2460373640060425,0.10569583624601364,0.0,4.8523783683776855
980,0,9,1.3533486127853394,-0.6466513872146606,0.9848447442054749,1.0,5.8876051902771
980,0,10,-1.1293011903762817,-1.1293011903762817,0.014468397945165634,0.0,6.041173458099365
980,0,11,-1.024217963218689,-1.024217963218689,0.013544317334890366,0.0,6.427576541900635
980,0,12,-1.029539942741394,-1.029539942741394,0.0,0.0,6.17674446105957
980,0,13,1.2561016082763672,-0.7438984513282776,0.9774469137191772,1.0,5.911240577697754
980,0,14,-1.0439866781234741,-1.0439866781234741,0.013165431097149849,0.0,5.2084174156188965
980,0,15,-1.1712669134140015,-1.1712669134140015,0.012894470244646072,0.0,6.348183631896973
980,0,16,0.47524121403694153,0.47524121403694153,0.014477688819169998,0.0,6.122149467468262
980,0,17,-0.2768672704696655,-0.2768672704696655,0.0,0.0,6.056852340698242
980,0,18,-0.5776969790458679,-0.5776969790458679,0.013436367735266685,0.0,5.9049577713012695
980,0,19,0.41251227259635925,0.41251227259635925,0.012372861616313457,0.0,6.337742805480957
980,1,0,0.5207068920135498,0.5207068920135498,0.01203537080436945,0.0,6.375967502593994
980,1,1,1.6937789916992188,-0.30622100830078125,0.8844043612480164,1.0,7.00051212310791
980,1,2,-0.3977692127227783,-0.3977692127227783,0.013541177846491337,0.0,6.528475761413574
980,1,3,0.7404295802116394,0.7404295802116394,0.013223194517195225,0.0,5.92031192779541
980,1,4,0.27637436985969543,0.27637436985969543,0.012126303277909756,0.0,6.305124759674072
980,1,5,-0.4894222319126129,-0.4894222319126129,0.01340901292860508,0.0,5.191748142242432
980,1,6,2.6779401302337646,0.6779401302337646,0.9818591475486755,1.0,6.081988334655762
980,1,7,-1.1114318370819092,-1.1114318370819092,0.012725931592285633,0.0,6.201109886169434
980,1,8,1.8507195711135864,-0.1492803990840912,0.9840191602706909,1.0,5.036068439483643
980,1,9,-0.3071589171886444,-0.3071589171886444,0.013312227092683315,0.0,5.655411720275879
980,1,10,-1.2730375528335571,-1.2730375528335571,0.0,0.0,5.744593620300293
980,1,11,2.5376522541046143,0.5376521944999695,0.9850768446922302,1.0,5.751341342926025
980,1,12,-0.04212183132767677,-0.04212183132767677,0.01339197438210249,0.0,5.9350175857543945
980,1,13,0.2720218896865845,0.2720218896865845,0.014050780795514584,0.0,6.088185787200928
980,1,14,-1.6243482828140259,-1.6243482828140259,0.013568548485636711,0.0,6.650172710418701
980,1,15,-0.7748494148254395,-0.7748494148254395,0.016191452741622925,0.0,4.821986675262451
980,1,16,-0.03486693650484085,-0.03486693650484085,0.013324959203600883,0.0,7.100345134735107
980,1,17,0.25574928522109985,0.25574928522109985,0.013509398326277733,0.0,6.809831619262695
980,1,18,0.2980942726135254,0.2980942726135254,0.01391178835183382,0.0,4.851164817810059
980,1,19,-0.14007170498371124,-0.14007170498371124,0.012890319339931011,0.0,6.086228370666504
980,2,0,0.060785356909036636,0.060785356909036636,0.013652057386934757,0.0,6.691917896270752
980,2,1,0.15429364144802094,0.15429364144802094,0.01263138186186552,0.0,5.5372819900512695
980,2,2,0.02895629219710827,0.02895629219710827,0.01262532826513052,0.0,6.051205158233643
980,2,3,-0.8746237754821777,-0.8746237754821777,0.013584660366177559,0.0,6.716672897338867
980,2,4,-0.1853826493024826,-0.1853826493024826,0.013188260607421398,0.0,5.661914348602295
980,2,5,-0.364324688911438,-0.364324688911438,0.013550289906561375,0.0,6.28233528137207
980,2,6,-0.3836299479007721,-0.3836299479007721,0.015191616490483284,0.0,6.5159101486206055
980,2,7,-1.3522310256958008,-1.3522310256958008,0.016312697902321815,0.0,5.259625434875488
980,2,8,-0.37801802158355713,-0.37801802158355713,0.01473601907491684,0.0,4.966534614562988
980,2,9,-0.05164285749197006,-0.05164285749197006,0.013278697617352009,0.0,6.0193400382995605
980,2,10,0.03202565759420395,0.03202565759420395,0.01429635938256979,0.0,6.316767692565918
980,2,11,0.2142229527235031,0.2142229527235031,0.013828892260789871,0.0,6.799393653869629
980,2,12,-0.26931026577949524,-0.26931026577949524,0.014368223026394844,0.0,6.2163519859313965
980,2,13,-0.006112112198024988,-0.006112112198024988,0.013005289249122143,0.0,5.759294033050537
980,2,14,0.7201202511787415,0.7201202511787415,0.012483508326113224,0.0,5.977355003356934
980,2,15,1.8855133056640625,-0.11448673903942108,0.9504689574241638,1.0,5.623388767242432
980,2,16,0.16407263278961182,0.16407263278961182,0.013453071936964989,0.0,5.7252702713012695
980,2,17,2.2305636405944824,0.23056361079216003,0.9870615601539612,1.0,5.612288475036621
980,2,18,0.10343963652849197,0.10343963652849197,0.014793231151998043,0.0,6.202122688293457
980,2,19,0.38267019391059875,0.38267019391059875,0.01342443935573101,0.0,5.616234302520752
980,3,0,0.241022527217865,0.241022527217865,0.015182152390480042,0.0,5.641690254211426
980,3,1,-0.2117781788110733,-0.2117781788110733,0.017827436327934265,0.0,6.212409019470215
980,3,2,2.3981735706329346,0.39817357063293457,0.9651100039482117,1.0,6.610690116882324
980,3,3,-0.8059394359588623,-0.8059394359588623,0.012890397571027279,0.0,5.232797622680664
980,3,4,-0.2855257987976074,-0.2855257987976074,0.013890807516872883,0.0,6.8031086921691895
980,3,5,2.535984516143799,0.5359846353530884,0.9731185436248779,1.0,6.764129161834717
980,3,6,-0.4527973234653473,-0.4527973234653473,0.01855255477130413,0.0,6.25414514541626
980,3,7,-0.7896856069564819,-0.7896856069564819,0.015646595507860184,0.0,6.940610885620117
980,3,8,2.141552686691284,0.14155276119709015,0.9784560203552246,1.0,5.479698181152344
980,3,9,-0.26949355006217957,-0.26949355006217957,0.014976346865296364,0.0,5.9713454246521
980,3,10,0.0970231145620346,0.0970231145620346,0.012902144342660904,0.0,5.39249324798584
980,3,11,-0.09072884172201157,-0.09072884172201157,0.014500198885798454,0.0,5.922608375549316
980,3,12,2.8090157508850098,0.8090156316757202,0.9861499667167664,1.0,5.439114570617676
980,3,13,-0.3673488199710846,-0.3673488199710846,0.013688157312572002,0.0,5.146685600280762
980,3,14,0.008622443303465843,0.008622443303465843,0.012522241100668907,0.0,6.707981586456299
980,3,15,0.054986875504255295,0.054986875504255295,0.01341560110449791,0.0,6.479981899261475
980,3,16,1.7092477083206177,-0.2907523214817047,0.9013096690177917,1.0,5.523049354553223
980,3,17,2.032641649246216,0.032641567289829254,0.9861308932304382,1.0,7.138967037200928
980,3,18,1.1381025314331055,-0.8618975281715393,0.9533610939979553,1.0,7.489286422729492
980,3,19,1.8423336744308472,-0.15766632556915283,0.98553466796875,1.0,8.012388229370117
980,4,0,-0.6035280823707581,-0.6035280823707581,0.024665983393788338,0.0,5.404988765716553
980,4,1,0.3315950930118561,0.3315950930118561,0.01261654682457447,0.0,5.8614397048950195
980,4,2,-0.4917788803577423,-0.4917788803577423,0.012612437829375267,0.0,6.655406475067139
980,4,3,-0.02502255327999592,-0.02502255327999592,0.01573794335126877,0.0,5.568212032318115
980,4,4,-0.5228523015975952,-0.5228523015975952,0.016669314354658127,0.0,4.776091575622559
980,4,5,0.362551748752594,0.362551748752594,0.014023522846400738,0.0,6.256730556488037
980,4,6,-1.004547119140625,-1.004547119140625,0.013541578315198421,0.0,4.508866310119629
980,4,7,-0.5598231554031372,-0.5598231554031372,0.01586977019906044,0.0,5.915406227111816
980,4,8,1.0293540954589844,1.0293540954589844,0.012884605675935745,0.0,5.968965530395508
980,4,9,-0.22451820969581604,-0.22451820969581604,0.021050482988357544,0.0,6.463482856750488
980,4,10,0.054502204060554504,0.054502204060554504,0.013260690495371819,0.0,5.920589447021484
980,4,11,0.6160421967506409,0.6160421967506409,0.01425642054527998,0.0,4.678553104400635
980,4,12,2.019437074661255,0.019437190145254135,0.9852682948112488,1.0,7.472307205200195
980,4,13,-0.13565419614315033,-0.13565419614315033,0.0,0.0,6.942892074584961
980,4,14,-0.43955644965171814,-0.43955644965171814,0.01504228264093399,0.0,6.19766092300415
980,4,15,1.8818793296813965,-0.11812062561511993,0.9858226180076599,1.0,7.390824794769287
980,4,16,-0.0629383847117424,-0.0629383847117424,0.013358717784285545,0.0,6.1502861976623535
980,4,17,3.0118207931518555,1.0118207931518555,0.9865685701370239,1.0,6.4013471603393555
980,4,18,1.5528843402862549,-0.44711562991142273,0.9749497175216675,1.0,6.494140148162842
980,4,19,0.09706176072359085,0.09706176072359085,0.016780296340584755,0.0,5.884284019470215
960,0,0,2.2811596393585205,0.28115957975387573,0.9800958633422852,1.0,7.112310409545898
960,0,1,0.09235776960849762,0.09235776960849762,0.012619695626199245,0.0,6.313357830047607
960,0,2,-0.1341155618429184,-0.1341155618429184,0.012317836284637451,0.0,6.195179462432861
960,0,3,-2.136136531829834,-2.136136531829834,0.017881251871585846,0.0,6.265982627868652
960,0,4,0.03968295827507973,0.03968295827507973,0.01391648780554533,0.0,5.959305286407471
960,0,5,0.37195995450019836,0.37195995450019836,0.014262370765209198,0.0,6.680633544921875
960,0,6,0.5427794456481934,0.5427794456481934,0.012255015783011913,0.0,5.969512939453125
960,0,7,-0.44089818000793457,-0.44089818000793457,0.014831739477813244,0.0,5.120163917541504
960,0,8,-1.5165865421295166,-1.5165865421295166,0.031610723584890366,0.0,6.077798843383789
960,0,9,-0.15604901313781738,-0.15604901313781738,0.013272152282297611,0.0,5.9738240242004395
960,0,10,-0.827557384967804,-0.827557384967804,0.012782514095306396,0.0,6.063966274261475
960,0,11,0.6061315536499023,-1.3938684463500977,0.9847591519355774,1.0,4.9628119468688965
960,0,12,-0.9110819697380066,-0.9110819697380066,0.013911677524447441,0.0,5.246748924255371
960,0,13,-0.9591329097747803,-0.9591329097747803,0.016490301117300987,0.0,6.091224193572998
960,0,14,-0.29833218455314636,-0.29833218455314636,0.012936684302985668,0.0,5.178079128265381
960,0,15,0.30532950162887573,0.30532950162887573,0.012985631823539734,0.0,6.224008083343506
960,0,16,0.5359175801277161,0.5359175801277161,0.01597183756530285,0.0,7.148595809936523
960,0,17,-0.8542115688323975,-0.8542115688323975,0.014725175686180592,0.0,5.114358901977539
960,0,18,-0.7963703870773315,-0.7963703870773315,0.0,0.0,5.813281059265137
960,0,19,-0.6844594478607178,-0.6844594478607178,0.013343391008675098,0.0,5.83063268661499
960,1,0,-1.577953815460205,-1.577953815460205,0.013326043263077736,0.0,6.57667875289917
960,1,1,-0.020466430112719536,-0.020466430112719536,0.013409771956503391,0.0,4.643302917480469
960,1,2,0.5906063318252563,0.5906063318252563,0.012489935383200645,0.0,7.131899356842041
960,1,3,-0.2070842832326889,-0.2070842832326889,0.01663857139647007,0.0,6.427729606628418
960,1,4,0.6278157234191895,0.6278157234191895,0.013459053821861744,0.0,6.439870834350586
960,1,5,0.2387620210647583,0.2387620210647583,0.0,0.0,6.281974792480469
960,1,6,0.697702944278717,0.697702944278717,0.014438770711421967,0.0,5.7886962890625
960,1,7,0.4384329915046692,0.4384329915046692,0.01274438388645649,0.0,5.667461395263672
960,1,8,0.7020723819732666,0.7020723819732666,0.012780251912772655,0.0,6.038806915283203
960,1,9,1.898415446281433,-0.10158457607030869,0.9849558472633362,1.0,6.67255973815918
960,1,10,2.8536903858184814,0.8536904454231262,0.9838874936103821,1.0,6.858213424682617
960,1,11,0.1050548404455185,0.1050548404455185,0.013230638578534126,0.0,6.427986145019531
960,1,12,0.4771007001399994,0.4771007001399994,0.013094641268253326,0.0,6.3084917068481445
960,1,13,0.3140207827091217,0.3140207827091217,0.012811235152184963,0.0,5.510372161865234
960,1,14,-0.8448445200920105,-0.8448445200920105,0.0,0.0,6.06062126159668
960,1,15,2.980522632598877,0.9805227518081665,0.9827380776405334,1.0,5.8280558586120605
960,1,16,-0.13426809012889862,-0.13426809012889862,0.014276636764407158,0.0,5.644160270690918
960,1,17,0.093968465924263,0.093968465924263,0.01265295222401619,0.0,6.88010311126709
960,1,18,-0.13111570477485657,-0.13111570477485657,0.012079142034053802,0.0,5.804741859436035
960,1,19,-0.27679240703582764,-0.27679240703582764,0.012505041435360909,0.0,5.986915588378906
960,2,0,0.10152798146009445,0.10152798146009445,0.014766942709684372,0.0,5.445303916931152
960,2,1,-0.5114715695381165,-0.5114715695381165,0.012982357293367386,0.0,6.165261268615723
960,2,2,3.3126518726348877,1.3126518726348877,0.9858036041259766,1.0,6.4778218269348145
960,2,3,0.3315385580062866,0.3315385580062866,0.013919063843786716,0.0,6.916000843048096
960,2,4,-0.4034409523010254,-0.4034409523010254,0.013592970557510853,0.0,5.6097259521484375
960,2,5,-0.10322178900241852,-0.10322178900241852,0.013386271893978119,0.0,5.731563568115234
960,2,6,-0.29980799555778503,-0.29980799555778503,0.017682678997516632,0.0,7.306506156921387
960,2,7,0.4543057680130005,0.4543057680130005,0.013146759942173958,0.0,5.643981456756592
960,2,8,-1.1487544775009155,-1.1487544775009155,0.01454615592956543,0.0,5.62248420715332
960,2,9,0.08885462582111359,0.08885462582111359,0.016367770731449127,0.0,5.188023567199707
960,2,10,-0.44753947854042053,-0.44753947854042053,0.017840906977653503,0.0,5.207640647888184
960,2,11,2.634659767150879,0.6346598863601685,0.9824891090393066,1.0,4.522709846496582
960,2,12,-0.457143098115921,-0.457143098115921,0.013429176062345505,0.0,6.194676399230957
960,2,13,0.5589062571525574,0.5589062571525574,0.012561807408928871,0.0,6.120856285095215
960,2,14,0.9696152806282043,0.9696152806282043,0.012537593021988869,0.0,5.506131649017334
960,2,15,2.6224303245544434,0.6224303245544434,0.9841294288635254,1.0,6.876646041870117
960,2,16,1.3167519569396973,-0.6832481026649475,0.9785823822021484,1.0,6.4267473220825195
960,2,17,0.6120355129241943,0.6120355129241943,0.013140103779733181,0.0,5.944247722625732
960,2,18,-0.3945049047470093,-0.3945049047470093,0.19062764942646027,0.0,5.39189338684082
960,2,19,0.033724624663591385,0.033724624663591385,0.012362782843410969,0.0,5.652111053466797
960,3,0,0.03586425259709358,0.03586425259709358,0.013166869059205055,0.0,5.238618850708008
960,3,1,0.05769012123346329,0.05769012123346329,0.013053327798843384,0.0,6.933084487915039
960,3,2,-0.35197171568870544,-0.35197171568870544,0.01267035212367773,0.0,6.115026473999023
960,3,3,0.015932932496070862,0.015932932496070862,0.014111397787928581,0.0,6.359464645385742
960,3,4,0.4530450701713562,0.4530450701713562,0.012882724404335022,0.0,6.993675231933594
960,3,5,-0.9699015021324158,-0.9699015021324158,0.012560265138745308,0.0,4.921075344085693
960,3,6,-0.08558569103479385,-0.08558569103479385,0.012840524315834045,0.0,6.473827362060547
960,3,7,2.7035393714904785,0.7035393118858337,0.9851446151733398,1.0,6.700379371643066
960,3,8,1.9945623874664307,-0.005437555257230997,0.9848850965499878,1.0,5.310489177703857
960,3,9,0.21792738139629364,0.21792738139629364,0.015435969457030296,0.0,7.253028869628906
960,3,10,-0.7206646800041199,-0.7206646800041199,0.02252374403178692,0.0,6.583498954772949
960,3,11,-0.011960042640566826,-0.011960042640566826,0.012788255698978901,0.0,5.731619358062744
960,3,12,-0.1035669669508934,-0.1035669669508934,0.01319682877510786,0.0,6.223344802856445
960,3,13,2.767033338546753,0.7670333981513977,0.9824751019477844,1.0,6.705722332000732
960,3,14,0.6622035503387451,0.6622035503387451,0.013256424106657505,0.0,6.379847526550293
960,3,15,1.315920114517212,-0.6840798258781433,0.9814316034317017,1.0,6.190389633178711
960,3,16,-0.3929238021373749,-0.3929238021373749,0.014690023846924305,0.0,6.1724677085876465
960,3,17,-0.258170485496521,-0.258170485496521,0.014376259408891201,0.0,6.111882209777832
960,3,18,0.11078590899705887,0.11078590899705887,0.013039070181548595,0.0,7.075294494628906
960,3,19,0.29984748363494873,0.29984748363494873,0.01437158603221178,0.0,6.371511459350586
960,4,0,1.7985222339630127,-0.2014777511358261,0.9855449795722961,1.0,5.9546895027160645
960,4,1,0.13690057396888733,0.13690057396888733,0.013086712919175625,0.0,6.896604537963867
960,4,2,-0.08346971869468689,-0.08346971869468689,0.01314651221036911,0.0,5.067700386047363
960,4,3,-0.14786222577095032,-0.14786222577095032,0.06778328120708466,0.0,5.679305076599121
960,4,4,1.6653715372085571,-0.3346284329891205,0.9722768068313599,1.0,5.461572647094727
960,4,5,1.3374736309051514,-0.6625264286994934,0.9747995138168335,1.0,6.091605186462402
960,4,6,0.46192681789398193,0.46192681789398193,0.012259635142982006,0.0,6.510290145874023
960,4,7,-0.2319238930940628,-0.2319238930940628,0.01360391266644001,0.0,5.344993591308594
960,4,8,0.2497771978378296,0.2497771978378296,0.011651390232145786,0.0,7.508199691772461
960,4,9,3.0608668327331543,1.0608669519424438,0.9870513677597046,1.0,5.414447784423828
960,4,10,-0.7713375687599182,-0.7713375687599182,0.014226097613573074,0.0,6.16611385345459
960,4,11,1.8179571628570557,-0.1820428967475891,0.9859762191772461,1.0,6.1867876052856445
960,4,12,0.2418028712272644,0.2418028712272644,0.012617171742022038,0.0,5.940925598144531
960,4,13,-0.641930103302002,-0.641930103302002,0.01865975558757782,0.0,4.63596773147583
960,4,14,-0.6909737586975098,-0.6909737586975098,0.013338872231543064,0.0,6.565987586975098
960,4,15,2.1051950454711914,0.10519497841596603,0.953477144241333,1.0,4.753676891326904
960,4,16,0.5401092171669006,0.5401092171669006,0.012691708281636238,0.0,5.637240409851074
960,4,17,1.8686710596084595,-0.13132897019386292,0.9829862713813782,1.0,6.310093879699707
960,4,18,-1.4505785703659058,-1.4505785703659058,0.012256401591002941,0.0,6.321877479553223
960,4,19,2.9730565547943115,0.9730566143989563,0.9824742674827576,1.0,7.786771774291992
940,0,0,2.053988456726074,0.05398847907781601,0.9844224452972412,1.0,5.454484939575195
940,0,1,-0.9007081389427185,-0.9007081389427185,0.014689886011183262,0.0,5.261814117431641
940,0,2,2.734783887863159,0.7347838878631592,0.9856298565864563,1.0,7.545949459075928
940,0,3,-0.3061496317386627,-0.3061496317386627,0.015263442881405354,0.0,4.992957592010498
940,0,4,-0.5407049655914307,-0.5407049655914307,0.01344980113208294,0.0,5.800395965576172
940,0,5,0.5997447967529297,-1.4002552032470703,0.9809305667877197,1.0,5.9510297775268555
940,0,6,-0.9090446829795837,-0.9090446829795837,0.01507146842777729,0.0,6.4313578605651855
940,0,7,0.1852542906999588,0.1852542906999588,0.014610884711146355,0.0,6.355027198791504
940,0,8,-0.055607303977012634,-0.055607303977012634,0.013370451517403126,0.0,5.041741847991943
940,0,9,0.20913635194301605,0.20913635194301605,0.02100757323205471,0.0,5.945019721984863
940,0,10,2.4755735397338867,0.47557348012924194,0.9861186742782593,1.0,6.699693202972412
940,0,11,2.400357723236084,0.4003576338291168,0.9868864417076111,1.0,7.447971343994141
940,0,12,-0.22804434597492218,-0.22804434597492218,0.014255816116929054,0.0,6.796666622161865
940,0,13,0.30043432116508484,0.30043432116508484,0.012971845455467701,0.0,5.339519023895264
940,0,14,1.4697321653366089,-0.5302678346633911,0.9820491671562195,1.0,6.104259490966797
940,0,15,-0.342864453792572,-0.342864453792572,0.013927693478763103,0.0,6.204229354858398
940,0,16,-0.9890815615653992,-0.9890815615653992,0.01558808982372284,0.0,5.916493892669678
940,0,17,0.23385809361934662,0.23385809361934662,0.018893912434577942,0.0,6.629035949707031
940,0,18,0.4021087884902954,-1.5978912115097046,0.9678263664245605,1.0,4.3668670654296875
940,0,19,-1.0719332695007324,-1.0719332695007324,0.015351382084190845,0.0,4.411600112915039
940,1,0,-0.39521095156669617,-0.39521095156669617,0.012264127843081951,0.0,6.327542781829834
940,1,1,-0.5856735110282898,-0.5856735110282898,0.04380067437887192,0.0,5.052231311798096
940,1,2,0.6179229617118835,0.6179229617118835,0.012270010076463223,0.0,5.949831008911133
940,1,3,-0.8693951964378357,-0.8693951964378357,0.017160503193736076,0.0,5.420403480529785
940,1,4,-0.42883992195129395,-0.42883992195129395,0.012831066735088825,0.0,6.6087188720703125
940,1,5,2.002962112426758,0.0029622081201523542,0.9803320169448853,1.0,6.150349140167236
940,1,6,-0.1692955642938614,-0.1692955642938614,0.012526905164122581,0.0,5.509002685546875
940,1,7,-0.44558340311050415,-0.44558340311050415,0.014691176824271679,0.0,6.115626811981201
940,1,8,1.6379553079605103,-0.36204466223716736,0.9842377305030823,1.0,6.208871364593506
940,1,9,-0.6408636569976807,-0.6408636569976807,0.012118776328861713,0.0,6.2018303871154785
940,1,10,1.1992127895355225,1.1992127895355225,0.033494219183921814,0.0,5.719143390655518
940,1,11,-0.11222904920578003,-0.11222904920578003,0.023101840168237686,0.0,5.554083824157715
940,1,12,0.19794896245002747,0.19794896245002747,0.012280103750526905,0.0,5.764595031738281
940,1,13,-1.2324448823928833,-1.2324448823928833,0.012332789599895477,0.0,5.3054423332214355
940,1,14,0.7563855051994324,0.7563855051994324,0.012372744269669056,0.0,5.888996124267578
940,1,15,-0.05411015823483467,-0.05411015823483467,0.012879887595772743,0.0,7.038444519042969
940,1,16,-0.7172141075134277,-0.7172141075134277,0.013559757731854916,0.0,7.251347541809082
940,1,17,2.110560417175293,0.110560342669487,0.9130423665046692,1.0,6.999325752258301
940,1,18,-0.1348254233598709,-0.1348254233598709,0.012674583122134209,0.0,5.712577819824219
940,1,19,0.1719735562801361,0.1719735562801361,0.014537991024553776,0.0,6.741140365600586
940,2,0,2.906968116760254,0.9069681763648987,0.9838797450065613,1.0,6.351104736328125
940,2,1,0.48878657817840576,0.48878657817840576,0.013854731805622578,0.0,6.293459415435791
940,2,2,2.1855554580688477,0.18555554747581482,0.9856261610984802,1.0,5.531728744506836
940,2,3,0.31302836537361145,0.31302836537361145,0.013928321190178394,0.0,5.382537364959717
940,2,4,0.34194210171699524,0.34194210171699524,0.013161106035113335,0.0,5.944484233856201
940,2,5,2.5507826805114746,0.5507827401161194,0.9845644235610962,1.0,6.468418121337891
940,2,6,0.17165885865688324,0.17165885865688324,0.019131582230329514,0.0,5.639160633087158
940,2,7,-0.16586774587631226,-0.16586774587631226,0.013096915557980537,0.0,5.8173112869262695
940,2,8,0.3160564601421356,0.3160564601421356,0.014420718885958195,0.0,6.397857666015625
940,2,9,0.42747730016708374,0.42747730016708374,0.013291547074913979,0.0,7.116308212280273
940,2,10,-0.8644663095474243,-0.8644663095474243,0.015428933314979076,0.0,6.165839195251465
940,2,11,0.3386942446231842,0.3386942446231842,0.015328801237046719,0.0,6.341089248657227
940,2,12,2.1039154529571533,0.1039155125617981,0.9863741397857666,1.0,5.995239734649658
940,2,13,0.2749408185482025,0.2749408185482025,0.014417017810046673,0.0,5.12065315246582
940,2,14,1.9152135848999023,-0.08478637784719467,0.9813808798789978,1.0,6.991788864135742
940,2,15,0.09031399339437485,0.09031399339437485,0.03911524638533592,0.0,5.852779388427734
940,2,16,0.41183146834373474,0.41183146834373474,0.01256866380572319,0.0,5.264759063720703
940,2,17,-0.3628278076648712,-0.3628278076648712,0.016141638159751892,0.0,5.810553550720215
940,2,18,-0.6756674647331238,-0.6756674647331238,0.014674129895865917,0.0,5.3952226638793945
940,2,19,-0.13264694809913635,-0.13264694809913635,0.012730064801871777,0.0,5.812966346740723
940,3,0,0.47794613242149353,0.47794613242149353,0.013061241246759892,0.0,6.08711051940918
940,3,1,0.9844813346862793,0.9844813346862793,0.017409436404705048,0.0,5.928204536437988
940,3,2,-0.6402397751808167,-0.6402397751808167,0.013451002538204193,0.0,6.457785129547119
940,3,3,-0.5282667875289917,-0.5282667875289917,0.013038652949035168,0.0,5.523530960083008
940,3,4,-1.7406089305877686,-1.7406089305877686,0.017799369990825653,0.0,5.3904314041137695
940,3,5,2.060565233230591,0.060565173625946045,0.9792981147766113,1.0,6.61022424697876
940,3,6,-0.9066104888916016,-0.9066104888916016,0.014945379458367825,0.0,5.788378715515137
940,3,7,0.915195643901825,0.915195643901825,0.012420288287103176,0.0,5.125754356384277
940,3,8,0.2065476030111313,0.2065476030111313,0.013128496706485748,0.0,6.270397186279297
940,3,9,0.025126149877905846,0.025126149877905846,0.01649429276585579,0.0,5.648200035095215
940,3,10,0.3399837613105774,0.3399837613105774,0.01278156228363514,0.0,5.6038818359375
940,3,11,0.6066049933433533,0.6066049933433533,0.012891764752566814,0.0,6.394760608673096
940,3,12,1.9399914741516113,-0.06000848859548569,0.9834104180335999,1.0,6.169417381286621
940,3,13,-0.345422625541687,-0.345422625541687,0.01287780236452818,0.0,4.715074062347412
940,3,14,0.37587404251098633,0.37587404251098633,0.012837216258049011,0.0,6.490472793579102
940,3,15,-0.8833411335945129,-0.8833411335945129,0.013274523429572582,0.0,6.344636917114258
940,3,16,-0.08237312734127045,-0.08237312734127045,0.013005631044507027,0.0,6.391118049621582
940,3,17,-0.09503927826881409,-0.09503927826881409,0.04036153852939606,0.0,6.823269844055176
940,3,18,-0.6678870320320129,-0.6678870320320129,0.012544270604848862,0.0,5.977045059204102
940,3,19,-0.9184278845787048,-0.9184278845787048,0.013658390380442142,0.0,5.790956020355225
940,4,0,0.4489614963531494,0.4489614963531494,0.020451592281460762,0.0,6.693660736083984
940,4,1,-0.006780093535780907,-0.006780093535780907,0.013104468584060669,0.0,6.552190780639648
940,4,2,0.3965805172920227,0.3965805172920227,0.01447355467826128,0.0,6.309531211853027
940,4,3,-1.1398911476135254,-1.1398911476135254,0.01325986161828041,0.0,6.232377052307129
940,4,4,0.1982199251651764,0.1982199251651764,0.014587937854230404,0.0,5.215397357940674
940,4,5,2.1844677925109863,0.18446791172027588,0.9869258403778076,1.0,5.337265968322754
940,4,6,2.0250000953674316,0.025000058114528656,0.9495945572853088,1.0,5.961574554443359
940,4,7,0.3868311643600464,-1.6131688356399536,0.9834575653076172,1.0,5.057758331298828
940,4,8,0.23432022333145142,0.23432022333145142,0.013962360098958015,0.0,6.227241516113281
940,4,9,-0.5037716627120972,-0.5037716627120972,0.013090137392282486,0.0,6.716320991516113
940,4,10,0.10325600951910019,0.10325600951910019,0.021808059886097908,0.0,6.059701442718506
940,4,11,1.728058099746704,-0.2719418704509735,0.9849980473518372,1.0,6.269268035888672
940,4,12,0.7333844900131226,-1.2666155099868774,0.9850395917892456,1.0,6.417364597320557
940,4,13,0.20464885234832764,0.20464885234832764,0.013158401474356651,0.0,5.885556221008301
940,4,14,2.123932361602783,0.12393242865800858,0.9848515391349792,1.0,6.370065212249756
940,4,15,2.4869163036346436,0.48691636323928833,0.9859927296638489,1.0,5.920733451843262
940,4,16,0.3780635893344879,0.3780635893344879,0.012871590442955494,0.0,6.520233154296875
940,4,17,-1.3413872718811035,-1.3413872718811035,0.08664025366306305,0.0,5.778685092926025
940,4,18,-0.4217100739479065,-0.4217100739479065,0.01253234501928091,0.0,5.75931453704834
940,4,19,-0.9534375667572021,-0.9534375667572021,0.013347860425710678,0.0,5.669609069824219
920,0,0,1.3945512771606445,-0.6054487228393555,0.9837679266929626,1.0,6.059250354766846
920,0,1,0.2668900787830353,0.2668900787830353,0.07414498180150986,0.0,6.772870063781738
920,0,2,-0.6194964051246643,-0.6194964051246643,0.014642149209976196,0.0,5.274496078491211
920,0,3,1.3342065811157227,-0.6657933592796326,0.9867591261863708,1.0,5.889792442321777
920,0,4,1.9512571096420288,-0.04874292388558388,0.9852195978164673,1.0,5.559122085571289
920,0,5,-0.16525870561599731,-0.16525870561599731,0.015791354700922966,0.0,5.926262378692627
920,0,6,2.940857410430908,0.940857470035553,0.9852069020271301,1.0,6.299171447753906
920,0,7,1.8549575805664062,-0.14504240453243256,0.9843646883964539,1.0,7.072458267211914
920,0,8,-0.1354723423719406,-0.1354723423719406,0.014286191202700138,0.0,6.244039535522461
920,0,9,-0.3500610888004303,-0.3500610888004303,0.017873229458928108,0.0,4.897107124328613
920,0,10,-0.6623170375823975,-0.6623170375823975,0.016519242897629738,0.0,6.31026554107666
920,0,11,2.0670166015625,0.06701669842004776,0.9872193336486816,1.0,6.287941932678223
920,0,12,2.4466917514801025,0.44669172167778015,0.9836433529853821,1.0,6.899825096130371
920,0,13,-0.2481008917093277,-0.2481008917093277,0.013802656903862953,0.0,6.29312801361084
920,0,14,-0.10468095541000366,-0.10468095541000366,0.035191163420677185,0.0,6.635298252105713
920,0,15,1.240775227546692,-0.7592247724533081,0.9798001646995544,1.0,7.262308597564697
920,0,16,0.09864987432956696,0.09864987432956696,0.014462444931268692,0.0,6.405827045440674
920,0,17,1.7865782976150513,-0.21342168748378754,0.9773781299591064,1.0,4.707031726837158
920,0,18,0.14956925809383392,0.14956925809383392,0.013452166691422462,0.0,6.631865501403809
920,0,19,2.081768751144409,0.08176881819963455,0.9856130480766296,1.0,5.464728832244873
920,1,0,-0.16388235986232758,-0.16388235986232758,0.014409222640097141,0.0,6.322142124176025
920,1,1,0.3223573863506317,0.3223573863506317,0.0,0.0,6.335666656494141
920,1,2,0.042218439280986786,0.042218439280986786,0.012774824164807796,0.0,6.382143974304199
920,1,3,-0.6007785201072693,-0.6007785201072693,0.013572309166193008,0.0,6.331495761871338
920,1,4,0.1396384835243225,0.1396384835243225,0.013152601197361946,0.0,4.9763689041137695
920,1,5,-0.20275291800498962,-0.20275291800498962,0.012416783720254898,0.0,6.7927165031433105
920,1,6,-1.8535120487213135,-1.8535120487213135,0.017555173486471176,0.0,4.283042907714844
920,1,7,0.3961080014705658,0.3961080014705658,0.012441677041351795,0.0,4.9687066078186035
920,1,8,-0.4896257519721985,-0.4896257519721985,0.027247406542301178,0.0,6.885461807250977
920,1,9,1.038900375366211,-0.9610996246337891,0.9655444025993347,1.0,6.528740882873535
920,1,10,-0.17940302193164825,-0.17940302193164825,0.0,0.0,5.804718971252441
920,1,11,2.2002334594726562,0.2002335488796234,0.9788239002227783,1.0,6.192073822021484
920,1,12,0.13129635155200958,0.13129635155200958,0.0152976606041193,0.0,6.19791316986084
920,1,13,2.63773250579834,0.6377326250076294,0.9826852083206177,1.0,5.192195415496826
920,1,14,-1.4751770496368408,-1.4751770496368408,0.01568775065243244,0.0,5.059329509735107
920,1,15,3.023293972015381,1.0232938528060913,0.9868252873420715,1.0,5.811573505401611
920,1,16,0.3030341565608978,0.3030341565608978,0.013938882388174534,0.0,5.440479278564453
920,1,17,0.32525327801704407,0.32525327801704407,0.014185375533998013,0.0,7.171523094177246
920,1,18,-1.0748960971832275,-1.0748960971832275,0.016889844089746475,0.0,5.21060848236084
920,1,19,-1.0868228673934937,-1.0868228673934937,0.014774631708860397,0.0,5.281306743621826
920,2,0,2.709268808364868,0.7092688679695129,0.9789080023765564,1.0,7.286734580993652
920,2,1,1.9359462261199951,-0.06405371427536011,0.9838841557502747,1.0,6.318210601806641
920,2,2,3.1413097381591797,1.1413096189498901,0.98476243019104,1.0,7.191897392272949
920,2,3,-0.29204800724983215,-0.29204800724983215,0.012365502305328846,0.0,5.592641830444336
920,2,4,0.3911048173904419,0.3911048173904419,0.013434060849249363,0.0,6.9727888107299805
920,2,5,0.011581478640437126,0.011581478640437126,0.012640709057450294,0.0,6.760140419006348
920,2,6,1.579136610031128,-0.42086344957351685,0.9851527214050293,1.0,6.312990188598633
920,2,7,0.7699453830718994,0.7699453830718994,0.0133369080722332,0.0,5.4903130531311035
920,2,8,-0.20824263989925385,-0.20824263989925385,0.012308104895055294,0.0,6.977867603302002
920,2,9,-0.5352810621261597,-0.5352810621261597,0.012482273392379284,0.0,5.515112400054932
920,2,10,1.1261526346206665,1.1261526346206665,0.013072126545011997,0.0,6.161966323852539
920,2,11,0.3219220042228699,0.3219220042228699,0.013325975276529789,0.0,6.62803840637207
920,2,12,2.8053057193756104,0.8053056597709656,0.9810633659362793,1.0,5.021452903747559
920,2,13,0.277658075094223,0.277658075094223,0.013615417294204235,0.0,5.904062271118164
920,2,14,-0.1599585860967636,-0.1599585860967636,0.01348378136754036,0.0,6.684243202209473
920,2,15,2.3869667053222656,0.38696667551994324,0.9836065769195557,1.0,5.6868157386779785
920,2,16,0.1575438231229782,0.1575438231229782,0.013665753416717052,0.0,6.7425031661987305
920,2,17,0.39623063802719116,0.39623063802719116,0.017004190012812614,0.0,6.941604137420654
920,2,18,-0.07219025492668152,-0.07219025492668152,0.013158060610294342,0.0,5.886113166809082
920,2,19,2.671052932739258,0.6710529923439026,0.9850366115570068,1.0,6.921869277954102
920,3,0,0.8488131761550903,-1.1511868238449097,0.942475438117981,1.0,5.640832424163818
920,3,1,2.309697389602661,0.3096974790096283,0.9828232526779175,1.0,6.497715950012207
920,3,2,2.1083593368530273,0.10835929960012436,0.9836210012435913,1.0,6.822602272033691
920,3,3,-0.05579017102718353,-0.05579017102718353,0.014534581452608109,0.0,5.728451251983643
920,3,4,0.14027881622314453,0.14027881622314453,0.0162214282900095,0.0,6.125066757202148
920,3,5,-0.11301092058420181,-0.11301092058420181,0.014858867041766644,0.0,5.582085609436035
920,3,6,-0.4564260244369507,-0.4564260244369507,0.013151684775948524,0.0,5.517316818237305
920,3,7,3.046773910522461,1.0467737913131714,0.9843980669975281,1.0,6.243819713592529
920,3,8,-0.5943805575370789,-0.5943805575370789,0.01778370328247547,0.0,6.043395042419434
920,3,9,0.014630324207246304,0.014630324207246304,0.013164673931896687,0.0,5.17510986328125
920,3,10,2.817070960998535,0.8170708417892456,0.9800238013267517,1.0,5.945529937744141
920,3,11,0.6604004502296448,0.6604004502296448,0.012148475274443626,0.0,6.033469200134277
920,3,12,-0.3618413805961609,-0.3618413805961609,0.013454914093017578,0.0,6.33019495010376
920,3,13,1.9689091444015503,-0.031090857461094856,0.9823405742645264,1.0,6.093166351318359
920,3,14,-0.23308983445167542,-0.23308983445167542,0.013849886134266853,0.0,6.840214729309082
920,3,15,0.291248083114624,0.291248083114624,0.013192607089877129,0.0,6.856444358825684
920,3,16,-0.45684993267059326,-0.45684993267059326,0.01285510417073965,0.0,6.475762367248535
920,3,17,-0.12669698894023895,-0.12669698894023895,0.012672791257500648,0.0,5.00806999206543
920,3,18,-0.7817914485931396,-0.7817914485931396,0.020020728930830956,0.0,6.327765464782715
920,3,19,0.9528155326843262,-1.0471844673156738,0.981751024723053,1.0,6.826447010040283
920,4,0,-0.7262794971466064,-0.7262794971466064,0.013462661765515804,0.0,6.3398118019104
920,4,1,0.6372679471969604,0.6372679471969604,0.013435723260045052,0.0,6.469986438751221
920,4,2,2.334394931793213,0.3343948423862457,0.9870376586914062,1.0,6.594281196594238
920,4,3,-0.13150320947170258,-0.13150320947170258,0.0143685732036829,0.0,6.040921211242676
920,4,4,1.5101068019866943,-0.4898931384086609,0.9833592176437378,1.0,6.05715274810791
920,4,5,2.338691234588623,0.3386912941932678,0.9850460886955261,1.0,5.895806312561035
920,4,6,2.5143110752105713,0.5143110156059265,0.986652672290802,1.0,6.144306182861328
920,4,7,0.4931905269622803,0.4931905269622803,0.012563658878207207,0.0,6.180812835693359
920,4,8,-1.1413371562957764,-1.1413371562957764,0.01324854139238596,0.0,5.293871879577637
920,4,9,1.2437028884887695,-0.7562971115112305,0.8535497188568115,1.0,6.88928747177124
920,4,10,1.2599103450775146,-0.7400896549224854,0.9640763998031616,1.0,5.842781066894531
920,4,11,1.8147857189178467,-0.18521422147750854,0.9853744506835938,1.0,7.118786811828613
920,4,12,1.369493842124939,-0.630506157875061,0.9850756525993347,1.0,6.390754699707031
920,4,13,1.305800199508667,-0.694199800491333,0.9838452339172363,1.0,6.559821605682373
920,4,14,2.163983106613159,0.1639830470085144,0.9865625500679016,1.0,6.975301742553711
920,4,15,2.2915122509002686,0.29151222109794617,0.9857197403907776,1.0,7.371560096740723
920,4,16,-0.24412894248962402,-0.24412894248962402,0.07509826868772507,0.0,5.327367782592773
920,4,17,-0.027346817776560783,-0.027346817776560783,0.017239142209291458,0.0,6.478554725646973
920,4,18,-0.6809656023979187,-0.6809656023979187,0.013194888830184937,0.0,6.416590690612793
920,4,19,1.7857489585876465,-0.21425101161003113,0.9350436925888062,1.0,7.278712272644043
900,0,0,0.7194991111755371,0.7194991111755371,0.013061757199466228,0.0,5.0364837646484375
900,0,1,2.072303056716919,0.07230308651924133,0.9852919578552246,1.0,7.191056251525879
900,0,2,-0.7829037308692932,-0.7829037308692932,0.015791283920407295,0.0,4.5706682205200195
900,0,3,1.3060102462768555,-0.6939898133277893,0.9864736795425415,1.0,6.110871315002441
900,0,4,1.8619619607925415,-0.13803806900978088,0.9858032464981079,1.0,6.915658950805664
900,0,5,2.6306653022766113,0.6306652426719666,0.9871147871017456,1.0,7.250011444091797
900,0,6,0.8621090054512024,0.8621090054512024,0.014073138125240803,0.0,4.767431735992432
900,0,7,-0.2568957507610321,-0.2568957507610321,0.025453872978687286,0.0,4.932659149169922
900,0,8,2.556399345397949,0.556399405002594,0.8711580038070679,1.0,5.375536918640137
900,0,9,2.005808115005493,0.005808188114315271,0.9858193397521973,1.0,6.513128280639648
900,0,10,0.6142024993896484,0.6142024993896484,0.014772064052522182,0.0,6.837175369262695
900,0,11,-0.5225070118904114,-0.5225070118904114,0.015653256326913834,0.0,5.693145751953125
900,0,12,2.351583480834961,0.3515836000442505,0.9839768409729004,1.0,7.008449554443359
900,0,13,1.7447456121444702,-0.2552543580532074,0.965120792388916,1.0,5.501849174499512
900,0,14,-0.4552892744541168,-0.4552892744541168,0.01514813955873251,0.0,6.481786727905273
900,0,15,1.913923978805542,-0.08607596158981323,0.9809752702713013,1.0,6.159970283508301
900,0,16,-0.6103295087814331,-0.6103295087814331,0.050124675035476685,0.0,5.473769187927246
900,0,17,-1.487618088722229,-1.487618088722229,0.012490810826420784,0.0,5.4701128005981445
900,0,18,-1.0349762439727783,-1.0349762439727783,0.012637414038181305,0.0,6.118261337280273
900,0,19,2.608003616333008,0.6080036759376526,0.9844419360160828,1.0,6.314366817474365
900,1,0,-0.06168977543711662,-0.06168977543711662,0.015250755473971367,0.0,4.3243489265441895
900,1,1,0.1325196623802185,0.1325196623802185,0.015159562230110168,0.0,5.719058990478516
900,1,2,0.8789974451065063,0.8789974451065063,0.013456717133522034,0.0,6.042222023010254
900,1,3,0.055683135986328125,0.055683135986328125,0.012478271499276161,0.0,5.8752055168151855
900,1,4,-1.0213532447814941,-1.0213532447814941,0.08137805014848709,0.0,6.827598571777344
900,1,5,0.2672620713710785,0.2672620713710785,0.013787919655442238,0.0,5.167162895202637
900,1,6,2.654113292694092,0.654113233089447,0.9797208309173584,1.0,7.28292179107666
900,1,7,-0.1867114156484604,-0.1867114156484604,0.012411775067448616,0.0,5.218840599060059
900,1,8,0.3521329462528229,0.3521329462528229,0.012571736238896847,0.0,6.290309906005859
900,1,9,-0.7887642979621887,-0.7887642979621887,0.01290809828788042,0.0,7.117463111877441
900,1,10,0.1784907430410385,0.1784907430410385,0.02160179242491722,0.0,6.197317600250244
900,1,11,-0.9685032963752747,-0.9685032963752747,0.013372695073485374,0.0,6.115312576293945
900,1,12,2.5332539081573486,0.5332539081573486,0.9865977764129639,1.0,7.045705318450928
900,1,13,-1.297720193862915,-1.297720193862915,0.015879184007644653,0.0,4.659397602081299
900,1,14,-0.6262654066085815,-0.6262654066085815,0.024281620979309082,0.0,5.827816009521484
900,1,15,-0.07709800451993942,-0.07709800451993942,0.015003490261733532,0.0,5.869016647338867
900,1,16,0.396924763917923,0.396924763917923,0.013469548895955086,0.0,6.523256301879883
900,1,17,-1.0734137296676636,-1.0734137296676636,0.013898608274757862,0.0,6.194912433624268
900,1,18,-0.6580259203910828,-0.6580259203910828,0.01274916622787714,0.0,5.417560577392578
900,1,19,-0.5398110151290894,-0.5398110151290894,0.01257085520774126,0.0,4.766754627227783
900,2,0,-1.12860107421875,-1.12860107421875,0.01340421475470066,0.0,6.1382670402526855
900,2,1,2.340052843093872,0.34005287289619446,0.9848795533180237,1.0,7.395543098449707
900,2,2,-0.06867850571870804,-0.06867850571870804,0.0,0.0,7.129886627197266
900,2,3,-0.6040859222412109,-0.6040859222412109,0.014347034506499767,0.0,6.224536895751953
900,2,4,0.019466405734419823,0.019466405734419823,0.017818603664636612,0.0,6.122140407562256
900,2,5,-0.020690349861979485,-0.020690349861979485,0.01264511700719595,0.0,6.158571243286133
900,2,6,-0.26765984296798706,-0.26765984296798706,0.012869676575064659,0.0,6.2524094581604
900,2,7,0.3097173273563385,0.3097173273563385,0.02601690962910652,0.0,5.660511493682861
900,2,8,-0.23980861902236938,-0.23980861902236938,0.012264277786016464,0.0,6.250335216522217
900,2,9,2.3881402015686035,0.38814032077789307,0.98309326171875,1.0,5.80329704284668
900,2,10,0.41767027974128723,0.41767027974128723,0.015894362702965736,0.0,6.102672576904297
900,2,11,-0.5420476794242859,-0.5420476794242859,0.01634758710861206,0.0,5.970879077911377
900,2,12,-0.3841618597507477,-0.3841618597507477,0.0,0.0,5.054351329803467
900,2,13,0.15055997669696808,0.15055997669696808,0.017773928120732307,0.0,6.150762557983398
900,2,14,3.275542736053467,1.2755426168441772,0.9812318682670593,1.0,6.179982662200928
900,2,15,-0.03379913419485092,-0.03379913419485092,0.013343917205929756,0.0,6.490910530090332
900,2,16,2.839951515197754,0.8399516344070435,0.9795548319816589,1.0,6.9149370193481445
900,2,17,0.05658169835805893,0.05658169835805893,0.0187403354793787,0.0,5.533044815063477
900,2,18,0.5387917757034302,0.5387917757034302,0.013252555392682552,0.0,5.269067764282227
900,2,19,3.1854445934295654,1.1854445934295654,0.9816012382507324,1.0,5.718506813049316
900,3,0,0.32479217648506165,0.32479217648506165,0.014025872573256493,0.0,5.256759166717529
900,3,1,2.316107988357544,0.3161080479621887,0.9805909991264343,1.0,6.185762882232666
900,3,2,2.134082317352295,0.13408225774765015,0.9861667156219482,1.0,6.746047496795654
900,3,3,-0.673390805721283,-0.673390805721283,0.014171585440635681,0.0,4.979456901550293
900,3,4,0.22898636758327484,0.22898636758327484,0.012647007592022419,0.0,6.200716018676758
900,3,5,0.12242768704891205,0.12242768704891205,0.013249557465314865,0.0,6.4206671714782715
900,3,6,0.17255179584026337,0.17255179584026337,0.01239418052136898,0.0,6.914041519165039
900,3,7,-0.5850961208343506,-0.5850961208343506,0.012253457680344582,0.0,6.259665012359619
900,3,8,3.2832651138305664,1.2832649946212769,0.98580002784729,1.0,6.700761795043945
900,3,9,-0.7201935052871704,-0.7201935052871704,0.01256708987057209,0.0,6.549566268920898
900,3,10,2.7718465328216553,0.7718465924263,0.984074592590332,1.0,6.434684753417969
900,3,11,2.0200650691986084,0.020065052434802055,0.9662796258926392,1.0,6.232932090759277
900,3,12,0.994992196559906,0.994992196559906,0.01335606537759304,0.0,5.27306604385376
900,3,13,0.1172415092587471,0.1172415092587471,0.012592233717441559,0.0,5.524836540222168
900,3,14,-0.7442161440849304,-0.7442161440849304,0.01445274893194437,0.0,6.761112213134766
900,3,15,0.879850447177887,0.879850447177887,0.01199664082378149,0.0,6.511619567871094
900,3,16,0.2777843773365021,0.2777843773365021,0.012656718492507935,0.0,6.257462501525879
900,3,17,0.652910053730011,0.652910053730011,0.012396691367030144,0.0,5.385440826416016
900,3,18,-0.2036837786436081,-0.2036837786436081,0.012370901182293892,0.0,5.44069766998291
900,3,19,-0.8114922642707825,-0.8114922642707825,0.018371492624282837,0.0,5.565590858459473
900,4,0,-0.49026647210121155,-0.49026647210121155,0.013283640146255493,0.0,4.86097526550293
900,4,1,-0.16053056716918945,-0.16053056716918945,0.01299782283604145,0.0,5.823564529418945
900,4,2,0.37681522965431213,0.37681522965431213,0.01279698871076107,0.0,5.411639213562012
900,4,3,-0.5629218220710754,-0.5629218220710754,0.014823492616415024,0.0,6.239498138427734
900,4,4,2.614125967025757,0.6141259670257568,0.9867886900901794,1.0,6.067708969116211
900,4,5,-0.16811153292655945,-0.16811153292655945,0.013115806505084038,0.0,5.914129257202148
900,4,6,2.105323314666748,0.10532331466674805,0.9840527772903442,1.0,5.646541595458984
900,4,7,2.7120895385742188,0.7120895981788635,0.987106204032898,1.0,5.81352424621582
900,4,8,1.9766895771026611,-0.023310376331210136,0.9839074611663818,1.0,5.819234848022461
900,4,9,-0.9083392024040222,-0.9083392024040222,0.01733156107366085,0.0,5.786286354064941
900,4,10,0.5259285569190979,0.5259285569190979,0.013827343471348286,0.0,6.0227203369140625
900,4,11,1.932657241821289,-0.06734272092580795,0.9859419465065002,1.0,6.775858402252197
900,4,12,-0.5057681202888489,-0.5057681202888489,0.0,0.0,5.547360420227051
900,4,13,1.3589890003204346,-0.6410109400749207,0.9850525259971619,1.0,5.883893966674805
900,4,14,2.6074979305267334,0.6074979305267334,0.9873707294464111,1.0,5.768368721008301
900,4,15,2.6453394889831543,0.6453393697738647,0.987984836101532,1.0,6.236323356628418
900,4,16,2.44167423248291,0.4416741132736206,0.987037181854248,1.0,5.43068790435791
900,4,17,2.011770248413086,0.011770284734666348,0.9855022430419922,1.0,7.2739434242248535
900,4,18,2.8132357597351074,0.8132358193397522,0.9870113134384155,1.0,6.5658698081970215
900,4,19,0.014505155384540558,0.014505155384540558,0.0317237488925457,0.0,6.074253559112549
880,0,0,0.4040337800979614,0.4040337800979614,0.013791069388389587,0.0,5.407744884490967
880,0,1,0.7656614780426025,-1.2343385219573975,0.9696472883224487,1.0,5.469363212585449
880,0,2,-0.00738122221082449,-0.00738122221082449,0.013534885831177235,0.0,6.038364410400391
880,0,3,0.12759970128536224,0.12759970128536224,0.012452760711312294,0.0,6.30648136138916
880,0,4,0.2838940918445587,0.2838940918445587,0.011606613174080849,0.0,5.567603588104248
880,0,5,0.06346511095762253,0.06346511095762253,0.013832814991474152,0.0,6.129708290100098
880,0,6,1.8334089517593384,-0.16659103333950043,0.9860841631889343,1.0,6.342890739440918
880,0,7,-0.3827396631240845,-0.3827396631240845,0.013503294438123703,0.0,5.408938407897949
880,0,8,-0.17551209032535553,-0.17551209032535553,0.013051902875304222,0.0,7.577256202697754
880,0,9,1.93477463722229,-0.06522536277770996,0.9742428660392761,1.0,5.636676788330078
880,0,10,-1.1859792470932007,-1.1859792470932007,0.014618265442550182,0.0,4.982161521911621
880,0,11,-1.2625086307525635,-1.2625086307525635,0.016010161489248276,0.0,5.726337432861328
880,0,12,-0.6198657751083374,-0.6198657751083374,0.013475029729306698,0.0,5.955710411071777
880,0,13,1.6804817914962769,-0.31951820850372314,0.9832045435905457,1.0,5.37312650680542
880,0,14,-0.1168699562549591,-0.1168699562549591,0.0142571572214365,0.0,6.753948211669922
880,0,15,-0.2982437014579773,-0.2982437014579773,0.012929939664900303,0.0,6.795967102050781
880,0,16,-0.5768165588378906,-0.5768165588378906,0.012799215503036976,0.0,6.088737964630127
880,0,17,2.376281499862671,0.3762815594673157,0.9445818066596985,1.0,7.497320175170898
880,0,18,1.3715593814849854,-0.6284406781196594,0.983235239982605,1.0,6.047511100769043
880,0,19,-1.7582592964172363,-1.7582592964172363,0.021090634167194366,0.0,4.451838493347168
880,1,0,-1.675405740737915,-1.675405740737915,0.012608472257852554,0.0,5.473120212554932
880,1,1,-0.4755757749080658,-0.4755757749080658,0.0135960653424263,0.0,6.448361396789551
880,1,2,0.5684150457382202,0.5684150457382202,0.012124898843467236,0.0,6.063535690307617
880,1,3,-0.7174463868141174,-0.7174463868141174,0.012673639692366123,0.0,5.399918079376221
880,1,4,-1.941694736480713,-1.941694736480713,0.01585726998746395,0.0,4.748228549957275
880,1,5,-0.4882936477661133,-0.4882936477661133,0.011876123026013374,0.0,6.779277801513672
880,1,6,2.0546786785125732,0.05467858165502548,0.9828632473945618,1.0,6.476463794708252
880,1,7,0.06933765858411789,0.06933765858411789,0.041887227445840836,0.0,6.1386027336120605
880,1,8,-1.196608304977417,-1.196608304977417,0.012857960537075996,0.0,5.875507354736328
880,1,9,0.6860380172729492,0.6860380172729492,0.013272675685584545,0.0,6.0867509841918945
880,1,10,1.0936048030853271,1.0936048030853271,0.01230036374181509,0.0,5.113278388977051
880,1,11,0.2908199727535248,0.2908199727535248,0.01276602502912283,0.0,6.232673645019531
880,1,12,0.359518438577652,0.359518438577652,0.01265883818268776,0.0,6.435187339782715
880,1,13,2.6706857681274414,0.670685887336731,0.9862090945243835,1.0,6.688229560852051
880,1,14,-0.2625483572483063,-0.2625483572483063,0.012663680128753185,0.0,5.521142482757568
880,1,15,0.4243246614933014,0.4243246614933014,0.012725217267870903,0.0,5.767509460449219
880,1,16,2.6136794090270996,0.6136794686317444,0.9844666719436646,1.0,6.555727005004883
880,1,17,-0.2544172406196594,-0.2544172406196594,0.018323151394724846,0.0,5.231388092041016
880,1,18,-0.4002225399017334,-0.4002225399017334,0.012754899449646473,0.0,5.0660881996154785
880,1,19,0.28580403327941895,0.28580403327941895,0.013000552542507648,0.0,4.797921180725098
880,2,0,-0.04862849786877632,-0.04862849786877632,0.014441254548728466,0.0,5.1249494552612305
880,2,1,-0.8627985119819641,-0.8627985119819641,0.012889301404356956,0.0,5.912605285644531
880,2,2,0.21794208884239197,0.21794208884239197,0.013151349499821663,0.0,6.262688636779785
880,2,3,0.6044150590896606,0.6044150590896606,0.017237592488527298,0.0,6.23142147064209
880,2,4,2.986339569091797,0.9863396286964417,0.9859018325805664,1.0,6.185235500335693
880,2,5,0.2997625172138214,0.2997625172138214,0.015207362361252308,0.0,6.395582675933838
880,2,6,0.887232780456543,0.887232780456543,0.0,0.0,6.463237762451172
880,2,7,-0.4637422561645508,-0.4637422561645508,0.013777301646769047,0.0,6.049358367919922
880,2,8,-0.09809649735689163,-0.09809649735689163,0.01631043292582035,0.0,6.6058454513549805
880,2,9,-0.0009935650741681457,-0.0009935650741681457,0.0172829981893301,0.0,5.466132640838623
880,2,10,-0.18635357916355133,-0.18635357916355133,0.020410334691405296,0.0,5.995989799499512
880,2,11,2.6516385078430176,0.6516385674476624,0.977181077003479,1.0,7.457643508911133
880,2,12,2.5416250228881836,0.5416249632835388,0.9712692499160767,1.0,5.337149620056152
880,2,13,-0.12494436651468277,-0.12494436651468277,0.0,0.0,6.677307605743408
880,2,14,0.22665353119373322,0.22665353119373322,0.022181540727615356,0.0,6.623551368713379
880,2,15,-0.26322683691978455,-0.26322683691978455,0.014375193044543266,0.0,6.4703474044799805
880,2,16,0.1218164712190628,0.1218164712190628,0.012807485647499561,0.0,6.446953296661377
880,2,17,0.4618562161922455,0.4618562161922455,0.014329041354358196,0.0,6.204080581665039
880,2,18,-0.16195762157440186,-0.16195762157440186,0.013098924420773983,0.0,6.367997169494629
880,2,19,2.536654472351074,0.5366543531417847,0.9851586222648621,1.0,6.0281853675842285
880,3,0,1.5963129997253418,-0.403687059879303,0.9860115051269531,1.0,6.003903865814209
880,3,1,2.2443413734436035,0.24434137344360352,0.9841841459274292,1.0,5.874541282653809
880,3,2,-0.2889365553855896,-0.2889365553855896,0.013011963106691837,0.0,5.918778419494629
880,3,3,-0.8176898956298828,-0.8176898956298828,0.014195168390870094,0.0,6.033729553222656
880,3,4,0.17233243584632874,0.17233243584632874,0.013032997958362103,0.0,6.062644004821777
880,3,5,-0.4857376515865326,-0.4857376515865326,0.024440273642539978,0.0,7.8470683097839355
880,3,6,2.332392692565918,0.3323925733566284,0.9852485060691833,1.0,6.119976997375488
880,3,7,-0.28753334283828735,-0.28753334283828735,0.012746928259730339,0.0,5.9316582679748535
880,3,8,1.82864511013031,-0.17135490477085114,0.9781674742698669,1.0,5.219913482666016
880,3,9,-0.23702602088451385,-0.23702602088451385,0.012795324437320232,0.0,7.0276288986206055
880,3,10,0.40166595578193665,0.40166595578193665,0.013775941915810108,0.0,6.105368614196777
880,3,11,-0.6041254997253418,-0.6041254997253418,0.013210196048021317,0.0,5.904209613800049
880,3,12,-0.71014803647995,-0.71014803647995,0.014782823622226715,0.0,5.404613494873047
880,3,13,1.093611478805542,-0.906388521194458,0.9766935706138611,1.0,7.136199951171875
880,3,14,0.052843671292066574,0.052843671292066574,0.012445579282939434,0.0,7.541031360626221
880,3,15,-2.1179332733154297,-2.1179332733154297,0.012858153320848942,0.0,4.643673419952393
880,3,16,-0.738756537437439,-0.738756537437439,0.03849909454584122,0.0,6.106688499450684
880,3,17,-1.2592109441757202,-1.2592109441757202,0.013188706710934639,0.0,6.485509872436523
880,3,18,-0.43009889125823975,-0.43009889125823975,0.012899825349450111,0.0,5.261826992034912
880,3,19,-0.3820086121559143,-0.3820086121559143,0.01696876622736454,0.0,7.084577560424805
880,4,0,0.015400056727230549,0.015400056727230549,0.014166624285280704,0.0,6.414859771728516
880,4,1,1.5012491941452026,-0.49875083565711975,0.9848920106887817,1.0,6.289404392242432
880,4,2,2.557168483734131,0.5571684241294861,0.9853434562683105,1.0,6.615743637084961
880,4,3,2.1569101810455322,0.15691013634204865,0.985144853591919,1.0,6.498291015625
880,4,4,1.677055835723877,-0.32294410467147827,0.9861987829208374,1.0,5.888480186462402
880,4,5,-0.03637649118900299,-0.03637649118900299,0.014940978027880192,0.0,6.477945327758789
880,4,6,0.2869640290737152,0.2869640290737152,0.012458086013793945,0.0,6.956768035888672
880,4,7,1.3087631464004517,-0.6912368535995483,0.9809195399284363,1.0,6.52069091796875
880,4,8,2.531024694442749,0.5310247540473938,0.9865334033966064,1.0,6.652218818664551
880,4,9,0.3780820369720459,0.3780820369720459,0.01788724772632122,0.0,6.9392313957214355
880,4,10,-0.18938091397285461,-0.18938091397285461,0.012951072305440903,0.0,5.821317672729492
880,4,11,-0.49036678671836853,-0.49036678671836853,0.013136092573404312,0.0,6.332327842712402
880,4,12,0.5923185348510742,0.5923185348510742,0.014069472439587116,0.0,7.117551326751709
880,4,13,0.1981022208929062,0.1981022208929062,0.013154854066669941,0.0,6.380246639251709
880,4,14,1.2132421731948853,-0.7867578268051147,0.9853876233100891,1.0,5.654224872589111
880,4,15,2.5012288093566895,0.5012286901473999,0.9809080362319946,1.0,6.700261116027832
880,4,16,2.3118345737457275,0.3118346631526947,0.9876903295516968,1.0,7.499544143676758
880,4,17,2.3280386924743652,0.32803860306739807,0.9843355417251587,1.0,6.864635467529297
880,4,18,1.6116636991500854,-0.38833633065223694,0.9816874861717224,1.0,6.241427421569824
880,4,19,0.33868011832237244,0.33868011832237244,0.015884537249803543,0.0,5.867756366729736
860,0,0,1.4672778844833374,-0.5327221155166626,0.9823692440986633,1.0,5.794323921203613
860,0,1,-0.5191004276275635,-0.5191004276275635,0.013115344569087029,0.0,6.345590114593506
860,0,2,0.5405198931694031,0.5405198931694031,0.013040456920862198,0.0,7.079911708831787
860,0,3,1.1429901123046875,-0.8570099472999573,0.9659669995307922,1.0,5.158133506774902
860,0,4,-1.348975658416748,-1.348975658416748,0.03684157133102417,0.0,5.073435306549072
860,0,5,-0.0011674172710627317,-0.0011674172710627317,0.01325608603656292,0.0,6.375472545623779
860,0,6,-0.10652478784322739,-0.10652478784322739,0.015554654411971569,0.0,5.862453460693359
860,0,7,1.096937894821167,-0.903062105178833,0.985388457775116,1.0,5.133243083953857
860,0,8,-0.6567223072052002,-0.6567223072052002,0.014861113391816616,0.0,4.724702835083008
860,0,9,-0.8014642596244812,-0.8014642596244812,0.01316404901444912,0.0,6.460904121398926
860,0,10,1.513424038887024,-0.48657599091529846,0.9863226413726807,1.0,6.665785789489746
860,0,11,1.8519971370697021,-0.14800289273262024,0.9812544584274292,1.0,5.734253883361816
860,0,12,-0.16307032108306885,-0.16307032108306885,0.013304588384926319,0.0,6.744464874267578
860,0,13,-0.8798528909683228,-0.8798528909683228,0.04735112562775612,0.0,5.110183238983154
860,0,14,-0.8912497758865356,-0.8912497758865356,0.0129442373290658,0.0,6.046421527862549
860,0,15,-0.2604912221431732,-0.2604912221431732,0.01782417856156826,0.0,5.477419376373291
860,0,16,1.6155332326889038,-0.3844667673110962,0.9711182713508606,1.0,6.641411304473877
860,0,17,1.3961704969406128,-0.6038295030593872,0.9848024249076843,1.0,7.3455352783203125
860,0,18,-0.5139597654342651,-0.5139597654342651,0.023311978206038475,0.0,4.8202691078186035
860,0,19,2.305307149887085,0.30530720949172974,0.9730518460273743,1.0,5.885189533233643
860,1,0,-0.7674034237861633,-0.7674034237861633,0.013273188844323158,0.0,5.992331504821777
860,1,1,0.10836803913116455,0.10836803913116455,0.014067216776311398,0.0,5.450247287750244
860,1,2,2.165825128555298,0.16582505404949188,0.9855254292488098,1.0,6.619190216064453
860,1,3,-0.8058221936225891,-0.8058221936225891,0.015531394630670547,0.0,5.879350185394287
860,1,4,-0.20709547400474548,-0.20709547400474548,0.01523891743272543,0.0,7.238692283630371
860,1,5,3.1384775638580322,1.1384775638580322,0.9808887839317322,1.0,5.80096960067749
860,1,6,-0.8759527206420898,-0.8759527206420898,0.01363427098840475,0.0,6.057016849517822
860,1,7,-1.5396029949188232,-1.5396029949188232,0.013982968404889107,0.0,4.911670684814453
860,1,8,-1.0694485902786255,-1.0694485902786255,0.012376951985061169,0.0,6.066995143890381
860,1,9,1.692662000656128,-0.30733802914619446,0.947870135307312,1.0,6.212899684906006
860,1,10,2.0859711170196533,0.08597109466791153,0.914823055267334,1.0,7.134561538696289
860,1,11,0.6779836416244507,0.6779836416244507,0.012854522094130516,0.0,6.106548309326172
860,1,12,2.354062080383301,0.3540620505809784,0.9817377924919128,1.0,5.461853981018066
860,1,13,0.3204083740711212,0.3204083740711212,0.012484484352171421,0.0,5.762718200683594
860,1,14,-0.5473792552947998,-0.5473792552947998,0.0,0.0,5.575948715209961
860,1,15,-0.33627402782440186,-0.33627402782440186,0.012205613777041435,0.0,5.928503513336182
860,1,16,2.5639147758483887,0.5639147758483887,0.9836830496788025,1.0,7.043102264404297
860,1,17,0.7181779146194458,0.7181779146194458,0.015192895196378231,0.0,6.359434127807617
860,1,18,0.5462485551834106,0.5462485551834106,0.013883552514016628,0.0,7.5054826736450195
860,1,19,-0.07063843309879303,-0.07063843309879303,0.014602642506361008,0.0,5.559383392333984
860,2,0,3.060933828353882,1.0609338283538818,0.9661121964454651,1.0,6.499641418457031
860,2,1,-0.11038781702518463,-0.11038781702518463,0.014329970814287663,0.0,7.4349541664123535
860,2,2,0.7771192193031311,0.7771192193031311,0.015382288955152035,0.0,6.295321464538574
860,2,3,0.4696555733680725,0.4696555733680725,0.01639968901872635,0.0,6.3118743896484375
860,2,4,2.7842416763305664,0.7842417359352112,0.984221339225769,1.0,6.813775062561035
860,2,5,-1.1113567352294922,-1.1113567352294922,0.014955907128751278,0.0,6.956318378448486
860,2,6,-1.217457890510559,-1.217457890510559,0.01338745653629303,0.0,6.1316328048706055
860,2,7,0.30854836106300354,0.30854836106300354,0.015297949314117432,0.0,6.1509904861450195
860,2,8,2.699230670928955,0.6992305517196655,0.9846845865249634,1.0,5.570926189422607
860,2,9,0.500234842300415,0.500234842300415,0.01503625139594078,0.0,5.120316505432129
860,2,10,2.7613525390625,0.7613525390625,0.9843530058860779,1.0,6.6671953201293945
860,2,11,2.687673807144165,0.6876738667488098,0.9825118780136108,1.0,5.99476432800293
860,2,12,-1.2323496341705322,-1.2323496341705322,0.015772255137562752,0.0,6.297394275665283
860,2,13,0.10016779601573944,0.10016779601573944,0.013430364429950714,0.0,5.931158065795898
860,2,14,-0.7379264235496521,-0.7379264235496521,0.012252714484930038,0.0,5.51347017288208
860,2,15,0.5745102763175964,0.5745102763175964,0.012910849414765835,0.0,5.450181007385254
860,2,16,0.20797280967235565,0.20797280967235565,0.012876602821052074,0.0,6.6479291915893555
860,2,17,0.41460198163986206,0.41460198163986206,0.012479371391236782,0.0,5.433766841888428
860,2,18,2.600736618041992,0.6007366180419922,0.9762910604476929,1.0,6.776667594909668
860,2,19,-0.3233957588672638,-0.3233957588672638,0.013018596917390823,0.0,5.656614780426025
860,3,0,2.1467084884643555,0.14670857787132263,0.984117329120636,1.0,6.050736427307129
860,3,1,-1.1392428874969482,-1.1392428874969482,0.0,0.0,5.326979637145996
860,3,2,0.7066066265106201,-1.2933933734893799,0.9840704202651978,1.0,5.4146881103515625
860,3,3,-0.6276999711990356,-0.6276999711990356,0.0,0.0,7.276051998138428
860,3,4,1.141221046447754,-0.8587790131568909,0.914400041103363,1.0,6.854450702667236
860,3,5,2.0998260974884033,0.0998261496424675,0.9850050210952759,1.0,6.1118316650390625
860,3,6,-0.4396205544471741,-0.4396205544471741,0.08557802438735962,0.0,6.581644058227539
860,3,7,1.9961856603622437,-0.0038143813144415617,0.9844785928726196,1.0,6.029601573944092
860,3,8,0.20409348607063293,0.20409348607063293,0.014094113372266293,0.0,6.19817590713501
860,3,9,0.06698892265558243,0.06698892265558243,0.013089608401060104,0.0,5.834990501403809
860,3,10,-1.244940996170044,-1.244940996170044,0.012491682544350624,0.0,5.57936954498291
860,3,11,0.11672408133745193,0.11672408133745193,0.01437463704496622,0.0,6.115488529205322
860,3,12,2.6249170303344727,0.6249169111251831,0.9787505865097046,1.0,5.744854927062988
860,3,13,0.18490847945213318,0.18490847945213318,0.014902289025485516,0.0,5.847080230712891
860,3,14,0.03580597788095474,0.03580597788095474,0.012759644538164139,0.0,6.096643447875977
860,3,15,-0.2686424255371094,-0.2686424255371094,0.01274576410651207,0.0,6.0029497146606445
860,3,16,0.37763121724128723,0.37763121724128723,0.012897420674562454,0.0,5.431992530822754
860,3,17,-0.7815687656402588,-0.7815687656402588,0.015489642508327961,0.0,5.748239517211914
860,3,18,-1.0000840425491333,-1.0000840425491333,0.012861264869570732,0.0,5.308550834655762
860,3,19,0.10421069711446762,0.10421069711446762,0.0130056943744421,0.0,5.866299629211426
860,4,0,-0.47994738817214966,-0.47994738817214966,0.014435350894927979,0.0,5.886772155761719
860,4,1,-0.7250970005989075,-0.7250970005989075,0.038611818104982376,0.0,5.113574981689453
860,4,2,1.5323410034179688,-0.46765902638435364,0.9874575734138489,1.0,7.120577812194824
860,4,3,0.022183293476700783,0.022183293476700783,0.0,0.0,5.895571708679199
860,4,4,1.6130986213684082,-0.3869013786315918,0.8286327123641968,1.0,5.309206962585449
860,4,5,2.533902645111084,0.5339025855064392,0.9876123070716858,1.0,6.575498580932617
860,4,6,1.6954164505004883,-0.30458348989486694,0.986221194267273,1.0,5.615581035614014
860,4,7,1.8237347602844238,-0.17626522481441498,0.9856451153755188,1.0,6.397256851196289
860,4,8,2.1798648834228516,0.1798648089170456,0.9845688343048096,1.0,6.231836795806885
860,4,9,1.9329750537872314,-0.06702492386102676,0.9860602617263794,1.0,6.29971170425415
860,4,10,2.364797353744507,0.36479729413986206,0.9799895882606506,1.0,5.659545421600342
860,4,11,2.2077155113220215,0.2077154815196991,0.9847279787063599,1.0,6.4120965003967285
860,4,12,2.1663057804107666,0.16630588471889496,0.9870188236236572,1.0,5.820611000061035
860,4,13,1.8794033527374268,-0.12059665471315384,0.980082094669342,1.0,6.865028381347656
860,4,14,1.6220120191574097,-0.37798795104026794,0.986665666103363,1.0,6.554080009460449
860,4,15,2.4390311241149902,0.4390312135219574,0.9861586689949036,1.0,6.437498092651367
860,4,16,2.5356340408325195,0.5356341004371643,0.9848366379737854,1.0,7.8523640632629395
860,4,17,0.11498134583234787,0.11498134583234787,0.013719577342271805,0.0,6.240708351135254
860,4,18,1.9828764200210571,-0.017123539000749588,0.9828512668609619,1.0,6.838958263397217
860,4,19,1.8764450550079346,-0.12355494499206543,0.9797245264053345,1.0,6.284452438354492
840,0,0,-1.2561054229736328,-1.2561054229736328,0.013785149902105331,0.0,6.138735771179199
840,0,1,-0.1437903344631195,-0.1437903344631195,0.013776952400803566,0.0,6.322560787200928
840,0,2,-0.11384611576795578,-0.11384611576795578,0.013952718116343021,0.0,6.057704448699951
840,0,3,1.4760489463806152,-0.52395099401474,0.9731153845787048,1.0,7.066459655761719
840,0,4,0.3530218303203583,0.3530218303203583,0.014073309488594532,0.0,5.9459428787231445
840,0,5,-0.9291278123855591,-0.9291278123855591,0.19398707151412964,0.0,5.372391700744629
840,0,6,1.4560825824737549,-0.5439174771308899,0.9597461223602295,1.0,6.336050987243652
840,0,7,2.3797707557678223,0.37977078557014465,0.9863990545272827,1.0,6.437307357788086
840,0,8,1.026419997215271,-0.973580002784729,0.9694864153862,1.0,4.901364803314209
840,0,9,2.1538777351379395,0.15387776494026184,0.9843304753303528,1.0,6.781275749206543
840,0,10,-1.6798943281173706,-1.6798943281173706,0.015131296589970589,0.0,5.5048723220825195
840,0,11,2.3904876708984375,0.3904876112937927,0.9836867451667786,1.0,6.515023231506348
840,0,12,-0.3393833041191101,-0.3393833041191101,0.0,0.0,6.34992790222168
840,0,13,1.9648559093475342,-0.035144053399562836,0.9803844690322876,1.0,4.9602861404418945
840,0,14,-0.1660243421792984,-0.1660243421792984,0.012425646185874939,0.0,5.185892105102539
840,0,15,1.5986145734786987,-0.4013853967189789,0.9856775999069214,1.0,6.168679237365723
840,0,16,-0.17511160671710968,-0.17511160671710968,0.056986089795827866,0.0,5.644193649291992
840,0,17,1.987549901008606,-0.012450061738491058,0.9834279417991638,1.0,5.471650123596191
840,0,18,1.4944663047790527,-0.505533754825592,0.9720942974090576,1.0,5.072820663452148
840,0,19,0.1599847972393036,0.1599847972393036,0.0133711788803339,0.0,5.536589622497559
840,1,0,-1.1099056005477905,-1.1099056005477905,0.013493020087480545,0.0,5.48019552230835
840,1,1,-0.6706862449645996,-0.6706862449645996,0.013814723119139671,0.0,5.331859588623047
840,1,2,2.495479106903076,0.49547919631004333,0.9832047820091248,1.0,6.327523708343506
840,1,3,2.563345193862915,0.563345193862915,0.9855659604072571,1.0,6.08134126663208
840,1,4,-0.20541416108608246,-0.20541416108608246,0.01321650855243206,0.0,7.618898868560791
840,1,5,-0.06973689794540405,-0.06973689794540405,0.014208185486495495,0.0,6.820484161376953
840,1,6,-0.6634211540222168,-0.6634211540222168,0.013368298299610615,0.0,6.27140998840332
840,1,7,0.5706269145011902,0.5706269145011902,0.014326117932796478,0.0,5.550658702850342
840,1,8,-0.4701675474643707,-0.4701675474643707,0.012578947469592094,0.0,5.856535911560059
840,1,9,-0.4767437279224396,-0.4767437279224396,0.013429518789052963,0.0,5.95421028137207
840,1,10,2.595863103866577,0.5958630442619324,0.9825360774993896,1.0,6.223965644836426
840,1,11,0.8169536590576172,0.8169536590576172,0.013625935651361942,0.0,6.647138595581055
840,1,12,0.00865627359598875,0.00865627359598875,0.014599676243960857,0.0,6.107303619384766
840,1,13,0.8073924779891968,0.8073924779891968,0.012735939584672451,0.0,6.595238208770752
840,1,14,-0.3795015215873718,-0.3795015215873718,0.014026602730154991,0.0,5.165657043457031
840,1,15,2.3178012371063232,0.3178013265132904,0.862264096736908,1.0,6.637636184692383
840,1,16,0.03795144334435463,0.03795144334435463,0.01566820777952671,0.0,6.469516754150391
840,1,17,0.46284765005111694,0.46284765005111694,0.013553502038121223,0.0,7.379067420959473
840,1,18,-0.09588028490543365,-0.09588028490543365,0.013262857683002949,0.0,6.882233619689941
840,1,19,0.8070205450057983,-1.1929794549942017,0.9822238087654114,1.0,7.115151405334473
840,2,0,0.43908536434173584,0.43908536434173584,0.017370635643601418,0.0,6.106833457946777
840,2,1,0.30780214071273804,0.30780214071273804,0.01626926101744175,0.0,5.787202835083008
840,2,2,0.41443389654159546,0.41443389654159546,0.013788396492600441,0.0,5.658384323120117
840,2,3,0.2069844901561737,0.2069844901561737,0.0126636428758502,0.0,7.567737579345703
840,2,4,-0.5508056879043579,-0.5508056879043579,0.018762340769171715,0.0,4.99623441696167
840,2,5,2.488436460494995,0.4884364604949951,0.9786418676376343,1.0,5.939732074737549
840,2,6,2.7794952392578125,0.779495358467102,0.9746281504631042,1.0,6.045690536499023
840,2,7,-0.1495777666568756,-0.1495777666568756,0.01424381323158741,0.0,5.856596946716309
840,2,8,0.21121208369731903,0.21121208369731903,0.01503394078463316,0.0,5.426078796386719
840,2,9,2.6308822631835938,0.6308823823928833,0.9826722145080566,1.0,6.235287189483643
840,2,10,0.3711303770542145,0.3711303770542145,0.01783713884651661,0.0,6.620028495788574
840,2,11,2.7931642532348633,0.7931643724441528,0.9855565428733826,1.0,5.469194412231445
840,2,12,2.742213487625122,0.7422134280204773,0.9639063477516174,1.0,6.437117576599121
840,2,13,0.5456655621528625,0.5456655621528625,0.01246207021176815,0.0,6.246212005615234
840,2,14,0.31703776121139526,0.31703776121139526,0.016711298376321793,0.0,5.838047027587891
840,2,15,2.2132880687713623,0.21328803896903992,0.971690833568573,1.0,6.5367631912231445
840,2,16,2.714127540588379,0.7141275405883789,0.9844218492507935,1.0,6.654487609863281
840,2,17,3.2523274421691895,1.2523274421691895,0.9797130823135376,1.0,6.103577613830566
840,2,18,2.6927249431610107,0.692724883556366,0.9817149639129639,1.0,7.37861442565918
840,2,19,2.72440242767334,0.7244023084640503,0.9779592752456665,1.0,5.994882583618164
840,3,0,-0.7059333920478821,-0.7059333920478821,0.012331766076385975,0.0,5.602416038513184
840,3,1,2.8974180221557617,0.8974180817604065,0.9850515127182007,1.0,6.066587448120117
840,3,2,-0.45770689845085144,-0.45770689845085144,0.012225901708006859,0.0,5.697719097137451
840,3,3,-0.3420178294181824,-0.3420178294181824,0.014501822181046009,0.0,6.398490905761719
840,3,4,-0.8502836227416992,-0.8502836227416992,0.04738258942961693,0.0,6.347014427185059
840,3,5,-1.282010793685913,-1.282010793685913,0.01271696574985981,0.0,5.876382350921631
840,3,6,-0.6832912564277649,-0.6832912564277649,0.012941324152052402,0.0,6.178661346435547
840,3,7,-0.5003523230552673,-0.5003523230552673,0.01513659954071045,0.0,5.771276950836182
840,3,8,2.1562891006469727,0.15628913044929504,0.9858636260032654,1.0,6.848905563354492
840,3,9,0.45759448409080505,0.45759448409080505,0.01299116387963295,0.0,5.617875576019287
840,3,10,-0.2564886212348938,-0.2564886212348938,0.013090655207633972,0.0,5.744490623474121
840,3,11,1.6176161766052246,-0.3823837637901306,0.9860742688179016,1.0,5.413774490356445
840,3,12,-0.6319381594657898,-0.6319381594657898,0.012539936229586601,0.0,5.987942218780518
840,3,13,-0.7771210670471191,-0.7771210670471191,0.014021637849509716,0.0,4.723026275634766
840,3,14,0.555240273475647,0.555240273475647,0.01285231951624155,0.0,5.930293083190918
840,3,15,0.28854960203170776,0.28854960203170776,0.01187807321548462,0.0,6.520046234130859
840,3,16,2.4569334983825684,0.4569334387779236,0.9841124415397644,1.0,5.108152866363525
840,3,17,0.2611832916736603,0.2611832916736603,0.016037890687584877,0.0,6.206735610961914
840,3,18,-0.23428091406822205,-0.23428091406822205,0.012447232380509377,0.0,5.371947765350342
840,3,19,-1.0841877460479736,-1.0841877460479736,0.012659519910812378,0.0,4.987321853637695
840,4,0,1.4061110019683838,-0.5938889980316162,0.9842691421508789,1.0,6.880563735961914
840,4,1,2.681002140045166,0.6810021996498108,0.9877889752388,1.0,6.836244583129883
840,4,2,0.6110725402832031,0.6110725402832031,0.038454893976449966,0.0,6.245319366455078
840,4,3,1.7888522148132324,-0.21114782989025116,0.981221079826355,1.0,7.137190818786621
840,4,4,2.7876737117767334,0.7876736521720886,0.9838733077049255,1.0,7.022632598876953
840,4,5,-0.7107556462287903,-0.7107556462287903,0.04890076443552971,0.0,5.440783977508545
840,4,6,1.773104190826416,-0.2268957495689392,0.9868025183677673,1.0,6.152493476867676
840,4,7,2.8347420692443848,0.8347419500350952,0.9872393012046814,1.0,6.508906841278076
840,4,8,2.493544816970825,0.49354472756385803,0.9853449463844299,1.0,6.428774356842041
840,4,9,2.6088974475860596,0.6088973879814148,0.9869740009307861,1.0,6.380350112915039
840,4,10,0.6492082476615906,0.6492082476615906,0.019463127478957176,0.0,5.951456069946289
840,4,11,1.6967684030532837,-0.3032316267490387,0.9835776090621948,1.0,6.49637508392334
840,4,12,2.116821765899658,0.1168217882514,0.9862751960754395,1.0,5.797685623168945
840,4,13,1.7187756299972534,-0.2812243700027466,0.9832907915115356,1.0,6.282442092895508
840,4,14,1.0902245044708252,-0.9097755551338196,0.983802318572998,1.0,5.93720817565918
840,4,15,2.063152313232422,0.06315230578184128,0.9845624566078186,1.0,6.27251672744751
840,4,16,0.5688332915306091,0.5688332915306091,0.024361643940210342,0.0,7.365140438079834
840,4,17,2.403388738632202,0.40338873863220215,0.9848685264587402,1.0,5.896767616271973
840,4,18,0.25056591629981995,0.25056591629981995,0.015437666326761246,0.0,6.01353645324707
840,4,19,1.7757736444473267,-0.22422634065151215,0.9834122657775879,1.0,4.819695472717285
820,0,0,2.4651455879211426,0.46514567732810974,0.9869755506515503,1.0,7.482992172241211
820,0,1,2.649888038635254,0.6498880982398987,0.9854413866996765,1.0,5.124929428100586
820,0,2,1.1956692934036255,-0.8043307065963745,0.9813189506530762,1.0,5.80217170715332
820,0,3,-0.8937985897064209,-0.8937985897064209,0.04251134768128395,0.0,5.454533576965332
820,0,4,1.3128451108932495,-0.6871548891067505,0.9757909178733826,1.0,4.89992618560791
820,0,5,0.3744712471961975,0.3744712471961975,0.015127246268093586,0.0,6.305978775024414
820,0,6,2.1638402938842773,0.1638401746749878,0.9862605929374695,1.0,5.198580265045166
820,0,7,-0.2379419505596161,-0.2379419505596161,0.016315268352627754,0.0,6.056769847869873
820,0,8,0.27108460664749146,0.27108460664749146,0.012974062003195286,0.0,6.208044052124023
820,0,9,0.32391709089279175,0.32391709089279175,0.012539953924715519,0.0,6.405402183532715
820,0,10,0.37844163179397583,0.37844163179397583,0.018754811957478523,0.0,6.591397762298584
820,0,11,-2.13761305809021,-2.13761305809021,0.013695974834263325,0.0,5.34230375289917
820,0,12,-0.17355431616306305,-0.17355431616306305,0.015274406410753727,0.0,5.0524187088012695
820,0,13,1.096454381942749,1.096454381942749,0.01297884900122881,0.0,7.195978164672852
820,0,14,-1.3419872522354126,-1.3419872522354126,0.08882521837949753,0.0,6.032720565795898
820,0,15,-0.7758263349533081,-0.7758263349533081,0.0138657595962286,0.0,7.049603462219238
820,0,16,-0.20850227773189545,-0.20850227773189545,0.022530484944581985,0.0,6.4041619300842285
820,0,17,1.6568074226379395,-0.34319257736206055,0.9838573932647705,1.0,4.777719497680664
820,0,18,-0.27456703782081604,-0.27456703782081604,0.012734740041196346,0.0,6.916399002075195
820,0,19,2.448660373687744,0.448660284280777,0.980853259563446,1.0,6.143334865570068
820,1,0,0.4333227574825287,0.4333227574825287,0.01256069540977478,0.0,6.134407997131348
820,1,1,1.933160424232483,-0.06683960556983948,0.9815199971199036,1.0,5.321690082550049
820,1,2,0.21187104284763336,0.21187104284763336,0.015101069584488869,0.0,4.837367057800293
820,1,3,-0.9455693960189819,-0.9455693960189819,0.015944944694638252,0.0,5.340582370758057
820,1,4,-0.3383079469203949,-0.3383079469203949,0.013818259350955486,0.0,6.305393218994141
820,1,5,-0.6403160691261292,-0.6403160691261292,0.014914124272763729,0.0,6.86833381652832
820,1,6,0.8551648259162903,0.8551648259162903,0.014442992396652699,0.0,7.533773899078369
820,1,7,-0.05201387405395508,-0.05201387405395508,0.013728031888604164,0.0,5.578979969024658
820,1,8,0.2409999519586563,0.2409999519586563,0.015184899792075157,0.0,6.569528102874756
820,1,9,0.5122813582420349,0.5122813582420349,0.013701586052775383,0.0,6.806218147277832
820,1,10,0.049469705671072006,0.049469705671072006,0.015532764606177807,0.0,6.4574055671691895
820,1,11,-1.0760058164596558,-1.0760058164596558,0.012069836258888245,0.0,5.253469467163086
820,1,12,-0.13002417981624603,-0.13002417981624603,0.11448179185390472,0.0,5.851082801818848
820,1,13,-1.1029202938079834,-1.1029202938079834,0.012891314923763275,0.0,5.218274116516113
820,1,14,0.6742694973945618,0.6742694973945618,0.014678983949124813,0.0,6.264035224914551
820,1,15,2.529006242752075,0.5290062427520752,0.9748133420944214,1.0,6.194293022155762
820,1,16,0.27877122163772583,0.27877122163772583,0.039264705032110214,0.0,5.512577056884766
820,1,17,-0.30820417404174805,-0.30820417404174805,0.01361008919775486,0.0,5.2818756103515625
820,1,18,-0.15396791696548462,-0.15396791696548462,0.013196081854403019,0.0,6.518109321594238
820,1,19,3.0428519248962402,1.0428520441055298,0.9864425659179688,1.0,6.766476631164551
820,2,0,2.551657199859619,0.5516570806503296,0.9702513813972473,1.0,6.064035415649414
820,2,1,0.31220415234565735,0.31220415234565735,0.013748714700341225,0.0,5.791393280029297
820,2,2,0.2847687900066376,0.2847687900066376,0.014298779889941216,0.0,5.986869812011719
820,2,3,0.7113717198371887,0.7113717198371887,0.012464324943721294,0.0,5.7357025146484375
820,2,4,0.1990274339914322,0.1990274339914322,0.012505018152296543,0.0,6.200265884399414
820,2,5,2.9620258808135986,0.9620259404182434,0.9730786085128784,1.0,6.265844345092773
820,2,6,2.2252979278564453,0.2252979874610901,0.9806304574012756,1.0,6.340694427490234
820,2,7,0.7040985226631165,0.7040985226631165,0.013982863165438175,0.0,6.390129566192627
820,2,8,0.34247878193855286,0.34247878193855286,0.01802101731300354,0.0,5.9791741371154785
820,2,9,0.2900971472263336,0.2900971472263336,0.014807433821260929,0.0,6.377791404724121
820,2,10,3.1369307041168213,1.1369307041168213,0.9822720289230347,1.0,7.605029582977295
820,2,11,2.0229098796844482,0.02290990762412548,0.9765567779541016,1.0,6.1375956535339355
820,2,12,2.672264337539673,0.6722643971443176,0.9767330288887024,1.0,6.697403907775879
820,2,13,0.33162057399749756,0.33162057399749756,0.014166784472763538,0.0,6.36987829208374
820,2,14,2.750195026397705,0.7501950860023499,0.9767329096794128,1.0,6.418784141540527
820,2,15,2.608668327331543,0.6086684465408325,0.9849141240119934,1.0,7.508755207061768
820,2,16,3.120718002319336,1.1207178831100464,0.9848211407661438,1.0,5.551203727722168
820,2,17,3.168860673904419,1.168860673904419,0.9805605411529541,1.0,6.233150482177734
820,2,18,0.7521373629570007,0.7521373629570007,0.014037428423762321,0.0,6.448183059692383
820,2,19,2.965593099594116,0.965593159198761,0.975421130657196,1.0,6.065528869628906
820,3,0,0.8026201128959656,0.8026201128959656,0.013611357659101486,0.0,6.840041160583496
820,3,1,0.37563958764076233,0.37563958764076233,0.012890004552900791,0.0,5.921184539794922
820,3,2,0.045918770134449005,0.045918770134449005,0.03234739601612091,0.0,6.170536041259766
820,3,3,1.8708361387252808,-0.12916389107704163,0.9844399690628052,1.0,5.918410778045654
820,3,4,2.504520893096924,0.5045210123062134,0.9820221662521362,1.0,4.997397422790527
820,3,5,0.11818899214267731,0.11818899214267731,0.018110817298293114,0.0,6.370659828186035
820,3,6,-0.5795286893844604,-0.5795286893844604,0.013844546861946583,0.0,6.285097122192383
820,3,7,0.4106249511241913,0.4106249511241913,0.012080326676368713,0.0,6.450784206390381
820,3,8,-0.4391072392463684,-0.4391072392463684,0.01635313220322132,0.0,5.307689666748047
820,3,9,0.34709998965263367,0.34709998965263367,0.012993501499295235,0.0,5.96651029586792
820,3,10,-0.021145284175872803,-0.021145284175872803,0.013114788569509983,0.0,6.0099029541015625
820,3,11,0.9818437099456787,0.9818437099456787,0.012869518250226974,0.0,6.468997955322266
820,3,12,0.09163995087146759,0.09163995087146759,0.012262781150639057,0.0,5.448699951171875
820,3,13,2.3476648330688477,0.3476647138595581,0.9857644438743591,1.0,7.020447254180908
820,3,14,-0.39133086800575256,-0.39133086800575256,0.012690704315900803,0.0,6.720731735229492
820,3,15,-0.015347191132605076,-0.015347191132605076,0.013398773968219757,0.0,5.81757926940918
820,3,16,-0.44950416684150696,-0.44950416684150696,0.013106337748467922,0.0,5.631285667419434
820,3,17,0.5544300079345703,0.5544300079345703,0.01262164581567049,0.0,6.598708152770996
820,3,18,-0.3047594428062439,-0.3047594428062439,0.014770632609724998,0.0,7.732056140899658
820,3,19,-0.023039301857352257,-0.023039301857352257,0.012401980347931385,0.0,6.105046272277832
820,4,0,2.6116790771484375,0.611678957939148,0.9873900413513184,1.0,6.539151668548584
820,4,1,2.11637544631958,0.11637536436319351,0.9870457649230957,1.0,8.043115615844727
820,4,2,2.5299925804138184,0.5299926400184631,0.9871156811714172,1.0,5.426764488220215
820,4,3,2.0114803314208984,0.011480247601866722,0.9871789216995239,1.0,5.013180255889893
820,4,4,1.2333489656448364,-0.7666510343551636,0.9860365390777588,1.0,5.879471302032471
820,4,5,-0.8014361262321472,-0.8014361262321472,0.01259028259664774,0.0,4.787985324859619
820,4,6,2.1373095512390137,0.1373095065355301,0.9866416454315186,1.0,5.4115190505981445
820,4,7,0.18368661403656006,0.18368661403656006,0.0,0.0,6.2783989906311035
820,4,8,2.023866891860962,0.023866932839155197,0.9582945704460144,1.0,6.893265247344971
820,4,9,1.8852758407592773,-0.11472419649362564,0.9864843487739563,1.0,6.220938682556152
820,4,10,-0.03971618413925171,-0.03971618413925171,0.01473437249660492,0.0,5.8776421546936035
820,4,11,2.747077226638794,0.7470771670341492,0.9864393472671509,1.0,6.13363790512085
820,4,12,2.0600337982177734,0.0600338838994503,0.9855158925056458,1.0,6.729743480682373
820,4,13,1.7639250755310059,-0.23607489466667175,0.9858983755111694,1.0,5.822813034057617
820,4,14,1.9017086029052734,-0.09829137474298477,0.9872705936431885,1.0,5.984651565551758
820,4,15,2.6113762855529785,0.611376166343689,0.9848577976226807,1.0,6.095593452453613
820,4,16,1.6416267156600952,-0.3583732545375824,0.9861453771591187,1.0,6.428229331970215
820,4,17,2.3076915740966797,0.3076916038990021,0.9868500232696533,1.0,6.596254825592041
820,4,18,2.042387008666992,0.0423869863152504,0.9865894317626953,1.0,5.459268569946289
820,4,19,1.9868711233139038,-0.013128930702805519,0.9859778881072998,1.0,6.392186164855957
800,0,0,1.9759430885314941,-0.02405690588057041,0.9855896830558777,1.0,7.2619853019714355
800,0,1,1.4292829036712646,-0.5707170963287354,0.9471620321273804,1.0,5.8463239669799805
800,0,2,1.8301395177841187,-0.16986052691936493,0.981896162033081,1.0,5.64400577545166
800,0,3,-2.2006654739379883,-2.2006654739379883,0.0,0.0,5.360898971557617
800,0,4,1.2331719398498535,-0.7668281197547913,0.9847233295440674,1.0,5.058122634887695
800,0,5,-1.394751787185669,-1.394751787185669,0.05327559635043144,0.0,5.695119380950928
800,0,6,-0.524146318435669,-0.524146318435669,0.012366410344839096,0.0,5.657076835632324
800,0,7,1.255894660949707,-0.7441052794456482,0.9717239141464233,1.0,6.325407981872559
800,0,8,1.8736623525619507,-0.1263376921415329,0.9849823117256165,1.0,6.9064130783081055
800,0,9,2.15763783454895,0.15763773024082184,0.9855546951293945,1.0,5.490283012390137
800,0,10,1.9473965167999268,-0.052603479474782944,0.9867952466011047,1.0,6.043604373931885
800,0,11,-0.4250297248363495,-0.4250297248363495,0.013399189338088036,0.0,6.170483112335205
800,0,12,0.3759651184082031,-1.6240348815917969,0.98201984167099,1.0,5.67993688583374
800,0,13,-0.7973089218139648,-0.7973089218139648,0.01629113219678402,0.0,5.443219184875488
800,0,14,1.0951249599456787,-0.9048750400543213,0.9843883514404297,1.0,5.663595199584961
800,0,15,-1.0713163614273071,-1.0713163614273071,0.015889771282672882,0.0,4.666543960571289
800,0,16,-0.45467790961265564,-0.45467790961265564,0.0158122219145298,0.0,5.96481990814209
800,0,17,2.3667397499084473,0.3667396605014801,0.9807542562484741,1.0,6.305688858032227
800,0,18,2.0555624961853027,0.05556240677833557,0.98713219165802,1.0,6.180262088775635
800,0,19,0.1539669632911682,0.1539669632911682,0.013384245336055756,0.0,6.043194770812988
800,1,0,-0.1464788019657135,-0.1464788019657135,0.0141898849979043,0.0,6.491206169128418
800,1,1,-0.15168790519237518,-0.15168790519237518,0.01267059613019228,0.0,5.848780632019043
800,1,2,2.4313058853149414,0.43130579590797424,0.9814591407775879,1.0,5.752862930297852
800,1,3,0.6265823245048523,0.6265823245048523,0.012531222775578499,0.0,6.470844268798828
800,1,4,1.5484665632247925,-0.4515334665775299,0.9528851509094238,1.0,6.464719772338867
800,1,5,0.21573980152606964,0.21573980152606964,0.016279982402920723,0.0,5.349696636199951
800,1,6,-1.5713666677474976,-1.5713666677474976,0.01224291231483221,0.0,3.8550350666046143
800,1,7,-0.920264482498169,-0.920264482498169,0.012469889596104622,0.0,5.537808418273926
800,1,8,2.4492626190185547,0.4492625296115875,0.9818803071975708,1.0,6.1312103271484375
800,1,9,-0.6510353684425354,-0.6510353684425354,0.011986268684267998,0.0,5.667637348175049
800,1,10,-0.5913285613059998,-0.5913285613059998,0.013994477689266205,0.0,5.480093955993652
800,1,11,-1.2215344905853271,-1.2215344905853271,0.02056918479502201,0.0,6.281770706176758
800,1,12,-0.33955344557762146,-0.33955344557762146,0.014244645833969116,0.0,6.102449893951416
800,1,13,-0.001876294962130487,-0.001876294962130487,0.012146379798650742,0.0,5.355788230895996
800,1,14,0.6086699962615967,0.6086699962615967,0.012707013636827469,0.0,6.310467720031738
800,1,15,0.4399316906929016,0.4399316906929016,0.012805111706256866,0.0,6.613929271697998
800,1,16,-0.2142164558172226,-0.2142164558172226,0.021952752023935318,0.0,6.79995059967041
800,1,17,0.14557258784770966,0.14557258784770966,0.012909069657325745,0.0,6.0531907081604
800,1,18,-0.41135933995246887,-0.41135933995246887,0.016093788668513298,0.0,6.272911548614502
800,1,19,0.16617117822170258,0.16617117822170258,0.01301131397485733,0.0,6.345781326293945
800,2,0,0.593757688999176,0.593757688999176,0.014196289703249931,0.0,6.008974075317383
800,2,1,0.16567885875701904,0.16567885875701904,0.013470582664012909,0.0,6.61201810836792
800,2,2,0.029144421219825745,0.029144421219825745,0.016463255509734154,0.0,6.101268291473389
800,2,3,-1.117915153503418,-1.117915153503418,0.01410620380192995,0.0,5.5338287353515625
800,2,4,0.9924401640892029,0.9924401640892029,0.013903823681175709,0.0,7.608678340911865
800,2,5,2.3253743648529053,0.3253743648529053,0.984451413154602,1.0,6.058297157287598
800,2,6,0.7040982842445374,0.7040982842445374,0.0,0.0,5.5482354164123535
800,2,7,2.8864517211914062,0.886451780796051,0.9056406617164612,1.0,6.072436809539795
800,2,8,-0.007909253239631653,-0.007909253239631653,0.012563256546854973,0.0,6.534811496734619
800,2,9,0.19382677972316742,0.19382677972316742,0.016762936487793922,0.0,6.4124555587768555
800,2,10,0.6245759725570679,0.6245759725570679,0.013387381099164486,0.0,6.074320316314697
800,2,11,0.3585706651210785,0.3585706651210785,0.013614519499242306,0.0,5.883234024047852
800,2,12,0.4219447374343872,0.4219447374343872,0.015443622134625912,0.0,6.198472023010254
800,2,13,-0.12943701446056366,-0.12943701446056366,0.017155516892671585,0.0,6.415750503540039
800,2,14,0.27096089720726013,0.27096089720726013,0.01453313510864973,0.0,6.102969169616699
800,2,15,2.6598684787750244,0.6598685383796692,0.980570375919342,1.0,6.520352840423584
800,2,16,2.957249879837036,0.9572498798370361,0.9840834736824036,1.0,6.094335556030273
800,2,17,2.2849063873291016,0.2849062979221344,0.9757437109947205,1.0,5.568918704986572
800,2,18,-0.07704684138298035,-0.07704684138298035,0.014675647020339966,0.0,5.962933540344238
800,2,19,0.26495361328125,0.26495361328125,0.013485558331012726,0.0,7.123979568481445
800,3,0,-0.900388240814209,-0.900388240814209,0.012420608662068844,0.0,6.703535079956055
800,3,1,0.6667337417602539,0.6667337417602539,0.01269311923533678,0.0,6.54803466796875
800,3,2,-0.1344194859266281,-0.1344194859266281,0.012714936397969723,0.0,6.8828535079956055
800,3,3,-1.9268659353256226,-1.9268659353256226,0.013627295382320881,0.0,4.456007957458496
800,3,4,-0.3292611837387085,-0.3292611837387085,0.013375029899179935,0.0,6.852189064025879
800,3,5,1.9117497205734253,-0.08825022727251053,0.9763150215148926,1.0,7.229962348937988
800,3,6,-1.678193211555481,-1.678193211555481,0.08045797795057297,0.0,6.195553779602051
800,3,7,-0.14195044338703156,-0.14195044338703156,0.01253503654152155,0.0,6.347774505615234
800,3,8,-0.4659731388092041,-0.4659731388092041,0.016764460131525993,0.0,6.071384429931641
800,3,9,-1.5063310861587524,-1.5063310861587524,0.013886379078030586,0.0,5.645066261291504
800,3,10,0.16867654025554657,0.16867654025554657,0.020301762968301773,0.0,6.374490737915039
800,3,11,2.1849429607391357,0.18494291603565216,0.9854825735092163,1.0,5.363180160522461
800,3,12,-0.4445657730102539,-0.4445657730102539,0.013300545513629913,0.0,5.966012001037598
800,3,13,1.3635914325714111,-0.6364086270332336,0.9804259538650513,1.0,6.259617328643799
800,3,14,0.500447690486908,0.500447690486908,0.012581969611346722,0.0,5.94157600402832
800,3,15,2.133714437484741,0.13371436297893524,0.9850248098373413,1.0,6.036677360534668
800,3,16,-0.8689911961555481,-0.8689911961555481,0.0132954902946949,0.0,5.116610050201416
800,3,17,1.827730417251587,-0.17226962745189667,0.985186755657196,1.0,6.3923492431640625
800,3,18,2.3882737159729004,0.38827380537986755,0.9841184616088867,1.0,7.3051910400390625
800,3,19,0.6429880857467651,0.6429880857467651,0.014187296852469444,0.0,6.904240608215332
800,4,0,2.370527505874634,0.37052759528160095,0.9856138825416565,1.0,6.158893585205078
800,4,1,1.3648231029510498,-0.6351768374443054,0.9597993493080139,1.0,7.2466325759887695
800,4,2,2.5235047340393066,0.5235047340393066,0.9865835309028625,1.0,6.2596821784973145
800,4,3,-0.5485487580299377,-0.5485487580299377,0.013599159196019173,0.0,5.953081130981445
800,4,4,2.0646188259124756,0.06461884826421738,0.983965277671814,1.0,6.978555679321289
800,4,5,-1.72903311252594,-1.72903311252594,0.18670065701007843,0.0,6.577182769775391
800,4,6,1.608048677444458,-0.3919512629508972,0.9508367776870728,1.0,5.769579887390137
800,4,7,2.1396403312683105,0.13964027166366577,0.9863579869270325,1.0,6.789527416229248
800,4,8,-0.5805631279945374,-0.5805631279945374,0.01330301072448492,0.0,5.874027252197266
800,4,9,-1.026802897453308,-1.026802897453308,0.014270474202930927,0.0,5.059859275817871
800,4,10,1.870242953300476,-0.1297570914030075,0.9861822128295898,1.0,6.051891326904297
800,4,11,1.9459812641143799,-0.05401870980858803,0.9856075048446655,1.0,5.896350860595703
800,4,12,2.0400588512420654,0.040058769285678864,0.9851727485656738,1.0,6.171783447265625
800,4,13,1.7002832889556885,-0.2997167110443115,0.9859899282455444,1.0,5.963595390319824
800,4,14,1.930639386177063,-0.06936062127351761,0.9854210019111633,1.0,6.037008285522461
800,4,15,-0.811828076839447,-0.811828076839447,0.012598946690559387,0.0,6.054228782653809
800,4,16,2.7776241302490234,0.7776241898536682,0.9874288439750671,1.0,7.998711585998535
800,4,17,1.7324104309082031,-0.26758959889411926,0.9691058993339539,1.0,5.729199409484863
800,4,18,-0.07083163410425186,-0.07083163410425186,0.013029702939093113,0.0,6.175684928894043
800,4,19,3.071845293045044,1.071845293045044,0.9861094355583191,1.0,5.883391380310059
780,0,0,2.6737847328186035,0.6737847924232483,0.9822635054588318,1.0,4.591682434082031
780,0,1,1.8355902433395386,-0.16440971195697784,0.9842568039894104,1.0,5.854132652282715
780,0,2,-0.45308631658554077,-0.45308631658554077,0.027541162446141243,0.0,6.261261463165283
780,0,3,1.1058423519134521,-0.8941576480865479,0.986212968826294,1.0,7.219151496887207
780,0,4,-0.1887502521276474,-0.1887502521276474,0.06234533712267876,0.0,5.463537216186523
780,0,5,1.6303560733795166,-0.369643896818161,0.9822515249252319,1.0,5.21968936920166
780,0,6,2.0765581130981445,0.07655803859233856,0.9844755530357361,1.0,5.48272705078125
780,0,7,1.1749231815338135,-0.8250768184661865,0.9840646386146545,1.0,5.448484420776367
780,0,8,0.24359647929668427,0.24359647929668427,0.012986334040760994,0.0,6.240965366363525
780,0,9,-0.09824775159358978,-0.09824775159358978,0.19071561098098755,0.0,5.763216018676758
780,0,10,-0.5899845361709595,-0.5899845361709595,0.013789007440209389,0.0,6.518202781677246
780,0,11,2.431675434112549,0.4316755533218384,0.9793998599052429,1.0,5.066798686981201
780,0,12,2.3642923831939697,0.3642923831939697,0.9836093187332153,1.0,6.0512824058532715
780,0,13,0.20430044829845428,0.20430044829845428,0.013884675689041615,0.0,6.653561592102051
780,0,14,2.2246286869049072,0.2246287614107132,0.9837179780006409,1.0,5.715872287750244
780,0,15,2.0480878353118896,0.048087798058986664,0.9860631823539734,1.0,5.590433597564697
780,0,16,-1.4314730167388916,-1.4314730167388916,0.01242680475115776,0.0,5.9012041091918945
780,0,17,1.0187172889709473,-0.9812827706336975,0.9769036173820496,1.0,6.178147315979004
780,0,18,1.1261570453643799,-0.8738428950309753,0.9848147630691528,1.0,6.226299285888672
780,0,19,1.455167293548584,-0.544832706451416,0.9840326905250549,1.0,5.946019649505615
780,1,0,-1.5124801397323608,-1.5124801397323608,0.013605378568172455,0.0,5.636033058166504
780,1,1,-0.11491098999977112,-0.11491098999977112,0.012160634621977806,0.0,7.109856605529785
780,1,2,-0.09071893990039825,-0.09071893990039825,0.012904561124742031,0.0,6.358753681182861
780,1,3,-1.1263129711151123,-1.1263129711151123,0.01299250777810812,0.0,6.039175987243652
780,1,4,0.6959907412528992,0.6959907412528992,0.023656990379095078,0.0,6.3780412673950195
780,1,5,0.12684309482574463,0.12684309482574463,0.014962287619709969,0.0,6.328662872314453
780,1,6,-1.162086844444275,-1.162086844444275,0.013035119511187077,0.0,4.515070915222168
780,1,7,0.0576678141951561,0.0576678141951561,0.015077200718224049,0.0,5.697787761688232
780,1,8,0.04220358654856682,0.04220358654856682,0.011866302229464054,0.0,5.130784034729004
780,1,9,-0.1664968580007553,-0.1664968580007553,0.013413241133093834,0.0,5.342552185058594
780,1,10,2.626448631286621,0.6264485716819763,0.9859937429428101,1.0,7.31700325012207
780,1,11,-0.20746567845344543,-0.20746567845344543,0.01310803834348917,0.0,5.41086483001709
780,1,12,0.7809238433837891,0.7809238433837891,0.012644685804843903,0.0,6.228682041168213
780,1,13,0.31818538904190063,0.31818538904190063,0.012414743192493916,0.0,6.237648963928223
780,1,14,-0.04611838236451149,-0.04611838236451149,0.013089349493384361,0.0,6.162308692932129
780,1,15,-0.11934081465005875,-0.11934081465005875,0.018393859267234802,0.0,6.689245700836182
780,1,16,0.14522284269332886,0.14522284269332886,0.012434875592589378,0.0,6.769767761230469
780,1,17,0.008517996408045292,0.008517996408045292,0.014308984391391277,0.0,4.998734474182129
780,1,18,-1.426521897315979,-1.426521897315979,0.024272019043564796,0.0,5.42451286315918
780,1,19,-1.1727244853973389,-1.1727244853973389,0.013886842876672745,0.0,6.841954231262207
780,2,0,0.2249874770641327,0.2249874770641327,0.014581543393433094,0.0,5.990209579467773
780,2,1,0.4986860156059265,0.4986860156059265,0.023350192233920097,0.0,6.872640132904053
780,2,2,-0.5727312564849854,-0.5727312564849854,0.014871533960103989,0.0,6.488738536834717
780,2,3,0.790655255317688,0.790655255317688,0.014994070865213871,0.0,6.047542572021484
780,2,4,0.5458653569221497,0.5458653569221497,0.012955346144735813,0.0,6.666319847106934
780,2,5,0.4213481843471527,0.4213481843471527,0.01507151685655117,0.0,5.524422645568848
780,2,6,0.3354639410972595,0.3354639410972595,0.016438249498605728,0.0,5.754377841949463
780,2,7,0.6327128410339355,0.6327128410339355,0.039348069578409195,0.0,6.4175519943237305
780,2,8,0.20037101209163666,0.20037101209163666,0.013797491788864136,0.0,6.344298362731934
780,2,9,0.40092453360557556,0.40092453360557556,0.01795734465122223,0.0,6.1014814376831055
780,2,10,0.25606781244277954,0.25606781244277954,0.014980542473495007,0.0,5.826041221618652
780,2,11,2.634624719619751,0.6346246600151062,0.9760117530822754,1.0,5.027024269104004
780,2,12,2.6520023345947266,0.652002215385437,0.9748780131340027,1.0,6.846787452697754
780,2,13,0.23447120189666748,0.23447120189666748,0.01617364212870598,0.0,5.547999858856201
780,2,14,0.053180329501628876,0.053180329501628876,0.016710760071873665,0.0,6.002826690673828
780,2,15,0.4782108962535858,0.4782108962535858,0.01295526884496212,0.0,6.518332004547119
780,2,16,0.9967202544212341,0.9967202544212341,0.0,0.0,6.171968936920166
780,2,17,0.14700248837471008,0.14700248837471008,0.016042403876781464,0.0,7.271793842315674
780,2,18,-0.06910963356494904,-0.06910963356494904,0.01648646593093872,0.0,6.001636505126953
780,2,19,0.4523400366306305,0.4523400366306305,0.02423277497291565,0.0,5.924560070037842
780,3,0,-0.37321737408638,-0.37321737408638,0.013954042457044125,0.0,6.952204704284668
780,3,1,-0.3571828007698059,-0.3571828007698059,0.012597142718732357,0.0,5.5191216468811035
780,3,2,0.20667625963687897,0.20667625963687897,0.013941492885351181,0.0,6.365786552429199
780,3,3,-0.08477843552827835,-0.08477843552827835,0.012555179186165333,0.0,5.414945602416992
780,3,4,1.968974232673645,-0.031025776639580727,0.9866610169410706,1.0,7.405730247497559
780,3,5,-0.4150947332382202,-0.4150947332382202,0.014113976620137691,0.0,6.512600898742676
780,3,6,0.38989534974098206,0.38989534974098206,0.012632573023438454,0.0,6.6245622634887695
780,3,7,-1.0835578441619873,-1.0835578441619873,0.012400709092617035,0.0,5.6005449295043945
780,3,8,-0.6447795629501343,-0.6447795629501343,0.012553487904369831,0.0,5.682407379150391
780,3,9,-0.05681941658258438,-0.05681941658258438,0.011769354343414307,0.0,5.661449909210205
780,3,10,-1.501904010772705,-1.501904010772705,0.01775588095188141,0.0,6.230186462402344
780,3,11,-0.6787629127502441,-0.6787629127502441,0.013019608333706856,0.0,5.457370758056641
780,3,12,0.04080929234623909,0.04080929234623909,0.012453164905309677,0.0,5.747419357299805
780,3,13,-2.0685150623321533,-2.0685150623321533,0.014329471625387669,0.0,5.246261119842529
780,3,14,2.2754197120666504,0.2754197418689728,0.9856827855110168,1.0,5.234292984008789
780,3,15,-0.6099401712417603,-0.6099401712417603,0.012348377145826817,0.0,4.793011665344238
780,3,16,0.48875105381011963,0.48875105381011963,0.014882002957165241,0.0,6.487561225891113
780,3,17,0.03120492212474346,0.03120492212474346,0.019798336550593376,0.0,5.046288967132568
780,3,18,0.31297430396080017,0.31297430396080017,0.013956485316157341,0.0,6.364945411682129
780,3,19,-1.218209147453308,-1.218209147453308,0.01301567442715168,0.0,6.3524980545043945
780,4,0,1.8829920291900635,-0.11700794100761414,0.9837641716003418,1.0,5.494569778442383
780,4,1,0.5360438823699951,0.5360438823699951,0.011993634514510632,0.0,7.069163799285889
780,4,2,-0.6456905603408813,-0.6456905603408813,0.09987576305866241,0.0,5.226990699768066
780,4,3,0.22843191027641296,0.22843191027641296,0.0377383753657341,0.0,7.167593955993652
780,4,4,1.799677848815918,-0.20032212138175964,0.9861341118812561,1.0,6.097795486450195
780,4,5,2.119919776916504,0.11991981416940689,0.9857245087623596,1.0,6.202943325042725
780,4,6,1.6286144256591797,-0.3713856041431427,0.9865050911903381,1.0,5.298543930053711
780,4,7,2.0822622776031494,0.08226225525140762,0.9857499599456787,1.0,7.684363842010498
780,4,8,2.958531379699707,0.9585313200950623,0.9876281023025513,1.0,7.910428047180176
780,4,9,0.3921672999858856,0.3921672999858856,0.19715140759944916,0.0,6.574044227600098
780,4,10,2.033844232559204,0.03384425863623619,0.985937774181366,1.0,5.707751274108887
780,4,11,2.066243886947632,0.06624390929937363,0.9868654608726501,1.0,5.651211738586426
780,4,12,-0.1996009349822998,-0.1996009349822998,0.02508743852376938,0.0,5.927343368530273
780,4,13,2.2884387969970703,0.2884388267993927,0.9859338402748108,1.0,5.307928085327148
780,4,14,2.5404601097106934,0.5404601693153381,0.9865013957023621,1.0,5.7960124015808105
780,4,15,2.449397563934326,0.4493974447250366,0.9854722619056702,1.0,6.584992408752441
780,4,16,2.1672611236572266,0.16726109385490417,0.9862473607063293,1.0,7.004210472106934
780,4,17,1.8587332963943481,-0.14126671850681305,0.9853082299232483,1.0,7.341764450073242
780,4,18,2.2688169479370117,0.26881691813468933,0.9859212040901184,1.0,6.438866138458252
780,4,19,1.3930277824401855,-0.6069721579551697,0.9526629447937012,1.0,6.590972900390625
760,0,0,-1.2086730003356934,-1.2086730003356934,0.05842188745737076,0.0,6.077452182769775
760,0,1,-0.7960982918739319,-0.7960982918739319,0.015742216259241104,0.0,5.993812561035156
760,0,2,-0.3298025131225586,-0.3298025131225586,0.012600542977452278,0.0,5.932708263397217
760,0,3,2.199280261993408,0.19928021728992462,0.9866851568222046,1.0,5.637078285217285
760,0,4,0.11467868834733963,0.11467868834733963,0.017167631536722183,0.0,6.484686851501465
760,0,5,-0.47897472977638245,-0.47897472977638245,0.02152964286506176,0.0,5.295437812805176
760,0,6,2.2664318084716797,0.2664317488670349,0.9858471751213074,1.0,6.852652549743652
760,0,7,-0.6622982621192932,-0.6622982621192932,0.013746845535933971,0.0,5.701016426086426
760,0,8,1.410050868988037,-0.5899491310119629,0.9842711091041565,1.0,6.024774551391602
760,0,9,2.733450174331665,0.7334502339363098,0.9858545660972595,1.0,4.6301774978637695
760,0,10,2.145719289779663,0.14571933448314667,0.9859694242477417,1.0,6.080420017242432
760,0,11,2.2444634437561035,0.24446332454681396,0.985671877861023,1.0,5.672477722167969
760,0,12,-0.5826075077056885,-0.5826075077056885,0.014636562205851078,0.0,5.315907001495361
760,0,13,2.0062201023101807,0.0062201786786317825,0.9752146005630493,1.0,6.049711227416992
760,0,14,0.7514916658401489,-1.248508334159851,0.949372410774231,1.0,5.188603401184082
760,0,15,-0.528633177280426,-0.528633177280426,0.014473567716777325,0.0,6.278678894042969
760,0,16,2.1194403171539307,0.11944030225276947,0.9820413589477539,1.0,6.384154319763184
760,0,17,0.14722399413585663,0.14722399413585663,0.014520148746669292,0.0,6.927068710327148
760,0,18,1.3852603435516357,-0.614739716053009,0.9815172553062439,1.0,5.38380765914917
760,0,19,1.0731056928634644,-0.9268943071365356,0.971218466758728,1.0,5.218140602111816
760,1,0,-0.8476486802101135,-0.8476486802101135,0.012685256078839302,0.0,5.683568000793457
760,1,1,0.6542479991912842,0.6542479991912842,0.012290090322494507,0.0,5.06394624710083
760,1,2,-0.3258335292339325,-0.3258335292339325,0.013983624055981636,0.0,4.892467021942139
760,1,3,-0.555569589138031,-0.555569589138031,0.012340637855231762,0.0,5.076552867889404
760,1,4,0.8083213567733765,0.8083213567733765,0.013213925994932652,0.0,5.598386764526367
760,1,5,0.24364279210567474,0.24364279210567474,0.013025295920670033,0.0,6.475399494171143
760,1,6,-0.012307776138186455,-0.012307776138186455,0.012609289959073067,0.0,5.940108776092529
760,1,7,1.5519086122512817,-0.4480913579463959,0.9496136903762817,1.0,6.943283557891846
760,1,8,-0.48735883831977844,-0.48735883831977844,0.01215359102934599,0.0,5.534788131713867
760,1,9,-2.087203025817871,-2.087203025817871,0.018526792526245117,0.0,5.185918807983398
760,1,10,-0.08193185925483704,-0.08193185925483704,0.012287063524127007,0.0,5.162639617919922
760,1,11,-0.6390063762664795,-0.6390063762664795,0.025143753737211227,0.0,6.3576250076293945
760,1,12,0.48487478494644165,0.48487478494644165,0.036896999925374985,0.0,6.425043106079102
760,1,13,-1.6302392482757568,-1.6302392482757568,0.012653060257434845,0.0,4.24949312210083
760,1,14,-0.07011688500642776,-0.07011688500642776,0.012846248224377632,0.0,5.3980302810668945
760,1,15,-0.4394390285015106,-0.4394390285015106,0.01276365015655756,0.0,5.965328216552734
760,1,16,-0.18771259486675262,-0.18771259486675262,0.013461914844810963,0.0,6.098227024078369
760,1,17,-0.027567176148295403,-0.027567176148295403,0.013620713725686073,0.0,6.985612869262695
760,1,18,-0.10667618364095688,-0.10667618364095688,0.013596908189356327,0.0,5.3393402099609375
760,1,19,0.10722853988409042,0.10722853988409042,0.012990925461053848,0.0,5.605979919433594
760,2,0,0.44506049156188965,0.44506049156188965,0.037921834737062454,0.0,6.846800327301025
760,2,1,0.5250498652458191,0.5250498652458191,0.01311357319355011,0.0,6.765054702758789
760,2,2,0.010549584403634071,0.010549584403634071,0.014195327647030354,0.0,4.705992221832275
760,2,3,-0.1494300663471222,-0.1494300663471222,0.013981830328702927,0.0,7.009674072265625
760,2,4,0.2368994802236557,0.2368994802236557,0.014078318141400814,0.0,6.10148811340332
760,2,5,0.7851573824882507,0.7851573824882507,0.013774010352790356,0.0,6.657385349273682
760,2,6,0.07013056427240372,0.07013056427240372,0.023053621873259544,0.0,6.540673732757568
760,2,7,3.147223472595215,1.1472235918045044,0.9829120635986328,1.0,6.549506664276123
760,2,8,0.20877134799957275,0.20877134799957275,0.01571965031325817,0.0,6.16438102722168
760,2,9,0.32436439394950867,0.32436439394950867,0.017131159082055092,0.0,6.4317708015441895
760,2,10,0.5981285572052002,0.5981285572052002,0.03286774083971977,0.0,6.319090843200684
760,2,11,2.640712261199951,0.640712320804596,0.9845421314239502,1.0,6.793893814086914
760,2,12,0.3613702952861786,0.3613702952861786,0.015701115131378174,0.0,6.928858280181885
760,2,13,2.9332592487335205,0.9332591891288757,0.967513918876648,1.0,6.078080177307129
760,2,14,-0.2631608545780182,-0.2631608545780182,0.015121097676455975,0.0,6.9040727615356445
760,2,15,0.4769105911254883,0.4769105911254883,0.012398187071084976,0.0,6.478537559509277
760,2,16,0.018355514854192734,0.018355514854192734,0.014124312438070774,0.0,6.5745697021484375
760,2,17,0.39767467975616455,0.39767467975616455,0.01950753852725029,0.0,6.875216484069824
760,2,18,3.2195606231689453,1.2195605039596558,0.9729568362236023,1.0,5.764711380004883
760,2,19,2.5067954063415527,0.5067955255508423,0.9684752225875854,1.0,6.099339962005615
760,3,0,-0.10531342029571533,-0.10531342029571533,0.01287403330206871,0.0,6.560393333435059
760,3,1,-0.9299764037132263,-0.9299764037132263,0.012495575472712517,0.0,6.071495056152344
760,3,2,-1.0310142040252686,-1.0310142040252686,0.023557262495160103,0.0,5.726483345031738
760,3,3,-0.24564780294895172,-0.24564780294895172,0.013037203811109066,0.0,6.155132293701172
760,3,4,0.45552611351013184,0.45552611351013184,0.015556640923023224,0.0,5.322102069854736
760,3,5,2.1780846118927,0.17808464169502258,0.93791663646698,1.0,6.205659866333008
760,3,6,-0.0223113764077425,-0.0223113764077425,0.01355557981878519,0.0,6.199181079864502
760,3,7,-0.10958252102136612,-0.10958252102136612,0.012692760676145554,0.0,6.225505828857422
760,3,8,-0.022788027301430702,-0.022788027301430702,0.01391647383570671,0.0,7.445871829986572
760,3,9,0.01094259787350893,0.01094259787350893,0.01295908447355032,0.0,5.753228664398193
760,3,10,-0.3495362401008606,-0.3495362401008606,0.01947324350476265,0.0,6.252187728881836
760,3,11,-0.7583984136581421,-0.7583984136581421,0.01626032218337059,0.0,5.926461219787598
760,3,12,-1.0447797775268555,-1.0447797775268555,0.012810765765607357,0.0,6.426448822021484
760,3,13,0.10545771569013596,0.10545771569013596,0.012545433826744556,0.0,5.703742504119873
760,3,14,0.42601901292800903,0.42601901292800903,0.013009979389607906,0.0,7.742631435394287
760,3,15,0.020116101950407028,0.020116101950407028,0.012475281022489071,0.0,5.570456504821777
760,3,16,0.24981807172298431,0.24981807172298431,0.012474540621042252,0.0,5.509823322296143
760,3,17,-0.27907902002334595,-0.27907902002334595,0.013276766054332256,0.0,6.772730827331543
760,3,18,-0.05519060418009758,-0.05519060418009758,0.012720683589577675,0.0,5.795838356018066
760,3,19,0.12758439779281616,0.12758439779281616,0.013721519149839878,0.0,6.059098720550537
760,4,0,1.7399039268493652,-0.26009607315063477,0.9839861392974854,1.0,6.957170486450195
760,4,1,1.8080575466156006,-0.19194239377975464,0.9663233757019043,1.0,6.030086517333984
760,4,2,0.353984534740448,0.353984534740448,0.02051963098347187,0.0,6.2650909423828125
760,4,3,1.8231147527694702,-0.1768852025270462,0.9713196754455566,1.0,6.464097023010254
760,4,4,1.670662760734558,-0.3293372690677643,0.9846004843711853,1.0,6.596381187438965
760,4,5,1.487207293510437,-0.512792706489563,0.9863775968551636,1.0,6.564702987670898
760,4,6,-0.15889844298362732,-0.15889844298362732,0.020980508998036385,0.0,6.23250675201416
760,4,7,0.15891659259796143,0.15891659259796143,0.02552446536719799,0.0,7.51759147644043
760,4,8,1.1992186307907104,-0.8007813692092896,0.9847548007965088,1.0,5.955569267272949
760,4,9,2.2773971557617188,0.27739712595939636,0.9857240319252014,1.0,6.575067520141602
760,4,10,2.1490259170532227,0.1490258425474167,0.9844027757644653,1.0,5.724270343780518
760,4,11,2.126070261001587,0.1260702759027481,0.9802114963531494,1.0,6.354122638702393
760,4,12,1.887609839439392,-0.11239016801118851,0.9824389219284058,1.0,5.347762107849121
760,4,13,-0.36601948738098145,-0.36601948738098145,0.02345917373895645,0.0,6.599359512329102
760,4,14,-0.13236737251281738,-0.13236737251281738,0.04548466205596924,0.0,5.644373416900635
760,4,15,1.754996657371521,-0.2450033575296402,0.9856157302856445,1.0,5.99920129776001
760,4,16,2.186398506164551,0.18639862537384033,0.9738406538963318,1.0,6.384554386138916
760,4,17,1.6953294277191162,-0.3046706020832062,0.9845259189605713,1.0,6.344505310058594
760,4,18,2.052215576171875,0.052215591073036194,0.9850132465362549,1.0,5.682272434234619
760,4,19,-0.26688840985298157,-0.26688840985298157,0.0,0.0,5.890800952911377
740,0,0,2.066457986831665,0.06645787507295609,0.9841961860656738,1.0,6.142991065979004
740,0,1,-0.6760327219963074,-0.6760327219963074,0.015263236127793789,0.0,6.8956403732299805
740,0,2,-0.5560938715934753,-0.5560938715934753,0.08230479806661606,0.0,6.56544303894043
740,0,3,2.0752487182617188,0.07524866610765457,0.9851261377334595,1.0,8.081653594970703
740,0,4,1.839186668395996,-0.1608133465051651,0.981882631778717,1.0,6.694149971008301
740,0,5,1.2927005290985107,-0.7072994709014893,0.9812288880348206,1.0,5.289299011230469
740,0,6,1.2044528722763062,-0.7955471277236938,0.9857564568519592,1.0,6.304560661315918
740,0,7,-0.5530365109443665,-0.5530365109443665,0.017182644456624985,0.0,6.519152641296387
740,0,8,-0.48048892617225647,-0.48048892617225647,0.013069906271994114,0.0,6.185823440551758
740,0,9,2.0122828483581543,0.012282929383218288,0.9571306705474854,1.0,6.23583984375
740,0,10,1.7687983512878418,-0.231201633810997,0.9525232911109924,1.0,5.824504852294922
740,0,11,0.9939296245574951,-1.0060703754425049,0.9749013781547546,1.0,5.564593315124512
740,0,12,-0.6480977535247803,-0.6480977535247803,0.014785338193178177,0.0,6.9870452880859375
740,0,13,-1.3659921884536743,-1.3659921884536743,0.012132015079259872,0.0,5.630565166473389
740,0,14,2.0867323875427246,0.08673237264156342,0.9824600219726562,1.0,5.681100845336914
740,0,15,2.2628190517425537,0.26281899213790894,0.9336768984794617,1.0,5.98645544052124
740,0,16,-0.06812619417905807,-0.06812619417905807,0.012892650440335274,0.0,6.5391845703125
740,0,17,2.474238157272339,0.47423818707466125,0.9810724258422852,1.0,5.562035083770752
740,0,18,-0.521857738494873,-0.521857738494873,0.020518558099865913,0.0,5.387814521789551
740,0,19,1.8034569025039673,-0.19654306769371033,0.9776276350021362,1.0,6.284633636474609
740,1,0,0.0063121807761490345,0.0063121807761490345,0.012990412302315235,0.0,6.215002536773682
740,1,1,-0.8481659293174744,-0.8481659293174744,0.013339598663151264,0.0,5.2151288986206055
740,1,2,-0.6212214827537537,-0.6212214827537537,0.012414907105267048,0.0,5.026609420776367
740,1,3,-0.04171328619122505,-0.04171328619122505,0.013718848116695881,0.0,4.984828948974609
740,1,4,0.3681468665599823,0.3681468665599823,0.01687004417181015,0.0,5.701751232147217
740,1,5,-1.9125303030014038,-1.9125303030014038,0.01786024309694767,0.0,5.636725425720215
740,1,6,-0.6439669728279114,-0.6439669728279114,0.012624110095202923,0.0,5.329229354858398
740,1,7,0.2024550437927246,0.2024550437927246,0.012722911313176155,0.0,5.766609191894531
740,1,8,-1.0492496490478516,-1.0492496490478516,0.013163448311388493,0.0,5.928309440612793
740,1,9,-0.1055222824215889,-0.1055222824215889,0.013117480091750622,0.0,5.6543378829956055
740,1,10,-2.256678819656372,-2.256678819656372,0.01244204118847847,0.0,5.059916019439697
740,1,11,-0.25418055057525635,-0.25418055057525635,0.013564306311309338,0.0,6.186136722564697
740,1,12,2.107985019683838,0.10798491537570953,0.9824957847595215,1.0,6.57993221282959
740,1,13,-0.01750306785106659,-0.01750306785106659,0.0131386648863554,0.0,5.897097110748291
740,1,14,-1.2459219694137573,-1.2459219694137573,0.013030101545155048,0.0,4.156478404998779
740,1,15,-0.065585196018219,-0.065585196018219,0.012988566420972347,0.0,5.336959362030029
740,1,16,0.5952622890472412,0.5952622890472412,0.01230579148977995,0.0,6.250452041625977
740,1,17,-0.18951533734798431,-0.18951533734798431,0.01263416651636362,0.0,5.769694805145264
740,1,18,-1.6868258714675903,-1.6868258714675903,0.012462054379284382,0.0,6.348901748657227
740,1,19,2.6012563705444336,0.6012563109397888,0.9828492999076843,1.0,6.88871955871582
740,2,0,0.40608447790145874,0.40608447790145874,0.016211798414587975,0.0,6.087335109710693
740,2,1,2.4263861179351807,0.4263862073421478,0.8256061673164368,1.0,5.933897972106934
740,2,2,2.950256824493408,0.9502568244934082,0.9812860488891602,1.0,6.391730308532715
740,2,3,0.3594507873058319,0.3594507873058319,0.014663281850516796,0.0,5.866756439208984
740,2,4,0.28073275089263916,0.28073275089263916,0.01636066660284996,0.0,6.399216175079346
740,2,5,-0.0913190245628357,-0.0913190245628357,0.01905994676053524,0.0,7.029728889465332
740,2,6,0.24966095387935638,0.24966095387935638,0.0153287872672081,0.0,5.560996055603027
740,2,7,0.20382189750671387,0.20382189750671387,0.01701653189957142,0.0,6.463356971740723
740,2,8,2.9423861503601074,0.9423860311508179,0.961921215057373,1.0,7.061671257019043
740,2,9,0.4796794652938843,0.4796794652938843,0.015279427170753479,0.0,7.194529056549072
740,2,10,2.924299478530884,0.924299418926239,0.9741871953010559,1.0,6.09185791015625
740,2,11,0.1158204972743988,0.1158204972743988,0.015012194402515888,0.0,5.504411220550537
740,2,12,0.5898747444152832,0.5898747444152832,0.01314543467015028,0.0,6.08121395111084
740,2,13,0.5964178442955017,0.5964178442955017,0.017347974702715874,0.0,5.623821258544922
740,2,14,2.831122875213623,0.831122875213623,0.9628400206565857,1.0,6.380737781524658
740,2,15,0.35640063881874084,0.35640063881874084,0.031878963112831116,0.0,5.897177219390869
740,2,16,0.11500012129545212,0.11500012129545212,0.02188754640519619,0.0,5.804906845092773
740,2,17,0.5180304646492004,0.5180304646492004,0.012316224165260792,0.0,6.295771598815918
740,2,18,0.6555670499801636,0.6555670499801636,0.01302574947476387,0.0,6.556466579437256
740,2,19,0.648980975151062,0.648980975151062,0.019848451018333435,0.0,6.492089748382568
740,3,0,0.27882593870162964,0.27882593870162964,0.01655563712120056,0.0,5.109814643859863
740,3,1,-0.558712899684906,-0.558712899684906,0.022670729085803032,0.0,5.93517541885376
740,3,2,0.08472903817892075,0.08472903817892075,0.012953230179846287,0.0,7.148886203765869
740,3,3,0.6090221405029297,0.6090221405029297,0.013047370128333569,0.0,6.2266998291015625
740,3,4,-0.9282973408699036,-0.9282973408699036,0.013134287670254707,0.0,5.741546630859375
740,3,5,0.6926440000534058,0.6926440000534058,0.01344123762100935,0.0,6.790326118469238
740,3,6,-0.27356424927711487,-0.27356424927711487,0.01287776604294777,0.0,6.875368118286133
740,3,7,2.345022439956665,0.34502243995666504,0.9839109182357788,1.0,5.1857099533081055
740,3,8,1.7062532901763916,-0.2937467396259308,0.9819409847259521,1.0,6.7264251708984375
740,3,9,-0.0897124633193016,-0.0897124633193016,0.012723092921078205,0.0,6.448945999145508
740,3,10,0.2894497215747833,0.2894497215747833,0.012723906897008419,0.0,5.0074944496154785
740,3,11,0.36897706985473633,0.36897706985473633,0.012912217527627945,0.0,5.757299423217773
740,3,12,0.0660909116268158,0.0660909116268158,0.012629110366106033,0.0,6.047046661376953
740,3,13,0.040098585188388824,0.040098585188388824,0.014919224195182323,0.0,5.6286492347717285
740,3,14,0.4608137309551239,0.4608137309551239,0.014314688742160797,0.0,6.048316478729248
740,3,15,2.4093148708343506,0.40931493043899536,0.9867725968360901,1.0,6.524831771850586
740,3,16,-0.5903953313827515,-0.5903953313827515,0.015051044523715973,0.0,6.890369415283203
740,3,17,0.21959783136844635,0.21959783136844635,0.014479159377515316,0.0,6.774678707122803
740,3,18,-0.5706403851509094,-0.5706403851509094,0.013208947144448757,0.0,7.31412935256958
740,3,19,2.1840550899505615,0.1840551346540451,0.9855310916900635,1.0,6.974560737609863
740,4,0,1.6991198062896729,-0.30088022351264954,0.9860802292823792,1.0,6.018455982208252
740,4,1,2.0565378665924072,0.05653797462582588,0.970499575138092,1.0,5.830977916717529
740,4,2,2.743520736694336,0.7435206770896912,0.9875839352607727,1.0,6.1435322761535645
740,4,3,1.5044803619384766,-0.49551963806152344,0.9322068691253662,1.0,5.938968181610107
740,4,4,1.575201153755188,-0.4247988164424896,0.9835816621780396,1.0,6.701752662658691
740,4,5,2.3359787464141846,0.33597877621650696,0.9822633862495422,1.0,5.778214454650879
740,4,6,1.5813186168670654,-0.41868144273757935,0.9853770136833191,1.0,5.542662143707275
740,4,7,2.039318323135376,0.03931841254234314,0.986412763595581,1.0,6.381848335266113
740,4,8,2.233004093170166,0.23300421237945557,0.9863959550857544,1.0,7.626949787139893
740,4,9,1.9674712419509888,-0.03252875804901123,0.9867477416992188,1.0,6.199857711791992
740,4,10,-0.29794543981552124,-0.29794543981552124,0.0,0.0,5.387519836425781
740,4,11,1.6179916858673096,-0.3820083737373352,0.958723783493042,1.0,5.128881931304932
740,4,12,0.918059229850769,-1.081940770149231,0.9855363965034485,1.0,6.5024003982543945
740,4,13,1.7749963998794556,-0.22500358521938324,0.9855341911315918,1.0,5.552842140197754
740,4,14,2.535679817199707,0.5356798768043518,0.9866210222244263,1.0,7.3084821701049805
740,4,15,0.06673789024353027,0.06673789024353027,0.025124983862042427,0.0,7.072813987731934
740,4,16,1.7337397336959839,-0.2662602663040161,0.9862849712371826,1.0,6.796339988708496
740,4,17,2.0415737628936768,0.04157384857535362,0.9857592582702637,1.0,7.520993232727051
740,4,18,2.0012290477752686,0.001228963490575552,0.9860520362854004,1.0,6.9024200439453125
740,4,19,2.120021343231201,0.12002124637365341,0.9870960712432861,1.0,5.339130878448486
720,0,0,-1.131102204322815,-1.131102204322815,0.02219627983868122,0.0,5.087708473205566
720,0,1,-0.8733518123626709,-0.8733518123626709,0.0128629170358181,0.0,5.428239822387695
720,0,2,-0.23165541887283325,-0.23165541887283325,0.024617740884423256,0.0,5.2302751541137695
720,0,3,2.045039176940918,0.045039139688014984,0.9796273708343506,1.0,6.132819175720215
720,0,4,2.1140756607055664,0.1140756905078888,0.9865005612373352,1.0,6.471166610717773
720,0,5,1.832116961479187,-0.1678830236196518,0.9857942461967468,1.0,5.597845077514648
720,0,6,1.286980152130127,-0.7130197882652283,0.8707022070884705,1.0,5.730073928833008
720,0,7,-0.28638017177581787,-0.28638017177581787,0.016184914857149124,0.0,4.9953694343566895
720,0,8,-0.6690855622291565,-0.6690855622291565,0.013710805214941502,0.0,5.185060501098633
720,0,9,-0.5058739185333252,-0.5058739185333252,0.015805747359991074,0.0,6.0340752601623535
720,0,10,1.0487911701202393,-0.9512088894844055,0.9776909351348877,1.0,5.645575046539307
720,0,11,2.0593254566192627,0.0593254528939724,0.9856523275375366,1.0,6.108870506286621
720,0,12,-0.9039633870124817,-0.9039633870124817,0.013373589143157005,0.0,5.091030597686768
720,0,13,0.7454781532287598,-1.2545218467712402,0.9858648777008057,1.0,5.844985008239746
720,0,14,-0.8671467900276184,-0.8671467900276184,0.017102215439081192,0.0,6.391515254974365
720,0,15,-1.2331825494766235,-1.2331825494766235,0.014028930105268955,0.0,5.154808044433594
720,0,16,0.39052796363830566,-1.6094720363616943,0.8611956238746643,1.0,4.702171325683594
720,0,17,-0.23407939076423645,-0.23407939076423645,0.01468142494559288,0.0,6.487538814544678
720,0,18,2.3614516258239746,0.3614516258239746,0.9793186783790588,1.0,6.521892547607422
720,0,19,2.048438549041748,0.04843856021761894,0.9822944402694702,1.0,6.391253471374512
720,1,0,0.3515836000442505,0.3515836000442505,0.013214853592216969,0.0,5.860126495361328
720,1,1,-1.4117294549942017,-1.4117294549942017,0.012150490656495094,0.0,6.492649078369141
720,1,2,-0.48194387555122375,-0.48194387555122375,0.01329041551798582,0.0,5.397721290588379
720,1,3,-0.04273328185081482,-0.04273328185081482,0.014524627476930618,0.0,6.893589496612549
720,1,4,-0.25030454993247986,-0.25030454993247986,0.012564392760396004,0.0,7.07154655456543
720,1,5,-0.3813418447971344,-0.3813418447971344,0.012807478196918964,0.0,6.088221549987793
720,1,6,-1.1076666116714478,-1.1076666116714478,0.022548656910657883,0.0,5.8910369873046875
720,1,7,-0.02186213620007038,-0.02186213620007038,0.012412955053150654,0.0,6.5535125732421875
720,1,8,0.18882893025875092,0.18882893025875092,0.01285150833427906,0.0,6.582896709442139
720,1,9,0.5239863395690918,0.5239863395690918,0.012746424414217472,0.0,6.497729301452637
720,1,10,0.7164778709411621,0.7164778709411621,0.012660245411098003,0.0,5.186629295349121
720,1,11,-1.0352483987808228,-1.0352483987808228,0.012305577285587788,0.0,6.152010440826416
720,1,12,-0.6620798110961914,-0.6620798110961914,0.012191995978355408,0.0,6.908279895782471
720,1,13,0.7108495831489563,0.7108495831489563,0.012488283216953278,0.0,5.948792457580566
720,1,14,0.17146232724189758,0.17146232724189758,0.021458839997649193,0.0,6.275027275085449
720,1,15,-0.08939564973115921,-0.08939564973115921,0.014641033485531807,0.0,6.323114395141602
720,1,16,-0.1762666404247284,-0.1762666404247284,0.012067381292581558,0.0,5.914948463439941
720,1,17,-0.2772862911224365,-0.2772862911224365,0.012975851073861122,0.0,6.062101364135742
720,1,18,0.4231187105178833,0.4231187105178833,0.01342858374118805,0.0,6.29756498336792
720,1,19,0.3654370903968811,0.3654370903968811,0.011793014593422413,0.0,6.409177780151367
720,2,0,2.691650390625,0.6916502714157104,0.9776434302330017,1.0,6.630396842956543
720,2,1,-0.21881650388240814,-0.21881650388240814,0.01380273699760437,0.0,6.326255798339844
720,2,2,0.7073701620101929,0.7073701620101929,0.015511094592511654,0.0,5.809195518493652
720,2,3,0.22746813297271729,0.22746813297271729,0.014364967122673988,0.0,6.9081597328186035
720,2,4,2.700782537460327,0.7007825374603271,0.9666282534599304,1.0,5.390819549560547
720,2,5,0.5960662364959717,0.5960662364959717,0.014620753936469555,0.0,5.564321994781494
720,2,6,0.26921528577804565,0.26921528577804565,0.015105125494301319,0.0,5.400806427001953
720,2,7,0.19898399710655212,0.19898399710655212,0.017785437405109406,0.0,6.150460243225098
720,2,8,0.48285144567489624,0.48285144567489624,0.014652621001005173,0.0,6.417705059051514
720,2,9,0.2072640061378479,0.2072640061378479,0.016667108982801437,0.0,6.0216264724731445
720,2,10,0.046969007700681686,0.046969007700681686,0.016010228544473648,0.0,5.088747024536133
720,2,11,0.24072332680225372,0.24072332680225372,0.014327585697174072,0.0,6.373327255249023
720,2,12,2.4052000045776367,0.4052000641822815,0.9643107652664185,1.0,5.7301530838012695
720,2,13,0.34747937321662903,0.34747937321662903,0.02092854306101799,0.0,5.841146469116211
720,2,14,0.38779205083847046,0.38779205083847046,0.014836332760751247,0.0,6.3515625
720,2,15,3.1754329204559326,1.1754329204559326,0.9725145697593689,1.0,6.794074058532715
720,2,16,0.3259122371673584,0.3259122371673584,0.02725129760801792,0.0,5.7558746337890625
720,2,17,0.3420579433441162,0.3420579433441162,0.01347191259264946,0.0,5.7411789894104
720,2,18,2.9627623558044434,0.9627622961997986,0.9807228446006775,1.0,6.912712097167969
720,2,19,2.7204928398132324,0.720492959022522,0.9613857865333557,1.0,6.3768534660339355
720,3,0,0.7138771414756775,0.7138771414756775,0.014030976220965385,0.0,5.340905666351318
720,3,1,0.3938266932964325,0.3938266932964325,0.013907969929277897,0.0,6.631389141082764
720,3,2,0.15565219521522522,0.15565219521522522,0.01402980275452137,0.0,6.146109104156494
720,3,3,0.7197242379188538,0.7197242379188538,0.019163744524121284,0.0,6.026039123535156
720,3,4,0.06504620611667633,0.06504620611667633,0.013042028062045574,0.0,6.262966156005859
720,3,5,0.7242192029953003,0.7242192029953003,0.01242192555218935,0.0,6.427362442016602
720,3,6,-0.02531522884964943,-0.02531522884964943,0.013350334949791431,0.0,5.59882926940918
720,3,7,0.11247805505990982,0.11247805505990982,0.015327757224440575,0.0,6.5284953117370605
720,3,8,-0.2562166750431061,-0.2562166750431061,0.012644091621041298,0.0,4.945538520812988
720,3,9,0.8973035216331482,0.8973035216331482,0.024590956047177315,0.0,6.228914260864258
720,3,10,0.41416600346565247,0.41416600346565247,0.014064005576074123,0.0,6.404674053192139
720,3,11,-0.1222514733672142,-0.1222514733672142,0.016931572929024696,0.0,6.491232872009277
720,3,12,0.03855052590370178,0.03855052590370178,0.012895817868411541,0.0,7.687051773071289
720,3,13,0.37082991003990173,0.37082991003990173,0.012679417617619038,0.0,6.802091598510742
720,3,14,0.09254811704158783,0.09254811704158783,0.012266548350453377,0.0,6.979555130004883
720,3,15,0.7782772183418274,0.7782772183418274,0.013498389162123203,0.0,5.833547592163086
720,3,16,-1.1897755861282349,-1.1897755861282349,0.01236105989664793,0.0,6.014548301696777
720,3,17,-0.03234032541513443,-0.03234032541513443,0.01308490987867117,0.0,5.800793647766113
720,3,18,-0.10345958918333054,-0.10345958918333054,0.013075264170765877,0.0,5.22093391418457
720,3,19,0.028373174369335175,0.028373174369335175,0.013299579732120037,0.0,6.4113969802856445
720,4,0,1.1268551349639893,-0.8731448650360107,0.9763120412826538,1.0,6.071526050567627
720,4,1,1.6751174926757812,-0.32488253712654114,0.9863237142562866,1.0,5.889575004577637
720,4,2,2.0589380264282227,0.05893808975815773,0.9847522377967834,1.0,5.929405212402344
720,4,3,1.8418790102005005,-0.1581210345029831,0.9867825508117676,1.0,7.060189723968506
720,4,4,1.8254398107528687,-0.17456018924713135,0.9843246936798096,1.0,5.965422630310059
720,4,5,2.1823673248291016,0.18236738443374634,0.9866081476211548,1.0,5.990377426147461
720,4,6,2.5425078868865967,0.5425078272819519,0.9874188303947449,1.0,7.013640403747559
720,4,7,2.303053140640259,0.3030531108379364,0.9865809679031372,1.0,5.973272800445557
720,4,8,2.212613821029663,0.21261374652385712,0.9854180812835693,1.0,6.703086853027344
720,4,9,1.8741174936294556,-0.12588252127170563,0.9862189888954163,1.0,5.731381416320801
720,4,10,-0.23408564925193787,-0.23408564925193787,0.023380281403660774,0.0,6.627596855163574
720,4,11,-0.9296159148216248,-0.9296159148216248,0.01893395557999611,0.0,6.6022186279296875
720,4,12,2.1403255462646484,0.14032559096813202,0.9855037331581116,1.0,5.179432392120361
720,4,13,0.13640642166137695,0.13640642166137695,0.015481311827898026,0.0,6.64730167388916
720,4,14,-0.6135165095329285,-0.6135165095329285,0.030274618417024612,0.0,5.875039577484131
720,4,15,1.840667486190796,-0.15933245420455933,0.9856476783752441,1.0,6.549485206604004
720,4,16,1.5699654817581177,-0.4300345480442047,0.9852192401885986,1.0,6.018616199493408
720,4,17,1.992803931236267,-0.007196064107120037,0.9830342531204224,1.0,6.3931565284729
720,4,18,0.23959462344646454,0.23959462344646454,0.021075470373034477,0.0,6.190925598144531
720,4,19,2.249493360519409,0.24949336051940918,0.9864820241928101,1.0,6.864235877990723
700,0,0,1.0559206008911133,-0.9440793395042419,0.9835604429244995,1.0,5.756980895996094
700,0,1,2.205786943435669,0.20578701794147491,0.9764670729637146,1.0,5.982913970947266
700,0,2,1.9792133569717407,-0.020786605775356293,0.9822731614112854,1.0,5.19136905670166
700,0,3,2.078256607055664,0.07825664430856705,0.9872196912765503,1.0,6.175959587097168
700,0,4,-0.9902231097221375,-0.9902231097221375,0.015228036791086197,0.0,6.435970306396484
700,0,5,2.525487184524536,0.5254872441291809,0.9834409952163696,1.0,7.204906463623047
700,0,6,-0.9016625881195068,-0.9016625881195068,0.013559495098888874,0.0,6.583988189697266
700,0,7,-0.6922371983528137,-0.6922371983528137,0.0155439842492342,0.0,6.395522117614746
700,0,8,-0.9694132804870605,-0.9694132804870605,0.013911578804254532,0.0,6.498564720153809
700,0,9,-0.6620635986328125,-0.6620635986328125,0.01331772655248642,0.0,5.059264659881592
700,0,10,0.9155133962631226,-1.0844866037368774,0.9841552972793579,1.0,5.185832977294922
700,0,11,-0.303453654050827,-0.303453654050827,0.01370008010417223,0.0,5.714381694793701
700,0,12,-0.1041659563779831,-0.1041659563779831,0.020620135590434074,0.0,5.347463130950928
700,0,13,1.5424957275390625,-0.4575042128562927,0.9763868451118469,1.0,4.297353744506836
700,0,14,1.760327696800232,-0.23967228829860687,0.9865953922271729,1.0,5.2818098068237305
700,0,15,-0.8374195098876953,-0.8374195098876953,0.012693368829786777,0.0,5.402207374572754
700,0,16,2.191713571548462,0.1917135864496231,0.9861825704574585,1.0,5.881843566894531
700,0,17,-0.6361950039863586,-0.6361950039863586,0.014327909797430038,0.0,5.68355655670166
700,0,18,2.1279115676879883,0.12791162729263306,0.9832119345664978,1.0,5.570627212524414
700,0,19,1.3526811599731445,-0.6473188996315002,0.9807912111282349,1.0,5.921042442321777
700,1,0,0.2816424071788788,0.2816424071788788,0.012682187370955944,0.0,5.608370780944824
700,1,1,0.12512701749801636,0.12512701749801636,0.013168578036129475,0.0,6.322671890258789
700,1,2,-1.2400120496749878,-1.2400120496749878,0.012827721424400806,0.0,5.5077924728393555
700,1,3,0.18392062187194824,0.18392062187194824,0.014535866677761078,0.0,5.700812339782715
700,1,4,-0.2988905906677246,-0.2988905906677246,0.013169333338737488,0.0,6.386928081512451
700,1,5,-0.5920323729515076,-0.5920323729515076,0.012772793881595135,0.0,5.6213531494140625
700,1,6,-0.5480582118034363,-0.5480582118034363,0.01885697990655899,0.0,5.899590969085693
700,1,7,-1.1183127164840698,-1.1183127164840698,0.012644912116229534,0.0,5.767610549926758
700,1,8,-0.7044952511787415,-0.7044952511787415,0.017189184203743935,0.0,6.312201976776123
700,1,9,-0.40983664989471436,-0.40983664989471436,0.01237367745488882,0.0,5.496088027954102
700,1,10,-0.3105783462524414,-0.3105783462524414,0.012238605879247189,0.0,6.522302627563477
700,1,11,-1.3028210401535034,-1.3028210401535034,0.014089145697653294,0.0,4.914131164550781
700,1,12,-0.7887988090515137,-0.7887988090515137,0.013847175985574722,0.0,6.037895202636719
700,1,13,0.08386998623609543,0.08386998623609543,0.014509715139865875,0.0,6.288980960845947
700,1,14,-0.35776132345199585,-0.35776132345199585,0.012855133973062038,0.0,7.301370620727539
700,1,15,0.7258705496788025,0.7258705496788025,0.012932829558849335,0.0,6.411046028137207
700,1,16,-0.25912728905677795,-0.25912728905677795,0.01944993995130062,0.0,5.951296806335449
700,1,17,0.05771416053175926,0.05771416053175926,0.012061669491231441,0.0,6.610753059387207
700,1,18,0.9694955348968506,0.9694955348968506,0.011881856247782707,0.0,6.658510684967041
700,1,19,-0.7983299493789673,-0.7983299493789673,0.011851183138787746,0.0,5.337918281555176
700,2,0,0.052369069308042526,0.052369069308042526,0.01961132511496544,0.0,5.278746604919434
700,2,1,0.14598986506462097,0.14598986506462097,0.018038425594568253,0.0,5.31705379486084
700,2,2,0.15567047894001007,0.15567047894001007,0.013960147276520729,0.0,5.110879898071289
700,2,3,0.029636934399604797,0.029636934399604797,0.019318724051117897,0.0,6.834620475769043
700,2,4,0.5964283347129822,0.5964283347129822,0.014821415767073631,0.0,6.20034122467041
700,2,5,0.37650132179260254,0.37650132179260254,0.01762751117348671,0.0,6.269894599914551
700,2,6,2.5816619396209717,0.5816619992256165,0.8904159069061279,1.0,6.894491195678711
700,2,7,0.22031216323375702,0.22031216323375702,0.01569688692688942,0.0,7.1223578453063965
700,2,8,0.254896342754364,0.254896342754364,0.01863754726946354,0.0,5.768815994262695
700,2,9,2.808884859085083,0.8088847994804382,0.9823399186134338,1.0,5.719583511352539
700,2,10,0.4298948645591736,0.4298948645591736,0.013065950945019722,0.0,6.072906017303467
700,2,11,2.2731528282165527,0.27315279841423035,0.9716213941574097,1.0,5.605256080627441
700,2,12,0.4116387665271759,0.4116387665271759,0.016159188002347946,0.0,5.805056095123291
700,2,13,0.21057990193367004,0.21057990193367004,0.01620132103562355,0.0,5.874394416809082
700,2,14,0.31011348962783813,0.31011348962783813,0.013038603588938713,0.0,6.402946949005127
700,2,15,2.227806329727173,0.22780637443065643,0.9670912027359009,1.0,6.428659439086914
700,2,16,0.10070671141147614,0.10070671141147614,0.017465349286794662,0.0,5.620527744293213
700,2,17,0.6056966185569763,0.6056966185569763,0.013925466686487198,0.0,6.5163350105285645
700,2,18,0.3175363540649414,0.3175363540649414,0.01505813654512167,0.0,5.892119884490967
700,2,19,0.002377778524532914,0.002377778524532914,0.014385215938091278,0.0,5.0873260498046875
700,3,0,0.04577900841832161,0.04577900841832161,0.07151134312152863,0.0,6.455019950866699
700,3,1,0.5466664433479309,0.5466664433479309,0.017818685621023178,0.0,6.713281631469727
700,3,2,-1.3066359758377075,-1.3066359758377075,0.012672864831984043,0.0,5.921232223510742
700,3,3,-0.5155688524246216,-0.5155688524246216,0.012645060196518898,0.0,6.120456218719482
700,3,4,2.409857988357544,0.40985801815986633,0.984000563621521,1.0,5.962215423583984
700,3,5,0.3049621284008026,0.3049621284008026,0.012834015302360058,0.0,6.410327434539795
700,3,6,0.3960356116294861,0.3960356116294861,0.013802255503833294,0.0,6.594466686248779
700,3,7,-0.30189818143844604,-0.30189818143844604,0.012898745015263557,0.0,6.883423805236816
700,3,8,0.14999322593212128,0.14999322593212128,0.01310100220143795,0.0,5.862311840057373
700,3,9,-0.06498018652200699,-0.06498018652200699,0.012656538747251034,0.0,5.808154106140137
700,3,10,0.6041945815086365,0.6041945815086365,0.013426927849650383,0.0,6.509222984313965
700,3,11,-1.1903985738754272,-1.1903985738754272,0.012439754791557789,0.0,6.139498710632324
700,3,12,0.2899436354637146,0.2899436354637146,0.012407485395669937,0.0,5.5392746925354
700,3,13,0.3822653293609619,0.3822653293609619,0.015779642388224602,0.0,6.416847229003906
700,3,14,-0.19755980372428894,-0.19755980372428894,0.013176214881241322,0.0,6.751156806945801
700,3,15,-0.22380441427230835,-0.22380441427230835,0.012560759671032429,0.0,6.552149772644043
700,3,16,-0.42398104071617126,-0.42398104071617126,0.012065914459526539,0.0,5.325293064117432
700,3,17,0.24256132543087006,0.24256132543087006,0.014209181070327759,0.0,6.385828495025635
700,3,18,-0.7905182838439941,-0.7905182838439941,0.01282923761755228,0.0,5.627828598022461
700,3,19,0.026259448379278183,0.026259448379278183,0.012129067443311214,0.0,6.275055885314941
700,4,0,1.2616353034973145,-0.7383646965026855,0.9619729518890381,1.0,5.216891288757324
700,4,1,1.8176887035369873,-0.18231123685836792,0.9870350956916809,1.0,6.665566444396973
700,4,2,2.297111988067627,0.29711195826530457,0.9859116077423096,1.0,6.764352798461914
700,4,3,2.363612651824951,0.36361274123191833,0.9868655800819397,1.0,6.509444713592529
700,4,4,1.7920010089874268,-0.20799902081489563,0.9829318523406982,1.0,5.609061241149902
700,4,5,2.1024348735809326,0.10243485122919083,0.9847909808158875,1.0,5.7749786376953125
700,4,6,1.5767662525177002,-0.4232337176799774,0.9844394326210022,1.0,6.4286112785339355
700,4,7,-0.5185710191726685,-0.5185710191726685,0.0,0.0,5.818279266357422
700,4,8,-0.7211502194404602,-0.7211502194404602,0.017566436901688576,0.0,5.847139835357666
700,4,9,2.3558461666107178,0.3558460772037506,0.9867346286773682,1.0,6.020916938781738
700,4,10,2.184598684310913,0.18459860980510712,0.9865676164627075,1.0,5.513626575469971
700,4,11,2.1959011554718018,0.19590114057064056,0.9867788553237915,1.0,7.031889915466309
700,4,12,1.970517635345459,-0.02948237769305706,0.9860746264457703,1.0,5.8457159996032715
700,4,13,2.6692392826080322,0.6692392826080322,0.9863685965538025,1.0,6.6005988121032715
700,4,14,1.8745635747909546,-0.1254364401102066,0.9850969910621643,1.0,7.20777702331543
700,4,15,0.3532055914402008,0.3532055914402008,0.02773372083902359,0.0,6.039978981018066
700,4,16,1.6985875368118286,-0.3014124631881714,0.980769157409668,1.0,5.882254123687744
700,4,17,2.0234081745147705,0.023408276960253716,0.9871542453765869,1.0,6.450675964355469
700,4,18,1.735374093055725,-0.2646259367465973,0.9852024912834167,1.0,5.828912734985352
700,4,19,1.7632688283920288,-0.23673118650913239,0.9841952323913574,1.0,7.13848876953125
680,0,0,-0.742500364780426,-0.742500364780426,0.026037191972136497,0.0,5.238968372344971
680,0,1,-0.7557958364486694,-0.7557958364486694,0.01453176885843277,0.0,5.652152061462402
680,0,2,0.06855697184801102,0.06855697184801102,0.01972164772450924,0.0,6.487375259399414
680,0,3,0.07715475559234619,0.07715475559234619,0.014417656697332859,0.0,5.782732963562012
680,0,4,2.1007490158081055,0.10074896365404129,0.9786513447761536,1.0,6.011632442474365
680,0,5,2.0007481575012207,0.0007481155334971845,0.9265665411949158,1.0,5.574215888977051
680,0,6,-0.7174221277236938,-0.7174221277236938,0.021362051367759705,0.0,5.605528831481934
680,0,7,-0.34380391240119934,-0.34380391240119934,0.01350273285061121,0.0,5.766791343688965
680,0,8,1.7596673965454102,-0.24033264815807343,0.9774896502494812,1.0,5.933379173278809
680,0,9,0.621340274810791,-1.378659725189209,0.9745252132415771,1.0,4.925110816955566
680,0,10,2.3299474716186523,0.3299473524093628,0.9768928289413452,1.0,5.701805114746094
680,0,11,0.03499448671936989,0.03499448671936989,0.019225945696234703,0.0,5.094326019287109
680,0,12,2.625159978866577,0.6251600384712219,0.9814603328704834,1.0,5.807077407836914
680,0,13,-1.2744332551956177,-1.2744332551956177,0.014792355708777905,0.0,5.421575546264648
680,0,14,1.3791999816894531,-0.6208000183105469,0.9810515642166138,1.0,5.530902862548828
680,0,15,-0.3083763122558594,-0.3083763122558594,0.013177487067878246,0.0,6.442807674407959
680,0,16,1.6265764236450195,-0.37342360615730286,0.983182430267334,1.0,5.268735885620117
680,0,17,2.4749550819396973,0.4749550223350525,0.9821021556854248,1.0,5.99672269821167
680,0,18,1.5475965738296509,-0.4524034261703491,0.9863990545272827,1.0,5.457773208618164
680,0,19,2.183361291885376,0.18336129188537598,0.9845155477523804,1.0,6.251635551452637
680,1,0,-0.5347884893417358,-0.5347884893417358,0.012744469568133354,0.0,5.833985328674316
680,1,1,-0.3788612186908722,-0.3788612186908722,0.014765391126275063,0.0,5.704211235046387
680,1,2,-0.1381230354309082,-0.1381230354309082,0.01358239259570837,0.0,6.177150726318359
680,1,3,-0.1805049628019333,-0.1805049628019333,0.012411152943968773,0.0,6.00121545791626
680,1,4,-0.3496161997318268,-0.3496161997318268,0.043064191937446594,0.0,5.795380592346191
680,1,5,-0.6903866529464722,-0.6903866529464722,0.03183731436729431,0.0,6.74107551574707
680,1,6,-0.8916338682174683,-0.8916338682174683,0.013177294284105301,0.0,4.706424713134766
680,1,7,-0.5708633661270142,-0.5708633661270142,0.012056545354425907,0.0,6.2270026206970215
680,1,8,-0.20293833315372467,-0.20293833315372467,0.013971257023513317,0.0,5.9543681144714355
680,1,9,-0.4434346854686737,-0.4434346854686737,0.014562254771590233,0.0,6.470095634460449
680,1,10,-0.6561545729637146,-0.6561545729637146,0.016691768541932106,0.0,5.436657428741455
680,1,11,-1.3616747856140137,-1.3616747856140137,0.020248597487807274,0.0,6.6283860206604
680,1,12,-0.014639279805123806,-0.014639279805123806,0.013952863402664661,0.0,6.555253028869629
680,1,13,-1.244786024093628,-1.244786024093628,0.012531754560768604,0.0,6.0567216873168945
680,1,14,-0.8710938096046448,-0.8710938096046448,0.015761997550725937,0.0,5.662447929382324
680,1,15,0.591019332408905,0.591019332408905,0.013465081341564655,0.0,6.530090808868408
680,1,16,0.36132657527923584,0.36132657527923584,0.012072906829416752,0.0,7.7919440269470215
680,1,17,0.3037329316139221,0.3037329316139221,0.01255093514919281,0.0,5.626054286956787
680,1,18,-0.8533099889755249,-0.8533099889755249,0.013019571080803871,0.0,6.370023727416992
680,1,19,0.671213686466217,0.671213686466217,0.012378746643662453,0.0,6.9204301834106445
680,2,0,0.7993940114974976,0.7993940114974976,0.015477590262889862,0.0,5.944845199584961
680,2,1,0.6969763040542603,0.6969763040542603,0.016860777512192726,0.0,5.608147144317627
680,2,2,0.6783071160316467,0.6783071160316467,0.014969892799854279,0.0,6.63479471206665
680,2,3,0.5261703729629517,0.5261703729629517,0.014835391193628311,0.0,6.937861919403076
680,2,4,0.6483065485954285,0.6483065485954285,0.06849762797355652,0.0,6.32063102722168
680,2,5,0.4561160206794739,0.4561160206794739,0.015757516026496887,0.0,6.435212135314941
680,2,6,-0.1471378654241562,-0.1471378654241562,0.017157873138785362,0.0,6.244691848754883
680,2,7,3.035504102706909,1.0355041027069092,0.9710709452629089,1.0,5.673572063446045
680,2,8,0.13145975768566132,0.13145975768566132,0.01968980021774769,0.0,6.211264610290527
680,2,9,0.2507418394088745,0.2507418394088745,0.019342118874192238,0.0,6.273885726928711
680,2,10,0.19456815719604492,0.19456815719604492,0.01634121686220169,0.0,6.5362019538879395
680,2,11,0.826391875743866,0.826391875743866,0.018131813034415245,0.0,6.410971164703369
680,2,12,0.32185161113739014,0.32185161113739014,0.017965108156204224,0.0,5.9913740158081055
680,2,13,2.856574058532715,0.8565741777420044,0.964365541934967,1.0,6.483922004699707
680,2,14,0.46555742621421814,0.46555742621421814,0.017300613224506378,0.0,5.994683265686035
680,2,15,0.19952493906021118,0.19952493906021118,0.0177752785384655,0.0,6.6209917068481445
680,2,16,0.4239951968193054,0.4239951968193054,0.015837756916880608,0.0,6.080949306488037
680,2,17,0.3758348822593689,0.3758348822593689,0.015933852642774582,0.0,6.03678560256958
680,2,18,0.4241514503955841,0.4241514503955841,0.013735917396843433,0.0,6.766382694244385
680,2,19,0.6406576633453369,0.6406576633453369,0.01410907693207264,0.0,5.797502517700195
680,3,0,-0.14094285666942596,-0.14094285666942596,0.013354042544960976,0.0,5.234118938446045
680,3,1,0.5755643844604492,0.5755643844604492,0.012370127253234386,0.0,4.926734924316406
680,3,2,0.3732268214225769,0.3732268214225769,0.012742104940116405,0.0,7.240667343139648
680,3,3,0.3888121545314789,0.3888121545314789,0.013133377768099308,0.0,5.766483306884766
680,3,4,0.35860463976860046,0.35860463976860046,0.01401502639055252,0.0,5.60026741027832
680,3,5,0.27852681279182434,0.27852681279182434,0.01586860790848732,0.0,5.983169078826904
680,3,6,0.1619594693183899,0.1619594693183899,0.024858228862285614,0.0,6.028224945068359
680,3,7,0.5794528722763062,0.5794528722763062,0.015229601413011551,0.0,5.737685203552246
680,3,8,0.47928422689437866,0.47928422689437866,0.014060353860259056,0.0,6.752442359924316
680,3,9,0.1322963684797287,0.1322963684797287,0.012745626270771027,0.0,6.827019691467285
680,3,10,0.5210317373275757,0.5210317373275757,0.012638593092560768,0.0,6.011662483215332
680,3,11,2.555142879486084,0.555142879486084,0.9857587814331055,1.0,6.900939464569092
680,3,12,-0.424562007188797,-0.424562007188797,0.013943681493401527,0.0,7.074891090393066
680,3,13,-0.5909950137138367,-0.5909950137138367,0.013454990461468697,0.0,5.815082550048828
680,3,14,0.7309814095497131,0.7309814095497131,0.01309305801987648,0.0,6.682673454284668
680,3,15,0.3401738405227661,0.3401738405227661,0.013621347956359386,0.0,6.229733467102051
680,3,16,0.3389190137386322,0.3389190137386322,0.013858512043952942,0.0,7.334295272827148
680,3,17,0.6262118816375732,0.6262118816375732,0.013789203017950058,0.0,6.484163284301758
680,3,18,0.04376198351383209,0.04376198351383209,0.012477273121476173,0.0,6.034661293029785
680,3,19,-0.07039837539196014,-0.07039837539196014,0.012647591531276703,0.0,7.271865367889404
680,4,0,-0.5469158887863159,-0.5469158887863159,0.018846668303012848,0.0,6.116039276123047
680,4,1,2.238482713699341,0.23848260939121246,0.9839056134223938,1.0,7.345839500427246
680,4,2,-0.20277844369411469,-0.20277844369411469,0.01733575202524662,0.0,6.632794380187988
680,4,3,2.0431735515594482,0.04317358881235123,0.9853818416595459,1.0,7.521142959594727
680,4,4,1.832521915435791,-0.1674780547618866,0.98592209815979,1.0,6.74125862121582
680,4,5,1.6673153638839722,-0.33268460631370544,0.9859091639518738,1.0,7.083859920501709
680,4,6,1.891062617301941,-0.10893741250038147,0.9867449402809143,1.0,6.929226875305176
680,4,7,2.708303928375244,0.7083038091659546,0.9852666854858398,1.0,6.833725929260254
680,4,8,1.637532353401184,-0.3624676764011383,0.9291025996208191,1.0,4.872653961181641
680,4,9,-0.3122018873691559,-0.3122018873691559,0.021704424172639847,0.0,7.089087963104248
680,4,10,0.46588757634162903,0.46588757634162903,0.0,0.0,5.7378716468811035
680,4,11,1.9025238752365112,-0.09747608006000519,0.9788685441017151,1.0,6.352377891540527
680,4,12,2.0066795349121094,0.00667942501604557,0.9865065813064575,1.0,6.036439418792725
680,4,13,1.9800255298614502,-0.01997450739145279,0.9859420657157898,1.0,5.870553970336914
680,4,14,2.3288023471832275,0.3288023769855499,0.9858912825584412,1.0,6.780963897705078
680,4,15,2.0046660900115967,0.004666035063564777,0.9856927394866943,1.0,5.687536239624023
680,4,16,2.2709736824035645,0.2709736227989197,0.9856422543525696,1.0,6.120833396911621
680,4,17,2.275808572769165,0.2758086323738098,0.9875226616859436,1.0,7.196507453918457
680,4,18,-0.09848897904157639,-0.09848897904157639,0.025872014462947845,0.0,6.977639198303223
680,4,19,1.7903525829315186,-0.20964735746383667,0.9834381937980652,1.0,6.092586517333984
660,0,0,-0.7075158953666687,-0.7075158953666687,0.013967934064567089,0.0,6.554494857788086
660,0,1,1.8682670593261719,-0.13173294067382812,0.9836666584014893,1.0,5.147892951965332
660,0,2,1.90427827835083,-0.09572175145149231,0.9835528135299683,1.0,5.602128028869629
660,0,3,-0.321843683719635,-0.321843683719635,0.013861941173672676,0.0,5.9322428703308105
660,0,4,2.684009075164795,0.6840089559555054,0.9859825968742371,1.0,6.455323219299316
660,0,5,0.2900151014328003,0.2900151014328003,0.014454304240643978,0.0,6.220330238342285
660,0,6,2.545546531677246,0.5455464720726013,0.9838412404060364,1.0,6.75908088684082
660,0,7,-0.15047578513622284,-0.15047578513622284,0.012969068251550198,0.0,6.580999374389648
660,0,8,2.0449116230010986,0.044911663979291916,0.9845966696739197,1.0,6.662866592407227
660,0,9,2.0112295150756836,0.011229606345295906,0.984498918056488,1.0,6.359352111816406
660,0,10,0.04841294884681702,0.04841294884681702,0.01348635833710432,0.0,6.449256420135498
660,0,11,0.18126364052295685,0.18126364052295685,0.0,0.0,5.990769386291504
660,0,12,-0.5049622058868408,-0.5049622058868408,0.042187001556158066,0.0,6.393547058105469
660,0,13,2.1203434467315674,0.12034342437982559,0.985993504524231,1.0,5.643939971923828
660,0,14,1.953033208847046,-0.04696685075759888,0.9685118198394775,1.0,6.046866416931152
660,0,15,2.099459409713745,0.09945946931838989,0.9841221570968628,1.0,5.946990966796875
660,0,16,1.491309404373169,-0.508690595626831,0.9836611151695251,1.0,5.936310291290283
660,0,17,1.9670130014419556,-0.03298703581094742,0.9846856594085693,1.0,6.002519607543945
660,0,18,-0.1245637983083725,-0.1245637983083725,0.0,0.0,6.46757698059082
660,0,19,-0.23329903185367584,-0.23329903185367584,0.03649250790476799,0.0,6.184978008270264
660,1,0,-0.036591459065675735,-0.036591459065675735,0.012668653391301632,0.0,6.047520160675049
660,1,1,0.12033713608980179,0.12033713608980179,0.01251644641160965,0.0,6.482376575469971
660,1,2,-0.5525125861167908,-0.5525125861167908,0.026681361719965935,0.0,6.749663829803467
660,1,3,0.07982166111469269,0.07982166111469269,0.012391028925776482,0.0,4.455622673034668
660,1,4,-0.6115826964378357,-0.6115826964378357,0.012721845880150795,0.0,5.481958866119385
660,1,5,-0.8407782912254333,-0.8407782912254333,0.013297096826136112,0.0,5.636233329772949
660,1,6,-0.7196045517921448,-0.7196045517921448,0.012531849555671215,0.0,6.719033718109131
660,1,7,-0.14968591928482056,-0.14968591928482056,0.016869142651557922,0.0,6.342085838317871
660,1,8,-0.9269657731056213,-0.9269657731056213,0.01660110056400299,0.0,6.395025253295898
660,1,9,-0.7046766877174377,-0.7046766877174377,0.025219744071364403,0.0,6.37033748626709
660,1,10,0.3145573139190674,0.3145573139190674,0.012284916825592518,0.0,6.856128215789795
660,1,11,-0.6885812282562256,-0.6885812282562256,0.013371041975915432,0.0,5.542705535888672
660,1,12,0.4487680494785309,0.4487680494785309,0.012601765803992748,0.0,5.592989921569824
660,1,13,-0.10628074407577515,-0.10628074407577515,0.01936856098473072,0.0,5.84076452255249
660,1,14,-0.5118889808654785,-0.5118889808654785,0.012265399098396301,0.0,5.02596378326416
660,1,15,-0.23934419453144073,-0.23934419453144073,0.012459324672818184,0.0,5.669961929321289
660,1,16,0.780789852142334,0.780789852142334,0.01188176590949297,0.0,5.959278583526611
660,1,17,0.233162522315979,0.233162522315979,0.01284167729318142,0.0,6.028939723968506
660,1,18,0.43898871541023254,0.43898871541023254,0.014917353168129921,0.0,5.547076225280762
660,1,19,-0.2209651619195938,-0.2209651619195938,0.012902610935270786,0.0,5.9276204109191895
660,2,0,2.7847700119018555,0.7847698926925659,0.8407385349273682,1.0,5.971745014190674
660,2,1,0.43404296040534973,0.43404296040534973,0.015322186052799225,0.0,6.49751091003418
660,2,2,0.6789863705635071,0.6789863705635071,0.01646961085498333,0.0,5.95220422744751
660,2,3,0.32504013180732727,0.32504013180732727,0.01375866774469614,0.0,6.344338893890381
660,2,4,0.3570489287376404,0.3570489287376404,0.020279323682188988,0.0,5.633519172668457
660,2,5,2.8700218200683594,0.8700219392776489,0.9761502742767334,1.0,5.723026752471924
660,2,6,0.313601553440094,0.313601553440094,0.017356298863887787,0.0,4.82697057723999
660,2,7,0.12727424502372742,0.12727424502372742,0.02358395978808403,0.0,5.9849348068237305
660,2,8,0.14339686930179596,0.14339686930179596,0.017534371465444565,0.0,6.358515739440918
660,2,9,0.30656561255455017,0.30656561255455017,0.014811688102781773,0.0,6.609813213348389
660,2,10,0.533801794052124,0.533801794052124,0.02060607261955738,0.0,6.027889251708984
660,2,11,0.3575807511806488,0.3575807511806488,0.016901787370443344,0.0,5.883546829223633
660,2,12,0.295696884393692,0.295696884393692,0.013035033829510212,0.0,5.44625186920166
660,2,13,0.4101220667362213,0.4101220667362213,0.014305449090898037,0.0,7.209528923034668
660,2,14,0.39725786447525024,0.39725786447525024,0.016512854024767876,0.0,6.8412089347839355
660,2,15,0.011091993190348148,0.011091993190348148,0.01923971064388752,0.0,6.243295669555664
660,2,16,0.36486443877220154,0.36486443877220154,0.015395475551486015,0.0,6.040859222412109
660,2,17,0.41308748722076416,0.41308748722076416,0.015286308713257313,0.0,5.800142288208008
660,2,18,0.36885300278663635,0.36885300278663635,0.016003761440515518,0.0,6.177597522735596
660,2,19,0.687946081161499,0.687946081161499,0.015143578872084618,0.0,6.170294761657715
660,3,0,-0.3686158359050751,-0.3686158359050751,0.013515684753656387,0.0,6.258584976196289
660,3,1,-0.09762116521596909,-0.09762116521596909,0.015143012627959251,0.0,5.518257141113281
660,3,2,0.3189272880554199,0.3189272880554199,0.01260817889124155,0.0,6.174077987670898
660,3,3,0.5669800043106079,0.5669800043106079,0.014191851951181889,0.0,6.506346702575684
660,3,4,0.6004976630210876,0.6004976630210876,0.012983346357941628,0.0,6.791862487792969
660,3,5,0.5416387319564819,0.5416387319564819,0.021046195179224014,0.0,6.165201187133789
660,3,6,0.17380116879940033,0.17380116879940033,0.01538714300841093,0.0,6.963544845581055
660,3,7,-1.1485859155654907,-1.1485859155654907,0.012844059616327286,0.0,6.461766719818115
660,3,8,0.6474644541740417,0.6474644541740417,0.01276303268969059,0.0,6.719679355621338
660,3,9,0.19871929287910461,0.19871929287910461,0.013748811557888985,0.0,5.644761085510254
660,3,10,0.09528141468763351,0.09528141468763351,0.014350486919283867,0.0,5.863493919372559
660,3,11,0.38689619302749634,0.38689619302749634,0.01444003265351057,0.0,6.244852066040039
660,3,12,-0.275011271238327,-0.275011271238327,0.016180455684661865,0.0,6.150164604187012
660,3,13,0.11790427565574646,0.11790427565574646,0.014939344488084316,0.0,6.247848033905029
660,3,14,0.7172433733940125,0.7172433733940125,0.013354330323636532,0.0,7.000607967376709
660,3,15,-1.2700952291488647,-1.2700952291488647,0.013375640846788883,0.0,5.839334487915039
660,3,16,0.7405624985694885,0.7405624985694885,0.013565453700721264,0.0,6.483742713928223
660,3,17,0.21965298056602478,0.21965298056602478,0.014245997183024883,0.0,6.172813415527344
660,3,18,0.3216347396373749,0.3216347396373749,0.012713941745460033,0.0,5.927134037017822
660,3,19,0.5490255951881409,0.5490255951881409,0.016100509092211723,0.0,5.758500576019287
660,4,0,2.231137752532959,0.23113775253295898,0.9872878789901733,1.0,5.955348014831543
660,4,1,2.448637008666992,0.44863709807395935,0.987532913684845,1.0,6.234618186950684
660,4,2,0.4302506446838379,0.4302506446838379,0.16993266344070435,0.0,6.945710182189941
660,4,3,1.8213753700256348,-0.17862462997436523,0.9828929305076599,1.0,6.591609954833984
660,4,4,2.034928798675537,0.03492869809269905,0.9860448837280273,1.0,6.79392147064209
660,4,5,0.49696052074432373,0.49696052074432373,0.022048477083444595,0.0,6.878159523010254
660,4,6,1.7525454759597778,-0.24745450913906097,0.9840354323387146,1.0,5.708503246307373
660,4,7,2.227306842803955,0.2273067981004715,0.9866026639938354,1.0,6.073763847351074
660,4,8,1.8705638647079468,-0.1294361799955368,0.9829414486885071,1.0,6.216594696044922
660,4,9,-0.17583826184272766,-0.17583826184272766,0.0,0.0,4.9993896484375
660,4,10,1.8435049057006836,-0.1564951241016388,0.9352852702140808,1.0,5.838225364685059
660,4,11,2.1438441276550293,0.14384408295154572,0.986194372177124,1.0,5.294833183288574
660,4,12,-0.4971897602081299,-0.4971897602081299,0.044350698590278625,0.0,5.546708106994629
660,4,13,2.077298879623413,0.07729892432689667,0.9868712425231934,1.0,6.810337066650391
660,4,14,-0.614423930644989,-0.614423930644989,0.09781874716281891,0.0,6.542447090148926
660,4,15,-0.678917407989502,-0.678917407989502,0.0,0.0,5.450506210327148
660,4,16,1.9013051986694336,-0.09869478642940521,0.9849420785903931,1.0,6.647099018096924
660,4,17,-0.3309750556945801,-0.3309750556945801,0.049412548542022705,0.0,5.753979682922363
660,4,18,2.088318109512329,0.08831807225942612,0.9817776679992676,1.0,5.843910217285156
660,4,19,-0.5287732481956482,-0.5287732481956482,0.10853642225265503,0.0,5.906977653503418
640,0,0,1.226259469985962,-0.7737404704093933,0.986364483833313,1.0,5.15695858001709
640,0,1,2.7999119758605957,0.7999119758605957,0.9764485359191895,1.0,6.073009490966797
640,0,2,1.7695049047470093,-0.23049511015415192,0.8802420496940613,1.0,6.416592597961426
640,0,3,1.6183679103851318,-0.38163214921951294,0.9763540029525757,1.0,5.489609718322754
640,0,4,-0.5971677303314209,-0.5971677303314209,0.01691328175365925,0.0,5.8810858726501465
640,0,5,-0.7912825345993042,-0.7912825345993042,0.016728036105632782,0.0,6.324429512023926
640,0,6,1.9670686721801758,-0.03293130174279213,0.9842734336853027,1.0,5.87965202331543
640,0,7,1.6764600276947021,-0.3235400319099426,0.9822068214416504,1.0,6.276248931884766
640,0,8,2.737515926361084,0.7375159859657288,0.9840896129608154,1.0,5.96610164642334
640,0,9,-0.006828286685049534,-0.006828286685049534,0.0,0.0,6.319432258605957
640,0,10,-0.6574926972389221,-0.6574926972389221,0.012679333798587322,0.0,5.846119403839111
640,0,11,-0.8850025534629822,-0.8850025534629822,0.01397701259702444,0.0,5.88206672668457
640,0,12,-0.5507887601852417,-0.5507887601852417,0.013870527036488056,0.0,6.10929536819458
640,0,13,-0.7176606059074402,-0.7176606059074402,0.013432399369776249,0.0,5.676455974578857
640,0,14,1.9910613298416138,-0.008938653394579887,0.9844100475311279,1.0,6.120607376098633
640,0,15,-0.29718583822250366,-0.29718583822250366,0.013419135473668575,0.0,5.533161640167236
640,0,16,1.2999465465545654,-0.7000533938407898,0.9805133938789368,1.0,5.671220302581787
640,0,17,1.8872718811035156,-0.11272817105054855,0.9252346158027649,1.0,5.264226913452148
640,0,18,-0.04259493201971054,-0.04259493201971054,0.02659269981086254,0.0,5.846662521362305
640,0,19,1.6190180778503418,-0.3809819221496582,0.9847566485404968,1.0,6.004110336303711
640,1,0,-0.7432658672332764,-0.7432658672332764,0.013458351604640484,0.0,6.582816123962402
640,1,1,-0.8220311403274536,-0.8220311403274536,0.01669810339808464,0.0,6.597815990447998
640,1,2,-0.4495168924331665,-0.4495168924331665,0.014626200310885906,0.0,6.333104133605957
640,1,3,-0.3440496027469635,-0.3440496027469635,0.014362970367074013,0.0,6.735333442687988
640,1,4,-0.8276931643486023,-0.8276931643486023,0.016334718093276024,0.0,5.807352066040039
640,1,5,0.40958720445632935,0.40958720445632935,0.012635082006454468,0.0,6.105013847351074
640,1,6,0.03904411941766739,0.03904411941766739,0.01722879707813263,0.0,7.411125659942627
640,1,7,-0.4330736994743347,-0.4330736994743347,0.011864249594509602,0.0,5.629238128662109
640,1,8,-0.45187026262283325,-0.45187026262283325,0.012249592691659927,0.0,5.705204963684082
640,1,9,-1.2353562116622925,-1.2353562116622925,0.013818400911986828,0.0,4.832911491394043
640,1,10,0.446931928396225,0.446931928396225,0.012083991430699825,0.0,5.431407928466797
640,1,11,-0.8111521601676941,-0.8111521601676941,0.0141921266913414,0.0,6.203131675720215
640,1,12,-0.24135391414165497,-0.24135391414165497,0.012668929062783718,0.0,5.705689907073975
640,1,13,-0.17983824014663696,-0.17983824014663696,0.013260703533887863,0.0,5.684134006500244
640,1,14,-0.537359893321991,-0.537359893321991,0.04615720734000206,0.0,6.544145107269287
640,1,15,0.09529436379671097,0.09529436379671097,0.013034536503255367,0.0,6.575196266174316
640,1,16,-1.5118625164031982,-1.5118625164031982,0.01296962983906269,0.0,7.124866962432861
640,1,17,-0.8854854702949524,-0.8854854702949524,0.023715915158391,0.0,6.161241054534912
640,1,18,-0.2813411355018616,-0.2813411355018616,0.018535176292061806,0.0,6.6181254386901855
640,1,19,-0.11742095649242401,-0.11742095649242401,0.01221547182649374,0.0,6.246869087219238
640,2,0,0.5617084503173828,0.5617084503173828,0.018178025260567665,0.0,5.695948600769043
640,2,1,0.7788181900978088,0.7788181900978088,0.013827280141413212,0.0,6.7491774559021
640,2,2,0.11277364194393158,0.11277364194393158,0.015787726268172264,0.0,6.097600936889648
640,2,3,0.4194391369819641,0.4194391369819641,0.0159800723195076,0.0,6.44398832321167
640,2,4,0.03331047296524048,0.03331047296524048,0.015636350959539413,0.0,5.368082523345947
640,2,5,0.46004605293273926,0.46004605293273926,0.016189787536859512,0.0,6.351045608520508
640,2,6,0.6510105729103088,0.6510105729103088,0.015928441658616066,0.0,6.708740234375
640,2,7,2.651883840560913,0.6518837809562683,0.8451017141342163,1.0,5.992125511169434
640,2,8,0.7869731783866882,0.7869731783866882,0.01737765222787857,0.0,5.959500312805176
640,2,9,0.7533536553382874,0.7533536553382874,0.015536879189312458,0.0,6.779049873352051
640,2,10,0.10894647240638733,0.10894647240638733,0.015684014186263084,0.0,5.73708438873291
640,2,11,0.005763066466897726,0.005763066466897726,0.025454021990299225,0.0,6.48038387298584
640,2,12,0.3654526472091675,0.3654526472091675,0.017142901197075844,0.0,5.733687400817871
640,2,13,0.5587029457092285,0.5587029457092285,0.016673529520630836,0.0,6.407145023345947
640,2,14,0.36609187722206116,0.36609187722206116,0.016893059015274048,0.0,5.515079021453857
640,2,15,0.3196466267108917,0.3196466267108917,0.014321299269795418,0.0,6.143969535827637
640,2,16,0.20264169573783875,0.20264169573783875,0.017081264406442642,0.0,6.02812385559082
640,2,17,0.40011605620384216,0.40011605620384216,0.016805129125714302,0.0,5.58800745010376
640,2,18,0.5732961297035217,0.5732961297035217,0.014127839356660843,0.0,5.84755277633667
640,2,19,0.5698003768920898,0.5698003768920898,0.01695524901151657,0.0,5.886447906494141
640,3,0,0.25408998131752014,0.25408998131752014,0.013727464713156223,0.0,6.070047378540039
640,3,1,0.7218446731567383,0.7218446731567383,0.012342515401542187,0.0,6.203405380249023
640,3,2,0.30094262957572937,0.30094262957572937,0.015218191780149937,0.0,6.387514114379883
640,3,3,-0.041779231280088425,-0.041779231280088425,0.012713884003460407,0.0,6.575875759124756
640,3,4,0.11595434695482254,0.11595434695482254,0.013930077664554119,0.0,6.018064498901367
640,3,5,0.5826061367988586,0.5826061367988586,0.015951642766594887,0.0,6.445913314819336
640,3,6,0.6272668838500977,0.6272668838500977,0.01289395522326231,0.0,6.484104156494141
640,3,7,0.4707895815372467,0.4707895815372467,0.015450142323970795,0.0,6.171408653259277
640,3,8,0.39807596802711487,0.39807596802711487,0.013067808002233505,0.0,6.650705814361572
640,3,9,-0.27978020906448364,-0.27978020906448364,0.015993868932127953,0.0,6.123952388763428
640,3,10,-0.4538811147212982,-0.4538811147212982,0.014807935804128647,0.0,5.432557106018066
640,3,11,0.17235685884952545,0.17235685884952545,0.012989924289286137,0.0,6.548309326171875
640,3,12,0.5200871825218201,0.5200871825218201,0.014300493523478508,0.0,6.4635210037231445
640,3,13,0.29262775182724,0.29262775182724,0.012851376086473465,0.0,5.76291561126709
640,3,14,0.3326118290424347,0.3326118290424347,0.015010856091976166,0.0,5.812440395355225
640,3,15,0.6416557431221008,0.6416557431221008,0.014397071674466133,0.0,5.754212856292725
640,3,16,0.5321832299232483,0.5321832299232483,0.01505357027053833,0.0,6.738309383392334
640,3,17,0.5884374380111694,0.5884374380111694,0.012427560053765774,0.0,6.112147331237793
640,3,18,0.06969422101974487,0.06969422101974487,0.015925556421279907,0.0,5.982320785522461
640,3,19,0.18787652254104614,0.18787652254104614,0.02768852561712265,0.0,5.619882583618164
640,4,0,-0.5275272727012634,-0.5275272727012634,0.09650982171297073,0.0,6.2685136795043945
640,4,1,2.041435956954956,0.0414358451962471,0.9866558313369751,1.0,7.537625312805176
640,4,2,1.321003794670105,-0.678996205329895,0.9397358894348145,1.0,5.8118720054626465
640,4,3,2.1157515048980713,0.11575151234865189,0.9853240847587585,1.0,6.749697685241699
640,4,4,-0.19265709817409515,-0.19265709817409515,0.08539241552352905,0.0,5.760595321655273
640,4,5,-0.4492974877357483,-0.4492974877357483,0.0,0.0,5.419209003448486
640,4,6,-0.4974305033683777,-0.4974305033683777,0.05870415270328522,0.0,7.061064720153809
640,4,7,1.1195968389511108,-0.8804031610488892,0.9625139832496643,1.0,6.177390098571777
640,4,8,1.802513837814331,-0.19748622179031372,0.9811875224113464,1.0,5.800553321838379
640,4,9,2.0638351440429688,0.06383509933948517,0.9869215488433838,1.0,5.674396514892578
640,4,10,2.1395106315612793,0.13951052725315094,0.9861840605735779,1.0,6.623889923095703
640,4,11,1.9040112495422363,-0.09598880261182785,0.9346442818641663,1.0,5.811700820922852
640,4,12,-0.6017319560050964,-0.6017319560050964,0.17976276576519012,0.0,6.418419361114502
640,4,13,0.15453451871871948,0.15453451871871948,0.0,0.0,5.618887901306152
640,4,14,1.7448886632919312,-0.25511130690574646,0.9826546311378479,1.0,5.306723594665527
640,4,15,2.2667393684387207,0.2667393684387207,0.9869896769523621,1.0,6.943732261657715
640,4,16,1.767897129058838,-0.23210293054580688,0.9815047383308411,1.0,5.972986221313477
640,4,17,1.6189284324645996,-0.3810715675354004,0.9865530133247375,1.0,6.028145790100098
640,4,18,2.033689022064209,0.03368912264704704,0.9724758863449097,1.0,5.7059783935546875
640,4,19,1.628729224205017,-0.3712707757949829,0.9842425584793091,1.0,6.217568874359131
620,0,0,-0.5335531234741211,-0.5335531234741211,0.013364400714635849,0.0,6.172441482543945
620,0,1,0.09247449040412903,0.09247449040412903,0.015403203666210175,0.0,5.1908135414123535
620,0,2,-0.8203189969062805,-0.8203189969062805,0.014040887355804443,0.0,4.735213279724121
620,0,3,-0.0322054959833622,-0.0322054959833622,0.013718001544475555,0.0,5.594770908355713
620,0,4,1.6950664520263672,-0.3049336075782776,0.8788269758224487,1.0,6.010714530944824
620,0,5,2.432577133178711,0.4325771629810333,0.9835859537124634,1.0,6.306092262268066
620,0,6,1.914994716644287,-0.0850052759051323,0.9838790893554688,1.0,5.470128059387207
620,0,7,2.4928693771362305,0.49286940693855286,0.9803264141082764,1.0,6.179398536682129
620,0,8,0.027628708630800247,0.027628708630800247,0.022124260663986206,0.0,5.103750705718994
620,0,9,-0.4970451593399048,-0.4970451593399048,0.014242956414818764,0.0,6.198265075683594
620,0,10,2.186974048614502,0.18697403371334076,0.9859685897827148,1.0,5.68456506729126
620,0,11,-0.3431788682937622,-0.3431788682937622,0.01303374394774437,0.0,5.376416206359863
620,0,12,-0.5552699565887451,-0.5552699565887451,0.0,0.0,5.332953453063965
620,0,13,-0.3142555356025696,-0.3142555356025696,0.014294585213065147,0.0,5.416318893432617
620,0,14,-0.19406895339488983,-0.19406895339488983,0.01343698799610138,0.0,5.184501647949219
620,0,15,-0.5230615735054016,-0.5230615735054016,0.02110130339860916,0.0,5.567415237426758
620,0,16,-0.9192779064178467,-0.9192779064178467,0.015504433773458004,0.0,5.773460388183594
620,0,17,-0.8775852918624878,-0.8775852918624878,0.013499477878212929,0.0,6.152624130249023
620,0,18,-1.0961772203445435,-1.0961772203445435,0.015600503422319889,0.0,5.2443132400512695
620,0,19,2.038316488265991,0.03831655532121658,0.8758816719055176,1.0,6.375877380371094
620,1,0,0.19591960310935974,0.19591960310935974,0.01583033986389637,0.0,6.771350860595703
620,1,1,-0.6365377306938171,-0.6365377306938171,0.01542271114885807,0.0,6.579662322998047
620,1,2,-0.5248713493347168,-0.5248713493347168,0.014841663651168346,0.0,6.326785087585449
620,1,3,-0.357707142829895,-0.357707142829895,0.013941765762865543,0.0,5.922698497772217
620,1,4,0.22474579513072968,0.22474579513072968,0.013786740601062775,0.0,5.204257488250732
620,1,5,-0.5451871156692505,-0.5451871156692505,0.02572713978588581,0.0,6.146053791046143
620,1,6,-0.2193114310503006,-0.2193114310503006,0.01396727655082941,0.0,6.402898788452148
620,1,7,0.10896637290716171,0.10896637290716171,0.01484670490026474,0.0,6.570771217346191
620,1,8,-0.7067277431488037,-0.7067277431488037,0.013340427540242672,0.0,6.220371723175049
620,1,9,-0.21251437067985535,-0.21251437067985535,0.012853954918682575,0.0,6.128961563110352
620,1,10,-0.6287140250205994,-0.6287140250205994,0.013053609989583492,0.0,6.465814590454102
620,1,11,-0.5784297585487366,-0.5784297585487366,0.013759275898337364,0.0,6.1236653327941895
620,1,12,-0.47214818000793457,-0.47214818000793457,0.01224562432616949,0.0,6.403196334838867
620,1,13,0.16209213435649872,0.16209213435649872,0.011884835548698902,0.0,5.018144607543945
620,1,14,-0.4239681363105774,-0.4239681363105774,0.019361918792128563,0.0,6.781200408935547
620,1,15,-0.2060145139694214,-0.2060145139694214,0.015634076669812202,0.0,7.034961700439453
620,1,16,-0.33237767219543457,-0.33237767219543457,0.012638294138014317,0.0,6.629765510559082
620,1,17,-0.36963194608688354,-0.36963194608688354,0.023637879639863968,0.0,5.970533847808838
620,1,18,-0.7362768650054932,-0.7362768650054932,0.016570953652262688,0.0,6.690970420837402
620,1,19,-0.2831851840019226,-0.2831851840019226,0.014055564068257809,0.0,6.22263240814209
620,2,0,0.7233555316925049,0.7233555316925049,0.017849892377853394,0.0,6.500206470489502
620,2,1,0.5926761031150818,0.5926761031150818,0.020167022943496704,0.0,6.055704116821289
620,2,2,0.4848319888114929,0.4848319888114929,0.016100268810987473,0.0,6.145123481750488
620,2,3,0.9345741271972656,0.9345741271972656,0.016771117225289345,0.0,5.39433479309082
620,2,4,2.636202335357666,0.6362023949623108,0.9331880807876587,1.0,6.246376991271973
620,2,5,0.2810743451118469,0.2810743451118469,0.017583200708031654,0.0,6.503146171569824
620,2,6,-0.06469456106424332,-0.06469456106424332,0.018615897744894028,0.0,5.847781181335449
620,2,7,0.33073949813842773,0.33073949813842773,0.01708246022462845,0.0,6.466092109680176
620,2,8,0.12416696548461914,0.12416696548461914,0.025971727445721626,0.0,5.636541843414307
620,2,9,0.6555466055870056,0.6555466055870056,0.015527544543147087,0.0,5.704646110534668
620,2,10,0.3868303894996643,0.3868303894996643,0.014787506312131882,0.0,7.103120803833008
620,2,11,0.2283153086900711,0.2283153086900711,0.016436763107776642,0.0,5.9686479568481445
620,2,12,0.6377320885658264,0.6377320885658264,0.013600318692624569,0.0,5.640994071960449
620,2,13,0.3713984191417694,0.3713984191417694,0.015473654493689537,0.0,6.5788984298706055
620,2,14,0.25089243054389954,0.25089243054389954,0.01522765588015318,0.0,6.524198532104492
620,2,15,0.509157121181488,0.509157121181488,0.016121355816721916,0.0,5.782576084136963
620,2,16,0.5074535608291626,0.5074535608291626,0.015758942812681198,0.0,5.605818748474121
620,2,17,0.24294981360435486,0.24294981360435486,0.0,0.0,6.073729515075684
620,2,18,0.3649751842021942,0.3649751842021942,0.014671022072434425,0.0,5.62600040435791
620,2,19,0.7022261619567871,0.7022261619567871,0.023376332595944405,0.0,5.592587947845459
620,3,0,0.3860396146774292,0.3860396146774292,0.015632448717951775,0.0,5.792361259460449
620,3,1,-0.8529499769210815,-0.8529499769210815,0.014980646781623363,0.0,6.205103397369385
620,3,2,0.3116908371448517,0.3116908371448517,0.013050691224634647,0.0,6.384005546569824
620,3,3,0.5418288707733154,0.5418288707733154,0.012613505125045776,0.0,6.824262619018555
620,3,4,0.4988923966884613,0.4988923966884613,0.013468286953866482,0.0,6.501925468444824
620,3,5,0.23329226672649384,0.23329226672649384,0.013277098536491394,0.0,6.119866371154785
620,3,6,0.3423677384853363,0.3423677384853363,0.012624206021428108,0.0,6.65626335144043
620,3,7,0.40497729182243347,0.40497729182243347,0.013599044643342495,0.0,6.396347999572754
620,3,8,0.2091985046863556,0.2091985046863556,0.014722372405230999,0.0,5.564723968505859
620,3,9,0.48786839842796326,0.48786839842796326,0.01280972920358181,0.0,6.533736228942871
620,3,10,0.42887192964553833,0.42887192964553833,0.013334667310118675,0.0,6.14842414855957
620,3,11,0.4982953369617462,0.4982953369617462,0.012728064320981503,0.0,6.312650680541992
620,3,12,0.6731342077255249,0.6731342077255249,0.018775999546051025,0.0,6.915178298950195
620,3,13,0.23514027893543243,0.23514027893543243,0.01441124640405178,0.0,6.0194854736328125
620,3,14,0.166184663772583,0.166184663772583,0.014720355160534382,0.0,5.540632247924805
620,3,15,0.295665979385376,0.295665979385376,0.013750343583524227,0.0,6.219020366668701
620,3,16,0.21946631371974945,0.21946631371974945,0.013845419511198997,0.0,6.010470867156982
620,3,17,0.44652289152145386,0.44652289152145386,0.013587229885160923,0.0,6.10831356048584
620,3,18,0.004896530881524086,0.004896530881524086,0.014734537340700626,0.0,6.5945844650268555
620,3,19,-0.01832371950149536,-0.01832371950149536,0.01412147842347622,0.0,6.979649543762207
620,4,0,1.6829631328582764,-0.31703686714172363,0.9782474637031555,1.0,5.545819282531738
620,4,1,0.10492335259914398,0.10492335259914398,0.06114982068538666,0.0,5.721125602722168
620,4,2,2.1162185668945312,0.11621864140033722,0.9870331287384033,1.0,6.128537178039551
620,4,3,2.394055128097534,0.39405521750450134,0.9868229627609253,1.0,6.116537094116211
620,4,4,1.864876389503479,-0.1351235806941986,0.9861252903938293,1.0,5.981547832489014
620,4,5,1.8774755001068115,-0.1225244477391243,0.9857661724090576,1.0,6.41515588760376
620,4,6,1.705802321434021,-0.2941977083683014,0.9851882457733154,1.0,5.669124126434326
620,4,7,2.035053253173828,0.03505316376686096,0.983391284942627,1.0,5.686895370483398
620,4,8,2.298614978790283,0.2986149489879608,0.9853120446205139,1.0,5.221453666687012
620,4,9,1.1286048889160156,-0.8713951110839844,0.9838867783546448,1.0,6.1081156730651855
620,4,10,2.0708322525024414,0.07083224505186081,0.984514057636261,1.0,6.212652683258057
620,4,11,0.016632696613669395,0.016632696613669395,0.03794758766889572,0.0,6.598485946655273
620,4,12,1.5811952352523804,-0.418804794549942,0.985498309135437,1.0,5.862377166748047
620,4,13,2.0414516925811768,0.04145162180066109,0.9808084964752197,1.0,6.278764724731445
620,4,14,2.062248706817627,0.06224869564175606,0.9864728450775146,1.0,6.092607498168945
620,4,15,1.8389760255813599,-0.16102398931980133,0.9866958856582642,1.0,6.675647735595703
620,4,16,1.887213110923767,-0.1127869114279747,0.87082839012146,1.0,5.549511432647705
620,4,17,2.1804769039154053,0.18047700822353363,0.9861927628517151,1.0,5.913333415985107
620,4,18,1.593656063079834,-0.4063439965248108,0.9816307425498962,1.0,5.228254318237305
620,4,19,1.595365285873413,-0.4046347439289093,0.9873082041740417,1.0,6.387701988220215
600,0,0,2.4539713859558105,0.4539715051651001,0.9825220108032227,1.0,6.014267444610596
600,0,1,-0.4587707817554474,-0.4587707817554474,0.016202090308070183,0.0,5.486865043640137
600,0,2,2.2843148708343506,0.28431493043899536,0.9020184278488159,1.0,6.103877067565918
600,0,3,-0.8070679306983948,-0.8070679306983948,0.017698373645544052,0.0,4.950610160827637
600,0,4,1.40617036819458,-0.5938296318054199,0.9561252593994141,1.0,4.637631893157959
600,0,5,-0.1819048672914505,-0.1819048672914505,0.015543517656624317,0.0,5.748605728149414
600,0,6,0.019129790365695953,0.019129790365695953,0.01654927432537079,0.0,6.222989082336426
600,0,7,-0.8387208580970764,-0.8387208580970764,0.013548535294830799,0.0,6.133368968963623
600,0,8,2.1568493843078613,0.1568494588136673,0.9820297360420227,1.0,6.4495697021484375
600,0,9,-0.2041061520576477,-0.2041061520576477,0.013509581796824932,0.0,6.004021167755127
600,0,10,-0.1818801909685135,-0.1818801909685135,0.013747983612120152,0.0,5.408769607543945
600,0,11,1.962878704071045,-0.03712133318185806,0.9813733696937561,1.0,6.34252405166626
600,0,12,-0.4419037997722626,-0.4419037997722626,0.015738070011138916,0.0,5.8519768714904785
600,0,13,-0.4997212886810303,-0.4997212886810303,0.0,0.0,6.121230125427246
600,0,14,2.2175028324127197,0.21750272810459137,0.9764849543571472,1.0,5.259226322174072
600,0,15,0.11585470288991928,0.11585470288991928,0.013181174173951149,0.0,6.245553016662598
600,0,16,-1.2648621797561646,-1.2648621797561646,0.016379736363887787,0.0,5.7450761795043945
600,0,17,1.864534616470337,-0.13546544313430786,0.9808608293533325,1.0,5.91455078125
600,0,18,2.5902600288391113,0.5902600288391113,0.9857358336448669,1.0,5.380794525146484
600,0,19,-0.7004148960113525,-0.7004148960113525,0.01343035139143467,0.0,5.34811544418335
600,1,0,-0.4381825923919678,-0.4381825923919678,0.012517347931861877,0.0,6.158150672912598
600,1,1,-0.42976823449134827,-0.42976823449134827,0.017351990565657616,0.0,5.6560773849487305
600,1,2,-1.3384722471237183,-1.3384722471237183,0.012757170014083385,0.0,5.5202741622924805
600,1,3,-0.05730235576629639,-0.05730235576629639,0.01966508850455284,0.0,6.658915996551514
600,1,4,0.024380341172218323,0.024380341172218323,0.012471663765609264,0.0,5.462518215179443
600,1,5,-0.374853253364563,-0.374853253364563,0.012267137877643108,0.0,6.2571306228637695
600,1,6,-0.1114191859960556,-0.1114191859960556,0.014667389914393425,0.0,6.144220352172852
600,1,7,-0.6358448266983032,-0.6358448266983032,0.018456680700182915,0.0,6.334935188293457
600,1,8,-0.5466991066932678,-0.5466991066932678,0.012760689482092857,0.0,6.561795234680176
600,1,9,-0.3803652822971344,-0.3803652822971344,0.026990586891770363,0.0,7.200108528137207
600,1,10,-0.04447287321090698,-0.04447287321090698,0.013509202748537064,0.0,5.697844505310059
600,1,11,0.2768557667732239,0.2768557667732239,0.01237536035478115,0.0,5.926472187042236
600,1,12,0.08384197950363159,0.08384197950363159,0.014024116098880768,0.0,6.187603950500488
600,1,13,-0.09645119309425354,-0.09645119309425354,0.01446919608861208,0.0,5.984694480895996
600,1,14,-0.5073333978652954,-0.5073333978652954,0.013192159123718739,0.0,6.814326763153076
600,1,15,-0.4650109112262726,-0.4650109112262726,0.01304759830236435,0.0,6.50156831741333
600,1,16,-0.2279169261455536,-0.2279169261455536,0.015114336274564266,0.0,6.5516486167907715
600,1,17,-1.1053721904754639,-1.1053721904754639,0.04909277707338333,0.0,6.551701068878174
600,1,18,-0.6087778806686401,-0.6087778806686401,0.05197479575872421,0.0,6.1595659255981445
600,1,19,-0.5243802666664124,-0.5243802666664124,0.01998176798224449,0.0,5.8106608390808105
600,2,0,0.6741966009140015,0.6741966009140015,0.02170410007238388,0.0,6.976385593414307
600,2,1,0.343008428812027,0.343008428812027,0.014497106894850731,0.0,6.341393947601318
600,2,2,0.27711454033851624,0.27711454033851624,0.024050764739513397,0.0,6.272317886352539
600,2,3,0.44357138872146606,0.44357138872146606,0.02729218639433384,0.0,5.423120021820068
600,2,4,0.3978130519390106,0.3978130519390106,0.015999453142285347,0.0,7.064564228057861
600,2,5,0.44421371817588806,0.44421371817588806,0.014390401542186737,0.0,6.746028900146484
600,2,6,2.151603937149048,0.15160386264324188,0.9378876686096191,1.0,5.679121017456055
600,2,7,0.5289707183837891,0.5289707183837891,0.015249303542077541,0.0,6.2928571701049805
600,2,8,0.6592803597450256,0.6592803597450256,0.015603416599333286,0.0,5.992118835449219
600,2,9,0.11720583587884903,0.11720583587884903,0.02058849111199379,0.0,6.358365535736084
600,2,10,0.6456571221351624,0.6456571221351624,0.014358453452587128,0.0,6.6815266609191895
600,2,11,0.2962859570980072,0.2962859570980072,0.021005071699619293,0.0,7.086660385131836
600,2,12,0.3736329972743988,0.3736329972743988,0.01887330785393715,0.0,6.324622631072998
600,2,13,0.379617303609848,0.379617303609848,0.016795458272099495,0.0,6.3211774826049805
600,2,14,0.4791930913925171,0.4791930913925171,0.015162430703639984,0.0,6.073197364807129
600,2,15,0.6208486557006836,0.6208486557006836,0.013902240432798862,0.0,6.505145072937012
600,2,16,0.5846128463745117,0.5846128463745117,0.015226940624415874,0.0,6.448307514190674
600,2,17,0.3466947376728058,0.3466947376728058,0.0212112870067358,0.0,5.692527770996094
600,2,18,-0.01194637268781662,-0.01194637268781662,0.016707224771380424,0.0,6.333763599395752
600,2,19,0.3839208483695984,0.3839208483695984,0.017616063356399536,0.0,5.947031497955322
600,3,0,0.042843982577323914,0.042843982577323914,0.012431427836418152,0.0,6.355261325836182
600,3,1,0.5990731120109558,0.5990731120109558,0.014176617376506329,0.0,6.306892395019531
600,3,2,0.3415253162384033,0.3415253162384033,0.01392371952533722,0.0,5.976263046264648
600,3,3,0.18156808614730835,0.18156808614730835,0.013451811857521534,0.0,5.972716331481934
600,3,4,0.020088355988264084,0.020088355988264084,0.018002497032284737,0.0,5.2577691078186035
600,3,5,0.6937086582183838,0.6937086582183838,0.01432943157851696,0.0,6.040835380554199
600,3,6,0.18260081112384796,0.18260081112384796,0.013283371925354004,0.0,6.484744071960449
600,3,7,0.2949751317501068,0.2949751317501068,0.012898099608719349,0.0,6.513193130493164
600,3,8,0.3998143672943115,0.3998143672943115,0.014454033225774765,0.0,5.7602763175964355
600,3,9,-0.2478598654270172,-0.2478598654270172,0.015597384423017502,0.0,6.426291465759277
600,3,10,-0.1590050905942917,-0.1590050905942917,0.01341366395354271,0.0,6.3383331298828125
600,3,11,0.563316285610199,0.563316285610199,0.01250811479985714,0.0,6.357827186584473
600,3,12,-0.07721914350986481,-0.07721914350986481,0.012503369711339474,0.0,6.008671283721924
600,3,13,-0.6509326100349426,-0.6509326100349426,0.013577449135482311,0.0,6.176692962646484
600,3,14,0.6929518580436707,0.6929518580436707,0.012917215004563332,0.0,5.9720563888549805
600,3,15,0.5123754143714905,0.5123754143714905,0.013700956478714943,0.0,6.424483299255371
600,3,16,0.3407430946826935,0.3407430946826935,0.01338412705808878,0.0,6.292301177978516
600,3,17,0.3596433103084564,0.3596433103084564,0.012838008813560009,0.0,5.301272869110107
600,3,18,0.6944553852081299,0.6944553852081299,0.01305405143648386,0.0,5.7868332862854
600,3,19,0.212897390127182,0.212897390127182,0.013971637934446335,0.0,6.6841936111450195
600,4,0,2.0156309604644775,0.015630897134542465,0.9857566952705383,1.0,5.869017124176025
600,4,1,-0.6139552593231201,-0.6139552593231201,0.0,0.0,5.410599708557129
600,4,2,1.9018481969833374,-0.09815175831317902,0.983875572681427,1.0,5.6533002853393555
600,4,3,2.0830044746398926,0.08300444483757019,0.9857017993927002,1.0,6.041299819946289
600,4,4,2.291775941848755,0.2917759418487549,0.9852956533432007,1.0,6.356168746948242
600,4,5,2.0168185234069824,0.01681850291788578,0.9866752028465271,1.0,7.007640361785889
600,4,6,1.9020127058029175,-0.09798727184534073,0.9861850142478943,1.0,6.030402183532715
600,4,7,1.5021851062774658,-0.49781495332717896,0.984293520450592,1.0,6.007249355316162
600,4,8,0.11805098503828049,0.11805098503828049,0.021589038893580437,0.0,5.7137556076049805
600,4,9,-0.3382096588611603,-0.3382096588611603,0.0,0.0,6.668976306915283
600,4,10,1.6804678440093994,-0.31953221559524536,0.9844836592674255,1.0,5.762702941894531
600,4,11,2.204519033432007,0.204519122838974,0.9865255355834961,1.0,7.0649309158325195
600,4,12,1.965022325515747,-0.03497770056128502,0.9865573048591614,1.0,5.9579620361328125
600,4,13,1.7059680223464966,-0.2940319776535034,0.9651464223861694,1.0,6.5235795974731445
600,4,14,2.1567604541778564,0.15676048398017883,0.9853923916816711,1.0,6.473073959350586
600,4,15,2.1276121139526367,0.12761205434799194,0.9861177802085876,1.0,6.856827735900879
600,4,16,1.8036694526672363,-0.19633060693740845,0.9851358532905579,1.0,6.0397844314575195
600,4,17,1.7910188436508179,-0.20898115634918213,0.9642034769058228,1.0,6.204107284545898
600,4,18,-0.47562873363494873,-0.47562873363494873,0.0,0.0,6.039454460144043
600,4,19,1.9222630262374878,-0.07773701846599579,0.9709427952766418,1.0,4.909802436828613
580,0,0,1.9709413051605225,-0.029058706015348434,0.9775765538215637,1.0,6.756096363067627
580,0,1,-0.6507885456085205,-0.6507885456085205,0.01637495867908001,0.0,6.048576354980469
580,0,2,-1.0808608531951904,-1.0808608531951904,0.015104559250175953,0.0,5.223209381103516
580,0,3,-0.2890828251838684,-0.2890828251838684,0.012503762729465961,0.0,4.76663064956665
580,0,4,-0.643153727054596,-0.643153727054596,0.01283981092274189,0.0,5.403214931488037
580,0,5,-0.3608286678791046,-0.3608286678791046,0.013383527286350727,0.0,4.954927921295166
580,0,6,-0.17025116086006165,-0.17025116086006165,0.017771700397133827,0.0,5.3351335525512695
580,0,7,1.7519489526748657,-0.24805107712745667,0.9793607592582703,1.0,5.362209320068359
580,0,8,-0.312197744846344,-0.312197744846344,0.01543443277478218,0.0,6.2091240882873535
580,0,9,-0.6253401637077332,-0.6253401637077332,0.014830553904175758,0.0,5.766914367675781
580,0,10,-0.5015062093734741,-0.5015062093734741,0.013815841637551785,0.0,5.2062811851501465
580,0,11,-0.08737799525260925,-0.08737799525260925,0.014404854737222195,0.0,5.707698822021484
580,0,12,1.2892301082611084,-0.7107698321342468,0.9855114221572876,1.0,6.117814064025879
580,0,13,-0.7458980083465576,-0.7458980083465576,0.014074672944843769,0.0,5.53676176071167
580,0,14,2.366859197616577,0.3668592870235443,0.983858048915863,1.0,5.706912994384766
580,0,15,0.3633193075656891,0.3633193075656891,0.01459663175046444,0.0,5.205455780029297
580,0,16,-0.1825290471315384,-0.1825290471315384,0.01447994913905859,0.0,6.101931095123291
580,0,17,2.2312965393066406,0.23129649460315704,0.9745065569877625,1.0,5.071543216705322
580,0,18,-0.18666799366474152,-0.18666799366474152,0.014094510115683079,0.0,5.870174884796143
580,0,19,2.575789451599121,0.5757893323898315,0.9771470427513123,1.0,6.913712501525879
580,1,0,-0.12655958533287048,-0.12655958533287048,0.011886379681527615,0.0,6.401238441467285
580,1,1,-0.022420350462198257,-0.022420350462198257,0.013973713852465153,0.0,6.321699142456055
580,1,2,-0.32530248165130615,-0.32530248165130615,0.014132414944469929,0.0,6.182389736175537
580,1,3,-0.84978187084198,-0.84978187084198,0.024644678458571434,0.0,7.306642532348633
580,1,4,-0.069150909781456,-0.069150909781456,0.015881406143307686,0.0,6.099430561065674
580,1,5,0.2794516086578369,0.2794516086578369,0.014935680665075779,0.0,6.461166858673096
580,1,6,-0.28767821192741394,-0.28767821192741394,0.013957278802990913,0.0,6.756707668304443
580,1,7,-0.6600833535194397,-0.6600833535194397,0.012205314822494984,0.0,5.926271438598633
580,1,8,0.26614564657211304,0.26614564657211304,0.013224134221673012,0.0,5.525335311889648
580,1,9,-0.7677664756774902,-0.7677664756774902,0.012045372277498245,0.0,6.512825012207031
580,1,10,-0.039552122354507446,-0.039552122354507446,0.013947419822216034,0.0,7.31174898147583
580,1,11,-0.6623449921607971,-0.6623449921607971,0.014187830500304699,0.0,6.223344326019287
580,1,12,-0.44704100489616394,-0.44704100489616394,0.024586079642176628,0.0,6.992692947387695
580,1,13,-0.4547367990016937,-0.4547367990016937,0.015980860218405724,0.0,5.15580940246582
580,1,14,-0.7802001237869263,-0.7802001237869263,0.013448169454932213,0.0,6.984543323516846
580,1,15,0.061987731605768204,0.061987731605768204,0.013083301484584808,0.0,6.945708751678467
580,1,16,-0.1217760443687439,-0.1217760443687439,0.02645300142467022,0.0,6.874350547790527
580,1,17,-0.28423988819122314,-0.28423988819122314,0.012415760196745396,0.0,6.734844207763672
580,1,18,-0.5313650369644165,-0.5313650369644165,0.01618366688489914,0.0,6.486406326293945
580,1,19,0.051862798631191254,0.051862798631191254,0.012908181175589561,0.0,6.33994197845459
580,2,0,0.4960467219352722,0.4960467219352722,0.04481000080704689,0.0,5.738308906555176
580,2,1,0.4047943651676178,0.4047943651676178,0.016050823032855988,0.0,5.536222457885742
580,2,2,0.45823705196380615,0.45823705196380615,0.014840193092823029,0.0,5.506992340087891
580,2,3,0.37340348958969116,0.37340348958969116,0.01564793661236763,0.0,6.3419647216796875
580,2,4,0.22170476615428925,0.22170476615428925,0.01669222302734852,0.0,5.842734336853027
580,2,5,0.7783361673355103,0.7783361673355103,0.0173137616366148,0.0,6.125814437866211
580,2,6,0.5555374026298523,0.5555374026298523,0.016728216782212257,0.0,5.497676849365234
580,2,7,0.5514523386955261,0.5514523386955261,0.015906959772109985,0.0,6.122345924377441
580,2,8,0.5777679085731506,0.5777679085731506,0.018642723560333252,0.0,6.134005546569824
580,2,9,0.5365490913391113,0.5365490913391113,0.014857548289000988,0.0,6.094298839569092
580,2,10,0.2352852076292038,0.2352852076292038,0.014132647775113583,0.0,6.888552665710449
580,2,11,0.8348038196563721,0.8348038196563721,0.016559768468141556,0.0,6.089807510375977
580,2,12,0.616079568862915,0.616079568862915,0.01663820445537567,0.0,5.835513114929199
580,2,13,0.21785475313663483,0.21785475313663483,0.017750751227140427,0.0,7.0081400871276855
580,2,14,0.29074031114578247,0.29074031114578247,0.020064787939190865,0.0,6.278825759887695
580,2,15,0.41751420497894287,0.41751420497894287,0.017283452674746513,0.0,6.817927360534668
580,2,16,0.554374098777771,0.554374098777771,0.016113296151161194,0.0,6.67029333114624
580,2,17,0.25285962224006653,0.25285962224006653,0.01466829888522625,0.0,5.894286155700684
580,2,18,0.38330361247062683,0.38330361247062683,0.018040627241134644,0.0,6.618803977966309
580,2,19,0.3705907166004181,0.3705907166004181,0.018587589263916016,0.0,6.049677848815918
580,3,0,0.47782984375953674,0.47782984375953674,0.014097705483436584,0.0,5.9276933670043945
580,3,1,0.835611879825592,0.835611879825592,0.01309928297996521,0.0,6.221755027770996
580,3,2,0.5146562457084656,0.5146562457084656,0.012493234127759933,0.0,7.026130676269531
580,3,3,0.2606560289859772,0.2606560289859772,0.012892637401819229,0.0,6.3533759117126465
580,3,4,0.3717809021472931,0.3717809021472931,0.01542662177234888,0.0,6.268978595733643
580,3,5,-0.0551610067486763,-0.0551610067486763,0.01317272987216711,0.0,6.796665668487549
580,3,6,0.8418660759925842,0.8418660759925842,0.01305057480931282,0.0,6.147038459777832
580,3,7,0.3659256398677826,0.3659256398677826,0.0126655800268054,0.0,5.8345255851745605
580,3,8,0.29543453454971313,0.29543453454971313,0.012880713678896427,0.0,6.652744293212891
580,3,9,0.5422075390815735,0.5422075390815735,0.012660794891417027,0.0,6.228174686431885
580,3,10,0.7101660966873169,0.7101660966873169,0.013048438355326653,0.0,6.5099687576293945
580,3,11,0.3888430595397949,0.3888430595397949,0.013835455290973186,0.0,5.89066219329834
580,3,12,0.5135989189147949,0.5135989189147949,0.02591809444129467,0.0,5.951656341552734
580,3,13,0.8663524985313416,0.8663524985313416,0.012425044551491737,0.0,6.949359893798828
580,3,14,0.5721530914306641,0.5721530914306641,0.014470989815890789,0.0,6.0761213302612305
580,3,15,0.30143868923187256,0.30143868923187256,0.013794522732496262,0.0,5.638051509857178
580,3,16,0.4537550210952759,0.4537550210952759,0.017090586945414543,0.0,6.483979225158691
580,3,17,0.24769917130470276,0.24769917130470276,0.012820380739867687,0.0,6.479740619659424
580,3,18,0.4311402142047882,0.4311402142047882,0.013288421556353569,0.0,5.939250469207764
580,3,19,0.5815481543540955,0.5815481543540955,0.014351127669215202,0.0,6.5814361572265625
580,4,0,1.825371503829956,-0.17462851107120514,0.9839751124382019,1.0,5.448831558227539
580,4,1,1.8400684595108032,-0.15993158519268036,0.9806138277053833,1.0,5.236232757568359
580,4,2,1.804042935371399,-0.1959570348262787,0.9857082366943359,1.0,6.688628196716309
580,4,3,1.9489630460739136,-0.051037006080150604,0.9839059710502625,1.0,6.792666912078857
580,4,4,1.892667293548584,-0.10733265429735184,0.9839246273040771,1.0,5.591490745544434
580,4,5,2.204515218734741,0.20451514422893524,0.9866371154785156,1.0,5.9663801193237305
580,4,6,2.192755699157715,0.1927557736635208,0.9812942743301392,1.0,5.4386138916015625
580,4,7,1.751381516456604,-0.2486184984445572,0.9861552119255066,1.0,6.958935737609863
580,4,8,2.1069424152374268,0.10694249719381332,0.986472487449646,1.0,6.674750804901123
580,4,9,1.9056484699249268,-0.09435150772333145,0.984169602394104,1.0,5.409242630004883
580,4,10,2.6360979080200195,0.6360980272293091,0.9872748851776123,1.0,5.65980863571167
580,4,11,2.011678457260132,0.01167847029864788,0.9842079281806946,1.0,5.906274795532227
580,4,12,1.9799344539642334,-0.02006557211279869,0.9802507758140564,1.0,6.184055328369141
580,4,13,1.4936729669570923,-0.5063270330429077,0.9699926376342773,1.0,5.8634934425354
580,4,14,-0.11257491260766983,-0.11257491260766983,0.0,0.0,6.528907775878906
580,4,15,1.9570146799087524,-0.042985349893569946,0.9854838252067566,1.0,5.393073081970215
580,4,16,1.753721833229065,-0.24627812206745148,0.956916093826294,1.0,5.813239574432373
580,4,17,1.9770351648330688,-0.022964777424931526,0.9861243963241577,1.0,6.611390113830566
580,4,18,1.8879146575927734,-0.11208537220954895,0.9441878795623779,1.0,6.120223045349121
580,4,19,2.1895971298217773,0.18959710001945496,0.9845543503761292,1.0,6.16301155090332
560,0,0,1.914376139640808,-0.08562388271093369,0.9803870320320129,1.0,5.226612091064453
560,0,1,1.3523035049438477,-0.6476964354515076,0.9618013501167297,1.0,6.630983352661133
560,0,2,1.586653470993042,-0.41334646940231323,0.9816048741340637,1.0,5.94756555557251
560,0,3,-0.35779696702957153,-0.35779696702957153,0.016758061945438385,0.0,5.562571048736572
560,0,4,1.6537983417510986,-0.34620171785354614,0.9463809132575989,1.0,6.159776210784912
560,0,5,-0.32993876934051514,-0.32993876934051514,0.01445972640067339,0.0,5.27876091003418
560,0,6,2.521052360534668,0.5210524201393127,0.9854753017425537,1.0,5.922399520874023
560,0,7,-0.16805188357830048,-0.16805188357830048,0.019129430875182152,0.0,5.131174087524414
560,0,8,-0.06316794455051422,-0.06316794455051422,0.035425979644060135,0.0,5.454586982727051
560,0,9,-0.12100653350353241,-0.12100653350353241,0.018080180510878563,0.0,6.084690093994141
560,0,10,2.4729161262512207,0.4729160666465759,0.9849944710731506,1.0,6.321348667144775
560,0,11,2.1806516647338867,0.18065163493156433,0.9762598872184753,1.0,6.264811992645264
560,0,12,-0.965411365032196,-0.965411365032196,0.015095282346010208,0.0,6.312448024749756
560,0,13,-0.5899398326873779,-0.5899398326873779,0.023249339312314987,0.0,6.166159629821777
560,0,14,-0.3626069724559784,-0.3626069724559784,0.018554117530584335,0.0,6.177707195281982
560,0,15,-0.8226034641265869,-0.8226034641265869,0.015008430927991867,0.0,6.176445007324219
560,0,16,-0.08922963589429855,-0.08922963589429855,0.015271035954356194,0.0,5.925880432128906
560,0,17,1.974758267402649,-0.025241771712899208,0.9835636615753174,1.0,5.734406471252441
560,0,18,-0.3028053343296051,-0.3028053343296051,0.014385647140443325,0.0,5.603603839874268
560,0,19,1.9775809049606323,-0.02241908200085163,0.9737160801887512,1.0,6.0950727462768555
560,1,0,-0.35971933603286743,-0.35971933603286743,0.015713395550847054,0.0,6.025559425354004
560,1,1,-0.2376498579978943,-0.2376498579978943,0.013387810438871384,0.0,5.777647972106934
560,1,2,-1.088121771812439,-1.088121771812439,0.019051391631364822,0.0,7.080280780792236
560,1,3,-0.4582936465740204,-0.4582936465740204,0.013915956020355225,0.0,6.643939971923828
560,1,4,-0.2510546147823334,-0.2510546147823334,0.013383948244154453,0.0,5.961925029754639
560,1,5,-0.6663975715637207,-0.6663975715637207,0.06016077473759651,0.0,6.946433067321777
560,1,6,0.19306401908397675,0.19306401908397675,0.015696126967668533,0.0,6.726344108581543
560,1,7,-0.29387781023979187,-0.29387781023979187,0.013023504987359047,0.0,6.304689407348633
560,1,8,-0.15662333369255066,-0.15662333369255066,0.014664383605122566,0.0,6.461571216583252
560,1,9,-0.11087101697921753,-0.11087101697921753,0.025242717936635017,0.0,6.54359245300293
560,1,10,-0.8003014326095581,-0.8003014326095581,0.014256768859922886,0.0,6.467189788818359
560,1,11,0.08358434587717056,0.08358434587717056,0.01362994872033596,0.0,6.425412178039551
560,1,12,-0.47181543707847595,-0.47181543707847595,0.014005528762936592,0.0,5.78397274017334
560,1,13,-0.44452473521232605,-0.44452473521232605,0.01641337387263775,0.0,5.750513076782227
560,1,14,-0.6825602054595947,-0.6825602054595947,0.014122446067631245,0.0,5.240043640136719
560,1,15,-0.29255858063697815,-0.29255858063697815,0.02402176707983017,0.0,6.38472843170166
560,1,16,-0.5622059106826782,-0.5622059106826782,0.01484626717865467,0.0,6.312419891357422
560,1,17,-0.6504542231559753,-0.6504542231559753,0.015061859041452408,0.0,6.023706436157227
560,1,18,-0.8439180254936218,-0.8439180254936218,0.01708170771598816,0.0,7.0771684646606445
560,1,19,-0.371736079454422,-0.371736079454422,0.013289366848766804,0.0,6.831789970397949
560,2,0,2.528315544128418,0.528315544128418,0.9638808965682983,1.0,6.408659934997559
560,2,1,0.3477988839149475,0.3477988839149475,0.01595606468617916,0.0,6.193153381347656
560,2,2,0.4254455268383026,0.4254455268383026,0.015255282633006573,0.0,6.001421928405762
560,2,3,0.5196983814239502,0.5196983814239502,0.016954319551587105,0.0,6.802748680114746
560,2,4,0.25402018427848816,0.25402018427848816,0.017729897052049637,0.0,6.018797874450684
560,2,5,0.6507898569107056,0.6507898569107056,0.015466638840734959,0.0,6.465780258178711
560,2,6,0.6439250707626343,0.6439250707626343,0.01427669171243906,0.0,5.445306777954102
560,2,7,0.4917922616004944,0.4917922616004944,0.019661210477352142,0.0,7.036240100860596
560,2,8,0.5412464737892151,0.5412464737892151,0.015070958063006401,0.0,5.62443208694458
560,2,9,0.6143493056297302,0.6143493056297302,0.018151026219129562,0.0,6.422465801239014
560,2,10,0.7676588296890259,0.7676588296890259,0.021940812468528748,0.0,6.197935104370117
560,2,11,0.30019181966781616,0.30019181966781616,0.018147505819797516,0.0,5.749643325805664
560,2,12,0.27449315786361694,0.27449315786361694,0.02223045937716961,0.0,6.09372615814209
560,2,13,0.1531963050365448,0.1531963050365448,0.017170865088701248,0.0,6.126889705657959
560,2,14,0.5674692392349243,0.5674692392349243,0.01848570443689823,0.0,6.606042861938477
560,2,15,0.4505208134651184,0.4505208134651184,0.0170594472438097,0.0,6.578744888305664
560,2,16,0.7169063687324524,0.7169063687324524,0.014766596257686615,0.0,6.284109592437744
560,2,17,0.5270625352859497,0.5270625352859497,0.015624644234776497,0.0,6.716711044311523
560,2,18,0.28948602080345154,0.28948602080345154,0.015228169970214367,0.0,5.716143608093262
560,2,19,0.2367589920759201,0.2367589920759201,0.016221314668655396,0.0,5.947551727294922
560,3,0,0.34405186772346497,0.34405186772346497,0.012734812684357166,0.0,6.468517303466797
560,3,1,0.5160676836967468,0.5160676836967468,0.013604585081338882,0.0,6.387978553771973
560,3,2,0.354904443025589,0.354904443025589,0.013116407208144665,0.0,6.465439796447754
560,3,3,0.2496817708015442,0.2496817708015442,0.01474821474403143,0.0,5.924736976623535
560,3,4,0.29910823702812195,0.29910823702812195,0.012658482417464256,0.0,5.917354106903076
560,3,5,0.531981885433197,0.531981885433197,0.013026588596403599,0.0,6.986086368560791
560,3,6,0.3470282554626465,0.3470282554626465,0.014728336594998837,0.0,5.937394142150879
560,3,7,0.3978486955165863,0.3978486955165863,0.01590820588171482,0.0,6.367101669311523
560,3,8,0.5450684428215027,0.5450684428215027,0.012984017841517925,0.0,6.032954216003418
560,3,9,0.3752136528491974,0.3752136528491974,0.01703261025249958,0.0,5.707995891571045
560,3,10,0.45997464656829834,0.45997464656829834,0.01571117714047432,0.0,6.282616138458252
560,3,11,0.48527419567108154,0.48527419567108154,0.018557965755462646,0.0,6.424169540405273
560,3,12,0.6234433054924011,0.6234433054924011,0.013743302784860134,0.0,6.296558856964111
560,3,13,0.33554697036743164,0.33554697036743164,0.013491109944880009,0.0,6.5504045486450195
560,3,14,0.3879733979701996,0.3879733979701996,0.012924451380968094,0.0,6.082544803619385
560,3,15,-0.37177571654319763,-0.37177571654319763,0.018543075770139694,0.0,5.785422325134277
560,3,16,0.0869564637541771,0.0869564637541771,0.012398291379213333,0.0,5.935153961181641
560,3,17,0.3090592622756958,0.3090592622756958,0.014843129552900791,0.0,6.155455589294434
560,3,18,0.3409273326396942,0.3409273326396942,0.012416999787092209,0.0,6.31973123550415
560,3,19,0.22583995759487152,0.22583995759487152,0.013526979833841324,0.0,5.936535835266113
560,4,0,1.4772239923477173,-0.5227760076522827,0.8034822940826416,1.0,6.046909809112549
560,4,1,1.781986951828003,-0.2180130034685135,0.851429283618927,1.0,5.798876762390137
560,4,2,1.728950023651123,-0.27104994654655457,0.9660977125167847,1.0,6.745598316192627
560,4,3,2.1319451332092285,0.13194520771503448,0.9853430986404419,1.0,6.520660400390625
560,4,4,0.8200159072875977,-1.1799840927124023,0.9843162894248962,1.0,6.369540214538574
560,4,5,1.9201762676239014,-0.07982376962900162,0.9866500496864319,1.0,6.434905052185059
560,4,6,2.0071043968200684,0.0071045090444386005,0.9845412969589233,1.0,6.064640998840332
560,4,7,2.2094056606292725,0.2094055563211441,0.9875911474227905,1.0,8.00108528137207
560,4,8,1.9749265909194946,-0.025073429569602013,0.9692466855049133,1.0,5.510561943054199
560,4,9,2.0808749198913574,0.08087489753961563,0.9852238893508911,1.0,5.79587459564209
560,4,10,1.766279935836792,-0.23372001945972443,0.9658127427101135,1.0,5.146982192993164
560,4,11,2.0530784130096436,0.05307852476835251,0.9864199757575989,1.0,6.194342613220215
560,4,12,-0.3898840844631195,-0.3898840844631195,0.17842744290828705,0.0,5.615238666534424
560,4,13,1.9388567209243774,-0.06114329397678375,0.9857967495918274,1.0,5.626802444458008
560,4,14,1.9928619861602783,-0.007137964479625225,0.986170768737793,1.0,5.510188579559326
560,4,15,2.1256463527679443,0.1256464123725891,0.9856904149055481,1.0,5.926031112670898
560,4,16,1.9929006099700928,-0.007099346723407507,0.9863654375076294,1.0,6.1476521492004395
560,4,17,1.748348355293274,-0.2516516149044037,0.9835504293441772,1.0,5.191316604614258
560,4,18,2.0148427486419678,0.014842823147773743,0.9858717322349548,1.0,6.392035484313965
560,4,19,1.9433751106262207,-0.05662490800023079,0.9857608675956726,1.0,5.868216514587402
540,0,0,-0.5417243242263794,-0.5417243242263794,0.015478492714464664,0.0,5.933056831359863
540,0,1,-0.5284160375595093,-0.5284160375595093,0.04612310975790024,0.0,6.046947479248047
540,0,2,-0.44398951530456543,-0.44398951530456543,0.013159436173737049,0.0,5.324475288391113
540,0,3,-0.8746103644371033,-0.8746103644371033,0.013907242566347122,0.0,5.9546356201171875
540,0,4,-0.2397206574678421,-0.2397206574678421,0.01669781096279621,0.0,5.415429592132568
540,0,5,1.4939888715744019,-0.5060111284255981,0.9855480790138245,1.0,5.485200881958008
540,0,6,-0.29101958870887756,-0.29101958870887756,0.014997310936450958,0.0,5.396117687225342
540,0,7,2.0926995277404785,0.09269958734512329,0.9556779861450195,1.0,5.5313310623168945
540,0,8,2.2517096996307373,0.25170961022377014,0.8593564629554749,1.0,5.091465950012207
540,0,9,-0.45598164200782776,-0.45598164200782776,0.01284287590533495,0.0,5.034769058227539
540,0,10,-0.6931747794151306,-0.6931747794151306,0.015335993841290474,0.0,5.383796215057373
540,0,11,1.703925609588623,-0.29607436060905457,0.9726966619491577,1.0,5.457456111907959
540,0,12,-1.2041761875152588,-1.2041761875152588,0.013727088458836079,0.0,5.998774528503418
540,0,13,1.2857763767242432,-0.7142235636711121,0.9851769208908081,1.0,5.95088005065918
540,0,14,-0.47599610686302185,-0.47599610686302185,0.015211889520287514,0.0,5.312305927276611
540,0,15,-0.7611791491508484,-0.7611791491508484,0.013378295116126537,0.0,6.008706569671631
540,0,16,1.6596264839172363,-0.3403734564781189,0.9106095433235168,1.0,6.16750431060791
540,0,17,-0.689551591873169,-0.689551591873169,0.019905298948287964,0.0,6.078159332275391
540,0,18,2.1735341548919678,0.1735340803861618,0.9820099472999573,1.0,6.291436672210693
540,0,19,-0.6166670918464661,-0.6166670918464661,0.012866915203630924,0.0,6.03683614730835
540,1,0,-0.22703123092651367,-0.22703123092651367,0.012792627327144146,0.0,6.185618877410889
540,1,1,-0.8718509078025818,-0.8718509078025818,0.015775436535477638,0.0,5.46118688583374
540,1,2,-0.7537611126899719,-0.7537611126899719,0.024979235604405403,0.0,7.086436748504639
540,1,3,0.07255248725414276,0.07255248725414276,0.012417281046509743,0.0,6.73626184463501
540,1,4,-0.7319238185882568,-0.7319238185882568,0.053271323442459106,0.0,6.192867279052734
540,1,5,-0.3367611765861511,-0.3367611765861511,0.016094565391540527,0.0,6.361184120178223
540,1,6,-0.19481447339057922,-0.19481447339057922,0.017305616289377213,0.0,6.704521179199219
540,1,7,-0.4949858486652374,-0.4949858486652374,0.015777459368109703,0.0,5.915827751159668
540,1,8,-0.17497597634792328,-0.17497597634792328,0.013968905434012413,0.0,6.968008518218994
540,1,9,-1.083150029182434,-1.083150029182434,0.013109865598380566,0.0,6.644772529602051
540,1,10,-0.1937146931886673,-0.1937146931886673,0.14765498042106628,0.0,6.605422496795654
540,1,11,-1.18766450881958,-1.18766450881958,0.019426414743065834,0.0,6.171218395233154
540,1,12,-0.8891761898994446,-0.8891761898994446,0.01380879245698452,0.0,5.583071708679199
540,1,13,0.09748837351799011,0.09748837351799011,0.012993186712265015,0.0,6.458435535430908
540,1,14,-0.5494623780250549,-0.5494623780250549,0.013019220903515816,0.0,5.777551651000977
540,1,15,-0.8276761770248413,-0.8276761770248413,0.016060976311564445,0.0,6.866620063781738
540,1,16,-0.08400885760784149,-0.08400885760784149,0.012950415723025799,0.0,6.0456695556640625
540,1,17,0.1077650934457779,0.1077650934457779,0.01421224046498537,0.0,6.721009731292725
540,1,18,-0.31823205947875977,-0.31823205947875977,0.07957252860069275,0.0,7.750454425811768
540,1,19,-0.8728699684143066,-0.8728699684143066,0.013003868982195854,0.0,6.360204219818115
540,2,0,0.5017188191413879,0.5017188191413879,0.0191155094653368,0.0,5.895432949066162
540,2,1,0.6070045232772827,0.6070045232772827,0.015183416195213795,0.0,5.764321327209473
540,2,2,0.5756850242614746,0.5756850242614746,0.015016566962003708,0.0,5.610228061676025
540,2,3,0.386507123708725,0.386507123708725,0.016745999455451965,0.0,6.686408996582031
540,2,4,0.21856097877025604,0.21856097877025604,0.015811800956726074,0.0,6.856935977935791
540,2,5,0.14675353467464447,0.14675353467464447,0.023195140063762665,0.0,5.776467323303223
540,2,6,0.4794306457042694,0.4794306457042694,0.017370838671922684,0.0,5.189016342163086
540,2,7,0.659201443195343,0.659201443195343,0.017549099400639534,0.0,5.669955253601074
540,2,8,0.4180792570114136,0.4180792570114136,0.017783069983124733,0.0,6.579953670501709
540,2,9,0.5198557376861572,0.5198557376861572,0.017441879957914352,0.0,6.851268291473389
540,2,10,0.39582979679107666,0.39582979679107666,0.019949667155742645,0.0,5.9434309005737305
540,2,11,0.4212877154350281,0.4212877154350281,0.01748201809823513,0.0,6.369085311889648
540,2,12,0.6279239058494568,0.6279239058494568,0.015171841718256474,0.0,6.627554893493652
540,2,13,0.2036042958498001,0.2036042958498001,0.0198587104678154,0.0,6.157070159912109
540,2,14,0.4316169321537018,0.4316169321537018,0.01627385802567005,0.0,5.519287109375
540,2,15,0.33457207679748535,0.33457207679748535,0.01988844946026802,0.0,6.30201530456543
540,2,16,0.44335195422172546,0.44335195422172546,0.016504110768437386,0.0,5.48555850982666
540,2,17,0.6923640966415405,0.6923640966415405,0.014195287600159645,0.0,6.73806095123291
540,2,18,0.5949768424034119,0.5949768424034119,0.01593727059662342,0.0,6.676328659057617
540,2,19,0.5924713611602783,0.5924713611602783,0.01667213626205921,0.0,6.6650471687316895
540,3,0,0.5522378087043762,0.5522378087043762,0.014661340974271297,0.0,6.394224643707275
540,3,1,0.9541769623756409,0.9541769623756409,0.014032214879989624,0.0,6.187246322631836
540,3,2,0.5565075278282166,0.5565075278282166,0.013383463956415653,0.0,6.398942947387695
540,3,3,0.059116095304489136,0.059116095304489136,0.014591804705560207,0.0,6.551301002502441
540,3,4,0.45641812682151794,0.45641812682151794,0.01572807878255844,0.0,6.334688186645508
540,3,5,0.46644505858421326,0.46644505858421326,0.015254867263138294,0.0,5.586630344390869
540,3,6,0.4171348810195923,0.4171348810195923,0.014351571910083294,0.0,5.754053115844727
540,3,7,0.3092055022716522,0.3092055022716522,0.013687379658222198,0.0,6.478071212768555
540,3,8,0.503569483757019,0.503569483757019,0.013953400775790215,0.0,6.238773345947266
540,3,9,0.9634477496147156,0.9634477496147156,0.01264368649572134,0.0,6.574519634246826
540,3,10,-0.6521037220954895,-0.6521037220954895,0.013118775561451912,0.0,5.9477458000183105
540,3,11,0.4324091970920563,0.4324091970920563,0.012932798825204372,0.0,6.325263023376465
540,3,12,0.5780149102210999,0.5780149102210999,0.013824178837239742,0.0,6.476339340209961
540,3,13,0.8766850233078003,0.8766850233078003,0.013365669175982475,0.0,6.369396209716797
540,3,14,0.615867555141449,0.615867555141449,0.013372885063290596,0.0,6.093278884887695
540,3,15,0.6672199964523315,0.6672199964523315,0.013609565794467926,0.0,6.523324012756348
540,3,16,0.17376558482646942,0.17376558482646942,0.013783672824501991,0.0,5.843095779418945
540,3,17,0.7054523825645447,0.7054523825645447,0.01835378259420395,0.0,6.7426581382751465
540,3,18,0.2585659325122833,0.2585659325122833,0.014132979325950146,0.0,5.903308391571045
540,3,19,0.28807225823402405,0.28807225823402405,0.013162334449589252,0.0,6.42238712310791
540,4,0,2.12772536277771,0.1277252584695816,0.9861131310462952,1.0,6.224542617797852
540,4,1,-0.5627756118774414,-0.5627756118774414,0.0,0.0,6.299309730529785
540,4,2,2.057804584503174,0.057804547250270844,0.986080527305603,1.0,5.833646774291992
540,4,3,2.1315290927886963,0.1315290927886963,0.9838758111000061,1.0,5.8089447021484375
540,4,4,-0.08972576260566711,-0.08972576260566711,0.0,0.0,5.89644718170166
540,4,5,1.7974798679351807,-0.20252013206481934,0.9832291007041931,1.0,5.694887161254883
540,4,6,1.8099886178970337,-0.19001135230064392,0.9831047654151917,1.0,5.14339542388916
540,4,7,1.9705467224121094,-0.029453305527567863,0.9864809513092041,1.0,6.45868444442749
540,4,8,1.9853397607803345,-0.014660261571407318,0.986302375793457,1.0,5.615625381469727
540,4,9,2.122659206390381,0.12265916913747787,0.9865862131118774,1.0,6.6522040367126465
540,4,10,2.0717523097991943,0.07175241410732269,0.9840585589408875,1.0,5.674631595611572
540,4,11,2.2514536380767822,0.2514536380767822,0.9853031635284424,1.0,5.66085147857666
540,4,12,2.009855270385742,0.009855343028903008,0.9833312630653381,1.0,6.256737232208252
540,4,13,1.9269217252731323,-0.0730782300233841,0.9854857921600342,1.0,6.417409896850586
540,4,14,2.024566173553467,0.024566147476434708,0.9858588576316833,1.0,6.370827674865723
540,4,15,2.2057945728302,0.20579463243484497,0.9852643013000488,1.0,6.026196479797363
540,4,16,1.476851463317871,-0.5231485962867737,0.9518315196037292,1.0,5.927308082580566
540,4,17,1.5084987878799438,-0.49150121212005615,0.9651772379875183,1.0,5.306735038757324
540,4,18,1.6631674766540527,-0.3368324637413025,0.9872817397117615,1.0,6.0172576904296875
540,4,19,1.7047537565231323,-0.29524627327919006,0.9730299711227417,1.0,5.2353715896606445
520,0,0,0.31133148074150085,0.31133148074150085,0.0,0.0,6.601418495178223
520,0,1,-0.30409321188926697,-0.30409321188926697,0.015344115905463696,0.0,5.081409454345703
520,0,2,-0.32154032588005066,-0.32154032588005066,0.014864088967442513,0.0,5.53339147567749
520,0,3,2.2486658096313477,0.24866588413715363,0.9782513380050659,1.0,6.625894069671631
520,0,4,2.2241499423980713,0.2241498827934265,0.976017415523529,1.0,5.8633623123168945
520,0,5,2.1995177268981934,0.1995176374912262,0.9819314479827881,1.0,5.934734344482422
520,0,6,-1.1435165405273438,-1.1435165405273438,0.01585892215371132,0.0,5.714456558227539
520,0,7,-0.46439898014068604,-0.46439898014068604,0.01587519235908985,0.0,5.807077407836914
520,0,8,-1.3034110069274902,-1.3034110069274902,0.01334261242300272,0.0,5.112983226776123
520,0,9,-0.6763226389884949,-0.6763226389884949,0.013875884003937244,0.0,5.267154216766357
520,0,10,-0.6844871044158936,-0.6844871044158936,0.014368708245456219,0.0,4.86486291885376
520,0,11,-0.39922308921813965,-0.39922308921813965,0.014029948972165585,0.0,6.080131530761719
520,0,12,-0.6795052886009216,-0.6795052886009216,0.013453217223286629,0.0,5.5305891036987305
520,0,13,-0.8664073944091797,-0.8664073944091797,0.01323255617171526,0.0,5.925845146179199
520,0,14,-0.7276709079742432,-0.7276709079742432,0.014295761473476887,0.0,5.122008323669434
520,0,15,-0.8963698744773865,-0.8963698744773865,0.0154381999745965,0.0,5.620116710662842
520,0,16,-0.5376626253128052,-0.5376626253128052,0.01296599768102169,0.0,5.266571998596191
520,0,17,2.397068738937378,0.3970687985420227,0.9661367535591125,1.0,5.847243309020996
520,0,18,-1.3707462549209595,-1.3707462549209595,0.015794461593031883,0.0,5.861525535583496
520,0,19,-0.6054943203926086,-0.6054943203926086,0.013236491940915585,0.0,5.113535404205322
520,1,0,-0.5565916299819946,-0.5565916299819946,0.01961856707930565,0.0,5.977451801300049
520,1,1,-0.025236638262867928,-0.025236638262867928,0.013478023000061512,0.0,6.658901214599609
520,1,2,-0.6911105513572693,-0.6911105513572693,0.01386280171573162,0.0,6.6788249015808105
520,1,3,-0.5805067420005798,-0.5805067420005798,0.012866041623055935,0.0,6.701430797576904
520,1,4,-0.84598708152771,-0.84598708152771,0.019255055114626884,0.0,7.06953239440918
520,1,5,-0.808071494102478,-0.808071494102478,0.016149381175637245,0.0,6.016643047332764
520,1,6,0.0005736720631830394,0.0005736720631830394,0.015475587919354439,0.0,7.447559356689453
520,1,7,0.14895758032798767,0.14895758032798767,0.012846834026277065,0.0,6.690609931945801
520,1,8,-0.10865559428930283,-0.10865559428930283,0.015000545419752598,0.0,7.360796928405762
520,1,9,-0.5083134174346924,-0.5083134174346924,0.013016985729336739,0.0,6.674735069274902
520,1,10,-0.9863033890724182,-0.9863033890724182,0.016182081773877144,0.0,5.359383583068848
520,1,11,-0.9291045665740967,-0.9291045665740967,0.013578579761087894,0.0,6.430936336517334
520,1,12,-1.017645239830017,-1.017645239830017,0.016830088570713997,0.0,5.436895370483398
520,1,13,-0.6038155555725098,-0.6038155555725098,0.013134305365383625,0.0,7.004497051239014
520,1,14,0.08971583843231201,0.08971583843231201,0.019928142428398132,0.0,6.748518466949463
520,1,15,-0.8379608988761902,-0.8379608988761902,0.013536821119487286,0.0,6.793097496032715
520,1,16,-0.17525523900985718,-0.17525523900985718,0.013420121744275093,0.0,6.383172988891602
520,1,17,-0.7986651062965393,-0.7986651062965393,0.016107892617583275,0.0,5.149337291717529
520,1,18,-0.5525911450386047,-0.5525911450386047,0.021502066403627396,0.0,6.006601333618164
520,1,19,-0.032336317002773285,-0.032336317002773285,0.0208369679749012,0.0,6.196953296661377
520,2,0,0.5138204097747803,0.5138204097747803,0.01706552691757679,0.0,6.988862037658691
520,2,1,0.7043164372444153,0.7043164372444153,0.019145768135786057,0.0,5.193964958190918
520,2,2,0.5738053917884827,0.5738053917884827,0.01739703118801117,0.0,6.172388553619385
520,2,3,0.393723726272583,0.393723726272583,0.018266038969159126,0.0,6.553445339202881
520,2,4,0.4191012382507324,0.4191012382507324,0.014800112694501877,0.0,6.005254745483398
520,2,5,0.6682375073432922,0.6682375073432922,0.01850651577115059,0.0,6.158447265625
520,2,6,0.4962209463119507,0.4962209463119507,0.024511080235242844,0.0,5.775160312652588
520,2,7,0.304423987865448,0.304423987865448,0.017785072326660156,0.0,6.2488627433776855
520,2,8,0.3177488446235657,0.3177488446235657,0.018997546285390854,0.0,5.829529762268066
520,2,9,0.3705579340457916,0.3705579340457916,0.017961962148547173,0.0,6.1640777587890625
520,2,10,0.5199623107910156,0.5199623107910156,0.01547433901578188,0.0,6.529827117919922
520,2,11,0.4192674458026886,0.4192674458026886,0.01947949454188347,0.0,6.999899864196777
520,2,12,0.5212381482124329,0.5212381482124329,0.01745620183646679,0.0,6.404872894287109
520,2,13,0.3457808196544647,0.3457808196544647,0.02192990854382515,0.0,5.487827301025391
520,2,14,0.42021530866622925,0.42021530866622925,0.018342673778533936,0.0,6.1124982833862305
520,2,15,0.5109110474586487,0.5109110474586487,0.016134871169924736,0.0,6.088698387145996
520,2,16,0.26307469606399536,0.26307469606399536,0.018001258373260498,0.0,6.198156833648682
520,2,17,0.5867497324943542,0.5867497324943542,0.018436623737215996,0.0,6.310507297515869
520,2,18,0.40291112661361694,0.40291112661361694,0.015834521502256393,0.0,5.364896774291992
520,2,19,0.37024572491645813,0.37024572491645813,0.017310578376054764,0.0,5.9187774658203125
520,3,0,0.5928011536598206,0.5928011536598206,0.012849900871515274,0.0,6.404726982116699
520,3,1,0.4883561134338379,0.4883561134338379,0.013997741043567657,0.0,5.694392204284668
520,3,2,0.5513435006141663,0.5513435006141663,0.01297424640506506,0.0,5.967138290405273
520,3,3,0.6140063405036926,0.6140063405036926,0.012503381818532944,0.0,6.785159111022949
520,3,4,0.46335235238075256,0.46335235238075256,0.013670215383172035,0.0,6.302839756011963
520,3,5,0.5790197849273682,0.5790197849273682,0.013063515536487103,0.0,6.169116020202637
520,3,6,0.3141838610172272,0.3141838610172272,0.013217863626778126,0.0,7.023347854614258
520,3,7,0.24554266035556793,0.24554266035556793,0.013307204470038414,0.0,5.746286869049072
520,3,8,0.5521463751792908,0.5521463751792908,0.013352069072425365,0.0,6.67563533782959
520,3,9,0.3799491226673126,0.3799491226673126,0.013082304038107395,0.0,5.744885444641113
520,3,10,0.38638725876808167,0.38638725876808167,0.015846936032176018,0.0,6.323978900909424
520,3,11,0.3369866907596588,0.3369866907596588,0.01248202845454216,0.0,6.327080726623535
520,3,12,0.3038923144340515,0.3038923144340515,0.01356468815356493,0.0,6.021559715270996
520,3,13,0.5622265338897705,0.5622265338897705,0.01271223183721304,0.0,5.869240760803223
520,3,14,0.043474599719047546,0.043474599719047546,0.013388515450060368,0.0,6.571842193603516
520,3,15,0.8596224188804626,0.8596224188804626,0.012858711183071136,0.0,6.458604335784912
520,3,16,0.2875562012195587,0.2875562012195587,0.013948389329016209,0.0,6.116159915924072
520,3,17,0.14697445929050446,0.14697445929050446,0.013182354159653187,0.0,6.145769119262695
520,3,18,0.524152934551239,0.524152934551239,0.012700481340289116,0.0,6.207026481628418
520,3,19,0.5772300362586975,0.5772300362586975,0.013005618937313557,0.0,6.019352436065674
520,4,0,2.1804885864257812,0.18048863112926483,0.985663115978241,1.0,6.305222511291504
520,4,1,2.021733283996582,0.021733175963163376,0.984904944896698,1.0,6.641814231872559
520,4,2,2.052561044692993,0.05256114900112152,0.9841583967208862,1.0,6.175795555114746
520,4,3,2.0588953495025635,0.05889526382088661,0.9812229871749878,1.0,5.244003772735596
520,4,4,1.8038204908370972,-0.19617952406406403,0.9823400974273682,1.0,5.941007137298584
520,4,5,2.1874146461486816,0.1874147206544876,0.9857186675071716,1.0,5.854301929473877
520,4,6,1.997768521308899,-0.002231512451544404,0.985590398311615,1.0,6.134666919708252
520,4,7,2.120342493057251,0.12034241855144501,0.9860572814941406,1.0,6.048774719238281
520,4,8,1.8917964696884155,-0.10820352286100388,0.986122190952301,1.0,6.241549015045166
520,4,9,1.9514470100402832,-0.0485529787838459,0.9550291299819946,1.0,5.065932750701904
520,4,10,1.8643817901611328,-0.13561825454235077,0.9242958426475525,1.0,5.615246772766113
520,4,11,2.013453722000122,0.01345373596996069,0.9850264191627502,1.0,6.380331993103027
520,4,12,2.0265796184539795,0.026579508557915688,0.985248863697052,1.0,5.896056175231934
520,4,13,1.6984477043151855,-0.30155232548713684,0.9818523526191711,1.0,6.306471824645996
520,4,14,1.7857121229171753,-0.2142879068851471,0.9198811650276184,1.0,6.082344055175781
520,4,15,1.7776226997375488,-0.2223772406578064,0.9822660684585571,1.0,6.791242599487305
520,4,16,2.0212042331695557,0.021204164251685143,0.9839925169944763,1.0,5.779837608337402
520,4,17,2.0273194313049316,0.027319490909576416,0.8819626569747925,1.0,5.923478603363037
520,4,18,1.8674887418746948,-0.13251128792762756,0.9831263422966003,1.0,6.591857433319092
520,4,19,2.2968621253967285,0.29686209559440613,0.9853004813194275,1.0,6.264061450958252
500,0,0,-0.10482044517993927,-0.10482044517993927,0.016302119940519333,0.0,5.80501651763916
500,0,1,-0.8379384279251099,-0.8379384279251099,0.016135793179273605,0.0,4.941718101501465
500,0,2,-0.5613824129104614,-0.5613824129104614,0.014324482530355453,0.0,4.99985408782959
500,0,3,-0.7121070027351379,-0.7121070027351379,0.015306412242352962,0.0,5.271298408508301
500,0,4,-0.6444596648216248,-0.6444596648216248,0.014001664705574512,0.0,6.022526741027832
500,0,5,-0.7043505907058716,-0.7043505907058716,0.015514901839196682,0.0,5.714731216430664
500,0,6,-0.6796738505363464,-0.6796738505363464,0.013529888354241848,0.0,5.9010539054870605
500,0,7,2.0069878101348877,0.006987790577113628,0.983627438545227,1.0,5.3211517333984375
500,0,8,-0.16449221968650818,-0.16449221968650818,0.015981400385499,0.0,5.442544460296631
500,0,9,-0.9374212026596069,-0.9374212026596069,0.013163336552679539,0.0,5.9410080909729
500,0,10,1.9991254806518555,-0.0008744958904571831,0.9816648364067078,1.0,6.422235012054443
500,0,11,-0.41762876510620117,-0.41762876510620117,0.01739865355193615,0.0,5.8700408935546875
500,0,12,-1.0270535945892334,-1.0270535945892334,0.013744013383984566,0.0,5.046314716339111
500,0,13,1.1898884773254395,-0.8101115822792053,0.9805528521537781,1.0,5.677260875701904
500,0,14,-0.6708845496177673,-0.6708845496177673,0.017792101949453354,0.0,5.7987284660339355
500,0,15,-0.08814181387424469,-0.08814181387424469,0.015887295827269554,0.0,6.159995079040527
500,0,16,-0.6468197107315063,-0.6468197107315063,0.0163936335593462,0.0,5.001784324645996
500,0,17,-0.5341172218322754,-0.5341172218322754,0.0144672691822052,0.0,5.971902847290039
500,0,18,1.5514711141586304,-0.44852885603904724,0.9809921383857727,1.0,5.834275245666504
500,0,19,-0.45501700043678284,-0.45501700043678284,0.013433031737804413,0.0,6.058470726013184
500,1,0,-0.19586293399333954,-0.19586293399333954,0.013522577472031116,0.0,6.6156415939331055
500,1,1,-0.5477860569953918,-0.5477860569953918,0.037380024790763855,0.0,6.705188751220703
500,1,2,-0.45408371090888977,-0.45408371090888977,0.02688581869006157,0.0,7.212975025177002
500,1,3,-0.5744888186454773,-0.5744888186454773,0.0240724328905344,0.0,6.802077293395996
500,1,4,-0.842934787273407,-0.842934787273407,0.01778952032327652,0.0,6.7768354415893555
500,1,5,-0.6929506659507751,-0.6929506659507751,0.0180314090102911,0.0,6.166115760803223
500,1,6,-0.21540924906730652,-0.21540924906730652,0.01827605441212654,0.0,6.264796257019043
500,1,7,-0.13303706049919128,-0.13303706049919128,0.01530974730849266,0.0,6.5902204513549805
500,1,8,-0.17852522432804108,-0.17852522432804108,0.014087560586631298,0.0,6.158509254455566
500,1,9,-0.4215382933616638,-0.4215382933616638,0.015697048977017403,0.0,6.51335334777832
500,1,10,-0.15569555759429932,-0.15569555759429932,0.01805443875491619,0.0,7.369021415710449
500,1,11,-0.1486978381872177,-0.1486978381872177,0.013261513784527779,0.0,7.064194679260254
500,1,12,-0.020951734855771065,-0.020951734855771065,0.013595469295978546,0.0,6.662532806396484
500,1,13,-0.9734534621238708,-0.9734534621238708,0.012302599847316742,0.0,6.630656719207764
500,1,14,-0.6081590056419373,-0.6081590056419373,0.015615236014127731,0.0,5.694039344787598
500,1,15,-0.6328211426734924,-0.6328211426734924,0.013695351779460907,0.0,6.5383195877075195
500,1,16,-1.2231829166412354,-1.2231829166412354,0.021740082651376724,0.0,6.481907367706299
500,1,17,-1.0417492389678955,-1.0417492389678955,0.016432369127869606,0.0,6.57808256149292
500,1,18,-0.07739168405532837,-0.07739168405532837,0.016720563173294067,0.0,6.636116027832031
500,1,19,-0.1916959285736084,-0.1916959285736084,0.013746832497417927,0.0,6.539417743682861
500,2,0,0.3763725757598877,0.3763725757598877,0.01913527026772499,0.0,6.214819431304932
500,2,1,0.5845082402229309,0.5845082402229309,0.023557668551802635,0.0,5.511086940765381
500,2,2,0.6292064189910889,0.6292064189910889,0.022665919736027718,0.0,5.908624649047852
500,2,3,0.4231949746608734,0.4231949746608734,0.01636008359491825,0.0,5.694735050201416
500,2,4,0.4646579325199127,0.4646579325199127,0.01684364303946495,0.0,6.7068095207214355
500,2,5,0.54337078332901,0.54337078332901,0.0162975937128067,0.0,6.361382484436035
500,2,6,0.6196326017379761,0.6196326017379761,0.018748385831713676,0.0,6.827416896820068
500,2,7,0.2788420617580414,0.2788420617580414,0.01695341430604458,0.0,6.145138263702393
500,2,8,0.45384204387664795,0.45384204387664795,0.017605923116207123,0.0,6.660133361816406
500,2,9,0.21053288877010345,0.21053288877010345,0.0186614952981472,0.0,6.573611259460449
500,2,10,0.2746213674545288,0.2746213674545288,0.01727357506752014,0.0,5.959595680236816
500,2,11,0.3877815306186676,0.3877815306186676,0.015864185988903046,0.0,5.658516883850098
500,2,12,0.45094597339630127,0.45094597339630127,0.01891355961561203,0.0,5.6553449630737305
500,2,13,0.6450330018997192,0.6450330018997192,0.016736289486289024,0.0,5.899973392486572
500,2,14,0.5516549944877625,0.5516549944877625,0.017432209104299545,0.0,6.535444259643555
500,2,15,0.4023263454437256,0.4023263454437256,0.015469254925847054,0.0,5.950838088989258
500,2,16,0.37681615352630615,0.37681615352630615,0.016025161370635033,0.0,6.857063293457031
500,2,17,0.38723990321159363,0.38723990321159363,0.022102052345871925,0.0,6.061654567718506
500,2,18,0.29017797112464905,0.29017797112464905,0.024609673768281937,0.0,6.571974277496338
500,2,19,0.20551694929599762,0.20551694929599762,0.017727961763739586,0.0,5.898608684539795
500,3,0,0.4730769097805023,0.4730769097805023,0.013047663494944572,0.0,6.194504737854004
500,3,1,0.5660250186920166,0.5660250186920166,0.01291536446660757,0.0,6.240283966064453
500,3,2,0.5110753774642944,0.5110753774642944,0.013383123092353344,0.0,6.84090518951416
500,3,3,0.47157636284828186,0.47157636284828186,0.012531684711575508,0.0,6.631890296936035
500,3,4,0.5271689295768738,0.5271689295768738,0.013854262419044971,0.0,6.522377014160156
500,3,5,0.7085526585578918,0.7085526585578918,0.013090014457702637,0.0,6.836479187011719
500,3,6,0.3126532733440399,0.3126532733440399,0.014632190577685833,0.0,6.329278469085693
500,3,7,0.44004589319229126,0.44004589319229126,0.012546664103865623,0.0,6.341404914855957
500,3,8,0.6787559986114502,0.6787559986114502,0.013373632915318012,0.0,5.995263576507568
500,3,9,0.7144097685813904,0.7144097685813904,0.014494598843157291,0.0,5.5449137687683105
500,3,10,0.7907817363739014,0.7907817363739014,0.014260146766901016,0.0,5.846271514892578
500,3,11,0.3249727785587311,0.3249727785587311,0.01348268985748291,0.0,6.617223739624023
500,3,12,0.21447058022022247,0.21447058022022247,0.013779168017208576,0.0,6.560427188873291
500,3,13,0.4848155677318573,0.4848155677318573,0.012713523581624031,0.0,6.319382667541504
500,3,14,0.468315988779068,0.468315988779068,0.013426080346107483,0.0,6.229994297027588
500,3,15,0.40954306721687317,0.40954306721687317,0.012993970885872841,0.0,6.548796653747559
500,3,16,0.699367105960846,0.699367105960846,0.013509494252502918,0.0,6.384881019592285
500,3,17,0.39530161023139954,0.39530161023139954,0.015161100775003433,0.0,6.163912773132324
500,3,18,0.493378221988678,0.493378221988678,0.012569156475365162,0.0,6.341299057006836
500,3,19,0.5367805361747742,0.5367805361747742,0.013710997998714447,0.0,6.589968681335449
500,4,0,2.2005743980407715,0.20057442784309387,0.985145092010498,1.0,6.223044395446777
500,4,1,1.4337389469146729,-0.5662611126899719,0.9788447022438049,1.0,5.99345588684082
500,4,2,2.0602662563323975,0.06026632338762283,0.969308614730835,1.0,5.923880577087402
500,4,3,1.9960907697677612,-0.003909253049641848,0.9846804738044739,1.0,6.3430891036987305
500,4,4,1.864916205406189,-0.13508379459381104,0.9842793345451355,1.0,6.628421783447266
500,4,5,2.1649739742279053,0.16497407853603363,0.9848582744598389,1.0,5.784583568572998
500,4,6,1.7132139205932617,-0.2867860794067383,0.8440613746643066,1.0,5.4766740798950195
500,4,7,1.7345833778381348,-0.26541659235954285,0.9852579236030579,1.0,7.046234130859375
500,4,8,2.0668833255767822,0.06688337028026581,0.9864509105682373,1.0,6.234384059906006
500,4,9,1.8067395687103271,-0.19326040148735046,0.9853789806365967,1.0,6.285087585449219
500,4,10,1.989647626876831,-0.010352429002523422,0.9856135249137878,1.0,6.560405254364014
500,4,11,1.8245521783828735,-0.17544782161712646,0.9846172332763672,1.0,5.909571647644043
500,4,12,2.1411538124084473,0.1411537230014801,0.9839649200439453,1.0,5.339146614074707
500,4,13,1.5184204578399658,-0.4815795123577118,0.969944179058075,1.0,5.302871227264404
500,4,14,1.6529361009597778,-0.34706392884254456,0.9844940304756165,1.0,5.384100914001465
500,4,15,-0.19312641024589539,-0.19312641024589539,0.0,0.0,5.975527286529541
500,4,16,2.117439031600952,0.11743906885385513,0.9865325689315796,1.0,6.89638614654541
500,4,17,2.0573654174804688,0.05736538767814636,0.9860314130783081,1.0,6.205751895904541
500,4,18,2.0656986236572266,0.06569861620664597,0.9864197373390198,1.0,6.236764907836914
500,4,19,1.6541600227355957,-0.3458399474620819,0.9572886228561401,1.0,5.093308448791504
480,0,0,-0.08284348994493484,-0.08284348994493484,0.01442007441073656,0.0,6.39235782623291
480,0,1,-0.9371491074562073,-0.9371491074562073,0.014386573806405067,0.0,5.117972373962402
480,0,2,1.9318383932113647,-0.06816159188747406,0.9714987277984619,1.0,6.738588333129883
480,0,3,-0.768034815788269,-0.768034815788269,0.013780204579234123,0.0,5.928299903869629
480,0,4,-1.2139191627502441,-1.2139191627502441,0.014422467909753323,0.0,5.256540775299072
480,0,5,-0.26472440361976624,-0.26472440361976624,0.014621947892010212,0.0,5.912003993988037
480,0,6,-0.4995849132537842,-0.4995849132537842,0.06148889288306236,0.0,5.704786777496338
480,0,7,-0.6665059328079224,-0.6665059328079224,0.013609047047793865,0.0,5.693244934082031
480,0,8,-0.8494748473167419,-0.8494748473167419,0.015682673081755638,0.0,5.404768943786621
480,0,9,1.3317986726760864,-0.6682013273239136,0.973228394985199,1.0,5.815203666687012
480,0,10,-0.6096296906471252,-0.6096296906471252,0.014553938060998917,0.0,5.386570930480957
480,0,11,2.4345169067382812,0.43451687693595886,0.9241546392440796,1.0,5.9169745445251465
480,0,12,0.025175612419843674,0.025175612419843674,0.019114669412374496,0.0,5.47205924987793
480,0,13,-0.8912208676338196,-0.8912208676338196,0.015640823170542717,0.0,5.458003044128418
480,0,14,0.04246357083320618,0.04246357083320618,0.014298059046268463,0.0,5.394895076751709
480,0,15,-0.6971611380577087,-0.6971611380577087,0.01513062883168459,0.0,6.505382537841797
480,0,16,2.191394805908203,0.19139477610588074,0.969366192817688,1.0,5.368100643157959
480,0,17,-0.9076706171035767,-0.9076706171035767,0.014970299787819386,0.0,5.346218109130859
480,0,18,-0.6365650296211243,-0.6365650296211243,0.013987492769956589,0.0,5.431488037109375
480,0,19,-0.4520823657512665,-0.4520823657512665,0.017448410391807556,0.0,5.975309371948242
480,1,0,-1.1051838397979736,-1.1051838397979736,0.013782506808638573,0.0,6.174214839935303
480,1,1,-0.688666582107544,-0.688666582107544,0.014712119475007057,0.0,6.358735084533691
480,1,2,-0.7967761754989624,-0.7967761754989624,0.013971940614283085,0.0,6.7681565284729
480,1,3,-0.8645305037498474,-0.8645305037498474,0.014641376212239265,0.0,5.457374095916748
480,1,4,-0.6694756150245667,-0.6694756150245667,0.014133351854979992,0.0,6.595315933227539
480,1,5,-0.3730229139328003,-0.3730229139328003,0.016051243990659714,0.0,6.393153190612793
480,1,6,-0.5795320272445679,-0.5795320272445679,0.015160194598138332,0.0,5.888143539428711
480,1,7,-0.43613046407699585,-0.43613046407699585,0.018361825495958328,0.0,6.692972183227539
480,1,8,0.09815295040607452,0.09815295040607452,0.013152042403817177,0.0,7.381144046783447
480,1,9,-0.7078632116317749,-0.7078632116317749,0.0161465834826231,0.0,6.402005195617676
480,1,10,-0.5100475549697876,-0.5100475549697876,0.022598592564463615,0.0,6.099475860595703
480,1,11,0.05780477821826935,0.05780477821826935,0.0223400741815567,0.0,6.244994640350342
480,1,12,-0.4336455464363098,-0.4336455464363098,0.04304442182183266,0.0,7.064670562744141
480,1,13,-0.5117825865745544,-0.5117825865745544,0.015103068202733994,0.0,6.456603050231934
480,1,14,-1.0330469608306885,-1.0330469608306885,0.016773313283920288,0.0,5.927870750427246
480,1,15,-0.31080543994903564,-0.31080543994903564,0.014906349591910839,0.0,6.254836082458496
480,1,16,-0.6402407288551331,-0.6402407288551331,0.014161699451506138,0.0,6.596527099609375
480,1,17,-0.8713881373405457,-0.8713881373405457,0.024579418823122978,0.0,6.1700239181518555
480,1,18,-0.5096414089202881,-0.5096414089202881,0.019015496596693993,0.0,6.361887454986572
480,1,19,-0.39930829405784607,-0.39930829405784607,0.016994992271065712,0.0,7.3392438888549805
480,2,0,0.2853187322616577,0.2853187322616577,0.019392073154449463,0.0,5.590919494628906
480,2,1,0.39299100637435913,0.39299100637435913,0.018098721280694008,0.0,6.720261573791504
480,2,2,0.61078280210495,0.61078280210495,0.01672257110476494,0.0,6.097501754760742
480,2,3,0.5170940160751343,0.5170940160751343,0.019007079303264618,0.0,5.724048614501953
480,2,4,0.595255970954895,0.595255970954895,0.01739441603422165,0.0,6.583897590637207
480,2,5,0.3848932981491089,0.3848932981491089,0.019962718710303307,0.0,5.523733615875244
480,2,6,0.43101248145103455,0.43101248145103455,0.01836356893181801,0.0,6.009617805480957
480,2,7,0.5160483121871948,0.5160483121871948,0.02031773328781128,0.0,6.557989597320557
480,2,8,0.26707684993743896,0.26707684993743896,0.023621639236807823,0.0,5.482370376586914
480,2,9,0.473382830619812,0.473382830619812,0.018030809238553047,0.0,6.412716388702393
480,2,10,0.4850800335407257,0.4850800335407257,0.018020570278167725,0.0,5.886621475219727
480,2,11,0.6370543241500854,0.6370543241500854,0.015283503569662571,0.0,5.878615856170654
480,2,12,0.4565652012825012,0.4565652012825012,0.0225638747215271,0.0,6.2246832847595215
480,2,13,0.37838029861450195,0.37838029861450195,0.016982022672891617,0.0,6.242279529571533
480,2,14,0.42902883887290955,0.42902883887290955,0.01627988927066326,0.0,5.950509071350098
480,2,15,0.3395252525806427,0.3395252525806427,0.01918005384504795,0.0,5.903310775756836
480,2,16,0.3636142313480377,0.3636142313480377,0.015810033306479454,0.0,5.563330173492432
480,2,17,0.4837310314178467,0.4837310314178467,0.01811172440648079,0.0,5.928091049194336
480,2,18,0.5583498477935791,0.5583498477935791,0.019977523013949394,0.0,6.074390888214111
480,2,19,0.7162041664123535,0.7162041664123535,0.01968751847743988,0.0,6.035226821899414
480,3,0,0.19925585389137268,0.19925585389137268,0.012742656283080578,0.0,6.241573333740234
480,3,1,0.3429325222969055,0.3429325222969055,0.013284139335155487,0.0,5.868042469024658
480,3,2,0.4534589350223541,0.4534589350223541,0.013302327133715153,0.0,6.393070220947266
480,3,3,0.5580459833145142,0.5580459833145142,0.013916592113673687,0.0,6.637233734130859
480,3,4,0.48532822728157043,0.48532822728157043,0.013657322153449059,0.0,5.712428092956543
480,3,5,0.44595420360565186,0.44595420360565186,0.013481118716299534,0.0,6.38215446472168
480,3,6,0.4607774615287781,0.4607774615287781,0.013156166300177574,0.0,6.1071391105651855
480,3,7,0.5671871900558472,0.5671871900558472,0.012932191602885723,0.0,6.066450119018555
480,3,8,0.07374998182058334,0.07374998182058334,0.012939533218741417,0.0,6.468870639801025
480,3,9,0.6113396286964417,0.6113396286964417,0.012800420634448528,0.0,5.9344282150268555
480,3,10,0.21418903768062592,0.21418903768062592,0.013386714272201061,0.0,6.90977668762207
480,3,11,0.41384172439575195,0.41384172439575195,0.013335544615983963,0.0,6.058826923370361
480,3,12,0.5138413906097412,0.5138413906097412,0.012909846380352974,0.0,6.172590255737305
480,3,13,0.56920325756073,0.56920325756073,0.015935782343149185,0.0,6.2736711502075195
480,3,14,0.3195582628250122,0.3195582628250122,0.01574333757162094,0.0,5.9883713722229
480,3,15,0.5679830312728882,0.5679830312728882,0.013205443508923054,0.0,6.058449745178223
480,3,16,0.343163400888443,0.343163400888443,0.01290068682283163,0.0,6.034503936767578
480,3,17,0.4893445372581482,0.4893445372581482,0.013359131291508675,0.0,5.737597465515137
480,3,18,0.5421091318130493,0.5421091318130493,0.013925179839134216,0.0,6.286093235015869
480,3,19,0.5478283762931824,0.5478283762931824,0.013192816637456417,0.0,6.0357747077941895
480,4,0,1.7973052263259888,-0.20269472897052765,0.9845836162567139,1.0,6.12493896484375
480,4,1,-0.44043999910354614,-0.44043999910354614,0.029486754909157753,0.0,6.099333763122559
480,4,2,1.9200084209442139,-0.07999152690172195,0.829825222492218,1.0,6.962184906005859
480,4,3,2.163928270339966,0.16392828524112701,0.9858421683311462,1.0,5.645439147949219
480,4,4,2.1113486289978027,0.1113487035036087,0.9842501878738403,1.0,5.894883155822754
480,4,5,1.7051804065704346,-0.2948196232318878,0.981957197189331,1.0,6.454978942871094
480,4,6,2.0979127883911133,0.09791290760040283,0.9844446182250977,1.0,5.648730278015137
480,4,7,1.9930490255355835,-0.006950960960239172,0.9814857840538025,1.0,5.351620197296143
480,4,8,2.1016368865966797,0.10163682699203491,0.9849506616592407,1.0,6.168912887573242
480,4,9,2.0314080715179443,0.031407974660396576,0.955781877040863,1.0,6.031611919403076
480,4,10,1.994047999382019,-0.005952045787125826,0.9862151741981506,1.0,6.286691188812256
480,4,11,1.559349775314331,-0.4406502842903137,0.9720407724380493,1.0,6.036434173583984
480,4,12,2.0852928161621094,0.08529281616210938,0.9865992069244385,1.0,6.01055383682251
480,4,13,1.7004613876342773,-0.29953861236572266,0.9827921986579895,1.0,5.762720584869385
480,4,14,2.300262451171875,0.30026236176490784,0.9851972460746765,1.0,5.70149040222168
480,4,15,1.783176302909851,-0.2168237268924713,0.9851382970809937,1.0,5.3563432693481445
480,4,16,1.7892547845840454,-0.21074524521827698,0.9620843529701233,1.0,5.834080696105957
480,4,17,-0.45051810145378113,-0.45051810145378113,0.0,0.0,5.633227348327637
480,4,18,1.7875498533248901,-0.21245016157627106,0.9861772656440735,1.0,6.750789642333984
480,4,19,1.8553372621536255,-0.1446627527475357,0.9842249155044556,1.0,5.7601118087768555
460,0,0,-0.6401627063751221,-0.6401627063751221,0.018867559731006622,0.0,6.327122688293457
460,0,1,-0.988975465297699,-0.988975465297699,0.014191687107086182,0.0,5.296778678894043
460,0,2,-0.36340904235839844,-0.36340904235839844,0.014750593341886997,0.0,6.208821773529053
460,0,3,-0.6024173498153687,-0.6024173498153687,0.014948214404284954,0.0,6.281912803649902
460,0,4,-0.7371333241462708,-0.7371333241462708,0.01442655548453331,0.0,5.849799633026123
460,0,5,-0.8077043890953064,-0.8077043890953064,0.01593964174389839,0.0,5.610196113586426
460,0,6,-0.3355363607406616,-0.3355363607406616,0.015330465510487556,0.0,6.139988899230957
460,0,7,-0.7087900042533875,-0.7087900042533875,0.014739454723894596,0.0,5.756888389587402
460,0,8,-0.729123592376709,-0.729123592376709,0.021534763276576996,0.0,5.787991523742676
460,0,9,-0.09138625115156174,-0.09138625115156174,0.0,0.0,4.739761829376221
460,0,10,-0.3623548448085785,-0.3623548448085785,0.01729816570878029,0.0,5.741268157958984
460,0,11,-0.754679262638092,-0.754679262638092,0.013548084534704685,0.0,5.630166053771973
460,0,12,-0.277057021856308,-0.277057021856308,0.013485139235854149,0.0,5.339221000671387
460,0,13,-0.08847243338823318,-0.08847243338823318,0.04607561230659485,0.0,5.793973922729492
460,0,14,-0.7433760762214661,-0.7433760762214661,0.013851598836481571,0.0,5.556600093841553
460,0,15,1.8078985214233398,-0.19210149347782135,0.9760311245918274,1.0,6.228908061981201
460,0,16,-0.37632668018341064,-0.37632668018341064,0.014549942687153816,0.0,6.060063362121582
460,0,17,-0.4054788053035736,-0.4054788053035736,0.013768468052148819,0.0,5.080124855041504
460,0,18,2.060009002685547,0.06000906601548195,0.9824218153953552,1.0,5.027657508850098
460,0,19,-0.4274803698062897,-0.4274803698062897,0.01790481247007847,0.0,5.463988780975342
460,1,0,-0.812200129032135,-0.812200129032135,0.015219634398818016,0.0,6.008001327514648
460,1,1,-0.8946453332901001,-0.8946453332901001,0.014438648708164692,0.0,6.906114101409912
460,1,2,-0.5667822957038879,-0.5667822957038879,0.013597127050161362,0.0,5.657660484313965
460,1,3,-0.45631396770477295,-0.45631396770477295,0.015215283259749413,0.0,6.997264385223389
460,1,4,-0.543582558631897,-0.543582558631897,0.016909880563616753,0.0,6.7238240242004395
460,1,5,0.07153922319412231,0.07153922319412231,0.01366835180670023,0.0,6.640746593475342
460,1,6,-1.1329337358474731,-1.1329337358474731,0.014660609886050224,0.0,6.382376670837402
460,1,7,-0.6765573024749756,-0.6765573024749756,0.015117006376385689,0.0,6.757867336273193
460,1,8,-1.1076172590255737,-1.1076172590255737,0.016550026834011078,0.0,7.269153118133545
460,1,9,-0.31956854462623596,-0.31956854462623596,0.015374302864074707,0.0,6.260397434234619
460,1,10,-0.822219967842102,-0.822219967842102,0.014245012775063515,0.0,6.118887424468994
460,1,11,-0.4365166425704956,-0.4365166425704956,0.014485067687928677,0.0,6.021998882293701
460,1,12,-0.8960508704185486,-0.8960508704185486,0.013607618398964405,0.0,6.699271202087402
460,1,13,-0.9104824662208557,-0.9104824662208557,0.015786033123731613,0.0,6.500051021575928
460,1,14,-0.7654579877853394,-0.7654579877853394,0.018464935943484306,0.0,6.839067459106445
460,1,15,-0.5470243096351624,-0.5470243096351624,0.013925466686487198,0.0,6.149008274078369
460,1,16,-0.8222813606262207,-0.8222813606262207,0.013438061811029911,0.0,6.810555458068848
460,1,17,-0.7063484787940979,-0.7063484787940979,0.02713664062321186,0.0,7.077434539794922
460,1,18,-0.7052058577537537,-0.7052058577537537,0.014643970876932144,0.0,6.44964599609375
460,1,19,-0.6267292499542236,-0.6267292499542236,0.013561283238232136,0.0,6.743494033813477
460,2,0,0.3157699704170227,0.3157699704170227,0.019386179745197296,0.0,6.353547096252441
460,2,1,0.41425183415412903,0.41425183415412903,0.01742350123822689,0.0,6.023270606994629
460,2,2,0.61741042137146,0.61741042137146,0.01971561647951603,0.0,5.667507171630859
460,2,3,0.6324087381362915,0.6324087381362915,0.01824864186346531,0.0,6.379117965698242
460,2,4,0.37491220235824585,0.37491220235824585,0.016118936240673065,0.0,5.770270824432373
460,2,5,0.20840224623680115,0.20840224623680115,0.0202491357922554,0.0,6.043220520019531
460,2,6,0.575305163860321,0.575305163860321,0.02124400995671749,0.0,6.667078018188477
460,2,7,0.44699543714523315,0.44699543714523315,0.017554879188537598,0.0,6.613112449645996
460,2,8,0.385623037815094,0.385623037815094,0.021990740671753883,0.0,6.341344833374023
460,2,9,0.32148078083992004,0.32148078083992004,0.017579929903149605,0.0,6.0749640464782715
460,2,10,0.70330411195755,0.70330411195755,0.022029371932148933,0.0,6.027690887451172
460,2,11,0.33303165435791016,0.33303165435791016,0.01626441441476345,0.0,6.301982879638672
460,2,12,0.3586615324020386,0.3586615324020386,0.016279440373182297,0.0,6.074854373931885
460,2,13,0.39633721113204956,0.39633721113204956,0.01664835773408413,0.0,6.115603446960449
460,2,14,0.5199917554855347,0.5199917554855347,0.017455128952860832,0.0,6.10740852355957
460,2,15,0.4284427762031555,0.4284427762031555,0.018343165516853333,0.0,5.8486127853393555
460,2,16,0.4301055669784546,0.4301055669784546,0.01855817250907421,0.0,6.017064094543457
460,2,17,0.2728041708469391,0.2728041708469391,0.019932538270950317,0.0,5.897822380065918
460,2,18,0.47162747383117676,0.47162747383117676,0.01906379871070385,0.0,5.941125392913818
460,2,19,0.40027132630348206,0.40027132630348206,0.02396470122039318,0.0,6.290323257446289
460,3,0,0.6105461716651917,0.6105461716651917,0.013514872640371323,0.0,5.90608549118042
460,3,1,0.5686126947402954,0.5686126947402954,0.013197822496294975,0.0,6.379931449890137
460,3,2,0.6464373469352722,0.6464373469352722,0.01320706494152546,0.0,5.583100318908691
460,3,3,0.5334190726280212,0.5334190726280212,0.013381046243011951,0.0,6.695162773132324
460,3,4,0.5931167006492615,0.5931167006492615,0.013036762364208698,0.0,6.61728572845459
460,3,5,0.6285349130630493,0.6285349130630493,0.013030572794377804,0.0,7.033027172088623
460,3,6,0.47266748547554016,0.47266748547554016,0.013964288868010044,0.0,6.447883605957031
460,3,7,0.6177931427955627,0.6177931427955627,0.013083265163004398,0.0,6.29802131652832
460,3,8,0.4321839511394501,0.4321839511394501,0.014601722359657288,0.0,6.634018898010254
460,3,9,0.38306862115859985,0.38306862115859985,0.012934504076838493,0.0,6.067711353302002
460,3,10,0.38570326566696167,0.38570326566696167,0.013938174583017826,0.0,6.088209629058838
460,3,11,0.40868908166885376,0.40868908166885376,0.01402346882969141,0.0,6.139408111572266
460,3,12,0.345682293176651,0.345682293176651,0.013268335722386837,0.0,6.401730537414551
460,3,13,0.4685001075267792,0.4685001075267792,0.013253704644739628,0.0,6.7229766845703125
460,3,14,0.4610012471675873,0.4610012471675873,0.013600260019302368,0.0,6.337663650512695
460,3,15,0.2820461392402649,0.2820461392402649,0.012885043397545815,0.0,6.07879638671875
460,3,16,0.034158866852521896,0.034158866852521896,0.013253030367195606,0.0,6.555976867675781
460,3,17,0.3796854019165039,0.3796854019165039,0.013236691243946552,0.0,6.275869369506836
460,3,18,0.5396593809127808,0.5396593809127808,0.013444523327052593,0.0,6.160427570343018
460,3,19,0.5788796544075012,0.5788796544075012,0.0131920101121068,0.0,6.211187362670898
460,4,0,2.032921314239502,0.032921209931373596,0.9853523373603821,1.0,6.287254333496094
460,4,1,1.3976993560791016,-0.6023006439208984,0.9333798885345459,1.0,5.3957977294921875
460,4,2,1.9361183643341064,-0.06388168781995773,0.9554585814476013,1.0,5.591787338256836
460,4,3,1.6119673252105713,-0.3880326747894287,0.9684165120124817,1.0,5.81638240814209
460,4,4,1.872646689414978,-0.12735335528850555,0.9844862222671509,1.0,5.28339958190918
460,4,5,1.9003064632415771,-0.09969347715377808,0.9792658686637878,1.0,5.575987815856934
460,4,6,2.283228874206543,0.28322896361351013,0.985609233379364,1.0,6.16011381149292
460,4,7,2.0077271461486816,0.0077271671034395695,0.986809492111206,1.0,6.387936115264893
460,4,8,1.3615642786026,-0.6384357213973999,0.8932793140411377,1.0,5.754397392272949
460,4,9,2.1125473976135254,0.11254744231700897,0.9839345812797546,1.0,5.417357444763184
460,4,10,1.9663811922073364,-0.03361879289150238,0.9848312139511108,1.0,5.456079483032227
460,4,11,1.971112608909607,-0.028887448832392693,0.9850218892097473,1.0,6.167618274688721
460,4,12,2.0791730880737305,0.0791730284690857,0.9856352806091309,1.0,5.959090709686279
460,4,13,2.0075106620788574,0.007510688621550798,0.9826768040657043,1.0,5.673255920410156
460,4,14,1.8680859804153442,-0.13191401958465576,0.984114408493042,1.0,5.011098861694336
460,4,15,2.021857738494873,0.02185768075287342,0.984630286693573,1.0,6.451826572418213
460,4,16,1.9102486371994019,-0.08975137770175934,0.9841356873512268,1.0,5.501101493835449
460,4,17,2.1704938411712646,0.17049388587474823,0.9851416349411011,1.0,6.338076114654541
460,4,18,2.077054023742676,0.0770539864897728,0.9856389164924622,1.0,6.489171981811523
460,4,19,2.1224801540374756,0.12248020619153976,0.9862493276596069,1.0,5.565503120422363
440,0,0,-1.1089518070220947,-1.1089518070220947,0.014325214549899101,0.0,5.989405632019043
440,0,1,-1.181594967842102,-1.181594967842102,0.014664399437606335,0.0,6.072422981262207
440,0,2,-0.7391335368156433,-0.7391335368156433,0.13160564005374908,0.0,6.471123695373535
440,0,3,-0.7370101809501648,-0.7370101809501648,0.014953713864088058,0.0,5.087776184082031
440,0,4,-0.3626158535480499,-0.3626158535480499,0.01392453070729971,0.0,5.280505180358887
440,0,5,-0.8818904161453247,-0.8818904161453247,0.015186437405645847,0.0,6.369945049285889
440,0,6,-0.7972373962402344,-0.7972373962402344,0.01346507016569376,0.0,5.90009069442749
440,0,7,-0.4288520812988281,-0.4288520812988281,0.016505086794495583,0.0,4.992841720581055
440,0,8,-0.6981058716773987,-0.6981058716773987,0.014531877823174,0.0,5.540947914123535
440,0,9,-0.7329681515693665,-0.7329681515693665,0.012900169938802719,0.0,6.3699798583984375
440,0,10,-0.8434374332427979,-0.8434374332427979,0.01435030996799469,0.0,5.957840919494629
440,0,11,-0.4269316494464874,-0.4269316494464874,0.014433925040066242,0.0,6.026742935180664
440,0,12,-0.5790831446647644,-0.5790831446647644,0.01427663117647171,0.0,6.0968804359436035
440,0,13,-0.9793989062309265,-0.9793989062309265,0.013327155262231827,0.0,5.450710773468018
440,0,14,1.756243348121643,-0.24375669658184052,0.9621325731277466,1.0,5.959941864013672
440,0,15,-0.8051267266273499,-0.8051267266273499,0.013218777254223824,0.0,5.261164665222168
440,0,16,-0.44209298491477966,-0.44209298491477966,0.017154455184936523,0.0,6.292910575866699
440,0,17,1.864869236946106,-0.13513080775737762,0.9781133532524109,1.0,5.83459997177124
440,0,18,-0.907730221748352,-0.907730221748352,0.01324527058750391,0.0,6.196591377258301
440,0,19,-0.8756535649299622,-0.8756535649299622,0.014683757908642292,0.0,5.1383280754089355
440,1,0,-0.45588231086730957,-0.45588231086730957,0.014926339499652386,0.0,6.98134183883667
440,1,1,-1.1151093244552612,-1.1151093244552612,0.018704863265156746,0.0,6.971766471862793
440,1,2,-0.8533762693405151,-0.8533762693405151,0.012778494507074356,0.0,6.438344955444336
440,1,3,-1.043992280960083,-1.043992280960083,0.01954585313796997,0.0,6.490843296051025
440,1,4,-0.2673710286617279,-0.2673710286617279,0.013273486867547035,0.0,6.311756610870361
440,1,5,-0.9881289005279541,-0.9881289005279541,0.012303156778216362,0.0,7.190324306488037
440,1,6,-0.6534255146980286,-0.6534255146980286,0.0158865787088871,0.0,6.871645927429199
440,1,7,-0.39238181710243225,-0.39238181710243225,0.013387923128902912,0.0,6.054542541503906
440,1,8,-0.030217010527849197,-0.030217010527849197,0.014335076324641705,0.0,6.600214004516602
440,1,9,-0.5800328850746155,-0.5800328850746155,0.015125966630876064,0.0,6.692802906036377
440,1,10,-0.5836040377616882,-0.5836040377616882,0.013065925799310207,0.0,6.329127311706543
440,1,11,-0.3194866180419922,-0.3194866180419922,0.02450271137058735,0.0,6.848897457122803
440,1,12,-1.0084840059280396,-1.0084840059280396,0.013311411254107952,0.0,5.738478183746338
440,1,13,-0.890110194683075,-0.890110194683075,0.015353458002209663,0.0,5.9578704833984375
440,1,14,-0.17905253171920776,-0.17905253171920776,0.019885649904608727,0.0,6.7001800537109375
440,1,15,-1.0605016946792603,-1.0605016946792603,0.013147837482392788,0.0,5.724542617797852
440,1,16,-0.8332981467247009,-0.8332981467247009,0.014008861966431141,0.0,6.022491455078125
440,1,17,-0.7518568634986877,-0.7518568634986877,0.012924146838486195,0.0,6.68214225769043
440,1,18,-0.9247556328773499,-0.9247556328773499,0.01817243918776512,0.0,6.0772385597229
440,1,19,-1.0185234546661377,-1.0185234546661377,0.012984727509319782,0.0,5.445207595825195
440,2,0,0.5030741691589355,0.5030741691589355,0.018402162939310074,0.0,6.444614887237549
440,2,1,0.46031299233436584,0.46031299233436584,0.02408722974359989,0.0,5.84462308883667
440,2,2,0.44920456409454346,0.44920456409454346,0.017460323870182037,0.0,5.028510570526123
440,2,3,0.5310742259025574,0.5310742259025574,0.016906477510929108,0.0,6.293468475341797
440,2,4,0.46642735600471497,0.46642735600471497,0.018711121752858162,0.0,6.34820556640625
440,2,5,0.34422168135643005,0.34422168135643005,0.02195950597524643,0.0,6.533754348754883
440,2,6,0.5552273392677307,0.5552273392677307,0.019665701314806938,0.0,6.393136024475098
440,2,7,0.5179746747016907,0.5179746747016907,0.01731967367231846,0.0,5.8308515548706055
440,2,8,0.4454721212387085,0.4454721212387085,0.019666973501443863,0.0,5.854218482971191
440,2,9,0.6073501706123352,0.6073501706123352,0.017047889530658722,0.0,6.6101179122924805
440,2,10,0.29199931025505066,0.29199931025505066,0.019039273262023926,0.0,6.531027793884277
440,2,11,0.42008334398269653,0.42008334398269653,0.019095148891210556,0.0,6.383466720581055
440,2,12,0.4730370342731476,0.4730370342731476,0.017592616379261017,0.0,6.134675979614258
440,2,13,0.48294776678085327,0.48294776678085327,0.01908775418996811,0.0,5.425408363342285
440,2,14,0.4208977520465851,0.4208977520465851,0.022236231714487076,0.0,6.388016700744629
440,2,15,0.3908538520336151,0.3908538520336151,0.016786206513643265,0.0,6.377410888671875
440,2,16,0.6367138624191284,0.6367138624191284,0.016833774745464325,0.0,5.466134071350098
440,2,17,0.2730673551559448,0.2730673551559448,0.018181003630161285,0.0,6.163851737976074
440,2,18,0.4051770269870758,0.4051770269870758,0.020555980503559113,0.0,6.042862892150879
440,2,19,0.3876292109489441,0.3876292109489441,0.027248606085777283,0.0,5.809985160827637
440,3,0,0.35260674357414246,0.35260674357414246,0.013241443783044815,0.0,5.739956855773926
440,3,1,0.28762465715408325,0.28762465715408325,0.013004868291318417,0.0,6.492265224456787
440,3,2,0.5286828279495239,0.5286828279495239,0.012996405363082886,0.0,6.351142883300781
440,3,3,0.2674131393432617,0.2674131393432617,0.01305477786809206,0.0,6.142268180847168
440,3,4,0.5494004487991333,0.5494004487991333,0.013118268921971321,0.0,6.793883323669434
440,3,5,0.11633755266666412,0.11633755266666412,0.013785351999104023,0.0,6.549996852874756
440,3,6,0.48392990231513977,0.48392990231513977,0.013304600492119789,0.0,6.209723472595215
440,3,7,0.49918824434280396,0.49918824434280396,0.014783915132284164,0.0,6.4162092208862305
440,3,8,0.41342660784721375,0.41342660784721375,0.01251146662980318,0.0,6.510471820831299
440,3,9,0.5995451807975769,0.5995451807975769,0.012784246355295181,0.0,6.455108165740967
440,3,10,0.11819051951169968,0.11819051951169968,0.013335684314370155,0.0,6.744186878204346
440,3,11,0.48516613245010376,0.48516613245010376,0.012967358343303204,0.0,6.304965972900391
440,3,12,0.39360374212265015,0.39360374212265015,0.013162421062588692,0.0,6.156388282775879
440,3,13,0.6266592144966125,0.6266592144966125,0.012959195300936699,0.0,5.66780948638916
440,3,14,0.29605576395988464,0.29605576395988464,0.014008182100951672,0.0,6.681893825531006
440,3,15,0.614870548248291,0.614870548248291,0.012909354642033577,0.0,6.843045234680176
440,3,16,0.6069999933242798,0.6069999933242798,0.013024559244513512,0.0,6.482850074768066
440,3,17,0.19340752065181732,0.19340752065181732,0.013994582928717136,0.0,6.7275567054748535
440,3,18,0.5933000445365906,0.5933000445365906,0.01293377298861742,0.0,6.307590484619141
440,3,19,0.7454577684402466,0.7454577684402466,0.013974588364362717,0.0,6.203283786773682
440,4,0,2.1118714809417725,0.11187150329351425,0.9862236380577087,1.0,5.9431681632995605
440,4,1,1.8501113653182983,-0.14988861978054047,0.9779770374298096,1.0,5.601656913757324
440,4,2,1.952720046043396,-0.04727991670370102,0.9846012592315674,1.0,5.7670440673828125
440,4,3,2.149876117706299,0.14987610280513763,0.9853203892707825,1.0,5.7846760749816895
440,4,4,1.8939764499664307,-0.10602352768182755,0.9859296679496765,1.0,6.142999649047852
440,4,5,1.672488808631897,-0.32751116156578064,0.9793780446052551,1.0,5.885919570922852
440,4,6,1.9767147302627563,-0.02328529953956604,0.9843872785568237,1.0,5.051961898803711
440,4,7,2.075310230255127,0.07531026750802994,0.985687792301178,1.0,6.122246265411377
440,4,8,1.9327147006988525,-0.06728529930114746,0.9854097366333008,1.0,5.449148178100586
440,4,9,2.211239814758301,0.21123988926410675,0.9855304956436157,1.0,6.198508262634277
440,4,10,1.939972162246704,-0.06002788990736008,0.9828640222549438,1.0,5.605452537536621
440,4,11,-0.18857072293758392,-0.18857072293758392,0.0,0.0,5.289210319519043
440,4,12,2.0148873329162598,0.014887411147356033,0.9826937317848206,1.0,5.9389142990112305
440,4,13,1.845306396484375,-0.1546935737133026,0.985077977180481,1.0,6.340336799621582
440,4,14,1.943393349647522,-0.05660662427544594,0.9864987134933472,1.0,5.933175086975098
440,4,15,2.126573085784912,0.12657317519187927,0.9855778813362122,1.0,6.063857078552246
440,4,16,2.160404920578003,0.16040492057800293,0.9849870800971985,1.0,5.737096309661865
440,4,17,2.03912353515625,0.03912350535392761,0.9859079718589783,1.0,6.034241676330566
440,4,18,-0.5100066065788269,-0.5100066065788269,0.0,0.0,6.587949752807617
440,4,19,1.9644123315811157,-0.035587623715400696,0.9568598866462708,1.0,5.748553276062012
420,0,0,-0.6730455160140991,-0.6730455160140991,0.01310137938708067,0.0,5.080319404602051
420,0,1,-0.9685657620429993,-0.9685657620429993,0.014466346241533756,0.0,5.785613059997559
420,0,2,-0.22749890387058258,-0.22749890387058258,0.015465461649000645,0.0,6.098467826843262
420,0,3,-0.6891648769378662,-0.6891648769378662,0.014493413269519806,0.0,6.0908660888671875
420,0,4,-0.6992620825767517,-0.6992620825767517,0.01706882193684578,0.0,4.868570327758789
420,0,5,-0.9963275194168091,-0.9963275194168091,0.018740642815828323,0.0,5.9698896408081055
420,0,6,-0.37028977274894714,-0.37028977274894714,0.014353225938975811,0.0,5.0089006423950195
420,0,7,1.559234380722046,-0.4407656788825989,0.9848824143409729,1.0,5.527431488037109
420,0,8,-0.6894855499267578,-0.6894855499267578,0.014312833547592163,0.0,5.8344926834106445
420,0,9,-1.035159707069397,-1.035159707069397,0.015915866941213608,0.0,5.840129375457764
420,0,10,-0.2458624392747879,-0.2458624392747879,0.015805648639798164,0.0,5.791893005371094
420,0,11,-0.615003228187561,-0.615003228187561,0.013653572648763657,0.0,5.913901329040527
420,0,12,-0.7736443281173706,-0.7736443281173706,0.01596442610025406,0.0,5.371843338012695
420,0,13,-0.9532767534255981,-0.9532767534255981,0.013220681808888912,0.0,5.391551971435547
420,0,14,-0.28519049286842346,-0.28519049286842346,0.01626618579030037,0.0,5.870455741882324
420,0,15,-0.3805054724216461,-0.3805054724216461,0.015250125899910927,0.0,5.131744384765625
420,0,16,-0.8668848872184753,-0.8668848872184753,0.013541133143007755,0.0,4.708703994750977
420,0,17,-0.895959198474884,-0.895959198474884,0.013826766051352024,0.0,5.6910247802734375
420,0,18,-0.45466071367263794,-0.45466071367263794,0.015268396586179733,0.0,5.4319939613342285
420,0,19,-0.9409524202346802,-0.9409524202346802,0.013801555149257183,0.0,5.622750282287598
420,1,0,-1.0335962772369385,-1.0335962772369385,0.016772761940956116,0.0,6.917492866516113
420,1,1,-1.0563900470733643,-1.0563900470733643,0.014177643693983555,0.0,6.122381687164307
420,1,2,-0.6364448070526123,-0.6364448070526123,0.016305094584822655,0.0,5.736977577209473
420,1,3,-0.8472793698310852,-0.8472793698310852,0.014709284529089928,0.0,6.590007781982422
420,1,4,-0.05694303661584854,-0.05694303661584854,0.01425162237137556,0.0,6.98354959487915
420,1,5,-0.7869651317596436,-0.7869651317596436,0.012651512399315834,0.0,6.749425888061523
420,1,6,-0.9557660818099976,-0.9557660818099976,0.017697511240839958,0.0,7.54682731628418
420,1,7,-0.6574567556381226,-0.6574567556381226,0.013512975536286831,0.0,6.125332832336426
420,1,8,0.14425894618034363,0.14425894618034363,0.012489975430071354,0.0,6.876645088195801
420,1,9,-0.6227888464927673,-0.6227888464927673,0.03163370490074158,0.0,7.0222063064575195
420,1,10,-0.4357898533344269,-0.4357898533344269,0.012525561265647411,0.0,5.35622501373291
420,1,11,-0.47027260065078735,-0.47027260065078735,0.01426930632442236,0.0,6.947752952575684
420,1,12,-0.8100647926330566,-0.8100647926330566,0.015082478523254395,0.0,7.467491149902344
420,1,13,-0.5330815315246582,-0.5330815315246582,0.012856678105890751,0.0,6.227654457092285
420,1,14,-0.7245532274246216,-0.7245532274246216,0.019837912172079086,0.0,5.726317405700684
420,1,15,-0.6109416484832764,-0.6109416484832764,0.01631828397512436,0.0,7.21925163269043
420,1,16,-0.926784873008728,-0.926784873008728,0.01479300856590271,0.0,6.5333051681518555
420,1,17,-0.4947591722011566,-0.4947591722011566,0.017303887754678726,0.0,6.524770259857178
420,1,18,-0.8401674628257751,-0.8401674628257751,0.016151275485754013,0.0,6.051273345947266
420,1,19,-0.3817724585533142,-0.3817724585533142,0.012862784788012505,0.0,6.448503494262695
420,2,0,0.3965475261211395,0.3965475261211395,0.01721857115626335,0.0,6.302589416503906
420,2,1,0.4047638177871704,0.4047638177871704,0.018755396828055382,0.0,6.242650032043457
420,2,2,0.8354235291481018,0.8354235291481018,0.016250239685177803,0.0,5.6448445320129395
420,2,3,0.5098493695259094,0.5098493695259094,0.018731579184532166,0.0,5.744524955749512
420,2,4,0.4221825897693634,0.4221825897693634,0.020574618130922318,0.0,5.8891191482543945
420,2,5,0.4378577470779419,0.4378577470779419,0.019298527389764786,0.0,6.518019199371338
420,2,6,0.43808239698410034,0.43808239698410034,0.017898209393024445,0.0,6.500439643859863
420,2,7,0.4836605489253998,0.4836605489253998,0.017598437145352364,0.0,6.363315105438232
420,2,8,0.31589847803115845,0.31589847803115845,0.018810803070664406,0.0,5.630631446838379
420,2,9,0.47052621841430664,0.47052621841430664,0.021187085658311844,0.0,6.175682067871094
420,2,10,0.4012119472026825,0.4012119472026825,0.03287632390856743,0.0,5.7806854248046875
420,2,11,0.4716101586818695,0.4716101586818695,0.026645345613360405,0.0,5.809144973754883
420,2,12,0.5905160903930664,0.5905160903930664,0.019398702308535576,0.0,5.354745388031006
420,2,13,0.47333115339279175,0.47333115339279175,0.017116054892539978,0.0,5.388789176940918
420,2,14,0.1410796046257019,0.1410796046257019,0.01863156445324421,0.0,6.071028232574463
420,2,15,0.4342089891433716,0.4342089891433716,0.020330455154180527,0.0,6.209106922149658
420,2,16,0.32477274537086487,0.32477274537086487,0.020465964451432228,0.0,5.8321990966796875
420,2,17,0.4717724323272705,0.4717724323272705,0.017854681238532066,0.0,5.830939769744873
420,2,18,0.5911391973495483,0.5911391973495483,0.019354823976755142,0.0,6.384410858154297
420,2,19,0.5825469493865967,0.5825469493865967,0.023302482441067696,0.0,6.753626823425293
420,3,0,0.4117075204849243,0.4117075204849243,0.013209289871156216,0.0,6.603559970855713
420,3,1,0.2334013730287552,0.2334013730287552,0.014300977811217308,0.0,6.117470741271973
420,3,2,0.6329983472824097,0.6329983472824097,0.013243269175291061,0.0,6.773409843444824
420,3,3,0.3217458426952362,0.3217458426952362,0.013189426623284817,0.0,5.490131378173828
420,3,4,0.6506035923957825,0.6506035923957825,0.012994593940675259,0.0,6.367830753326416
420,3,5,0.4652090072631836,0.4652090072631836,0.013569729402661324,0.0,6.222251892089844
420,3,6,0.38582637906074524,0.38582637906074524,0.013339661993086338,0.0,5.866483688354492
420,3,7,0.38193729519844055,0.38193729519844055,0.014017275534570217,0.0,6.012767791748047
420,3,8,0.5001742243766785,0.5001742243766785,0.013566742651164532,0.0,6.322395324707031
420,3,9,0.6404097080230713,0.6404097080230713,0.012993321754038334,0.0,6.443207740783691
420,3,10,0.105937160551548,0.105937160551548,0.013199659064412117,0.0,6.46438455581665
420,3,11,0.22562645375728607,0.22562645375728607,0.013626014813780785,0.0,6.627445697784424
420,3,12,0.506096363067627,0.506096363067627,0.01335317362099886,0.0,6.361852645874023
420,3,13,0.4941723644733429,0.4941723644733429,0.012810638174414635,0.0,6.4200215339660645
420,3,14,0.20646633207798004,0.20646633207798004,0.016398556530475616,0.0,6.463667869567871
420,3,15,0.2902858555316925,0.2902858555316925,0.013168441131711006,0.0,6.319385528564453
420,3,16,0.619880735874176,0.619880735874176,0.01295169536024332,0.0,6.657453536987305
420,3,17,0.48353204131126404,0.48353204131126404,0.013222399167716503,0.0,5.913599967956543
420,3,18,0.20745083689689636,0.20745083689689636,0.014713646844029427,0.0,6.161335468292236
420,3,19,0.5048468708992004,0.5048468708992004,0.013811890967190266,0.0,6.412606239318848
420,4,0,2.2126662731170654,0.2126663774251938,0.9865506887435913,1.0,6.096828460693359
420,4,1,1.8476084470748901,-0.15239150822162628,0.9853229522705078,1.0,5.428856372833252
420,4,2,1.9519699811935425,-0.048030007630586624,0.9860664010047913,1.0,5.866385459899902
420,4,3,1.8182498216629028,-0.18175017833709717,0.9773872494697571,1.0,5.244350433349609
420,4,4,2.084512233734131,0.0845121517777443,0.9859879612922668,1.0,6.897769451141357
420,4,5,2.02769136428833,0.027691436931490898,0.9858760237693787,1.0,6.301163673400879
420,4,6,1.6807005405426025,-0.3192994296550751,0.9533208012580872,1.0,5.409676551818848
420,4,7,1.6061537265777588,-0.39384621381759644,0.9802321195602417,1.0,5.753714561462402
420,4,8,2.058713436126709,0.05871332064270973,0.9850982427597046,1.0,5.7775115966796875
420,4,9,2.1771843433380127,0.17718440294265747,0.9862303137779236,1.0,6.855146408081055
420,4,10,1.8921414613723755,-0.10785853117704391,0.9858191013336182,1.0,5.712212562561035
420,4,11,1.8238515853881836,-0.17614838480949402,0.9771048426628113,1.0,5.267205715179443
420,4,12,2.2473304271698,0.24733032286167145,0.987195611000061,1.0,6.03115177154541
420,4,13,2.1896238327026367,0.18962371349334717,0.9853042960166931,1.0,5.542888641357422
420,4,14,1.8258672952651978,-0.17413271963596344,0.9843952655792236,1.0,5.198999881744385
420,4,15,2.0551252365112305,0.0551251657307148,0.9807636737823486,1.0,5.894071578979492
420,4,16,1.8485115766525269,-0.15148842334747314,0.9842073917388916,1.0,5.67270565032959
420,4,17,2.0938515663146973,0.09385155141353607,0.9859587550163269,1.0,6.499065399169922
420,4,18,2.137699842453003,0.13769984245300293,0.9838423728942871,1.0,5.543533802032471
420,4,19,2.0025484561920166,0.0025484582874923944,0.9862526059150696,1.0,5.511122703552246
400,0,0,-0.32189810276031494,-0.32189810276031494,0.013620932586491108,0.0,5.411965847015381
400,0,1,-0.85471510887146,-0.85471510887146,0.013677932322025299,0.0,5.181772708892822
400,0,2,-0.806572437286377,-0.806572437286377,0.013621861115098,0.0,5.640008449554443
400,0,3,-0.681121289730072,-0.681121289730072,0.014043224975466728,0.0,5.642269134521484
400,0,4,-0.974850594997406,-0.974850594997406,0.014134028926491737,0.0,5.671243667602539
400,0,5,-0.15075445175170898,-0.15075445175170898,0.01728767901659012,0.0,5.757360458374023
400,0,6,-0.8341941833496094,-0.8341941833496094,0.014022785238921642,0.0,6.1131978034973145
400,0,7,-0.8667001128196716,-0.8667001128196716,0.014019636437296867,0.0,5.99265193939209
400,0,8,-0.37526026368141174,-0.37526026368141174,0.014772383496165276,0.0,6.351329326629639
400,0,9,-1.0536553859710693,-1.0536553859710693,0.015292806550860405,0.0,5.358966827392578
400,0,10,-0.9928690791130066,-0.9928690791130066,0.018980439752340317,0.0,6.281477928161621
400,0,11,2.3048689365386963,0.3048689365386963,0.9738682508468628,1.0,6.121364593505859
400,0,12,-0.877718985080719,-0.877718985080719,0.013484897091984749,0.0,5.386329650878906
400,0,13,-0.33209821581840515,-0.33209821581840515,0.013767100870609283,0.0,5.75189208984375
400,0,14,-1.0319064855575562,-1.0319064855575562,0.013967197388410568,0.0,6.234341621398926
400,0,15,-0.8393585085868835,-0.8393585085868835,0.0136022437363863,0.0,5.744128704071045
400,0,16,-0.9503360390663147,-0.9503360390663147,0.014054976403713226,0.0,5.305426597595215
400,0,17,-0.937817394733429,-0.937817394733429,0.014210645109415054,0.0,5.807260513305664
400,0,18,-0.6733698844909668,-0.6733698844909668,0.014801406301558018,0.0,6.228172302246094
400,0,19,-0.7718103528022766,-0.7718103528022766,0.014048757031559944,0.0,5.069014072418213
400,1,0,-1.13225257396698,-1.13225257396698,0.013735328800976276,0.0,7.002501964569092
400,1,1,-0.3658883571624756,-0.3658883571624756,0.019235502928495407,0.0,6.320876121520996
400,1,2,-0.6751798391342163,-0.6751798391342163,0.02588278241455555,0.0,6.334187984466553
400,1,3,-1.1268888711929321,-1.1268888711929321,0.018704691901803017,0.0,6.5482282638549805
400,1,4,-0.6219912767410278,-0.6219912767410278,0.015709809958934784,0.0,6.17357873916626
400,1,5,-0.8000635504722595,-0.8000635504722595,0.013501400128006935,0.0,6.3646440505981445
400,1,6,-0.7827748656272888,-0.7827748656272888,0.016393041238188744,0.0,7.109160900115967
400,1,7,-0.17438805103302002,-0.17438805103302002,0.017502831295132637,0.0,7.1498613357543945
400,1,8,-1.0583274364471436,-1.0583274364471436,0.012687310576438904,0.0,6.200775146484375
400,1,9,-0.7294001579284668,-0.7294001579284668,0.014288399368524551,0.0,6.878057956695557
400,1,10,-0.8926293253898621,-0.8926293253898621,0.013523061759769917,0.0,6.677221298217773
400,1,11,0.03157135844230652,0.03157135844230652,0.016496164724230766,0.0,6.009440898895264
400,1,12,-0.7285649180412292,-0.7285649180412292,0.02017121948301792,0.0,6.63675594329834
400,1,13,-0.3692547380924225,-0.3692547380924225,0.014960822649300098,0.0,7.202186107635498
400,1,14,-0.9397441148757935,-0.9397441148757935,0.021624794229865074,0.0,6.8387885093688965
400,1,15,-0.7540356516838074,-0.7540356516838074,0.014660718850791454,0.0,6.395469665527344
400,1,16,-1.1301738023757935,-1.1301738023757935,0.01511320099234581,0.0,5.836596965789795
400,1,17,-1.209225058555603,-1.209225058555603,0.026701759546995163,0.0,6.655396461486816
400,1,18,-0.4890962243080139,-0.4890962243080139,0.0170986820012331,0.0,6.855266571044922
400,1,19,-0.7519691586494446,-0.7519691586494446,0.01731966622173786,0.0,6.5622076988220215
400,2,0,0.5227489471435547,0.5227489471435547,0.02140357717871666,0.0,5.921561241149902
400,2,1,0.5991831421852112,0.5991831421852112,0.018171077594161034,0.0,6.998773097991943
400,2,2,0.35388150811195374,0.35388150811195374,0.021676376461982727,0.0,6.403937339782715
400,2,3,0.7508916258811951,0.7508916258811951,0.019625365734100342,0.0,5.938912391662598
400,2,4,0.6173494458198547,0.6173494458198547,0.020243007689714432,0.0,5.46376895904541
400,2,5,0.5560616254806519,0.5560616254806519,0.019870314747095108,0.0,5.721014022827148
400,2,6,-0.04158120974898338,-0.04158120974898338,0.01704184152185917,0.0,5.861627578735352
400,2,7,0.3121849000453949,0.3121849000453949,0.020992832258343697,0.0,5.935067176818848
400,2,8,0.38659030199050903,0.38659030199050903,0.02028137631714344,0.0,5.876746654510498
400,2,9,0.34399735927581787,0.34399735927581787,0.019583996385335922,0.0,5.542453289031982
400,2,10,0.4659263491630554,0.4659263491630554,0.019327225163578987,0.0,5.9027814865112305
400,2,11,0.541637659072876,0.541637659072876,0.019589858129620552,0.0,6.076192855834961
400,2,12,0.6351498961448669,0.6351498961448669,0.01754920557141304,0.0,6.055084228515625
400,2,13,0.4350218176841736,0.4350218176841736,0.017336344346404076,0.0,6.412302017211914
400,2,14,0.45163848996162415,0.45163848996162415,0.017869679257273674,0.0,5.973193645477295
400,2,15,0.44357818365097046,0.44357818365097046,0.021344859153032303,0.0,6.571261405944824
400,2,16,0.544064998626709,0.544064998626709,0.01874336414039135,0.0,6.510951519012451
400,2,17,0.5639382004737854,0.5639382004737854,0.023454634472727776,0.0,6.433960914611816
400,2,18,0.43218690156936646,0.43218690156936646,0.021160071715712547,0.0,6.22927188873291
400,2,19,0.628874659538269,0.628874659538269,0.0194659736007452,0.0,6.034210681915283
400,3,0,0.1152237206697464,0.1152237206697464,0.01741940528154373,0.0,6.21812629699707
400,3,1,0.4085920751094818,0.4085920751094818,0.01411318127065897,0.0,6.132289409637451
400,3,2,0.44767993688583374,0.44767993688583374,0.012741384096443653,0.0,6.581416606903076
400,3,3,0.5506414175033569,0.5506414175033569,0.013363067060709,0.0,6.698216915130615
400,3,4,0.8390956521034241,0.8390956521034241,0.013097821734845638,0.0,6.324261665344238
400,3,5,0.2762729525566101,0.2762729525566101,0.01330992765724659,0.0,6.478968620300293
400,3,6,0.5304251313209534,0.5304251313209534,0.013659988529980183,0.0,6.0791192054748535
400,3,7,0.3099849224090576,0.3099849224090576,0.013288070447742939,0.0,6.571081638336182
400,3,8,0.5167546272277832,0.5167546272277832,0.013066835701465607,0.0,6.530876636505127
400,3,9,0.2353009730577469,0.2353009730577469,0.013336093164980412,0.0,6.481803894042969
400,3,10,0.6613114476203918,0.6613114476203918,0.01381173450499773,0.0,6.290682792663574
400,3,11,0.4448453485965729,0.4448453485965729,0.013459381647408009,0.0,6.0856475830078125
400,3,12,0.24257245659828186,0.24257245659828186,0.013511125929653645,0.0,6.133065700531006
400,3,13,0.6311848759651184,0.6311848759651184,0.012674904428422451,0.0,6.194033622741699
400,3,14,0.5544897317886353,0.5544897317886353,0.013163318857550621,0.0,6.071096420288086
400,3,15,0.7355740666389465,0.7355740666389465,0.013183596543967724,0.0,6.480915069580078
400,3,16,0.283890038728714,0.283890038728714,0.012719247490167618,0.0,6.081409454345703
400,3,17,0.44440603256225586,0.44440603256225586,0.013757775537669659,0.0,6.464678764343262
400,3,18,0.3820202946662903,0.3820202946662903,0.013031033799052238,0.0,6.208538055419922
400,3,19,0.28693830966949463,0.28693830966949463,0.013161707669496536,0.0,6.262848854064941
400,4,0,1.8618438243865967,-0.1381562203168869,0.9849276542663574,1.0,5.308948516845703
400,4,1,1.7368171215057373,-0.26318293809890747,0.8821986317634583,1.0,5.408960819244385
400,4,2,2.0455305576324463,0.04553057253360748,0.9664145708084106,1.0,5.5091962814331055
400,4,3,1.6584417819976807,-0.34155821800231934,0.9771226644515991,1.0,5.878608703613281
400,4,4,1.8993277549743652,-0.10067228227853775,0.984876275062561,1.0,5.609780311584473
400,4,5,1.984745979309082,-0.01525400672107935,0.9847400784492493,1.0,6.3529863357543945
400,4,6,2.276759624481201,0.2767595052719116,0.984451174736023,1.0,5.797038555145264
400,4,7,1.836072564125061,-0.16392740607261658,0.982752799987793,1.0,4.654364585876465
400,4,8,1.6206930875778198,-0.3793069124221802,0.9624800086021423,1.0,5.862309455871582
400,4,9,1.9007328748703003,-0.09926707297563553,0.9825040698051453,1.0,4.993294715881348
400,4,10,2.089237928390503,0.08923791348934174,0.9856866002082825,1.0,5.97029972076416
400,4,11,1.6445058584213257,-0.3554941415786743,0.9342782497406006,1.0,5.651981353759766
400,4,12,1.75098717212677,-0.24901284277439117,0.9843134880065918,1.0,5.753245830535889
400,4,13,2.082533359527588,0.0825333297252655,0.984470009803772,1.0,6.231751918792725
400,4,14,1.6901239156723022,-0.30987608432769775,0.9789302349090576,1.0,5.7216796875
400,4,15,2.257990598678589,0.2579905092716217,0.9855198264122009,1.0,5.437475681304932
400,4,16,2.0406479835510254,0.04064788669347763,0.9832624197006226,1.0,6.250744819641113
400,4,17,1.9739073514938354,-0.02609260380268097,0.9848286509513855,1.0,6.033553600311279
400,4,18,2.4663286209106445,0.466328501701355,0.9865486025810242,1.0,5.973938941955566
400,4,19,2.160998582839966,0.16099849343299866,0.9848015904426575,1.0,6.650925636291504
380,0,0,-0.4848990738391876,-0.4848990738391876,0.013559361919760704,0.0,5.911659240722656
380,0,1,-1.0174930095672607,-1.0174930095672607,0.013495862483978271,0.0,6.061103820800781
380,0,2,-0.6661877632141113,-0.6661877632141113,0.013469181023538113,0.0,5.453172206878662
380,0,3,-0.6937129497528076,-0.6937129497528076,0.0139958206564188,0.0,5.947806358337402
380,0,4,-0.9002147316932678,-0.9002147316932678,0.013508719392120838,0.0,5.414625644683838
380,0,5,-0.91853928565979,-0.91853928565979,0.013773738406598568,0.0,4.728360176086426
380,0,6,-0.7606899738311768,-0.7606899738311768,0.015542012639343739,0.0,5.798585891723633
380,0,7,-0.7369433045387268,-0.7369433045387268,0.01458520907908678,0.0,5.422405242919922
380,0,8,-0.47602158784866333,-0.47602158784866333,0.014841677621006966,0.0,5.316059589385986
380,0,9,-0.6522408127784729,-0.6522408127784729,0.017151691019535065,0.0,6.008392333984375
380,0,10,-1.0604259967803955,-1.0604259967803955,0.015421952120959759,0.0,4.905985355377197
380,0,11,-1.0444371700286865,-1.0444371700286865,0.01479845866560936,0.0,6.140478610992432
380,0,12,-0.8242895603179932,-0.8242895603179932,0.013717410154640675,0.0,5.840755462646484
380,0,13,-0.8789522051811218,-0.8789522051811218,0.015368638560175896,0.0,5.985776424407959
380,0,14,-0.8078837990760803,-0.8078837990760803,0.01375925075262785,0.0,6.102578163146973
380,0,15,-0.9325090646743774,-0.9325090646743774,0.015060139819979668,0.0,5.536378860473633
380,0,16,-0.8178014755249023,-0.8178014755249023,0.013832535594701767,0.0,5.905071258544922
380,0,17,-1.2117794752120972,-1.2117794752120972,0.014254088513553143,0.0,5.16620397567749
380,0,18,-0.466305136680603,-0.466305136680603,0.06970526278018951,0.0,5.879541397094727
380,0,19,-0.7833964824676514,-0.7833964824676514,0.014203378930687904,0.0,5.3932318687438965
380,1,0,-0.8053796291351318,-0.8053796291351318,0.016754604876041412,0.0,6.850769996643066
380,1,1,-0.9169270992279053,-0.9169270992279053,0.013245980255305767,0.0,6.467293739318848
380,1,2,-0.7888266444206238,-0.7888266444206238,0.016970761120319366,0.0,6.4497880935668945
380,1,3,-0.5638349056243896,-0.5638349056243896,0.015503334812819958,0.0,6.21746301651001
380,1,4,-0.8616877794265747,-0.8616877794265747,0.01673453114926815,0.0,6.124904632568359
380,1,5,-0.8314698338508606,-0.8314698338508606,0.014036664739251137,0.0,6.165005207061768
380,1,6,-0.17439918220043182,-0.17439918220043182,0.018332285806536674,0.0,6.429232120513916
380,1,7,-0.3227249085903168,-0.3227249085903168,0.016761694103479385,0.0,6.890530109405518
380,1,8,-1.1268469095230103,-1.1268469095230103,0.015806904062628746,0.0,6.890740394592285
380,1,9,-0.8161196708679199,-0.8161196708679199,0.013104117475450039,0.0,7.0868425369262695
380,1,10,-0.35128653049468994,-0.35128653049468994,0.016414223238825798,0.0,7.427112579345703
380,1,11,-0.8206157684326172,-0.8206157684326172,0.027463596314191818,0.0,6.514451503753662
380,1,12,-0.8277095556259155,-0.8277095556259155,0.014127008616924286,0.0,6.790549278259277
380,1,13,-0.8963000774383545,-0.8963000774383545,0.022901616990566254,0.0,5.911531925201416
380,1,14,-0.6743096709251404,-0.6743096709251404,0.013526161201298237,0.0,6.4649434089660645
380,1,15,-0.9361020922660828,-0.9361020922660828,0.02130805514752865,0.0,7.227139472961426
380,1,16,-0.45884189009666443,-0.45884189009666443,0.016513843089342117,0.0,7.118048191070557
380,1,17,-1.0511497259140015,-1.0511497259140015,0.01730799302458763,0.0,6.01888370513916
380,1,18,-1.1430033445358276,-1.1430033445358276,0.014853674918413162,0.0,6.606967926025391
380,1,19,-1.1045068502426147,-1.1045068502426147,0.013485455885529518,0.0,6.483701705932617
380,2,0,0.3570531904697418,0.3570531904697418,0.024009723216295242,0.0,6.398474216461182
380,2,1,0.6923801898956299,0.6923801898956299,0.017995106056332588,0.0,6.027153968811035
380,2,2,0.5579203963279724,0.5579203963279724,0.020310046151280403,0.0,6.0699615478515625
380,2,3,0.33481261134147644,0.33481261134147644,0.023891817778348923,0.0,6.75587797164917
380,2,4,0.5686672329902649,0.5686672329902649,0.019429519772529602,0.0,6.557160377502441
380,2,5,0.6999422907829285,0.6999422907829285,0.022173751145601273,0.0,5.906823635101318
380,2,6,0.37217211723327637,0.37217211723327637,0.01734359934926033,0.0,6.3602776527404785
380,2,7,0.5739278793334961,0.5739278793334961,0.025272579863667488,0.0,5.758955955505371
380,2,8,0.4646618962287903,0.4646618962287903,0.01690557412803173,0.0,6.874136924743652
380,2,9,0.2727130353450775,0.2727130353450775,0.023021362721920013,0.0,5.991629123687744
380,2,10,0.4195556640625,0.4195556640625,0.021622752770781517,0.0,6.021315097808838
380,2,11,0.3897859752178192,0.3897859752178192,0.02363721840083599,0.0,5.881453514099121
380,2,12,0.3117198050022125,0.3117198050022125,0.018208643421530724,0.0,6.017382621765137
380,2,13,0.48740315437316895,0.48740315437316895,0.01817026548087597,0.0,6.778204917907715
380,2,14,0.435589075088501,0.435589075088501,0.022488174960017204,0.0,6.007699012756348
380,2,15,0.4072573184967041,0.4072573184967041,0.01823248155415058,0.0,5.765377998352051
380,2,16,0.4993058741092682,0.4993058741092682,0.02034652978181839,0.0,6.236501693725586
380,2,17,0.47606244683265686,0.47606244683265686,0.02380489371716976,0.0,5.556754112243652
380,2,18,0.5830575227737427,0.5830575227737427,0.021344585344195366,0.0,6.2264485359191895
380,2,19,0.3533777892589569,0.3533777892589569,0.02121979184448719,0.0,5.762655258178711
380,3,0,0.6233223676681519,0.6233223676681519,0.014057030901312828,0.0,6.426669120788574
380,3,1,0.3916069269180298,0.3916069269180298,0.012924384325742722,0.0,6.575353622436523
380,3,2,0.4017026424407959,0.4017026424407959,0.01407321821898222,0.0,6.580602645874023
380,3,3,0.2687447667121887,0.2687447667121887,0.013188769109547138,0.0,6.097588539123535
380,3,4,0.13703878223896027,0.13703878223896027,0.014226792380213737,0.0,6.141057968139648
380,3,5,0.48307010531425476,0.48307010531425476,0.012764984741806984,0.0,6.329502105712891
380,3,6,0.34531787037849426,0.34531787037849426,0.013127348385751247,0.0,6.289528846740723
380,3,7,0.41102588176727295,0.41102588176727295,0.013307848945260048,0.0,6.043317794799805
380,3,8,0.4879564940929413,0.4879564940929413,0.013180159032344818,0.0,5.941027641296387
380,3,9,0.36877667903900146,0.36877667903900146,0.013137130998075008,0.0,5.976039886474609
380,3,10,0.4520719349384308,0.4520719349384308,0.013946435414254665,0.0,6.475844383239746
380,3,11,0.21204806864261627,0.21204806864261627,0.013185734860599041,0.0,6.58395528793335
380,3,12,0.3450588881969452,0.3450588881969452,0.013362174853682518,0.0,6.300081253051758
380,3,13,0.5171345472335815,0.5171345472335815,0.013161306269466877,0.0,6.3855791091918945
380,3,14,0.513361930847168,0.513361930847168,0.013635230250656605,0.0,5.734186172485352
380,3,15,0.36693012714385986,0.36693012714385986,0.013121863827109337,0.0,6.221125602722168
380,3,16,0.3820009231567383,0.3820009231567383,0.01353010069578886,0.0,6.2654194831848145
380,3,17,0.29533424973487854,0.29533424973487854,0.012966430746018887,0.0,6.656340599060059
380,3,18,0.3222990036010742,0.3222990036010742,0.012571907602250576,0.0,5.8351311683654785
380,3,19,0.440904438495636,0.440904438495636,0.013434902764856815,0.0,6.282746315002441
380,4,0,1.827047348022461,-0.17295269668102264,0.9845861196517944,1.0,5.181385040283203
380,4,1,2.048487663269043,0.04848755896091461,0.9842751622200012,1.0,5.501279830932617
380,4,2,1.931467056274414,-0.06853300333023071,0.9859477281570435,1.0,5.959977149963379
380,4,3,1.5486533641815186,-0.45134666562080383,0.9773716926574707,1.0,6.143004417419434
380,4,4,1.801898717880249,-0.19810126721858978,0.9852083921432495,1.0,5.733797550201416
380,4,5,1.995262861251831,-0.004737156443297863,0.9856539368629456,1.0,5.963273048400879
380,4,6,1.8418837785720825,-0.1581161916255951,0.9789628982543945,1.0,5.676985263824463
380,4,7,2.055936574935913,0.05593664571642876,0.9846409559249878,1.0,5.2411627769470215
380,4,8,1.5544672012329102,-0.44553279876708984,0.9845102429389954,1.0,5.608486175537109
380,4,9,1.9210084676742554,-0.07899150252342224,0.9863199591636658,1.0,5.84999942779541
380,4,10,1.9042843580245972,-0.09571565687656403,0.9838063716888428,1.0,6.036798477172852
380,4,11,2.031404495239258,0.03140447288751602,0.9846998453140259,1.0,5.3741774559021
380,4,12,2.047839641571045,0.04783952236175537,0.9828731417655945,1.0,5.853639602661133
380,4,13,1.8396074771881104,-0.16039255261421204,0.9848579168319702,1.0,5.063947677612305
380,4,14,2.052990674972534,0.05299070104956627,0.9857729077339172,1.0,6.190977096557617
380,4,15,1.943414568901062,-0.056585390120744705,0.9846788644790649,1.0,6.097489356994629
380,4,16,2.222788095474243,0.22278808057308197,0.986006498336792,1.0,6.321842670440674
380,4,17,2.083329200744629,0.0833292156457901,0.9860008358955383,1.0,6.154275894165039
380,4,18,1.8429523706436157,-0.1570475995540619,0.9860061407089233,1.0,6.161957740783691
380,4,19,1.9429309368133545,-0.05706903338432312,0.9830377101898193,1.0,5.508967399597168
360,0,0,-1.1129112243652344,-1.1129112243652344,0.013053622096776962,0.0,5.160276412963867
360,0,1,-0.4007628262042999,-0.4007628262042999,0.015811147168278694,0.0,6.018271446228027
360,0,2,-0.8061537146568298,-0.8061537146568298,0.014761228114366531,0.0,6.212729454040527
360,0,3,-1.3318462371826172,-1.3318462371826172,0.014163467101752758,0.0,5.926842212677002
360,0,4,-0.8330443501472473,-0.8330443501472473,0.014546620659530163,0.0,5.786404609680176
360,0,5,-1.2123687267303467,-1.2123687267303467,0.013412895612418652,0.0,6.043776512145996
360,0,6,-1.0961883068084717,-1.0961883068084717,0.014670132659375668,0.0,5.5637640953063965
360,0,7,-0.8491206765174866,-0.8491206765174866,0.013502847403287888,0.0,6.221944808959961
360,0,8,-0.685671865940094,-0.685671865940094,0.017401494085788727,0.0,6.3408002853393555
360,0,9,-0.8450565934181213,-0.8450565934181213,0.013646804727613926,0.0,5.911839485168457
360,0,10,-0.6843516230583191,-0.6843516230583191,0.018702518194913864,0.0,6.020569801330566
360,0,11,-0.9524173736572266,-0.9524173736572266,0.014503715559840202,0.0,6.23803186416626
360,0,12,-0.22826887667179108,-0.22826887667179108,0.016986088827252388,0.0,5.665966033935547
360,0,13,-1.1568844318389893,-1.1568844318389893,0.01466240081936121,0.0,5.855801582336426
360,0,14,-0.920864462852478,-0.920864462852478,0.01558876782655716,0.0,5.815397262573242
360,0,15,-0.6752410531044006,-0.6752410531044006,0.014117071405053139,0.0,5.116010665893555
360,0,16,-0.6536291241645813,-0.6536291241645813,0.01363607868552208,0.0,5.656956672668457
360,0,17,-0.9309852123260498,-0.9309852123260498,0.023983711376786232,0.0,5.6493024826049805
360,0,18,-0.8380420207977295,-0.8380420207977295,0.014393973164260387,0.0,5.831362724304199
360,0,19,0.10458164662122726,0.10458164662122726,0.08538925647735596,0.0,5.422268867492676
360,1,0,-1.4471343755722046,-1.4471343755722046,0.01614098623394966,0.0,6.411116600036621
360,1,1,-0.7641241550445557,-0.7641241550445557,0.016589919105172157,0.0,6.145133972167969
360,1,2,-0.7208340764045715,-0.7208340764045715,0.0169790368527174,0.0,6.200901985168457
360,1,3,-0.8795154094696045,-0.8795154094696045,0.014876661822199821,0.0,6.817594051361084
360,1,4,-0.8267121315002441,-0.8267121315002441,0.013238834217190742,0.0,6.598703861236572
360,1,5,-0.6991252899169922,-0.6991252899169922,0.013938607648015022,0.0,7.393233299255371
360,1,6,-0.9838306903839111,-0.9838306903839111,0.016613833606243134,0.0,6.1378936767578125
360,1,7,-0.7864404320716858,-0.7864404320716858,0.015093411318957806,0.0,7.054892539978027
360,1,8,-0.30480697751045227,-0.30480697751045227,0.014430426061153412,0.0,5.929532527923584
360,1,9,-0.8319008946418762,-0.8319008946418762,0.013764504343271255,0.0,6.712810516357422
360,1,10,-0.10249250382184982,-0.10249250382184982,0.015477162785828114,0.0,6.2915425300598145
360,1,11,-0.6432275772094727,-0.6432275772094727,0.020627561956644058,0.0,7.097582817077637
360,1,12,-1.0566658973693848,-1.0566658973693848,0.019789891317486763,0.0,6.487351417541504
360,1,13,-0.8611940145492554,-0.8611940145492554,0.013895543292164803,0.0,5.8890814781188965
360,1,14,-0.2433731108903885,-0.2433731108903885,0.029886092990636826,0.0,6.4617018699646
360,1,15,-0.46430590748786926,-0.46430590748786926,0.019311323761940002,0.0,7.257784843444824
360,1,16,-0.5288087129592896,-0.5288087129592896,0.01524318102747202,0.0,5.902289867401123
360,1,17,-1.1938872337341309,-1.1938872337341309,0.015322186052799225,0.0,6.259397506713867
360,1,18,-0.735135018825531,-0.735135018825531,0.021257078275084496,0.0,6.9688591957092285
360,1,19,-0.8506789207458496,-0.8506789207458496,0.01812145486474037,0.0,6.049417972564697
360,2,0,0.5552178621292114,0.5552178621292114,0.018651839345693588,0.0,6.5108513832092285
360,2,1,0.5305808782577515,0.5305808782577515,0.01769654080271721,0.0,6.310381889343262
360,2,2,0.4082271158695221,0.4082271158695221,0.018009401857852936,0.0,6.179247856140137
360,2,3,0.48229163885116577,0.48229163885116577,0.018716949969530106,0.0,6.00410795211792
360,2,4,0.7912850975990295,0.7912850975990295,0.018863825127482414,0.0,6.08228874206543
360,2,5,0.31081631779670715,0.31081631779670715,0.01815301738679409,0.0,6.134701251983643
360,2,6,0.3688473403453827,0.3688473403453827,0.020523829385638237,0.0,5.955783367156982
360,2,7,0.4411446154117584,0.4411446154117584,0.01872747577726841,0.0,5.763050079345703
360,2,8,0.5779964327812195,0.5779964327812195,0.022723553702235222,0.0,6.1897664070129395
360,2,9,0.7363367080688477,0.7363367080688477,0.020565511658787727,0.0,5.504434585571289
360,2,10,0.5248614549636841,0.5248614549636841,0.01705249398946762,0.0,5.819371223449707
360,2,11,0.5927340388298035,0.5927340388298035,0.02079707942903042,0.0,5.9177565574646
360,2,12,0.639561116695404,0.639561116695404,0.02252979204058647,0.0,5.4436750411987305
360,2,13,0.5864485502243042,0.5864485502243042,0.02053339034318924,0.0,6.283106803894043
360,2,14,0.5236879587173462,0.5236879587173462,0.018436109647154808,0.0,6.420629501342773
360,2,15,0.4601767063140869,0.4601767063140869,0.021232206374406815,0.0,5.921751022338867
360,2,16,0.4990197718143463,0.4990197718143463,0.01814873330295086,0.0,5.759614944458008
360,2,17,0.45151829719543457,0.45151829719543457,0.019657770171761513,0.0,5.829497814178467
360,2,18,0.7502938508987427,0.7502938508987427,0.01878291182219982,0.0,6.136567115783691
360,2,19,0.548201858997345,0.548201858997345,0.019182246178388596,0.0,5.810773849487305
360,3,0,0.4022504985332489,0.4022504985332489,0.013535968959331512,0.0,6.563992500305176
360,3,1,0.46322256326675415,0.46322256326675415,0.013210060074925423,0.0,6.089535713195801
360,3,2,0.3933614194393158,0.3933614194393158,0.013974159955978394,0.0,6.21841287612915
360,3,3,0.5686075091362,0.5686075091362,0.013750634156167507,0.0,6.24639892578125
360,3,4,0.3228474259376526,0.3228474259376526,0.014086112380027771,0.0,6.305256366729736
360,3,5,0.2823745906352997,0.2823745906352997,0.013456913642585278,0.0,6.635303020477295
360,3,6,0.4177965521812439,0.4177965521812439,0.013560019433498383,0.0,6.356832504272461
360,3,7,0.3883035480976105,0.3883035480976105,0.013085839338600636,0.0,6.009261131286621
360,3,8,0.5570221543312073,0.5570221543312073,0.013350272551178932,0.0,6.001371383666992
360,3,9,0.5027229189872742,0.5027229189872742,0.013741090893745422,0.0,6.855973720550537
360,3,10,0.4018546938896179,0.4018546938896179,0.013125988654792309,0.0,5.988156318664551
360,3,11,0.31093737483024597,0.31093737483024597,0.012754418887197971,0.0,6.4229936599731445
360,3,12,0.31861239671707153,0.31861239671707153,0.013497628271579742,0.0,5.930266857147217
360,3,13,0.42659270763397217,0.42659270763397217,0.013758215121924877,0.0,5.934741020202637
360,3,14,0.5416209697723389,0.5416209697723389,0.013547600246965885,0.0,6.56803560256958
360,3,15,0.5511881113052368,0.5511881113052368,0.013010052964091301,0.0,6.727849006652832
360,3,16,0.49274134635925293,0.49274134635925293,0.013223318383097649,0.0,6.6443023681640625
360,3,17,0.6206139922142029,0.6206139922142029,0.012811319902539253,0.0,6.449041843414307
360,3,18,0.46719858050346375,0.46719858050346375,0.01293613575398922,0.0,6.363916397094727
360,3,19,0.5736925601959229,0.5736925601959229,0.013008148409426212,0.0,6.234402179718018
360,4,0,1.7374759912490845,-0.2625240385532379,0.9588765501976013,1.0,6.155421733856201
360,4,1,2.209550142288208,0.20955021679401398,0.9838220477104187,1.0,5.556675910949707
360,4,2,1.662489414215088,-0.3375105559825897,0.975505530834198,1.0,6.563055992126465
360,4,3,1.8313617706298828,-0.16863827407360077,0.9848626255989075,1.0,5.779388427734375
360,4,4,2.038440465927124,0.03844045475125313,0.9861035943031311,1.0,6.238289833068848
360,4,5,1.7930115461349487,-0.20698846876621246,0.9859790205955505,1.0,6.430561542510986
360,4,6,1.9312461614608765,-0.06875381618738174,0.9830106496810913,1.0,6.277111530303955
360,4,7,1.8312485218048096,-0.16875141859054565,0.9796839952468872,1.0,6.238048076629639
360,4,8,2.0556838512420654,0.055683739483356476,0.9851601123809814,1.0,5.762970924377441
360,4,9,1.907072901725769,-0.09292704612016678,0.9857504367828369,1.0,5.6859283447265625
360,4,10,2.0951173305511475,0.09511739760637283,0.983616054058075,1.0,5.470521926879883
360,4,11,1.9418036937713623,-0.0581962987780571,0.9859899282455444,1.0,5.752591133117676
360,4,12,2.128716230392456,0.12871624529361725,0.9867560863494873,1.0,5.819184303283691
360,4,13,1.8220810890197754,-0.17791897058486938,0.9857991933822632,1.0,4.989175319671631
360,4,14,2.0442113876342773,0.04421129450201988,0.9850530028343201,1.0,5.804532527923584
360,4,15,1.8762801885604858,-0.12371975928544998,0.9808619618415833,1.0,5.856980323791504
360,4,16,1.9651057720184326,-0.034894175827503204,0.9848095774650574,1.0,6.024530410766602
360,4,17,1.8331984281539917,-0.1668015569448471,0.9850362539291382,1.0,6.172645568847656
360,4,18,1.9884377717971802,-0.01156221330165863,0.9853583574295044,1.0,5.997869491577148
360,4,19,2.042212963104248,0.042212843894958496,0.9834814667701721,1.0,5.3390302658081055
340,0,0,-0.6494983434677124,-0.6494983434677124,0.013273692689836025,0.0,5.812454700469971
340,0,1,-1.0090088844299316,-1.0090088844299316,0.01520583312958479,0.0,5.83022928237915
340,0,2,-1.0928552150726318,-1.0928552150726318,0.015120372176170349,0.0,5.787596702575684
340,0,3,-0.763914167881012,-0.763914167881012,0.01629038341343403,0.0,6.0491533279418945
340,0,4,-0.8788923621177673,-0.8788923621177673,0.01525609940290451,0.0,5.505388259887695
340,0,5,-0.8537962436676025,-0.8537962436676025,0.014345468953251839,0.0,6.271753787994385
340,0,6,-1.2079073190689087,-1.2079073190689087,0.014161963015794754,0.0,5.450692653656006
340,0,7,-0.4193449020385742,-0.4193449020385742,0.014158941805362701,0.0,6.013442039489746
340,0,8,-0.8219989538192749,-0.8219989538192749,0.014689733274281025,0.0,5.162770748138428
340,0,9,-1.022292971611023,-1.022292971611023,0.01388123445212841,0.0,6.277997970581055
340,0,10,-0.8327977061271667,-0.8327977061271667,0.01430052611976862,0.0,5.917010307312012
340,0,11,-0.5333601236343384,-0.5333601236343384,0.01291216816753149,0.0,5.723369598388672
340,0,12,-0.8822433948516846,-0.8822433948516846,0.013574848882853985,0.0,5.168172836303711
340,0,13,-0.7200672030448914,-0.7200672030448914,0.014502930454909801,0.0,5.287313938140869
340,0,14,-0.5822766423225403,-0.5822766423225403,0.01480193343013525,0.0,5.786921501159668
340,0,15,-0.5271733999252319,-0.5271733999252319,0.013593219220638275,0.0,5.4572601318359375
340,0,16,-0.28793030977249146,-0.28793030977249146,0.015573986805975437,0.0,5.836345195770264
340,0,17,-0.7771599888801575,-0.7771599888801575,0.015158038586378098,0.0,5.91030216217041
340,0,18,-0.8345037698745728,-0.8345037698745728,0.013548134826123714,0.0,5.958479881286621
340,0,19,-0.8938795328140259,-0.8938795328140259,0.014030935242772102,0.0,5.750328063964844
340,1,0,-0.8714313507080078,-0.8714313507080078,0.015279126353561878,0.0,6.863030433654785
340,1,1,-1.025469422340393,-1.025469422340393,0.014345886185765266,0.0,6.2412004470825195
340,1,2,-1.041481375694275,-1.041481375694275,0.014107802882790565,0.0,6.6170125007629395
340,1,3,-0.5161645412445068,-0.5161645412445068,0.01582256518304348,0.0,6.835710525512695
340,1,4,-1.0486894845962524,-1.0486894845962524,0.01959458366036415,0.0,7.07063102722168
340,1,5,-0.7464734315872192,-0.7464734315872192,0.025013701990246773,0.0,6.893391132354736
340,1,6,-0.9391207695007324,-0.9391207695007324,0.014941961504518986,0.0,6.000125885009766
340,1,7,-1.240633487701416,-1.240633487701416,0.01774340495467186,0.0,6.608409881591797
340,1,8,-1.1406711339950562,-1.1406711339950562,0.016697844490408897,0.0,6.440343379974365
340,1,9,-0.8501991033554077,-0.8501991033554077,0.028215862810611725,0.0,6.304439544677734
340,1,10,-0.6833912134170532,-0.6833912134170532,0.014884807169437408,0.0,6.645257949829102
340,1,11,-0.7458609938621521,-0.7458609938621521,0.03043360635638237,0.0,6.794641494750977
340,1,12,-1.0390784740447998,-1.0390784740447998,0.014068474061787128,0.0,6.89492130279541
340,1,13,-1.0422941446304321,-1.0422941446304321,0.015061730518937111,0.0,6.777723789215088
340,1,14,-0.575275719165802,-0.575275719165802,0.015516746789216995,0.0,6.734073638916016
340,1,15,-0.7473838925361633,-0.7473838925361633,0.014721544459462166,0.0,6.352190017700195
340,1,16,-0.8508234620094299,-0.8508234620094299,0.018835898488759995,0.0,7.03239107131958
340,1,17,-1.0926483869552612,-1.0926483869552612,0.019907403737306595,0.0,6.401739120483398
340,1,18,-0.7831727862358093,-0.7831727862358093,0.013856898061931133,0.0,6.372343063354492
340,1,19,-0.8552759289741516,-0.8552759289741516,0.017962567508220673,0.0,6.807011604309082
340,2,0,0.2979614734649658,0.2979614734649658,0.017290467396378517,0.0,5.704899787902832
340,2,1,0.2784382104873657,0.2784382104873657,0.01612217351794243,0.0,6.454403400421143
340,2,2,0.44451504945755005,0.44451504945755005,0.020840540528297424,0.0,5.948861122131348
340,2,3,0.6056303381919861,0.6056303381919861,0.018848177045583725,0.0,6.383478164672852
340,2,4,0.40336549282073975,0.40336549282073975,0.021223418414592743,0.0,5.812834739685059
340,2,5,0.38113823533058167,0.38113823533058167,0.01850973814725876,0.0,5.8858561515808105
340,2,6,0.576851487159729,0.576851487159729,0.023831844329833984,0.0,5.920535087585449
340,2,7,0.6451089978218079,0.6451089978218079,0.019166840240359306,0.0,6.048708915710449
340,2,8,0.5003329515457153,0.5003329515457153,0.020777342841029167,0.0,6.4910736083984375
340,2,9,0.42105838656425476,0.42105838656425476,0.02173897996544838,0.0,6.1894121170043945
340,2,10,0.5668213367462158,0.5668213367462158,0.016506781801581383,0.0,6.161487579345703
340,2,11,0.45332908630371094,0.45332908630371094,0.02326863445341587,0.0,6.099393844604492
340,2,12,0.4408912658691406,0.4408912658691406,0.018416298553347588,0.0,6.691877365112305
340,2,13,0.693588137626648,0.693588137626648,0.018742386251688004,0.0,6.784797668457031
340,2,14,0.3761917054653168,0.3761917054653168,0.020497016608715057,0.0,5.936311721801758
340,2,15,0.43227285146713257,0.43227285146713257,0.020010339096188545,0.0,6.341623783111572
340,2,16,0.29579755663871765,0.29579755663871765,0.019253317266702652,0.0,6.348092079162598
340,2,17,0.5309156775474548,0.5309156775474548,0.01924922876060009,0.0,5.860376834869385
340,2,18,0.4194014370441437,0.4194014370441437,0.019421018660068512,0.0,5.8432722091674805
340,2,19,0.39512020349502563,0.39512020349502563,0.02743486501276493,0.0,5.668659687042236
340,3,0,0.29959219694137573,0.29959219694137573,0.013042870908975601,0.0,5.922201156616211
340,3,1,0.4685732424259186,0.4685732424259186,0.012651469558477402,0.0,6.480481147766113
340,3,2,0.12872253358364105,0.12872253358364105,0.014055529609322548,0.0,6.794050216674805
340,3,3,0.2888088822364807,0.2888088822364807,0.013737629167735577,0.0,6.794060707092285
340,3,4,0.47726675868034363,0.47726675868034363,0.012896522879600525,0.0,6.133647918701172
340,3,5,0.28871721029281616,0.28871721029281616,0.013027416542172432,0.0,6.3482346534729
340,3,6,0.4412819445133209,0.4412819445133209,0.013603356666862965,0.0,6.015578269958496
340,3,7,0.5634914636611938,0.5634914636611938,0.01271757110953331,0.0,6.565164566040039
340,3,8,0.4506482779979706,0.4506482779979706,0.013843902386724949,0.0,5.860376834869385
340,3,9,0.42512309551239014,0.42512309551239014,0.012800096534192562,0.0,5.9842939376831055
340,3,10,0.41022002696990967,0.41022002696990967,0.012980431318283081,0.0,6.085168838500977
340,3,11,0.49238094687461853,0.49238094687461853,0.013634642586112022,0.0,6.3649582862854
340,3,12,0.5426329970359802,0.5426329970359802,0.013015350326895714,0.0,6.572776794433594
340,3,13,0.6551213264465332,0.6551213264465332,0.013231958262622356,0.0,6.752651214599609
340,3,14,0.3626759350299835,0.3626759350299835,0.013278234750032425,0.0,6.596640586853027
340,3,15,0.3402228057384491,0.3402228057384491,0.01308949664235115,0.0,6.3379974365234375
340,3,16,0.6201008558273315,0.6201008558273315,0.014534205198287964,0.0,6.1303534507751465
340,3,17,0.14531688392162323,0.14531688392162323,0.012820551171898842,0.0,5.979308128356934
340,3,18,0.4228171706199646,0.4228171706199646,0.012986328452825546,0.0,6.721972942352295
340,3,19,0.2589503228664398,0.2589503228664398,0.013119357638061047,0.0,6.5131707191467285
340,4,0,2.0631706714630127,0.0631706640124321,0.9846549034118652,1.0,5.702162265777588
340,4,1,1.751643180847168,-0.24835677444934845,0.985159695148468,1.0,6.258832931518555
340,4,2,2.1347718238830566,0.13477183878421783,0.9849258065223694,1.0,5.93697452545166
340,4,3,1.9994994401931763,-0.0005005174316465855,0.9824184775352478,1.0,4.960590362548828
340,4,4,1.981909155845642,-0.01809087209403515,0.9829283952713013,1.0,5.040599346160889
340,4,5,1.511465072631836,-0.4885348677635193,0.9818321466445923,1.0,5.832531452178955
340,4,6,2.210502862930298,0.2105027735233307,0.9856230020523071,1.0,6.291302680969238
340,4,7,2.042353868484497,0.04235377535223961,0.9863372445106506,1.0,5.967745780944824
340,4,8,1.9405460357666016,-0.05945402383804321,0.98464035987854,1.0,5.922998428344727
340,4,9,2.199018716812134,0.1990186870098114,0.9837011694908142,1.0,5.698836326599121
340,4,10,2.04410719871521,0.044107306748628616,0.9856963157653809,1.0,5.925657749176025
340,4,11,2.078554630279541,0.07855451107025146,0.9809855818748474,1.0,5.444740295410156
340,4,12,1.9724314212799072,-0.027568617835640907,0.9850431680679321,1.0,5.741733551025391
340,4,13,2.191404104232788,0.19140411913394928,0.9827141165733337,1.0,5.976653099060059
340,4,14,1.8765209913253784,-0.12347900867462158,0.9771847128868103,1.0,5.530281066894531
340,4,15,2.009509801864624,0.009509902447462082,0.9834510087966919,1.0,5.36837100982666
340,4,16,2.1665115356445312,0.16651149094104767,0.9847053289413452,1.0,5.2717790603637695
340,4,17,2.1347498893737793,0.1347498595714569,0.9837160110473633,1.0,6.198518753051758
340,4,18,2.1770036220550537,0.1770036816596985,0.9858605861663818,1.0,5.580116271972656
340,4,19,2.147494077682495,0.1474941372871399,0.9858382344245911,1.0,5.6989336013793945
320,0,0,-0.7151557207107544,-0.7151557207107544,0.015137146227061749,0.0,5.170295715332031
320,0,1,-0.6765454411506653,-0.6765454411506653,0.0142808323726058,0.0,6.115398406982422
320,0,2,-1.0126640796661377,-1.0126640796661377,0.014002137817442417,0.0,5.624605178833008
320,0,3,-0.8662095665931702,-0.8662095665931702,0.013980220071971416,0.0,4.973692417144775
320,0,4,1.4029386043548584,-0.5970613360404968,0.95998215675354,1.0,5.381621360778809
320,0,5,-1.1745615005493164,-1.1745615005493164,0.01362232118844986,0.0,5.729896068572998
320,0,6,-0.28432363271713257,-0.28432363271713257,0.01621433161199093,0.0,5.486223220825195
320,0,7,-1.0303471088409424,-1.0303471088409424,0.016814665868878365,0.0,5.5609307289123535
320,0,8,-0.9180650115013123,-0.9180650115013123,0.013810604810714722,0.0,6.4232354164123535
320,0,9,-0.8581353425979614,-0.8581353425979614,0.013604381121695042,0.0,5.854422569274902
320,0,10,-0.8879280686378479,-0.8879280686378479,0.015172782354056835,0.0,5.86470890045166
320,0,11,-1.04387629032135,-1.04387629032135,0.015020276419818401,0.0,5.000091075897217
320,0,12,-0.6069673895835876,-0.6069673895835876,0.014414253644645214,0.0,5.7541093826293945
320,0,13,-0.7956597208976746,-0.7956597208976746,0.01396882813423872,0.0,5.1907243728637695
320,0,14,-1.0003530979156494,-1.0003530979156494,0.01556977815926075,0.0,5.769265174865723
320,0,15,-0.7856885194778442,-0.7856885194778442,0.01321729738265276,0.0,5.612288475036621
320,0,16,-1.011060357093811,-1.011060357093811,0.015292719006538391,0.0,5.225671768188477
320,0,17,-0.9388274550437927,-0.9388274550437927,0.013786875642836094,0.0,5.8823652267456055
320,0,18,-1.070558786392212,-1.070558786392212,0.013685602694749832,0.0,5.485631942749023
320,0,19,-0.8790111541748047,-0.8790111541748047,0.013649598695337772,0.0,5.526442050933838
320,1,0,-0.896607518196106,-0.896607518196106,0.014250432141125202,0.0,5.777064323425293
320,1,1,-1.1175076961517334,-1.1175076961517334,0.016029726713895798,0.0,6.5294036865234375
320,1,2,-0.7278187274932861,-0.7278187274932861,0.019969280809164047,0.0,6.204167366027832
320,1,3,-0.6732410788536072,-0.6732410788536072,0.016607563942670822,0.0,6.678729057312012
320,1,4,-0.9679027199745178,-0.9679027199745178,0.019054168835282326,0.0,6.397860050201416
320,1,5,-0.8760792016983032,-0.8760792016983032,0.018379027023911476,0.0,6.389947414398193
320,1,6,-0.8954573273658752,-0.8954573273658752,0.014850787818431854,0.0,6.612280368804932
320,1,7,-0.7773685455322266,-0.7773685455322266,0.013889428228139877,0.0,5.698040008544922
320,1,8,-1.1035915613174438,-1.1035915613174438,0.01594151183962822,0.0,6.805187225341797
320,1,9,-0.2385554313659668,-0.2385554313659668,0.015321987681090832,0.0,6.131741046905518
320,1,10,-0.8138262033462524,-0.8138262033462524,0.015310811810195446,0.0,6.274178504943848
320,1,11,-1.1737226247787476,-1.1737226247787476,0.015263981185853481,0.0,6.656543254852295
320,1,12,-0.9473288655281067,-0.9473288655281067,0.01660609245300293,0.0,5.992955207824707
320,1,13,-0.754162073135376,-0.754162073135376,0.015239831991493702,0.0,6.13350772857666
320,1,14,-0.838297426700592,-0.838297426700592,0.016803309321403503,0.0,6.9264068603515625
320,1,15,-1.0399056673049927,-1.0399056673049927,0.015140707604587078,0.0,6.480195045471191
320,1,16,-0.9615446329116821,-0.9615446329116821,0.017245782539248466,0.0,5.875670433044434
320,1,17,-1.2361513376235962,-1.2361513376235962,0.024238502606749535,0.0,6.901745796203613
320,1,18,-1.0085248947143555,-1.0085248947143555,0.016440462321043015,0.0,7.269444465637207
320,1,19,-0.9038678407669067,-0.9038678407669067,0.0138512272387743,0.0,6.9939799308776855
320,2,0,0.5371649265289307,0.5371649265289307,0.0209916140884161,0.0,5.589735984802246
320,2,1,0.42875391244888306,0.42875391244888306,0.020577965304255486,0.0,5.655844688415527
320,2,2,0.2775331437587738,0.2775331437587738,0.026504168286919594,0.0,6.262139320373535
320,2,3,0.4192279279232025,0.4192279279232025,0.023941535502672195,0.0,5.527369976043701
320,2,4,0.416398286819458,0.416398286819458,0.020970046520233154,0.0,5.734051704406738
320,2,5,0.6227952837944031,0.6227952837944031,0.019074678421020508,0.0,6.450943470001221
320,2,6,0.3727705478668213,0.3727705478668213,0.02036302164196968,0.0,5.827581405639648
320,2,7,0.5311598181724548,0.5311598181724548,0.02012697234749794,0.0,6.026578903198242
320,2,8,0.3911832571029663,0.3911832571029663,0.02048659883439541,0.0,6.146234512329102
320,2,9,0.4322136640548706,0.4322136640548706,0.020107056945562363,0.0,6.012873649597168
320,2,10,0.46256470680236816,0.46256470680236816,0.023305155336856842,0.0,6.660168647766113
320,2,11,0.442291259765625,0.442291259765625,0.01882248930633068,0.0,5.6337385177612305
320,2,12,0.49802613258361816,0.49802613258361816,0.01999000459909439,0.0,5.696949005126953
320,2,13,0.6124228835105896,0.6124228835105896,0.024509916082024574,0.0,6.12369441986084
320,2,14,0.40357983112335205,0.40357983112335205,0.020384011790156364,0.0,5.828080654144287
320,2,15,0.5754022598266602,0.5754022598266602,0.017387203872203827,0.0,5.937094688415527
320,2,16,0.4816856384277344,0.4816856384277344,0.023370876908302307,0.0,6.290355205535889
320,2,17,0.3305179476737976,0.3305179476737976,0.01906965859234333,0.0,5.666069030761719
320,2,18,0.5137955546379089,0.5137955546379089,0.030684014782309532,0.0,6.458344459533691
320,2,19,0.46528491377830505,0.46528491377830505,0.020332934334874153,0.0,6.07426118850708
320,3,0,0.5379688739776611,0.5379688739776611,0.013633024878799915,0.0,6.483546257019043
320,3,1,0.40355053544044495,0.40355053544044495,0.012981831096112728,0.0,6.6989641189575195
320,3,2,0.6679363250732422,0.6679363250732422,0.012735334224998951,0.0,6.9646406173706055
320,3,3,0.4908258616924286,0.4908258616924286,0.012948783114552498,0.0,6.587813377380371
320,3,4,0.46171921491622925,0.46171921491622925,0.013078833930194378,0.0,6.772922039031982
320,3,5,0.7038869261741638,0.7038869261741638,0.01312302891165018,0.0,6.424152374267578
320,3,6,0.27726510167121887,0.27726510167121887,0.013699408620595932,0.0,6.237343788146973
320,3,7,0.2962409257888794,0.2962409257888794,0.012887892313301563,0.0,6.4370036125183105
320,3,8,0.47007468342781067,0.47007468342781067,0.013382482342422009,0.0,6.32086706161499
320,3,9,0.5165239572525024,0.5165239572525024,0.013668467290699482,0.0,6.383156776428223
320,3,10,0.5800683498382568,0.5800683498382568,0.013928452506661415,0.0,6.284531593322754
320,3,11,0.4970436990261078,0.4970436990261078,0.01329019758850336,0.0,6.701685428619385
320,3,12,0.4191930890083313,0.4191930890083313,0.012572807259857655,0.0,6.135153770446777
320,3,13,0.5253073573112488,0.5253073573112488,0.013481066562235355,0.0,6.0653181076049805
320,3,14,0.443071573972702,0.443071573972702,0.012976297177374363,0.0,6.586547374725342
320,3,15,0.5692458748817444,0.5692458748817444,0.013372211717069149,0.0,6.4012556076049805
320,3,16,0.23314137756824493,0.23314137756824493,0.013416611589491367,0.0,6.23842716217041
320,3,17,0.532189667224884,0.532189667224884,0.013252681121230125,0.0,6.9991044998168945
320,3,18,0.28156977891921997,0.28156977891921997,0.012797457166016102,0.0,6.030818462371826
320,3,19,0.5122091770172119,0.5122091770172119,0.013135128654539585,0.0,6.622199535369873
320,4,0,2.009085178375244,0.009085279889404774,0.9845526218414307,1.0,5.704232215881348
320,4,1,1.9217736721038818,-0.07822628319263458,0.9818105697631836,1.0,5.581655025482178
320,4,2,2.1748335361480713,0.17483359575271606,0.9861879944801331,1.0,6.337690353393555
320,4,3,2.2170376777648926,0.217037633061409,0.9851875305175781,1.0,5.948941230773926
320,4,4,2.1504766941070557,0.15047679841518402,0.9853011965751648,1.0,5.907910346984863
320,4,5,1.9469103813171387,-0.05308967083692551,0.9844062328338623,1.0,6.966339111328125
320,4,6,2.038092613220215,0.03809259086847305,0.9842563271522522,1.0,5.699458122253418
320,4,7,2.0169572830200195,0.016957299783825874,0.9850671291351318,1.0,5.301092147827148
320,4,8,1.9477850198745728,-0.05221500247716904,0.9833027720451355,1.0,5.971660614013672
320,4,9,1.9471516609191895,-0.05284830927848816,0.9846952557563782,1.0,5.924803733825684
320,4,10,1.6968131065368652,-0.3031868636608124,0.9842180013656616,1.0,5.74996280670166
320,4,11,1.847877025604248,-0.15212294459342957,0.9849485754966736,1.0,5.310743808746338
320,4,12,1.9504612684249878,-0.049538712948560715,0.9851157069206238,1.0,5.945677280426025
320,4,13,2.2719507217407227,0.27195072174072266,0.9862092137336731,1.0,6.281373023986816
320,4,14,1.9001513719558716,-0.09984865039587021,0.986079752445221,1.0,5.919878959655762
320,4,15,1.6744129657745361,-0.32558706402778625,0.9811714887619019,1.0,4.694290637969971
320,4,16,2.215977430343628,0.2159775048494339,0.983628511428833,1.0,6.3448896408081055
320,4,17,2.051417589187622,0.05141749605536461,0.985164999961853,1.0,5.615936279296875
320,4,18,1.8041632175445557,-0.19583673775196075,0.98594069480896,1.0,5.714641571044922
320,4,19,2.0318238735198975,0.03182387351989746,0.9858331680297852,1.0,5.817655563354492
300,0,0,-1.0604698657989502,-1.0604698657989502,0.01433959137648344,0.0,5.426812171936035
300,0,1,-1.1931233406066895,-1.1931233406066895,0.014574305154383183,0.0,5.505906105041504
300,0,2,-1.0142258405685425,-1.0142258405685425,0.01356660295277834,0.0,5.844819068908691
300,0,3,-0.6611284017562866,-0.6611284017562866,0.015056086704134941,0.0,5.810655117034912
300,0,4,-0.9421672821044922,-0.9421672821044922,0.01323791779577732,0.0,5.703978061676025
300,0,5,-1.3579862117767334,-1.3579862117767334,0.014520002529025078,0.0,5.527595520019531
300,0,6,-0.8214648365974426,-0.8214648365974426,0.01524241454899311,0.0,5.712876319885254
300,0,7,-0.9836585521697998,-0.9836585521697998,0.017577772960066795,0.0,5.565813064575195
300,0,8,-0.8802775740623474,-0.8802775740623474,0.01427127793431282,0.0,6.279546737670898
300,0,9,-0.5721911191940308,-0.5721911191940308,0.01745767518877983,0.0,5.737644195556641
300,0,10,-1.0816242694854736,-1.0816242694854736,0.014409189112484455,0.0,5.3892951011657715
300,0,11,-0.8748316764831543,-0.8748316764831543,0.013049738481640816,0.0,5.760686874389648
300,0,12,-0.653934121131897,-0.653934121131897,0.014112145639955997,0.0,5.523146629333496
300,0,13,-1.024498462677002,-1.024498462677002,0.01423377450555563,0.0,5.961397171020508
300,0,14,-0.6376181840896606,-0.6376181840896606,0.013687520287930965,0.0,5.910019397735596
300,0,15,-0.9218655824661255,-0.9218655824661255,0.01374404039233923,0.0,5.833554267883301
300,0,16,-0.9057207703590393,-0.9057207703590393,0.014493837021291256,0.0,5.671517372131348
300,0,17,-1.1505565643310547,-1.1505565643310547,0.014344883151352406,0.0,5.458571434020996
300,0,18,-0.9010511040687561,-0.9010511040687561,0.014487558044493198,0.0,5.342095375061035
300,0,19,-0.708748459815979,-0.708748459815979,0.014647294767200947,0.0,5.893998622894287
300,1,0,-1.0103942155838013,-1.0103942155838013,0.0180888082832098,0.0,7.171104431152344
300,1,1,-0.972054660320282,-0.972054660320282,0.01600416749715805,0.0,6.011602401733398
300,1,2,-0.9924956560134888,-0.9924956560134888,0.01784433238208294,0.0,6.584585666656494
300,1,3,-0.774574339389801,-0.774574339389801,0.017925236374139786,0.0,5.937694549560547
300,1,4,-1.1737414598464966,-1.1737414598464966,0.01435142382979393,0.0,6.946761131286621
300,1,5,-0.9476121664047241,-0.9476121664047241,0.014837578870356083,0.0,5.714572906494141
300,1,6,-0.17044158279895782,-0.17044158279895782,0.01400958001613617,0.0,6.375604629516602
300,1,7,-0.7612683176994324,-0.7612683176994324,0.015294593758881092,0.0,5.230822563171387
300,1,8,-0.1622580736875534,-0.1622580736875534,0.018048273399472237,0.0,6.805477619171143
300,1,9,-0.5600612759590149,-0.5600612759590149,0.017419088631868362,0.0,7.03116512298584
300,1,10,-0.8569763898849487,-0.8569763898849487,0.015692001208662987,0.0,6.742354393005371
300,1,11,-0.6823488473892212,-0.6823488473892212,0.016341736540198326,0.0,6.639401435852051
300,1,12,-1.0466848611831665,-1.0466848611831665,0.014964141882956028,0.0,6.6053690910339355
300,1,13,-1.237571358680725,-1.237571358680725,0.01561935618519783,0.0,6.37086820602417
300,1,14,-1.2854496240615845,-1.2854496240615845,0.015082144178450108,0.0,6.410489559173584
300,1,15,-1.0345712900161743,-1.0345712900161743,0.015058024786412716,0.0,6.9113640785217285
300,1,16,-0.7128524780273438,-0.7128524780273438,0.014547687955200672,0.0,5.527594089508057
300,1,17,-1.0551501512527466,-1.0551501512527466,0.013776971027255058,0.0,5.9742326736450195
300,1,18,-0.9165278077125549,-0.9165278077125549,0.01578608714044094,0.0,7.094686031341553
300,1,19,-0.22851915657520294,-0.22851915657520294,0.014932840131223202,0.0,6.55462646484375
300,2,0,0.45411327481269836,0.45411327481269836,0.02162248268723488,0.0,5.944459438323975
300,2,1,0.5269953608512878,0.5269953608512878,0.025057855993509293,0.0,5.928231239318848
300,2,2,0.5544824600219727,0.5544824600219727,0.020912541076540947,0.0,6.011260509490967
300,2,3,0.3012174665927887,0.3012174665927887,0.02171943336725235,0.0,6.075428485870361
300,2,4,0.3457390069961548,0.3457390069961548,0.020911358296871185,0.0,6.847042083740234
300,2,5,0.4222338795661926,0.4222338795661926,0.022576065734028816,0.0,6.576479911804199
300,2,6,0.4015127420425415,0.4015127420425415,0.019795982167124748,0.0,6.050738334655762
300,2,7,0.26736122369766235,0.26736122369766235,0.022519467398524284,0.0,6.209865093231201
300,2,8,0.4142032861709595,0.4142032861709595,0.019967777654528618,0.0,5.906370162963867
300,2,9,0.518639326095581,0.518639326095581,0.02041095867753029,0.0,5.870369911193848
300,2,10,0.48315051198005676,0.48315051198005676,0.019117850810289383,0.0,5.911550521850586
300,2,11,0.3780185878276825,0.3780185878276825,0.02283492498099804,0.0,5.905089378356934
300,2,12,0.4429946839809418,0.4429946839809418,0.018312521278858185,0.0,5.820688724517822
300,2,13,0.38557499647140503,0.38557499647140503,0.018394989892840385,0.0,5.858598709106445
300,2,14,0.5153383612632751,0.5153383612632751,0.02151693031191826,0.0,6.814610481262207
300,2,15,0.4574071168899536,0.4574071168899536,0.018212316557765007,0.0,6.120997428894043
300,2,16,0.4914644658565521,0.4914644658565521,0.024920376017689705,0.0,6.304714202880859
300,2,17,0.4078945219516754,0.4078945219516754,0.02453293278813362,0.0,5.969491004943848
300,2,18,0.35402733087539673,0.35402733087539673,0.02088383585214615,0.0,5.804206848144531
300,2,19,0.3912053406238556,0.3912053406238556,0.02296450547873974,0.0,5.944551467895508
300,3,0,0.2975265085697174,0.2975265085697174,0.013206474483013153,0.0,6.963862895965576
300,3,1,0.42188820242881775,0.42188820242881775,0.012791953049600124,0.0,6.573781967163086
300,3,2,0.5100250244140625,0.5100250244140625,0.013344287872314453,0.0,6.622878074645996
300,3,3,0.4446532726287842,0.4446532726287842,0.01315342914313078,0.0,5.973102569580078
300,3,4,0.48059752583503723,0.48059752583503723,0.012912508100271225,0.0,6.7142767906188965
300,3,5,0.4133550226688385,0.4133550226688385,0.013234997168183327,0.0,6.264691352844238
300,3,6,0.2581317722797394,0.2581317722797394,0.01355062797665596,0.0,6.797398567199707
300,3,7,0.41031497716903687,0.41031497716903687,0.013337415643036366,0.0,6.440404415130615
300,3,8,0.31214454770088196,0.31214454770088196,0.01365276426076889,0.0,6.423388957977295
300,3,9,0.44460710883140564,0.44460710883140564,0.013353878632187843,0.0,6.7517242431640625
300,3,10,0.5401529669761658,0.5401529669761658,0.013435710221529007,0.0,6.701447486877441
300,3,11,0.5779738426208496,0.5779738426208496,0.01278997678309679,0.0,6.768287658691406
300,3,12,0.4572839140892029,0.4572839140892029,0.01319207064807415,0.0,6.790735244750977
300,3,13,0.6421146392822266,0.6421146392822266,0.013415109366178513,0.0,6.392705917358398
300,3,14,0.6011523604393005,0.6011523604393005,0.012816072441637516,0.0,6.165193557739258
300,3,15,0.41741251945495605,0.41741251945495605,0.012946758419275284,0.0,6.325900077819824
300,3,16,0.5853721499443054,0.5853721499443054,0.012887188233435154,0.0,5.9116058349609375
300,3,17,0.6160481572151184,0.6160481572151184,0.013223705813288689,0.0,6.451687812805176
300,3,18,0.4777650237083435,0.4777650237083435,0.013107804581522942,0.0,6.416461944580078
300,3,19,0.6040712594985962,0.6040712594985962,0.012906299903988838,0.0,6.601808071136475
300,4,0,2.1949667930603027,0.19496676325798035,0.986061692237854,1.0,6.419588565826416
300,4,1,1.6343071460723877,-0.3656929135322571,0.9760899543762207,1.0,5.370192527770996
300,4,2,1.9848594665527344,-0.015140517614781857,0.9818463921546936,1.0,5.86729097366333
300,4,3,1.8470757007598877,-0.15292435884475708,0.9842801094055176,1.0,5.92013692855835
300,4,4,2.141443967819214,0.14144398272037506,0.9858842492103577,1.0,6.268851280212402
300,4,5,2.0823662281036377,0.08236616849899292,0.9834004044532776,1.0,5.559322357177734
300,4,6,2.0960805416107178,0.09608065336942673,0.984641969203949,1.0,5.503504753112793
300,4,7,2.002210855484009,0.0022108624689280987,0.9826270937919617,1.0,5.320757865905762
300,4,8,2.2407076358795166,0.2407076209783554,0.9851843118667603,1.0,5.8648200035095215
300,4,9,2.0147531032562256,0.014753070659935474,0.9859914183616638,1.0,5.972412586212158
300,4,10,1.8664495944976807,-0.13355037569999695,0.9834629893302917,1.0,5.36962890625
300,4,11,1.866984248161316,-0.1330157220363617,0.9855725169181824,1.0,5.975322246551514
300,4,12,2.1807541847229004,0.18075411021709442,0.9844688773155212,1.0,5.752037048339844
300,4,13,2.011638641357422,0.011638670228421688,0.9844446182250977,1.0,5.905822277069092
300,4,14,2.0312137603759766,0.031213747337460518,0.9851157069206238,1.0,5.66072416305542
300,4,15,1.8387266397476196,-0.16127339005470276,0.9848946928977966,1.0,6.2682929039001465
300,4,16,2.148446559906006,0.1484464854001999,0.984468400478363,1.0,5.508430004119873
300,4,17,2.2817869186401367,0.28178703784942627,0.9837354421615601,1.0,6.541112422943115
300,4,18,2.0880980491638184,0.08809816092252731,0.9856530427932739,1.0,5.670156478881836
300,4,19,1.8427574634552002,-0.15724249184131622,0.9859787821769714,1.0,5.975314140319824
280,0,0,-0.5431340932846069,-0.5431340932846069,0.014976109378039837,0.0,6.037535667419434
280,0,1,-0.7387367486953735,-0.7387367486953735,0.015207991003990173,0.0,6.022799015045166
280,0,2,-0.5455502867698669,-0.5455502867698669,0.015265170484781265,0.0,6.12531042098999
280,0,3,-0.984357476234436,-0.984357476234436,0.016918713226914406,0.0,5.832724094390869
280,0,4,-0.5301172733306885,-0.5301172733306885,0.015316511504352093,0.0,6.484429836273193
280,0,5,-0.663000762462616,-0.663000762462616,0.016697309911251068,0.0,5.616506576538086
280,0,6,-0.7996549606323242,-0.7996549606323242,0.015477940440177917,0.0,5.7355451583862305
280,0,7,-0.8925502300262451,-0.8925502300262451,0.01432572677731514,0.0,5.185240745544434
280,0,8,-0.8584240078926086,-0.8584240078926086,0.014629562385380268,0.0,5.8336029052734375
280,0,9,-0.8272843956947327,-0.8272843956947327,0.013720686547458172,0.0,5.816051483154297
280,0,10,-0.7465739250183105,-0.7465739250183105,0.013712520711123943,0.0,5.079665660858154
280,0,11,-0.7625990509986877,-0.7625990509986877,0.014701500535011292,0.0,5.605897426605225
280,0,12,-0.6897023320198059,-0.6897023320198059,0.01428491435945034,0.0,5.37977933883667
280,0,13,-0.21345454454421997,-0.21345454454421997,0.015629658475518227,0.0,5.802199363708496
280,0,14,-1.0034382343292236,-1.0034382343292236,0.01495623029768467,0.0,5.469237327575684
280,0,15,-1.1046549081802368,-1.1046549081802368,0.014644651673734188,0.0,6.2433648109436035
280,0,16,-1.0144809484481812,-1.0144809484481812,0.013727088458836079,0.0,6.101644515991211
280,0,17,-1.0165365934371948,-1.0165365934371948,0.014365283772349358,0.0,5.177912712097168
280,0,18,-0.9791554808616638,-0.9791554808616638,0.015639375895261765,0.0,5.339859962463379
280,0,19,-0.7141934633255005,-0.7141934633255005,0.01406891644001007,0.0,5.618295669555664
280,1,0,-0.8291541337966919,-0.8291541337966919,0.01595219597220421,0.0,7.007546424865723
280,1,1,-1.1272000074386597,-1.1272000074386597,0.016187015920877457,0.0,6.5221052169799805
280,1,2,-0.41913458704948425,-0.41913458704948425,0.01645961031317711,0.0,6.657671928405762
280,1,3,-0.8859643340110779,-0.8859643340110779,0.016251277178525925,0.0,6.174173355102539
280,1,4,-0.6698191165924072,-0.6698191165924072,0.014497854746878147,0.0,6.34310245513916
280,1,5,-0.9587698578834534,-0.9587698578834534,0.016691792756319046,0.0,6.385100841522217
280,1,6,-0.9947894811630249,-0.9947894811630249,0.017045101150870323,0.0,6.512574672698975
280,1,7,-1.0725858211517334,-1.0725858211517334,0.016898587346076965,0.0,6.574967861175537
280,1,8,-1.368530511856079,-1.368530511856079,0.015433432534337044,0.0,6.91678524017334
280,1,9,-0.8121292591094971,-0.8121292591094971,0.016519853845238686,0.0,6.723957061767578
280,1,10,-0.9692512154579163,-0.9692512154579163,0.014834031462669373,0.0,5.95876407623291
280,1,11,-0.8358049988746643,-0.8358049988746643,0.01692250370979309,0.0,6.065234184265137
280,1,12,-0.5648643374443054,-0.5648643374443054,0.013119351118803024,0.0,6.320634841918945
280,1,13,-1.1511545181274414,-1.1511545181274414,0.017703473567962646,0.0,7.2454729080200195
280,1,14,-0.885036051273346,-0.885036051273346,0.015794429928064346,0.0,6.493897914886475
280,1,15,-1.11611807346344,-1.11611807346344,0.017346981912851334,0.0,6.687113285064697
280,1,16,-0.6848591566085815,-0.6848591566085815,0.014930736273527145,0.0,6.5530104637146
280,1,17,-0.8910717964172363,-0.8910717964172363,0.017598683014512062,0.0,6.714539527893066
280,1,18,-1.1194955110549927,-1.1194955110549927,0.015105962753295898,0.0,6.50042724609375
280,1,19,-1.084229826927185,-1.084229826927185,0.017540954053401947,0.0,6.363495826721191
280,2,0,0.48987480998039246,0.48987480998039246,0.025159258395433426,0.0,6.063226222991943
280,2,1,0.5156050324440002,0.5156050324440002,0.019943993538618088,0.0,6.430981159210205
280,2,2,0.626186192035675,0.626186192035675,0.021737784147262573,0.0,5.944573402404785
280,2,3,0.5030707716941833,0.5030707716941833,0.019340189173817635,0.0,5.509227752685547
280,2,4,0.5460466742515564,0.5460466742515564,0.021190252155065536,0.0,6.365969181060791
280,2,5,0.48703283071517944,0.48703283071517944,0.020500855520367622,0.0,6.042584419250488
280,2,6,0.567057728767395,0.567057728767395,0.022272421047091484,0.0,5.812553405761719
280,2,7,0.5644856095314026,0.5644856095314026,0.028158769011497498,0.0,6.4102067947387695
280,2,8,0.30718913674354553,0.30718913674354553,0.01902015320956707,0.0,6.4693756103515625
280,2,9,0.3953550159931183,0.3953550159931183,0.029093844816088676,0.0,5.839398384094238
280,2,10,0.5247271060943604,0.5247271060943604,0.020790914073586464,0.0,6.139017105102539
280,2,11,0.3146379590034485,0.3146379590034485,0.022659264504909515,0.0,6.274768829345703
280,2,12,0.5404244065284729,0.5404244065284729,0.019192038103938103,0.0,6.372420310974121
280,2,13,0.4967730641365051,0.4967730641365051,0.021108979359269142,0.0,5.965007781982422
280,2,14,0.4079340398311615,0.4079340398311615,0.02123391069471836,0.0,6.2387590408325195
280,2,15,0.4672759771347046,0.4672759771347046,0.019795194268226624,0.0,5.995332717895508
280,2,16,0.4738145172595978,0.4738145172595978,0.02334759384393692,0.0,6.048157691955566
280,2,17,0.4091193377971649,0.4091193377971649,0.022638512775301933,0.0,5.888956069946289
280,2,18,0.47731348872184753,0.47731348872184753,0.024743743240833282,0.0,6.113385200500488
280,2,19,0.3851473331451416,0.3851473331451416,0.02403903938829899,0.0,5.8156633377075195
280,3,0,0.29813671112060547,0.29813671112060547,0.013041732832789421,0.0,6.359996795654297
280,3,1,0.41715767979621887,0.41715767979621887,0.013043979182839394,0.0,5.979815483093262
280,3,2,0.5794333815574646,0.5794333815574646,0.012886582873761654,0.0,6.570972442626953
280,3,3,0.47277307510375977,0.47277307510375977,0.013032665476202965,0.0,6.3116044998168945
280,3,4,0.40971288084983826,0.40971288084983826,0.01427335012704134,0.0,6.456262588500977
280,3,5,0.5270765423774719,0.5270765423774719,0.01372017152607441,0.0,6.205626487731934
280,3,6,0.5463647842407227,0.5463647842407227,0.01360019575804472,0.0,6.312376022338867
280,3,7,0.5876240730285645,0.5876240730285645,0.013103080913424492,0.0,5.785740852355957
280,3,8,0.6042993664741516,0.6042993664741516,0.013023308478295803,0.0,6.1578521728515625
280,3,9,0.5601180195808411,0.5601180195808411,0.01304451934993267,0.0,6.744628429412842
280,3,10,0.6056460738182068,0.6056460738182068,0.0130573445931077,0.0,6.047511100769043
280,3,11,0.4899803698062897,0.4899803698062897,0.013679822906851768,0.0,5.935239315032959
280,3,12,0.5883610248565674,0.5883610248565674,0.013112703338265419,0.0,6.2401123046875
280,3,13,0.5082395672798157,0.5082395672798157,0.013090791180729866,0.0,6.672647476196289
280,3,14,0.31227341294288635,0.31227341294288635,0.013429694809019566,0.0,6.349555492401123
280,3,15,0.2101440578699112,0.2101440578699112,0.013377697207033634,0.0,6.804494380950928
280,3,16,0.3936687111854553,0.3936687111854553,0.013085690326988697,0.0,6.278967380523682
280,3,17,0.4610193073749542,0.4610193073749542,0.013135089538991451,0.0,6.4187116622924805
280,3,18,0.499688982963562,0.499688982963562,0.012939131818711758,0.0,6.1167707443237305
280,3,19,0.4334753155708313,0.4334753155708313,0.012878076173365116,0.0,6.726797103881836
280,4,0,1.8875513076782227,-0.11244870722293854,0.985209047794342,1.0,6.108062744140625
280,4,1,2.1844968795776367,0.18449698388576508,0.9850968718528748,1.0,5.86222505569458
280,4,2,1.8525084257125854,-0.14749157428741455,0.9842002987861633,1.0,5.311509132385254
280,4,3,2.0935511589050293,0.09355108439922333,0.9852901697158813,1.0,5.336145877838135
280,4,4,1.8930870294570923,-0.10691293329000473,0.9855169653892517,1.0,5.750119209289551
280,4,5,1.9449400901794434,-0.05505996569991112,0.9838046431541443,1.0,5.417906284332275
280,4,6,1.92256498336792,-0.07743507623672485,0.9834859371185303,1.0,5.250632286071777
280,4,7,2.0846216678619385,0.08462172001600266,0.98533034324646,1.0,5.776150226593018
280,4,8,2.185892343521118,0.18589241802692413,0.9859922528266907,1.0,5.699771881103516
280,4,9,1.9657039642333984,-0.03429599106311798,0.9833092093467712,1.0,5.668091773986816
280,4,10,1.7716143131256104,-0.22838568687438965,0.9856533408164978,1.0,5.964101314544678
280,4,11,1.7896851301193237,-0.21031488478183746,0.9850389957427979,1.0,6.224322319030762
280,4,12,1.9145498275756836,-0.085450179874897,0.9857453107833862,1.0,6.131478309631348
280,4,13,1.9609429836273193,-0.03905699774622917,0.9841682314872742,1.0,5.833545207977295
280,4,14,1.8791179656982422,-0.120882049202919,0.9837063550949097,1.0,5.673814296722412
280,4,15,2.110086679458618,0.11008657515048981,0.9843131303787231,1.0,5.41530704498291
280,4,16,1.8078616857528687,-0.19213831424713135,0.984420120716095,1.0,5.939938068389893
280,4,17,1.9786995649337769,-0.02130044810473919,0.9852169156074524,1.0,5.2066969871521
280,4,18,2.278184413909912,0.27818429470062256,0.9854873418807983,1.0,5.283542633056641
280,4,19,2.05393648147583,0.05393650755286217,0.9855522513389587,1.0,5.830252170562744
260,0,0,-0.8743636608123779,-0.8743636608123779,0.014264450408518314,0.0,5.266351222991943
260,0,1,-0.5173869132995605,-0.5173869132995605,0.015983980149030685,0.0,5.541749000549316
260,0,2,-1.0157759189605713,-1.0157759189605713,0.015532707795500755,0.0,6.046941757202148
260,0,3,-1.0102781057357788,-1.0102781057357788,0.014132940210402012,0.0,5.780239105224609
260,0,4,-0.8374075293540955,-0.8374075293540955,0.015310407616198063,0.0,5.503162384033203
260,0,5,-1.195542335510254,-1.195542335510254,0.014124120585620403,0.0,5.418129920959473
260,0,6,-0.9329829216003418,-0.9329829216003418,0.014634464867413044,0.0,5.623789310455322
260,0,7,-1.0257940292358398,-1.0257940292358398,0.01412931364029646,0.0,5.677889823913574
260,0,8,-1.1092735528945923,-1.1092735528945923,0.01714904047548771,0.0,5.702549457550049
260,0,9,-0.661338746547699,-0.661338746547699,0.015589352697134018,0.0,5.607807159423828
260,0,10,-0.9563199281692505,-0.9563199281692505,0.013681922107934952,0.0,5.8405256271362305
260,0,11,-1.2497351169586182,-1.2497351169586182,0.015313830226659775,0.0,5.609375
260,0,12,-0.7873480319976807,-0.7873480319976807,0.01379324309527874,0.0,5.831109523773193
260,0,13,-1.0943270921707153,-1.0943270921707153,0.014770952984690666,0.0,5.68913459777832
260,0,14,-0.7517474293708801,-0.7517474293708801,0.01449596881866455,0.0,5.42281436920166
260,0,15,-0.5359259247779846,-0.5359259247779846,0.013705815188586712,0.0,5.757061958312988
260,0,16,-1.0072652101516724,-1.0072652101516724,0.01481303758919239,0.0,5.851456642150879
260,0,17,-0.8281527161598206,-0.8281527161598206,0.013591191731393337,0.0,5.535792350769043
260,0,18,-0.9504241943359375,-0.9504241943359375,0.014847688376903534,0.0,5.7573065757751465
260,0,19,-0.961353063583374,-0.961353063583374,0.01482439786195755,0.0,5.3585524559021
260,1,0,-1.0971243381500244,-1.0971243381500244,0.015208262950181961,0.0,6.471059799194336
260,1,1,-0.9080376625061035,-0.9080376625061035,0.02017039991915226,0.0,6.779801845550537
260,1,2,-1.0921460390090942,-1.0921460390090942,0.01489212829619646,0.0,6.6783833503723145
260,1,3,-1.2007737159729004,-1.2007737159729004,0.018016155809164047,0.0,6.1481781005859375
260,1,4,-0.8378646969795227,-0.8378646969795227,0.025024360045790672,0.0,7.190579891204834
260,1,5,-1.1785839796066284,-1.1785839796066284,0.016490517184138298,0.0,6.553561687469482
260,1,6,-0.3869638442993164,-0.3869638442993164,0.016917474567890167,0.0,6.646424293518066
260,1,7,-1.0854859352111816,-1.0854859352111816,0.015070080757141113,0.0,6.476457118988037
260,1,8,-0.9433643817901611,-0.9433643817901611,0.017232947051525116,0.0,6.997768402099609
260,1,9,-1.099053978919983,-1.099053978919983,0.01954934373497963,0.0,6.574588775634766
260,1,10,-0.9862642884254456,-0.9862642884254456,0.013947117142379284,0.0,6.044882774353027
260,1,11,-1.0742816925048828,-1.0742816925048828,0.01709671877324581,0.0,6.731539726257324
260,1,12,-0.9004884362220764,-0.9004884362220764,0.014853925444185734,0.0,6.4368791580200195
260,1,13,-0.8450655937194824,-0.8450655937194824,0.019036611542105675,0.0,6.632898330688477
260,1,14,-0.9507383108139038,-0.9507383108139038,0.018165089190006256,0.0,6.962435722351074
260,1,15,-1.1363433599472046,-1.1363433599472046,0.016319844871759415,0.0,6.702672958374023
260,1,16,-1.094322919845581,-1.094322919845581,0.01456425990909338,0.0,6.515452861785889
260,1,17,-1.05442214012146,-1.05442214012146,0.02283545956015587,0.0,6.555858612060547
260,1,18,-0.9820574522018433,-0.9820574522018433,0.016782253980636597,0.0,6.612116813659668
260,1,19,-0.9607342481613159,-0.9607342481613159,0.014526770450174809,0.0,6.355401039123535
260,2,0,0.45066961646080017,0.45066961646080017,0.022047659382224083,0.0,6.314052581787109
260,2,1,0.35517242550849915,0.35517242550849915,0.020840667188167572,0.0,5.670058250427246
260,2,2,0.5640678405761719,0.5640678405761719,0.020673273131251335,0.0,6.487829208374023
260,2,3,0.5486928820610046,0.5486928820610046,0.021462462842464447,0.0,5.702759742736816
260,2,4,0.30047374963760376,0.30047374963760376,0.0210836511105299,0.0,5.999656677246094
260,2,5,0.46889567375183105,0.46889567375183105,0.0219010841101408,0.0,5.828063011169434
260,2,6,0.4267416298389435,0.4267416298389435,0.02109314128756523,0.0,6.035621643066406
260,2,7,0.3667660653591156,0.3667660653591156,0.021302657201886177,0.0,5.491658687591553
260,2,8,0.4623596668243408,0.4623596668243408,0.02638491615653038,0.0,6.022090911865234
260,2,9,0.5633569359779358,0.5633569359779358,0.022783448919653893,0.0,6.091935157775879
260,2,10,0.375358909368515,0.375358909368515,0.020561303943395615,0.0,5.8306660652160645
260,2,11,0.3985598087310791,0.3985598087310791,0.023548003286123276,0.0,5.660945892333984
260,2,12,0.5769637227058411,0.5769637227058411,0.019736316055059433,0.0,6.255176067352295
260,2,13,0.478007048368454,0.478007048368454,0.019467322155833244,0.0,5.687382698059082
260,2,14,0.458906888961792,0.458906888961792,0.02263348177075386,0.0,6.043354511260986
260,2,15,0.5088140964508057,0.5088140964508057,0.020564820617437363,0.0,5.997014045715332
260,2,16,0.5612922310829163,0.5612922310829163,0.022987520322203636,0.0,5.92827033996582
260,2,17,0.4932626783847809,0.4932626783847809,0.022159509360790253,0.0,5.819796562194824
260,2,18,0.5977538824081421,0.5977538824081421,0.029668832197785378,0.0,6.212917327880859
260,2,19,0.42530155181884766,0.42530155181884766,0.0205233134329319,0.0,5.652451515197754
260,3,0,0.35733214020729065,0.35733214020729065,0.012996063567698002,0.0,6.207671165466309
260,3,1,0.5231761336326599,0.5231761336326599,0.013298154808580875,0.0,6.417272567749023
260,3,2,0.401995450258255,0.401995450258255,0.012833603657782078,0.0,6.228610515594482
260,3,3,0.550695538520813,0.550695538520813,0.013094794936478138,0.0,6.144283294677734
260,3,4,0.6798596382141113,0.6798596382141113,0.013017628341913223,0.0,6.526467323303223
260,3,5,0.5535446405410767,0.5535446405410767,0.012631334364414215,0.0,6.400392532348633
260,3,6,0.5214028358459473,0.5214028358459473,0.01367995236068964,0.0,6.844942092895508
260,3,7,0.5615420937538147,0.5615420937538147,0.012962878681719303,0.0,6.399627685546875
260,3,8,0.3964744508266449,0.3964744508266449,0.013045430183410645,0.0,6.665247917175293
260,3,9,0.3048049211502075,0.3048049211502075,0.013340127654373646,0.0,6.479615211486816
260,3,10,0.44677895307540894,0.44677895307540894,0.013296489603817463,0.0,6.367429733276367
260,3,11,0.5571433901786804,0.5571433901786804,0.013132032938301563,0.0,6.330971717834473
260,3,12,0.2570507526397705,0.2570507526397705,0.013177329674363136,0.0,6.026055335998535
260,3,13,0.5880924463272095,0.5880924463272095,0.012963789515197277,0.0,6.5852861404418945
260,3,14,0.5248112678527832,0.5248112678527832,0.013701367191970348,0.0,6.365534782409668
260,3,15,0.40120577812194824,0.40120577812194824,0.013147291727364063,0.0,6.439135551452637
260,3,16,0.41850724816322327,0.41850724816322327,0.01429091114550829,0.0,6.414158821105957
260,3,17,0.71937096118927,0.71937096118927,0.01320690382272005,0.0,6.1054887771606445
260,3,18,0.4709010422229767,0.4709010422229767,0.013713578693568707,0.0,6.022993564605713
260,3,19,0.2539595067501068,0.2539595067501068,0.013232393190264702,0.0,6.667396068572998
260,4,0,1.9812315702438354,-0.01876845769584179,0.9826982617378235,1.0,5.807481288909912
260,4,1,1.796311378479004,-0.20368868112564087,0.9858444929122925,1.0,5.262984752655029
260,4,2,1.9356447458267212,-0.06435523182153702,0.9856967926025391,1.0,6.128772735595703
260,4,3,2.0394513607025146,0.03945142403244972,0.985410213470459,1.0,5.529540061950684
260,4,4,1.9702470302581787,-0.02975299023091793,0.984938383102417,1.0,6.103855609893799
260,4,5,2.0472607612609863,0.047260832041502,0.9847425222396851,1.0,6.103271484375
260,4,6,1.8104779720306396,-0.18952198326587677,0.9849374890327454,1.0,5.948290824890137
260,4,7,2.172445774078369,0.17244568467140198,0.983625590801239,1.0,5.496352195739746
260,4,8,2.1254727840423584,0.1254727840423584,0.9825800061225891,1.0,5.103492259979248
260,4,9,2.022761583328247,0.022761695086956024,0.9846717715263367,1.0,5.714454650878906
260,4,10,1.8209725618362427,-0.17902739346027374,0.9853544235229492,1.0,5.535871982574463
260,4,11,1.8917357921600342,-0.10826417058706284,0.9825437664985657,1.0,5.744265556335449
260,4,12,1.9575802087783813,-0.042419739067554474,0.986237645149231,1.0,5.578853607177734
260,4,13,1.9027162790298462,-0.0972837582230568,0.9834380745887756,1.0,5.614851951599121
260,4,14,2.0951130390167236,0.09511304646730423,0.9847707152366638,1.0,5.970826148986816
260,4,15,2.1220502853393555,0.12205027788877487,0.9840309619903564,1.0,5.220292091369629
260,4,16,1.8152127265930176,-0.18478722870349884,0.979264497756958,1.0,5.433745384216309
260,4,17,1.9221090078353882,-0.07789094001054764,0.9849724173545837,1.0,5.666347503662109
260,4,18,1.9787310361862183,-0.021268954500555992,0.9854669570922852,1.0,5.490658760070801
260,4,19,1.8680307865142822,-0.1319691687822342,0.9840943217277527,1.0,5.3711018562316895
240,0,0,-0.9352715015411377,-0.9352715015411377,0.013436190783977509,0.0,6.202546119689941
240,0,1,-1.0603331327438354,-1.0603331327438354,0.014182369224727154,0.0,5.977374076843262
240,0,2,-1.1000396013259888,-1.1000396013259888,0.01359543763101101,0.0,5.980804443359375
240,0,3,-0.8323506712913513,-0.8323506712913513,0.013373080641031265,0.0,5.481194972991943
240,0,4,-0.979346513748169,-0.979346513748169,0.014473279938101768,0.0,5.694608688354492
240,0,5,-0.832170307636261,-0.832170307636261,0.014203358441591263,0.0,5.858481407165527
240,0,6,-0.8097165822982788,-0.8097165822982788,0.013705440796911716,0.0,5.4150390625
240,0,7,-1.0843812227249146,-1.0843812227249146,0.01455639861524105,0.0,5.89203405380249
240,0,8,-1.0413520336151123,-1.0413520336151123,0.014537486247718334,0.0,5.711721897125244
240,0,9,-0.7331764101982117,-0.7331764101982117,0.013980383984744549,0.0,5.520589828491211
240,0,10,-0.8056657314300537,-0.8056657314300537,0.014585292898118496,0.0,5.938725471496582
240,0,11,-0.6249335408210754,-0.6249335408210754,0.013874514028429985,0.0,5.6310882568359375
240,0,12,-0.6977521777153015,-0.6977521777153015,0.013991253450512886,0.0,5.589345932006836
240,0,13,-0.9447793364524841,-0.9447793364524841,0.013865969143807888,0.0,6.411742687225342
240,0,14,-0.8276410102844238,-0.8276410102844238,0.01483745314180851,0.0,6.02937126159668
240,0,15,-0.7905834317207336,-0.7905834317207336,0.015299024991691113,0.0,5.356137275695801
240,0,16,-0.817257285118103,-0.817257285118103,0.014112915843725204,0.0,5.6061506271362305
240,0,17,-0.7938524484634399,-0.7938524484634399,0.013310260139405727,0.0,6.107510089874268
240,0,18,-0.6187815070152283,-0.6187815070152283,0.014351890422403812,0.0,5.992376327514648
240,0,19,-0.6590777635574341,-0.6590777635574341,0.014513779431581497,0.0,5.721685409545898
240,1,0,-1.021911382675171,-1.021911382675171,0.019710641354322433,0.0,6.437325477600098
240,1,1,-1.0965107679367065,-1.0965107679367065,0.01368813868612051,0.0,6.079372882843018
240,1,2,-0.9352301955223083,-0.9352301955223083,0.016942037269473076,0.0,6.175436019897461
240,1,3,-0.5713593363761902,-0.5713593363761902,0.015144960954785347,0.0,7.319215774536133
240,1,4,-1.0243812799453735,-1.0243812799453735,0.015971984714269638,0.0,6.570474624633789
240,1,5,-1.0154353380203247,-1.0154353380203247,0.021289706230163574,0.0,6.995795249938965
240,1,6,-0.3197214901447296,-0.3197214901447296,0.01547485962510109,0.0,7.079678535461426
240,1,7,-1.4051438570022583,-1.4051438570022583,0.015880689024925232,0.0,6.210341453552246
240,1,8,-0.9537879228591919,-0.9537879228591919,0.018960876390337944,0.0,6.320052146911621
240,1,9,-1.2593060731887817,-1.2593060731887817,0.014936438761651516,0.0,5.806918144226074
240,1,10,-1.386725902557373,-1.386725902557373,0.013622679747641087,0.0,7.118597984313965
240,1,11,-1.243404507637024,-1.243404507637024,0.016430644318461418,0.0,6.699056625366211
240,1,12,-0.7672703266143799,-0.7672703266143799,0.015588468872010708,0.0,6.499756813049316
240,1,13,-1.2072988748550415,-1.2072988748550415,0.015309199690818787,0.0,6.483534812927246
240,1,14,-0.9887633919715881,-0.9887633919715881,0.019829893484711647,0.0,6.55876350402832
240,1,15,-1.3151819705963135,-1.3151819705963135,0.022190827876329422,0.0,6.763835906982422
240,1,16,-0.9013308882713318,-0.9013308882713318,0.015596440061926842,0.0,6.33448600769043
240,1,17,-1.411933422088623,-1.411933422088623,0.014509818516671658,0.0,6.372965335845947
240,1,18,-0.7713596224784851,-0.7713596224784851,0.020011264830827713,0.0,6.499711990356445
240,1,19,-1.1424981355667114,-1.1424981355667114,0.01809288188815117,0.0,5.956426620483398
240,2,0,0.4590563476085663,0.4590563476085663,0.02219977416098118,0.0,5.957858085632324
240,2,1,0.49621206521987915,0.49621206521987915,0.022068345919251442,0.0,6.0915303230285645
240,2,2,0.3902346193790436,0.3902346193790436,0.017832446843385696,0.0,6.735580921173096
240,2,3,0.6299880743026733,0.6299880743026733,0.019045928493142128,0.0,5.856362342834473
240,2,4,0.49793463945388794,0.49793463945388794,0.018799876794219017,0.0,6.5808868408203125
240,2,5,0.5592043399810791,0.5592043399810791,0.01957702822983265,0.0,5.99118709564209
240,2,6,0.45889657735824585,0.45889657735824585,0.020401224493980408,0.0,6.209264755249023
240,2,7,0.4335158169269562,0.4335158169269562,0.020613472908735275,0.0,6.193554401397705
240,2,8,0.4507783055305481,0.4507783055305481,0.022082949057221413,0.0,6.030062675476074
240,2,9,0.4498046338558197,0.4498046338558197,0.02055615559220314,0.0,5.770084857940674
240,2,10,0.3689557909965515,0.3689557909965515,0.017563672736287117,0.0,6.335437774658203
240,2,11,0.51469886302948,0.51469886302948,0.02012595906853676,0.0,5.955713748931885
240,2,12,0.4717225432395935,0.4717225432395935,0.02294323779642582,0.0,6.028267860412598
240,2,13,0.3706682324409485,0.3706682324409485,0.02569676749408245,0.0,5.739964008331299
240,2,14,0.6489714980125427,0.6489714980125427,0.02693907357752323,0.0,6.250274658203125
240,2,15,0.5428815484046936,0.5428815484046936,0.01971210539340973,0.0,6.60322380065918
240,2,16,0.4827994108200073,0.4827994108200073,0.017257051542401314,0.0,5.792025566101074
240,2,17,0.4708262085914612,0.4708262085914612,0.020536204800009727,0.0,5.539455413818359
240,2,18,0.3832007050514221,0.3832007050514221,0.020697206258773804,0.0,6.462214946746826
240,2,19,0.4257831871509552,0.4257831871509552,0.021707404404878616,0.0,6.286238670349121
240,3,0,0.6507311463356018,0.6507311463356018,0.013093095272779465,0.0,6.647489070892334
240,3,1,0.4518983066082001,0.4518983066082001,0.012956730090081692,0.0,6.018287658691406
240,3,2,0.46458056569099426,0.46458056569099426,0.013349791057407856,0.0,6.235108375549316
240,3,3,0.27422642707824707,0.27422642707824707,0.013135048560798168,0.0,6.427577018737793
240,3,4,0.38442614674568176,0.38442614674568176,0.013598098419606686,0.0,6.147549152374268
240,3,5,0.35919639468193054,0.35919639468193054,0.012947319075465202,0.0,6.0755720138549805
240,3,6,0.46953997015953064,0.46953997015953064,0.012957688421010971,0.0,6.205503463745117
240,3,7,0.44945409893989563,0.44945409893989563,0.012994985096156597,0.0,6.33006477355957
240,3,8,0.5177431106567383,0.5177431106567383,0.01284356415271759,0.0,6.411579608917236
240,3,9,0.3234865963459015,0.3234865963459015,0.014084686525166035,0.0,6.456463813781738
240,3,10,0.5149100422859192,0.5149100422859192,0.012849912978708744,0.0,6.42500114440918
240,3,11,0.42987722158432007,0.42987722158432007,0.01330930832773447,0.0,6.520686149597168
240,3,12,0.41756150126457214,0.41756150126457214,0.013358314521610737,0.0,6.491596698760986
240,3,13,0.30528125166893005,0.30528125166893005,0.013536838814616203,0.0,6.001053810119629
240,3,14,0.15042713284492493,0.15042713284492493,0.013036678545176983,0.0,6.512627601623535
240,3,15,0.2119618058204651,0.2119618058204651,0.012997574172914028,0.0,6.167130470275879
240,3,16,0.430141806602478,0.430141806602478,0.012781333178281784,0.0,6.516872406005859
240,3,17,0.2633688449859619,0.2633688449859619,0.013112951070070267,0.0,6.248505592346191
240,3,18,0.42007145285606384,0.42007145285606384,0.013229524716734886,0.0,6.338479042053223
240,3,19,0.36057788133621216,0.36057788133621216,0.01337988767772913,0.0,6.180537223815918
240,4,0,2.0476653575897217,0.04766525328159332,0.9854804873466492,1.0,5.937927722930908
240,4,1,1.9315801858901978,-0.06841976940631866,0.9845763444900513,1.0,5.639368534088135
240,4,2,2.0031330585479736,0.0031329744961112738,0.9818081259727478,1.0,5.3109893798828125
240,4,3,2.2158701419830322,0.21587005257606506,0.9855146408081055,1.0,5.74929141998291
240,4,4,2.0823934078216553,0.0823933333158493,0.9847550392150879,1.0,5.2597270011901855
240,4,5,2.001206159591675,0.0012060495791956782,0.9839842915534973,1.0,5.243348598480225
240,4,6,2.0641794204711914,0.06417945772409439,0.9853219985961914,1.0,5.5402512550354
240,4,7,2.0519275665283203,0.05192750319838524,0.9858644008636475,1.0,5.758060455322266
240,4,8,2.0260629653930664,0.026062898337841034,0.9854846596717834,1.0,6.018898963928223
240,4,9,2.0053868293762207,0.005386881995946169,0.9852874279022217,1.0,5.963021278381348
240,4,10,1.963700294494629,-0.03629974648356438,0.984757661819458,1.0,5.770522117614746
240,4,11,2.182878017425537,0.18287791311740875,0.9840995073318481,1.0,6.0948357582092285
240,4,12,1.907676100730896,-0.09232387691736221,0.9853264093399048,1.0,5.967609405517578
240,4,13,2.1545355319976807,0.15453559160232544,0.9849544763565063,1.0,5.862680435180664
240,4,14,2.2835211753845215,0.28352105617523193,0.9864422082901001,1.0,5.719979286193848
240,4,15,2.1188783645629883,0.11887840181589127,0.983961820602417,1.0,5.947725296020508
240,4,16,2.1674118041992188,0.1674119085073471,0.9856939315795898,1.0,5.847509384155273
240,4,17,2.0865797996520996,0.08657968789339066,0.9854494333267212,1.0,6.017012119293213
240,4,18,2.3160781860351562,0.3160780966281891,0.985526442527771,1.0,6.030983924865723
240,4,19,2.02142596244812,0.021426064893603325,0.9845483303070068,1.0,5.100942611694336
220,0,0,-0.8870652318000793,-0.8870652318000793,0.01415629219263792,0.0,5.481428146362305
220,0,1,-0.8854133486747742,-0.8854133486747742,0.014345760457217693,0.0,5.95993709564209
220,0,2,-0.38968244194984436,-0.38968244194984436,0.01406241673976183,0.0,5.590004920959473
220,0,3,-0.8948937654495239,-0.8948937654495239,0.014292344450950623,0.0,5.979267597198486
220,0,4,-0.6463884115219116,-0.6463884115219116,0.013949464075267315,0.0,6.031813144683838
220,0,5,-1.0073446035385132,-1.0073446035385132,0.01490542571991682,0.0,5.493079662322998
220,0,6,-0.8944151997566223,-0.8944151997566223,0.014713452197611332,0.0,5.994937896728516
220,0,7,-0.9097481966018677,-0.9097481966018677,0.014220735058188438,0.0,5.666767120361328
220,0,8,-0.5273746252059937,-0.5273746252059937,0.013868283480405807,0.0,5.638806343078613
220,0,9,-1.098172664642334,-1.098172664642334,0.014368059113621712,0.0,5.387784004211426
220,0,10,-0.8130595684051514,-0.8130595684051514,0.015816831961274147,0.0,5.176596641540527
220,0,11,-1.1293944120407104,-1.1293944120407104,0.014174751937389374,0.0,5.32485294342041
220,0,12,-0.9613332748413086,-0.9613332748413086,0.014585306867957115,0.0,5.628316879272461
220,0,13,-0.9027233719825745,-0.9027233719825745,0.01581742614507675,0.0,5.873128414154053
220,0,14,-0.9321269989013672,-0.9321269989013672,0.014909761026501656,0.0,5.091940402984619
220,0,15,-1.1361724138259888,-1.1361724138259888,0.015330261550843716,0.0,6.084402561187744
220,0,16,-0.8267619609832764,-0.8267619609832764,0.013477396219968796,0.0,5.678623676300049
220,0,17,-0.742945671081543,-0.742945671081543,0.014997859485447407,0.0,6.060863018035889
220,0,18,-0.7075240015983582,-0.7075240015983582,0.013608143664896488,0.0,6.012475490570068
220,0,19,-0.9587106704711914,-0.9587106704711914,0.014443635940551758,0.0,6.169770240783691
220,1,0,-0.73894864320755,-0.73894864320755,0.015787411481142044,0.0,6.660476207733154
220,1,1,-0.8082937598228455,-0.8082937598228455,0.019405802711844444,0.0,6.538718223571777
220,1,2,-0.9852504730224609,-0.9852504730224609,0.016129329800605774,0.0,5.881730556488037
220,1,3,-0.9036827683448792,-0.9036827683448792,0.015926197171211243,0.0,6.087990760803223
220,1,4,-1.1093788146972656,-1.1093788146972656,0.013949524611234665,0.0,6.400160789489746
220,1,5,-0.920469343662262,-0.920469343662262,0.017713043838739395,0.0,6.648402214050293
220,1,6,-1.0130186080932617,-1.0130186080932617,0.018342439085245132,0.0,6.111776828765869
220,1,7,-1.2249187231063843,-1.2249187231063843,0.01667718030512333,0.0,6.519582748413086
220,1,8,-0.8590585589408875,-0.8590585589408875,0.01656901091337204,0.0,6.4403886795043945
220,1,9,-1.123967170715332,-1.123967170715332,0.013309583067893982,0.0,6.422190189361572
220,1,10,-1.1468065977096558,-1.1468065977096558,0.022770855575799942,0.0,6.4716796875
220,1,11,-1.0488590002059937,-1.0488590002059937,0.014533591456711292,0.0,6.666506767272949
220,1,12,-1.0035151243209839,-1.0035151243209839,0.01406918279826641,0.0,6.72883939743042
220,1,13,-1.1195224523544312,-1.1195224523544312,0.026086270809173584,0.0,6.545692443847656
220,1,14,-1.05021071434021,-1.05021071434021,0.014669781550765038,0.0,6.433249473571777
220,1,15,-1.042101263999939,-1.042101263999939,0.02021709270775318,0.0,6.1769328117370605
220,1,16,-0.702475368976593,-0.702475368976593,0.01422536838799715,0.0,6.254026412963867
220,1,17,-0.9991165399551392,-0.9991165399551392,0.015566387213766575,0.0,6.523917198181152
220,1,18,-1.151991605758667,-1.151991605758667,0.0184467826038599,0.0,6.336246490478516
220,1,19,-1.1377153396606445,-1.1377153396606445,0.016430873423814774,0.0,6.743056774139404
220,2,0,0.42254796624183655,0.42254796624183655,0.027679989114403725,0.0,6.143383026123047
220,2,1,0.4596482813358307,0.4596482813358307,0.023226885125041008,0.0,5.991010665893555
220,2,2,0.5067772269248962,0.5067772269248962,0.023210344836115837,0.0,5.837703704833984
220,2,3,0.6160950064659119,0.6160950064659119,0.02859634719789028,0.0,5.883194923400879
220,2,4,0.35566940903663635,0.35566940903663635,0.02168247289955616,0.0,5.972028732299805
220,2,5,0.3869122862815857,0.3869122862815857,0.02054508589208126,0.0,5.941661834716797
220,2,6,0.33112820982933044,0.33112820982933044,0.022896336391568184,0.0,5.870362758636475
220,2,7,0.4555681049823761,0.4555681049823761,0.019184039905667305,0.0,6.398085117340088
220,2,8,0.32523101568222046,0.32523101568222046,0.02261294238269329,0.0,6.36333703994751
220,2,9,0.4947129189968109,0.4947129189968109,0.0204703900963068,0.0,6.454532623291016
220,2,10,0.3349166214466095,0.3349166214466095,0.017984887585043907,0.0,5.992076873779297
220,2,11,0.45570293068885803,0.45570293068885803,0.02134467102587223,0.0,5.703941345214844
220,2,12,0.5321446657180786,0.5321446657180786,0.022391166538000107,0.0,6.014305114746094
220,2,13,0.49997785687446594,0.49997785687446594,0.020072322338819504,0.0,6.6425299644470215
220,2,14,0.35258135199546814,0.35258135199546814,0.019521770998835564,0.0,5.765982627868652
220,2,15,0.500983715057373,0.500983715057373,0.022241059690713882,0.0,5.959106922149658
220,2,16,0.5035452842712402,0.5035452842712402,0.022717449814081192,0.0,6.340185165405273
220,2,17,0.37589776515960693,0.37589776515960693,0.020212842151522636,0.0,6.263101100921631
220,2,18,0.46358585357666016,0.46358585357666016,0.021917270496487617,0.0,6.957679271697998
220,2,19,0.4493296146392822,0.4493296146392822,0.020883144810795784,0.0,5.649381637573242
220,3,0,0.2932015359401703,0.2932015359401703,0.013623654842376709,0.0,6.108787536621094
220,3,1,0.20694783329963684,0.20694783329963684,0.013485672883689404,0.0,5.996835708618164
220,3,2,0.4670502543449402,0.4670502543449402,0.012905885465443134,0.0,6.3324689865112305
220,3,3,0.4112112820148468,0.4112112820148468,0.01318427175283432,0.0,6.226253986358643
220,3,4,0.3797450065612793,0.3797450065612793,0.013607772998511791,0.0,6.286730766296387
220,3,5,0.4491753876209259,0.4491753876209259,0.012983579188585281,0.0,6.398647785186768
220,3,6,0.4183143675327301,0.4183143675327301,0.013592931441962719,0.0,6.265359878540039
220,3,7,0.17390768229961395,0.17390768229961395,0.013179154135286808,0.0,6.231820106506348
220,3,8,0.40459969639778137,0.40459969639778137,0.013266332447528839,0.0,6.990645408630371
220,3,9,0.29094481468200684,0.29094481468200684,0.013082673773169518,0.0,6.353858947753906
220,3,10,0.25929689407348633,0.25929689407348633,0.012937769293785095,0.0,6.421515464782715
220,3,11,0.47561511397361755,0.47561511397361755,0.012956414371728897,0.0,6.73443078994751
220,3,12,0.49130213260650635,0.49130213260650635,0.013245387934148312,0.0,6.581005573272705
220,3,13,0.3294619023799896,0.3294619023799896,0.013546682894229889,0.0,5.972476005554199
220,3,14,0.4268439710140228,0.4268439710140228,0.012901518493890762,0.0,6.5336198806762695
220,3,15,0.2562943398952484,0.2562943398952484,0.012976808473467827,0.0,6.5681352615356445
220,3,16,0.5300352573394775,0.5300352573394775,0.013792794197797775,0.0,6.640529155731201
220,3,17,0.41225895285606384,0.41225895285606384,0.013178415596485138,0.0,6.458526134490967
220,3,18,0.3519607186317444,0.3519607186317444,0.013191673904657364,0.0,6.096225738525391
220,3,19,0.5840873718261719,0.5840873718261719,0.01305057480931282,0.0,6.468684673309326
220,4,0,1.8746744394302368,-0.12532559037208557,0.9853166937828064,1.0,5.947747230529785
220,4,1,1.790792465209961,-0.20920759439468384,0.9845268726348877,1.0,5.414154529571533
220,4,2,1.831326961517334,-0.1686730980873108,0.9850561618804932,1.0,5.463896751403809
220,4,3,2.1726465225219727,0.172646626830101,0.9835627675056458,1.0,5.546830177307129
220,4,4,1.9704104661941528,-0.029589520767331123,0.9837373495101929,1.0,5.394558906555176
220,4,5,2.139538288116455,0.13953828811645508,0.9854715466499329,1.0,5.565671920776367
220,4,6,1.9448065757751465,-0.05519338324666023,0.9851427674293518,1.0,5.463744640350342
220,4,7,2.2693655490875244,0.269365519285202,0.9856632351875305,1.0,5.84343147277832
220,4,8,1.9706876277923584,-0.0293123759329319,0.9859659075737,1.0,6.047297954559326
220,4,9,2.0382750034332275,0.038275036960840225,0.9844900369644165,1.0,5.949296951293945
220,4,10,2.131772518157959,0.13177239894866943,0.9844235777854919,1.0,5.290970802307129
220,4,11,2.0165886878967285,0.0165887288749218,0.9825873970985413,1.0,5.340775489807129
220,4,12,1.8114145994186401,-0.18858544528484344,0.9847118854522705,1.0,5.769881248474121
220,4,13,2.005441188812256,0.005441260989755392,0.9849984049797058,1.0,5.982616424560547
220,4,14,1.9967234134674072,-0.0032765439245849848,0.9834690093994141,1.0,5.702830791473389
220,4,15,2.216055154800415,0.21605519950389862,0.9848889112472534,1.0,6.028461933135986
220,4,16,1.9350792169570923,-0.06492073833942413,0.9845777153968811,1.0,5.828050136566162
220,4,17,2.060230255126953,0.06023014336824417,0.985499918460846,1.0,5.608552932739258
220,4,18,1.8129866123199463,-0.18701334297657013,0.9849949479103088,1.0,5.451526641845703
220,4,19,1.818255066871643,-0.18174490332603455,0.9847077131271362,1.0,6.0713605880737305
200,0,0,-0.729503333568573,-0.729503333568573,0.013928583823144436,0.0,5.377657890319824
200,0,1,-0.8038000464439392,-0.8038000464439392,0.013924878090620041,0.0,5.444124221801758
200,0,2,-0.876518964767456,-0.876518964767456,0.014569059014320374,0.0,5.7019476890563965
200,0,3,-0.9132809638977051,-0.9132809638977051,0.014717082493007183,0.0,5.145190238952637
200,0,4,-1.0579981803894043,-1.0579981803894043,0.013809281401336193,0.0,5.782900810241699
200,0,5,-0.8664276003837585,-0.8664276003837585,0.014638377353549004,0.0,5.692254066467285
200,0,6,-0.8942552208900452,-0.8942552208900452,0.013995575718581676,0.0,5.883733749389648
200,0,7,-1.1716878414154053,-1.1716878414154053,0.013788553886115551,0.0,5.04242467880249
200,0,8,-0.7376187443733215,-0.7376187443733215,0.015076523646712303,0.0,5.647399425506592
200,0,9,-1.2232627868652344,-1.2232627868652344,0.013873260468244553,0.0,5.353280067443848
200,0,10,-0.8036341071128845,-0.8036341071128845,0.0137030566111207,0.0,6.018108367919922
200,0,11,-1.013601303100586,-1.013601303100586,0.014068558812141418,0.0,5.564431190490723
200,0,12,-0.8629412055015564,-0.8629412055015564,0.014113432727754116,0.0,6.146669387817383
200,0,13,-0.8929851055145264,-0.8929851055145264,0.014445862732827663,0.0,5.409911155700684
200,0,14,-0.8358902931213379,-0.8358902931213379,0.013433549553155899,0.0,6.215138912200928
200,0,15,-0.8307727575302124,-0.8307727575302124,0.014452477917075157,0.0,5.586535930633545
200,0,16,-1.2410905361175537,-1.2410905361175537,0.014082012698054314,0.0,5.668776988983154
200,0,17,-1.0394898653030396,-1.0394898653030396,0.013767287135124207,0.0,5.599677085876465
200,0,18,-1.00281822681427,-1.00281822681427,0.013609333895146847,0.0,5.913869857788086
200,0,19,-0.9624500274658203,-0.9624500274658203,0.013826700858771801,0.0,5.719940185546875
200,1,0,-0.9212645292282104,-0.9212645292282104,0.01856563426554203,0.0,6.282170295715332
200,1,1,-0.7130430936813354,-0.7130430936813354,0.01594979502260685,0.0,6.771111488342285
200,1,2,-0.8902607560157776,-0.8902607560157776,0.017366116866469383,0.0,6.918095111846924
200,1,3,-1.1623203754425049,-1.1623203754425049,0.015158038586378098,0.0,6.053491592407227
200,1,4,-0.9823890328407288,-0.9823890328407288,0.016219593584537506,0.0,6.855729103088379
200,1,5,-1.1292349100112915,-1.1292349100112915,0.014649276621639729,0.0,6.877129554748535
200,1,6,-0.8308565020561218,-0.8308565020561218,0.019900083541870117,0.0,6.461712837219238
200,1,7,-0.7965446710586548,-0.7965446710586548,0.025021415203809738,0.0,6.556861877441406
200,1,8,-1.1652092933654785,-1.1652092933654785,0.015024114400148392,0.0,6.09372615814209
200,1,9,-1.0305694341659546,-1.0305694341659546,0.01771392486989498,0.0,6.442856788635254
200,1,10,-0.9647710919380188,-0.9647710919380188,0.0159602090716362,0.0,6.788522720336914
200,1,11,-0.9793969392776489,-0.9793969392776489,0.0143783213570714,0.0,6.2687530517578125
200,1,12,-1.0731559991836548,-1.0731559991836548,0.021230055019259453,0.0,6.6379289627075195
200,1,13,-0.9192633628845215,-0.9192633628845215,0.016933444887399673,0.0,6.640973091125488
200,1,14,-1.002057433128357,-1.002057433128357,0.015865199267864227,0.0,6.175508975982666
200,1,15,-1.1001781225204468,-1.1001781225204468,0.015987835824489594,0.0,6.611003875732422
200,1,16,-1.1706187725067139,-1.1706187725067139,0.014478649012744427,0.0,5.456180095672607
200,1,17,-1.0842515230178833,-1.0842515230178833,0.018681403249502182,0.0,6.353377342224121
200,1,18,-0.8673494458198547,-0.8673494458198547,0.017111698165535927,0.0,6.3922224044799805
200,1,19,-0.5381251573562622,-0.5381251573562622,0.015394390560686588,0.0,6.465737342834473
200,2,0,0.45008939504623413,0.45008939504623413,0.020688435062766075,0.0,5.751764297485352
200,2,1,0.5286757349967957,0.5286757349967957,0.022739147767424583,0.0,6.489895820617676
200,2,2,0.48733335733413696,0.48733335733413696,0.01978098228573799,0.0,5.861345291137695
200,2,3,0.5014894604682922,0.5014894604682922,0.02427622303366661,0.0,5.9555864334106445
200,2,4,0.5714649558067322,0.5714649558067322,0.022685548290610313,0.0,5.819493770599365
200,2,5,0.4336254596710205,0.4336254596710205,0.02423138916492462,0.0,5.773281097412109
200,2,6,0.47674325108528137,0.47674325108528137,0.022958820685744286,0.0,6.412753582000732
200,2,7,0.4273045063018799,0.4273045063018799,0.020950911566615105,0.0,5.916357040405273
200,2,8,0.3601769804954529,0.3601769804954529,0.02344689704477787,0.0,6.018520355224609
200,2,9,0.4257476031780243,0.4257476031780243,0.023495618253946304,0.0,6.114995956420898
200,2,10,0.40723198652267456,0.40723198652267456,0.023788603022694588,0.0,6.097179412841797
200,2,11,0.6802157759666443,0.6802157759666443,0.024033332243561745,0.0,5.895949840545654
200,2,12,0.391356885433197,0.391356885433197,0.02008133754134178,0.0,6.005903244018555
200,2,13,0.4071933627128601,0.4071933627128601,0.024861959740519524,0.0,6.02702522277832
200,2,14,0.49332866072654724,0.49332866072654724,0.020220065489411354,0.0,5.82070255279541
200,2,15,0.4423338770866394,0.4423338770866394,0.01920679397881031,0.0,6.13300895690918
200,2,16,0.36169880628585815,0.36169880628585815,0.0198749341070652,0.0,6.0571746826171875
200,2,17,0.42273592948913574,0.42273592948913574,0.02100321836769581,0.0,6.059976577758789
200,2,18,0.3936377763748169,0.3936377763748169,0.019859174266457558,0.0,6.123366355895996
200,2,19,0.48774024844169617,0.48774024844169617,0.021144943311810493,0.0,5.8600263595581055
200,3,0,0.22615858912467957,0.22615858912467957,0.014001952484250069,0.0,6.877439498901367
200,3,1,0.3658575415611267,0.3658575415611267,0.013513701967895031,0.0,6.696087837219238
200,3,2,0.3458990752696991,0.3458990752696991,0.012993788346648216,0.0,6.481191635131836
200,3,3,0.38554811477661133,0.38554811477661133,0.013110383413732052,0.0,6.036384105682373
200,3,4,0.5514808297157288,0.5514808297157288,0.013882135972380638,0.0,6.389140605926514
200,3,5,0.522195041179657,0.522195041179657,0.013209289871156216,0.0,6.363441467285156
200,3,6,0.5588372945785522,0.5588372945785522,0.012908972799777985,0.0,6.544358253479004
200,3,7,0.2971900403499603,0.2971900403499603,0.012984435074031353,0.0,6.190009117126465
200,3,8,0.5287286639213562,0.5287286639213562,0.01283174380660057,0.0,6.622191429138184
200,3,9,0.4558549225330353,0.4558549225330353,0.012964771129190922,0.0,6.238093376159668
200,3,10,0.36450114846229553,0.36450114846229553,0.012964734807610512,0.0,6.5753045082092285
200,3,11,0.4902614951133728,0.4902614951133728,0.013238099403679371,0.0,6.353559494018555
200,3,12,0.4061543941497803,0.4061543941497803,0.012708766385912895,0.0,6.097860336303711
200,3,13,0.22839951515197754,0.22839951515197754,0.013694584369659424,0.0,6.438486099243164
200,3,14,0.5665224194526672,0.5665224194526672,0.012820042669773102,0.0,6.172075271606445
200,3,15,0.3886882960796356,0.3886882960796356,0.013396918773651123,0.0,6.374995231628418
200,3,16,0.5930336713790894,0.5930336713790894,0.01339868362993002,0.0,6.326300621032715
200,3,17,0.16102220118045807,0.16102220118045807,0.013335583731532097,0.0,5.957624435424805
200,3,18,0.32983624935150146,0.32983624935150146,0.013021107763051987,0.0,6.39464807510376
200,3,19,0.24085339903831482,0.24085339903831482,0.013203560374677181,0.0,6.520716667175293
200,4,0,2.0751993656158447,0.07519937306642532,0.9841932654380798,1.0,5.7933244705200195
200,4,1,2.0979607105255127,0.0979606956243515,0.9850704669952393,1.0,5.537185192108154
200,4,2,1.9917030334472656,-0.00829700380563736,0.9843818545341492,1.0,5.597606658935547
200,4,3,1.9311665296554565,-0.06883347034454346,0.9845235347747803,1.0,6.092820167541504
200,4,4,1.9147193431854248,-0.0852806493639946,0.9846044182777405,1.0,5.6960368156433105
200,4,5,1.927459478378296,-0.07254058122634888,0.9836310148239136,1.0,5.395143508911133
200,4,6,2.065702199935913,0.06570222228765488,0.9856637716293335,1.0,5.960522651672363
200,4,7,2.0931122303009033,0.09311224520206451,0.9857103228569031,1.0,6.220773696899414
200,4,8,2.107882261276245,0.10788224637508392,0.9845490455627441,1.0,5.310136318206787
200,4,9,2.2173280715942383,0.21732814610004425,0.9849318265914917,1.0,5.5149922370910645
200,4,10,1.984004020690918,-0.015996022149920464,0.982526421546936,1.0,5.460714340209961
200,4,11,2.1741225719451904,0.17412260174751282,0.9854333996772766,1.0,6.077370643615723
200,4,12,1.9694689512252808,-0.030531086027622223,0.9842612743377686,1.0,5.023179054260254
200,4,13,1.9551385641098022,-0.044861387461423874,0.9860000014305115,1.0,5.811092853546143
200,4,14,2.2847471237182617,0.28474709391593933,0.9856309294700623,1.0,5.858786582946777
200,4,15,2.063692808151245,0.06369288265705109,0.9844016432762146,1.0,5.505486488342285
200,4,16,2.150834560394287,0.15083453059196472,0.9855285286903381,1.0,5.363792419433594
200,4,17,2.033721446990967,0.03372139483690262,0.9853760600090027,1.0,5.669889450073242
200,4,18,1.96576726436615,-0.03423271328210831,0.9843593239784241,1.0,5.484720706939697
200,4,19,2.0578622817993164,0.05786225572228432,0.9856675267219543,1.0,5.308197498321533
180,0,0,-0.9448672533035278,-0.9448672533035278,0.01434662938117981,0.0,5.340832710266113
180,0,1,-1.1037107706069946,-1.1037107706069946,0.013620542362332344,0.0,5.576857566833496
180,0,2,-0.9108554124832153,-0.9108554124832153,0.014367681927978992,0.0,5.620556831359863
180,0,3,-1.1079455614089966,-1.1079455614089966,0.013235209509730339,0.0,5.568058967590332
180,0,4,-0.7252439856529236,-0.7252439856529236,0.013568874448537827,0.0,5.648359775543213
180,0,5,-1.0204391479492188,-1.0204391479492188,0.013320032507181168,0.0,6.267783164978027
180,0,6,-1.044402837753296,-1.044402837753296,0.01365608349442482,0.0,6.176047325134277
180,0,7,-0.655791699886322,-0.655791699886322,0.01484004594385624,0.0,5.4741692543029785
180,0,8,-0.8108401894569397,-0.8108401894569397,0.014290147460997105,0.0,6.027810573577881
180,0,9,-0.9826061129570007,-0.9826061129570007,0.013565135188400745,0.0,5.434200286865234
180,0,10,-1.1164721250534058,-1.1164721250534058,0.014343582093715668,0.0,5.338101387023926
180,0,11,-0.7663559317588806,-0.7663559317588806,0.014564950950443745,0.0,5.989055633544922
180,0,12,-1.0144644975662231,-1.0144644975662231,0.014032019302248955,0.0,5.675458908081055
180,0,13,-0.625660240650177,-0.625660240650177,0.014146426692605019,0.0,5.492098808288574
180,0,14,-0.8622695803642273,-0.8622695803642273,0.013382055796682835,0.0,5.8131842613220215
180,0,15,-0.870032787322998,-0.870032787322998,0.01426861621439457,0.0,5.851990699768066
180,0,16,-0.8323186635971069,-0.8323186635971069,0.01482339482754469,0.0,5.837345123291016
180,0,17,-0.9575688242912292,-0.9575688242912292,0.015948260203003883,0.0,5.622885704040527
180,0,18,-0.8413021564483643,-0.8413021564483643,0.013342123478651047,0.0,5.545417785644531
180,0,19,-0.7528854608535767,-0.7528854608535767,0.013419981114566326,0.0,6.195752143859863
180,1,0,-1.015786051750183,-1.015786051750183,0.015244212001562119,0.0,5.918950080871582
180,1,1,-1.11409592628479,-1.11409592628479,0.014380842447280884,0.0,5.933206558227539
180,1,2,-0.5131222009658813,-0.5131222009658813,0.015674620866775513,0.0,6.244457244873047
180,1,3,-0.9097860455513,-0.9097860455513,0.016510870307683945,0.0,6.64825439453125
180,1,4,-1.097213864326477,-1.097213864326477,0.015506057068705559,0.0,6.500504493713379
180,1,5,-1.0756657123565674,-1.0756657123565674,0.016422970220446587,0.0,6.497297286987305
180,1,6,-1.2089102268218994,-1.2089102268218994,0.014375721104443073,0.0,6.590593338012695
180,1,7,-1.054659128189087,-1.054659128189087,0.01943056657910347,0.0,5.933547496795654
180,1,8,-1.0883448123931885,-1.0883448123931885,0.018845712766051292,0.0,6.219733715057373
180,1,9,-1.1970514059066772,-1.1970514059066772,0.01943565346300602,0.0,6.650522232055664
180,1,10,-0.8793174624443054,-0.8793174624443054,0.02388586290180683,0.0,6.58349609375
180,1,11,-0.9551897048950195,-0.9551897048950195,0.01660626381635666,0.0,6.389439582824707
180,1,12,-0.5508999228477478,-0.5508999228477478,0.016047868877649307,0.0,6.094202041625977
180,1,13,-1.1628965139389038,-1.1628965139389038,0.01436619646847248,0.0,6.558722019195557
180,1,14,-1.029184103012085,-1.029184103012085,0.01960664987564087,0.0,7.257089614868164
180,1,15,-0.8912042379379272,-0.8912042379379272,0.015706678852438927,0.0,6.096011638641357
180,1,16,-1.2777129411697388,-1.2777129411697388,0.017901215702295303,0.0,6.491306304931641
180,1,17,-0.7828265428543091,-0.7828265428543091,0.01504182443022728,0.0,6.90402889251709
180,1,18,-0.7162436842918396,-0.7162436842918396,0.01675112545490265,0.0,6.560635566711426
180,1,19,-1.0756738185882568,-1.0756738185882568,0.0176274124532938,0.0,6.808844566345215
180,2,0,0.3872847855091095,0.3872847855091095,0.02456658147275448,0.0,6.2722249031066895
180,2,1,0.384019136428833,0.384019136428833,0.018700208514928818,0.0,5.872133255004883
180,2,2,0.28465837240219116,0.28465837240219116,0.01862877793610096,0.0,6.071223735809326
180,2,3,0.48670676350593567,0.48670676350593567,0.023083830252289772,0.0,6.267003059387207
180,2,4,0.5242242813110352,0.5242242813110352,0.019349684938788414,0.0,5.739032745361328
180,2,5,0.48763877153396606,0.48763877153396606,0.022202767431735992,0.0,6.350863933563232
180,2,6,0.5853414535522461,0.5853414535522461,0.02112027443945408,0.0,6.17110538482666
180,2,7,0.20295624434947968,0.20295624434947968,0.01924287900328636,0.0,6.398612022399902
180,2,8,0.37618258595466614,0.37618258595466614,0.02107831835746765,0.0,5.8940863609313965
180,2,9,0.5116830468177795,0.5116830468177795,0.02117198333144188,0.0,6.280693531036377
180,2,10,0.5907142758369446,0.5907142758369446,0.02656552381813526,0.0,6.32869815826416
180,2,11,0.41114887595176697,0.41114887595176697,0.022602353245019913,0.0,6.517210960388184
180,2,12,0.34987765550613403,0.34987765550613403,0.020361468195915222,0.0,5.898069381713867
180,2,13,0.5085388422012329,0.5085388422012329,0.022003043442964554,0.0,5.906902313232422
180,2,14,0.48822712898254395,0.48822712898254395,0.021199241280555725,0.0,5.891994953155518
180,2,15,0.5426687598228455,0.5426687598228455,0.02027609944343567,0.0,5.917630672454834
180,2,16,0.4308948218822479,0.4308948218822479,0.023328952491283417,0.0,6.312820911407471
180,2,17,0.43181750178337097,0.43181750178337097,0.020878717303276062,0.0,6.466340065002441
180,2,18,0.403707891702652,0.403707891702652,0.02082575485110283,0.0,5.927148818969727
180,2,19,0.4457966387271881,0.4457966387271881,0.024863863363862038,0.0,6.261050224304199
180,3,0,0.48428183794021606,0.48428183794021606,0.01293378509581089,0.0,6.054274559020996
180,3,1,0.3750104308128357,0.3750104308128357,0.013439402915537357,0.0,6.262613773345947
180,3,2,0.23226842284202576,0.23226842284202576,0.013291035778820515,0.0,6.216315746307373
180,3,3,0.2066279649734497,0.2066279649734497,0.013260753825306892,0.0,5.931254863739014
180,3,4,0.39787909388542175,0.39787909388542175,0.012970923446118832,0.0,6.150355339050293
180,3,5,0.4404797852039337,0.4404797852039337,0.01300104334950447,0.0,6.57701301574707
180,3,6,0.38491129875183105,0.38491129875183105,0.013483825139701366,0.0,6.499956130981445
180,3,7,0.5685780644416809,0.5685780644416809,0.013164686970412731,0.0,6.482641220092773
180,3,8,0.4006606340408325,0.4006606340408325,0.013019104488193989,0.0,6.268348217010498
180,3,9,0.2215711772441864,0.2215711772441864,0.012758971191942692,0.0,6.017459869384766
180,3,10,0.4005190134048462,0.4005190134048462,0.01321481168270111,0.0,6.488938331604004
180,3,11,0.2837013900279999,0.2837013900279999,0.012929975986480713,0.0,6.395735740661621
180,3,12,0.40443098545074463,0.40443098545074463,0.013234000653028488,0.0,6.1393938064575195
180,3,13,0.2663923501968384,0.2663923501968384,0.013391833752393723,0.0,6.144021034240723
180,3,14,0.4400050640106201,0.4400050640106201,0.01291222870349884,0.0,6.357739448547363
180,3,15,0.2522991895675659,0.2522991895675659,0.012969153001904488,0.0,6.251904487609863
180,3,16,0.33221110701560974,0.33221110701560974,0.013353490270674229,0.0,6.479339122772217
180,3,17,0.414713978767395,0.414713978767395,0.012910577468574047,0.0,6.108283996582031
180,3,18,0.3346906304359436,0.3346906304359436,0.012742158025503159,0.0,6.04525089263916
180,3,19,0.297839879989624,0.297839879989624,0.013455737382173538,0.0,6.679987907409668
180,4,0,2.1742639541625977,0.17426404356956482,0.9852333664894104,1.0,5.457651138305664
180,4,1,2.250481605529785,0.2504816949367523,0.9851041436195374,1.0,6.33232307434082
180,4,2,1.882997751235962,-0.1170022264122963,0.9848083257675171,1.0,5.933416843414307
180,4,3,2.108844041824341,0.1088440865278244,0.984862744808197,1.0,5.51504373550415
180,4,4,1.917137622833252,-0.08286238461732864,0.9846354722976685,1.0,5.621338844299316
180,4,5,2.134223461151123,0.13422343134880066,0.9847574234008789,1.0,5.69057559967041
180,4,6,2.08027982711792,0.08027970790863037,0.9849725961685181,1.0,5.813610553741455
180,4,7,2.149226665496826,0.14922666549682617,0.9853272438049316,1.0,5.898802280426025
180,4,8,2.203124523162842,0.20312464237213135,0.9853299856185913,1.0,6.066432952880859
180,4,9,2.0520310401916504,0.05203108489513397,0.9839354753494263,1.0,5.586114883422852
180,4,10,2.1980347633361816,0.19803467392921448,0.9835278987884521,1.0,6.112098693847656
180,4,11,2.1540093421936035,0.1540093570947647,0.9844931364059448,1.0,5.558371543884277
180,4,12,2.1880569458007812,0.1880570352077484,0.9827920794487,1.0,5.3483171463012695
180,4,13,2.060509204864502,0.060509324073791504,0.9839460253715515,1.0,5.577826023101807
180,4,14,1.9803370237350464,-0.01966298371553421,0.9853782653808594,1.0,5.695252418518066
180,4,15,2.069457530975342,0.06945743411779404,0.9846824407577515,1.0,5.6687703132629395
180,4,16,2.0256595611572266,0.02565966174006462,0.9854922890663147,1.0,5.756166934967041
180,4,17,2.089568614959717,0.08956863731145859,0.9853068590164185,1.0,5.823963165283203
180,4,18,2.104696750640869,0.10469681024551392,0.9847400784492493,1.0,5.169044017791748
180,4,19,1.924959659576416,-0.07504034787416458,0.985684871673584,1.0,6.181358337402344
160,0,0,-0.8790980577468872,-0.8790980577468872,0.014217767864465714,0.0,5.23513650894165
160,0,1,-0.8773767352104187,-0.8773767352104187,0.013728470541536808,0.0,5.352334976196289
160,0,2,-0.8484126925468445,-0.8484126925468445,0.013890597969293594,0.0,5.609159469604492
160,0,3,-0.7100991606712341,-0.7100991606712341,0.013679231517016888,0.0,5.739506721496582
160,0,4,-0.7965624332427979,-0.7965624332427979,0.014308077283203602,0.0,5.458974361419678
160,0,5,-0.9459916949272156,-0.9459916949272156,0.0138402646407485,0.0,6.349884033203125
160,0,6,-0.5859234929084778,-0.5859234929084778,0.013614173978567123,0.0,5.63459587097168
160,0,7,-0.854928195476532,-0.854928195476532,0.013988161459565163,0.0,5.795119285583496
160,0,8,-0.9485853910446167,-0.9485853910446167,0.01363695040345192,0.0,5.794452667236328
160,0,9,-0.7868409752845764,-0.7868409752845764,0.013734309002757072,0.0,5.383700847625732
160,0,10,-0.8354042768478394,-0.8354042768478394,0.01399932149797678,0.0,6.103033065795898
160,0,11,-0.8016479015350342,-0.8016479015350342,0.01703708805143833,0.0,4.806631565093994
160,0,12,-0.8888230323791504,-0.8888230323791504,0.013751371763646603,0.0,5.943305969238281
160,0,13,-1.2636349201202393,-1.2636349201202393,0.014177684672176838,0.0,5.733208656311035
160,0,14,-0.965161919593811,-0.965161919593811,0.01458489429205656,0.0,5.499269485473633
160,0,15,-1.0703843832015991,-1.0703843832015991,0.014685675501823425,0.0,5.608720779418945
160,0,16,-0.7859580516815186,-0.7859580516815186,0.014379584230482578,0.0,5.923908233642578
160,0,17,-0.9790050387382507,-0.9790050387382507,0.01450266595929861,0.0,5.791757583618164
160,0,18,-0.7686545848846436,-0.7686545848846436,0.013776588253676891,0.0,6.016505241394043
160,0,19,-0.9284287095069885,-0.9284287095069885,0.013876927085220814,0.0,5.71672248840332
160,1,0,-1.046314001083374,-1.046314001083374,0.02263994887471199,0.0,6.876728057861328
160,1,1,-0.6320459842681885,-0.6320459842681885,0.02049485594034195,0.0,6.412365913391113
160,1,2,-0.5486466288566589,-0.5486466288566589,0.013774191960692406,0.0,5.890257358551025
160,1,3,-0.90302574634552,-0.90302574634552,0.01902330294251442,0.0,6.827956199645996
160,1,4,-0.935552716255188,-0.935552716255188,0.015746913850307465,0.0,6.537684440612793
160,1,5,-0.9894960522651672,-0.9894960522651672,0.015134287998080254,0.0,6.34019660949707
160,1,6,-1.2815037965774536,-1.2815037965774536,0.017396356910467148,0.0,6.641766548156738
160,1,7,-1.0647169351577759,-1.0647169351577759,0.01531535480171442,0.0,6.109468936920166
160,1,8,-1.4173107147216797,-1.4173107147216797,0.01509251818060875,0.0,5.864962577819824
160,1,9,-1.0747710466384888,-1.0747710466384888,0.02007179893553257,0.0,7.104994297027588
160,1,10,-0.994876503944397,-0.994876503944397,0.015025901608169079,0.0,6.937463283538818
160,1,11,-0.9100134968757629,-0.9100134968757629,0.015753116458654404,0.0,6.285449981689453
160,1,12,-1.0164469480514526,-1.0164469480514526,0.015410828404128551,0.0,6.388482093811035
160,1,13,-0.9312056303024292,-0.9312056303024292,0.015813713893294334,0.0,7.0202836990356445
160,1,14,-1.1106842756271362,-1.1106842756271362,0.015465419739484787,0.0,6.816026210784912
160,1,15,-0.9851550459861755,-0.9851550459861755,0.016502641141414642,0.0,6.343259334564209
160,1,16,-0.7730706930160522,-0.7730706930160522,0.017151789739727974,0.0,7.149833679199219
160,1,17,-1.0139185190200806,-1.0139185190200806,0.016151046380400658,0.0,5.998866081237793
160,1,18,-0.5670126676559448,-0.5670126676559448,0.0152601832523942,0.0,6.116601467132568
160,1,19,-1.2735306024551392,-1.2735306024551392,0.015712525695562363,0.0,6.121939659118652
160,2,0,0.3894841969013214,0.3894841969013214,0.02305794321000576,0.0,6.1130781173706055
160,2,1,0.5398367643356323,0.5398367643356323,0.021183881908655167,0.0,6.090202808380127
160,2,2,0.39832234382629395,0.39832234382629395,0.02205723710358143,0.0,6.156396865844727
160,2,3,0.44563108682632446,0.44563108682632446,0.019221389666199684,0.0,6.344433307647705
160,2,4,0.39033713936805725,0.39033713936805725,0.023818647488951683,0.0,5.616768836975098
160,2,5,0.5660915374755859,0.5660915374755859,0.020569738000631332,0.0,5.995167255401611
160,2,6,0.541753351688385,0.541753351688385,0.0204395093023777,0.0,5.623317718505859
160,2,7,0.4249877631664276,0.4249877631664276,0.022536372765898705,0.0,6.058681011199951
160,2,8,0.5475823283195496,0.5475823283195496,0.022131742909550667,0.0,5.687091827392578
160,2,9,0.5314571857452393,0.5314571857452393,0.019210616126656532,0.0,6.046264171600342
160,2,10,0.6012585163116455,0.6012585163116455,0.018927985802292824,0.0,5.805325508117676
160,2,11,0.5086820125579834,0.5086820125579834,0.020681750029325485,0.0,6.090021133422852
160,2,12,0.4194171130657196,0.4194171130657196,0.027865171432495117,0.0,6.163549423217773
160,2,13,0.6981213092803955,0.6981213092803955,0.022336911410093307,0.0,6.404207229614258
160,2,14,0.592245876789093,0.592245876789093,0.021377746015787125,0.0,6.354684352874756
160,2,15,0.4370811879634857,0.4370811879634857,0.023096172139048576,0.0,6.0090203285217285
160,2,16,0.5196159482002258,0.5196159482002258,0.019792359322309494,0.0,6.159890174865723
160,2,17,0.3822031617164612,0.3822031617164612,0.027393195778131485,0.0,6.491506099700928
160,2,18,0.5471335649490356,0.5471335649490356,0.01913236640393734,0.0,5.759778022766113
160,2,19,0.49456340074539185,0.49456340074539185,0.02209906280040741,0.0,5.96146821975708
160,3,0,0.505169153213501,0.505169153213501,0.013098184950649738,0.0,5.968625545501709
160,3,1,0.44258826971054077,0.44258826971054077,0.013031819835305214,0.0,6.552013874053955
160,3,2,0.4399276375770569,0.4399276375770569,0.012946794740855694,0.0,6.7092108726501465
160,3,3,0.49962857365608215,0.49962857365608215,0.013329198583960533,0.0,6.128559112548828
160,3,4,0.4702822268009186,0.4702822268009186,0.01308939978480339,0.0,6.4490966796875
160,3,5,0.5249729156494141,0.5249729156494141,0.013316711410880089,0.0,5.938932418823242
160,3,6,0.3093847930431366,0.3093847930431366,0.01304839551448822,0.0,6.223479270935059
160,3,7,0.19382928311824799,0.19382928311824799,0.014058563858270645,0.0,6.628787994384766
160,3,8,0.37203800678253174,0.37203800678253174,0.012888663448393345,0.0,6.347923755645752
160,3,9,0.4706428349018097,0.4706428349018097,0.013427508994936943,0.0,6.460115909576416
160,3,10,0.45182710886001587,0.45182710886001587,0.012884315103292465,0.0,6.455246925354004
160,3,11,0.1687147617340088,0.1687147617340088,0.012797191739082336,0.0,6.2581281661987305
160,3,12,0.39611077308654785,0.39611077308654785,0.01321442425251007,0.0,6.566422939300537
160,3,13,0.41474342346191406,0.41474342346191406,0.01280930731445551,0.0,6.400651454925537
160,3,14,0.27221986651420593,0.27221986651420593,0.013304050080478191,0.0,6.212474822998047
160,3,15,0.4111670255661011,0.4111670255661011,0.012975270859897137,0.0,6.442870140075684
160,3,16,0.3004363477230072,0.3004363477230072,0.013368582352995872,0.0,6.286562919616699
160,3,17,0.17182612419128418,0.17182612419128418,0.012809993699193,0.0,6.620901584625244
160,3,18,0.33846500515937805,0.33846500515937805,0.013097568415105343,0.0,6.1356706619262695
160,3,19,0.34992823004722595,0.34992823004722595,0.012917845509946346,0.0,6.1486616134643555
160,4,0,2.018340587615967,0.018340662121772766,0.9851894974708557,1.0,5.73128604888916
160,4,1,1.8098781108856201,-0.1901218593120575,0.9848887920379639,1.0,5.66304874420166
160,4,2,2.276590585708618,0.2765905261039734,0.9849618673324585,1.0,5.642131805419922
160,4,3,2.0858967304229736,0.08589668571949005,0.9850924611091614,1.0,5.873441696166992
160,4,4,2.016080617904663,0.016080612316727638,0.9843681454658508,1.0,5.304259300231934
160,4,5,1.9597220420837402,-0.04027791693806648,0.9845952987670898,1.0,5.60029411315918
160,4,6,2.130995988845825,0.1309960037469864,0.9852312803268433,1.0,5.683568000793457
160,4,7,2.1129093170166016,0.11290930956602097,0.986365795135498,1.0,5.796522617340088
160,4,8,1.9297456741333008,-0.07025429606437683,0.9848104119300842,1.0,5.37849760055542
160,4,9,2.0715460777282715,0.07154599577188492,0.9846622943878174,1.0,5.382720947265625
160,4,10,2.020306348800659,0.02030639350414276,0.9847360253334045,1.0,5.532645225524902
160,4,11,2.218623161315918,0.21862313151359558,0.9858157634735107,1.0,5.421658515930176
160,4,12,2.1074471473693848,0.10744715481996536,0.984174907207489,1.0,5.756491661071777
160,4,13,1.8776096105575562,-0.12239044159650803,0.9858077764511108,1.0,5.5451459884643555
160,4,14,2.114170551300049,0.11417046189308167,0.9848987460136414,1.0,5.467873573303223
160,4,15,2.021486282348633,0.021486299112439156,0.9848476052284241,1.0,5.770651340484619
160,4,16,1.8734930753707886,-0.12650690972805023,0.9845735430717468,1.0,5.6371259689331055
160,4,17,2.0191867351531982,0.019186677411198616,0.9851648807525635,1.0,5.4656195640563965
160,4,18,1.880628228187561,-0.11937171965837479,0.9855082631111145,1.0,5.503692150115967
160,4,19,1.9514189958572388,-0.048580966889858246,0.9850790500640869,1.0,5.383806228637695
140,0,0,-1.0341713428497314,-1.0341713428497314,0.013998346403241158,0.0,5.792405128479004
140,0,1,-0.7484893202781677,-0.7484893202781677,0.013441982679069042,0.0,5.61215877532959
140,0,2,-1.1528979539871216,-1.1528979539871216,0.013909433968365192,0.0,5.909542083740234
140,0,3,-0.8289550542831421,-0.8289550542831421,0.013675153255462646,0.0,5.5213165283203125
140,0,4,-0.2785671353340149,-0.2785671353340149,0.014109174720942974,0.0,5.524811744689941
140,0,5,-0.6069207191467285,-0.6069207191467285,0.015170741826295853,0.0,5.259294033050537
140,0,6,-0.6742651462554932,-0.6742651462554932,0.013712765648961067,0.0,6.069561958312988
140,0,7,-0.8804930448532104,-0.8804930448532104,0.013516269624233246,0.0,5.76991605758667
140,0,8,-1.026826024055481,-1.026826024055481,0.014502516947686672,0.0,5.712803840637207
140,0,9,-0.5324898362159729,-0.5324898362159729,0.014117216691374779,0.0,5.744607925415039
140,0,10,-1.0719622373580933,-1.0719622373580933,0.013580662198364735,0.0,5.948160171508789
140,0,11,-1.2397732734680176,-1.2397732734680176,0.014165185391902924,0.0,5.384270668029785
140,0,12,-0.8190684914588928,-0.8190684914588928,0.014474919065833092,0.0,5.430469036102295
140,0,13,-0.8017033338546753,-0.8017033338546753,0.014188184402883053,0.0,5.022814750671387
140,0,14,-0.4076407253742218,-0.4076407253742218,0.01432835403829813,0.0,5.661172389984131
140,0,15,-0.5247835516929626,-0.5247835516929626,0.013255526311695576,0.0,5.815708160400391
140,0,16,-0.8094822764396667,-0.8094822764396667,0.014025012962520123,0.0,5.295014381408691
140,0,17,-1.0015708208084106,-1.0015708208084106,0.014249641448259354,0.0,5.509844779968262
140,0,18,-0.9536761045455933,-0.9536761045455933,0.01390800904482603,0.0,6.162184715270996
140,0,19,-0.3341881036758423,-0.3341881036758423,0.013800088316202164,0.0,5.922336578369141
140,1,0,-0.741919994354248,-0.741919994354248,0.015895817428827286,0.0,6.851727485656738
140,1,1,-1.1612657308578491,-1.1612657308578491,0.015801845118403435,0.0,6.508332252502441
140,1,2,-0.8747313022613525,-0.8747313022613525,0.019074732437729836,0.0,6.622437000274658
140,1,3,-1.0998626947402954,-1.0998626947402954,0.014978262595832348,0.0,6.271978855133057
140,1,4,-1.1857930421829224,-1.1857930421829224,0.01687614433467388,0.0,6.2100934982299805
140,1,5,-1.058027744293213,-1.058027744293213,0.01661408320069313,0.0,6.2102789878845215
140,1,6,-0.9928683638572693,-0.9928683638572693,0.017128735780715942,0.0,6.854188919067383
140,1,7,-0.9417769312858582,-0.9417769312858582,0.016034675762057304,0.0,6.164388179779053
140,1,8,-0.9941225647926331,-0.9941225647926331,0.01739065907895565,0.0,6.685428619384766
140,1,9,-1.0006264448165894,-1.0006264448165894,0.01817273534834385,0.0,5.883134841918945
140,1,10,-0.4735647737979889,-0.4735647737979889,0.015345385298132896,0.0,6.708642959594727
140,1,11,-0.7828657627105713,-0.7828657627105713,0.01487200241535902,0.0,5.73043155670166
140,1,12,-1.0370044708251953,-1.0370044708251953,0.017769932746887207,0.0,5.963454246520996
140,1,13,-0.8463793992996216,-0.8463793992996216,0.016973083838820457,0.0,6.477887153625488
140,1,14,-0.5795432925224304,-0.5795432925224304,0.01670967787504196,0.0,6.715041160583496
140,1,15,-0.9250270128250122,-0.9250270128250122,0.01786682941019535,0.0,6.3387346267700195
140,1,16,-0.8459745645523071,-0.8459745645523071,0.016121234744787216,0.0,6.2574310302734375
140,1,17,-0.9672731757164001,-0.9672731757164001,0.01955551467835903,0.0,6.826315879821777
140,1,18,-0.8585649132728577,-0.8585649132728577,0.020589670166373253,0.0,6.480072975158691
140,1,19,-0.9769594669342041,-0.9769594669342041,0.017882514744997025,0.0,6.732686996459961
140,2,0,0.36934906244277954,0.36934906244277954,0.023648109287023544,0.0,6.218914031982422
140,2,1,0.43093934655189514,0.43093934655189514,0.02228592522442341,0.0,6.430301189422607
140,2,2,0.4747644364833832,0.4747644364833832,0.020854299888014793,0.0,5.942013740539551
140,2,3,0.42435938119888306,0.42435938119888306,0.01842488721013069,0.0,6.021781921386719
140,2,4,0.44073987007141113,0.44073987007141113,0.020422805100679398,0.0,5.983611106872559
140,2,5,0.44038575887680054,0.44038575887680054,0.02314569801092148,0.0,6.1517720222473145
140,2,6,0.4255167543888092,0.4255167543888092,0.02082700841128826,0.0,5.961981296539307
140,2,7,0.4005989134311676,0.4005989134311676,0.019776681438088417,0.0,6.054581642150879
140,2,8,0.5643841624259949,0.5643841624259949,0.02409522794187069,0.0,6.015148639678955
140,2,9,0.505974531173706,0.505974531173706,0.022773295640945435,0.0,6.210977554321289
140,2,10,0.34049466252326965,0.34049466252326965,0.021640263497829437,0.0,6.209765911102295
140,2,11,0.5963748097419739,0.5963748097419739,0.020972033962607384,0.0,5.9154863357543945
140,2,12,0.5270897746086121,0.5270897746086121,0.024693747982382774,0.0,6.150234699249268
140,2,13,0.4315183758735657,0.4315183758735657,0.0220353826880455,0.0,5.700200080871582
140,2,14,0.4283643364906311,0.4283643364906311,0.021110346540808678,0.0,6.513678550720215
140,2,15,0.5656136870384216,0.5656136870384216,0.020830024033784866,0.0,5.82804012298584
140,2,16,0.4613945186138153,0.4613945186138153,0.022143954411149025,0.0,6.120576858520508
140,2,17,0.7227751016616821,0.7227751016616821,0.025396129116415977,0.0,6.319858074188232
140,2,18,0.5460149049758911,0.5460149049758911,0.01994912326335907,0.0,6.093137741088867
140,2,19,0.5049550533294678,0.5049550533294678,0.026914797723293304,0.0,6.473522186279297
140,3,0,0.23382879793643951,0.23382879793643951,0.013089971616864204,0.0,6.441506385803223
140,3,1,0.3201138377189636,0.3201138377189636,0.01330088172107935,0.0,6.350886344909668
140,3,2,0.3720749616622925,0.3720749616622925,0.013198466040194035,0.0,6.062434196472168
140,3,3,0.45594415068626404,0.45594415068626404,0.012683441862463951,0.0,6.31496524810791
140,3,4,0.4431350827217102,0.4431350827217102,0.012978825718164444,0.0,6.091655731201172
140,3,5,0.36310651898384094,0.36310651898384094,0.013456313870847225,0.0,6.192404747009277
140,3,6,0.42119669914245605,0.42119669914245605,0.013110211119055748,0.0,5.756021499633789
140,3,7,0.3425958752632141,0.3425958752632141,0.012803109362721443,0.0,6.511397361755371
140,3,8,0.35350197553634644,0.35350197553634644,0.013223294168710709,0.0,6.793949127197266
140,3,9,0.45352163910865784,0.45352163910865784,0.013076542876660824,0.0,6.25155782699585
140,3,10,0.64695805311203,0.64695805311203,0.012665361166000366,0.0,6.26186466217041
140,3,11,0.42037826776504517,0.42037826776504517,0.012926677241921425,0.0,6.3650665283203125
140,3,12,0.3886038661003113,0.3886038661003113,0.013041465543210506,0.0,6.337541103363037
140,3,13,0.5415521860122681,0.5415521860122681,0.013207705691456795,0.0,6.08376407623291
140,3,14,0.3178154230117798,0.3178154230117798,0.01312438864260912,0.0,6.341741561889648
140,3,15,0.5872924327850342,0.5872924327850342,0.012963489629328251,0.0,6.5114593505859375
140,3,16,0.4749843180179596,0.4749843180179596,0.013791179284453392,0.0,6.1973958015441895
140,3,17,0.4092921018600464,0.4092921018600464,0.013004151172935963,0.0,6.450822353363037
140,3,18,0.49115049839019775,0.49115049839019775,0.01350378803908825,0.0,6.548303127288818
140,3,19,0.3190942704677582,0.3190942704677582,0.01338202878832817,0.0,6.750053405761719
140,4,0,2.1203854084014893,0.1203853040933609,0.9845077991485596,1.0,5.838356971740723
140,4,1,2.006559133529663,0.006559173110872507,0.9859404563903809,1.0,5.327264308929443
140,4,2,2.18359637260437,0.18359637260437012,0.9854276776313782,1.0,5.296519756317139
140,4,3,1.7715307474136353,-0.22846925258636475,0.985107958316803,1.0,5.532733917236328
140,4,4,2.0127782821655273,0.012778284959495068,0.9849784970283508,1.0,5.50461483001709
140,4,5,1.9816935062408447,-0.018306544050574303,0.9849421977996826,1.0,5.645098686218262
140,4,6,2.079275608062744,0.0792757049202919,0.9854481816291809,1.0,5.947216987609863
140,4,7,2.080219268798828,0.08021920174360275,0.9846803545951843,1.0,5.65093994140625
140,4,8,2.1422863006591797,0.1422863006591797,0.9856131672859192,1.0,5.718808174133301
140,4,9,2.1609363555908203,0.16093628108501434,0.9851872324943542,1.0,6.029826641082764
140,4,10,1.841731071472168,-0.15826889872550964,0.9855008721351624,1.0,5.64532470703125
140,4,11,1.834647536277771,-0.16535243391990662,0.9855599403381348,1.0,5.807131290435791
140,4,12,1.9039186239242554,-0.09608139097690582,0.9846522808074951,1.0,6.036657333374023
140,4,13,1.902886152267456,-0.09711383283138275,0.9834149479866028,1.0,5.825846195220947
140,4,14,1.8795158863067627,-0.12048417329788208,0.9850452542304993,1.0,5.520821571350098
140,4,15,2.2372443675994873,0.23724444210529327,0.9843457341194153,1.0,5.431215763092041
140,4,16,2.08660888671875,0.08660881966352463,0.9843573570251465,1.0,6.035058975219727
140,4,17,2.0640203952789307,0.0640203133225441,0.9849634766578674,1.0,5.4300384521484375
140,4,18,2.2408039569854736,0.24080400168895721,0.9847896695137024,1.0,5.453269004821777
140,4,19,2.058302164077759,0.058302223682403564,0.9851122498512268,1.0,5.710677146911621
120,0,0,-0.8974689841270447,-0.8974689841270447,0.013917742297053337,0.0,5.473653793334961
120,0,1,-0.710604190826416,-0.710604190826416,0.014164933934807777,0.0,5.939693450927734
120,0,2,-0.7955648899078369,-0.7955648899078369,0.014435430988669395,0.0,6.083425998687744
120,0,3,-1.1467205286026,-1.1467205286026,0.013408257625997066,0.0,5.735443592071533
120,0,4,-0.753156304359436,-0.753156304359436,0.013942698016762733,0.0,6.17890739440918
120,0,5,-0.9220488667488098,-0.9220488667488098,0.013521154411137104,0.0,5.542189598083496
120,0,6,-1.0016908645629883,-1.0016908645629883,0.014227374456822872,0.0,5.111541271209717
120,0,7,-0.9929222464561462,-0.9929222464561462,0.013806086964905262,0.0,5.765454292297363
120,0,8,-0.9399563670158386,-0.9399563670158386,0.013724133372306824,0.0,5.0165205001831055
120,0,9,-1.131919264793396,-1.131919264793396,0.013887867331504822,0.0,5.362184524536133
120,0,10,-0.6309350728988647,-0.6309350728988647,0.01455006655305624,0.0,5.473031044006348
120,0,11,-0.95622718334198,-0.95622718334198,0.01391766406595707,0.0,5.715099334716797
120,0,12,-0.8483303189277649,-0.8483303189277649,0.01339784637093544,0.0,5.582842826843262
120,0,13,-0.711829662322998,-0.711829662322998,0.013902057893574238,0.0,5.618251800537109
120,0,14,-1.121614694595337,-1.121614694595337,0.014025594107806683,0.0,5.793968677520752
120,0,15,-1.2473201751708984,-1.2473201751708984,0.01390641275793314,0.0,5.726766586303711
120,0,16,-0.8873153328895569,-0.8873153328895569,0.013799426145851612,0.0,5.737279891967773
120,0,17,-0.9288820624351501,-0.9288820624351501,0.013574703596532345,0.0,5.73496150970459
120,0,18,-0.548032283782959,-0.548032283782959,0.01378563605248928,0.0,5.653627872467041
120,0,19,-0.813281238079071,-0.813281238079071,0.013601195067167282,0.0,5.692882537841797
120,1,0,-0.8709973096847534,-0.8709973096847534,0.01842361129820347,0.0,6.404874801635742
120,1,1,-1.2283198833465576,-1.2283198833465576,0.018078267574310303,0.0,6.767294883728027
120,1,2,-1.167636752128601,-1.167636752128601,0.01480845920741558,0.0,6.019467353820801
120,1,3,-1.0477571487426758,-1.0477571487426758,0.015602188184857368,0.0,6.399781227111816
120,1,4,-0.9928957223892212,-0.9928957223892212,0.018572481349110603,0.0,6.774524688720703
120,1,5,-1.0793852806091309,-1.0793852806091309,0.015663539990782738,0.0,6.273574352264404
120,1,6,-1.0842751264572144,-1.0842751264572144,0.014903955161571503,0.0,6.5513200759887695
120,1,7,-0.8058201670646667,-0.8058201670646667,0.015409293584525585,0.0,6.980287075042725
120,1,8,-0.9506642818450928,-0.9506642818450928,0.021414756774902344,0.0,6.557002544403076
120,1,9,-0.8853893280029297,-0.8853893280029297,0.030040673911571503,0.0,6.496173858642578
120,1,10,-1.284010410308838,-1.284010410308838,0.016780013218522072,0.0,6.401675224304199
120,1,11,-0.3758743405342102,-0.3758743405342102,0.016155458986759186,0.0,6.251269817352295
120,1,12,-0.9685108065605164,-0.9685108065605164,0.01630914770066738,0.0,6.443722724914551
120,1,13,-1.1474417448043823,-1.1474417448043823,0.019031861796975136,0.0,6.682657241821289
120,1,14,-1.1184695959091187,-1.1184695959091187,0.016101310029625893,0.0,6.222883224487305
120,1,15,-1.2483106851577759,-1.2483106851577759,0.017009472474455833,0.0,6.248040199279785
120,1,16,-0.9551520943641663,-0.9551520943641663,0.01595081388950348,0.0,6.353501796722412
120,1,17,-1.0390435457229614,-1.0390435457229614,0.020808814093470573,0.0,6.324678897857666
120,1,18,-0.9338904619216919,-0.9338904619216919,0.017426833510398865,0.0,6.063204765319824
120,1,19,-0.8330015540122986,-0.8330015540122986,0.01455228216946125,0.0,6.439497470855713
120,2,0,0.3620915710926056,0.3620915710926056,0.02118360623717308,0.0,6.124444007873535
120,2,1,0.2877040207386017,0.2877040207386017,0.022036200389266014,0.0,6.366011619567871
120,2,2,0.5010963082313538,0.5010963082313538,0.021231718361377716,0.0,6.000150203704834
120,2,3,0.386997252702713,0.386997252702713,0.020294539630413055,0.0,6.346892356872559
120,2,4,0.34384918212890625,0.34384918212890625,0.021490732207894325,0.0,6.0615153312683105
120,2,5,0.2779638171195984,0.2779638171195984,0.02163085527718067,0.0,6.367010116577148
120,2,6,0.5048312544822693,0.5048312544822693,0.022311104461550713,0.0,6.037914276123047
120,2,7,0.44434306025505066,0.44434306025505066,0.022812001407146454,0.0,6.1566877365112305
120,2,8,0.5374292135238647,0.5374292135238647,0.022988365963101387,0.0,6.242306232452393
120,2,9,0.49397584795951843,0.49397584795951843,0.024586863815784454,0.0,6.540139198303223
120,2,10,0.3940999209880829,0.3940999209880829,0.020497918128967285,0.0,6.199491024017334
120,2,11,0.4195152223110199,0.4195152223110199,0.023577602580189705,0.0,6.169472694396973
120,2,12,0.481639564037323,0.481639564037323,0.021636225283145905,0.0,6.1885199546813965
120,2,13,0.4407655894756317,0.4407655894756317,0.021288882941007614,0.0,6.1279706954956055
120,2,14,0.4896552860736847,0.4896552860736847,0.024724524468183517,0.0,5.628485679626465
120,2,15,0.4882480800151825,0.4882480800151825,0.019864000380039215,0.0,5.982309341430664
120,2,16,0.45601871609687805,0.45601871609687805,0.023894304409623146,0.0,6.215908050537109
120,2,17,0.4933382272720337,0.4933382272720337,0.019880831241607666,0.0,5.877851486206055
120,2,18,0.4803701639175415,0.4803701639175415,0.019543981179594994,0.0,6.1398491859436035
120,2,19,0.5138354897499084,0.5138354897499084,0.020550880581140518,0.0,5.928659915924072
120,3,0,0.20100359618663788,0.20100359618663788,0.013112864457070827,0.0,6.648739814758301
120,3,1,0.3800453543663025,0.3800453543663025,0.01326837856322527,0.0,6.57684326171875
120,3,2,0.5428333878517151,0.5428333878517151,0.012895440682768822,0.0,6.379526138305664
120,3,3,0.2607536017894745,0.2607536017894745,0.01368610467761755,0.0,6.268348217010498
120,3,4,0.17410492897033691,0.17410492897033691,0.013564612716436386,0.0,6.032973289489746
120,3,5,0.12088494002819061,0.12088494002819061,0.012639722786843777,0.0,6.530764579772949
120,3,6,0.4686717092990875,0.4686717092990875,0.012961439788341522,0.0,6.245462894439697
120,3,7,0.4086135923862457,0.4086135923862457,0.013353841379284859,0.0,6.1775221824646
120,3,8,0.4712792932987213,0.4712792932987213,0.013460293412208557,0.0,6.199249267578125
120,3,9,0.40294867753982544,0.40294867753982544,0.01337185874581337,0.0,6.40314245223999
120,3,10,0.17614592611789703,0.17614592611789703,0.013127101585268974,0.0,6.349828720092773
120,3,11,0.5850709080696106,0.5850709080696106,0.01300041750073433,0.0,6.450145244598389
120,3,12,0.2883197069168091,0.2883197069168091,0.013043791987001896,0.0,6.408978462219238
120,3,13,0.3989773690700531,0.3989773690700531,0.013368085026741028,0.0,6.280811786651611
120,3,14,0.524407148361206,0.524407148361206,0.01384328305721283,0.0,6.205146789550781
120,3,15,0.3920789957046509,0.3920789957046509,0.013451256789267063,0.0,6.127447128295898
120,3,16,0.43976762890815735,0.43976762890815735,0.012946611270308495,0.0,6.333407402038574
120,3,17,0.4017142355442047,0.4017142355442047,0.013312879018485546,0.0,6.067233085632324
120,3,18,0.33652934432029724,0.33652934432029724,0.012923819944262505,0.0,6.321531295776367
120,3,19,0.4146692454814911,0.4146692454814911,0.012970954179763794,0.0,6.317502498626709
120,4,0,2.1790037155151367,0.1790037304162979,0.9852462410926819,1.0,5.589150428771973
120,4,1,2.0771093368530273,0.0771094411611557,0.9854890704154968,1.0,5.575370788574219
120,4,2,2.0454297065734863,0.04542965814471245,0.9848201870918274,1.0,5.7729973793029785
120,4,3,1.9223674535751343,-0.07763255387544632,0.9854924082756042,1.0,5.891592979431152
120,4,4,2.0919766426086426,0.0919766053557396,0.9852467775344849,1.0,5.504680633544922
120,4,5,2.101015567779541,0.1010155975818634,0.9849965572357178,1.0,5.673125267028809
120,4,6,2.0314955711364746,0.031495463103055954,0.985421359539032,1.0,5.56464958190918
120,4,7,2.0683295726776123,0.06832949817180634,0.983613133430481,1.0,5.576051235198975
120,4,8,2.0973095893859863,0.0973096713423729,0.983868420124054,1.0,5.388079643249512
120,4,9,2.1401124000549316,0.14011237025260925,0.985044538974762,1.0,5.976409435272217
120,4,10,2.1256754398345947,0.1256755143404007,0.9855659604072571,1.0,5.532533645629883
120,4,11,1.8248913288116455,-0.1751086264848709,0.9842604994773865,1.0,5.2646331787109375
120,4,12,1.9560060501098633,-0.043993957340717316,0.9844633340835571,1.0,5.509913444519043
120,4,13,1.9732996225357056,-0.026700381189584732,0.9849690198898315,1.0,5.27695369720459
120,4,14,2.1559908390045166,0.15599092841148376,0.9845539927482605,1.0,5.709286212921143
120,4,15,1.9204864501953125,-0.07951350510120392,0.9843714833259583,1.0,5.405527114868164
120,4,16,1.9815127849578857,-0.01848718896508217,0.984723687171936,1.0,5.770768165588379
120,4,17,1.9967550039291382,-0.003244963241741061,0.9843692779541016,1.0,5.607341289520264
120,4,18,1.9591028690338135,-0.040897149592638016,0.9853292107582092,1.0,5.516916275024414
120,4,19,2.015733003616333,0.015733037143945694,0.9854514598846436,1.0,5.319549560546875
100,0,0,-0.9338893294334412,-0.9338893294334412,0.014199545606970787,0.0,5.6448655128479
100,0,1,-0.6929071545600891,-0.6929071545600891,0.013958100229501724,0.0,5.5515666007995605
100,0,2,-0.9673572778701782,-0.9673572778701782,0.014421301893889904,0.0,5.48688268661499
100,0,3,-0.9597640633583069,-0.9597640633583069,0.013899730518460274,0.0,5.824545860290527
100,0,4,-0.6883549094200134,-0.6883549094200134,0.014868112280964851,0.0,5.919986248016357
100,0,5,-1.0010331869125366,-1.0010331869125366,0.014342757873237133,0.0,5.589252471923828
100,0,6,-0.8958517909049988,-0.8958517909049988,0.01410621590912342,0.0,5.368709087371826
100,0,7,-0.9527153968811035,-0.9527153968811035,0.013932114467024803,0.0,5.964382648468018
100,0,8,-0.9939863681793213,-0.9939863681793213,0.01366947591304779,0.0,5.552584648132324
100,0,9,-0.8573288917541504,-0.8573288917541504,0.013527732342481613,0.0,5.643657684326172
100,0,10,-0.7989493012428284,-0.7989493012428284,0.013969340361654758,0.0,5.6725029945373535
100,0,11,-1.0248998403549194,-1.0248998403549194,0.013812372460961342,0.0,5.745756149291992
100,0,12,-0.6996333599090576,-0.6996333599090576,0.014092987403273582,0.0,5.705273628234863
100,0,13,-0.8727232813835144,-0.8727232813835144,0.014167611487209797,0.0,5.507572174072266
100,0,14,-0.9122541546821594,-0.9122541546821594,0.0136251924559474,0.0,5.920496940612793
100,0,15,-1.1757769584655762,-1.1757769584655762,0.013724887743592262,0.0,5.848755836486816
100,0,16,-1.010176181793213,-1.010176181793213,0.01363714411854744,0.0,5.478531837463379
100,0,17,-0.9086045622825623,-0.9086045622825623,0.014060190878808498,0.0,5.845642566680908
100,0,18,-0.8439737558364868,-0.8439737558364868,0.0136739332228899,0.0,6.086088180541992
100,0,19,-1.0681769847869873,-1.0681769847869873,0.014500731602311134,0.0,6.1309051513671875
100,1,0,-1.0078538656234741,-1.0078538656234741,0.01768248900771141,0.0,6.373430252075195
100,1,1,-0.8481170535087585,-0.8481170535087585,0.01478824857622385,0.0,6.0920586585998535
100,1,2,-0.9516903162002563,-0.9516903162002563,0.019065745174884796,0.0,6.339470386505127
100,1,3,-0.7429009079933167,-0.7429009079933167,0.01811453141272068,0.0,7.085572719573975
100,1,4,-0.9397723078727722,-0.9397723078727722,0.016446348279714584,0.0,6.265178680419922
100,1,5,-0.8956182599067688,-0.8956182599067688,0.01429145410656929,0.0,6.39166259765625
100,1,6,-1.0650910139083862,-1.0650910139083862,0.01731732301414013,0.0,5.9852495193481445
100,1,7,-1.1511335372924805,-1.1511335372924805,0.01585177332162857,0.0,5.527750492095947
100,1,8,-0.8851407766342163,-0.8851407766342163,0.017490996047854424,0.0,6.334508895874023
100,1,9,-1.0184590816497803,-1.0184590816497803,0.01552305556833744,0.0,6.577394485473633
100,1,10,-1.0669745206832886,-1.0669745206832886,0.017787903547286987,0.0,6.765336990356445
100,1,11,-1.1222842931747437,-1.1222842931747437,0.016430597752332687,0.0,6.311949253082275
100,1,12,-0.9213531613349915,-0.9213531613349915,0.01937553845345974,0.0,6.185966491699219
100,1,13,-1.0849007368087769,-1.0849007368087769,0.02103659138083458,0.0,6.340310573577881
100,1,14,-0.8767926096916199,-0.8767926096916199,0.016977757215499878,0.0,6.12613582611084
100,1,15,-0.975458562374115,-0.975458562374115,0.015411652624607086,0.0,6.406540870666504
100,1,16,-1.0812398195266724,-1.0812398195266724,0.014620396308600903,0.0,6.331606388092041
100,1,17,-0.9543654322624207,-0.9543654322624207,0.0167525801807642,0.0,6.586266994476318
100,1,18,-0.8745242357254028,-0.8745242357254028,0.016492556780576706,0.0,5.8749895095825195
100,1,19,-0.8297879099845886,-0.8297879099845886,0.017657369375228882,0.0,6.412167549133301
100,2,0,0.41294005513191223,0.41294005513191223,0.02038971707224846,0.0,5.749955177307129
100,2,1,0.45247817039489746,0.45247817039489746,0.02306373231112957,0.0,6.0676045417785645
100,2,2,0.4866040349006653,0.4866040349006653,0.020134449005126953,0.0,6.306424140930176
100,2,3,0.3944409489631653,0.3944409489631653,0.02433706633746624,0.0,5.914882183074951
100,2,4,0.5128877758979797,0.5128877758979797,0.0215735025703907,0.0,6.253945827484131
100,2,5,0.4807440936565399,0.4807440936565399,0.022258158773183823,0.0,6.665103912353516
100,2,6,0.4239257276058197,0.4239257276058197,0.020035019144415855,0.0,5.727481842041016
100,2,7,0.47995126247406006,0.47995126247406006,0.02216661162674427,0.0,6.165189266204834
100,2,8,0.515045166015625,0.515045166015625,0.019642524421215057,0.0,5.979230880737305
100,2,9,0.42907196283340454,0.42907196283340454,0.01928543671965599,0.0,5.935649871826172
100,2,10,0.4939872622489929,0.4939872622489929,0.019641006365418434,0.0,5.900325775146484
100,2,11,0.504800021648407,0.504800021648407,0.020855087786912918,0.0,6.294524669647217
100,2,12,0.4832695722579956,0.4832695722579956,0.02093036286532879,0.0,6.332305431365967
100,2,13,0.5026532411575317,0.5026532411575317,0.019948448985815048,0.0,6.337308883666992
100,2,14,0.4424283802509308,0.4424283802509308,0.023649141192436218,0.0,6.111538887023926
100,2,15,0.3729483187198639,0.3729483187198639,0.020311709493398666,0.0,6.205991744995117
100,2,16,0.5700039863586426,0.5700039863586426,0.021751146763563156,0.0,6.223794937133789
100,2,17,0.47552490234375,0.47552490234375,0.021609768271446228,0.0,5.930181503295898
100,2,18,0.45342743396759033,0.45342743396759033,0.022368310019373894,0.0,6.35630989074707
100,2,19,0.5461635589599609,0.5461635589599609,0.021811699494719505,0.0,6.3056135177612305
100,3,0,0.4050981402397156,0.4050981402397156,0.013210167177021503,0.0,6.227781295776367
100,3,1,0.37756845355033875,0.37756845355033875,0.013597504235804081,0.0,6.32167911529541
100,3,2,0.47007134556770325,0.47007134556770325,0.013443310745060444,0.0,6.222540855407715
100,3,3,0.4258088171482086,0.4258088171482086,0.013077774085104465,0.0,6.495609283447266
100,3,4,0.38900473713874817,0.38900473713874817,0.013325887732207775,0.0,5.940566062927246
100,3,5,0.29002875089645386,0.29002875089645386,0.013204803690314293,0.0,6.256474494934082
100,3,6,0.2848755717277527,0.2848755717277527,0.012957158498466015,0.0,6.440446853637695
100,3,7,0.3606621026992798,0.3606621026992798,0.013124272227287292,0.0,6.620171546936035
100,3,8,0.34638693928718567,0.34638693928718567,0.012780419550836086,0.0,6.214287281036377
100,3,9,0.412724107503891,0.412724107503891,0.012804755009710789,0.0,6.413220405578613
100,3,10,0.26024192571640015,0.26024192571640015,0.0131800202652812,0.0,6.00978946685791
100,3,11,0.4334999620914459,0.4334999620914459,0.013194133527576923,0.0,6.388412952423096
100,3,12,0.4285723865032196,0.4285723865032196,0.01296998281031847,0.0,6.182003974914551
100,3,13,0.4076973795890808,0.4076973795890808,0.013221770524978638,0.0,5.893681526184082
100,3,14,0.20955699682235718,0.20955699682235718,0.013497691601514816,0.0,6.2456159591674805
100,3,15,0.39132383465766907,0.39132383465766907,0.013158641755580902,0.0,6.131941318511963
100,3,16,0.45019248127937317,0.45019248127937317,0.013366756960749626,0.0,6.307348251342773
100,3,17,0.3120674192905426,0.3120674192905426,0.012980315834283829,0.0,6.487286567687988
100,3,18,0.3505421578884125,0.3505421578884125,0.012977981008589268,0.0,6.473247528076172
100,3,19,0.1924753189086914,0.1924753189086914,0.01266035158187151,0.0,6.111568450927734
100,4,0,2.012155294418335,0.012155193835496902,0.9850685000419617,1.0,5.744093418121338
100,4,1,2.127478837966919,0.1274789273738861,0.9848589301109314,1.0,5.661815643310547
100,4,2,2.0389151573181152,0.03891521692276001,0.9855974316596985,1.0,5.465152740478516
100,4,3,1.8803751468658447,-0.11962483823299408,0.9838797450065613,1.0,5.944525718688965
100,4,4,1.9859919548034668,-0.01400802657008171,0.9849346876144409,1.0,5.632657051086426
100,4,5,2.0173747539520264,0.017374670132994652,0.9850270748138428,1.0,5.869240760803223
100,4,6,2.135532855987549,0.13553288578987122,0.9843177795410156,1.0,5.655158996582031
100,4,7,2.0207619667053223,0.020761875435709953,0.9843230843544006,1.0,6.10025691986084
100,4,8,1.8765780925750732,-0.12342194467782974,0.9839411377906799,1.0,6.014997482299805
100,4,9,1.884161353111267,-0.1158386692404747,0.9849386215209961,1.0,5.348567008972168
100,4,10,2.0278549194335938,0.027854949235916138,0.9851487874984741,1.0,5.702692985534668
100,4,11,2.090632915496826,0.09063297510147095,0.9842168092727661,1.0,5.423759460449219
100,4,12,1.8860692977905273,-0.11393073946237564,0.9847550392150879,1.0,5.497659683227539
100,4,13,1.9099491834640503,-0.09005086123943329,0.9845104813575745,1.0,5.621228218078613
100,4,14,2.0294151306152344,0.029415177181363106,0.9846758246421814,1.0,5.616242408752441
100,4,15,2.06032133102417,0.060321368277072906,0.9843193888664246,1.0,5.739462852478027
100,4,16,1.8910130262374878,-0.10898693650960922,0.9853257536888123,1.0,5.464359283447266
100,4,17,2.1069042682647705,0.10690434277057648,0.9847341775894165,1.0,5.657313823699951
100,4,18,1.8302987813949585,-0.1697012335062027,0.984980583190918,1.0,5.781832695007324
100,4,19,1.905653476715088,-0.0943465530872345,0.9845905303955078,1.0,5.574250221252441
80,0,0,-0.8712223172187805,-0.8712223172187805,0.014836226589977741,0.0,5.677371025085449
80,0,1,-0.7661193609237671,-0.7661193609237671,0.014263725839555264,0.0,5.767458915710449
80,0,2,-0.7420356869697571,-0.7420356869697571,0.014302423223853111,0.0,5.601777076721191
80,0,3,-0.677144467830658,-0.677144467830658,0.014483434148132801,0.0,5.759228706359863
80,0,4,-0.9291842579841614,-0.9291842579841614,0.013445707969367504,0.0,5.771653652191162
80,0,5,-0.9032751321792603,-0.9032751321792603,0.013731008395552635,0.0,5.609238147735596
80,0,6,-0.8054707050323486,-0.8054707050323486,0.014029689133167267,0.0,5.23484992980957
80,0,7,-0.6947817802429199,-0.6947817802429199,0.014210658147931099,0.0,5.338412761688232
80,0,8,-0.956209659576416,-0.956209659576416,0.014194147661328316,0.0,5.6771345138549805
80,0,9,-0.7755630016326904,-0.7755630016326904,0.013755381107330322,0.0,5.002493858337402
80,0,10,-0.9649302959442139,-0.9649302959442139,0.013553991913795471,0.0,5.535772323608398
80,0,11,-0.8243456482887268,-0.8243456482887268,0.013889825902879238,0.0,5.262275695800781
80,0,12,-0.9588691592216492,-0.9588691592216492,0.01341514103114605,0.0,5.389763355255127
80,0,13,-0.8996633887290955,-0.8996633887290955,0.013815685175359249,0.0,5.660311698913574
80,0,14,-0.9339084625244141,-0.9339084625244141,0.013875081203877926,0.0,5.142480850219727
80,0,15,-0.8407137393951416,-0.8407137393951416,0.014066152274608612,0.0,5.437367916107178
80,0,16,-0.9337011575698853,-0.9337011575698853,0.013731350190937519,0.0,5.448879241943359
80,0,17,-0.8516983389854431,-0.8516983389854431,0.013933954760432243,0.0,5.333142280578613
80,0,18,-0.6354029774665833,-0.6354029774665833,0.014433030970394611,0.0,6.101269721984863
80,0,19,-0.6918293833732605,-0.6918293833732605,0.01367521658539772,0.0,5.6704559326171875
80,1,0,-1.0415316820144653,-1.0415316820144653,0.016155289486050606,0.0,6.319565296173096
80,1,1,-1.2199475765228271,-1.2199475765228271,0.016013871878385544,0.0,6.397756099700928
80,1,2,-0.9299752712249756,-0.9299752712249756,0.015958016738295555,0.0,6.408967971801758
80,1,3,-1.1137255430221558,-1.1137255430221558,0.01572655886411667,0.0,6.229546070098877
80,1,4,-1.013621211051941,-1.013621211051941,0.015965145081281662,0.0,6.228714466094971
80,1,5,-0.996641993522644,-0.996641993522644,0.017108667641878128,0.0,6.310344696044922
80,1,6,-1.0891070365905762,-1.0891070365905762,0.016481393948197365,0.0,6.263138771057129
80,1,7,-0.8979083895683289,-0.8979083895683289,0.016961870715022087,0.0,6.553775310516357
80,1,8,-1.0578066110610962,-1.0578066110610962,0.017838692292571068,0.0,6.749943256378174
80,1,9,-1.2947410345077515,-1.2947410345077515,0.018803244456648827,0.0,6.168532848358154
80,1,10,-0.9824772477149963,-0.9824772477149963,0.017914826050400734,0.0,5.767154693603516
80,1,11,-1.1237274408340454,-1.1237274408340454,0.017124135047197342,0.0,6.094301223754883
80,1,12,-0.8126497864723206,-0.8126497864723206,0.017766354605555534,0.0,6.297283172607422
80,1,13,-1.12472665309906,-1.12472665309906,0.015490146353840828,0.0,6.356629371643066
80,1,14,-0.989534854888916,-0.989534854888916,0.016121484339237213,0.0,6.480090141296387
80,1,15,-1.1558260917663574,-1.1558260917663574,0.01862112246453762,0.0,6.504280090332031
80,1,16,-0.9021617770195007,-0.9021617770195007,0.016104301437735558,0.0,6.501136779785156
80,1,17,-1.1753085851669312,-1.1753085851669312,0.016783500090241432,0.0,6.357629776000977
80,1,18,-0.8151708245277405,-0.8151708245277405,0.01658806763589382,0.0,6.463560104370117
80,1,19,-0.818240761756897,-0.818240761756897,0.017413431778550148,0.0,6.4103617668151855
80,2,0,0.46339964866638184,0.46339964866638184,0.01857571490108967,0.0,6.23075532913208
80,2,1,0.3590102791786194,0.3590102791786194,0.020027076825499535,0.0,6.226595878601074
80,2,2,0.41856303811073303,0.41856303811073303,0.021016130223870277,0.0,5.874104022979736
80,2,3,0.5895883440971375,0.5895883440971375,0.02125309593975544,0.0,6.261137008666992
80,2,4,0.4710615575313568,0.4710615575313568,0.019717643037438393,0.0,6.227475643157959
80,2,5,0.43929776549339294,0.43929776549339294,0.021564343944191933,0.0,5.8368916511535645
80,2,6,0.33962908387184143,0.33962908387184143,0.022157957777380943,0.0,6.358042240142822
80,2,7,0.41661182045936584,0.41661182045936584,0.022381849586963654,0.0,6.064793586730957
80,2,8,0.5134026408195496,0.5134026408195496,0.02011067233979702,0.0,6.322237968444824
80,2,9,0.4966793954372406,0.4966793954372406,0.020862668752670288,0.0,5.98864221572876
80,2,10,0.5479642748832703,0.5479642748832703,0.020887376740574837,0.0,6.162772178649902
80,2,11,0.31407859921455383,0.31407859921455383,0.02096944861114025,0.0,6.066493988037109
80,2,12,0.41589340567588806,0.41589340567588806,0.022442569956183434,0.0,6.163204193115234
80,2,13,0.5995596647262573,0.5995596647262573,0.020927472040057182,0.0,6.309105396270752
80,2,14,0.37906187772750854,0.37906187772750854,0.02412468008697033,0.0,6.054286956787109
80,2,15,0.38155850768089294,0.38155850768089294,0.021692020818591118,0.0,6.3971052169799805
80,2,16,0.3908916711807251,0.3908916711807251,0.021675344556570053,0.0,6.349569320678711
80,2,17,0.547787606716156,0.547787606716156,0.021204425022006035,0.0,6.188632965087891
80,2,18,0.38543835282325745,0.38543835282325745,0.01904941536486149,0.0,6.126523017883301
80,2,19,0.49063631892204285,0.49063631892204285,0.02047540992498398,0.0,6.34832763671875
80,3,0,0.4362536072731018,0.4362536072731018,0.012765399180352688,0.0,6.300315856933594
80,3,1,0.3208724856376648,0.3208724856376648,0.013098753057420254,0.0,6.525823593139648
80,3,2,0.23071987926959991,0.23071987926959991,0.013112097978591919,0.0,6.482351303100586
80,3,3,0.3927779793739319,0.3927779793739319,0.012973608449101448,0.0,6.330051422119141
80,3,4,0.4235978126525879,0.4235978126525879,0.013134528882801533,0.0,6.235179901123047
80,3,5,0.456541508436203,0.456541508436203,0.013210800476372242,0.0,5.873434543609619
80,3,6,0.46739163994789124,0.46739163994789124,0.013086996972560883,0.0,6.1884684562683105
80,3,7,0.32219886779785156,0.32219886779785156,0.013262312859296799,0.0,6.202111721038818
80,3,8,0.31935805082321167,0.31935805082321167,0.012983848340809345,0.0,6.679232597351074
80,3,9,0.21509884297847748,0.21509884297847748,0.013010070659220219,0.0,6.58950138092041
80,3,10,0.2851230502128601,0.2851230502128601,0.01305220928043127,0.0,6.501185894012451
80,3,11,0.2873249351978302,0.2873249351978302,0.012930803932249546,0.0,6.267345905303955
80,3,12,0.4034155607223511,0.4034155607223511,0.012844568118453026,0.0,6.355739593505859
80,3,13,0.3729259967803955,0.3729259967803955,0.013208207674324512,0.0,6.533565521240234
80,3,14,0.463871031999588,0.463871031999588,0.01332945004105568,0.0,6.357970237731934
80,3,15,0.4968431890010834,0.4968431890010834,0.01305906567722559,0.0,6.379500389099121
80,3,16,0.2578014135360718,0.2578014135360718,0.013056483119726181,0.0,6.328176498413086
80,3,17,0.17272913455963135,0.17272913455963135,0.012928745709359646,0.0,6.122539043426514
80,3,18,0.5053244829177856,0.5053244829177856,0.012918813154101372,0.0,6.039620876312256
80,3,19,0.28763890266418457,0.28763890266418457,0.013324947096407413,0.0,6.605297088623047
80,4,0,2.03170108795166,0.031701184809207916,0.9837523698806763,1.0,5.683820724487305
80,4,1,1.9722059965133667,-0.02779400907456875,0.984092116355896,1.0,5.408017635345459
80,4,2,2.1489484310150146,0.14894840121269226,0.9851148724555969,1.0,5.689783573150635
80,4,3,1.7773728370666504,-0.2226271778345108,0.9846183657646179,1.0,5.638678550720215
80,4,4,2.070634365081787,0.07063446938991547,0.9837455749511719,1.0,5.469526290893555
80,4,5,1.8627251386642456,-0.13727489113807678,0.9834000468254089,1.0,5.582369804382324
80,4,6,1.9645657539367676,-0.03543424978852272,0.9840121269226074,1.0,5.888078212738037
80,4,7,2.1075193881988525,0.1075194850564003,0.9851447343826294,1.0,5.648617744445801
80,4,8,2.1694068908691406,0.16940684616565704,0.9835963249206543,1.0,5.705737590789795
80,4,9,2.078495502471924,0.07849550247192383,0.9836313724517822,1.0,5.9566569328308105
80,4,10,2.053790330886841,0.05379042774438858,0.9848746657371521,1.0,5.273505687713623
80,4,11,2.0538229942321777,0.05382290482521057,0.9835192561149597,1.0,5.5166120529174805
80,4,12,2.0765860080718994,0.07658598572015762,0.9841417670249939,1.0,5.816740989685059
80,4,13,1.9891717433929443,-0.01082824356853962,0.9842513799667358,1.0,5.931962490081787
80,4,14,1.9454883337020874,-0.054511699825525284,0.9843987226486206,1.0,5.585192680358887
80,4,15,2.0374302864074707,0.03743020445108414,0.9853329062461853,1.0,5.629240036010742
80,4,16,2.0579442977905273,0.05794419348239899,0.9848989844322205,1.0,5.291431427001953
80,4,17,2.0639398097991943,0.06393978744745255,0.9843196272850037,1.0,5.753368854522705
80,4,18,2.2476940155029297,0.2476939707994461,0.9850094318389893,1.0,5.513345718383789
80,4,19,2.11089825630188,0.11089815199375153,0.9840898513793945,1.0,5.338067054748535
60,0,0,-0.9513040781021118,-0.9513040781021118,0.013932829722762108,0.0,5.514819145202637
60,0,1,-0.7918524146080017,-0.7918524146080017,0.014409364201128483,0.0,5.795483112335205
60,0,2,-1.0367448329925537,-1.0367448329925537,0.013761204667389393,0.0,5.664559364318848
60,0,3,-0.9029331207275391,-0.9029331207275391,0.013505161739885807,0.0,5.992814540863037
60,0,4,-0.878057599067688,-0.878057599067688,0.013629378750920296,0.0,5.512560844421387
60,0,5,-0.8570454716682434,-0.8570454716682434,0.013164587318897247,0.0,5.566672325134277
60,0,6,-0.7650169134140015,-0.7650169134140015,0.014002954587340355,0.0,5.641846179962158
60,0,7,-0.7237540483474731,-0.7237540483474731,0.014240086078643799,0.0,5.296416282653809
60,0,8,-0.6479652523994446,-0.6479652523994446,0.013560924679040909,0.0,5.741011619567871
60,0,9,-0.7785611152648926,-0.7785611152648926,0.014201107434928417,0.0,5.503427505493164
60,0,10,-0.6348865032196045,-0.6348865032196045,0.01382416021078825,0.0,5.5861687660217285
60,0,11,-0.8947631120681763,-0.8947631120681763,0.01381413172930479,0.0,5.341922760009766
60,0,12,-0.8719253540039062,-0.8719253540039062,0.013547344133257866,0.0,5.804850101470947
60,0,13,-0.9568670988082886,-0.9568670988082886,0.013565842993557453,0.0,5.667391777038574
60,0,14,-0.6070294976234436,-0.6070294976234436,0.013848569244146347,0.0,5.588352203369141
60,0,15,-0.9302994012832642,-0.9302994012832642,0.013721841387450695,0.0,5.537781715393066
60,0,16,-0.817965567111969,-0.817965567111969,0.013649977743625641,0.0,5.273482799530029
60,0,17,-0.761040985584259,-0.761040985584259,0.013958847150206566,0.0,5.796760559082031
60,0,18,-0.8825168609619141,-0.8825168609619141,0.013965819962322712,0.0,5.762691974639893
60,0,19,-0.8580652475357056,-0.8580652475357056,0.013722182251513004,0.0,5.441884994506836
60,1,0,-1.1127876043319702,-1.1127876043319702,0.017347486689686775,0.0,6.382243633270264
60,1,1,-0.9681999087333679,-0.9681999087333679,0.01597638987004757,0.0,5.909597396850586
60,1,2,-0.9895185828208923,-0.9895185828208923,0.016158457845449448,0.0,6.159971237182617
60,1,3,-1.0963932275772095,-1.0963932275772095,0.016513410955667496,0.0,6.345241546630859
60,1,4,-0.9101644158363342,-0.9101644158363342,0.01678338088095188,0.0,6.2119903564453125
60,1,5,-0.9504404664039612,-0.9504404664039612,0.01617247983813286,0.0,6.492918014526367
60,1,6,-0.992030918598175,-0.992030918598175,0.019035961478948593,0.0,6.2750468254089355
60,1,7,-1.0421521663665771,-1.0421521663665771,0.01588362827897072,0.0,5.424966812133789
60,1,8,-1.0899770259857178,-1.0899770259857178,0.015365219675004482,0.0,5.841083526611328
60,1,9,-1.0226569175720215,-1.0226569175720215,0.016695192083716393,0.0,6.1478729248046875
60,1,10,-1.0134577751159668,-1.0134577751159668,0.015657680109143257,0.0,6.289801597595215
60,1,11,-1.021989107131958,-1.021989107131958,0.015932118520140648,0.0,5.600323677062988
60,1,12,-1.1573683023452759,-1.1573683023452759,0.015853840857744217,0.0,6.615588665008545
60,1,13,-1.0525068044662476,-1.0525068044662476,0.015991315245628357,0.0,6.0862717628479
60,1,14,-1.135074257850647,-1.135074257850647,0.015262281522154808,0.0,6.202420234680176
60,1,15,-1.0944035053253174,-1.0944035053253174,0.017269058153033257,0.0,6.250418663024902
60,1,16,-0.8765544891357422,-0.8765544891357422,0.016051694750785828,0.0,6.45613956451416
60,1,17,-1.0302343368530273,-1.0302343368530273,0.016176098957657814,0.0,6.530426979064941
60,1,18,-0.9440836310386658,-0.9440836310386658,0.019092127680778503,0.0,6.207126617431641
60,1,19,-1.0612529516220093,-1.0612529516220093,0.016038235276937485,0.0,6.253950119018555
60,2,0,0.3468000590801239,0.3468000590801239,0.019588172435760498,0.0,6.018258094787598
60,2,1,0.45208778977394104,0.45208778977394104,0.01939893513917923,0.0,6.295563697814941
60,2,2,0.5001141428947449,0.5001141428947449,0.019277511164546013,0.0,6.25382137298584
60,2,3,0.40094897150993347,0.40094897150993347,0.021065711975097656,0.0,5.967301845550537
60,2,4,0.4188970625400543,0.4188970625400543,0.0242958702147007,0.0,6.232276916503906
60,2,5,0.5397241711616516,0.5397241711616516,0.01939264126121998,0.0,5.967090606689453
60,2,6,0.5179263949394226,0.5179263949394226,0.02000310644507408,0.0,6.192827224731445
60,2,7,0.4520854651927948,0.4520854651927948,0.02113567851483822,0.0,6.084410667419434
60,2,8,0.331409215927124,0.331409215927124,0.021065618842840195,0.0,6.33725118637085
60,2,9,0.3815726339817047,0.3815726339817047,0.01846902072429657,0.0,5.802488327026367
60,2,10,0.5642030835151672,0.5642030835151672,0.020938130095601082,0.0,6.1894211769104
60,2,11,0.517180860042572,0.517180860042572,0.020082099363207817,0.0,6.062658309936523
60,2,12,0.39892032742500305,0.39892032742500305,0.020732736214995384,0.0,6.088268280029297
60,2,13,0.4693664610385895,0.4693664610385895,0.020850908011198044,0.0,6.152945041656494
60,2,14,0.4863612651824951,0.4863612651824951,0.020982835441827774,0.0,6.1205363273620605
60,2,15,0.5420559644699097,0.5420559644699097,0.019412221387028694,0.0,6.370730400085449
60,2,16,0.46271926164627075,0.46271926164627075,0.024522781372070312,0.0,6.068571090698242
60,2,17,0.5466513633728027,0.5466513633728027,0.01968458853662014,0.0,6.348684310913086
60,2,18,0.44283249974250793,0.44283249974250793,0.021074170246720314,0.0,6.1375627517700195
60,2,19,0.48990076780319214,0.48990076780319214,0.020250353962183,0.0,6.705906867980957
60,3,0,0.340056836605072,0.340056836605072,0.012864213436841965,0.0,6.284047603607178
60,3,1,0.23608846962451935,0.23608846962451935,0.01293191034346819,0.0,6.431406021118164
60,3,2,0.46115168929100037,0.46115168929100037,0.012839465402066708,0.0,6.313708305358887
60,3,3,0.3149586617946625,0.3149586617946625,0.013121146708726883,0.0,5.893980026245117
60,3,4,0.3252476751804352,0.3252476751804352,0.01295502483844757,0.0,6.474032402038574
60,3,5,0.34606704115867615,0.34606704115867615,0.013235270977020264,0.0,6.118833065032959
60,3,6,0.2225746065378189,0.2225746065378189,0.012836080975830555,0.0,6.177063941955566
60,3,7,0.48834601044654846,0.48834601044654846,0.013234972022473812,0.0,6.5749969482421875
60,3,8,0.38085120916366577,0.38085120916366577,0.01312783733010292,0.0,5.972868919372559
60,3,9,0.5563900470733643,0.5563900470733643,0.013185964897274971,0.0,6.638388633728027
60,3,10,0.5112882256507874,0.5112882256507874,0.013222889974713326,0.0,6.3934645652771
60,3,11,0.3310392498970032,0.3310392498970032,0.012746448628604412,0.0,5.848026275634766
60,3,12,0.31798505783081055,0.31798505783081055,0.0131442965939641,0.0,6.395143985748291
60,3,13,0.4042830169200897,0.4042830169200897,0.012861109338700771,0.0,6.214118957519531
60,3,14,0.3400706946849823,0.3400706946849823,0.013392508029937744,0.0,6.220250129699707
60,3,15,0.4067957103252411,0.4067957103252411,0.012896656058728695,0.0,6.621440887451172
60,3,16,0.26152732968330383,0.26152732968330383,0.012981410138309002,0.0,6.412156581878662
60,3,17,0.5437697768211365,0.5437697768211365,0.013007775880396366,0.0,6.104310035705566
60,3,18,0.3402394652366638,0.3402394652366638,0.013272050768136978,0.0,5.9808855056762695
60,3,19,0.41573721170425415,0.41573721170425415,0.012979875318706036,0.0,6.234217643737793
60,4,0,2.0013833045959473,0.0013832328841090202,0.9844849109649658,1.0,5.668896675109863
60,4,1,2.066804885864258,0.06680489331483841,0.9845656752586365,1.0,5.833896636962891
60,4,2,2.0911428928375244,0.09114284813404083,0.9844043850898743,1.0,5.7325263023376465
60,4,3,2.005812644958496,0.0058126007206737995,0.9845914840698242,1.0,5.447640895843506
60,4,4,1.9575021266937256,-0.04249792918562889,0.9840738773345947,1.0,5.159183979034424
60,4,5,2.167156457901001,0.1671563982963562,0.9845324158668518,1.0,5.68678617477417
60,4,6,2.1933209896087646,0.19332098960876465,0.9843823313713074,1.0,5.862879753112793
60,4,7,2.0453152656555176,0.045315247029066086,0.9840012788772583,1.0,5.654707431793213
60,4,8,2.1762211322784424,0.17622117698192596,0.9844648241996765,1.0,5.670191764831543
60,4,9,2.006347894668579,0.006347943097352982,0.9841712117195129,1.0,5.452719688415527
60,4,10,2.0539958477020264,0.05399591848254204,0.9839440584182739,1.0,5.667661666870117
60,4,11,2.1353394985198975,0.13533957302570343,0.9844334125518799,1.0,5.756374835968018
60,4,12,2.1220481395721436,0.12204808741807938,0.9846322536468506,1.0,5.715435028076172
60,4,13,2.0265069007873535,0.026506787165999413,0.9839026927947998,1.0,5.438494682312012
60,4,14,1.909632921218872,-0.09036708623170853,0.9850419163703918,1.0,5.672389030456543
60,4,15,2.0235416889190674,0.023541780188679695,0.9850139021873474,1.0,5.643313884735107
60,4,16,1.9882047176361084,-0.011795260943472385,0.9849362969398499,1.0,5.795752048492432
60,4,17,1.980729103088379,-0.019270893186330795,0.9833009243011475,1.0,5.577153205871582
60,4,18,2.0408053398132324,0.04080526903271675,0.9840866923332214,1.0,5.39565372467041
60,4,19,2.0417864322662354,0.04178653284907341,0.9849340915679932,1.0,5.795286178588867
40,0,0,-0.8117649555206299,-0.8117649555206299,0.014395331963896751,0.0,5.747469902038574
40,0,1,-0.8256216049194336,-0.8256216049194336,0.014236144721508026,0.0,5.501157760620117
40,0,2,-0.9355416893959045,-0.9355416893959045,0.013656990602612495,0.0,5.897571563720703
40,0,3,-0.8118644952774048,-0.8118644952774048,0.013952587731182575,0.0,5.637933731079102
40,0,4,-0.8561370968818665,-0.8561370968818665,0.013712417334318161,0.0,5.408371448516846
40,0,5,-0.8288036584854126,-0.8288036584854126,0.01385976281017065,0.0,5.8758769035339355
40,0,6,-0.8599975109100342,-0.8599975109100342,0.013752523809671402,0.0,5.7199482917785645
40,0,7,-0.8055824041366577,-0.8055824041366577,0.01377846859395504,0.0,5.488004684448242
40,0,8,-0.8971956372261047,-0.8971956372261047,0.013968458399176598,0.0,5.809825897216797
40,0,9,-0.6569156646728516,-0.6569156646728516,0.013918396085500717,0.0,5.576543807983398
40,0,10,-0.8167924880981445,-0.8167924880981445,0.013742590323090553,0.0,5.384296894073486
40,0,11,-0.7486546635627747,-0.7486546635627747,0.013630898669362068,0.0,5.457467079162598
40,0,12,-0.8853395581245422,-0.8853395581245422,0.013827189803123474,0.0,5.663088798522949
40,0,13,-0.9583942294120789,-0.9583942294120789,0.013639234937727451,0.0,5.641274929046631
40,0,14,-0.916090726852417,-0.916090726852417,0.013559681363403797,0.0,5.516978740692139
40,0,15,-1.0300986766815186,-1.0300986766815186,0.013664120808243752,0.0,5.49745512008667
40,0,16,-0.7631230354309082,-0.7631230354309082,0.014058140106499195,0.0,5.844424247741699
40,0,17,-0.7545942068099976,-0.7545942068099976,0.01376991905272007,0.0,5.336431980133057
40,0,18,-0.7577211856842041,-0.7577211856842041,0.013528713025152683,0.0,5.612604141235352
40,0,19,-0.853752851486206,-0.853752851486206,0.013968182727694511,0.0,5.608135223388672
40,1,0,-1.1062791347503662,-1.1062791347503662,0.01602144166827202,0.0,5.835229873657227
40,1,1,-1.1492444276809692,-1.1492444276809692,0.016674857586622238,0.0,5.99688720703125
40,1,2,-0.8966262936592102,-0.8966262936592102,0.016374744474887848,0.0,6.253155708312988
40,1,3,-1.0175933837890625,-1.0175933837890625,0.01616213656961918,0.0,6.266975402832031
40,1,4,-1.028246521949768,-1.028246521949768,0.014455173164606094,0.0,5.937471866607666
40,1,5,-0.9743313789367676,-0.9743313789367676,0.01702733524143696,0.0,6.111175537109375
40,1,6,-1.0908068418502808,-1.0908068418502808,0.017255419865250587,0.0,6.279064178466797
40,1,7,-1.049847960472107,-1.049847960472107,0.016461458057165146,0.0,5.959800720214844
40,1,8,-0.9306991696357727,-0.9306991696357727,0.016180874779820442,0.0,5.922658443450928
40,1,9,-0.9131651520729065,-0.9131651520729065,0.01589675061404705,0.0,6.096746921539307
40,1,10,-0.90259850025177,-0.90259850025177,0.017107786610722542,0.0,6.159996032714844
40,1,11,-0.937065601348877,-0.937065601348877,0.017039190977811813,0.0,6.412083148956299
40,1,12,-1.1626566648483276,-1.1626566648483276,0.016239434480667114,0.0,6.360960006713867
40,1,13,-1.0524653196334839,-1.0524653196334839,0.01644722744822502,0.0,5.765352249145508
40,1,14,-0.7776743769645691,-0.7776743769645691,0.015451178885996342,0.0,6.1353068351745605
40,1,15,-0.9357395768165588,-0.9357395768165588,0.015980664640665054,0.0,6.105253219604492
40,1,16,-0.7563192248344421,-0.7563192248344421,0.017174027860164642,0.0,6.177788734436035
40,1,17,-1.0640708208084106,-1.0640708208084106,0.017080169171094894,0.0,6.406796455383301
40,1,18,-0.9205038547515869,-0.9205038547515869,0.017345720902085304,0.0,6.151734828948975
40,1,19,-0.9205480813980103,-0.9205480813980103,0.015297343023121357,0.0,6.2269182205200195
40,2,0,0.4433750510215759,0.4433750510215759,0.019962754100561142,0.0,6.262164115905762
40,2,1,0.5163597464561462,0.5163597464561462,0.01982327550649643,0.0,6.294251441955566
40,2,2,0.5114805698394775,0.5114805698394775,0.0199491735547781,0.0,6.229407787322998
40,2,3,0.5258945226669312,0.5258945226669312,0.018318606540560722,0.0,5.938421249389648
40,2,4,0.43207141757011414,0.43207141757011414,0.019396191462874413,0.0,6.333281517028809
40,2,5,0.5457684397697449,0.5457684397697449,0.019874077290296555,0.0,6.422540664672852
40,2,6,0.46142810583114624,0.46142810583114624,0.020062346011400223,0.0,6.265880584716797
40,2,7,0.41346287727355957,0.41346287727355957,0.019823957234621048,0.0,6.162883281707764
40,2,8,0.41418665647506714,0.41418665647506714,0.018770430237054825,0.0,6.213958740234375
40,2,9,0.4680423438549042,0.4680423438549042,0.02012699283659458,0.0,6.213353157043457
40,2,10,0.4950641989707947,0.4950641989707947,0.019966626539826393,0.0,5.9276838302612305
40,2,11,0.5335265398025513,0.5335265398025513,0.019874824211001396,0.0,6.36616849899292
40,2,12,0.38891032338142395,0.38891032338142395,0.01921890117228031,0.0,6.481296539306641
40,2,13,0.4844229817390442,0.4844229817390442,0.02058297023177147,0.0,6.367936134338379
40,2,14,0.5167611241340637,0.5167611241340637,0.019031524658203125,0.0,6.072924613952637
40,2,15,0.4434071183204651,0.4434071183204651,0.018278533592820168,0.0,6.117832183837891
40,2,16,0.4807415008544922,0.4807415008544922,0.018265729770064354,0.0,6.193563938140869
40,2,17,0.464176744222641,0.464176744222641,0.01955242082476616,0.0,6.265264987945557
40,2,18,0.4492568373680115,0.4492568373680115,0.01986996829509735,0.0,6.294344425201416
40,2,19,0.5963672399520874,0.5963672399520874,0.018760090693831444,0.0,6.2774739265441895
40,3,0,0.39417070150375366,0.39417070150375366,0.013154594227671623,0.0,6.073168754577637
40,3,1,0.3420887291431427,0.3420887291431427,0.013293038122355938,0.0,6.205672264099121
40,3,2,0.3991033434867859,0.3991033434867859,0.013325749896466732,0.0,6.299870014190674
40,3,3,0.3051588535308838,0.3051588535308838,0.01321022305637598,0.0,6.351357460021973
40,3,4,0.28736612200737,0.28736612200737,0.013010971248149872,0.0,6.367763996124268
40,3,5,0.43800991773605347,0.43800991773605347,0.013103153556585312,0.0,6.407957077026367
40,3,6,0.3776320219039917,0.3776320219039917,0.013023271225392818,0.0,6.382952690124512
40,3,7,0.19979017972946167,0.19979017972946167,0.013264797627925873,0.0,6.348674774169922
40,3,8,0.4057277739048004,0.4057277739048004,0.013325492851436138,0.0,6.228711128234863
40,3,9,0.4012948274612427,0.4012948274612427,0.012991023249924183,0.0,6.2138895988464355
40,3,10,0.3195847272872925,0.3195847272872925,0.013385221362113953,0.0,6.103833198547363
40,3,11,0.38669008016586304,0.38669008016586304,0.013178342022001743,0.0,6.194090843200684
40,3,12,0.29820582270622253,0.29820582270622253,0.013110926374793053,0.0,6.456109046936035
40,3,13,0.2499513179063797,0.2499513179063797,0.013307436369359493,0.0,6.064212799072266
40,3,14,0.18282251060009003,0.18282251060009003,0.01305057480931282,0.0,5.993741989135742
40,3,15,0.3119477927684784,0.3119477927684784,0.013057739473879337,0.0,6.432822227478027
40,3,16,0.334160178899765,0.334160178899765,0.013102846220135689,0.0,6.195801258087158
40,3,17,0.3307114541530609,0.3307114541530609,0.013072717003524303,0.0,6.410096645355225
40,3,18,0.3521314561367035,0.3521314561367035,0.01307467371225357,0.0,6.244775295257568
40,3,19,0.44221967458724976,0.44221967458724976,0.012969356030225754,0.0,6.232768535614014
40,4,0,2.0281779766082764,0.028177965432405472,0.9838933944702148,1.0,5.618817329406738
40,4,1,2.044283866882324,0.04428396001458168,0.9846921563148499,1.0,5.406855583190918
40,4,2,1.9094065427780151,-0.09059350192546844,0.984229326248169,1.0,5.528073787689209
40,4,3,1.9460327625274658,-0.05396718531847,0.9845118522644043,1.0,5.717125415802002
40,4,4,2.1495814323425293,0.14958149194717407,0.9841271042823792,1.0,5.546743869781494
40,4,5,2.188241958618164,0.1882418394088745,0.9845992922782898,1.0,5.702249526977539
40,4,6,2.0313260555267334,0.03132608160376549,0.9833874702453613,1.0,5.753105163574219
40,4,7,1.904370903968811,-0.09562907367944717,0.9847031235694885,1.0,5.581689834594727
40,4,8,2.036921262741089,0.036921337246894836,0.9847285151481628,1.0,5.795886039733887
40,4,9,1.8256702423095703,-0.1743297576904297,0.9842374920845032,1.0,5.6190009117126465
40,4,10,2.009330987930298,0.00933101773262024,0.9836534261703491,1.0,5.845033645629883
40,4,11,1.9766803979873657,-0.023319605737924576,0.9848107099533081,1.0,5.913922309875488
40,4,12,2.030806064605713,0.030806096270680428,0.9848522543907166,1.0,5.410581588745117
40,4,13,2.136219024658203,0.1362190991640091,0.9830490350723267,1.0,5.857814788818359
40,4,14,2.0044612884521484,0.004461265634745359,0.9837223887443542,1.0,5.787042617797852
40,4,15,2.0613577365875244,0.061357758939266205,0.9839051365852356,1.0,5.539170265197754
40,4,16,2.0235934257507324,0.023593435063958168,0.984032928943634,1.0,5.415189743041992
40,4,17,1.9349334239959717,-0.06506660580635071,0.9828323721885681,1.0,5.499856948852539
40,4,18,2.1043710708618164,0.10437099635601044,0.9840555191040039,1.0,5.949575424194336
40,4,19,2.068852186203003,0.06885212659835815,0.9835036993026733,1.0,5.7717814445495605
20,0,0,-0.9434166550636292,-0.9434166550636292,0.01391762588173151,0.0,5.3291521072387695
20,0,1,-0.8123652338981628,-0.8123652338981628,0.013974172994494438,0.0,5.54110050201416
20,0,2,-0.8654290437698364,-0.8654290437698364,0.014009942300617695,0.0,5.403103351593018
20,0,3,-0.7163872718811035,-0.7163872718811035,0.01382960844784975,0.0,5.62138557434082
20,0,4,-0.7230710387229919,-0.7230710387229919,0.013863086700439453,0.0,5.464416027069092
20,0,5,-0.7834995985031128,-0.7834995985031128,0.013650747016072273,0.0,5.643211364746094
20,0,6,-0.7769544124603271,-0.7769544124603271,0.013925072737038136,0.0,5.617152214050293
20,0,7,-0.8341860175132751,-0.8341860175132751,0.014127281494438648,0.0,5.401882171630859
20,0,8,-0.6986660361289978,-0.6986660361289978,0.01393721904605627,0.0,5.494501113891602
20,0,9,-0.9488022923469543,-0.9488022923469543,0.013903430663049221,0.0,5.544013023376465
20,0,10,-0.7760074734687805,-0.7760074734687805,0.013550568372011185,0.0,5.431798458099365
20,0,11,-0.8015609383583069,-0.8015609383583069,0.013818335719406605,0.0,5.509476184844971
20,0,12,-0.832798182964325,-0.832798182964325,0.013746792450547218,0.0,5.216727256774902
20,0,13,-0.8018466234207153,-0.8018466234207153,0.013873983174562454,0.0,5.658074378967285
20,0,14,-0.6977614760398865,-0.6977614760398865,0.013929272070527077,0.0,5.516320705413818
20,0,15,-0.7417581677436829,-0.7417581677436829,0.013935442082583904,0.0,5.396921157836914
20,0,16,-0.7645699977874756,-0.7645699977874756,0.013813579455018044,0.0,5.610662460327148
20,0,17,-0.6902850270271301,-0.6902850270271301,0.013991767540574074,0.0,5.636549472808838
20,0,18,-0.7871108055114746,-0.7871108055114746,0.013808228075504303,0.0,5.525355339050293
20,0,19,-0.8334211111068726,-0.8334211111068726,0.013624340295791626,0.0,5.418371200561523
20,1,0,-1.0560606718063354,-1.0560606718063354,0.01718617044389248,0.0,5.945274353027344
20,1,1,-1.0151931047439575,-1.0151931047439575,0.016822578385472298,0.0,6.015262603759766
20,1,2,-0.9863641858100891,-0.9863641858100891,0.0159439779818058,0.0,6.075303077697754
20,1,3,-1.0150080919265747,-1.0150080919265747,0.01638621650636196,0.0,6.109943389892578
20,1,4,-0.9384382963180542,-0.9384382963180542,0.016252480447292328,0.0,6.2186598777771
20,1,5,-0.9638906121253967,-0.9638906121253967,0.015626374632120132,0.0,6.1745829582214355
20,1,6,-0.9278514385223389,-0.9278514385223389,0.016002755612134933,0.0,6.126148223876953
20,1,7,-1.059425950050354,-1.059425950050354,0.018375448882579803,0.0,6.202534198760986
20,1,8,-0.8803577423095703,-0.8803577423095703,0.016301726922392845,0.0,6.017009735107422
20,1,9,-1.0399717092514038,-1.0399717092514038,0.01675800047814846,0.0,6.152127742767334
20,1,10,-0.9250228404998779,-0.9250228404998779,0.017105629667639732,0.0,6.2444610595703125
20,1,11,-0.9453866481781006,-0.9453866481781006,0.016364900395274162,0.0,6.175836563110352
20,1,12,-0.868312418460846,-0.868312418460846,0.016275370493531227,0.0,6.061971664428711
20,1,13,-1.0263553857803345,-1.0263553857803345,0.015867626294493675,0.0,5.95170259475708
20,1,14,-0.8463931679725647,-0.8463931679725647,0.015790458768606186,0.0,6.160294532775879
20,1,15,-0.9054796099662781,-0.9054796099662781,0.01684560999274254,0.0,6.214771270751953
20,1,16,-1.0137803554534912,-1.0137803554534912,0.016726437956094742,0.0,6.0095601081848145
20,1,17,-1.0785151720046997,-1.0785151720046997,0.016324201598763466,0.0,6.073237419128418
20,1,18,-0.9262514710426331,-0.9262514710426331,0.015316224656999111,0.0,6.138943195343018
20,1,19,-1.0859233140945435,-1.0859233140945435,0.01600092463195324,0.0,6.004863739013672
20,2,0,0.5097501873970032,0.5097501873970032,0.01942969299852848,0.0,6.313797950744629
20,2,1,0.5210351943969727,0.5210351943969727,0.01928451843559742,0.0,6.297517776489258
20,2,2,0.4853922724723816,0.4853922724723816,0.018560735508799553,0.0,6.462050437927246
20,2,3,0.5426222681999207,0.5426222681999207,0.018846550956368446,0.0,6.21494722366333
20,2,4,0.5087805986404419,0.5087805986404419,0.01945430226624012,0.0,6.179682731628418
20,2,5,0.5027620196342468,0.5027620196342468,0.018783288076519966,0.0,6.250853061676025
20,2,6,0.4756443500518799,0.4756443500518799,0.01965179294347763,0.0,6.401276588439941
20,2,7,0.4629339277744293,0.4629339277744293,0.018574170768260956,0.0,6.275606632232666
20,2,8,0.4662276804447174,0.4662276804447174,0.019381579011678696,0.0,6.359067916870117
20,2,9,0.47685009241104126,0.47685009241104126,0.018629979342222214,0.0,6.443905830383301
20,2,10,0.5400002002716064,0.5400002002716064,0.01879281923174858,0.0,6.033319473266602
20,2,11,0.4963400959968567,0.4963400959968567,0.019111163914203644,0.0,6.093550205230713
20,2,12,0.5028336644172668,0.5028336644172668,0.020247235894203186,0.0,6.247750282287598
20,2,13,0.509588897228241,0.509588897228241,0.018913868814706802,0.0,6.194198131561279
20,2,14,0.4909652769565582,0.4909652769565582,0.019039835780858994,0.0,6.056429862976074
20,2,15,0.4936303496360779,0.4936303496360779,0.019656147807836533,0.0,6.181049823760986
20,2,16,0.46910983324050903,0.46910983324050903,0.019115451723337173,0.0,6.215355396270752
20,2,17,0.5304826498031616,0.5304826498031616,0.018755225464701653,0.0,6.134963512420654
20,2,18,0.4710766673088074,0.4710766673088074,0.018328115344047546,0.0,6.260440349578857
20,2,19,0.4801888167858124,0.4801888167858124,0.019159790128469467,0.0,6.299858093261719
20,3,0,0.30139997601509094,0.30139997601509094,0.013015540316700935,0.0,6.159790992736816
20,3,1,0.30037009716033936,0.30037009716033936,0.013176389038562775,0.0,6.589795112609863
20,3,2,0.38006508350372314,0.38006508350372314,0.013090618886053562,0.0,6.177618980407715
20,3,3,0.3917197585105896,0.3917197585105896,0.013161616399884224,0.0,6.263440132141113
20,3,4,0.38651761412620544,0.38651761412620544,0.013258170336484909,0.0,6.45674991607666
20,3,5,0.3243740499019623,0.3243740499019623,0.013198175467550755,0.0,6.315356731414795
20,3,6,0.35318824648857117,0.35318824648857117,0.013207897543907166,0.0,6.438210487365723
20,3,7,0.35178807377815247,0.35178807377815247,0.013261726126074791,0.0,6.2662129402160645
20,3,8,0.3527074456214905,0.3527074456214905,0.013172904960811138,0.0,6.28909158706665
20,3,9,0.3882860243320465,0.3882860243320465,0.013035083189606667,0.0,6.307796478271484
20,3,10,0.3453459143638611,0.3453459143638611,0.013010358437895775,0.0,6.420307636260986
20,3,11,0.325880229473114,0.325880229473114,0.013102871365845203,0.0,6.25840950012207
20,3,12,0.3460581600666046,0.3460581600666046,0.013120790012180805,0.0,6.4493818283081055
20,3,13,0.34608086943626404,0.34608086943626404,0.013097111135721207,0.0,6.331586837768555
20,3,14,0.35674476623535156,0.35674476623535156,0.013217446394264698,0.0,6.664710998535156
20,3,15,0.35709401965141296,0.35709401965141296,0.013023284263908863,0.0,6.35242223739624
20,3,16,0.36921316385269165,0.36921316385269165,0.01326502114534378,0.0,6.471007347106934
20,3,17,0.3485434353351593,0.3485434353351593,0.013082273304462433,0.0,6.376836776733398
20,3,18,0.3529606759548187,0.3529606759548187,0.013105658814311028,0.0,6.2706780433654785
20,3,19,0.30646833777427673,0.30646833777427673,0.013134442269802094,0.0,6.488149166107178
20,4,0,2.1131083965301514,0.11310836672782898,0.9840079545974731,1.0,5.806891441345215
20,4,1,2.119957447052002,0.119957335293293,0.9832137823104858,1.0,5.535615921020508
20,4,2,2.0507705211639404,0.05077053979039192,0.9834994673728943,1.0,5.805315971374512
20,4,3,2.0012755393981934,0.0012755125062540174,0.9836865067481995,1.0,5.593122482299805
20,4,4,2.0105674266815186,0.010567321442067623,0.9839367866516113,1.0,5.466552734375
20,4,5,2.064457893371582,0.06445799767971039,0.9834516048431396,1.0,5.183304786682129
20,4,6,1.9391582012176514,-0.06084182858467102,0.9834800958633423,1.0,5.526315212249756
20,4,7,2.0569770336151123,0.05697691813111305,0.9838607311248779,1.0,5.593473434448242
20,4,8,1.99765145778656,-0.002348519628867507,0.9832764863967896,1.0,5.567539215087891
20,4,9,2.0885448455810547,0.08854472637176514,0.983604371547699,1.0,5.602964878082275
20,4,10,2.0554840564727783,0.055484019219875336,0.9838095903396606,1.0,5.779594421386719
20,4,11,2.0348663330078125,0.03486630320549011,0.9831037521362305,1.0,5.56341552734375
20,4,12,1.9680931568145752,-0.031906791031360626,0.9839979410171509,1.0,5.766696929931641
20,4,13,1.9832837581634521,-0.01671624928712845,0.9837117791175842,1.0,5.792848110198975
20,4,14,1.9352359771728516,-0.06476405262947083,0.9836154580116272,1.0,5.761828422546387
20,4,15,2.0488505363464355,0.04885045066475868,0.9835096001625061,1.0,5.677102088928223
20,4,16,2.078104257583618,0.07810419052839279,0.9844875931739807,1.0,5.535571575164795
20,4,17,2.0400757789611816,0.040075842291116714,0.9834383130073547,1.0,5.834704875946045
20,4,18,2.006882429122925,0.006882464047521353,0.9835745096206665,1.0,5.726241111755371
20,4,19,1.9950573444366455,-0.004942647181451321,0.9837349653244019,1.0,5.596582412719727
0,0,0,-0.83510822057724,-0.83510822057724,0.01397732924669981,0.0,5.328365325927734
0,0,1,-0.7967963218688965,-0.7967963218688965,0.014016966335475445,0.0,5.145484447479248
0,0,2,-0.8425285816192627,-0.8425285816192627,0.013952323235571384,0.0,5.384456634521484
0,0,3,-0.8224161863327026,-0.8224161863327026,0.013980968855321407,0.0,5.329372406005859
0,0,4,-0.8523123264312744,-0.8523123264312744,0.014001459814608097,0.0,5.349112510681152
0,0,5,-0.8016302585601807,-0.8016302585601807,0.014026939868927002,0.0,5.411416053771973
0,0,6,-0.8317916393280029,-0.8317916393280029,0.013960516080260277,0.0,5.402155876159668
0,0,7,-0.7695337533950806,-0.7695337533950806,0.013969089835882187,0.0,5.344639778137207
0,0,8,-0.7866066694259644,-0.7866066694259644,0.013928533531725407,0.0,5.386117458343506
0,0,9,-0.8065658807754517,-0.8065658807754517,0.013973633758723736,0.0,5.352169036865234
0,0,10,-0.8213380575180054,-0.8213380575180054,0.013993346132338047,0.0,5.371951580047607
0,0,11,-0.8719223141670227,-0.8719223141670227,0.01400325819849968,0.0,5.347329139709473
0,0,12,-0.7731693983078003,-0.7731693983078003,0.014021314680576324,0.0,5.395497798919678
0,0,13,-0.8019611835479736,-0.8019611835479736,0.013924308121204376,0.0,5.39682674407959
0,0,14,-0.8027107119560242,-0.8027107119560242,0.013996557332575321,0.0,5.27280330657959
0,0,15,-0.8502606749534607,-0.8502606749534607,0.013991820625960827,0.0,5.384646415710449
0,0,16,-0.8404639959335327,-0.8404639959335327,0.013972951099276543,0.0,5.4285430908203125
0,0,17,-0.8261544108390808,-0.8261544108390808,0.013986978679895401,0.0,5.372317314147949
0,0,18,-0.8137788772583008,-0.8137788772583008,0.013982598669826984,0.0,5.414696216583252
0,0,19,-0.8574272990226746,-0.8574272990226746,0.01395009458065033,0.0,5.373138427734375
0,1,0,-1.0072160959243774,-1.0072160959243774,0.01608494110405445,0.0,5.968308448791504
0,1,1,-1.0160967111587524,-1.0160967111587524,0.01597660221159458,0.0,5.992661476135254
0,1,2,-0.9981454014778137,-0.9981454014778137,0.01604887843132019,0.0,6.042080402374268
0,1,3,-1.0030137300491333,-1.0030137300491333,0.016065964475274086,0.0,6.104948997497559
0,1,4,-1.0120556354522705,-1.0120556354522705,0.016110029071569443,0.0,5.960183143615723
0,1,5,-1.0118509531021118,-1.0118509531021118,0.015974698588252068,0.0,5.9478960037231445
0,1,6,-0.9717134237289429,-0.9717134237289429,0.016113869845867157,0.0,6.017393112182617
0,1,7,-0.9794256687164307,-0.9794256687164307,0.016105888411402702,0.0,5.946742057800293
0,1,8,-1.031292200088501,-1.031292200088501,0.016212625429034233,0.0,5.981374263763428
0,1,9,-1.01253080368042,-1.01253080368042,0.01592732034623623,0.0,6.018311023712158
0,1,10,-0.9921544790267944,-0.9921544790267944,0.016020003706216812,0.0,6.059592247009277
0,1,11,-1.0443389415740967,-1.0443389415740967,0.01623513177037239,0.0,5.922813415527344
0,1,12,-1.0343562364578247,-1.0343562364578247,0.016064215451478958,0.0,5.974004745483398
0,1,13,-1.0271698236465454,-1.0271698236465454,0.015962837263941765,0.0,6.054269313812256
0,1,14,-0.9920835494995117,-0.9920835494995117,0.01587330736219883,0.0,5.998517036437988
0,1,15,-1.0035045146942139,-1.0035045146942139,0.016180366277694702,0.0,6.057711601257324
0,1,16,-0.9969366192817688,-0.9969366192817688,0.01605672761797905,0.0,6.0489420890808105
0,1,17,-1.0249314308166504,-1.0249314308166504,0.015961524099111557,0.0,5.928582191467285
0,1,18,-1.0238311290740967,-1.0238311290740967,0.01605982333421707,0.0,5.874181747436523
0,1,19,-1.0171765089035034,-1.0171765089035034,0.01608593575656414,0.0,6.00177001953125
0,2,0,0.4517836272716522,0.4517836272716522,0.019684143364429474,0.0,6.278119087219238
0,2,1,0.45650508999824524,0.45650508999824524,0.019688071683049202,0.0,6.321436882019043
0,2,2,0.4518643319606781,0.4518643319606781,0.019817020744085312,0.0,6.314270973205566
0,2,3,0.46289995312690735,0.46289995312690735,0.019592365249991417,0.0,6.305458068847656
0,2,4,0.46004247665405273,0.46004247665405273,0.019496163353323936,0.0,6.341457843780518
0,2,5,0.44486871361732483,0.44486871361732483,0.019577907398343086,0.0,6.146919250488281
0,2,6,0.4683271646499634,0.4683271646499634,0.019604869186878204,0.0,6.304508209228516
0,2,7,0.46666744351387024,0.46666744351387024,0.01963878609240055,0.0,6.235988140106201
0,2,8,0.45922040939331055,0.45922040939331055,0.019655054435133934,0.0,6.24588680267334
0,2,9,0.44331803917884827,0.44331803917884827,0.01975841633975506,0.0,6.308666229248047
0,2,10,0.44974377751350403,0.44974377751350403,0.01961522176861763,0.0,6.274923801422119
0,2,11,0.4613557755947113,0.4613557755947113,0.01960410177707672,0.0,6.276244163513184
0,2,12,0.43853336572647095,0.43853336572647095,0.019699037075042725,0.0,6.272022247314453
0,2,13,0.44110041856765747,0.44110041856765747,0.01963488943874836,0.0,6.252081871032715
0,2,14,0.44288596510887146,0.44288596510887146,0.019611943513154984,0.0,6.307064056396484
0,2,15,0.43214744329452515,0.43214744329452515,0.019815340638160706,0.0,6.283419132232666
0,2,16,0.44128698110580444,0.44128698110580444,0.01957038789987564,0.0,6.299427509307861
0,2,17,0.46047306060791016,0.46047306060791016,0.01963423192501068,0.0,6.313006401062012
0,2,18,0.4580961763858795,0.4580961763858795,0.019577093422412872,0.0,6.327564716339111
0,2,19,0.4568575322628021,0.4568575322628021,0.019772222265601158,0.0,6.248053550720215
0,3,0,0.3874320983886719,0.3874320983886719,0.013095105066895485,0.0,6.383788108825684
0,3,1,0.3689200282096863,0.3689200282096863,0.013068398460745811,0.0,6.473307132720947
0,3,2,0.4162823557853699,0.4162823557853699,0.013133124448359013,0.0,6.310286521911621
0,3,3,0.3570097088813782,0.3570097088813782,0.013075238093733788,0.0,6.3056440353393555
0,3,4,0.37092843651771545,0.37092843651771545,0.013097125105559826,0.0,6.368827819824219
0,3,5,0.3916526138782501,0.3916526138782501,0.013104616664350033,0.0,6.222606658935547
0,3,6,0.3480648994445801,0.3480648994445801,0.013031856156885624,0.0,6.318772792816162
0,3,7,0.3868103623390198,0.3868103623390198,0.013079854659736156,0.0,6.490847587585449
0,3,8,0.33887040615081787,0.33887040615081787,0.013108791783452034,0.0,6.299565315246582
0,3,9,0.40157344937324524,0.40157344937324524,0.013074907474219799,0.0,6.41473388671875
0,3,10,0.38023608922958374,0.38023608922958374,0.013083967380225658,0.0,6.331147193908691
0,3,11,0.32851845026016235,0.32851845026016235,0.013104036450386047,0.0,6.298637390136719
0,3,12,0.3605283796787262,0.3605283796787262,0.013084755279123783,0.0,6.323024749755859
0,3,13,0.41747450828552246,0.41747450828552246,0.013081597164273262,0.0,6.3922834396362305
0,3,14,0.32494527101516724,0.32494527101516724,0.01305293943732977,0.0,6.3280463218688965
0,3,15,0.3737890422344208,0.3737890422344208,0.013040788471698761,0.0,6.356122970581055
0,3,16,0.3539276421070099,0.3539276421070099,0.01309938170015812,0.0,6.3155107498168945
0,3,17,0.3703001141548157,0.3703001141548157,0.013064289465546608,0.0,6.3198699951171875
0,3,18,0.4058164358139038,0.4058164358139038,0.01309710182249546,0.0,6.361982345581055
0,3,19,0.3673027455806732,0.3673027455806732,0.013078346848487854,0.0,6.358889579772949
0,4,0,2.0763750076293945,0.07637489587068558,0.9841603636741638,1.0,5.491642951965332
0,4,1,2.0597472190856934,0.05974731966853142,0.9843376278877258,1.0,5.524265289306641
0,4,2,2.0062124729156494,0.006212362553924322,0.9841904044151306,1.0,5.362272262573242
0,4,3,2.029222011566162,0.02922205999493599,0.9842451214790344,1.0,5.495585918426514
0,4,4,2.058863401412964,0.0588633194565773,0.9843297600746155,1.0,5.493539810180664
0,4,5,2.1859169006347656,0.185916930437088,0.9842525124549866,1.0,5.546873092651367
0,4,6,2.084028720855713,0.08402860909700394,0.9843152165412903,1.0,5.484867095947266
0,4,7,2.055055618286133,0.0550556443631649,0.9842111468315125,1.0,5.569828033447266
0,4,8,2.0446159839630127,0.0446159727871418,0.9842952489852905,1.0,5.393909454345703
0,4,9,2.088170289993286,0.08817020058631897,0.9843176603317261,1.0,5.452670097351074
0,4,10,2.0667777061462402,0.06677769124507904,0.9843451380729675,1.0,5.550386905670166
0,4,11,2.0433435440063477,0.04334366321563721,0.9843162894248962,1.0,5.363378524780273
0,4,12,2.0486397743225098,0.04863986745476723,0.984231173992157,1.0,5.494930267333984
0,4,13,2.1400814056396484,0.14008142054080963,0.984233558177948,1.0,5.439250946044922
0,4,14,2.101423978805542,0.10142392665147781,0.9842506647109985,1.0,5.537344455718994
0,4,15,2.035219192504883,0.03521909937262535,0.9843114018440247,1.0,5.45073938369751
0,4,16,2.086172342300415,0.08617240190505981,0.9842180013656616,1.0,5.4648895263671875
0,4,17,2.0611934661865234,0.06119351089000702,0.9843083024024963,1.0,5.483699798583984
0,4,18,2.0140860080718994,0.014086070470511913,0.9842938780784607,1.0,5.479336738586426
0,4,19,2.1355788707733154,0.13557885587215424,0.9843109250068665,1.0,5.4183454513549805
