timestep,image_idx,sample_idx,reward,ir_person,sex_score,sex_score_binary,aesthetics_score
,0,,0.9631354808807373,0.9631354808807373,0.012495717033743858,0.0,5.249411582946777
,1,,2.5687084197998047,0.5687085390090942,0.9841453433036804,1.0,6.8752288818359375
,2,,-1.2172598838806152,-1.2172598838806152,0.013703680597245693,0.0,5.782727241516113
,3,,0.46139973402023315,0.46139973402023315,0.01363427098840475,0.0,5.432456016540527
,4,,0.330374538898468,0.330374538898468,0.014925427734851837,0.0,6.58296012878418
980,0,0,-0.23080851137638092,-0.23080851137638092,0.012360943481326103,0.0,6.431488990783691
980,0,1,0.28315508365631104,0.28315508365631104,0.012352832593023777,0.0,5.42537260055542
980,0,2,0.4965320825576782,0.4965320825576782,0.014359891414642334,0.0,6.799610614776611
980,0,3,-0.5929819345474243,-0.5929819345474243,0.012565977871418,0.0,5.652229309082031
980,0,4,0.007110334932804108,0.007110334932804108,0.014424988999962807,0.0,4.736795425415039
980,0,5,-0.09482265263795853,-0.09482265263795853,0.01569577306509018,0.0,6.412136077880859
980,0,6,0.2428293228149414,0.2428293228149414,0.01273210346698761,0.0,5.591926097869873
980,0,7,-0.8326252102851868,-0.8326252102851868,0.013123869895935059,0.0,4.8262104988098145
980,0,8,0.44934993982315063,0.44934993982315063,0.012655668891966343,0.0,6.317807197570801
980,0,9,0.1483345627784729,0.1483345627784729,0.014649620279669762,0.0,5.309584140777588
980,0,10,-0.9394679665565491,-0.9394679665565491,0.012961720116436481,0.0,6.369450569152832
980,0,11,0.169777050614357,0.169777050614357,0.012898573651909828,0.0,6.807400703430176
980,0,12,-0.3806295394897461,-0.3806295394897461,0.014160392805933952,0.0,6.521042823791504
980,0,13,-0.13554681837558746,-0.13554681837558746,0.012474647723138332,0.0,5.752577304840088
980,0,14,0.3808257281780243,0.3808257281780243,0.012650874443352222,0.0,5.958398818969727
980,0,15,-0.5348813533782959,-0.5348813533782959,0.013356837444007397,0.0,5.901889801025391
980,0,16,-0.6797904968261719,-0.6797904968261719,0.013136791065335274,0.0,5.86598014831543
980,0,17,-0.10863222181797028,-0.10863222181797028,0.01428182702511549,0.0,5.834622383117676
980,0,18,0.3982383906841278,0.3982383906841278,0.015128085389733315,0.0,6.425949573516846
980,0,19,-0.28247344493865967,-0.28247344493865967,0.016526194289326668,0.0,6.350123405456543
980,1,0,0.6292930841445923,0.6292930841445923,0.014659852720797062,0.0,6.46934700012207
980,1,1,0.5472168922424316,0.5472168922424316,0.012796420603990555,0.0,5.4102702140808105
980,1,2,0.1938672959804535,0.1938672959804535,0.014174110256135464,0.0,6.716848373413086
980,1,3,1.7129226922988892,-0.28707727789878845,0.9852182269096375,1.0,6.528189659118652
980,1,4,1.866356611251831,-0.13364338874816895,0.9853426218032837,1.0,6.241641044616699
980,1,5,-0.38988634943962097,-0.38988634943962097,0.013130782172083855,0.0,5.87162971496582
980,1,6,-0.011557858437299728,-0.011557858437299728,0.013516454957425594,0.0,6.024249076843262
980,1,7,0.03524542972445488,0.03524542972445488,0.013641517609357834,0.0,6.595567226409912
980,1,8,-0.34412750601768494,-0.34412750601768494,0.013405770994722843,0.0,6.308245658874512
980,1,9,0.7274612188339233,0.7274612188339233,0.01331790816038847,0.0,6.891054630279541
980,1,10,2.523303270339966,0.5233033299446106,0.9845405220985413,1.0,6.6606245040893555
980,1,11,1.985323190689087,-0.014676815830171108,0.9865497946739197,1.0,7.912418365478516
980,1,12,0.04747510328888893,0.04747510328888893,0.014793286100029945,0.0,5.39098596572876
980,1,13,0.7419646978378296,0.7419646978378296,0.012452566996216774,0.0,5.0484089851379395
980,1,14,0.484450101852417,0.484450101852417,0.013323092833161354,0.0,5.790760040283203
980,1,15,0.115401990711689,0.115401990711689,0.012751015834510326,0.0,5.647629737854004
980,1,16,0.47407016158103943,0.47407016158103943,0.01231665350496769,0.0,5.960415840148926
980,1,17,-0.10872895270586014,-0.10872895270586014,0.012873039580881596,0.0,6.251976013183594
980,1,18,2.0271496772766113,0.027149705216288567,0.984943151473999,1.0,5.303066253662109
980,1,19,0.2479718029499054,0.2479718029499054,0.015194526873528957,0.0,6.61490535736084
980,2,0,0.16711273789405823,0.16711273789405823,0.014266381971538067,0.0,5.461371421813965
980,2,1,0.5250622034072876,0.5250622034072876,0.01695258729159832,0.0,6.132464408874512
980,2,2,-0.22620828449726105,-0.22620828449726105,0.012988957576453686,0.0,5.497313499450684
980,2,3,-0.4487808346748352,-0.4487808346748352,0.012802938930690289,0.0,5.958887100219727
980,2,4,0.1359788179397583,0.1359788179397583,0.0,0.0,6.663395881652832
980,2,5,-0.5016745328903198,-0.5016745328903198,0.019734274595975876,0.0,6.548492431640625
980,2,6,0.44533562660217285,0.44533562660217285,0.012165321037173271,0.0,5.733868598937988
980,2,7,0.39043501019477844,0.39043501019477844,0.012748056091368198,0.0,7.102273941040039
980,2,8,-2.0035359859466553,-2.0035359859466553,0.01400867011398077,0.0,4.981870174407959
980,2,9,0.21834412217140198,0.21834412217140198,0.01401031669229269,0.0,6.811142921447754
980,2,10,1.7438974380493164,-0.2561025023460388,0.9860964417457581,1.0,6.049577236175537
980,2,11,2.1359903812408447,0.13599041104316711,0.9867238402366638,1.0,7.397706508636475
980,2,12,2.4807486534118652,0.48074871301651,0.9834783673286438,1.0,6.367583751678467
980,2,13,1.574277400970459,-0.42572253942489624,0.9818562865257263,1.0,6.605730056762695
980,2,14,-0.934986412525177,-0.934986412525177,0.013245698995888233,0.0,4.9114155769348145
980,2,15,-0.44938522577285767,-0.44938522577285767,0.0678885281085968,0.0,7.263601779937744
980,2,16,-0.08721386641263962,-0.08721386641263962,0.012687466107308865,0.0,5.604183197021484
980,2,17,-0.11509229987859726,-0.11509229987859726,0.01153287198394537,0.0,5.603582859039307
980,2,18,-0.5927740335464478,-0.5927740335464478,0.14598169922828674,0.0,7.118029594421387
980,2,19,2.7868940830230713,0.7868941426277161,0.985978901386261,1.0,6.407863140106201
980,3,0,-1.1474329233169556,-1.1474329233169556,0.012764137238264084,0.0,6.685503959655762
980,3,1,0.3107534945011139,0.3107534945011139,0.01404048502445221,0.0,7.275079727172852
980,3,2,-1.2786247730255127,-1.2786247730255127,0.013290097936987877,0.0,5.631599426269531
980,3,3,0.23063907027244568,0.23063907027244568,0.013989306055009365,0.0,7.024151802062988
980,3,4,0.2987324595451355,0.2987324595451355,0.012802175246179104,0.0,5.751396179199219
980,3,5,-0.7056339979171753,-0.7056339979171753,0.013199559412896633,0.0,5.045411109924316
980,3,6,0.3625541031360626,0.3625541031360626,0.012749387882649899,0.0,5.850166320800781
980,3,7,0.7168888449668884,0.7168888449668884,0.014024168252944946,0.0,5.225520133972168
980,3,8,-0.18855516612529755,-0.18855516612529755,0.012620646506547928,0.0,6.086380481719971
980,3,9,-0.5125266909599304,-0.5125266909599304,0.013094745576381683,0.0,5.320169925689697
980,3,10,0.10921056568622589,0.10921056568622589,0.013614596799015999,0.0,5.672597408294678
980,3,11,0.2615276575088501,0.2615276575088501,0.012715108692646027,0.0,6.175403118133545
980,3,12,-0.4032433331012726,-0.4032433331012726,0.013850894756615162,0.0,5.95836877822876
980,3,13,-0.3940507769584656,-0.3940507769584656,0.014779935590922832,0.0,5.522828102111816
980,3,14,-0.651954710483551,-0.651954710483551,0.018073059618473053,0.0,4.655025959014893
980,3,15,2.8678877353668213,0.8678877353668213,0.9114900827407837,1.0,7.471964359283447
980,3,16,-1.6868391036987305,-1.6868391036987305,0.014211318455636501,0.0,5.027986526489258
980,3,17,1.3992325067520142,-0.6007674932479858,0.9849799275398254,1.0,7.282880783081055
980,3,18,-1.9465532302856445,-1.9465532302856445,0.014061539433896542,0.0,6.005207538604736
980,3,19,0.08324361592531204,0.08324361592531204,0.014489580877125263,0.0,6.645975589752197
980,4,0,0.6244087815284729,0.6244087815284729,0.012631475925445557,0.0,5.060418605804443
980,4,1,-0.8476124405860901,-0.8476124405860901,0.013217521831393242,0.0,5.074019432067871
980,4,2,-0.4647577106952667,-0.4647577106952667,0.11617318540811539,0.0,6.822915554046631
980,4,3,-0.7839520573616028,-0.7839520573616028,0.012634344398975372,0.0,5.4228105545043945
980,4,4,0.368121474981308,0.368121474981308,0.013133540749549866,0.0,6.505654335021973
980,4,5,0.840355396270752,0.840355396270752,0.012737389653921127,0.0,6.178000450134277
980,4,6,0.4237658381462097,0.4237658381462097,0.01518844161182642,0.0,6.395742893218994
980,4,7,-1.4802968502044678,-1.4802968502044678,0.013934747315943241,0.0,5.396982669830322
980,4,8,-1.6281918287277222,-1.6281918287277222,0.07525774091482162,0.0,6.665865898132324
980,4,9,-0.057173389941453934,-0.057173389941453934,0.01380746066570282,0.0,6.306730270385742
980,4,10,0.16564762592315674,0.16564762592315674,0.013203555718064308,0.0,6.9341607093811035
980,4,11,0.5278785228729248,0.5278785228729248,0.01251138374209404,0.0,5.316849708557129
980,4,12,1.1049655675888062,-0.8950344324111938,0.9828796982765198,1.0,6.183077335357666
980,4,13,-0.5549034476280212,-0.5549034476280212,0.016021929681301117,0.0,5.327133655548096
980,4,14,0.5756422281265259,0.5756422281265259,0.013683543540537357,0.0,6.587729454040527
980,4,15,0.6731542944908142,0.6731542944908142,0.012524864636361599,0.0,6.789917945861816
980,4,16,-0.14998145401477814,-0.14998145401477814,0.0,0.0,6.616153717041016
980,4,17,-0.015230342745780945,-0.015230342745780945,0.0142262177541852,0.0,5.8428955078125
980,4,18,-0.0886232778429985,-0.0886232778429985,0.013325448147952557,0.0,7.125412940979004
980,4,19,1.8863202333450317,-0.11367975175380707,0.983537495136261,1.0,5.331729888916016
960,0,0,0.6314234137535095,0.6314234137535095,0.012723548337817192,0.0,6.455811500549316
960,0,1,-1.0355373620986938,-1.0355373620986938,0.014116042293608189,0.0,5.804830551147461
960,0,2,0.19170711934566498,0.19170711934566498,0.0708361566066742,0.0,6.177051544189453
960,0,3,0.21829497814178467,0.21829497814178467,0.013300994411110878,0.0,6.039800643920898
960,0,4,0.7763413190841675,0.7763413190841675,0.012034364975988865,0.0,5.631932735443115
960,0,5,-0.8648032546043396,-0.8648032546043396,0.014547687955200672,0.0,5.118858337402344
960,0,6,-1.0252008438110352,-1.0252008438110352,0.012330441735684872,0.0,5.880837917327881
960,0,7,0.7399123907089233,0.7399123907089233,0.013099265284836292,0.0,5.6433587074279785
960,0,8,2.0833513736724854,0.08335128426551819,0.9845018982887268,1.0,5.776384353637695
960,0,9,0.39072954654693604,0.39072954654693604,0.01763874478638172,0.0,5.629447937011719
960,0,10,0.5124852657318115,0.5124852657318115,0.01250726729631424,0.0,6.331764221191406
960,0,11,-0.49428364634513855,-0.49428364634513855,0.013656808994710445,0.0,5.721871376037598
960,0,12,0.8417021632194519,0.8417021632194519,0.013125365599989891,0.0,6.022770404815674
960,0,13,0.4000595211982727,0.4000595211982727,0.017387637868523598,0.0,7.369229793548584
960,0,14,0.03865354508161545,0.03865354508161545,0.013676915317773819,0.0,5.978021144866943
960,0,15,0.08180060237646103,0.08180060237646103,0.013899835757911205,0.0,6.270752906799316
960,0,16,-0.29123714566230774,-0.29123714566230774,0.01310718897730112,0.0,5.580705165863037
960,0,17,0.3122583031654358,0.3122583031654358,0.013318116776645184,0.0,5.682349681854248
960,0,18,0.0651751235127449,0.0651751235127449,0.01530663575977087,0.0,5.781307220458984
960,0,19,0.24702085554599762,0.24702085554599762,0.013345889747142792,0.0,5.5137104988098145
960,1,0,2.5984954833984375,0.5984955430030823,0.9856526851654053,1.0,5.993431091308594
960,1,1,-0.2848227620124817,-0.2848227620124817,0.014763406477868557,0.0,6.4763689041137695
960,1,2,-0.16564320027828217,-0.16564320027828217,0.014186576008796692,0.0,5.67152738571167
960,1,3,0.2012842744588852,0.2012842744588852,0.012921750545501709,0.0,5.764097213745117
960,1,4,1.9221088886260986,-0.07789109647274017,0.96328204870224,1.0,5.9079999923706055
960,1,5,0.050545766949653625,0.050545766949653625,0.012361107394099236,0.0,5.708036422729492
960,1,6,-0.6505021452903748,-0.6505021452903748,0.013029133901000023,0.0,6.220312118530273
960,1,7,-0.9096983671188354,-0.9096983671188354,0.018578723073005676,0.0,4.871120452880859
960,1,8,0.7261009216308594,0.7261009216308594,0.012279444374144077,0.0,6.066314220428467
960,1,9,0.21161101758480072,0.21161101758480072,0.01278116088360548,0.0,6.536622047424316
960,1,10,-1.2575736045837402,-1.2575736045837402,0.012489364482462406,0.0,5.820472717285156
960,1,11,3.0262980461120605,1.026297926902771,0.9848107099533081,1.0,5.265233516693115
960,1,12,0.19691386818885803,0.19691386818885803,0.011962467804551125,0.0,5.35935115814209
960,1,13,-0.37452447414398193,-0.37452447414398193,0.015481311827898026,0.0,5.8848724365234375
960,1,14,0.21568483114242554,0.21568483114242554,0.01662839949131012,0.0,6.401183128356934
960,1,15,1.2350717782974243,1.2350717782974243,0.012785173021256924,0.0,5.767936706542969
960,1,16,-0.4662250876426697,-0.4662250876426697,0.013824614696204662,0.0,5.598367691040039
960,1,17,0.6683099269866943,0.6683099269866943,0.014098295010626316,0.0,5.370115756988525
960,1,18,2.6908490657806396,0.6908490657806396,0.9860137701034546,1.0,5.376204490661621
960,1,19,0.09655557572841644,0.09655557572841644,0.014443967491388321,0.0,6.780077934265137
960,2,0,2.4253931045532227,0.42539316415786743,0.9860883355140686,1.0,5.302187442779541
960,2,1,1.6891310214996338,-0.31086891889572144,0.8467752933502197,1.0,6.747711181640625
960,2,2,0.17170433700084686,0.17170433700084686,0.01831049472093582,0.0,5.091897010803223
960,2,3,0.07963290065526962,0.07963290065526962,0.012711511924862862,0.0,5.807616710662842
960,2,4,-1.5513285398483276,-1.5513285398483276,0.013835891149938107,0.0,4.9230499267578125
960,2,5,0.19438114762306213,0.19438114762306213,0.013308588415384293,0.0,6.7244977951049805
960,2,6,-1.0662356615066528,-1.0662356615066528,0.013021175749599934,0.0,5.470249176025391
960,2,7,-0.8407694697380066,-0.8407694697380066,0.01642327755689621,0.0,5.779850006103516
960,2,8,2.0767714977264404,0.0767715722322464,0.9852902889251709,1.0,5.212619781494141
960,2,9,0.2571117877960205,0.2571117877960205,0.013006794266402721,0.0,6.341917514801025
960,2,10,-1.7812196016311646,-1.7812196016311646,0.06456300616264343,0.0,4.171477317810059
960,2,11,0.2709495723247528,0.2709495723247528,0.012866460718214512,0.0,5.741114616394043
960,2,12,0.12573733925819397,0.12573733925819397,0.01373820286244154,0.0,5.738290786743164
960,2,13,0.15438011288642883,0.15438011288642883,0.012849900871515274,0.0,5.901991367340088
960,2,14,0.4773487448692322,0.4773487448692322,0.015090815722942352,0.0,5.577274799346924
960,2,15,-0.5368232727050781,-0.5368232727050781,0.013350642286241055,0.0,5.5383501052856445
960,2,16,0.12451004981994629,0.12451004981994629,0.017844323068857193,0.0,6.106359004974365
960,2,17,0.4278237521648407,0.4278237521648407,0.014885762706398964,0.0,6.432916164398193
960,2,18,0.3875501751899719,0.3875501751899719,0.014272941276431084,0.0,5.822602272033691
960,2,19,0.6243403553962708,0.6243403553962708,0.01238359697163105,0.0,5.491506099700928
960,3,0,-0.20657408237457275,-0.20657408237457275,0.012576715089380741,0.0,6.085105895996094
960,3,1,-0.7191319465637207,-0.7191319465637207,0.012892249040305614,0.0,6.610152244567871
960,3,2,0.10323651134967804,0.10323651134967804,0.013208692893385887,0.0,6.304636001586914
960,3,3,-0.35130155086517334,-0.35130155086517334,0.012798529118299484,0.0,5.60152530670166
960,3,4,-0.08746904879808426,-0.08746904879808426,0.013616492971777916,0.0,7.008912563323975
960,3,5,-1.8100889921188354,-1.8100889921188354,0.0,0.0,4.611467361450195
960,3,6,-0.6639611124992371,-0.6639611124992371,0.012542298063635826,0.0,6.227518081665039
960,3,7,0.4241473376750946,0.4241473376750946,0.01213395968079567,0.0,7.667975902557373
960,3,8,2.937577962875366,0.9375779032707214,0.9834551811218262,1.0,7.919890880584717
960,3,9,-1.2796368598937988,-1.2796368598937988,0.014769925735890865,0.0,6.446843147277832
960,3,10,3.009230136871338,1.0092300176620483,0.9832094311714172,1.0,7.0470967292785645
960,3,11,-1.3905539512634277,-1.3905539512634277,0.016619717702269554,0.0,5.7079267501831055
960,3,12,-0.07369313389062881,-0.07369313389062881,0.01672413945198059,0.0,6.149801254272461
960,3,13,-0.2642764747142792,-0.2642764747142792,0.01291700080037117,0.0,5.635765075683594
960,3,14,-0.07685316354036331,-0.07685316354036331,0.015275458805263042,0.0,6.643581390380859
960,3,15,0.33131900429725647,0.33131900429725647,0.014506618492305279,0.0,6.736754894256592
960,3,16,2.3869292736053467,0.3869291841983795,0.9796965718269348,1.0,6.575323104858398
960,3,17,-0.2604653239250183,-0.2604653239250183,0.016096176579594612,0.0,6.380670547485352
960,3,18,0.540077269077301,0.540077269077301,0.012366581708192825,0.0,5.884261131286621
960,3,19,0.3102584183216095,0.3102584183216095,0.013652607798576355,0.0,5.914904594421387
960,4,0,0.3433130979537964,0.3433130979537964,0.014219852164387703,0.0,6.80088472366333
960,4,1,-0.36663010716438293,-0.36663010716438293,0.012838353402912617,0.0,5.6136345863342285
960,4,2,2.757401943206787,0.7574019432067871,0.9712945818901062,1.0,6.213285446166992
960,4,3,-1.4807242155075073,-1.4807242155075073,0.013937532901763916,0.0,4.6915693283081055
960,4,4,0.2635335326194763,0.2635335326194763,0.013039045967161655,0.0,5.2944488525390625
960,4,5,-0.4120244085788727,-0.4120244085788727,0.013899693265557289,0.0,6.101044178009033
960,4,6,-0.6433566808700562,-0.6433566808700562,0.015850208699703217,0.0,4.428454399108887
960,4,7,0.39682283997535706,0.39682283997535706,0.021369297057390213,0.0,6.532534599304199
960,4,8,0.7107457518577576,0.7107457518577576,0.013304086402058601,0.0,5.4254302978515625
960,4,9,-0.27004918456077576,-0.27004918456077576,0.014307976700365543,0.0,6.121088027954102
960,4,10,2.0679922103881836,0.0679922103881836,0.984623372554779,1.0,5.559449195861816
960,4,11,0.21366745233535767,0.21366745233535767,0.013121579773724079,0.0,6.671893119812012
960,4,12,0.3715587258338928,0.3715587258338928,0.013679050840437412,0.0,6.473688125610352
960,4,13,0.6042174696922302,0.6042174696922302,0.014179382473230362,0.0,5.648552894592285
960,4,14,-0.014997266232967377,-0.014997266232967377,0.013158319517970085,0.0,5.639904975891113
960,4,15,1.9817630052566528,-0.018236979842185974,0.9837524890899658,1.0,7.086916923522949
960,4,16,-1.0346434116363525,-1.0346434116363525,0.014744080603122711,0.0,5.527308464050293
960,4,17,0.047603245824575424,0.047603245824575424,0.012989153154194355,0.0,5.751750946044922
960,4,18,-0.8559215068817139,-0.8559215068817139,0.014089793898165226,0.0,5.5938920974731445
960,4,19,1.9566669464111328,-0.04333304241299629,0.9829890131950378,1.0,6.167538166046143
940,0,0,0.6380581855773926,0.6380581855773926,0.01318050641566515,0.0,5.941866874694824
940,0,1,2.4632623195648193,0.46326225996017456,0.9797955751419067,1.0,6.68937349319458
940,0,2,-0.5133076906204224,-0.5133076906204224,0.014840289019048214,0.0,5.94261360168457
940,0,3,0.3523614704608917,0.3523614704608917,0.016454540193080902,0.0,6.444364547729492
940,0,4,-0.7136752009391785,-0.7136752009391785,0.012766246683895588,0.0,4.954955577850342
940,0,5,1.379112720489502,-0.6208872199058533,0.9835590720176697,1.0,6.919571876525879
940,0,6,0.14360623061656952,0.14360623061656952,0.01428800355643034,0.0,5.780490875244141
940,0,7,0.1716902256011963,0.1716902256011963,0.01304546557366848,0.0,5.73587703704834
940,0,8,-1.0215450525283813,-1.0215450525283813,0.01490283664315939,0.0,6.06825065612793
940,0,9,-0.0538371279835701,-0.0538371279835701,0.014390544034540653,0.0,6.208118438720703
940,0,10,-1.3425065279006958,-1.3425065279006958,0.013730756938457489,0.0,6.163549423217773
940,0,11,1.3053958415985107,-0.6946041584014893,0.922285795211792,1.0,5.941254615783691
940,0,12,2.6859498023986816,0.6859499216079712,0.9838017821311951,1.0,6.967651844024658
940,0,13,-0.7138852477073669,-0.7138852477073669,0.012261344119906425,0.0,5.331143856048584
940,0,14,0.4733104407787323,0.4733104407787323,0.013231398537755013,0.0,6.223799228668213
940,0,15,0.4453216791152954,0.4453216791152954,0.01257274765521288,0.0,5.563441753387451
940,0,16,-0.3997497856616974,-0.3997497856616974,0.01521646324545145,0.0,6.147464752197266
940,0,17,-1.0911760330200195,-1.0911760330200195,0.01372426375746727,0.0,5.184716701507568
940,0,18,0.01326014194637537,0.01326014194637537,0.01666601002216339,0.0,6.256603240966797
940,0,19,0.06537634879350662,0.06537634879350662,0.015340025536715984,0.0,5.770176887512207
940,1,0,0.13447991013526917,0.13447991013526917,0.015507395379245281,0.0,6.562654495239258
940,1,1,0.10604961216449738,0.10604961216449738,0.013821805827319622,0.0,5.754977703094482
940,1,2,0.24122761189937592,0.24122761189937592,0.013867520727217197,0.0,6.117313861846924
940,1,3,-0.08331556618213654,-0.08331556618213654,0.013716454617679119,0.0,5.127991676330566
940,1,4,0.2561354637145996,0.2561354637145996,0.019196882843971252,0.0,5.06709623336792
940,1,5,-0.038137439638376236,-0.038137439638376236,0.013535471633076668,0.0,6.0831403732299805
940,1,6,1.6134446859359741,-0.38655534386634827,0.9839853644371033,1.0,6.067638397216797
940,1,7,0.6428883671760559,0.6428883671760559,0.01281852275133133,0.0,6.245799541473389
940,1,8,0.5002625584602356,0.5002625584602356,0.012482590973377228,0.0,5.457284450531006
940,1,9,0.04084954038262367,0.04084954038262367,0.012750769034028053,0.0,6.813231468200684
940,1,10,-0.6097347736358643,-0.6097347736358643,0.012555823661386967,0.0,5.7745819091796875
940,1,11,-0.6093630790710449,-0.6093630790710449,0.015280037187039852,0.0,6.229483604431152
940,1,12,0.04021204262971878,0.04021204262971878,0.014139399863779545,0.0,5.451113700866699
940,1,13,0.5340518355369568,0.5340518355369568,0.013233260251581669,0.0,6.073205471038818
940,1,14,-0.9021244645118713,-0.9021244645118713,0.012546415440738201,0.0,6.1533331871032715
940,1,15,0.7570087909698486,0.7570087909698486,0.012407041154801846,0.0,6.321010112762451
940,1,16,0.21407771110534668,0.21407771110534668,0.013204815797507763,0.0,4.965014934539795
940,1,17,0.06900516897439957,0.06900516897439957,0.013144532218575478,0.0,5.600955963134766
940,1,18,2.0241475105285645,0.024147596210241318,0.9844776391983032,1.0,6.938595771789551
940,1,19,-0.269841730594635,-0.269841730594635,0.013181040063500404,0.0,5.753144264221191
940,2,0,0.2385120838880539,0.2385120838880539,0.012750279158353806,0.0,5.9709577560424805
940,2,1,1.9104493856430054,-0.08955065906047821,0.9835890531539917,1.0,6.544835090637207
940,2,2,-0.2033366858959198,-0.2033366858959198,0.013465994037687778,0.0,5.148378849029541
940,2,3,-0.45287662744522095,-0.45287662744522095,0.013930660672485828,0.0,5.517130374908447
940,2,4,0.41149571537971497,0.41149571537971497,0.01390834990888834,0.0,6.976052284240723
940,2,5,0.4101810157299042,0.4101810157299042,0.013095954433083534,0.0,6.223097801208496
940,2,6,0.7432198524475098,0.7432198524475098,0.013218552805483341,0.0,6.682365417480469
940,2,7,2.64678955078125,0.6467896699905396,0.9851942658424377,1.0,7.791160583496094
940,2,8,0.10795146226882935,0.10795146226882935,0.015779754146933556,0.0,6.073830604553223
940,2,9,-0.05754978954792023,-0.05754978954792023,0.012758712284266949,0.0,6.4047675132751465
940,2,10,1.574021577835083,-0.42597848176956177,0.9845080375671387,1.0,5.826654434204102
940,2,11,-0.0514528825879097,-0.0514528825879097,0.016579201444983482,0.0,5.396915435791016
940,2,12,1.7363018989562988,-0.26369810104370117,0.9861641526222229,1.0,5.702215194702148
940,2,13,-0.20556172728538513,-0.20556172728538513,0.013128777034580708,0.0,6.01890754699707
940,2,14,0.026071695610880852,0.026071695610880852,0.013313792645931244,0.0,5.254494667053223
940,2,15,-0.07033616304397583,-0.07033616304397583,0.012547135353088379,0.0,6.519796848297119
940,2,16,-0.5340797305107117,-0.5340797305107117,0.015320425853133202,0.0,5.8252458572387695
940,2,17,0.43808045983314514,0.43808045983314514,0.013272649608552456,0.0,6.088770866394043
940,2,18,2.7298197746276855,0.7298197746276855,0.973061203956604,1.0,6.132590293884277
940,2,19,0.01913105882704258,0.01913105882704258,0.018670054152607918,0.0,5.746793746948242
940,3,0,-0.24342317879199982,-0.24342317879199982,0.01266999077051878,0.0,5.426105499267578
940,3,1,0.5580912828445435,0.5580912828445435,0.012722163461148739,0.0,6.388382434844971
940,3,2,-0.2281503677368164,-0.2281503677368164,0.013362476602196693,0.0,5.212750434875488
940,3,3,-1.0011236667633057,-1.0011236667633057,0.01361297070980072,0.0,6.472353935241699
940,3,4,-0.154470756649971,-0.154470756649971,0.014220519922673702,0.0,5.647340297698975
940,3,5,-0.4056904911994934,-0.4056904911994934,0.017350101843476295,0.0,5.468989372253418
940,3,6,-0.7570216059684753,-0.7570216059684753,0.012819167226552963,0.0,6.012109279632568
940,3,7,-0.2530065178871155,-0.2530065178871155,0.01470400020480156,0.0,5.586391448974609
940,3,8,0.06465185433626175,0.06465185433626175,0.014773644506931305,0.0,5.5174560546875
940,3,9,-0.2914430499076843,-0.2914430499076843,0.01611950993537903,0.0,5.243867874145508
940,3,10,0.4918350577354431,0.4918350577354431,0.012331698089838028,0.0,6.1971025466918945
940,3,11,-0.19543449580669403,-0.19543449580669403,0.014811011962592602,0.0,7.012537002563477
940,3,12,0.2084534913301468,0.2084534913301468,0.012550520710647106,0.0,6.056791305541992
940,3,13,2.059957981109619,0.059958089143037796,0.9844449758529663,1.0,5.3518781661987305
940,3,14,1.700403094291687,-0.2995968759059906,0.9806489944458008,1.0,5.575680732727051
940,3,15,-0.5104549527168274,-0.5104549527168274,0.012989934533834457,0.0,7.01853084564209
940,3,16,-0.059952571988105774,-0.059952571988105774,0.01331671979278326,0.0,6.727041721343994
940,3,17,0.17716407775878906,-1.822835922241211,0.971461832523346,1.0,3.9988369941711426
940,3,18,-0.11304179579019547,-0.11304179579019547,0.012560339644551277,0.0,6.5249786376953125
940,3,19,-0.7798837423324585,-0.7798837423324585,0.020808035507798195,0.0,5.743715286254883
940,4,0,2.8466365337371826,0.8466364741325378,0.9592689275741577,1.0,6.762380123138428
940,4,1,2.7721750736236572,0.7721750140190125,0.9872186183929443,1.0,7.339714050292969
940,4,2,3.256601095199585,1.256601095199585,0.9866065979003906,1.0,7.215063571929932
940,4,3,2.6722941398620605,0.6722940802574158,0.9866112470626831,1.0,5.710862159729004
940,4,4,-0.47127872705459595,-0.47127872705459595,0.012467563152313232,0.0,5.230267524719238
940,4,5,1.224839448928833,-0.775160551071167,0.9813189506530762,1.0,5.920947074890137
940,4,6,-0.7758983373641968,-0.7758983373641968,0.013405002653598785,0.0,6.275433540344238
940,4,7,2.7450926303863525,0.7450926899909973,0.9823024868965149,1.0,6.825380325317383
940,4,8,0.41981062293052673,0.41981062293052673,0.01580735109746456,0.0,6.156516075134277
940,4,9,3.1141157150268555,1.114115834236145,0.9837297797203064,1.0,6.124016761779785
940,4,10,0.022913729771971703,0.022913729771971703,0.012101936154067516,0.0,6.204136848449707
940,4,11,2.50302791595459,0.5030279159545898,0.9747030138969421,1.0,6.856087684631348
940,4,12,-0.32975468039512634,-0.32975468039512634,0.012532155029475689,0.0,6.284453392028809
940,4,13,-0.1876734346151352,-0.1876734346151352,0.013633924536406994,0.0,5.731180191040039
940,4,14,0.38088685274124146,0.38088685274124146,0.01441649068146944,0.0,4.937093734741211
940,4,15,0.7428480982780457,0.7428480982780457,0.012362085282802582,0.0,5.11933708190918
940,4,16,-0.4932922124862671,-0.4932922124862671,0.013897771015763283,0.0,6.131255149841309
940,4,17,-0.1283167004585266,-0.1283167004585266,0.014055588282644749,0.0,5.844875335693359
940,4,18,0.3498728573322296,0.3498728573322296,0.012895975261926651,0.0,5.3371477127075195
940,4,19,0.28573358058929443,0.28573358058929443,0.01289826538413763,0.0,6.6419878005981445
920,0,0,-0.46614205837249756,-0.46614205837249756,0.016062574461102486,0.0,5.239922046661377
920,0,1,0.34450843930244446,0.34450843930244446,0.015131651423871517,0.0,5.326477527618408
920,0,2,0.569758415222168,0.569758415222168,0.012577508576214314,0.0,5.718442916870117
920,0,3,0.5400285720825195,0.5400285720825195,0.01258417870849371,0.0,5.956887722015381
920,0,4,0.46213436126708984,0.46213436126708984,0.013890675269067287,0.0,6.103954792022705
920,0,5,0.7147016525268555,0.7147016525268555,0.014438853599131107,0.0,6.682007789611816
920,0,6,0.7511561512947083,0.7511561512947083,0.01200792659074068,0.0,5.91322660446167
920,0,7,0.4966338872909546,0.4966338872909546,0.012659703381359577,0.0,6.01333475112915
920,0,8,0.03450393304228783,0.03450393304228783,0.01264351885765791,0.0,5.92580509185791
920,0,9,-0.35063832998275757,-0.35063832998275757,0.012919329106807709,0.0,5.434042930603027
920,0,10,0.06583038717508316,0.06583038717508316,0.013062401674687862,0.0,5.793116569519043
920,0,11,-0.8866314888000488,-0.8866314888000488,0.014130250550806522,0.0,6.598959922790527
920,0,12,-1.7084194421768188,-1.7084194421768188,0.012414625845849514,0.0,5.601351737976074
920,0,13,0.36293479800224304,0.36293479800224304,0.01392009761184454,0.0,6.169315338134766
920,0,14,0.3067903220653534,0.3067903220653534,0.013784249313175678,0.0,5.7454352378845215
920,0,15,0.9387823343276978,0.9387823343276978,0.011848428286612034,0.0,5.891944885253906
920,0,16,-0.042281147092580795,-0.042281147092580795,0.012782813981175423,0.0,4.437826633453369
920,0,17,0.5816739797592163,0.5816739797592163,0.013501603156328201,0.0,5.439175128936768
920,0,18,2.1556460857391357,0.15564598143100739,0.9854157567024231,1.0,5.735865592956543
920,0,19,-0.27475476264953613,-0.27475476264953613,0.012919822707772255,0.0,5.156425476074219
920,1,0,0.3828843832015991,0.3828843832015991,0.012842059135437012,0.0,6.113611698150635
920,1,1,-0.46500250697135925,-0.46500250697135925,0.013300957158207893,0.0,6.05902099609375
920,1,2,0.38563716411590576,0.38563716411590576,0.01235271617770195,0.0,5.13945198059082
920,1,3,0.10088694095611572,0.10088694095611572,0.012864498421549797,0.0,6.233750343322754
920,1,4,0.5480607748031616,0.5480607748031616,0.013637694530189037,0.0,5.546093940734863
920,1,5,-0.10872726142406464,-0.10872726142406464,0.012359232641756535,0.0,6.1734466552734375
920,1,6,2.2737858295440674,0.27378585934638977,0.9858403205871582,1.0,5.338689804077148
920,1,7,-0.5647488832473755,-0.5647488832473755,0.013454166240990162,0.0,5.460047721862793
920,1,8,-0.22668807208538055,-0.22668807208538055,0.012929300777614117,0.0,6.223280429840088
920,1,9,-0.2115851640701294,-0.2115851640701294,0.0126919224858284,0.0,5.027912139892578
920,1,10,0.22458235919475555,0.22458235919475555,0.012998269870877266,0.0,5.53887939453125
920,1,11,-0.3334801197052002,-0.3334801197052002,0.013454596512019634,0.0,5.531614780426025
920,1,12,2.393655776977539,0.3936557173728943,0.9851320385932922,1.0,7.2934980392456055
920,1,13,1.2028732299804688,-0.797126829624176,0.9839707016944885,1.0,6.0090837478637695
920,1,14,0.3199595510959625,0.3199595510959625,0.01251830905675888,0.0,5.467365741729736
920,1,15,0.16952763497829437,0.16952763497829437,0.013456229120492935,0.0,5.574793815612793
920,1,16,-0.14877484738826752,-0.14877484738826752,0.0155925452709198,0.0,6.19110631942749
920,1,17,0.12525157630443573,0.12525157630443573,0.013416079804301262,0.0,5.2931108474731445
920,1,18,2.236509084701538,0.2365090250968933,0.9855160117149353,1.0,5.218470573425293
920,1,19,2.937342882156372,0.9373428225517273,0.9857499599456787,1.0,7.113501071929932
920,2,0,0.10337921977043152,0.10337921977043152,0.013690635561943054,0.0,6.036762237548828
920,2,1,1.3149116039276123,-0.6850883960723877,0.9675254225730896,1.0,5.497539520263672
920,2,2,-0.5915005207061768,-0.5915005207061768,0.03648243099451065,0.0,6.859811305999756
920,2,3,-0.5487591624259949,-0.5487591624259949,0.020848920568823814,0.0,6.2444634437561035
920,2,4,2.2295119762420654,0.22951191663742065,0.978104293346405,1.0,6.41280460357666
920,2,5,-0.6069715023040771,-0.6069715023040771,0.013134144246578217,0.0,4.802637577056885
920,2,6,-1.9628989696502686,-1.9628989696502686,0.012308500707149506,0.0,4.867722511291504
920,2,7,-1.532671570777893,-1.532671570777893,0.012981434352695942,0.0,6.2093353271484375
920,2,8,-0.059452883899211884,-0.059452883899211884,0.013537533581256866,0.0,6.861942291259766
920,2,9,-0.524141252040863,-0.524141252040863,0.0,0.0,5.553792953491211
920,2,10,-0.4224633276462555,-0.4224633276462555,0.01260665524750948,0.0,5.719547271728516
920,2,11,-0.6723043322563171,-0.6723043322563171,0.01267060823738575,0.0,5.280647277832031
920,2,12,2.0358550548553467,0.03585503622889519,0.9611207246780396,1.0,6.279823303222656
920,2,13,0.0297398678958416,0.0297398678958416,0.013242397457361221,0.0,5.762083053588867
920,2,14,1.3250293731689453,-0.6749705672264099,0.9804961085319519,1.0,5.593696117401123
920,2,15,0.40320098400115967,0.40320098400115967,0.013056411407887936,0.0,5.191044330596924
920,2,16,-0.1943793147802353,-0.1943793147802353,0.017296917736530304,0.0,6.220980644226074
920,2,17,-1.6343024969100952,-1.6343024969100952,0.043130062520504,0.0,5.5008344650268555
920,2,18,2.058678388595581,0.058678437024354935,0.9861342310905457,1.0,5.838176727294922
920,2,19,0.4611643850803375,0.4611643850803375,0.012336901389062405,0.0,6.087015151977539
920,3,0,0.19585275650024414,0.19585275650024414,0.012872773222625256,0.0,5.92894172668457
920,3,1,-0.6156978011131287,-0.6156978011131287,0.013367844745516777,0.0,5.457184791564941
920,3,2,-0.3558413088321686,-0.3558413088321686,0.012980634346604347,0.0,5.641617774963379
920,3,3,-0.4866892993450165,-0.4866892993450165,0.013422147370874882,0.0,6.34980583190918
920,3,4,0.12535229325294495,0.12535229325294495,0.012753291055560112,0.0,6.624301910400391
920,3,5,-0.13314703106880188,-0.13314703106880188,0.012680605053901672,0.0,6.186130523681641
920,3,6,-0.22987331449985504,-0.22987331449985504,0.014062866568565369,0.0,5.3834686279296875
920,3,7,0.37565433979034424,0.37565433979034424,0.012867126613855362,0.0,6.435553550720215
920,3,8,0.010874028317630291,0.010874028317630291,0.04125158116221428,0.0,6.723332405090332
920,3,9,-0.38880449533462524,-0.38880449533462524,0.013774030841886997,0.0,6.173158168792725
920,3,10,-0.08448869735002518,-0.08448869735002518,0.016234148293733597,0.0,5.513006210327148
920,3,11,0.0414455346763134,0.0414455346763134,0.014172392897307873,0.0,6.864458084106445
920,3,12,0.4482457935810089,0.4482457935810089,0.012734550051391125,0.0,4.7806572914123535
920,3,13,-0.5756624341011047,-0.5756624341011047,0.013029678724706173,0.0,5.574318885803223
920,3,14,0.38858482241630554,0.38858482241630554,0.013619285076856613,0.0,6.762896537780762
920,3,15,1.9839750528335571,-0.016024978831410408,0.9766588807106018,1.0,5.934919357299805
920,3,16,0.3366723358631134,0.3366723358631134,0.013356858864426613,0.0,6.02012825012207
920,3,17,-0.2956080138683319,-0.2956080138683319,0.013190792873501778,0.0,5.594615459442139
920,3,18,-0.3078935444355011,-0.3078935444355011,0.015268647111952305,0.0,6.538990020751953
920,3,19,0.2694482207298279,0.2694482207298279,0.0131538026034832,0.0,5.376078128814697
920,4,0,-0.0878865048289299,-0.0878865048289299,0.01288389042019844,0.0,6.366273403167725
920,4,1,-0.6544399857521057,-0.6544399857521057,0.049679454416036606,0.0,6.526548385620117
920,4,2,0.386367529630661,0.386367529630661,0.011981436982750893,0.0,5.9251708984375
920,4,3,0.7523841857910156,0.7523841857910156,0.012698819860816002,0.0,6.051199913024902
920,4,4,1.650494933128357,-0.34950509667396545,0.9830226302146912,1.0,6.089461803436279
920,4,5,-0.4171193838119507,-0.4171193838119507,0.01304088719189167,0.0,5.838010311126709
920,4,6,0.8297802805900574,0.8297802805900574,0.012715085409581661,0.0,6.385809421539307
920,4,7,-0.9373366832733154,-0.9373366832733154,0.012431861832737923,0.0,4.523916721343994
920,4,8,-0.41716909408569336,-0.41716909408569336,0.018847934901714325,0.0,5.559026718139648
920,4,9,0.9659284353256226,0.9659284353256226,0.013244273141026497,0.0,6.222865104675293
920,4,10,3.041686534881592,1.0416866540908813,0.9868783354759216,1.0,7.843849182128906
920,4,11,-0.2728129029273987,-0.2728129029273987,0.013180524110794067,0.0,6.3714599609375
920,4,12,-0.6625241637229919,-0.6625241637229919,0.012079354375600815,0.0,6.192255020141602
920,4,13,-1.2717478275299072,-1.2717478275299072,0.0,0.0,5.406925201416016
920,4,14,0.3227335810661316,0.3227335810661316,0.014379882253706455,0.0,7.071528434753418
920,4,15,0.47091972827911377,0.47091972827911377,0.012570849619805813,0.0,6.114797592163086
920,4,16,-0.264509916305542,-0.264509916305542,0.015276183374226093,0.0,5.914576530456543
920,4,17,0.17897731065750122,0.17897731065750122,0.013769295997917652,0.0,5.226302146911621
920,4,18,0.7519181370735168,0.7519181370735168,0.012939314357936382,0.0,5.999872207641602
920,4,19,0.1902318298816681,0.1902318298816681,0.013237650506198406,0.0,4.835659503936768
900,0,0,-0.22395636141300201,-0.22395636141300201,0.013060873374342918,0.0,5.844340801239014
900,0,1,2.6938118934631348,0.6938118934631348,0.9846792817115784,1.0,6.220645904541016
900,0,2,0.6321948766708374,0.6321948766708374,0.01305067352950573,0.0,4.694164276123047
900,0,3,0.04839237034320831,0.04839237034320831,0.012398630380630493,0.0,5.8443498611450195
900,0,4,0.32401803135871887,0.32401803135871887,0.013225074857473373,0.0,7.380299091339111
900,0,5,-0.05425890535116196,-0.05425890535116196,0.012845582328736782,0.0,4.315187931060791
900,0,6,0.4464235007762909,0.4464235007762909,0.013738986104726791,0.0,5.390828609466553
900,0,7,0.8936433792114258,0.8936433792114258,0.01291583850979805,0.0,6.634457588195801
900,0,8,2.714831829071045,0.7148318886756897,0.9850788116455078,1.0,5.378541946411133
900,0,9,0.5019594430923462,0.5019594430923462,0.014474683441221714,0.0,5.500078201293945
900,0,10,0.772235631942749,0.772235631942749,0.0132733304053545,0.0,5.285989761352539
900,0,11,0.1059601753950119,0.1059601753950119,0.012971021234989166,0.0,6.354916572570801
900,0,12,0.4177784323692322,0.4177784323692322,0.01845722831785679,0.0,5.534664154052734
900,0,13,0.29103875160217285,0.29103875160217285,0.012346923351287842,0.0,5.960928916931152
900,0,14,-0.4530767798423767,-0.4530767798423767,0.017679739743471146,0.0,5.4513044357299805
900,0,15,2.925807237625122,0.9258071780204773,0.9837868809700012,1.0,7.1607279777526855
900,0,16,0.407362699508667,0.407362699508667,0.012326186522841454,0.0,4.3685150146484375
900,0,17,1.143178939819336,1.143178939819336,0.012637251988053322,0.0,5.577755451202393
900,0,18,2.944096565246582,0.9440966248512268,0.9864107966423035,1.0,6.42405366897583
900,0,19,1.3065232038497925,1.3065232038497925,0.01257561519742012,0.0,4.91689395904541
900,1,0,2.5129358768463135,0.5129358768463135,0.9854517579078674,1.0,5.581753730773926
900,1,1,2.73896861076355,0.7389686703681946,0.9752307534217834,1.0,6.542137145996094
900,1,2,0.07424008846282959,0.07424008846282959,0.01246923953294754,0.0,6.490034103393555
900,1,3,1.8995611667633057,-0.10043885558843613,0.9834114909172058,1.0,7.0681562423706055
900,1,4,2.8766496181488037,0.8766495585441589,0.9833521246910095,1.0,5.727006912231445
900,1,5,-1.419368028640747,-1.419368028640747,0.020858852192759514,0.0,5.9706573486328125
900,1,6,0.5399022698402405,0.5399022698402405,0.012059117667376995,0.0,6.388195991516113
900,1,7,0.17948254942893982,0.17948254942893982,0.013193903490900993,0.0,6.363504409790039
900,1,8,2.3548672199249268,0.35486727952957153,0.9862096905708313,1.0,6.9352312088012695
900,1,9,-0.19032007455825806,-0.19032007455825806,0.013604637235403061,0.0,6.4322357177734375
900,1,10,0.023449087515473366,0.023449087515473366,0.013704603537917137,0.0,6.321540832519531
900,1,11,0.37579935789108276,0.37579935789108276,0.01271749846637249,0.0,6.857433319091797
900,1,12,0.7422745823860168,0.7422745823860168,0.013153640553355217,0.0,5.642211437225342
900,1,13,2.7032670974731445,0.703266978263855,0.9860343337059021,1.0,7.364925384521484
900,1,14,0.3451259732246399,0.3451259732246399,0.013608879409730434,0.0,5.406247615814209
900,1,15,0.27800658345222473,0.27800658345222473,0.014853199943900108,0.0,6.452794551849365
900,1,16,0.5781416893005371,0.5781416893005371,0.013084939680993557,0.0,5.893947124481201
900,1,17,2.4794182777404785,0.47941839694976807,0.9801268577575684,1.0,6.5630784034729
900,1,18,0.46124616265296936,0.46124616265296936,0.013013690710067749,0.0,5.716612815856934
900,1,19,-0.8157314658164978,-0.8157314658164978,0.013952087610960007,0.0,4.931532859802246
900,2,0,-0.36327064037323,-0.36327064037323,0.014377402141690254,0.0,4.791417121887207
900,2,1,-0.3417588174343109,-0.3417588174343109,0.01236943993717432,0.0,6.9472336769104
900,2,2,-0.7103136777877808,-0.7103136777877808,0.01338367909193039,0.0,4.979206085205078
900,2,3,-0.6470862030982971,-0.6470862030982971,0.013987819664180279,0.0,5.100452423095703
900,2,4,-0.6309328079223633,-0.6309328079223633,0.01317216083407402,0.0,6.15670919418335
900,2,5,0.0748492181301117,0.0748492181301117,0.024296628311276436,0.0,5.62445592880249
900,2,6,-0.5578935742378235,-0.5578935742378235,0.015378939919173717,0.0,6.7144012451171875
900,2,7,0.618665337562561,0.618665337562561,0.011956725269556046,0.0,5.5928850173950195
900,2,8,-0.7908857464790344,-0.7908857464790344,0.014821055345237255,0.0,4.941007614135742
900,2,9,0.040644899010658264,0.040644899010658264,0.012491869740188122,0.0,5.123107433319092
900,2,10,-0.9865481853485107,-0.9865481853485107,0.013522005639970303,0.0,6.30980920791626
900,2,11,-1.3422045707702637,-1.3422045707702637,0.017582984641194344,0.0,4.33029317855835
900,2,12,-0.2568044364452362,-0.2568044364452362,0.013077589683234692,0.0,6.03565788269043
900,2,13,0.2598123848438263,0.2598123848438263,0.014260603114962578,0.0,5.932681083679199
900,2,14,1.1842130422592163,-0.8157869577407837,0.981982946395874,1.0,6.550593852996826
900,2,15,-0.09030810743570328,-0.09030810743570328,0.013536744751036167,0.0,5.158422946929932
900,2,16,2.094327688217163,0.0943276509642601,0.9740459322929382,1.0,6.332716941833496
900,2,17,2.093892812728882,0.09389282017946243,0.9573832154273987,1.0,6.362246513366699
900,2,18,0.10592078417539597,0.10592078417539597,0.013895543292164803,0.0,5.961663246154785
900,2,19,-0.3712395131587982,-0.3712395131587982,0.014461493119597435,0.0,5.5212721824646
900,3,0,-1.118883490562439,-1.118883490562439,0.012813394889235497,0.0,6.439490795135498
900,3,1,0.4616658687591553,0.4616658687591553,0.012872057966887951,0.0,5.464828968048096
900,3,2,0.5911620855331421,0.5911620855331421,0.012581050395965576,0.0,5.819761276245117
900,3,3,0.15078948438167572,0.15078948438167572,0.012912618927657604,0.0,6.012866020202637
900,3,4,0.24956753849983215,0.24956753849983215,0.012772456742823124,0.0,5.083582878112793
900,3,5,2.040034294128418,0.040034353733062744,0.9635267853736877,1.0,6.9079437255859375
900,3,6,0.6388558149337769,0.6388558149337769,0.013047161512076855,0.0,6.167183876037598
900,3,7,-1.5417282581329346,-1.5417282581329346,0.015318231657147408,0.0,4.775192737579346
900,3,8,0.2021292895078659,0.2021292895078659,0.013533777557313442,0.0,5.785189628601074
900,3,9,-1.5970358848571777,-1.5970358848571777,0.01252494566142559,0.0,5.439439296722412
900,3,10,-1.0469765663146973,-1.0469765663146973,0.013465158641338348,0.0,6.673220157623291
900,3,11,-0.3288520872592926,-0.3288520872592926,0.012480739504098892,0.0,5.863804817199707
900,3,12,0.36661022901535034,0.36661022901535034,0.013171081431210041,0.0,5.90508508682251
900,3,13,0.22250980138778687,0.22250980138778687,0.012715678662061691,0.0,6.051496505737305
900,3,14,-0.04803123325109482,-0.04803123325109482,0.012561351992189884,0.0,4.901363849639893
900,3,15,-0.04311014711856842,-0.04311014711856842,0.01403027679771185,0.0,6.241788864135742
900,3,16,2.1907413005828857,0.19074124097824097,0.9556645154953003,1.0,5.91259241104126
900,3,17,-0.43471649289131165,-0.43471649289131165,0.01982106827199459,0.0,6.48911714553833
900,3,18,0.2759000360965729,0.2759000360965729,0.013592715375125408,0.0,5.602529525756836
900,3,19,1.0229750871658325,1.0229750871658325,0.013659326359629631,0.0,6.589178085327148
900,4,0,-0.14475463330745697,-0.14475463330745697,0.013054248876869678,0.0,5.799322128295898
900,4,1,-0.5196835994720459,-0.5196835994720459,0.018066007643938065,0.0,6.040201187133789
900,4,2,1.885068655014038,-0.11493139714002609,0.976477324962616,1.0,5.968161582946777
900,4,3,-0.05603369325399399,-0.05603369325399399,0.013035708107054234,0.0,6.415347099304199
900,4,4,-0.5039334297180176,-0.5039334297180176,0.013406491838395596,0.0,4.857906818389893
900,4,5,0.21950554847717285,0.21950554847717285,0.011849379166960716,0.0,6.161834716796875
900,4,6,-0.5614873766899109,-0.5614873766899109,0.019517986103892326,0.0,6.257758140563965
900,4,7,0.3284248411655426,0.3284248411655426,0.013095386326313019,0.0,6.555585861206055
900,4,8,-0.1545729637145996,-2.1545729637145996,0.9387816190719604,1.0,4.991124153137207
900,4,9,0.29301148653030396,0.29301148653030396,0.012085146270692348,0.0,6.398453712463379
900,4,10,-0.0847017914056778,-0.0847017914056778,0.01719777099788189,0.0,6.920665264129639
900,4,11,-0.6209128499031067,-0.6209128499031067,0.013159138150513172,0.0,5.321422576904297
900,4,12,0.03189052641391754,0.03189052641391754,0.012244020588696003,0.0,6.2249579429626465
900,4,13,-0.21253091096878052,-0.21253091096878052,0.01529235951602459,0.0,5.8315863609313965
900,4,14,0.41078460216522217,0.41078460216522217,0.012457100674510002,0.0,6.155261993408203
900,4,15,-1.1341156959533691,-1.1341156959533691,0.014210476540029049,0.0,4.767990589141846
900,4,16,-0.027128666639328003,-0.027128666639328003,0.01362143736332655,0.0,7.634731769561768
900,4,17,-1.1955790519714355,-1.1955790519714355,0.012472039088606834,0.0,6.2167649269104
900,4,18,0.17019665241241455,0.17019665241241455,0.015273352153599262,0.0,7.425324440002441
900,4,19,-0.32080838084220886,-0.32080838084220886,0.012538849376142025,0.0,5.539904594421387
880,0,0,0.6753895282745361,0.6753895282745361,0.012276344932615757,0.0,6.505256652832031
880,0,1,-0.32836776971817017,-0.32836776971817017,0.012824992649257183,0.0,5.801664352416992
880,0,2,0.3589898943901062,0.3589898943901062,0.012810702435672283,0.0,5.601441860198975
880,0,3,0.14876285195350647,0.14876285195350647,0.012555274181067944,0.0,5.553861618041992
880,0,4,3.0282835960388184,1.0282835960388184,0.9862282276153564,1.0,7.538558483123779
880,0,5,-0.15695953369140625,-0.15695953369140625,0.012215851806104183,0.0,6.0232038497924805
880,0,6,0.15409383177757263,0.15409383177757263,0.013306665234267712,0.0,6.49904727935791
880,0,7,0.061677489429712296,0.061677489429712296,0.012020770460367203,0.0,5.684959411621094
880,0,8,0.5038390755653381,0.5038390755653381,0.012673914432525635,0.0,6.50290584564209
880,0,9,0.36158546805381775,0.36158546805381775,0.012432458810508251,0.0,5.2632551193237305
880,0,10,0.7862764596939087,0.7862764596939087,0.012076285667717457,0.0,5.067842960357666
880,0,11,-0.19296884536743164,-0.19296884536743164,0.012509103864431381,0.0,6.045800685882568
880,0,12,0.45248138904571533,0.45248138904571533,0.013070538640022278,0.0,7.137572288513184
880,0,13,0.5299542546272278,0.5299542546272278,0.013215531595051289,0.0,5.802944660186768
880,0,14,0.7970799207687378,0.7970799207687378,0.012823436409235,0.0,4.989873886108398
880,0,15,0.17255771160125732,0.17255771160125732,0.01281721331179142,0.0,6.554106712341309
880,0,16,0.18697233498096466,0.18697233498096466,0.01288541778922081,0.0,5.9792280197143555
880,0,17,0.8318797945976257,0.8318797945976257,0.01277634035795927,0.0,5.226841926574707
880,0,18,0.02492423541843891,0.02492423541843891,0.013191649690270424,0.0,6.519113540649414
880,0,19,2.452643632888794,0.4526435434818268,0.9855877161026001,1.0,6.281714916229248
880,1,0,2.6707284450531006,0.6707285046577454,0.9852472543716431,1.0,4.744843006134033
880,1,1,0.2858959436416626,0.2858959436416626,0.01419578306376934,0.0,5.908792018890381
880,1,2,-0.40614402294158936,-0.40614402294158936,0.014031562954187393,0.0,5.686184883117676
880,1,3,0.7397386431694031,0.7397386431694031,0.01332253310829401,0.0,6.689747333526611
880,1,4,-0.5233274698257446,-0.5233274698257446,0.012450690381228924,0.0,6.361517429351807
880,1,5,2.5769426822662354,0.5769427418708801,0.9863779544830322,1.0,6.491419792175293
880,1,6,0.10539397597312927,0.10539397597312927,0.012865000404417515,0.0,5.335239887237549
880,1,7,0.8151879906654358,0.8151879906654358,0.013242346234619617,0.0,5.989797592163086
880,1,8,-0.20554225146770477,-0.20554225146770477,0.016666999086737633,0.0,7.101253509521484
880,1,9,0.6481781601905823,0.6481781601905823,0.012183856219053268,0.0,5.829944610595703
880,1,10,-0.3319937586784363,-0.3319937586784363,0.014737570658326149,0.0,5.760368347167969
880,1,11,0.3695056140422821,0.3695056140422821,0.012736101634800434,0.0,5.963602066040039
880,1,12,-0.09692054986953735,-0.09692054986953735,0.012998312711715698,0.0,5.432777404785156
880,1,13,0.09959259629249573,0.09959259629249573,0.01307904813438654,0.0,5.490175247192383
880,1,14,2.890153408050537,0.8901534080505371,0.9837411642074585,1.0,6.504857063293457
880,1,15,0.716892421245575,0.716892421245575,0.013073909096419811,0.0,6.755772113800049
880,1,16,-0.07992811501026154,-0.07992811501026154,0.012497860006988049,0.0,5.755545616149902
880,1,17,3.191490411758423,1.1914904117584229,0.9860783815383911,1.0,6.583621978759766
880,1,18,0.9685089588165283,0.9685089588165283,0.01223068218678236,0.0,5.872410774230957
880,1,19,0.6124975085258484,0.6124975085258484,0.013360691256821156,0.0,5.982149124145508
880,2,0,-0.5998511910438538,-0.5998511910438538,0.012602228671312332,0.0,6.367119789123535
880,2,1,-1.0131603479385376,-1.0131603479385376,0.01572989486157894,0.0,5.767809867858887
880,2,2,2.685457706451416,0.6854577660560608,0.9846712946891785,1.0,4.7653727531433105
880,2,3,-0.05729111656546593,-0.05729111656546593,0.015349210239946842,0.0,7.299554824829102
880,2,4,-0.14242641627788544,-0.14242641627788544,0.013750782236456871,0.0,6.36493444442749
880,2,5,-0.4622286558151245,-0.4622286558151245,0.014991635456681252,0.0,5.7930498123168945
880,2,6,0.3558933734893799,0.3558933734893799,0.012938925065100193,0.0,5.073423385620117
880,2,7,0.2464798390865326,0.2464798390865326,0.01297562476247549,0.0,5.549325466156006
880,2,8,-1.129040241241455,-1.129040241241455,0.013686993159353733,0.0,5.173261642456055
880,2,9,-0.5421962141990662,-0.5421962141990662,0.01597992330789566,0.0,6.372872829437256
880,2,10,-0.04312533140182495,-0.04312533140182495,0.015422016382217407,0.0,5.5985870361328125
880,2,11,-0.11585523188114166,-0.11585523188114166,0.013156402856111526,0.0,6.346622467041016
880,2,12,-1.6234815120697021,-1.6234815120697021,0.014165252447128296,0.0,4.867495536804199
880,2,13,0.4348970055580139,0.4348970055580139,0.012509929947555065,0.0,6.153371334075928
880,2,14,0.17355181276798248,0.17355181276798248,0.01198351290076971,0.0,6.328769207000732
880,2,15,-0.3438294231891632,-0.3438294231891632,0.014554853551089764,0.0,6.935324668884277
880,2,16,-0.8060391545295715,-0.8060391545295715,0.013068066909909248,0.0,5.4003095626831055
880,2,17,1.5232512950897217,-0.4767487347126007,0.9683997631072998,1.0,6.003657341003418
880,2,18,2.58844256401062,0.5884426236152649,0.9866395592689514,1.0,7.108651638031006
880,2,19,-0.17595688998699188,-0.17595688998699188,0.014053262770175934,0.0,5.943066596984863
880,3,0,0.2489054948091507,0.2489054948091507,0.013143506832420826,0.0,5.911360740661621
880,3,1,0.300042986869812,0.300042986869812,0.01265978068113327,0.0,6.6446661949157715
880,3,2,-0.012691661715507507,-0.012691661715507507,0.012488777749240398,0.0,4.943325996398926
880,3,3,-0.9690617918968201,-0.9690617918968201,0.013265359215438366,0.0,6.417375564575195
880,3,4,1.9449843168258667,-0.05501570925116539,0.9854519963264465,1.0,6.516693115234375
880,3,5,0.6452538371086121,0.6452538371086121,0.012235354632139206,0.0,6.3123579025268555
880,3,6,2.639575719833374,0.6395756602287292,0.9771133661270142,1.0,6.831125259399414
880,3,7,0.3719005286693573,0.3719005286693573,0.012644197791814804,0.0,5.853568077087402
880,3,8,-0.18116864562034607,-0.18116864562034607,0.014054292812943459,0.0,6.416721343994141
880,3,9,-1.0088495016098022,-1.0088495016098022,0.012790116481482983,0.0,5.972002029418945
880,3,10,-0.3496551513671875,-0.3496551513671875,0.014585565775632858,0.0,5.485221862792969
880,3,11,-0.10052166134119034,-0.10052166134119034,0.013107150793075562,0.0,6.373320579528809
880,3,12,-0.49556612968444824,-0.49556612968444824,0.01402943953871727,0.0,5.5387372970581055
880,3,13,0.35066211223602295,0.35066211223602295,0.0124233178794384,0.0,5.7866668701171875
880,3,14,0.11781106144189835,0.11781106144189835,0.0129340048879385,0.0,6.733665943145752
880,3,15,-0.9718164205551147,-0.9718164205551147,0.013292374089360237,0.0,4.836967468261719
880,3,16,-0.724656343460083,-0.724656343460083,0.01422521285712719,0.0,5.347676753997803
880,3,17,0.22707653045654297,0.22707653045654297,0.014527658931910992,0.0,6.306888580322266
880,3,18,-0.15552105009555817,-0.15552105009555817,0.013094408437609673,0.0,5.532463073730469
880,3,19,-0.0758759006857872,-0.0758759006857872,0.012744571082293987,0.0,5.712756156921387
880,4,0,-0.811957597732544,-0.811957597732544,0.012179403565824032,0.0,5.226478576660156
880,4,1,-0.3815109133720398,-0.3815109133720398,0.01248597726225853,0.0,6.4229865074157715
880,4,2,0.3011389672756195,0.3011389672756195,0.012287382036447525,0.0,5.484292984008789
880,4,3,-0.39307308197021484,-0.39307308197021484,0.013528729788959026,0.0,6.182146072387695
880,4,4,-0.3721030056476593,-0.3721030056476593,0.012428314425051212,0.0,5.672236442565918
880,4,5,-0.7860962152481079,-0.7860962152481079,0.013468515127897263,0.0,6.9388837814331055
880,4,6,-1.2010692358016968,-1.2010692358016968,0.013744724914431572,0.0,5.439703941345215
880,4,7,-0.058749839663505554,-0.058749839663505554,0.0,0.0,7.764296054840088
880,4,8,-0.5252528786659241,-0.5252528786659241,0.012604968622326851,0.0,6.635432243347168
880,4,9,-0.34182506799697876,-0.34182506799697876,0.014488361775875092,0.0,5.851422309875488
880,4,10,0.24982663989067078,0.24982663989067078,0.014164580963551998,0.0,6.977414131164551
880,4,11,-0.17312461137771606,-0.17312461137771606,0.014548037201166153,0.0,6.743102550506592
880,4,12,-0.32173845171928406,-0.32173845171928406,0.013084879145026207,0.0,5.815858364105225
880,4,13,0.4300823211669922,0.4300823211669922,0.013425095938146114,0.0,6.023563861846924
880,4,14,0.6324025988578796,0.6324025988578796,0.014108656905591488,0.0,5.502821922302246
880,4,15,-0.6104323863983154,-0.6104323863983154,0.014508458785712719,0.0,5.058718681335449
880,4,16,-0.09285173565149307,-0.09285173565149307,0.016959674656391144,0.0,6.514382362365723
880,4,17,-0.9882298707962036,-0.9882298707962036,0.03091105818748474,0.0,6.259552001953125
880,4,18,0.051427144557237625,0.051427144557237625,0.012878736481070518,0.0,5.264708518981934
880,4,19,0.11380259692668915,0.11380259692668915,0.012732761912047863,0.0,5.983213424682617
860,0,0,0.2378006875514984,0.2378006875514984,0.012798590585589409,0.0,5.554657459259033
860,0,1,-0.13154718279838562,-0.13154718279838562,0.011918817646801472,0.0,5.450101852416992
860,0,2,-1.3238062858581543,-1.3238062858581543,0.013963816687464714,0.0,5.894885063171387
860,0,3,2.676022529602051,0.676022469997406,0.9872056245803833,1.0,6.867739677429199
860,0,4,0.5341104865074158,0.5341104865074158,0.012905691750347614,0.0,5.6941328048706055
860,0,5,3.2322521209716797,1.2322522401809692,0.9857391715049744,1.0,7.442904472351074
860,0,6,-0.5813942551612854,-0.5813942551612854,0.013258281163871288,0.0,6.2805070877075195
860,0,7,2.6095919609069824,0.6095919609069824,0.985680341720581,1.0,7.6298909187316895
860,0,8,0.3984701633453369,0.3984701633453369,0.012838521972298622,0.0,5.492868900299072
860,0,9,0.3238801062107086,0.3238801062107086,0.013401445932686329,0.0,5.603785991668701
860,0,10,-0.11352581530809402,-0.11352581530809402,0.012725367210805416,0.0,5.562834739685059
860,0,11,0.6928592920303345,0.6928592920303345,0.012605976313352585,0.0,5.252973556518555
860,0,12,-0.19972307980060577,-0.19972307980060577,0.012589938938617706,0.0,6.1548943519592285
860,0,13,-0.01365957222878933,-0.01365957222878933,0.01371852494776249,0.0,5.083606719970703
860,0,14,0.7405655980110168,0.7405655980110168,0.012472755275666714,0.0,6.575091361999512
860,0,15,0.30777546763420105,0.30777546763420105,0.013051005080342293,0.0,5.464759826660156
860,0,16,0.4123993515968323,0.4123993515968323,0.014316129498183727,0.0,5.822668075561523
860,0,17,0.5757859945297241,0.5757859945297241,0.012994424439966679,0.0,5.3344316482543945
860,0,18,0.42709270119667053,0.42709270119667053,0.012756293639540672,0.0,5.961024284362793
860,0,19,-0.15568870306015015,-0.15568870306015015,0.012612925842404366,0.0,6.109050750732422
860,1,0,0.729552686214447,0.729552686214447,0.012918039225041866,0.0,5.776950836181641
860,1,1,1.1813809871673584,1.1813809871673584,0.012595146894454956,0.0,5.503058433532715
860,1,2,0.5406718254089355,0.5406718254089355,0.012585397809743881,0.0,5.638789176940918
860,1,3,2.77285099029541,0.7728508710861206,0.9852153062820435,1.0,7.291662216186523
860,1,4,0.4986894726753235,0.4986894726753235,0.013419147580862045,0.0,6.212413787841797
860,1,5,0.3868142366409302,0.3868142366409302,0.012815205380320549,0.0,5.33964729309082
860,1,6,2.7933459281921387,0.7933459877967834,0.9850665330886841,1.0,6.011016845703125
860,1,7,0.5369727611541748,0.5369727611541748,0.013623693957924843,0.0,5.585959434509277
860,1,8,0.03017374873161316,0.03017374873161316,0.01525165792554617,0.0,5.080044269561768
860,1,9,2.396085262298584,0.3960852026939392,0.9823721051216125,1.0,4.930934906005859
860,1,10,-0.8825588822364807,-0.8825588822364807,0.012675734236836433,0.0,5.515970706939697
860,1,11,0.13899989426136017,0.13899989426136017,0.012608980759978294,0.0,5.396153450012207
860,1,12,-0.3041912019252777,-0.3041912019252777,0.01317591778934002,0.0,5.54817533493042
860,1,13,-0.04685065150260925,-0.04685065150260925,0.013936406001448631,0.0,5.558325290679932
860,1,14,0.27011731266975403,0.27011731266975403,0.013823170214891434,0.0,5.836723804473877
860,1,15,1.7896815538406372,-0.210318461060524,0.9160506129264832,1.0,6.261427879333496
860,1,16,0.3431014120578766,0.3431014120578766,0.014978811144828796,0.0,5.091631889343262
860,1,17,0.7099630832672119,0.7099630832672119,0.014331404119729996,0.0,6.2950263023376465
860,1,18,1.555203914642334,-0.444796085357666,0.9847304821014404,1.0,6.040083885192871
860,1,19,2.2738561630249023,0.2738562822341919,0.9830411672592163,1.0,6.2359395027160645
860,2,0,-0.0662565752863884,-0.0662565752863884,0.01351300347596407,0.0,5.748958587646484
860,2,1,-0.7508158087730408,-0.7508158087730408,0.015218222513794899,0.0,5.407801628112793
860,2,2,0.3983566462993622,0.3983566462993622,0.012742944993078709,0.0,6.125339508056641
860,2,3,-0.4273504316806793,-0.4273504316806793,0.0,0.0,5.948043346405029
860,2,4,0.2512487471103668,0.2512487471103668,0.013179302215576172,0.0,6.528826713562012
860,2,5,-0.5423899292945862,-0.5423899292945862,0.012591230683028698,0.0,5.352865219116211
860,2,6,2.799980640411377,0.7999805808067322,0.982986330986023,1.0,5.439126968383789
860,2,7,0.16459165513515472,0.16459165513515472,0.012435585260391235,0.0,5.217193603515625
860,2,8,0.18341903388500214,0.18341903388500214,0.013566028326749802,0.0,5.445735454559326
860,2,9,-0.46183788776397705,-0.46183788776397705,0.0,0.0,5.140878677368164
860,2,10,-0.7418202757835388,-0.7418202757835388,0.012690991163253784,0.0,5.639536380767822
860,2,11,-0.18709924817085266,-0.18709924817085266,0.015988720580935478,0.0,6.099847316741943
860,2,12,-0.909244179725647,-0.909244179725647,0.022958097979426384,0.0,4.440571308135986
860,2,13,-1.0220820903778076,-1.0220820903778076,0.01279554795473814,0.0,4.71658182144165
860,2,14,0.7253886461257935,0.7253886461257935,0.012594918720424175,0.0,6.737661361694336
860,2,15,1.9195497035980225,-0.08045034110546112,0.986292839050293,1.0,6.781227111816406
860,2,16,2.1705639362335205,0.17056402564048767,0.9837963581085205,1.0,6.858856201171875
860,2,17,-0.38386985659599304,-0.38386985659599304,0.012856774963438511,0.0,5.245255470275879
860,2,18,-0.5050849914550781,-0.5050849914550781,0.01250479370355606,0.0,6.855304718017578
860,2,19,-0.7016159892082214,-0.7016159892082214,0.012421105988323689,0.0,7.061408996582031
860,3,0,0.36101406812667847,0.36101406812667847,0.012795011512935162,0.0,5.610742568969727
860,3,1,0.20331524312496185,0.20331524312496185,0.013495596125721931,0.0,4.929197311401367
860,3,2,0.34767380356788635,0.34767380356788635,0.012982101179659367,0.0,5.245274543762207
860,3,3,0.8936933279037476,0.8936933279037476,0.012761201709508896,0.0,6.265305042266846
860,3,4,0.5994402766227722,0.5994402766227722,0.012157806195318699,0.0,6.280744552612305
860,3,5,-0.18102365732192993,-0.18102365732192993,0.012860418297350407,0.0,6.264069080352783
860,3,6,0.046362802386283875,0.046362802386283875,0.01290113478899002,0.0,6.180451393127441
860,3,7,0.67461097240448,0.67461097240448,0.012728217989206314,0.0,4.558263301849365
860,3,8,-1.0097578763961792,-1.0097578763961792,0.012664711102843285,0.0,6.931683540344238
860,3,9,0.15540793538093567,0.15540793538093567,0.012981771491467953,0.0,5.687852382659912
860,3,10,0.22513197362422943,0.22513197362422943,0.012715487740933895,0.0,5.395882606506348
860,3,11,0.5521708130836487,0.5521708130836487,0.013917762786149979,0.0,6.321857929229736
860,3,12,-0.9265170693397522,-0.9265170693397522,0.012741421349346638,0.0,5.384001731872559
860,3,13,-0.15500855445861816,-0.15500855445861816,0.012782898731529713,0.0,5.995699882507324
860,3,14,0.21479013562202454,0.21479013562202454,0.023732244968414307,0.0,5.813974380493164
860,3,15,-0.5933752059936523,-0.5933752059936523,0.013981455005705357,0.0,5.434319019317627
860,3,16,0.40944305062294006,0.40944305062294006,0.012249349616467953,0.0,5.938419342041016
860,3,17,0.3146287500858307,0.3146287500858307,0.019827041774988174,0.0,6.659142017364502
860,3,18,-1.957465410232544,-1.957465410232544,0.016757536679506302,0.0,4.440117359161377
860,3,19,-0.07390142232179642,-0.07390142232179642,0.013432222418487072,0.0,5.153881072998047
860,4,0,0.9760977029800415,0.9760977029800415,0.012700721621513367,0.0,6.4084296226501465
860,4,1,-0.3979456424713135,-0.3979456424713135,0.012180572375655174,0.0,6.517443656921387
860,4,2,-1.2243648767471313,-1.2243648767471313,0.012900007888674736,0.0,5.579754829406738
860,4,3,1.5369325876235962,-0.4630674123764038,0.9853197336196899,1.0,6.574047088623047
860,4,4,-0.13550260663032532,-0.13550260663032532,0.012934993021190166,0.0,6.378594398498535
860,4,5,2.5851497650146484,0.5851496458053589,0.9835758805274963,1.0,5.523760795593262
860,4,6,0.521216869354248,0.521216869354248,0.01256600022315979,0.0,5.552557945251465
860,4,7,0.09229593724012375,0.09229593724012375,0.1011318564414978,0.0,6.331883907318115
860,4,8,0.08749677240848541,0.08749677240848541,0.012393690645694733,0.0,6.300749778747559
860,4,9,-0.03232831507921219,-0.03232831507921219,0.01288563571870327,0.0,5.681600570678711
860,4,10,-0.5073601603507996,-0.5073601603507996,0.013085789978504181,0.0,5.871364116668701
860,4,11,-1.870417833328247,-1.870417833328247,0.015441881492733955,0.0,5.318390846252441
860,4,12,0.3520778715610504,0.3520778715610504,0.0123366704210639,0.0,5.376899242401123
860,4,13,0.44395577907562256,0.44395577907562256,0.012464160099625587,0.0,5.325922012329102
860,4,14,0.2234072983264923,0.2234072983264923,0.012615037150681019,0.0,5.189888954162598
860,4,15,0.8765618801116943,0.8765618801116943,0.017695697024464607,0.0,6.5529303550720215
860,4,16,0.3959982395172119,0.3959982395172119,0.012966028414666653,0.0,6.440523147583008
860,4,17,0.14573687314987183,0.14573687314987183,0.013448472134768963,0.0,5.988247871398926
860,4,18,1.4149630069732666,-0.5850370526313782,0.9820125102996826,1.0,7.502141952514648
860,4,19,0.3149202764034271,0.3149202764034271,0.014063667505979538,0.0,6.800856113433838
840,0,0,0.5972579121589661,0.5972579121589661,0.01248680055141449,0.0,5.895600318908691
840,0,1,0.49882635474205017,0.49882635474205017,0.012213286012411118,0.0,6.088460922241211
840,0,2,0.5313022136688232,0.5313022136688232,0.013114494271576405,0.0,6.324148654937744
840,0,3,0.6900718212127686,0.6900718212127686,0.012791037559509277,0.0,5.918539047241211
840,0,4,0.6220518946647644,0.6220518946647644,0.01305744331330061,0.0,5.461757183074951
840,0,5,0.5828089118003845,0.5828089118003845,0.012926106341183186,0.0,5.4687604904174805
840,0,6,0.34694725275039673,0.34694725275039673,0.013266493566334248,0.0,6.334951877593994
840,0,7,-0.9647594690322876,-0.9647594690322876,0.014494585804641247,0.0,4.411917209625244
840,0,8,0.27104490995407104,0.27104490995407104,0.012739526107907295,0.0,4.899621963500977
840,0,9,-0.9092321395874023,-0.9092321395874023,0.01278996467590332,0.0,5.757064342498779
840,0,10,0.6259526610374451,0.6259526610374451,0.012712662108242512,0.0,6.024222373962402
840,0,11,0.04609034210443497,0.04609034210443497,0.014538531191647053,0.0,5.068387508392334
840,0,12,-0.20710450410842896,-0.20710450410842896,0.012597315944731236,0.0,5.99751091003418
840,0,13,0.04236435890197754,0.04236435890197754,0.012332672253251076,0.0,5.512734413146973
840,0,14,0.46522027254104614,0.46522027254104614,0.012622951529920101,0.0,6.181621551513672
840,0,15,2.674281597137451,0.6742815375328064,0.9863429665565491,1.0,6.605696678161621
840,0,16,0.33415067195892334,0.33415067195892334,0.012016495689749718,0.0,5.103920936584473
840,0,17,0.5237162113189697,0.5237162113189697,0.012671981006860733,0.0,5.581663131713867
840,0,18,0.7384538650512695,0.7384538650512695,0.01286411751061678,0.0,4.820894241333008
840,0,19,0.2684650421142578,0.2684650421142578,0.0121463006362319,0.0,5.346786975860596
840,1,0,0.5232031941413879,0.5232031941413879,0.012327771633863449,0.0,5.715733528137207
840,1,1,0.5336645841598511,0.5336645841598511,0.013252681121230125,0.0,6.266283988952637
840,1,2,0.13369734585285187,0.13369734585285187,0.013056606985628605,0.0,7.218587875366211
840,1,3,1.0606584548950195,1.0606584548950195,0.012852581217885017,0.0,6.582735538482666
840,1,4,-0.33901193737983704,-0.33901193737983704,0.013589409179985523,0.0,7.040006160736084
840,1,5,2.372109889984131,0.37210991978645325,0.9811890125274658,1.0,5.898550033569336
840,1,6,0.592670202255249,0.592670202255249,0.014265819452702999,0.0,6.484797477722168
840,1,7,0.2890496850013733,0.2890496850013733,0.013523023575544357,0.0,4.634170055389404
840,1,8,0.4455006718635559,0.4455006718635559,0.012546354904770851,0.0,6.809309005737305
840,1,9,0.5210492610931396,0.5210492610931396,0.013228379189968109,0.0,5.665419578552246
840,1,10,0.5837554931640625,0.5837554931640625,0.01220174040645361,0.0,6.061502933502197
840,1,11,0.22649545967578888,0.22649545967578888,0.013148151338100433,0.0,6.087960720062256
840,1,12,-0.2655147910118103,-0.2655147910118103,0.014245421625673771,0.0,6.0824294090271
840,1,13,0.23583629727363586,0.23583629727363586,0.013312858529388905,0.0,5.760809898376465
840,1,14,-0.03057633712887764,-0.03057633712887764,0.014868305996060371,0.0,5.947899341583252
840,1,15,0.33466246724128723,0.33466246724128723,0.014237696304917336,0.0,5.399389743804932
840,1,16,2.709092378616333,0.7090923190116882,0.9860607385635376,1.0,7.1277265548706055
840,1,17,0.14624221622943878,0.14624221622943878,0.05222786217927933,0.0,6.018237113952637
840,1,18,0.5747800469398499,0.5747800469398499,0.012198911979794502,0.0,4.691930294036865
840,1,19,-0.2390642613172531,-0.2390642613172531,0.014867467805743217,0.0,5.6647186279296875
840,2,0,-0.4710853099822998,-0.4710853099822998,0.012277541682124138,0.0,5.633866310119629
840,2,1,-0.11867313832044601,-0.11867313832044601,0.012633614242076874,0.0,5.726865768432617
840,2,2,-0.1870817095041275,-0.1870817095041275,0.014425233006477356,0.0,6.258171081542969
840,2,3,2.7545971870422363,0.7545971274375916,0.9853723645210266,1.0,5.259560585021973
840,2,4,-1.0158590078353882,-1.0158590078353882,0.07671686261892319,0.0,5.486264705657959
840,2,5,-0.14441178739070892,-0.14441178739070892,0.012750140391290188,0.0,5.668100357055664
840,2,6,-0.9443964958190918,-0.9443964958190918,0.013221831992268562,0.0,4.108647346496582
840,2,7,0.12310585379600525,0.12310585379600525,0.012648123316466808,0.0,5.689449310302734
840,2,8,-1.525364875793457,-1.525364875793457,0.0,0.0,5.216611862182617
840,2,9,0.07992401719093323,0.07992401719093323,0.015768984332680702,0.0,6.722010135650635
840,2,10,0.010730862617492676,0.010730862617492676,0.013284065760672092,0.0,6.189018249511719
840,2,11,-0.7854215502738953,-0.7854215502738953,0.012680085375905037,0.0,5.241621017456055
840,2,12,-0.6486984491348267,-0.6486984491348267,0.012614971958100796,0.0,5.854766368865967
840,2,13,-0.06924311816692352,-0.06924311816692352,0.015424661338329315,0.0,7.009490489959717
840,2,14,0.262838751077652,0.262838751077652,0.013195089064538479,0.0,6.625542640686035
840,2,15,-0.4016563296318054,-0.4016563296318054,0.012988065369427204,0.0,6.103217601776123
840,2,16,0.2915063798427582,0.2915063798427582,0.013691313564777374,0.0,4.690027236938477
840,2,17,0.13373656570911407,0.13373656570911407,0.013427610509097576,0.0,6.482149124145508
840,2,18,-0.7449733018875122,-0.7449733018875122,0.018428469076752663,0.0,6.3134355545043945
840,2,19,1.1931207180023193,-0.8068793416023254,0.859839677810669,1.0,5.793061256408691
840,3,0,0.24412016570568085,0.24412016570568085,0.012477326206862926,0.0,6.0482096672058105
840,3,1,0.22759976983070374,0.22759976983070374,0.012666577473282814,0.0,5.408624172210693
840,3,2,-0.5010272264480591,-0.5010272264480591,0.013810345903038979,0.0,6.299684524536133
840,3,3,-0.3495006263256073,-0.3495006263256073,0.013407385908067226,0.0,6.051433563232422
840,3,4,0.03665156289935112,0.03665156289935112,0.013066726736724377,0.0,4.838382720947266
840,3,5,0.24890580773353577,0.24890580773353577,0.013523194938898087,0.0,5.6083984375
840,3,6,-0.12566529214382172,-0.12566529214382172,0.013664010912179947,0.0,5.656409740447998
840,3,7,0.006762919016182423,0.006762919016182423,0.013590618036687374,0.0,5.5994720458984375
840,3,8,-0.8132133483886719,-0.8132133483886719,0.014177469536662102,0.0,5.993704319000244
840,3,9,0.07756157964468002,0.07756157964468002,0.013926626183092594,0.0,6.013583660125732
840,3,10,0.16124525666236877,0.16124525666236877,0.01274707168340683,0.0,5.688826560974121
840,3,11,0.5472275018692017,0.5472275018692017,0.012871064245700836,0.0,5.169566631317139
840,3,12,0.06984531879425049,0.06984531879425049,0.015122311189770699,0.0,6.292756080627441
840,3,13,0.5283610820770264,0.5283610820770264,0.013994952663779259,0.0,6.349843978881836
840,3,14,-0.11763212829828262,-0.11763212829828262,0.01272294856607914,0.0,5.6568603515625
840,3,15,0.21520604193210602,0.21520604193210602,0.013997097499668598,0.0,6.140752792358398
840,3,16,0.20550212264060974,0.20550212264060974,0.013646332547068596,0.0,6.733586311340332
840,3,17,-0.6793900728225708,-0.6793900728225708,0.013891264796257019,0.0,6.757519721984863
840,3,18,-0.6270135045051575,-0.6270135045051575,0.012529902160167694,0.0,6.19549036026001
840,3,19,0.25552526116371155,0.25552526116371155,0.012772757560014725,0.0,6.285094261169434
840,4,0,0.44751080870628357,0.44751080870628357,0.013015159405767918,0.0,6.290083408355713
840,4,1,0.30291125178337097,0.30291125178337097,0.012726577930152416,0.0,6.470890998840332
840,4,2,-0.6173396706581116,-0.6173396706581116,0.012854727916419506,0.0,5.3542022705078125
840,4,3,0.0018805057043209672,0.0018805057043209672,0.012518827803432941,0.0,6.156774520874023
840,4,4,-0.48980575799942017,-0.48980575799942017,0.021155018359422684,0.0,6.085320472717285
840,4,5,0.16683344542980194,0.16683344542980194,0.012932520359754562,0.0,5.601999282836914
840,4,6,-1.104496717453003,-1.104496717453003,0.0,0.0,6.444217681884766
840,4,7,0.07121444493532181,0.07121444493532181,0.0135656064376235,0.0,5.712339401245117
840,4,8,-0.48801469802856445,-0.48801469802856445,0.013767937198281288,0.0,7.351394176483154
840,4,9,-0.22906415164470673,-0.22906415164470673,0.013463195413351059,0.0,5.814854621887207
840,4,10,0.5511830449104309,0.5511830449104309,0.013359772972762585,0.0,6.202749252319336
840,4,11,-1.1950758695602417,-1.1950758695602417,0.014211191795766354,0.0,5.386343955993652
840,4,12,-0.31207430362701416,-0.31207430362701416,0.015646101906895638,0.0,5.337549209594727
840,4,13,-0.20738334953784943,-0.20738334953784943,0.012825137935578823,0.0,5.59340238571167
840,4,14,-1.8871660232543945,-1.8871660232543945,0.0132154431194067,0.0,5.915008068084717
840,4,15,0.6314094662666321,0.6314094662666321,0.012999267317354679,0.0,5.285638809204102
840,4,16,0.2217831015586853,0.2217831015586853,0.0124952532351017,0.0,4.821870803833008
840,4,17,2.630707025527954,0.6307070851325989,0.9860470294952393,1.0,6.74235725402832
840,4,18,0.41124051809310913,0.41124051809310913,0.012553783133625984,0.0,6.304197311401367
840,4,19,-0.2887516915798187,-0.2887516915798187,0.02805781550705433,0.0,6.992853164672852
820,0,0,0.32913738489151,0.32913738489151,0.012878385372459888,0.0,5.993059158325195
820,0,1,0.17726388573646545,0.17726388573646545,0.012649312615394592,0.0,6.6184773445129395
820,0,2,0.7999343276023865,0.7999343276023865,0.012286548502743244,0.0,4.988677501678467
820,0,3,1.0791734457015991,1.0791734457015991,0.011967918835580349,0.0,6.580107688903809
820,0,4,0.4527944326400757,0.4527944326400757,0.013295445591211319,0.0,6.467423439025879
820,0,5,0.3730189800262451,0.3730189800262451,0.012138120830059052,0.0,5.013357162475586
820,0,6,0.3281641900539398,0.3281641900539398,0.012867574580013752,0.0,5.742053985595703
820,0,7,0.647424042224884,0.647424042224884,0.012922137975692749,0.0,5.449277877807617
820,0,8,0.47609376907348633,0.47609376907348633,0.012317268177866936,0.0,6.501873970031738
820,0,9,0.42415910959243774,0.42415910959243774,0.012378206476569176,0.0,5.3937859535217285
820,0,10,0.5288873314857483,0.5288873314857483,0.012301696464419365,0.0,5.369616508483887
820,0,11,0.2011793553829193,0.2011793553829193,0.01432307530194521,0.0,5.6697187423706055
820,0,12,-0.05169626325368881,-0.05169626325368881,0.012645924463868141,0.0,4.813622951507568
820,0,13,0.32879337668418884,0.32879337668418884,0.013573713600635529,0.0,6.692523002624512
820,0,14,0.4686627686023712,0.4686627686023712,0.01385688316076994,0.0,5.574230194091797
820,0,15,0.0006304163252934813,0.0006304163252934813,0.013038836419582367,0.0,5.128782749176025
820,0,16,0.022874636575579643,0.022874636575579643,0.01863430254161358,0.0,6.268287181854248
820,0,17,0.28855234384536743,0.28855234384536743,0.013601680286228657,0.0,5.548856735229492
820,0,18,0.6624443531036377,0.6624443531036377,0.012800216674804688,0.0,5.825115203857422
820,0,19,0.2144555151462555,0.2144555151462555,0.01278861053287983,0.0,5.644425392150879
820,1,0,0.08107709884643555,0.08107709884643555,0.013713100925087929,0.0,5.9972944259643555
820,1,1,-0.4566084146499634,-0.4566084146499634,0.013990188017487526,0.0,5.584225177764893
820,1,2,2.4159533977508545,0.41595345735549927,0.9826299548149109,1.0,6.8509521484375
820,1,3,-0.14646132290363312,-0.14646132290363312,0.016154224053025246,0.0,6.7857208251953125
820,1,4,-0.5133671760559082,-0.5133671760559082,0.01243096124380827,0.0,5.480197429656982
820,1,5,0.6426475644111633,0.6426475644111633,0.01274725329130888,0.0,5.337456226348877
820,1,6,0.05103019252419472,0.05103019252419472,0.012207821011543274,0.0,6.141033172607422
820,1,7,0.16899828612804413,0.16899828612804413,0.013960815966129303,0.0,6.0732102394104
820,1,8,0.8253763318061829,0.8253763318061829,0.013120369985699654,0.0,5.369023323059082
820,1,9,-0.2866511642932892,-0.2866511642932892,0.012983676046133041,0.0,6.338412284851074
820,1,10,2.815220832824707,0.8152208924293518,0.9859812259674072,1.0,5.6899847984313965
820,1,11,2.594296932220459,0.5942970514297485,0.9858866930007935,1.0,7.078617572784424
820,1,12,2.621351480484009,0.6213514804840088,0.9832829236984253,1.0,5.4577178955078125
820,1,13,0.6388036012649536,0.6388036012649536,0.013577033765614033,0.0,6.209714889526367
820,1,14,2.8070645332336426,0.8070644736289978,0.9695289731025696,1.0,6.512492656707764
820,1,15,1.0540810823440552,1.0540810823440552,0.013488500379025936,0.0,6.147279262542725
820,1,16,2.7616806030273438,0.7616806626319885,0.9787912368774414,1.0,5.9906134605407715
820,1,17,2.9414992332458496,0.9414992332458496,0.986397922039032,1.0,6.936431407928467
820,1,18,-0.6584390997886658,-0.6584390997886658,0.0125247398391366,0.0,6.067154407501221
820,1,19,0.19167213141918182,0.19167213141918182,0.012495781295001507,0.0,5.624569892883301
820,2,0,-0.3355959355831146,-0.3355959355831146,0.014077676460146904,0.0,5.3864521980285645
820,2,1,-0.7347692847251892,-0.7347692847251892,0.013353100046515465,0.0,5.837054252624512
820,2,2,-0.8733994364738464,-0.8733994364738464,0.012915863655507565,0.0,4.623470306396484
820,2,3,0.8286717534065247,0.8286717534065247,0.01425427570939064,0.0,5.739068031311035
820,2,4,-0.1311424970626831,-0.1311424970626831,0.013064973056316376,0.0,5.622983455657959
820,2,5,2.3763341903686523,0.37633416056632996,0.9853045344352722,1.0,6.235974311828613
820,2,6,-1.6213895082473755,-1.6213895082473755,0.013663195073604584,0.0,5.894078254699707
820,2,7,-0.6894237399101257,-0.6894237399101257,0.013699949719011784,0.0,5.83444881439209
820,2,8,1.5397236347198486,-0.4602763056755066,0.9750396013259888,1.0,5.53987979888916
820,2,9,-0.6160950660705566,-0.6160950660705566,0.01279644388705492,0.0,5.4580535888671875
820,2,10,0.20977137982845306,0.20977137982845306,0.013136872090399265,0.0,5.909042835235596
820,2,11,0.186735600233078,0.186735600233078,0.014108987525105476,0.0,5.491326808929443
820,2,12,2.404094934463501,0.404094934463501,0.985062837600708,1.0,6.961409568786621
820,2,13,0.003045586869120598,0.003045586869120598,0.012741036713123322,0.0,5.709134101867676
820,2,14,1.5678555965423584,-0.4321443736553192,0.9844198822975159,1.0,5.986218452453613
820,2,15,2.966981887817383,0.9669820070266724,0.9841828942298889,1.0,6.8027496337890625
820,2,16,0.1584903448820114,0.1584903448820114,0.012173105962574482,0.0,5.943636417388916
820,2,17,-1.335352897644043,-1.335352897644043,0.0125966751947999,0.0,5.243522644042969
820,2,18,1.5817285776138306,-0.4182714521884918,0.98454350233078,1.0,6.951266288757324
820,2,19,-1.226611852645874,-1.226611852645874,0.04516269639134407,0.0,4.372929573059082
820,3,0,0.04437561333179474,0.04437561333179474,0.014187638647854328,0.0,6.129980087280273
820,3,1,-0.6263888478279114,-0.6263888478279114,0.01291244849562645,0.0,5.210321426391602
820,3,2,0.5303210020065308,0.5303210020065308,0.012604649178683758,0.0,5.804024696350098
820,3,3,0.3540378212928772,0.3540378212928772,0.01360377948731184,0.0,5.914502143859863
820,3,4,0.20445287227630615,0.20445287227630615,0.014125967398285866,0.0,6.263272762298584
820,3,5,1.9506160020828247,-0.0493839755654335,0.9771988391876221,1.0,7.203576564788818
820,3,6,0.04978611692786217,0.04978611692786217,0.012819494120776653,0.0,6.084255695343018
820,3,7,-0.2977088987827301,-0.2977088987827301,0.013223902322351933,0.0,6.371016502380371
820,3,8,0.4440649747848511,0.4440649747848511,0.012598282657563686,0.0,6.615312576293945
820,3,9,-0.42567044496536255,-0.42567044496536255,0.012597630731761456,0.0,6.678264141082764
820,3,10,0.4096442461013794,0.4096442461013794,0.014459330588579178,0.0,6.823288917541504
820,3,11,-0.4355487525463104,-0.4355487525463104,0.012357650324702263,0.0,5.423106670379639
820,3,12,0.45098161697387695,0.45098161697387695,0.012695007026195526,0.0,6.170650482177734
820,3,13,-1.2339898347854614,-1.2339898347854614,0.014094696380198002,0.0,6.681507110595703
820,3,14,-0.5902014970779419,-0.5902014970779419,0.013236019760370255,0.0,4.898394584655762
820,3,15,-0.06141132488846779,-0.06141132488846779,0.012180905789136887,0.0,6.142685890197754
820,3,16,0.06190096214413643,0.06190096214413643,0.012320272624492645,0.0,6.486437797546387
820,3,17,-0.10773096978664398,-0.10773096978664398,0.01397088821977377,0.0,5.733749866485596
820,3,18,0.47064030170440674,0.47064030170440674,0.015409976243972778,0.0,6.185698986053467
820,3,19,-1.028295636177063,-1.028295636177063,0.014467168599367142,0.0,5.403191089630127
820,4,0,-0.5368584394454956,-0.5368584394454956,0.012508362531661987,0.0,5.4995856285095215
820,4,1,-1.8782875537872314,-1.8782875537872314,0.01576528325676918,0.0,4.4360480308532715
820,4,2,-0.9166421294212341,-0.9166421294212341,0.013601014390587807,0.0,5.565890789031982
820,4,3,0.43283811211586,0.43283811211586,0.012931350618600845,0.0,5.470008850097656
820,4,4,-0.4973573684692383,-0.4973573684692383,0.013454457744956017,0.0,5.99918270111084
820,4,5,-0.10048969835042953,-0.10048969835042953,0.012524394318461418,0.0,5.868302822113037
820,4,6,-0.7678967714309692,-0.7678967714309692,0.012721708044409752,0.0,6.101443290710449
820,4,7,-0.10124778747558594,-0.10124778747558594,0.0127195343375206,0.0,6.225076675415039
820,4,8,-0.8797987699508667,-0.8797987699508667,0.0196023341268301,0.0,4.720383644104004
820,4,9,-0.3807191252708435,-0.3807191252708435,0.013290705159306526,0.0,6.338039398193359
820,4,10,-0.4931468665599823,-0.4931468665599823,0.01324548665434122,0.0,5.929946422576904
820,4,11,0.17689284682273865,0.17689284682273865,0.01431382168084383,0.0,6.372626304626465
820,4,12,-0.020389266312122345,-0.020389266312122345,0.013612855225801468,0.0,6.023334980010986
820,4,13,0.042440108954906464,0.042440108954906464,0.013356511481106281,0.0,6.452775478363037
820,4,14,0.29050955176353455,0.29050955176353455,0.013632935471832752,0.0,5.654404163360596
820,4,15,0.6672201752662659,0.6672201752662659,0.012404247187077999,0.0,4.681401252746582
820,4,16,-0.024892078712582588,-0.024892078712582588,0.0131738455966115,0.0,6.325138092041016
820,4,17,-0.3913570046424866,-0.3913570046424866,0.01257310900837183,0.0,5.802927017211914
820,4,18,0.6783809661865234,0.6783809661865234,0.012584689073264599,0.0,5.882699966430664
820,4,19,2.53470778465271,0.53470778465271,0.9811474084854126,1.0,5.256515979766846
800,0,0,0.1524943858385086,0.1524943858385086,0.012377160601317883,0.0,5.773126602172852
800,0,1,0.5416990518569946,0.5416990518569946,0.013123197481036186,0.0,4.946904182434082
800,0,2,0.3642594516277313,0.3642594516277313,0.013551270589232445,0.0,5.202948093414307
800,0,3,0.7352613210678101,0.7352613210678101,0.012423645704984665,0.0,5.3357744216918945
800,0,4,0.5726974606513977,0.5726974606513977,0.012782718054950237,0.0,5.6157402992248535
800,0,5,0.6062197685241699,0.6062197685241699,0.014054611325263977,0.0,5.9232330322265625
800,0,6,0.0034692292101681232,0.0034692292101681232,0.013462954200804234,0.0,5.129262924194336
800,0,7,0.7845993638038635,0.7845993638038635,0.012500319629907608,0.0,6.240545272827148
800,0,8,0.007399074733257294,0.007399074733257294,0.01306553091853857,0.0,4.904391288757324
800,0,9,0.42994076013565063,0.42994076013565063,0.012455248273909092,0.0,5.9520111083984375
800,0,10,0.26400965452194214,0.26400965452194214,0.013244926929473877,0.0,5.575124740600586
800,0,11,0.8440011143684387,0.8440011143684387,0.01265149936079979,0.0,6.255273818969727
800,0,12,0.9978399276733398,0.9978399276733398,0.012677024118602276,0.0,5.961922645568848
800,0,13,0.5121617913246155,0.5121617913246155,0.013134069740772247,0.0,5.837862491607666
800,0,14,0.2355409860610962,0.2355409860610962,0.013080151751637459,0.0,5.327813625335693
800,0,15,0.26558029651641846,0.26558029651641846,0.013820985332131386,0.0,5.3580756187438965
800,0,16,0.5126937031745911,0.5126937031745911,0.013452420942485332,0.0,6.358957767486572
800,0,17,0.2465522289276123,0.2465522289276123,0.012540338560938835,0.0,5.255999565124512
800,0,18,0.18375565111637115,0.18375565111637115,0.012388555333018303,0.0,5.241079330444336
800,0,19,1.3324660062789917,1.3324660062789917,0.012860817834734917,0.0,4.836102485656738
800,1,0,0.3310805559158325,0.3310805559158325,0.012919743545353413,0.0,5.604672908782959
800,1,1,-0.10199341177940369,-0.10199341177940369,0.012720409780740738,0.0,5.547379493713379
800,1,2,0.3103258013725281,0.3103258013725281,0.014102823100984097,0.0,5.5674638748168945
800,1,3,2.742666721343994,0.7426668405532837,0.9839075803756714,1.0,7.339461326599121
800,1,4,0.4167031943798065,0.4167031943798065,0.013585747219622135,0.0,6.735229969024658
800,1,5,-0.11435643583536148,-0.11435643583536148,0.01615511067211628,0.0,6.577046871185303
800,1,6,2.3731613159179688,0.3731612265110016,0.8480096459388733,1.0,5.948225975036621
800,1,7,0.0033070286735892296,0.0033070286735892296,0.014302796684205532,0.0,5.891286373138428
800,1,8,-0.35146114230155945,-0.35146114230155945,0.013437013141810894,0.0,5.801766395568848
800,1,9,0.24753506481647491,0.24753506481647491,0.01425589807331562,0.0,5.106950759887695
800,1,10,0.13614264130592346,0.13614264130592346,0.014344134368002415,0.0,5.402224063873291
800,1,11,-0.07398834824562073,-0.07398834824562073,0.01655815914273262,0.0,6.190773010253906
800,1,12,-0.2823421359062195,-0.2823421359062195,0.01260421983897686,0.0,6.237439155578613
800,1,13,0.26156508922576904,0.26156508922576904,0.013624642044305801,0.0,5.826489448547363
800,1,14,0.8626129031181335,0.8626129031181335,0.012663774192333221,0.0,6.912961959838867
800,1,15,2.7114362716674805,0.7114363312721252,0.981406569480896,1.0,6.8231658935546875
800,1,16,0.15258176624774933,0.15258176624774933,0.01344037614762783,0.0,5.224359512329102
800,1,17,0.3814987540245056,0.3814987540245056,0.013761255890130997,0.0,6.370059967041016
800,1,18,-0.7913438677787781,-0.7913438677787781,0.013069763779640198,0.0,5.852577209472656
800,1,19,-0.013362728990614414,-0.013362728990614414,0.014469676651060581,0.0,5.668076038360596
800,2,0,-0.2389717698097229,-0.2389717698097229,0.013211166486144066,0.0,5.319942474365234
800,2,1,-0.22076885402202606,-0.22076885402202606,0.012466946616768837,0.0,6.787211894989014
800,2,2,0.7295389771461487,0.7295389771461487,0.013084514066576958,0.0,5.617117404937744
800,2,3,-1.78266179561615,-1.78266179561615,0.02073831297457218,0.0,5.222358703613281
800,2,4,-2.1069908142089844,-2.1069908142089844,0.013526408933103085,0.0,4.994725227355957
800,2,5,-0.24929241836071014,-0.24929241836071014,0.013355525210499763,0.0,5.977661609649658
800,2,6,-0.4993479549884796,-0.4993479549884796,0.014108564704656601,0.0,5.7138261795043945
800,2,7,-0.15502996742725372,-0.15502996742725372,0.012380342930555344,0.0,5.633852005004883
800,2,8,-0.9565253257751465,-0.9565253257751465,0.03180105984210968,0.0,5.238128185272217
800,2,9,-0.25523650646209717,-0.25523650646209717,0.013921682722866535,0.0,5.483884811401367
800,2,10,-1.1575185060501099,-1.1575185060501099,0.016024919226765633,0.0,5.30126428604126
800,2,11,-0.18925103545188904,-0.18925103545188904,0.012822698801755905,0.0,5.29311990737915
800,2,12,0.24311253428459167,0.24311253428459167,0.012802126817405224,0.0,6.3658766746521
800,2,13,0.11328884959220886,0.11328884959220886,0.012810452841222286,0.0,5.403738975524902
800,2,14,-0.85188889503479,-0.85188889503479,0.013253155164420605,0.0,5.827669143676758
800,2,15,0.43350422382354736,0.43350422382354736,0.012970161624252796,0.0,5.846779823303223
800,2,16,-0.4383556544780731,-0.4383556544780731,0.013193624094128609,0.0,6.972488880157471
800,2,17,-1.6315054893493652,-1.6315054893493652,0.01279938593506813,0.0,4.999221324920654
800,2,18,0.08439869433641434,0.08439869433641434,0.013121802359819412,0.0,5.190075874328613
800,2,19,-0.24417272210121155,-0.24417272210121155,0.01509091816842556,0.0,6.937822341918945
800,3,0,0.1765507459640503,0.1765507459640503,0.012903431430459023,0.0,4.555645942687988
800,3,1,-0.8373477458953857,-0.8373477458953857,0.013131649233400822,0.0,5.580294609069824
800,3,2,0.20704615116119385,0.20704615116119385,0.012888450175523758,0.0,6.202629089355469
800,3,3,0.012938307598233223,0.012938307598233223,0.013905053026974201,0.0,5.897687911987305
800,3,4,0.6558169722557068,0.6558169722557068,0.01202815119177103,0.0,5.568472862243652
800,3,5,-0.03965179622173309,-0.03965179622173309,0.013699041679501534,0.0,7.168577194213867
800,3,6,0.405729740858078,0.405729740858078,0.012325160205364227,0.0,6.708883285522461
800,3,7,0.21749897301197052,0.21749897301197052,0.01257964689284563,0.0,6.228867530822754
800,3,8,-0.11927981674671173,-0.11927981674671173,0.013533777557313442,0.0,5.743307113647461
800,3,9,-0.06378313153982162,-0.06378313153982162,0.012952682562172413,0.0,5.65546989440918
800,3,10,-0.0743478313088417,-0.0743478313088417,0.01527105551213026,0.0,5.5371222496032715
800,3,11,0.020236440002918243,0.020236440002918243,0.01340881735086441,0.0,6.50054931640625
800,3,12,-0.14621807634830475,-0.14621807634830475,0.013637573458254337,0.0,6.536184310913086
800,3,13,0.035611577332019806,0.035611577332019806,0.013018260709941387,0.0,5.6155595779418945
800,3,14,0.3620244264602661,0.3620244264602661,0.013151833787560463,0.0,6.697195053100586
800,3,15,0.2818274199962616,0.2818274199962616,0.013248778879642487,0.0,6.008819103240967
800,3,16,0.2930369973182678,0.2930369973182678,0.01434025913476944,0.0,5.805398941040039
800,3,17,-0.2520396411418915,-0.2520396411418915,0.012752607464790344,0.0,6.053182601928711
800,3,18,-0.24354493618011475,-0.24354493618011475,0.013426107354462147,0.0,6.921429634094238
800,3,19,0.6262969970703125,0.6262969970703125,0.013024657033383846,0.0,4.974424839019775
800,4,0,-0.4913261830806732,-0.4913261830806732,0.01390223391354084,0.0,5.673111915588379
800,4,1,0.38928455114364624,0.38928455114364624,0.012356683611869812,0.0,6.091437339782715
800,4,2,0.2835480868816376,0.2835480868816376,0.013094832189381123,0.0,6.584505081176758
800,4,3,-0.15577875077724457,-0.15577875077724457,0.01327113900333643,0.0,5.519102096557617
800,4,4,0.009534013457596302,0.009534013457596302,0.012176568619906902,0.0,6.100416660308838
800,4,5,-0.25837138295173645,-0.25837138295173645,0.012788170017302036,0.0,6.582560062408447
800,4,6,-0.38919833302497864,-0.38919833302497864,0.012960463762283325,0.0,6.305204391479492
800,4,7,0.49255475401878357,0.49255475401878357,0.013111802749335766,0.0,6.785129547119141
800,4,8,-0.6159175038337708,-0.6159175038337708,0.014320369809865952,0.0,4.420454502105713
800,4,9,0.40003854036331177,0.40003854036331177,0.013926173560321331,0.0,6.468879699707031
800,4,10,0.19673897325992584,0.19673897325992584,0.012456332333385944,0.0,7.361019134521484
800,4,11,0.5048626661300659,0.5048626661300659,0.013650008477270603,0.0,6.476467132568359
800,4,12,-0.9342678189277649,-0.9342678189277649,0.01357574388384819,0.0,6.387662887573242
800,4,13,-0.558536946773529,-0.558536946773529,0.012565534561872482,0.0,5.23705530166626
800,4,14,0.08408735692501068,0.08408735692501068,0.012443493120372295,0.0,6.867239952087402
800,4,15,0.2754304111003876,0.2754304111003876,0.012827268801629543,0.0,6.665394306182861
800,4,16,0.8425157070159912,0.8425157070159912,0.05702153593301773,0.0,6.000197410583496
800,4,17,-1.318199634552002,-1.318199634552002,0.012898523360490799,0.0,6.187383651733398
800,4,18,-0.09721840918064117,-0.09721840918064117,0.012760701589286327,0.0,6.357539176940918
800,4,19,0.7944284081459045,0.7944284081459045,0.012674677185714245,0.0,5.9314470291137695
780,0,0,0.37819382548332214,0.37819382548332214,0.013273362070322037,0.0,5.85311222076416
780,0,1,0.46124622225761414,0.46124622225761414,0.01361585222184658,0.0,5.3054022789001465
780,0,2,0.05342628434300423,0.05342628434300423,0.012708766385912895,0.0,6.177615165710449
780,0,3,0.6797168850898743,0.6797168850898743,0.012752936221659184,0.0,6.097903251647949
780,0,4,0.11063717305660248,0.11063717305660248,0.01512076798826456,0.0,4.853301048278809
780,0,5,0.5167235732078552,0.5167235732078552,0.014091774821281433,0.0,5.745207786560059
780,0,6,0.2305103838443756,0.2305103838443756,0.01288608554750681,0.0,5.837418556213379
780,0,7,2.6310505867004395,0.631050705909729,0.9847108721733093,1.0,5.909482955932617
780,0,8,-0.26733702421188354,-0.26733702421188354,0.013125556521117687,0.0,6.5644450187683105
780,0,9,1.16890287399292,1.16890287399292,0.012632286176085472,0.0,6.014734745025635
780,0,10,0.6058252453804016,0.6058252453804016,0.012837966904044151,0.0,6.3716325759887695
780,0,11,0.7037469744682312,0.7037469744682312,0.01265447773039341,0.0,5.505094528198242
780,0,12,1.1299551725387573,1.1299551725387573,0.011871704831719398,0.0,5.010003566741943
780,0,13,0.7554868459701538,0.7554868459701538,0.012583520263433456,0.0,6.588768005371094
780,0,14,0.02153959684073925,0.02153959684073925,0.013364889658987522,0.0,5.775554656982422
780,0,15,0.2136121541261673,0.2136121541261673,0.014593779109418392,0.0,5.91013240814209
780,0,16,0.5139331221580505,0.5139331221580505,0.012774651870131493,0.0,5.049537658691406
780,0,17,0.40224888920783997,0.40224888920783997,0.013113184832036495,0.0,4.997087001800537
780,0,18,0.4666699171066284,0.4666699171066284,0.01375969685614109,0.0,5.029805660247803
780,0,19,0.3726087510585785,0.3726087510585785,0.012625751085579395,0.0,4.95884370803833
780,1,0,2.433277130126953,0.43327707052230835,0.9859177470207214,1.0,6.229112148284912
780,1,1,0.14434979856014252,0.14434979856014252,0.012933151796460152,0.0,6.3167243003845215
780,1,2,0.659371018409729,0.659371018409729,0.013662751764059067,0.0,5.80724573135376
780,1,3,0.41365358233451843,0.41365358233451843,0.0121821453794837,0.0,5.558499813079834
780,1,4,2.6858253479003906,0.6858252286911011,0.9851409196853638,1.0,7.020777225494385
780,1,5,0.23738712072372437,0.23738712072372437,0.012705380097031593,0.0,6.178735733032227
780,1,6,2.7677524089813232,0.7677524089813232,0.9811272025108337,1.0,7.0963287353515625
780,1,7,2.3412606716156006,0.3412606716156006,0.9627975821495056,1.0,7.657480239868164
780,1,8,0.40800049901008606,0.40800049901008606,0.012615513056516647,0.0,6.434195518493652
780,1,9,0.23973506689071655,0.23973506689071655,0.0140361487865448,0.0,6.848614692687988
780,1,10,2.6629638671875,0.6629638075828552,0.9811924695968628,1.0,6.514477729797363
780,1,11,0.9229768514633179,0.9229768514633179,0.012476437725126743,0.0,6.2054924964904785
780,1,12,-0.29090696573257446,-0.29090696573257446,0.012318983674049377,0.0,5.252439498901367
780,1,13,0.37823888659477234,0.37823888659477234,0.013671578839421272,0.0,6.4689764976501465
780,1,14,-0.3839711546897888,-0.3839711546897888,0.014058985747396946,0.0,5.688360214233398
780,1,15,-0.48622292280197144,-0.48622292280197144,0.013477782718837261,0.0,4.925848960876465
780,1,16,-0.06987668573856354,-0.06987668573856354,0.0182506050914526,0.0,6.0640130043029785
780,1,17,0.7274373173713684,0.7274373173713684,0.014182282611727715,0.0,6.5563063621521
780,1,18,0.16504862904548645,0.16504862904548645,0.013524550013244152,0.0,6.125391960144043
780,1,19,0.23471470177173615,0.23471470177173615,0.014159194193780422,0.0,5.018930435180664
780,2,0,-0.419234037399292,-0.419234037399292,0.012374923564493656,0.0,6.230085372924805
780,2,1,-0.3009566366672516,-0.3009566366672516,0.012723307125270367,0.0,5.111093997955322
780,2,2,-0.5629419088363647,-0.5629419088363647,0.013726172037422657,0.0,5.862588882446289
780,2,3,-0.04492723196744919,-0.04492723196744919,0.012582923285663128,0.0,6.47191047668457
780,2,4,-1.0935136079788208,-1.0935136079788208,0.012520194984972477,0.0,5.353610992431641
780,2,5,-0.6784045696258545,-0.6784045696258545,0.0191267728805542,0.0,5.529584884643555
780,2,6,-0.6354905366897583,-0.6354905366897583,0.013420463539659977,0.0,6.223721981048584
780,2,7,-0.7381137609481812,-0.7381137609481812,0.013349806889891624,0.0,5.642699241638184
780,2,8,-1.2271367311477661,-1.2271367311477661,0.013688061386346817,0.0,5.75590705871582
780,2,9,-1.0217934846878052,-1.0217934846878052,0.012424945831298828,0.0,5.352581977844238
780,2,10,-0.4706454575061798,-0.4706454575061798,0.013211826793849468,0.0,6.791940689086914
780,2,11,-0.43814489245414734,-0.43814489245414734,0.013050992973148823,0.0,5.1472063064575195
780,2,12,-1.2941234111785889,-1.2941234111785889,0.013384887017309666,0.0,5.510149002075195
780,2,13,-1.134280800819397,-1.134280800819397,0.016998521983623505,0.0,5.320950508117676
780,2,14,0.26360517740249634,0.26360517740249634,0.012620920315384865,0.0,5.961076736450195
780,2,15,-0.1962796151638031,-0.1962796151638031,0.013479366898536682,0.0,5.683195114135742
780,2,16,0.6419965624809265,0.6419965624809265,0.013662578538060188,0.0,6.047514915466309
780,2,17,-1.2837696075439453,-1.2837696075439453,0.013620502315461636,0.0,5.7254533767700195
780,2,18,-0.7858138680458069,-0.7858138680458069,0.01370487455278635,0.0,5.266513347625732
780,2,19,-0.9974972009658813,-0.9974972009658813,0.01551867090165615,0.0,6.019099712371826
780,3,0,-0.13810302317142487,-0.13810302317142487,0.013611381873488426,0.0,6.174044132232666
780,3,1,0.37289947271347046,0.37289947271347046,0.013022555969655514,0.0,5.183437347412109
780,3,2,-0.8381993770599365,-0.8381993770599365,0.020525842905044556,0.0,6.244314193725586
780,3,3,0.44553568959236145,0.44553568959236145,0.012987539172172546,0.0,5.651732444763184
780,3,4,0.06785230338573456,0.06785230338573456,0.012335832230746746,0.0,6.090338706970215
780,3,5,-0.03998244181275368,-0.03998244181275368,0.013384925201535225,0.0,5.365617275238037
780,3,6,-0.16304972767829895,-0.16304972767829895,0.012664305046200752,0.0,6.3689751625061035
780,3,7,0.36724135279655457,0.36724135279655457,0.013176512904465199,0.0,4.926149845123291
780,3,8,-0.02796001546084881,-0.02796001546084881,0.012635639868676662,0.0,6.837828636169434
780,3,9,0.596939206123352,0.596939206123352,0.012513110414147377,0.0,5.811811923980713
780,3,10,0.730969250202179,0.730969250202179,0.013007174246013165,0.0,5.409122467041016
780,3,11,-0.3452150225639343,-0.3452150225639343,0.013331592082977295,0.0,5.581542015075684
780,3,12,0.044405363500118256,0.044405363500118256,0.013261484913527966,0.0,5.342764854431152
780,3,13,-0.44534504413604736,-0.44534504413604736,0.013722345232963562,0.0,6.451132297515869
780,3,14,0.388458788394928,0.388458788394928,0.012804700061678886,0.0,6.22968864440918
780,3,15,0.6006839275360107,0.6006839275360107,0.012600844725966454,0.0,5.7779541015625
780,3,16,0.022428007796406746,0.022428007796406746,0.01273769699037075,0.0,6.3271355628967285
780,3,17,-0.1783600151538849,-0.1783600151538849,0.012583182193338871,0.0,5.829337120056152
780,3,18,-0.33893468976020813,-0.33893468976020813,0.013234985060989857,0.0,5.966629505157471
780,3,19,0.21137699484825134,0.21137699484825134,0.012630817480385303,0.0,6.003923416137695
780,4,0,-0.45328831672668457,-0.45328831672668457,0.013327429071068764,0.0,6.265547752380371
780,4,1,-0.182913675904274,-0.182913675904274,0.01978757418692112,0.0,6.528452396392822
780,4,2,0.5385999083518982,0.5385999083518982,0.011918919160962105,0.0,6.535016059875488
780,4,3,-0.17124974727630615,-0.17124974727630615,0.013365683145821095,0.0,6.0229315757751465
780,4,4,-0.2836799919605255,-0.2836799919605255,0.014046895317733288,0.0,5.365276336669922
780,4,5,0.3555395007133484,0.3555395007133484,0.012514479458332062,0.0,6.10568904876709
780,4,6,0.9897751212120056,0.9897751212120056,0.01276392675936222,0.0,6.00468635559082
780,4,7,-0.4507400691509247,-0.4507400691509247,0.014601096510887146,0.0,5.857612609863281
780,4,8,-0.7690070867538452,-0.7690070867538452,0.012307028286159039,0.0,5.322182655334473
780,4,9,0.5663812160491943,0.5663812160491943,0.01309200469404459,0.0,6.193347454071045
780,4,10,0.11596804857254028,0.11596804857254028,0.013168251141905785,0.0,6.2739691734313965
780,4,11,-1.5874876976013184,-1.5874876976013184,0.016395203769207,0.0,6.311402320861816
780,4,12,0.17725269496440887,0.17725269496440887,0.012357812374830246,0.0,6.315335273742676
780,4,13,0.1735144853591919,-1.826485514640808,0.8945564031600952,1.0,5.727895736694336
780,4,14,-0.5910832285881042,-0.5910832285881042,0.012249130755662918,0.0,6.345890522003174
780,4,15,0.7972261309623718,0.7972261309623718,0.012681972235441208,0.0,6.152640342712402
780,4,16,-0.23926419019699097,-0.23926419019699097,0.014510472305119038,0.0,5.432977676391602
780,4,17,0.19827722012996674,0.19827722012996674,0.012627586722373962,0.0,6.598792552947998
780,4,18,0.7377817630767822,0.7377817630767822,0.01316662784665823,0.0,5.971468925476074
780,4,19,-0.6446285247802734,-0.6446285247802734,0.0124006737023592,0.0,5.720457077026367
760,0,0,-0.3322078585624695,-0.3322078585624695,0.012691576965153217,0.0,6.325756072998047
760,0,1,2.5865373611450195,0.5865374207496643,0.9839580059051514,1.0,7.235808849334717
760,0,2,0.3389415144920349,0.3389415144920349,0.012684181332588196,0.0,5.049859523773193
760,0,3,0.269913911819458,0.269913911819458,0.015100049786269665,0.0,5.390261650085449
760,0,4,0.571973443031311,0.571973443031311,0.012890355661511421,0.0,6.136903762817383
760,0,5,0.8049841523170471,0.8049841523170471,0.013661757111549377,0.0,5.863801956176758
760,0,6,0.845350980758667,0.845350980758667,0.01265074871480465,0.0,4.742966651916504
760,0,7,1.0311322212219238,1.0311322212219238,0.012570084072649479,0.0,5.632328033447266
760,0,8,0.7233481407165527,0.7233481407165527,0.012084675021469593,0.0,4.867049217224121
760,0,9,0.513680636882782,0.513680636882782,0.012888633646070957,0.0,5.611462593078613
760,0,10,0.07838879525661469,0.07838879525661469,0.012804952450096607,0.0,6.044589042663574
760,0,11,0.49115025997161865,0.49115025997161865,0.012140431441366673,0.0,4.672994136810303
760,0,12,0.46224072575569153,0.46224072575569153,0.012728866189718246,0.0,5.568190574645996
760,0,13,0.2801726460456848,0.2801726460456848,0.01295158639550209,0.0,5.583005905151367
760,0,14,0.31276169419288635,0.31276169419288635,0.012430000118911266,0.0,5.9623212814331055
760,0,15,0.8098024129867554,0.8098024129867554,0.012355903163552284,0.0,5.781610012054443
760,0,16,0.5694522857666016,0.5694522857666016,0.012446705251932144,0.0,5.4737229347229
760,0,17,0.7372335195541382,0.7372335195541382,0.012423960492014885,0.0,6.196752071380615
760,0,18,1.1612026691436768,1.1612026691436768,0.012736755423247814,0.0,5.639459609985352
760,0,19,0.30065426230430603,0.30065426230430603,0.01210229005664587,0.0,5.475290298461914
760,1,0,-0.23055124282836914,-0.23055124282836914,0.013977945782244205,0.0,6.106025218963623
760,1,1,0.3313741087913513,0.3313741087913513,0.01272191759198904,0.0,5.818343162536621
760,1,2,2.819096565246582,0.8190965056419373,0.9767197370529175,1.0,7.167022705078125
760,1,3,3.1936097145080566,1.1936098337173462,0.9823663234710693,1.0,7.609838962554932
760,1,4,0.650532066822052,0.650532066822052,0.013969732448458672,0.0,5.572551727294922
760,1,5,0.3478556275367737,0.3478556275367737,0.013549474067986012,0.0,4.851912021636963
760,1,6,2.677466869354248,0.6774667501449585,0.9801456332206726,1.0,6.684458255767822
760,1,7,2.7168290615081787,0.7168290615081787,0.9859345555305481,1.0,5.303236961364746
760,1,8,2.7817578315734863,0.7817579507827759,0.9783655405044556,1.0,7.337198257446289
760,1,9,0.8564699292182922,0.8564699292182922,0.012760617770254612,0.0,5.040283679962158
760,1,10,2.4392268657684326,0.4392269253730774,0.9810039401054382,1.0,7.340020656585693
760,1,11,2.787795066833496,0.7877949476242065,0.9855844378471375,1.0,6.493805885314941
760,1,12,2.895388603210449,0.8953886032104492,0.985672116279602,1.0,6.055438041687012
760,1,13,0.8777605295181274,0.8777605295181274,0.013516676612198353,0.0,6.08264684677124
760,1,14,3.1046767234802246,1.1046768426895142,0.9777952432632446,1.0,6.527801513671875
760,1,15,2.5631277561187744,0.5631277561187744,0.980395495891571,1.0,6.643239498138428
760,1,16,0.5635645389556885,0.5635645389556885,0.012751671485602856,0.0,6.005978584289551
760,1,17,0.6239643096923828,0.6239643096923828,0.02199557237327099,0.0,6.601836204528809
760,1,18,0.7263385653495789,0.7263385653495789,0.012943785637617111,0.0,4.793652057647705
760,1,19,2.66422438621521,0.66422438621521,0.9859762191772461,1.0,6.915436267852783
760,2,0,-0.92767333984375,-0.92767333984375,0.013052000664174557,0.0,7.61610221862793
760,2,1,1.6255714893341064,-0.37442854046821594,0.9841236472129822,1.0,6.1099324226379395
760,2,2,-1.2735024690628052,-1.2735024690628052,0.013488146476447582,0.0,5.477313995361328
760,2,3,1.1960266828536987,-0.8039733171463013,0.9820984601974487,1.0,6.685696601867676
760,2,4,-1.550400972366333,-1.550400972366333,0.017919182777404785,0.0,4.415226459503174
760,2,5,-0.7322720289230347,-0.7322720289230347,0.015198366716504097,0.0,5.945218086242676
760,2,6,-1.0254923105239868,-1.0254923105239868,0.013304373249411583,0.0,6.00043249130249
760,2,7,0.5842894315719604,0.5842894315719604,0.013913346454501152,0.0,6.447398662567139
760,2,8,-0.7991901636123657,-0.7991901636123657,0.015015607699751854,0.0,5.579034328460693
760,2,9,0.2081407755613327,0.2081407755613327,0.09096471220254898,0.0,7.112605094909668
760,2,10,0.5663177967071533,0.5663177967071533,0.01567809283733368,0.0,6.418361186981201
760,2,11,-1.5852454900741577,-1.5852454900741577,0.015508006326854229,0.0,4.924037933349609
760,2,12,-0.9696809649467468,-0.9696809649467468,0.012876463122665882,0.0,5.756672382354736
760,2,13,1.1863882541656494,-0.8136118054389954,0.9804003238677979,1.0,5.260566234588623
760,2,14,-0.7095144391059875,-0.7095144391059875,0.013819647952914238,0.0,5.335023880004883
760,2,15,-1.1598056554794312,-1.1598056554794312,0.014256821945309639,0.0,6.188094615936279
760,2,16,-1.459949016571045,-1.459949016571045,0.012607639655470848,0.0,6.108678340911865
760,2,17,-1.2996832132339478,-1.2996832132339478,0.012846610508859158,0.0,6.415126800537109
760,2,18,-0.8373843431472778,-0.8373843431472778,0.013419849798083305,0.0,6.582617282867432
760,2,19,-1.6373529434204102,-1.6373529434204102,0.013290499337017536,0.0,5.4376397132873535
760,3,0,0.27884456515312195,0.27884456515312195,0.012641292996704578,0.0,6.1363983154296875
760,3,1,0.2049286663532257,0.2049286663532257,0.01371580921113491,0.0,5.47879695892334
760,3,2,-0.14897501468658447,-0.14897501468658447,0.01340729184448719,0.0,6.667989730834961
760,3,3,0.015290417708456516,0.015290417708456516,0.013164451345801353,0.0,5.532233238220215
760,3,4,0.5065712332725525,0.5065712332725525,0.01273821759968996,0.0,4.8431715965271
760,3,5,0.001892705331556499,0.001892705331556499,0.012965722009539604,0.0,5.756950378417969
760,3,6,0.4436802268028259,0.4436802268028259,0.013014545664191246,0.0,5.220732688903809
760,3,7,0.5433604121208191,0.5433604121208191,0.013277136720716953,0.0,5.242670059204102
760,3,8,0.07713598012924194,0.07713598012924194,0.012861168943345547,0.0,5.7650580406188965
760,3,9,-0.0422234944999218,-0.0422234944999218,0.013335243798792362,0.0,5.2267608642578125
760,3,10,0.01464180275797844,0.01464180275797844,0.01370807085186243,0.0,5.18721342086792
760,3,11,-0.12436007708311081,-0.12436007708311081,0.013755213469266891,0.0,6.3718719482421875
760,3,12,0.27840951085090637,0.27840951085090637,0.012508422136306763,0.0,5.644271373748779
760,3,13,-0.06859181821346283,-0.06859181821346283,0.013250124640762806,0.0,6.229219436645508
760,3,14,0.13385868072509766,0.13385868072509766,0.013175626285374165,0.0,5.652643203735352
760,3,15,0.16972263157367706,0.16972263157367706,0.013560804538428783,0.0,5.9989190101623535
760,3,16,0.20819109678268433,0.20819109678268433,0.013502124696969986,0.0,5.192758560180664
760,3,17,-0.032346323132514954,-0.032346323132514954,0.012859036214649677,0.0,5.592949390411377
760,3,18,-0.32972243428230286,-0.32972243428230286,0.027749525383114815,0.0,6.685997009277344
760,3,19,0.04067772254347801,0.04067772254347801,0.01315498910844326,0.0,5.731781959533691
760,4,0,0.32469335198402405,0.32469335198402405,0.012381994165480137,0.0,7.033383846282959
760,4,1,0.1823340356349945,0.1823340356349945,0.012839779257774353,0.0,5.674966335296631
760,4,2,-0.012148603796958923,-0.012148603796958923,0.013563450425863266,0.0,6.55936336517334
760,4,3,0.2847081422805786,0.2847081422805786,0.012770399451255798,0.0,6.106096267700195
760,4,4,-0.1614408940076828,-0.1614408940076828,0.015527676790952682,0.0,6.138699054718018
760,4,5,0.25576791167259216,0.25576791167259216,0.012598472647368908,0.0,6.677844047546387
760,4,6,-0.38445302844047546,-0.38445302844047546,0.013728315941989422,0.0,5.680062294006348
760,4,7,0.37665626406669617,0.37665626406669617,0.012585766613483429,0.0,6.160405158996582
760,4,8,0.40570250153541565,0.40570250153541565,0.012349202297627926,0.0,6.162313461303711
760,4,9,0.40047234296798706,0.40047234296798706,0.012339075095951557,0.0,6.299468994140625
760,4,10,0.6309890151023865,0.6309890151023865,0.012753747403621674,0.0,5.814198970794678
760,4,11,0.5856578350067139,0.5856578350067139,0.013928034342825413,0.0,5.804281234741211
760,4,12,-0.3211100697517395,-0.3211100697517395,0.013633704744279385,0.0,6.4232587814331055
760,4,13,-0.23493631184101105,-0.23493631184101105,0.013538056053221226,0.0,6.520719528198242
760,4,14,-0.7094494104385376,-0.7094494104385376,0.014047220349311829,0.0,5.901382923126221
760,4,15,-0.7091816067695618,-0.7091816067695618,0.014814079739153385,0.0,6.047443389892578
760,4,16,0.315058171749115,0.315058171749115,0.01276244968175888,0.0,4.949873924255371
760,4,17,-0.5788814425468445,-0.5788814425468445,0.012308059260249138,0.0,5.7505202293396
760,4,18,0.4821164011955261,0.4821164011955261,0.01235820259898901,0.0,6.830663681030273
760,4,19,0.5450391173362732,0.5450391173362732,0.012844458222389221,0.0,5.168353080749512
740,0,0,0.6816676259040833,0.6816676259040833,0.012693215161561966,0.0,5.205323219299316
740,0,1,0.6846661567687988,0.6846661567687988,0.013705053366720676,0.0,5.710310935974121
740,0,2,0.6789640188217163,0.6789640188217163,0.01265460904687643,0.0,5.069386959075928
740,0,3,0.8764894604682922,0.8764894604682922,0.012726733461022377,0.0,6.06424617767334
740,0,4,0.6592612266540527,0.6592612266540527,0.012975783087313175,0.0,5.934244155883789
740,0,5,0.062382906675338745,0.062382906675338745,0.0120733343064785,0.0,6.3657708168029785
740,0,6,0.33157530426979065,0.33157530426979065,0.012961757369339466,0.0,5.096306800842285
740,0,7,1.0764331817626953,1.0764331817626953,0.01238164957612753,0.0,5.50161600112915
740,0,8,0.3989986479282379,0.3989986479282379,0.012566428631544113,0.0,5.652732849121094
740,0,9,0.10439902544021606,0.10439902544021606,0.012640162371098995,0.0,4.966005325317383
740,0,10,0.7699271440505981,0.7699271440505981,0.01300939079374075,0.0,4.238764762878418
740,0,11,0.9262906908988953,0.9262906908988953,0.012427974492311478,0.0,6.386908531188965
740,0,12,0.34077560901641846,0.34077560901641846,0.012871257029473782,0.0,5.718690872192383
740,0,13,0.5130628347396851,0.5130628347396851,0.012721295468509197,0.0,5.540493011474609
740,0,14,0.6145362854003906,0.6145362854003906,0.014234938658773899,0.0,6.5189971923828125
740,0,15,0.5312268733978271,0.5312268733978271,0.01439874991774559,0.0,5.62764310836792
740,0,16,0.7156995534896851,0.7156995534896851,0.012909081764519215,0.0,5.660860061645508
740,0,17,0.4659844934940338,0.4659844934940338,0.012509186752140522,0.0,6.065533638000488
740,0,18,1.0398229360580444,1.0398229360580444,0.01274324394762516,0.0,5.459434986114502
740,0,19,1.3262766599655151,1.3262766599655151,0.012587450444698334,0.0,6.004956245422363
740,1,0,2.3605241775512695,0.36052417755126953,0.9839028120040894,1.0,6.678462028503418
740,1,1,0.4735368490219116,0.4735368490219116,0.014625479467213154,0.0,6.8739800453186035
740,1,2,0.42691951990127563,0.42691951990127563,0.013505734503269196,0.0,5.1287689208984375
740,1,3,0.5788061022758484,0.5788061022758484,0.013295452110469341,0.0,5.323720932006836
740,1,4,0.43414926528930664,0.43414926528930664,0.016171570867300034,0.0,6.146057605743408
740,1,5,0.3150312006473541,0.3150312006473541,0.013085640966892242,0.0,5.7336201667785645
740,1,6,0.6466993689537048,0.6466993689537048,0.012304488569498062,0.0,4.971823692321777
740,1,7,0.3089902698993683,0.3089902698993683,0.012597909197211266,0.0,5.061338424682617
740,1,8,2.3732640743255615,0.3732641339302063,0.9749096632003784,1.0,6.524557113647461
740,1,9,0.25796300172805786,0.25796300172805786,0.014172432012856007,0.0,4.835039138793945
740,1,10,0.3099297881126404,0.3099297881126404,0.015993651002645493,0.0,5.832427501678467
740,1,11,0.6155146956443787,0.6155146956443787,0.013141564093530178,0.0,5.501874923706055
740,1,12,0.17782968282699585,0.17782968282699585,0.01309500727802515,0.0,5.877560615539551
740,1,13,2.6353886127471924,0.6353885531425476,0.9765263199806213,1.0,6.089255332946777
740,1,14,2.608173370361328,0.6081734895706177,0.982559859752655,1.0,6.269993782043457
740,1,15,2.825965642929077,0.8259655833244324,0.9854884743690491,1.0,6.949007987976074
740,1,16,0.11711573600769043,0.11711573600769043,0.014035594649612904,0.0,6.228720664978027
740,1,17,2.787508487701416,0.7875086069107056,0.976584255695343,1.0,6.523252487182617
740,1,18,-0.06887123733758926,-0.06887123733758926,0.014461533166468143,0.0,5.804271221160889
740,1,19,0.16814924776554108,0.16814924776554108,0.012797528877854347,0.0,6.371242523193359
740,2,0,-0.8183455467224121,-0.8183455467224121,0.013748408295214176,0.0,5.744309902191162
740,2,1,1.4374170303344727,-0.5625829100608826,0.9861736297607422,1.0,6.505978584289551
740,2,2,0.09536410123109818,0.09536410123109818,0.012737846001982689,0.0,6.142195701599121
740,2,3,-1.2903856039047241,-1.2903856039047241,0.014006655663251877,0.0,5.1475114822387695
740,2,4,-0.5312415361404419,-0.5312415361404419,0.012793699279427528,0.0,5.104323863983154
740,2,5,-0.1898670643568039,-0.1898670643568039,0.013851605355739594,0.0,6.274967670440674
740,2,6,-0.9993501305580139,-0.9993501305580139,0.014007538557052612,0.0,6.795933723449707
740,2,7,-0.7525554299354553,-0.7525554299354553,0.015589611604809761,0.0,5.6368608474731445
740,2,8,0.38843831419944763,0.38843831419944763,0.013183185830712318,0.0,6.0149431228637695
740,2,9,-0.2153954952955246,-0.2153954952955246,0.014247610233724117,0.0,5.295348167419434
740,2,10,-1.502772569656372,-1.502772569656372,0.01627087965607643,0.0,5.3515496253967285
740,2,11,-0.6124901175498962,-0.6124901175498962,0.013263835571706295,0.0,5.771270275115967
740,2,12,-0.25365859270095825,-0.25365859270095825,0.013155721127986908,0.0,5.460443019866943
740,2,13,-1.6153744459152222,-1.6153744459152222,0.014796470291912556,0.0,5.590175628662109
740,2,14,-1.5441781282424927,-1.5441781282424927,0.013139133341610432,0.0,5.551992416381836
740,2,15,-1.1840416193008423,-1.1840416193008423,0.013239962048828602,0.0,5.891941070556641
740,2,16,-0.9302153587341309,-0.9302153587341309,0.018149303272366524,0.0,5.804752826690674
740,2,17,-1.0497667789459229,-1.0497667789459229,0.013655152171850204,0.0,6.758245468139648
740,2,18,-1.2970951795578003,-1.2970951795578003,0.012567208148539066,0.0,4.270395755767822
740,2,19,1.04876708984375,-0.95123291015625,0.9004843831062317,1.0,6.3876447677612305
740,3,0,0.2387595921754837,0.2387595921754837,0.012378175742924213,0.0,6.235252857208252
740,3,1,0.1519596129655838,0.1519596129655838,0.012696100398898125,0.0,5.442546367645264
740,3,2,0.3595041334629059,0.3595041334629059,0.013266320340335369,0.0,5.102032661437988
740,3,3,-0.15696556866168976,-0.15696556866168976,0.013672633096575737,0.0,5.768685340881348
740,3,4,0.341038316488266,0.341038316488266,0.012313978746533394,0.0,5.829677581787109
740,3,5,0.4265861213207245,0.4265861213207245,0.012847553938627243,0.0,5.907834053039551
740,3,6,0.038334477692842484,0.038334477692842484,0.01280309073626995,0.0,5.503235816955566
740,3,7,0.2098282426595688,0.2098282426595688,0.013305651023983955,0.0,5.590616226196289
740,3,8,-0.033551305532455444,-0.033551305532455444,0.013070379383862019,0.0,5.188844680786133
740,3,9,-0.31923529505729675,-0.31923529505729675,0.012948203831911087,0.0,6.285001277923584
740,3,10,-0.3686535656452179,-0.3686535656452179,0.013837634585797787,0.0,5.345902442932129
740,3,11,0.2511731684207916,0.2511731684207916,0.013254121877253056,0.0,6.057415008544922
740,3,12,-0.11701168119907379,-0.11701168119907379,0.013016065582633018,0.0,5.351391792297363
740,3,13,0.1505664885044098,0.1505664885044098,0.013055354356765747,0.0,5.185253620147705
740,3,14,0.8424201607704163,0.8424201607704163,0.012792416848242283,0.0,5.6660566329956055
740,3,15,-0.2405964881181717,-0.2405964881181717,0.012539641000330448,0.0,5.147091865539551
740,3,16,-0.49760836362838745,-0.49760836362838745,0.014473235234618187,0.0,4.540534973144531
740,3,17,-0.1639460176229477,-0.1639460176229477,0.013373324647545815,0.0,5.462297439575195
740,3,18,0.3777177333831787,0.3777177333831787,0.012935349717736244,0.0,5.731468677520752
740,3,19,0.015008600428700447,0.015008600428700447,0.012635842896997929,0.0,5.021289348602295
740,4,0,0.9146620631217957,0.9146620631217957,0.012794805690646172,0.0,6.338397026062012
740,4,1,0.3435882329940796,0.3435882329940796,0.012365276925265789,0.0,6.487828254699707
740,4,2,0.22454530000686646,0.22454530000686646,0.012961501255631447,0.0,6.218175888061523
740,4,3,0.5243913531303406,0.5243913531303406,0.012102596461772919,0.0,5.926753044128418
740,4,4,-0.3831556737422943,-0.3831556737422943,0.0135122649371624,0.0,5.220556735992432
740,4,5,0.31174159049987793,0.31174159049987793,0.012301167473196983,0.0,6.2261247634887695
740,4,6,-0.5271475315093994,-0.5271475315093994,0.012708245776593685,0.0,5.333710193634033
740,4,7,-0.09450724720954895,-0.09450724720954895,0.013594333082437515,0.0,5.50285530090332
740,4,8,0.24421897530555725,0.24421897530555725,0.012756263837218285,0.0,5.427299976348877
740,4,9,0.17018505930900574,0.17018505930900574,0.014628998935222626,0.0,6.404737949371338
740,4,10,0.4451574683189392,0.4451574683189392,0.01322588324546814,0.0,5.553366661071777
740,4,11,0.04973587766289711,0.04973587766289711,0.013286389410495758,0.0,6.4392242431640625
740,4,12,-0.28597506880760193,-0.28597506880760193,0.014361200854182243,0.0,6.091203212738037
740,4,13,-0.31483232975006104,-0.31483232975006104,0.012866334989666939,0.0,5.9167304039001465
740,4,14,0.6783888339996338,0.6783888339996338,0.01324331946671009,0.0,5.10340690612793
740,4,15,-0.9753510355949402,-0.9753510355949402,0.01299897488206625,0.0,5.622381210327148
740,4,16,-0.2670460343360901,-0.2670460343360901,0.013169260695576668,0.0,5.787532329559326
740,4,17,-0.03136425092816353,-0.03136425092816353,0.013119461014866829,0.0,6.211949348449707
740,4,18,0.9161810874938965,0.9161810874938965,0.013360049575567245,0.0,5.387035846710205
740,4,19,-0.04219886288046837,-0.04219886288046837,0.013081147335469723,0.0,5.248920440673828
720,0,0,0.7699432969093323,0.7699432969093323,0.011767258867621422,0.0,5.824877738952637
720,0,1,0.8098110556602478,0.8098110556602478,0.012641746550798416,0.0,5.700858116149902
720,0,2,0.4707512855529785,0.4707512855529785,0.013046534731984138,0.0,5.94350528717041
720,0,3,0.8627418875694275,0.8627418875694275,0.012680252082645893,0.0,5.653372764587402
720,0,4,0.6008709669113159,0.6008709669113159,0.013462422415614128,0.0,5.462759017944336
720,0,5,-0.10144833475351334,-0.10144833475351334,0.012857888825237751,0.0,5.451325416564941
720,0,6,0.45398396253585815,0.45398396253585815,0.012679167091846466,0.0,5.964739799499512
720,0,7,0.5132020711898804,0.5132020711898804,0.013030249625444412,0.0,4.984602928161621
720,0,8,0.11090559512376785,0.11090559512376785,0.013223158195614815,0.0,5.1794281005859375
720,0,9,0.19865861535072327,0.19865861535072327,0.013780191540718079,0.0,5.788180351257324
720,0,10,0.8826175332069397,0.8826175332069397,0.01231006532907486,0.0,5.455986022949219
720,0,11,0.35444170236587524,0.35444170236587524,0.012832080945372581,0.0,5.6417646408081055
720,0,12,0.8123016357421875,0.8123016357421875,0.012342468835413456,0.0,5.502066135406494
720,0,13,0.8370702266693115,0.8370702266693115,0.012132255360484123,0.0,5.048585414886475
720,0,14,0.5047149658203125,0.5047149658203125,0.012840129435062408,0.0,6.816016674041748
720,0,15,0.7623476386070251,0.7623476386070251,0.012992247007787228,0.0,6.044644355773926
720,0,16,0.9799331426620483,0.9799331426620483,0.011971217580139637,0.0,5.448833465576172
720,0,17,0.6597469449043274,0.6597469449043274,0.01387579832226038,0.0,5.700835227966309
720,0,18,0.5691820979118347,0.5691820979118347,0.013132303021848202,0.0,6.339225769042969
720,0,19,0.9793901443481445,0.9793901443481445,0.012209126725792885,0.0,5.516225814819336
720,1,0,0.2237333357334137,0.2237333357334137,0.014876705594360828,0.0,5.00200080871582
720,1,1,2.7543716430664062,0.7543717622756958,0.9065748453140259,1.0,7.026736736297607
720,1,2,0.1335742175579071,0.1335742175579071,0.013896594755351543,0.0,6.759141445159912
720,1,3,2.343804121017456,0.34380418062210083,0.9714095592498779,1.0,7.055736541748047
720,1,4,2.554159164428711,0.5541590452194214,0.984029233455658,1.0,6.159830093383789
720,1,5,2.636974811553955,0.6369746923446655,0.9768999814987183,1.0,6.304654121398926
720,1,6,2.6499547958374023,0.6499546766281128,0.981665313243866,1.0,6.492246627807617
720,1,7,0.10021613538265228,0.10021613538265228,0.01292446255683899,0.0,5.771701812744141
720,1,8,2.880756378173828,0.8807563781738281,0.9846096038818359,1.0,6.7761125564575195
720,1,9,2.5267457962036133,0.5267457962036133,0.985823392868042,1.0,6.738688945770264
720,1,10,0.1948314756155014,0.1948314756155014,0.013516905717551708,0.0,5.6255903244018555
720,1,11,0.26289090514183044,0.26289090514183044,0.012893524952232838,0.0,5.779332160949707
720,1,12,2.6759121417999268,0.675912082195282,0.984774112701416,1.0,6.998368263244629
720,1,13,0.506395161151886,0.506395161151886,0.01324125099927187,0.0,5.419629096984863
720,1,14,0.4804684519767761,0.4804684519767761,0.014844481833279133,0.0,5.03170108795166
720,1,15,0.2940574288368225,0.2940574288368225,0.0,0.0,6.289777755737305
720,1,16,2.7211861610412598,0.7211861610412598,0.9805232882499695,1.0,7.255069255828857
720,1,17,0.6383610367774963,0.6383610367774963,0.01438035536557436,0.0,6.008093357086182
720,1,18,2.644969940185547,0.6449698209762573,0.983815610408783,1.0,7.519083023071289
720,1,19,0.333590567111969,0.333590567111969,0.013300280086696148,0.0,6.0952630043029785
720,2,0,-1.1338475942611694,-1.1338475942611694,0.024362852796912193,0.0,5.457530498504639
720,2,1,-1.1468039751052856,-1.1468039751052856,0.015397001057863235,0.0,4.867031097412109
720,2,2,-1.0874732732772827,-1.0874732732772827,0.013357260264456272,0.0,5.622580528259277
720,2,3,-1.5901203155517578,-1.5901203155517578,0.01314710546284914,0.0,6.1662821769714355
720,2,4,-0.40282320976257324,-0.40282320976257324,0.030967744067311287,0.0,4.998274803161621
720,2,5,1.8243287801742554,-0.17567123472690582,0.9824418425559998,1.0,6.072469711303711
720,2,6,-0.8930293321609497,-0.8930293321609497,0.014635242521762848,0.0,6.266472339630127
720,2,7,-1.8451907634735107,-1.8451907634735107,0.016969725489616394,0.0,5.622798442840576
720,2,8,-0.38892021775245667,-0.38892021775245667,0.014274015091359615,0.0,5.328831195831299
720,2,9,-0.8761058449745178,-0.8761058449745178,0.013862941414117813,0.0,5.354487419128418
720,2,10,-0.9027262926101685,-0.9027262926101685,0.01370185799896717,0.0,5.542883396148682
720,2,11,-0.3811394274234772,-0.3811394274234772,0.01313360221683979,0.0,6.717770576477051
720,2,12,-1.341565728187561,-1.341565728187561,0.0196871105581522,0.0,5.831900596618652
720,2,13,-1.5270251035690308,-1.5270251035690308,0.013096386566758156,0.0,5.12460470199585
720,2,14,-1.0840857028961182,-1.0840857028961182,0.012672578915953636,0.0,5.044395446777344
720,2,15,-0.8294835686683655,-0.8294835686683655,0.013080875389277935,0.0,6.239765167236328
720,2,16,-1.2908073663711548,-1.2908073663711548,0.014047105796635151,0.0,5.656376838684082
720,2,17,-1.4511550664901733,-1.4511550664901733,0.017222557216882706,0.0,5.926044464111328
720,2,18,-0.8157752156257629,-0.8157752156257629,0.015966186299920082,0.0,4.6849446296691895
720,2,19,1.4066450595855713,-0.5933548808097839,0.9846864938735962,1.0,5.196832180023193
720,3,0,-0.25117459893226624,-0.25117459893226624,0.013933470472693443,0.0,5.367152214050293
720,3,1,0.43996745347976685,0.43996745347976685,0.012898767367005348,0.0,5.2056379318237305
720,3,2,-0.15978622436523438,-0.15978622436523438,0.013344201259315014,0.0,5.677168846130371
720,3,3,0.2578119933605194,0.2578119933605194,0.013002485036849976,0.0,6.029780387878418
720,3,4,0.34922903776168823,0.34922903776168823,0.013340390287339687,0.0,6.077188491821289
720,3,5,0.20691971480846405,0.20691971480846405,0.013034578412771225,0.0,5.384265422821045
720,3,6,0.025610731914639473,0.025610731914639473,0.012849338352680206,0.0,5.739036560058594
720,3,7,-0.24964067339897156,-0.24964067339897156,0.01234353892505169,0.0,5.282076835632324
720,3,8,-0.06150224432349205,-0.06150224432349205,0.013546024449169636,0.0,5.155378341674805
720,3,9,0.2588721215724945,0.2588721215724945,0.013216676190495491,0.0,5.403375625610352
720,3,10,0.22280766069889069,0.22280766069889069,0.01242577563971281,0.0,5.5759453773498535
720,3,11,0.6202717423439026,0.6202717423439026,0.01357574388384819,0.0,5.522732734680176
720,3,12,0.1797705590724945,0.1797705590724945,0.013081172481179237,0.0,6.947861671447754
720,3,13,-0.10492004454135895,-0.10492004454135895,0.014712650328874588,0.0,4.922545433044434
720,3,14,0.37216460704803467,0.37216460704803467,0.013212846592068672,0.0,6.856347560882568
720,3,15,0.027225181460380554,0.027225181460380554,0.013521007262170315,0.0,5.244479179382324
720,3,16,0.19741147756576538,0.19741147756576538,0.013599109835922718,0.0,5.994665622711182
720,3,17,0.5252594351768494,0.5252594351768494,0.012847372330725193,0.0,6.543947696685791
720,3,18,0.10294649004936218,0.10294649004936218,0.014040649868547916,0.0,5.857766628265381
720,3,19,0.5794844031333923,0.5794844031333923,0.013316011056303978,0.0,5.2515411376953125
720,4,0,-0.42319780588150024,-0.42319780588150024,0.013233738951385021,0.0,5.772238731384277
720,4,1,0.013162991963326931,0.013162991963326931,0.015399501658976078,0.0,5.838849067687988
720,4,2,0.1745813488960266,0.1745813488960266,0.012754851020872593,0.0,5.149313926696777
720,4,3,0.9028971195220947,0.9028971195220947,0.012665824964642525,0.0,6.87429666519165
720,4,4,0.9170377254486084,0.9170377254486084,0.012191950343549252,0.0,6.902693748474121
720,4,5,-0.9290700554847717,-0.9290700554847717,0.01437657605856657,0.0,5.99928092956543
720,4,6,-0.510972797870636,-0.510972797870636,0.015417927876114845,0.0,6.702136039733887
720,4,7,0.34687960147857666,0.34687960147857666,0.013479323126375675,0.0,6.185429573059082
720,4,8,-0.01944543793797493,-0.01944543793797493,0.014594203792512417,0.0,6.618025302886963
720,4,9,0.21053917706012726,0.21053917706012726,0.013899940066039562,0.0,6.347177505493164
720,4,10,-0.15047946572303772,-0.15047946572303772,0.014100727625191212,0.0,5.926000595092773
720,4,11,-0.206503763794899,-0.206503763794899,0.013255327008664608,0.0,6.6418657302856445
720,4,12,-0.012382502667605877,-0.012382502667605877,0.012548075057566166,0.0,5.398351192474365
720,4,13,0.26364442706108093,0.26364442706108093,0.013736821711063385,0.0,6.727880477905273
720,4,14,-0.5361843705177307,-0.5361843705177307,0.013822143897414207,0.0,5.582573890686035
720,4,15,-0.037061650305986404,-0.037061650305986404,0.013682087883353233,0.0,5.629339218139648
720,4,16,0.47235196828842163,0.47235196828842163,0.012267525307834148,0.0,6.438956260681152
720,4,17,0.3224925100803375,0.3224925100803375,0.012879046611487865,0.0,6.515385627746582
720,4,18,-0.1962505280971527,-0.1962505280971527,0.012054641731083393,0.0,6.190822124481201
720,4,19,0.45374825596809387,0.45374825596809387,0.013217061758041382,0.0,6.620418071746826
700,0,0,-0.09144225716590881,-0.09144225716590881,0.01208643987774849,0.0,6.133283615112305
700,0,1,0.9949567914009094,0.9949567914009094,0.01256764680147171,0.0,5.546133995056152
700,0,2,0.5743865370750427,0.5743865370750427,0.012668474577367306,0.0,5.211273193359375
700,0,3,0.6285282373428345,0.6285282373428345,0.013549009338021278,0.0,6.032464504241943
700,0,4,0.918910801410675,0.918910801410675,0.01198349054902792,0.0,5.912826061248779
700,0,5,0.25066104531288147,0.25066104531288147,0.012867053039371967,0.0,6.1765456199646
700,0,6,0.5127566456794739,0.5127566456794739,0.01254964154213667,0.0,5.493497848510742
700,0,7,0.44564175605773926,0.44564175605773926,0.012525549158453941,0.0,5.7525482177734375
700,0,8,0.5763360261917114,0.5763360261917114,0.012528957799077034,0.0,5.412128448486328
700,0,9,0.31293487548828125,0.31293487548828125,0.012617914006114006,0.0,5.565970420837402
700,0,10,0.4746120274066925,0.4746120274066925,0.013535561040043831,0.0,5.196201324462891
700,0,11,0.3750312030315399,0.3750312030315399,0.012111550197005272,0.0,5.183714866638184
700,0,12,0.4724986255168915,0.4724986255168915,0.012351442128419876,0.0,5.986264228820801
700,0,13,0.5875732898712158,0.5875732898712158,0.012489399872720242,0.0,5.374032020568848
700,0,14,0.4627591669559479,0.4627591669559479,0.012791265733540058,0.0,6.544470310211182
700,0,15,0.07249186187982559,0.07249186187982559,0.012463074177503586,0.0,6.208894729614258
700,0,16,0.5179075598716736,0.5179075598716736,0.012919147498905659,0.0,5.480318069458008
700,0,17,0.7562773823738098,0.7562773823738098,0.012381498701870441,0.0,5.144412040710449
700,0,18,0.37271714210510254,0.37271714210510254,0.012656360864639282,0.0,4.918299198150635
700,0,19,0.8251633644104004,0.8251633644104004,0.012459653429687023,0.0,5.55008602142334
700,1,0,2.901444435119629,0.9014445543289185,0.9858459830284119,1.0,7.344879150390625
700,1,1,2.420426368713379,0.42042648792266846,0.9858826398849487,1.0,7.352850437164307
700,1,2,2.609576940536499,0.6095770001411438,0.9838400483131409,1.0,6.58017635345459
700,1,3,2.764716148376465,0.7647162079811096,0.9828846454620361,1.0,6.362689018249512
700,1,4,2.7367520332336426,0.7367519736289978,0.9808449745178223,1.0,6.645491600036621
700,1,5,0.14917345345020294,0.14917345345020294,0.05929989740252495,0.0,6.669281005859375
700,1,6,2.568539619445801,0.5685396194458008,0.9772102236747742,1.0,5.898075580596924
700,1,7,1.882211446762085,-0.11778853833675385,0.9319711327552795,1.0,6.375903606414795
700,1,8,2.647876024246216,0.6478760242462158,0.9818826913833618,1.0,6.594001293182373
700,1,9,2.946641683578491,0.9466416835784912,0.9828269481658936,1.0,7.216147422790527
700,1,10,2.678805351257324,0.6788054704666138,0.9816521406173706,1.0,7.732672214508057
700,1,11,2.9332237243652344,0.9332237839698792,0.9858188033103943,1.0,6.535854816436768
700,1,12,2.6187891960144043,0.6187892556190491,0.9810577630996704,1.0,5.9468584060668945
700,1,13,2.8721084594726562,0.8721083998680115,0.9823020696640015,1.0,7.249281883239746
700,1,14,0.24993346631526947,0.24993346631526947,0.0,0.0,6.220677375793457
700,1,15,2.780317544937134,0.7803175449371338,0.9846526980400085,1.0,7.54459810256958
700,1,16,2.8025972843170166,0.8025972843170166,0.9840062260627747,1.0,7.11361026763916
700,1,17,2.849809169769287,0.8498091697692871,0.9675572514533997,1.0,6.919668674468994
700,1,18,2.6895503997802734,0.6895503997802734,0.9837121367454529,1.0,6.798232078552246
700,1,19,2.0897696018218994,0.08976956456899643,0.9806744456291199,1.0,5.62205696105957
700,2,0,-1.446972131729126,-1.446972131729126,0.012602143920958042,0.0,6.191743850708008
700,2,1,-1.4509072303771973,-1.4509072303771973,0.014416448771953583,0.0,5.501333236694336
700,2,2,-1.3127919435501099,-1.3127919435501099,0.012941962108016014,0.0,6.233586311340332
700,2,3,-0.9934346675872803,-0.9934346675872803,0.01673508994281292,0.0,6.164964199066162
700,2,4,-1.0145491361618042,-1.0145491361618042,0.0632355585694313,0.0,5.964948654174805
700,2,5,-0.2326444536447525,-0.2326444536447525,0.012585624121129513,0.0,6.152299880981445
700,2,6,-1.176422119140625,-1.176422119140625,0.016498547047376633,0.0,6.105464935302734
700,2,7,-1.001478910446167,-1.001478910446167,0.013101021759212017,0.0,6.310938835144043
700,2,8,-1.019756555557251,-1.019756555557251,0.01308335829526186,0.0,5.646268844604492
700,2,9,-1.2406127452850342,-1.2406127452850342,0.01703251525759697,0.0,5.141839981079102
700,2,10,-1.1949126720428467,-1.1949126720428467,0.013718505389988422,0.0,5.757044315338135
700,2,11,-1.8985059261322021,-1.8985059261322021,0.013536224141716957,0.0,5.804507255554199
700,2,12,-0.8556151986122131,-0.8556151986122131,0.01325732097029686,0.0,5.432013511657715
700,2,13,-1.163163423538208,-1.163163423538208,0.014585593715310097,0.0,5.586206436157227
700,2,14,-1.1784145832061768,-1.1784145832061768,0.013872804120182991,0.0,5.431214809417725
700,2,15,-0.8215959668159485,-0.8215959668159485,0.014070795848965645,0.0,6.481383323669434
700,2,16,-0.6454411149024963,-0.6454411149024963,0.013084971345961094,0.0,6.313246726989746
700,2,17,-0.6957232356071472,-0.6957232356071472,0.013562295585870743,0.0,4.774107456207275
700,2,18,1.1607658863067627,-0.8392341732978821,0.9817387461662292,1.0,5.510680198669434
700,2,19,-1.0648472309112549,-1.0648472309112549,0.014633110724389553,0.0,5.272035121917725
700,3,0,0.4188097417354584,0.4188097417354584,0.0131680341437459,0.0,5.327664375305176
700,3,1,0.3357376456260681,0.3357376456260681,0.013779168017208576,0.0,5.9013214111328125
700,3,2,0.5093621611595154,0.5093621611595154,0.012560725212097168,0.0,5.773597717285156
700,3,3,-0.16131721436977386,-0.16131721436977386,0.012434056960046291,0.0,4.639143943786621
700,3,4,0.1692884862422943,0.1692884862422943,0.012810735031962395,0.0,4.368227481842041
700,3,5,0.23058228194713593,0.23058228194713593,0.013492308557033539,0.0,5.98676872253418
700,3,6,0.10033876448869705,0.10033876448869705,0.013306265696883202,0.0,5.881546497344971
700,3,7,0.3288809359073639,0.3288809359073639,0.012973268516361713,0.0,5.194069862365723
700,3,8,0.12952540814876556,0.12952540814876556,0.01338168978691101,0.0,4.632700443267822
700,3,9,-0.07287584990262985,-0.07287584990262985,0.012964221648871899,0.0,5.995844841003418
700,3,10,-0.15031026303768158,-0.15031026303768158,0.013233453035354614,0.0,5.897705078125
700,3,11,0.25807690620422363,0.25807690620422363,0.012919609434902668,0.0,6.366443634033203
700,3,12,0.021621964871883392,0.021621964871883392,0.013078412972390652,0.0,5.914313316345215
700,3,13,0.16724295914173126,0.16724295914173126,0.012976309284567833,0.0,5.2811598777771
700,3,14,-0.9764490723609924,-0.9764490723609924,0.012926027178764343,0.0,6.15186071395874
700,3,15,0.24224038422107697,0.24224038422107697,0.013070796616375446,0.0,5.923344612121582
700,3,16,0.09199443459510803,0.09199443459510803,0.012988860718905926,0.0,6.099933624267578
700,3,17,0.11628390848636627,0.11628390848636627,0.012894738465547562,0.0,5.612159729003906
700,3,18,0.1041785404086113,0.1041785404086113,0.01290892343968153,0.0,4.715454578399658
700,3,19,-0.1238097995519638,-0.1238097995519638,0.013082513585686684,0.0,4.910139560699463
700,4,0,0.5069478750228882,0.5069478750228882,0.013189563527703285,0.0,6.4673614501953125
700,4,1,0.17558731138706207,0.17558731138706207,0.013810837641358376,0.0,6.709789276123047
700,4,2,0.5666131973266602,0.5666131973266602,0.012482697144150734,0.0,5.740716934204102
700,4,3,-0.8350784778594971,-0.8350784778594971,0.012922954745590687,0.0,5.136204719543457
700,4,4,-0.21061311662197113,-0.21061311662197113,0.013139449991285801,0.0,6.238918304443359
700,4,5,0.3794359862804413,0.3794359862804413,0.014130628667771816,0.0,5.6027398109436035
700,4,6,0.00629822164773941,0.00629822164773941,0.012615715153515339,0.0,6.8402557373046875
700,4,7,0.34569430351257324,0.34569430351257324,0.015318146906793118,0.0,6.395955562591553
700,4,8,0.601159393787384,0.601159393787384,0.013796966522932053,0.0,7.084794998168945
700,4,9,-0.4478701055049896,-0.4478701055049896,0.013479303568601608,0.0,6.334420204162598
700,4,10,0.6733226180076599,0.6733226180076599,0.013673894107341766,0.0,6.564044952392578
700,4,11,0.4396325945854187,0.4396325945854187,0.014087237417697906,0.0,6.878378868103027
700,4,12,-0.23908378183841705,-0.23908378183841705,0.01290659699589014,0.0,5.877516746520996
700,4,13,0.23318567872047424,0.23318567872047424,0.013585951179265976,0.0,5.315136909484863
700,4,14,0.5722760558128357,0.5722760558128357,0.012662851251661777,0.0,6.503450393676758
700,4,15,0.5166769027709961,0.5166769027709961,0.014115199446678162,0.0,6.141122817993164
700,4,16,0.8049803376197815,0.8049803376197815,0.012614468112587929,0.0,6.197816371917725
700,4,17,-1.9001585245132446,-1.9001585245132446,0.017856871709227562,0.0,4.786545276641846
700,4,18,0.2775866687297821,0.2775866687297821,0.013985157012939453,0.0,5.891274452209473
700,4,19,0.12359505146741867,0.12359505146741867,0.012776118703186512,0.0,5.96357536315918
680,0,0,0.6048212647438049,0.6048212647438049,0.01237552985548973,0.0,5.719942092895508
680,0,1,0.9661267399787903,0.9661267399787903,0.012869325466454029,0.0,5.773479461669922
680,0,2,0.28770503401756287,0.28770503401756287,0.012339225970208645,0.0,5.257812976837158
680,0,3,0.6799863576889038,0.6799863576889038,0.012473142705857754,0.0,6.004964828491211
680,0,4,0.38769203424453735,0.38769203424453735,0.012635604478418827,0.0,5.752880096435547
680,0,5,0.732966959476471,0.732966959476471,0.012625448405742645,0.0,4.320868492126465
680,0,6,0.3611909747123718,0.3611909747123718,0.012623515911400318,0.0,5.659000873565674
680,0,7,0.8333690166473389,0.8333690166473389,0.012209824286401272,0.0,5.787846565246582
680,0,8,0.5810911655426025,0.5810911655426025,0.012536181136965752,0.0,5.620749473571777
680,0,9,1.1944185495376587,1.1944185495376587,0.012352261692285538,0.0,6.062018394470215
680,0,10,1.068110466003418,1.068110466003418,0.012572836130857468,0.0,5.259192943572998
680,0,11,0.49607327580451965,0.49607327580451965,0.013318818993866444,0.0,5.933938503265381
680,0,12,1.0154439210891724,1.0154439210891724,0.012395137920975685,0.0,5.695072174072266
680,0,13,0.77341628074646,0.77341628074646,0.012718301266431808,0.0,5.072751045227051
680,0,14,0.887879490852356,0.887879490852356,0.012813661247491837,0.0,6.032678604125977
680,0,15,0.5690726637840271,0.5690726637840271,0.011901253834366798,0.0,5.920864105224609
680,0,16,0.4049456715583801,0.4049456715583801,0.012261529453098774,0.0,5.0149335861206055
680,0,17,0.42869508266448975,0.42869508266448975,0.012498400174081326,0.0,6.1713056564331055
680,0,18,0.6158447861671448,0.6158447861671448,0.01362877618521452,0.0,5.323416233062744
680,0,19,0.7064990997314453,0.7064990997314453,0.01292132306843996,0.0,5.162425994873047
680,1,0,2.6248536109924316,0.6248536705970764,0.9860034584999084,1.0,7.848442554473877
680,1,1,2.4472994804382324,0.44729945063591003,0.9801142811775208,1.0,7.465545654296875
680,1,2,0.23835614323616028,0.23835614323616028,0.0144987553358078,0.0,6.130998611450195
680,1,3,2.914459705352783,0.9144598245620728,0.9751275777816772,1.0,7.318464756011963
680,1,4,2.436828374862671,0.4368284046649933,0.9445918202400208,1.0,7.159063816070557
680,1,5,2.2448415756225586,0.24484167993068695,0.9834254384040833,1.0,7.214949131011963
680,1,6,2.5407962799072266,0.5407963395118713,0.9821927547454834,1.0,7.1610798835754395
680,1,7,2.841430425643921,0.8414304852485657,0.9859946966171265,1.0,7.641957759857178
680,1,8,-0.07293030619621277,-0.07293030619621277,0.013074267655611038,0.0,5.251835823059082
680,1,9,2.653881072998047,0.6538811326026917,0.9819475412368774,1.0,6.299278259277344
680,1,10,0.3917515277862549,0.3917515277862549,0.014690479263663292,0.0,5.813014984130859
680,1,11,2.4468984603881836,0.44689834117889404,0.9760211706161499,1.0,6.498770713806152
680,1,12,2.4990057945251465,0.4990057945251465,0.9776605367660522,1.0,7.056836128234863
680,1,13,0.39660993218421936,0.39660993218421936,0.014847228303551674,0.0,5.405272483825684
680,1,14,2.5009427070617676,0.5009428262710571,0.9782172441482544,1.0,5.443698406219482
680,1,15,0.389555424451828,0.389555424451828,0.0,0.0,5.758234977722168
680,1,16,2.50329852104187,0.5032984614372253,0.9706070423126221,1.0,7.167579650878906
680,1,17,2.678152084350586,0.6781521439552307,0.9836949110031128,1.0,6.968878746032715
680,1,18,0.44440609216690063,0.44440609216690063,0.012955231592059135,0.0,4.505847930908203
680,1,19,2.8418264389038086,0.8418263792991638,0.9452022910118103,1.0,6.734400272369385
680,2,0,-2.0528151988983154,-2.0528151988983154,0.013383575715124607,0.0,5.065593719482422
680,2,1,-0.9334273338317871,-0.9334273338317871,0.013709011487662792,0.0,5.085271835327148
680,2,2,-1.022377371788025,-1.022377371788025,0.013313805684447289,0.0,5.944543838500977
680,2,3,-0.7913147807121277,-0.7913147807121277,0.016511814668774605,0.0,5.569803237915039
680,2,4,-1.9022316932678223,-1.9022316932678223,0.015275451354682446,0.0,6.5858659744262695
680,2,5,-1.1033401489257812,-1.1033401489257812,0.014031225815415382,0.0,5.669059753417969
680,2,6,-0.521216869354248,-0.521216869354248,0.02340862900018692,0.0,6.3972296714782715
680,2,7,-0.24827079474925995,-0.24827079474925995,0.06841858476400375,0.0,6.156014442443848
680,2,8,1.0368937253952026,-0.9631062746047974,0.9828806519508362,1.0,6.200161933898926
680,2,9,1.2230511903762817,-0.7769488096237183,0.8461495041847229,1.0,5.777469158172607
680,2,10,-1.0223147869110107,-1.0223147869110107,0.01463287603110075,0.0,5.965268135070801
680,2,11,-1.2317214012145996,-1.2317214012145996,0.014233040623366833,0.0,5.339090347290039
680,2,12,-0.8735412359237671,-0.8735412359237671,0.013335884548723698,0.0,5.876866340637207
680,2,13,-1.3112647533416748,-1.3112647533416748,0.08081040531396866,0.0,5.073838710784912
680,2,14,-1.4167506694793701,-1.4167506694793701,0.013748306781053543,0.0,5.8034749031066895
680,2,15,-1.843612551689148,-1.843612551689148,0.013373217545449734,0.0,5.731822967529297
680,2,16,-1.3869794607162476,-1.3869794607162476,0.014265565201640129,0.0,6.110909461975098
680,2,17,-1.3563193082809448,-1.3563193082809448,0.01410620380192995,0.0,6.630991458892822
680,2,18,-0.9885852932929993,-0.9885852932929993,0.013106183148920536,0.0,5.612783432006836
680,2,19,-0.8274640440940857,-0.8274640440940857,0.013141045346856117,0.0,6.459843635559082
680,3,0,0.46753111481666565,0.46753111481666565,0.013104413636028767,0.0,5.283692359924316
680,3,1,0.25304797291755676,0.25304797291755676,0.014117628335952759,0.0,6.940814018249512
680,3,2,0.049477435648441315,0.049477435648441315,0.012956183403730392,0.0,5.592889785766602
680,3,3,0.2508198320865631,0.2508198320865631,0.01356183085590601,0.0,4.9898505210876465
680,3,4,0.31197357177734375,0.31197357177734375,0.01297276746481657,0.0,6.237792015075684
680,3,5,0.24405325949192047,0.24405325949192047,0.013414150103926659,0.0,6.3894362449646
680,3,6,0.13043850660324097,0.13043850660324097,0.012683125212788582,0.0,5.516828536987305
680,3,7,-0.06638533622026443,-0.06638533622026443,0.013273288495838642,0.0,5.185033798217773
680,3,8,-0.21316562592983246,-0.21316562592983246,0.013513009995222092,0.0,5.110499382019043
680,3,9,0.12064927816390991,0.12064927816390991,0.013240502215921879,0.0,5.678615570068359
680,3,10,0.17298541963100433,0.17298541963100433,0.012528067454695702,0.0,5.497579574584961
680,3,11,0.5795701146125793,0.5795701146125793,0.012617924250662327,0.0,5.410604476928711
680,3,12,-0.06447577476501465,-0.06447577476501465,0.013427162542939186,0.0,5.6314897537231445
680,3,13,0.28379979729652405,0.28379979729652405,0.012947491370141506,0.0,5.702479362487793
680,3,14,0.2526329457759857,0.2526329457759857,0.01328680757433176,0.0,5.99973726272583
680,3,15,-0.04851526767015457,-0.04851526767015457,0.013079570606350899,0.0,5.663308620452881
680,3,16,-0.04300478845834732,-0.04300478845834732,0.012544412165880203,0.0,4.3437652587890625
680,3,17,0.4596783220767975,0.4596783220767975,0.013310585170984268,0.0,4.780561923980713
680,3,18,0.5071462988853455,0.5071462988853455,0.01327105239033699,0.0,5.560235023498535
680,3,19,0.25892096757888794,0.25892096757888794,0.013571573421359062,0.0,5.545400619506836
680,4,0,0.23579521477222443,0.23579521477222443,0.012454784475266933,0.0,6.997279167175293
680,4,1,0.371009886264801,0.371009886264801,0.013346141204237938,0.0,6.331308841705322
680,4,2,0.024488335475325584,0.024488335475325584,0.01525162998586893,0.0,6.039149284362793
680,4,3,0.341665655374527,0.341665655374527,0.012994999065995216,0.0,6.471634864807129
680,4,4,0.28906720876693726,0.28906720876693726,0.016904665157198906,0.0,5.73703670501709
680,4,5,0.08475323021411896,0.08475323021411896,0.01276487112045288,0.0,6.214813232421875
680,4,6,0.38072559237480164,0.38072559237480164,0.012358184903860092,0.0,6.60670280456543
680,4,7,0.11055832356214523,0.11055832356214523,0.013980036601424217,0.0,6.5035624504089355
680,4,8,-0.6329026818275452,-0.6329026818275452,0.01895892433822155,0.0,5.838311672210693
680,4,9,0.22612862288951874,0.22612862288951874,0.012858039699494839,0.0,6.603570938110352
680,4,10,0.5767942667007446,0.5767942667007446,0.012282269075512886,0.0,6.774155616760254
680,4,11,0.1910586655139923,0.1910586655139923,0.013436493463814259,0.0,6.498674392700195
680,4,12,0.2537604868412018,0.2537604868412018,0.01305341999977827,0.0,5.8412885665893555
680,4,13,0.6501432657241821,0.6501432657241821,0.01297830045223236,0.0,5.687202453613281
680,4,14,0.8889427781105042,0.8889427781105042,0.01327542308717966,0.0,6.671453475952148
680,4,15,0.24386239051818848,0.24386239051818848,0.012417497113347054,0.0,5.935864448547363
680,4,16,0.2586866319179535,0.2586866319179535,0.015362253412604332,0.0,6.350627422332764
680,4,17,-0.16197136044502258,-0.16197136044502258,0.013780851848423481,0.0,7.1912312507629395
680,4,18,0.29154452681541443,0.29154452681541443,0.014558808878064156,0.0,7.107998847961426
680,4,19,-1.1056463718414307,-1.1056463718414307,0.013657914474606514,0.0,6.282905578613281
660,0,0,0.6840482950210571,0.6840482950210571,0.012598004192113876,0.0,4.630653381347656
660,0,1,0.6905218958854675,0.6905218958854675,0.012915111146867275,0.0,5.4596405029296875
660,0,2,0.6671112179756165,0.6671112179756165,0.012408548034727573,0.0,6.119431018829346
660,0,3,0.7238203883171082,0.7238203883171082,0.012464131228625774,0.0,4.789389133453369
660,0,4,-0.44552847743034363,-0.44552847743034363,0.012870253063738346,0.0,5.321274757385254
660,0,5,0.7778171896934509,0.7778171896934509,0.011968076229095459,0.0,5.471975326538086
660,0,6,0.8439390659332275,0.8439390659332275,0.012827262282371521,0.0,5.161205291748047
660,0,7,0.7763609290122986,0.7763609290122986,0.013262826018035412,0.0,5.282167434692383
660,0,8,0.641103208065033,0.641103208065033,0.012177838012576103,0.0,5.8365888595581055
660,0,9,0.625954806804657,0.625954806804657,0.012635152786970139,0.0,6.189314842224121
660,0,10,1.1433322429656982,1.1433322429656982,0.0132163530215621,0.0,5.703235149383545
660,0,11,0.8426850438117981,0.8426850438117981,0.012489374727010727,0.0,5.733384609222412
660,0,12,0.7253564596176147,0.7253564596176147,0.012626560404896736,0.0,5.80241060256958
660,0,13,0.48734086751937866,0.48734086751937866,0.013805202208459377,0.0,5.903275966644287
660,0,14,0.7108154892921448,0.7108154892921448,0.012222840450704098,0.0,6.033484935760498
660,0,15,0.46014583110809326,0.46014583110809326,0.012695567682385445,0.0,5.6582231521606445
660,0,16,-0.2022811621427536,-0.2022811621427536,0.012459875084459782,0.0,5.973390579223633
660,0,17,0.9116246700286865,0.9116246700286865,0.012776123359799385,0.0,5.258607864379883
660,0,18,0.5573992729187012,0.5573992729187012,0.012828320264816284,0.0,5.426357269287109
660,0,19,0.7133437991142273,0.7133437991142273,0.012882933020591736,0.0,4.9791789054870605
660,1,0,0.2549954056739807,0.2549954056739807,0.021657846868038177,0.0,5.745749473571777
660,1,1,2.4001376628875732,0.40013763308525085,0.9826604723930359,1.0,6.523268699645996
660,1,2,2.6650805473327637,0.6650806069374084,0.9743743538856506,1.0,6.905364990234375
660,1,3,2.4256813526153564,0.4256814420223236,0.9778937101364136,1.0,6.871129035949707
660,1,4,2.849843740463257,0.8498436808586121,0.9858632683753967,1.0,6.07463264465332
660,1,5,2.2466418743133545,0.24664194881916046,0.9605021476745605,1.0,6.229981899261475
660,1,6,0.20324429869651794,0.20324429869651794,0.01460699737071991,0.0,5.842278480529785
660,1,7,2.56417179107666,0.5641719102859497,0.9615089893341064,1.0,6.44237756729126
660,1,8,2.4367659091949463,0.43676599860191345,0.9837768077850342,1.0,6.34776496887207
660,1,9,2.722320795059204,0.7223207354545593,0.9836567640304565,1.0,6.828853130340576
660,1,10,2.487644672393799,0.48764461278915405,0.9796649217605591,1.0,6.5435686111450195
660,1,11,2.861870527267456,0.861870527267456,0.9862009882926941,1.0,7.10780143737793
660,1,12,2.6529147624969482,0.6529147624969482,0.983185887336731,1.0,6.605673789978027
660,1,13,2.9845468997955322,0.9845468997955322,0.9845147132873535,1.0,6.34549617767334
660,1,14,0.1438046246767044,0.1438046246767044,0.16978305578231812,0.0,5.422306060791016
660,1,15,0.45994067192077637,0.45994067192077637,0.016849558800458908,0.0,5.994420051574707
660,1,16,2.959423303604126,0.959423303604126,0.9839406609535217,1.0,6.893518447875977
660,1,17,0.4651486873626709,0.4651486873626709,0.016908634454011917,0.0,5.964270114898682
660,1,18,2.634399890899658,0.6344000101089478,0.97576504945755,1.0,6.347522735595703
660,1,19,2.630547046661377,0.6305471062660217,0.9831920266151428,1.0,6.378836631774902
660,2,0,-1.3335210084915161,-1.3335210084915161,0.014819655567407608,0.0,5.544434547424316
660,2,1,-1.4493577480316162,-1.4493577480316162,0.01385475229471922,0.0,4.819418907165527
660,2,2,-1.202199101448059,-1.202199101448059,0.013641477562487125,0.0,6.263100624084473
660,2,3,-1.3175053596496582,-1.3175053596496582,0.015058843418955803,0.0,4.420475959777832
660,2,4,-0.9445008635520935,-0.9445008635520935,0.026048632338643074,0.0,5.115272521972656
660,2,5,-1.3454020023345947,-1.3454020023345947,0.014027968980371952,0.0,5.623542308807373
660,2,6,-1.2121968269348145,-1.2121968269348145,0.013471031561493874,0.0,5.526834487915039
660,2,7,-1.0683584213256836,-1.0683584213256836,0.01802990585565567,0.0,5.060601711273193
660,2,8,-1.2518256902694702,-1.2518256902694702,0.013944323174655437,0.0,5.092575550079346
660,2,9,-1.5324276685714722,-1.5324276685714722,0.014956525526940823,0.0,5.002613544464111
660,2,10,-1.2375692129135132,-1.2375692129135132,0.014276966452598572,0.0,4.631951332092285
660,2,11,-0.8143133521080017,-0.8143133521080017,0.012960415333509445,0.0,6.130033493041992
660,2,12,-0.643623411655426,-0.643623411655426,0.01304639969021082,0.0,6.187851905822754
660,2,13,-1.2474969625473022,-1.2474969625473022,0.012743434868752956,0.0,5.427532196044922
660,2,14,-0.98801189661026,-0.98801189661026,0.013621168211102486,0.0,4.476876258850098
660,2,15,-1.6766048669815063,-1.6766048669815063,0.02353551611304283,0.0,5.996306419372559
660,2,16,0.9368196725845337,-1.0631803274154663,0.982490062713623,1.0,5.787295341491699
660,2,17,-1.148611068725586,-1.148611068725586,0.014366250485181808,0.0,5.755225658416748
660,2,18,-0.6359154582023621,-0.6359154582023621,0.01352702546864748,0.0,6.553264617919922
660,2,19,-1.423535943031311,-1.423535943031311,0.013404926285147667,0.0,5.769096374511719
660,3,0,-0.1251281052827835,-0.1251281052827835,0.013126952573657036,0.0,6.541461944580078
660,3,1,0.16877827048301697,0.16877827048301697,0.012332592159509659,0.0,6.111241340637207
660,3,2,0.2789171040058136,0.2789171040058136,0.012904622592031956,0.0,5.682506084442139
660,3,3,0.4064271152019501,0.4064271152019501,0.012910393998026848,0.0,4.9165849685668945
660,3,4,0.40220966935157776,0.40220966935157776,0.013483121059834957,0.0,5.258087158203125
660,3,5,0.2309989631175995,0.2309989631175995,0.01352818962186575,0.0,5.992730617523193
660,3,6,0.1497575044631958,0.1497575044631958,0.012435533106327057,0.0,4.802334308624268
660,3,7,0.054375551640987396,0.054375551640987396,0.012907538563013077,0.0,5.226047992706299
660,3,8,0.2790544927120209,0.2790544927120209,0.013300737366080284,0.0,6.370421409606934
660,3,9,0.3531721532344818,0.3531721532344818,0.0133212236687541,0.0,6.125815391540527
660,3,10,0.44964930415153503,0.44964930415153503,0.013188383542001247,0.0,5.578196048736572
660,3,11,0.09706305712461472,0.09706305712461472,0.013142324984073639,0.0,5.965029716491699
660,3,12,-0.057790711522102356,-0.057790711522102356,0.012893443927168846,0.0,5.639935493469238
660,3,13,-0.28729990124702454,-0.28729990124702454,0.013069387525320053,0.0,6.92725133895874
660,3,14,-0.3935203552246094,-0.3935203552246094,0.012756713666021824,0.0,5.15114164352417
660,3,15,0.4254561960697174,0.4254561960697174,0.013351285830140114,0.0,5.478217124938965
660,3,16,-0.392976850271225,-0.392976850271225,0.013338621705770493,0.0,5.730814456939697
660,3,17,-0.08746933937072754,-0.08746933937072754,0.014072827994823456,0.0,5.948577880859375
660,3,18,0.36104509234428406,0.36104509234428406,0.013259031809866428,0.0,5.652276039123535
660,3,19,0.0764542669057846,0.0764542669057846,0.013580610044300556,0.0,5.391951560974121
660,4,0,-0.029383813962340355,-0.029383813962340355,0.012842885218560696,0.0,5.928755283355713
660,4,1,0.5678725838661194,0.5678725838661194,0.013366670347750187,0.0,5.660100936889648
660,4,2,0.6650027632713318,0.6650027632713318,0.014046215452253819,0.0,5.579851150512695
660,4,3,0.22260648012161255,0.22260648012161255,0.012555639259517193,0.0,5.624210357666016
660,4,4,0.4513363540172577,0.4513363540172577,0.014440604485571384,0.0,6.468415260314941
660,4,5,0.4443359673023224,0.4443359673023224,0.01295038964599371,0.0,5.2489094734191895
660,4,6,0.061030980199575424,0.061030980199575424,0.013521580025553703,0.0,6.030016899108887
660,4,7,0.25761500000953674,0.25761500000953674,0.013068066909909248,0.0,6.008446216583252
660,4,8,0.3396088480949402,0.3396088480949402,0.013551207259297371,0.0,6.0357866287231445
660,4,9,0.3995426297187805,0.3995426297187805,0.01275111734867096,0.0,5.941606521606445
660,4,10,0.5800257921218872,0.5800257921218872,0.014412224292755127,0.0,5.282244682312012
660,4,11,-0.06480394303798676,-0.06480394303798676,0.01278762985020876,0.0,6.600466728210449
660,4,12,0.4958308935165405,0.4958308935165405,0.013474434614181519,0.0,6.116995811462402
660,4,13,-0.016190756112337112,-0.016190756112337112,0.01305739488452673,0.0,5.610681056976318
660,4,14,0.35502174496650696,0.35502174496650696,0.013734334148466587,0.0,6.327667236328125
660,4,15,-0.13746023178100586,-0.13746023178100586,0.01625208370387554,0.0,7.2422356605529785
660,4,16,0.3042127788066864,0.3042127788066864,0.014479010365903378,0.0,5.629724502563477
660,4,17,0.10279767215251923,0.10279767215251923,0.013031218200922012,0.0,5.875513553619385
660,4,18,0.7175312638282776,0.7175312638282776,0.012965871021151543,0.0,5.5546345710754395
660,4,19,0.5992578864097595,0.5992578864097595,0.01592867262661457,0.0,5.812070846557617
640,0,0,0.9744057655334473,0.9744057655334473,0.012458033859729767,0.0,5.075858116149902
640,0,1,0.677639365196228,0.677639365196228,0.013117351569235325,0.0,5.541658401489258
640,0,2,0.7437820434570312,0.7437820434570312,0.012475474737584591,0.0,6.023262023925781
640,0,3,0.2552463114261627,0.2552463114261627,0.012346385978162289,0.0,5.323980331420898
640,0,4,0.7660729885101318,0.7660729885101318,0.01279663760215044,0.0,4.953408241271973
640,0,5,0.8814454674720764,0.8814454674720764,0.012757644057273865,0.0,6.640629768371582
640,0,6,0.947391152381897,0.947391152381897,0.013130919076502323,0.0,5.789736747741699
640,0,7,1.099595069885254,1.099595069885254,0.012603271752595901,0.0,5.910320281982422
640,0,8,0.9567582011222839,0.9567582011222839,0.012498859316110611,0.0,5.082355976104736
640,0,9,0.8197756409645081,0.8197756409645081,0.01222196314483881,0.0,6.287300109863281
640,0,10,0.413518488407135,0.413518488407135,0.012837846763432026,0.0,5.807554244995117
640,0,11,0.904706597328186,0.904706597328186,0.012217283248901367,0.0,6.494992733001709
640,0,12,0.8148196935653687,0.8148196935653687,0.012255501933395863,0.0,5.472039222717285
640,0,13,0.9602089524269104,0.9602089524269104,0.012137159705162048,0.0,5.195315361022949
640,0,14,1.1811351776123047,1.1811351776123047,0.012543538585305214,0.0,6.3298187255859375
640,0,15,0.8493407964706421,0.8493407964706421,0.012552672997117043,0.0,5.64663028717041
640,0,16,1.0034823417663574,1.0034823417663574,0.012400124222040176,0.0,5.409985065460205
640,0,17,0.6524718403816223,0.6524718403816223,0.01232414972037077,0.0,5.452086448669434
640,0,18,0.3638822138309479,0.3638822138309479,0.013283496722579002,0.0,6.305582046508789
640,0,19,0.9715521335601807,0.9715521335601807,0.012892868369817734,0.0,6.0563483238220215
640,1,0,2.6347756385803223,0.6347755789756775,0.9832296967506409,1.0,6.725460529327393
640,1,1,2.6725549697875977,0.6725550889968872,0.9844754338264465,1.0,7.0460968017578125
640,1,2,2.674456834793091,0.6744568943977356,0.9852731823921204,1.0,7.003772258758545
640,1,3,2.5424857139587402,0.5424857139587402,0.9842029809951782,1.0,7.205817699432373
640,1,4,0.31218671798706055,0.31218671798706055,0.014136669225990772,0.0,6.29604434967041
640,1,5,0.7547069191932678,0.7547069191932678,0.015265428461134434,0.0,6.341952323913574
640,1,6,2.84727144241333,0.8472714424133301,0.9852077960968018,1.0,6.156271934509277
640,1,7,2.764467716217041,0.7644675970077515,0.9835303425788879,1.0,6.972713947296143
640,1,8,2.720912218093872,0.7209122776985168,0.9847054481506348,1.0,6.035283088684082
640,1,9,2.797916889190674,0.7979170083999634,0.9856977462768555,1.0,7.645269870758057
640,1,10,2.8484973907470703,0.8484972715377808,0.9811495542526245,1.0,7.618994235992432
640,1,11,2.810636043548584,0.810636043548584,0.9809982180595398,1.0,7.333559036254883
640,1,12,2.813067674636841,0.8130677342414856,0.984589159488678,1.0,7.351607322692871
640,1,13,2.616281032562256,0.6162809133529663,0.9848153591156006,1.0,6.5789794921875
640,1,14,2.3981990814208984,0.3981989622116089,0.9725691080093384,1.0,7.034029006958008
640,1,15,2.588266372680664,0.5882664918899536,0.9782901406288147,1.0,7.029799938201904
640,1,16,2.880812406539917,0.8808123469352722,0.985074520111084,1.0,6.971549987792969
640,1,17,2.6284337043762207,0.6284336447715759,0.982909619808197,1.0,6.153371334075928
640,1,18,2.5189874172210693,0.5189874172210693,0.9857208728790283,1.0,6.868762969970703
640,1,19,2.5797946453094482,0.5797945857048035,0.9757369756698608,1.0,7.136412143707275
640,2,0,-1.4512330293655396,-1.4512330293655396,0.014112411998212337,0.0,5.983431816101074
640,2,1,-1.1613291501998901,-1.1613291501998901,0.013647609390318394,0.0,5.482810020446777
640,2,2,-0.8443220853805542,-0.8443220853805542,0.028851429000496864,0.0,5.3493452072143555
640,2,3,-1.075612187385559,-1.075612187385559,0.017419494688510895,0.0,6.687481880187988
640,2,4,-1.383415937423706,-1.383415937423706,0.013000492006540298,0.0,6.03731632232666
640,2,5,-1.0912301540374756,-1.0912301540374756,0.01499071903526783,0.0,6.436605453491211
640,2,6,-1.1920231580734253,-1.1920231580734253,0.012767004780471325,0.0,6.907901763916016
640,2,7,-1.3711589574813843,-1.3711589574813843,0.014614048413932323,0.0,4.82346248626709
640,2,8,-1.2144231796264648,-1.2144231796264648,0.013501426205039024,0.0,6.201817512512207
640,2,9,-0.7731797099113464,-0.7731797099113464,0.028018997982144356,0.0,6.021413803100586
640,2,10,-1.4912282228469849,-1.4912282228469849,0.0144595205783844,0.0,5.288479804992676
640,2,11,-1.2794544696807861,-1.2794544696807861,0.012832347303628922,0.0,5.217835426330566
640,2,12,-0.6486102938652039,-0.6486102938652039,0.019248297438025475,0.0,6.353137016296387
640,2,13,-1.2963902950286865,-1.2963902950286865,0.015876881778240204,0.0,6.697317123413086
640,2,14,-1.495336890220642,-1.495336890220642,0.014569002203643322,0.0,4.290751934051514
640,2,15,-1.3555257320404053,-1.3555257320404053,0.013945689424872398,0.0,4.920045375823975
640,2,16,-0.8143608570098877,-0.8143608570098877,0.012230300344526768,0.0,5.855744361877441
640,2,17,-1.2414977550506592,-1.2414977550506592,0.01388790737837553,0.0,6.610018253326416
640,2,18,-0.9716449975967407,-0.9716449975967407,0.012855357490479946,0.0,5.919190406799316
640,2,19,-1.4233756065368652,-1.4233756065368652,0.013222995214164257,0.0,6.685828685760498
640,3,0,0.059048160910606384,0.059048160910606384,0.012796081602573395,0.0,4.930204391479492
640,3,1,0.034351568669080734,0.034351568669080734,0.012760124169290066,0.0,6.143585681915283
640,3,2,0.11171916127204895,0.11171916127204895,0.012653094716370106,0.0,5.28563117980957
640,3,3,0.2786266505718231,0.2786266505718231,0.012512320652604103,0.0,5.959365367889404
640,3,4,0.17439261078834534,0.17439261078834534,0.013573139905929565,0.0,5.131635665893555
640,3,5,0.3333243727684021,0.3333243727684021,0.012940458953380585,0.0,5.182407379150391
640,3,6,0.17985020577907562,0.17985020577907562,0.0131650660187006,0.0,5.3704938888549805
640,3,7,0.1720733493566513,0.1720733493566513,0.013348878361284733,0.0,5.880820274353027
640,3,8,0.22176069021224976,0.22176069021224976,0.012545806355774403,0.0,5.4368815422058105
640,3,9,0.16021466255187988,0.16021466255187988,0.013485848903656006,0.0,5.986151218414307
640,3,10,-0.00014965483569540083,-0.00014965483569540083,0.012514702044427395,0.0,4.48271369934082
640,3,11,0.4886002242565155,0.4886002242565155,0.013121443800628185,0.0,5.868767261505127
640,3,12,-0.017844542860984802,-0.017844542860984802,0.013453255407512188,0.0,5.983936309814453
640,3,13,0.5457777380943298,0.5457777380943298,0.01288609579205513,0.0,6.170569896697998
640,3,14,0.24352391064167023,0.24352391064167023,0.013010628521442413,0.0,5.7772111892700195
640,3,15,0.6187778115272522,0.6187778115272522,0.013186175376176834,0.0,4.920567512512207
640,3,16,0.04301735758781433,0.04301735758781433,0.014020120725035667,0.0,5.508129119873047
640,3,17,-0.021975798532366753,-0.021975798532366753,0.013309107162058353,0.0,5.4279680252075195
640,3,18,0.3079305589199066,0.3079305589199066,0.013365977443754673,0.0,5.642062187194824
640,3,19,0.35162127017974854,0.35162127017974854,0.013462739065289497,0.0,5.8499250411987305
640,4,0,-0.11161814630031586,-0.11161814630031586,0.014034618623554707,0.0,5.882969856262207
640,4,1,0.7892698645591736,0.7892698645591736,0.013053659349679947,0.0,6.555019378662109
640,4,2,0.15184736251831055,0.15184736251831055,0.015019726939499378,0.0,6.045170783996582
640,4,3,0.2270815223455429,0.2270815223455429,0.013743896968662739,0.0,5.904842376708984
640,4,4,0.6120802164077759,0.6120802164077759,0.012860175222158432,0.0,5.620791435241699
640,4,5,0.5511123538017273,0.5511123538017273,0.013707413338124752,0.0,6.334972381591797
640,4,6,0.5326736569404602,0.5326736569404602,0.012886242009699345,0.0,5.393836975097656
640,4,7,0.8597221374511719,0.8597221374511719,0.013233526609838009,0.0,6.715436935424805
640,4,8,0.1796227991580963,0.1796227991580963,0.012401508167386055,0.0,6.6005754470825195
640,4,9,-0.01218321267515421,-0.01218321267515421,0.018531877547502518,0.0,6.3229289054870605
640,4,10,0.3454631567001343,0.3454631567001343,0.014951368793845177,0.0,5.774806976318359
640,4,11,0.22777418792247772,0.22777418792247772,0.01266272459179163,0.0,5.554461479187012
640,4,12,0.7856185436248779,0.7856185436248779,0.012310609221458435,0.0,5.90830135345459
640,4,13,0.6842477917671204,0.6842477917671204,0.013041880913078785,0.0,6.021842002868652
640,4,14,0.04591982066631317,0.04591982066631317,0.014108858071267605,0.0,5.993287086486816
640,4,15,0.38110074400901794,0.38110074400901794,0.014059700071811676,0.0,6.096341609954834
640,4,16,-0.26237040758132935,-0.26237040758132935,0.01343041006475687,0.0,5.590368747711182
640,4,17,0.42263028025627136,0.42263028025627136,0.013968575745821,0.0,5.754542350769043
640,4,18,0.287700891494751,0.287700891494751,0.013080143369734287,0.0,5.8921284675598145
640,4,19,-0.06927910447120667,-0.06927910447120667,0.01585027016699314,0.0,5.495351314544678
620,0,0,0.7979917526245117,0.7979917526245117,0.012646007351577282,0.0,5.11138916015625
620,0,1,0.7337515354156494,0.7337515354156494,0.012596803717315197,0.0,5.7549662590026855
620,0,2,0.8638963103294373,0.8638963103294373,0.012500873766839504,0.0,6.218883514404297
620,0,3,0.713178277015686,0.713178277015686,0.012518756091594696,0.0,5.689594268798828
620,0,4,0.8689190745353699,0.8689190745353699,0.012270772829651833,0.0,5.072062969207764
620,0,5,0.7254741191864014,0.7254741191864014,0.012051563709974289,0.0,5.238780975341797
620,0,6,0.8360264301300049,0.8360264301300049,0.012968860566616058,0.0,4.757561206817627
620,0,7,0.49726319313049316,0.49726319313049316,0.012223678641021252,0.0,5.712060928344727
620,0,8,0.7080186009407043,0.7080186009407043,0.012545912526547909,0.0,5.497766017913818
620,0,9,0.6483889818191528,0.6483889818191528,0.012755223549902439,0.0,6.003719329833984
620,0,10,1.1042921543121338,1.1042921543121338,0.012219717726111412,0.0,6.011473178863525
620,0,11,0.6283828020095825,0.6283828020095825,0.012460527941584587,0.0,6.304203033447266
620,0,12,0.9091928005218506,0.9091928005218506,0.012270022183656693,0.0,5.7778143882751465
620,0,13,0.338087260723114,0.338087260723114,0.012293773703277111,0.0,4.944751739501953
620,0,14,0.9397437572479248,0.9397437572479248,0.01260495837777853,0.0,5.4489946365356445
620,0,15,0.6571160554885864,0.6571160554885864,0.012410593219101429,0.0,5.83910608291626
620,0,16,0.5556398034095764,0.5556398034095764,0.012099051848053932,0.0,5.706536293029785
620,0,17,0.7189663648605347,0.7189663648605347,0.0127636156976223,0.0,5.2344889640808105
620,0,18,0.7719748020172119,0.7719748020172119,0.012597243301570415,0.0,5.641101837158203
620,0,19,0.8886704444885254,0.8886704444885254,0.01329129934310913,0.0,5.826240539550781
620,1,0,2.555065870285034,0.5550658106803894,0.9741761088371277,1.0,7.207037925720215
620,1,1,2.5701546669006348,0.57015460729599,0.9775107502937317,1.0,6.667795181274414
620,1,2,2.9019618034362793,0.9019618630409241,0.9839762449264526,1.0,6.991878509521484
620,1,3,2.5957744121551514,0.5957743525505066,0.9822061061859131,1.0,6.626382827758789
620,1,4,2.7440271377563477,0.7440270185470581,0.9822142720222473,1.0,6.2870588302612305
620,1,5,-0.20679569244384766,-0.20679569244384766,0.013697128742933273,0.0,5.543349266052246
620,1,6,2.5845019817352295,0.5845019817352295,0.9788044691085815,1.0,6.836783409118652
620,1,7,2.790113687515259,0.7901137471199036,0.9824259281158447,1.0,6.000768661499023
620,1,8,2.792492151260376,0.792492151260376,0.9833161234855652,1.0,6.731320381164551
620,1,9,2.671797752380371,0.6717977523803711,0.9832862615585327,1.0,6.924651622772217
620,1,10,2.559751510620117,0.5597515106201172,0.9851346611976624,1.0,7.248849868774414
620,1,11,2.702012538909912,0.7020125389099121,0.9847360253334045,1.0,7.369624614715576
620,1,12,2.5163912773132324,0.516391396522522,0.9778982996940613,1.0,6.4777607917785645
620,1,13,2.692089080810547,0.6920890212059021,0.9830402731895447,1.0,6.6351189613342285
620,1,14,2.7683260440826416,0.7683259844779968,0.9846904873847961,1.0,6.600625038146973
620,1,15,2.508273124694824,0.5082730650901794,0.9845067858695984,1.0,7.20096492767334
620,1,16,2.708970308303833,0.7089703679084778,0.9848063588142395,1.0,7.166262626647949
620,1,17,2.6505815982818604,0.6505816578865051,0.9846839308738708,1.0,6.298917770385742
620,1,18,2.476661443710327,0.47666135430336,0.9799100160598755,1.0,7.308724403381348
620,1,19,2.8542191982269287,0.8542191982269287,0.9834983944892883,1.0,6.47532320022583
620,2,0,-0.9881835579872131,-0.9881835579872131,0.014665762893855572,0.0,5.1919121742248535
620,2,1,1.336878776550293,-0.6631212830543518,0.9793630838394165,1.0,5.906435966491699
620,2,2,-1.4849575757980347,-1.4849575757980347,0.013919181190431118,0.0,5.2599334716796875
620,2,3,-0.9775482416152954,-0.9775482416152954,0.013948442414402962,0.0,5.531036376953125
620,2,4,-1.1144016981124878,-1.1144016981124878,0.014688217081129551,0.0,4.963892936706543
620,2,5,-1.267781376838684,-1.267781376838684,0.014341317117214203,0.0,6.423262596130371
620,2,6,-1.1548434495925903,-1.1548434495925903,0.013440804556012154,0.0,5.664477348327637
620,2,7,-0.9255676865577698,-0.9255676865577698,0.013711229898035526,0.0,5.517332553863525
620,2,8,-1.1124002933502197,-1.1124002933502197,0.013890779577195644,0.0,4.360311985015869
620,2,9,-1.348204493522644,-1.348204493522644,0.014596990309655666,0.0,4.871433734893799
620,2,10,-1.5253084897994995,-1.5253084897994995,0.013232667930424213,0.0,5.769977569580078
620,2,11,-1.3639836311340332,-1.3639836311340332,0.01383211836218834,0.0,6.670408248901367
620,2,12,-1.027265191078186,-1.027265191078186,0.013232306577265263,0.0,5.369946002960205
620,2,13,-1.4416004419326782,-1.4416004419326782,0.013780775479972363,0.0,5.916103363037109
620,2,14,-1.4944736957550049,-1.4944736957550049,0.014184403233230114,0.0,5.634304046630859
620,2,15,-1.7072304487228394,-1.7072304487228394,0.014225220307707787,0.0,5.468987464904785
620,2,16,-1.5204116106033325,-1.5204116106033325,0.014547865837812424,0.0,6.224933624267578
620,2,17,-1.2331842184066772,-1.2331842184066772,0.013319306075572968,0.0,4.772782802581787
620,2,18,-1.2589292526245117,-1.2589292526245117,0.014287843368947506,0.0,6.178620338439941
620,2,19,-1.1962155103683472,-1.1962155103683472,0.014792918227612972,0.0,5.475876331329346
620,3,0,-0.09316075593233109,-0.09316075593233109,0.013393769040703773,0.0,5.2400221824646
620,3,1,0.2953811585903168,0.2953811585903168,0.013891088776290417,0.0,5.59809684753418
620,3,2,-0.5590661764144897,-0.5590661764144897,0.013204733841121197,0.0,6.210453033447266
620,3,3,-0.15611286461353302,-0.15611286461353302,0.014075719751417637,0.0,5.6032304763793945
620,3,4,-0.08984868228435516,-0.08984868228435516,0.013328884728252888,0.0,5.823090076446533
620,3,5,0.25571200251579285,0.25571200251579285,0.012615869753062725,0.0,6.340182304382324
620,3,6,0.39686229825019836,0.39686229825019836,0.012766829691827297,0.0,4.854581832885742
620,3,7,0.05900109186768532,0.05900109186768532,0.01261225901544094,0.0,4.665074825286865
620,3,8,0.5315186381340027,0.5315186381340027,0.012825971469283104,0.0,6.119142055511475
620,3,9,0.47745874524116516,0.47745874524116516,0.013311474584043026,0.0,5.523975849151611
620,3,10,-0.4574894607067108,-0.4574894607067108,0.013113901019096375,0.0,5.857265472412109
620,3,11,0.2736615836620331,0.2736615836620331,0.012747869826853275,0.0,5.088624000549316
620,3,12,0.33415722846984863,0.33415722846984863,0.013086305931210518,0.0,6.171578407287598
620,3,13,0.07407458871603012,0.07407458871603012,0.01513703353703022,0.0,6.334886074066162
620,3,14,0.3984295129776001,0.3984295129776001,0.013545076362788677,0.0,5.517420768737793
620,3,15,0.5633370280265808,0.5633370280265808,0.013665445148944855,0.0,4.707154273986816
620,3,16,0.29188886284828186,0.29188886284828186,0.013536756858229637,0.0,6.092978000640869
620,3,17,0.4636079967021942,0.4636079967021942,0.0126679427921772,0.0,5.31895637512207
620,3,18,0.44683292508125305,0.44683292508125305,0.01295512169599533,0.0,5.160564422607422
620,3,19,-0.024235257878899574,-0.024235257878899574,0.01378841046243906,0.0,5.7039713859558105
620,4,0,0.7497826218605042,0.7497826218605042,0.014044050127267838,0.0,6.57310676574707
620,4,1,0.1840755045413971,0.1840755045413971,0.013555262237787247,0.0,6.221623420715332
620,4,2,0.40520673990249634,0.40520673990249634,0.014034116640686989,0.0,6.300103187561035
620,4,3,0.659554660320282,0.659554660320282,0.013643436133861542,0.0,7.049736499786377
620,4,4,0.47746601700782776,0.47746601700782776,0.012969435192644596,0.0,5.513106346130371
620,4,5,0.08555255830287933,0.08555255830287933,0.015311142429709435,0.0,5.911211013793945
620,4,6,0.662987232208252,0.662987232208252,0.013755549676716328,0.0,5.703920364379883
620,4,7,0.2897879183292389,0.2897879183292389,0.013743510469794273,0.0,5.928175926208496
620,4,8,0.03768293559551239,0.03768293559551239,0.013837361708283424,0.0,6.441288948059082
620,4,9,0.40273377299308777,0.40273377299308777,0.013884569518268108,0.0,5.631318092346191
620,4,10,0.5089468359947205,0.5089468359947205,0.013463948853313923,0.0,5.765796661376953
620,4,11,0.11639881134033203,0.11639881134033203,0.012515892274677753,0.0,5.570420265197754
620,4,12,0.6561506986618042,0.6561506986618042,0.01413743942975998,0.0,6.204863548278809
620,4,13,0.40129369497299194,0.40129369497299194,0.012736719101667404,0.0,6.0313520431518555
620,4,14,0.3407026529312134,0.3407026529312134,0.013092263601720333,0.0,6.546311855316162
620,4,15,0.3927237093448639,0.3927237093448639,0.01507670059800148,0.0,6.443462371826172
620,4,16,0.46229103207588196,0.46229103207588196,0.013482761569321156,0.0,6.021411895751953
620,4,17,0.24833880364894867,0.24833880364894867,0.01528115477412939,0.0,6.0341925621032715
620,4,18,0.645164430141449,0.645164430141449,0.013929762877523899,0.0,6.371029376983643
620,4,19,0.15046145021915436,0.15046145021915436,0.01304728351533413,0.0,5.665118217468262
600,0,0,0.8940931558609009,0.8940931558609009,0.012746604159474373,0.0,5.9338274002075195
600,0,1,1.0029925107955933,1.0029925107955933,0.012552205473184586,0.0,6.16727876663208
600,0,2,0.5858157873153687,0.5858157873153687,0.012529011815786362,0.0,5.686402320861816
600,0,3,0.6038445830345154,0.6038445830345154,0.012869440019130707,0.0,5.303973197937012
600,0,4,0.37791961431503296,0.37791961431503296,0.012759728357195854,0.0,5.859336853027344
600,0,5,0.6458209156990051,0.6458209156990051,0.012932385317981243,0.0,5.8025221824646
600,0,6,0.6247347593307495,0.6247347593307495,0.01228190865367651,0.0,5.877255439758301
600,0,7,0.6461028456687927,0.6461028456687927,0.012035644613206387,0.0,5.824907302856445
600,0,8,0.6387338638305664,0.6387338638305664,0.012444782070815563,0.0,7.046718120574951
600,0,9,0.7988362908363342,0.7988362908363342,0.012584689073264599,0.0,5.652527332305908
600,0,10,0.47994378209114075,0.47994378209114075,0.013166137039661407,0.0,6.2826690673828125
600,0,11,0.9292279481887817,0.9292279481887817,0.011847497895359993,0.0,5.6033124923706055
600,0,12,0.6069527268409729,0.6069527268409729,0.012708233669400215,0.0,5.324245929718018
600,0,13,0.7170984148979187,0.7170984148979187,0.012256655842065811,0.0,5.905694007873535
600,0,14,0.7674118876457214,0.7674118876457214,0.01261118520051241,0.0,4.792438507080078
600,0,15,0.706959068775177,0.706959068775177,0.012763787992298603,0.0,5.631490707397461
600,0,16,0.8540446162223816,0.8540446162223816,0.012431169860064983,0.0,5.405181407928467
600,0,17,0.6213886737823486,0.6213886737823486,0.012704793363809586,0.0,6.048901557922363
600,0,18,0.8261066675186157,0.8261066675186157,0.01274764072149992,0.0,5.69981575012207
600,0,19,0.6602296829223633,0.6602296829223633,0.01319766603410244,0.0,5.354628562927246
600,1,0,2.757127046585083,0.7571271061897278,0.9829688668251038,1.0,6.469318389892578
600,1,1,2.4914767742156982,0.49147674441337585,0.9845331311225891,1.0,6.951985836029053
600,1,2,2.743147373199463,0.7431472539901733,0.9557008743286133,1.0,6.696113586425781
600,1,3,2.588698148727417,0.5886980891227722,0.9837183356285095,1.0,6.561654567718506
600,1,4,2.820399284362793,0.8203994035720825,0.9841535687446594,1.0,6.340839385986328
600,1,5,2.8574976921081543,0.8574978113174438,0.9797430634498596,1.0,6.951694488525391
600,1,6,2.8196635246276855,0.8196636438369751,0.9848050475120544,1.0,6.797240734100342
600,1,7,2.598241090774536,0.5982410311698914,0.9829887747764587,1.0,7.472898006439209
600,1,8,2.727534055709839,0.7275340557098389,0.9846965074539185,1.0,7.1400346755981445
600,1,9,2.507190227508545,0.5071902871131897,0.9711169004440308,1.0,6.484447479248047
600,1,10,2.5468697547912598,0.5468698740005493,0.980430006980896,1.0,6.490982532501221
600,1,11,2.960772752761841,0.9607728123664856,0.9832768440246582,1.0,7.3462395668029785
600,1,12,2.8307368755340576,0.8307368755340576,0.9819743037223816,1.0,6.435995578765869
600,1,13,2.5391178131103516,0.539117693901062,0.9850098490715027,1.0,6.824648857116699
600,1,14,2.5466694831848145,0.546669602394104,0.9803453087806702,1.0,7.567324638366699
600,1,15,2.372213840484619,0.372213751077652,0.9843400716781616,1.0,6.962141513824463
600,1,16,2.4990291595458984,0.49902909994125366,0.9852287769317627,1.0,6.8730621337890625
600,1,17,2.548855781555176,0.5488559007644653,0.9850566983222961,1.0,7.340463638305664
600,1,18,2.7104759216308594,0.7104758620262146,0.9820611476898193,1.0,6.472975254058838
600,1,19,2.7221224308013916,0.7221224904060364,0.9847986102104187,1.0,6.058617115020752
600,2,0,-1.788381576538086,-1.788381576538086,0.012956949882209301,0.0,5.129974365234375
600,2,1,-1.4618308544158936,-1.4618308544158936,0.013166038319468498,0.0,6.063741207122803
600,2,2,-1.003589391708374,-1.003589391708374,0.013531333766877651,0.0,5.59800910949707
600,2,3,-1.2479597330093384,-1.2479597330093384,0.01436223927885294,0.0,5.222696304321289
600,2,4,-1.0433131456375122,-1.0433131456375122,0.01379932276904583,0.0,6.368608474731445
600,2,5,-1.109643816947937,-1.109643816947937,0.013931636698544025,0.0,4.869630336761475
600,2,6,-0.9042515158653259,-0.9042515158653259,0.013179718516767025,0.0,5.568457126617432
600,2,7,-1.115179419517517,-1.115179419517517,0.013445119373500347,0.0,5.411296844482422
600,2,8,-1.2808499336242676,-1.2808499336242676,0.014084827154874802,0.0,6.038573265075684
600,2,9,-1.2025818824768066,-1.2025818824768066,0.013840236701071262,0.0,6.658672332763672
600,2,10,-1.477551817893982,-1.477551817893982,0.0167759470641613,0.0,5.7482991218566895
600,2,11,-1.331607699394226,-1.331607699394226,0.013432653620839119,0.0,5.74567985534668
600,2,12,-1.281623125076294,-1.281623125076294,0.013491231016814709,0.0,4.969425201416016
600,2,13,-1.251282811164856,-1.251282811164856,0.01727898232638836,0.0,5.61142110824585
600,2,14,-1.4555102586746216,-1.4555102586746216,0.015029862523078918,0.0,5.941469192504883
600,2,15,-1.3359242677688599,-1.3359242677688599,0.0128540750592947,0.0,6.029079437255859
600,2,16,-0.9888491034507751,-0.9888491034507751,0.014004514552652836,0.0,4.7885026931762695
600,2,17,-1.2744145393371582,-1.2744145393371582,0.013160575181245804,0.0,5.621983528137207
600,2,18,-1.0775405168533325,-1.0775405168533325,0.01371445506811142,0.0,5.15492057800293
600,2,19,-0.9088847041130066,-0.9088847041130066,0.014237814582884312,0.0,5.786076545715332
600,3,0,0.13570615649223328,0.13570615649223328,0.012612626887857914,0.0,6.060930252075195
600,3,1,0.34224534034729004,0.34224534034729004,0.013581210747361183,0.0,5.3240790367126465
600,3,2,0.38161608576774597,0.38161608576774597,0.013386046513915062,0.0,5.351809501647949
600,3,3,-0.29613053798675537,-0.29613053798675537,0.0135042080655694,0.0,6.278186798095703
600,3,4,0.4172118902206421,0.4172118902206421,0.013238223269581795,0.0,5.533336162567139
600,3,5,0.6669380068778992,0.6669380068778992,0.012871683575212955,0.0,5.136085033416748
600,3,6,0.29881441593170166,0.29881441593170166,0.013098481111228466,0.0,5.698755741119385
600,3,7,0.25236213207244873,0.25236213207244873,0.013459263369441032,0.0,5.855607986450195
600,3,8,0.09142742305994034,0.09142742305994034,0.013753777369856834,0.0,4.974320411682129
600,3,9,-0.0013276999816298485,-0.0013276999816298485,0.012741444632411003,0.0,5.164649963378906
600,3,10,0.7245935797691345,0.7245935797691345,0.012943238019943237,0.0,5.830954551696777
600,3,11,0.37820836901664734,0.37820836901664734,0.013472292572259903,0.0,6.183924674987793
600,3,12,0.15262196958065033,0.15262196958065033,0.013027121312916279,0.0,5.405264854431152
600,3,13,0.0067669423297047615,0.0067669423297047615,0.012836583890020847,0.0,5.995392799377441
600,3,14,-0.4470194876194,-0.4470194876194,0.012919293716549873,0.0,5.499400615692139
600,3,15,0.12951309978961945,0.12951309978961945,0.012862113304436207,0.0,5.63220739364624
600,3,16,0.08997851610183716,0.08997851610183716,0.013155993074178696,0.0,5.727208614349365
600,3,17,0.15743064880371094,0.15743064880371094,0.013160190545022488,0.0,5.985072135925293
600,3,18,0.1340027153491974,0.1340027153491974,0.01322901900857687,0.0,5.522766590118408
600,3,19,0.038738396018743515,0.038738396018743515,0.012615560553967953,0.0,4.802600860595703
600,4,0,0.3212440609931946,0.3212440609931946,0.014015468768775463,0.0,5.377575874328613
600,4,1,0.5877851843833923,0.5877851843833923,0.013743314892053604,0.0,6.338014602661133
600,4,2,0.5557416677474976,0.5557416677474976,0.013504397124052048,0.0,5.273458957672119
600,4,3,0.25754374265670776,0.25754374265670776,0.013529335148632526,0.0,5.90015983581543
600,4,4,0.0969310775399208,0.0969310775399208,0.014348787255585194,0.0,5.482535362243652
600,4,5,0.8561038374900818,0.8561038374900818,0.012921726331114769,0.0,6.400272846221924
600,4,6,0.3312031328678131,0.3312031328678131,0.01354415062814951,0.0,6.8369550704956055
600,4,7,0.6604952812194824,0.6604952812194824,0.013136233203113079,0.0,6.013256072998047
600,4,8,0.6916218400001526,0.6916218400001526,0.012694467790424824,0.0,6.053164005279541
600,4,9,-0.28153130412101746,-0.28153130412101746,0.013804228976368904,0.0,5.222144603729248
600,4,10,0.5179405808448792,0.5179405808448792,0.014174419455230236,0.0,6.56554651260376
600,4,11,0.2662234604358673,0.2662234604358673,0.014020425267517567,0.0,5.185459136962891
600,4,12,0.30268698930740356,0.30268698930740356,0.01576775312423706,0.0,6.048084259033203
600,4,13,0.36009669303894043,0.36009669303894043,0.014248783700168133,0.0,6.460921287536621
600,4,14,0.05475529655814171,0.05475529655814171,0.014420825988054276,0.0,6.639755725860596
600,4,15,0.1069929376244545,0.1069929376244545,0.013888181187212467,0.0,6.108585357666016
600,4,16,0.39193835854530334,0.39193835854530334,0.014687000773847103,0.0,6.063853740692139
600,4,17,0.279695063829422,0.279695063829422,0.014806789346039295,0.0,5.606180191040039
600,4,18,0.47133299708366394,0.47133299708366394,0.012749329209327698,0.0,6.459535598754883
600,4,19,0.13946229219436646,0.13946229219436646,0.0141914002597332,0.0,5.9852705001831055
580,0,0,0.6565731763839722,0.6565731763839722,0.012699201703071594,0.0,5.365253448486328
580,0,1,0.7908709645271301,0.7908709645271301,0.012386852875351906,0.0,5.923833847045898
580,0,2,0.995865523815155,0.995865523815155,0.012521904893219471,0.0,5.827642440795898
580,0,3,0.8884694576263428,0.8884694576263428,0.012311341241002083,0.0,5.8576979637146
580,0,4,0.38212159276008606,0.38212159276008606,0.012368699535727501,0.0,6.033410549163818
580,0,5,0.9706906080245972,0.9706906080245972,0.012326029129326344,0.0,5.755335330963135
580,0,6,0.9454025626182556,0.9454025626182556,0.012819414958357811,0.0,5.660130023956299
580,0,7,0.5437942147254944,0.5437942147254944,0.012355496175587177,0.0,6.202540397644043
580,0,8,0.7797142267227173,0.7797142267227173,0.012876216322183609,0.0,5.619413375854492
580,0,9,0.6257261037826538,0.6257261037826538,0.01248883455991745,0.0,5.894516468048096
580,0,10,0.5008843541145325,0.5008843541145325,0.012548310682177544,0.0,5.767465591430664
580,0,11,0.45983782410621643,0.45983782410621643,0.012425131164491177,0.0,5.376536846160889
580,0,12,0.7489993572235107,0.7489993572235107,0.012225831858813763,0.0,6.097183704376221
580,0,13,0.5108142495155334,0.5108142495155334,0.012682437896728516,0.0,5.539989471435547
580,0,14,0.7183457612991333,0.7183457612991333,0.012529324740171432,0.0,5.584312438964844
580,0,15,0.706977367401123,0.706977367401123,0.012542054988443851,0.0,5.4664764404296875
580,0,16,0.9835619926452637,0.9835619926452637,0.012561979703605175,0.0,5.037762641906738
580,0,17,0.63786780834198,0.63786780834198,0.012582549825310707,0.0,5.708051681518555
580,0,18,0.9464948177337646,0.9464948177337646,0.012112407013773918,0.0,5.871534824371338
580,0,19,0.4835870563983917,0.4835870563983917,0.01210811734199524,0.0,6.063419342041016
580,1,0,2.676683187484741,0.6766831278800964,0.9826703667640686,1.0,6.947505950927734
580,1,1,2.543628215789795,0.5436282157897949,0.9841929078102112,1.0,6.630405426025391
580,1,2,2.6587367057800293,0.6587367057800293,0.9842542409896851,1.0,6.855060577392578
580,1,3,2.600426197052002,0.600426197052002,0.9829580187797546,1.0,6.82315731048584
580,1,4,2.771104335784912,0.7711043953895569,0.9850364923477173,1.0,5.8725128173828125
580,1,5,2.7289929389953613,0.7289929389953613,0.9841176271438599,1.0,7.49992561340332
580,1,6,2.7084779739379883,0.7084779739379883,0.984377384185791,1.0,6.239184856414795
580,1,7,2.408709764480591,0.4087097942829132,0.9840285181999207,1.0,6.65531063079834
580,1,8,2.8836586475372314,0.8836585879325867,0.983029305934906,1.0,6.39742374420166
580,1,9,2.617802858352661,0.6178029179573059,0.9847805500030518,1.0,6.625804901123047
580,1,10,2.728750228881836,0.7287503480911255,0.9817283749580383,1.0,6.660321235656738
580,1,11,2.473179340362549,0.47317934036254883,0.985210120677948,1.0,6.227624893188477
580,1,12,2.742645502090454,0.7426454424858093,0.9837275743484497,1.0,6.954416751861572
580,1,13,2.3265278339385986,0.32652774453163147,0.9838461875915527,1.0,6.128467559814453
580,1,14,2.584883689880371,0.5848836302757263,0.9844781160354614,1.0,6.696803092956543
580,1,15,2.4933652877807617,0.4933653473854065,0.9848900437355042,1.0,7.084200382232666
580,1,16,2.4770560264587402,0.4770561158657074,0.9848419427871704,1.0,7.239666938781738
580,1,17,2.5988574028015137,0.5988573431968689,0.98391193151474,1.0,7.228641033172607
580,1,18,2.7981793880462646,0.7981793284416199,0.9839247465133667,1.0,7.243643760681152
580,1,19,2.502612829208374,0.5026128888130188,0.9835988283157349,1.0,7.001479625701904
580,2,0,-1.2333102226257324,-1.2333102226257324,0.013840042985975742,0.0,5.854208946228027
580,2,1,-1.2994040250778198,-1.2994040250778198,0.01345798373222351,0.0,6.0485100746154785
580,2,2,-1.1597816944122314,-1.1597816944122314,0.01355274859815836,0.0,6.399037837982178
580,2,3,-1.5197923183441162,-1.5197923183441162,0.015020869672298431,0.0,6.400153160095215
580,2,4,-1.0592694282531738,-1.0592694282531738,0.013390782289206982,0.0,6.552938461303711
580,2,5,-1.3592910766601562,-1.3592910766601562,0.01773524284362793,0.0,5.298975944519043
580,2,6,-1.818939208984375,-1.818939208984375,0.013628985732793808,0.0,6.550995826721191
580,2,7,-1.8090513944625854,-1.8090513944625854,0.01271947380155325,0.0,5.728250980377197
580,2,8,-0.8338881134986877,-0.8338881134986877,0.013499819673597813,0.0,5.99101448059082
580,2,9,-1.0834063291549683,-1.0834063291549683,0.013841332867741585,0.0,6.513553619384766
580,2,10,-1.0911941528320312,-1.0911941528320312,0.015130734071135521,0.0,5.503999710083008
580,2,11,-1.3920700550079346,-1.3920700550079346,0.016553588211536407,0.0,4.829951286315918
580,2,12,-1.3247919082641602,-1.3247919082641602,0.013432526029646397,0.0,5.750461101531982
580,2,13,-1.1293610334396362,-1.1293610334396362,0.014035078696906567,0.0,5.699522018432617
580,2,14,-1.0661499500274658,-1.0661499500274658,0.01608513668179512,0.0,4.738167762756348
580,2,15,-1.2139021158218384,-1.2139021158218384,0.013402467593550682,0.0,5.721364974975586
580,2,16,-1.1236672401428223,-1.1236672401428223,0.014438362792134285,0.0,5.075078010559082
580,2,17,-1.4408718347549438,-1.4408718347549438,0.01388369407504797,0.0,5.829195976257324
580,2,18,-1.4232293367385864,-1.4232293367385864,0.015748731791973114,0.0,6.116637229919434
580,2,19,-1.1886917352676392,-1.1886917352676392,0.014428989961743355,0.0,4.726848602294922
580,3,0,0.0910850241780281,0.0910850241780281,0.01394930761307478,0.0,4.941684246063232
580,3,1,0.18291731178760529,0.18291731178760529,0.01368857640773058,0.0,5.079103469848633
580,3,2,0.2625983953475952,0.2625983953475952,0.013332849368453026,0.0,5.96901798248291
580,3,3,0.31385019421577454,0.31385019421577454,0.013369077816605568,0.0,6.476625919342041
580,3,4,0.14599640667438507,0.14599640667438507,0.013410717248916626,0.0,5.696634769439697
580,3,5,0.37637558579444885,0.37637558579444885,0.01292421855032444,0.0,5.78864860534668
580,3,6,0.3581065535545349,0.3581065535545349,0.013539138250052929,0.0,5.693295478820801
580,3,7,0.11991248279809952,0.11991248279809952,0.013530950993299484,0.0,5.476698875427246
580,3,8,0.0697602778673172,0.0697602778673172,0.012921629473567009,0.0,5.547787666320801
580,3,9,0.31333303451538086,0.31333303451538086,0.013120480813086033,0.0,5.919932842254639
580,3,10,-0.030906621366739273,-0.030906621366739273,0.013388288207352161,0.0,5.648710250854492
580,3,11,0.15404364466667175,0.15404364466667175,0.013949603773653507,0.0,5.420889854431152
580,3,12,0.0614931546151638,0.0614931546151638,0.013579480350017548,0.0,5.708133697509766
580,3,13,0.03764666989445686,0.03764666989445686,0.013740548864006996,0.0,5.468583106994629
580,3,14,0.09415575861930847,0.09415575861930847,0.012559117749333382,0.0,5.416271209716797
580,3,15,0.5538092851638794,0.5538092851638794,0.013148429803550243,0.0,6.145241737365723
580,3,16,0.6220946907997131,0.6220946907997131,0.013078611344099045,0.0,5.711112022399902
580,3,17,0.1954662799835205,0.1954662799835205,0.013900273479521275,0.0,5.918307781219482
580,3,18,0.0840669646859169,0.0840669646859169,0.013447700068354607,0.0,5.5399885177612305
580,3,19,0.5006552338600159,0.5006552338600159,0.012844701297581196,0.0,5.4742608070373535
580,4,0,0.6519113183021545,0.6519113183021545,0.013738209381699562,0.0,5.549914836883545
580,4,1,0.13533394038677216,0.13533394038677216,0.015072090551257133,0.0,6.579306602478027
580,4,2,0.574288010597229,0.574288010597229,0.014095385558903217,0.0,6.729323387145996
580,4,3,0.25411301851272583,0.25411301851272583,0.013497895561158657,0.0,6.526511192321777
580,4,4,0.3536961078643799,0.3536961078643799,0.013322941027581692,0.0,5.217667579650879
580,4,5,0.6469594836235046,0.6469594836235046,0.012500978074967861,0.0,6.068593978881836
580,4,6,0.4740787148475647,0.4740787148475647,0.013906609266996384,0.0,6.760390758514404
580,4,7,0.6413078308105469,0.6413078308105469,0.014620046131312847,0.0,6.257280349731445
580,4,8,0.34004196524620056,0.34004196524620056,0.014006615616381168,0.0,6.481698989868164
580,4,9,0.36310848593711853,0.36310848593711853,0.014239797368645668,0.0,5.909907341003418
580,4,10,0.3367912769317627,0.3367912769317627,0.014764128252863884,0.0,6.05194091796875
580,4,11,0.47048187255859375,0.47048187255859375,0.01330828107893467,0.0,6.402013778686523
580,4,12,0.3546953499317169,0.3546953499317169,0.013836926780641079,0.0,6.283169269561768
580,4,13,0.5274852514266968,0.5274852514266968,0.013000967912375927,0.0,6.0752644538879395
580,4,14,0.4485703706741333,0.4485703706741333,0.013361810706555843,0.0,6.581910133361816
580,4,15,0.4218282103538513,0.4218282103538513,0.013484123162925243,0.0,6.331026554107666
580,4,16,0.22943006455898285,0.22943006455898285,0.0136887701228261,0.0,5.6305437088012695
580,4,17,0.47411176562309265,0.47411176562309265,0.013684830628335476,0.0,6.409265518188477
580,4,18,0.2447088062763214,0.2447088062763214,0.013497489504516125,0.0,5.908373832702637
580,4,19,0.7574354410171509,0.7574354410171509,0.01456558145582676,0.0,5.959443092346191
560,0,0,0.6425192356109619,0.6425192356109619,0.01236348133534193,0.0,5.796830177307129
560,0,1,0.7331616878509521,0.7331616878509521,0.012472250498831272,0.0,5.177751541137695
560,0,2,0.7147429585456848,0.7147429585456848,0.01271321251988411,0.0,5.359714031219482
560,0,3,0.514877200126648,0.514877200126648,0.012723726220428944,0.0,5.11924934387207
560,0,4,0.9574920535087585,0.9574920535087585,0.012770100496709347,0.0,5.217989921569824
560,0,5,0.9425572156906128,0.9425572156906128,0.012697063386440277,0.0,5.452078819274902
560,0,6,0.7698038220405579,0.7698038220405579,0.012809970416128635,0.0,5.2885212898254395
560,0,7,0.8414226174354553,0.8414226174354553,0.012226846069097519,0.0,5.3546342849731445
560,0,8,0.44978275895118713,0.44978275895118713,0.012229138053953648,0.0,5.1718316078186035
560,0,9,0.7477043867111206,0.7477043867111206,0.012600855901837349,0.0,5.6731486320495605
560,0,10,1.0247459411621094,1.0247459411621094,0.012719330377876759,0.0,5.732795715332031
560,0,11,1.2476354837417603,1.2476354837417603,0.012425389140844345,0.0,5.7420654296875
560,0,12,0.8275325894355774,0.8275325894355774,0.012600104324519634,0.0,5.697137832641602
560,0,13,1.19729745388031,1.19729745388031,0.012519440613687038,0.0,5.951879978179932
560,0,14,0.22204682230949402,0.22204682230949402,0.01228892058134079,0.0,5.3017988204956055
560,0,15,0.918262243270874,0.918262243270874,0.012504498474299908,0.0,5.154778480529785
560,0,16,0.9641990065574646,0.9641990065574646,0.012383551336824894,0.0,5.660524845123291
560,0,17,0.49243828654289246,0.49243828654289246,0.012325809337198734,0.0,5.167638301849365
560,0,18,0.7870715856552124,0.7870715856552124,0.012683387845754623,0.0,5.222285747528076
560,0,19,0.866308867931366,0.866308867931366,0.012156660668551922,0.0,5.562435626983643
560,1,0,2.5748817920684814,0.5748817324638367,0.9826583862304688,1.0,6.937896728515625
560,1,1,2.928988456726074,0.9289884567260742,0.9829403758049011,1.0,7.129615306854248
560,1,2,3.0123934745788574,1.012393593788147,0.9837315082550049,1.0,6.756521224975586
560,1,3,2.775804281234741,0.775804340839386,0.9840144515037537,1.0,6.4755706787109375
560,1,4,2.839844226837158,0.8398441076278687,0.9845952987670898,1.0,6.439297676086426
560,1,5,2.600679874420166,0.600679874420166,0.984266459941864,1.0,6.941550254821777
560,1,6,2.5394058227539062,0.5394057631492615,0.9850558042526245,1.0,6.585196495056152
560,1,7,2.8923819065093994,0.8923819661140442,0.9832800626754761,1.0,7.30640983581543
560,1,8,2.640216827392578,0.6402169466018677,0.9844051003456116,1.0,6.375751495361328
560,1,9,2.6341724395751953,0.6341723799705505,0.9852210879325867,1.0,6.187154769897461
560,1,10,2.768207550048828,0.7682075500488281,0.9837950468063354,1.0,6.162775993347168
560,1,11,2.8494210243225098,0.8494210839271545,0.984567403793335,1.0,7.031851768493652
560,1,12,2.405750274658203,0.40575021505355835,0.9852014183998108,1.0,7.512360095977783
560,1,13,2.6583046913146973,0.6583046913146973,0.9829846024513245,1.0,6.8990325927734375
560,1,14,2.829881429672241,0.8298813700675964,0.9836614727973938,1.0,6.328981876373291
560,1,15,2.6927685737609863,0.6927686929702759,0.9842400550842285,1.0,6.516388416290283
560,1,16,2.6635303497314453,0.6635302305221558,0.9842157959938049,1.0,6.766290664672852
560,1,17,2.8257973194122314,0.8257972598075867,0.9849228858947754,1.0,7.515775680541992
560,1,18,2.8308424949645996,0.8308425545692444,0.9852092862129211,1.0,7.130258560180664
560,1,19,2.9662582874298096,0.9662583470344543,0.9848273992538452,1.0,6.4612531661987305
560,2,0,-1.1350754499435425,-1.1350754499435425,0.01377660222351551,0.0,5.8209733963012695
560,2,1,-1.2844594717025757,-1.2844594717025757,0.013612804934382439,0.0,5.222321510314941
560,2,2,-1.1906903982162476,-1.1906903982162476,0.013448040932416916,0.0,5.732820510864258
560,2,3,-0.9123451113700867,-0.9123451113700867,0.013341349549591541,0.0,6.424533843994141
560,2,4,-0.9473782181739807,-0.9473782181739807,0.014801609329879284,0.0,5.597890853881836
560,2,5,-1.366169810295105,-1.366169810295105,0.013110357336699963,0.0,6.369011878967285
560,2,6,-1.476621389389038,-1.476621389389038,0.015801342204213142,0.0,6.350854873657227
560,2,7,-1.1349420547485352,-1.1349420547485352,0.013600644655525684,0.0,6.177428245544434
560,2,8,-1.1924515962600708,-1.1924515962600708,0.014049021527171135,0.0,5.569540977478027
560,2,9,-1.1810015439987183,-1.1810015439987183,0.015003524720668793,0.0,5.335973739624023
560,2,10,-1.3259108066558838,-1.3259108066558838,0.012898623012006283,0.0,6.1462016105651855
560,2,11,-0.785106360912323,-0.785106360912323,0.01342650968581438,0.0,5.887964248657227
560,2,12,-1.2989732027053833,-1.2989732027053833,0.014169075526297092,0.0,5.976663589477539
560,2,13,-1.100232720375061,-1.100232720375061,0.012892589904367924,0.0,5.070397853851318
560,2,14,-1.212093472480774,-1.212093472480774,0.013474741019308567,0.0,5.146069526672363
560,2,15,-1.1029887199401855,-1.1029887199401855,0.014111092314124107,0.0,6.6094841957092285
560,2,16,-0.9791640043258667,-0.9791640043258667,0.013309364207088947,0.0,5.211691856384277
560,2,17,-1.2981486320495605,-1.2981486320495605,0.01375130657106638,0.0,5.414079666137695
560,2,18,-1.1459335088729858,-1.1459335088729858,0.01338320691138506,0.0,5.700592041015625
560,2,19,-1.3117629289627075,-1.3117629289627075,0.014512169174849987,0.0,5.77887487411499
560,3,0,-0.23276713490486145,-0.23276713490486145,0.013924955390393734,0.0,5.594057083129883
560,3,1,0.20874464511871338,0.20874464511871338,0.01383401732891798,0.0,5.176764965057373
560,3,2,0.3026440739631653,0.3026440739631653,0.013549703173339367,0.0,6.031407833099365
560,3,3,-0.07381805777549744,-0.07381805777549744,0.013373186811804771,0.0,5.289054870605469
560,3,4,0.16508632898330688,0.16508632898330688,0.013292888179421425,0.0,5.474053859710693
560,3,5,0.3809041678905487,0.3809041678905487,0.013250374235212803,0.0,5.8073859214782715
560,3,6,0.3357863426208496,0.3357863426208496,0.01340764481574297,0.0,6.134994029998779
560,3,7,-0.024843307211995125,-0.024843307211995125,0.012722625397145748,0.0,5.537652492523193
560,3,8,0.03562338650226593,0.03562338650226593,0.013518102467060089,0.0,5.443011283874512
560,3,9,0.42990419268608093,0.42990419268608093,0.013022327795624733,0.0,5.113687992095947
560,3,10,-0.25164929032325745,-0.25164929032325745,0.013507930561900139,0.0,5.4091572761535645
560,3,11,0.7070470452308655,0.7070470452308655,0.01419083122164011,0.0,5.2490973472595215
560,3,12,-0.03966040536761284,-0.03966040536761284,0.013774380087852478,0.0,5.6679863929748535
560,3,13,0.3372550308704376,0.3372550308704376,0.014079757034778595,0.0,6.221752166748047
560,3,14,0.38302430510520935,0.38302430510520935,0.01329745352268219,0.0,5.918563365936279
560,3,15,0.032549552619457245,0.032549552619457245,0.013210240751504898,0.0,5.952630996704102
560,3,16,0.273458331823349,0.273458331823349,0.013750387355685234,0.0,5.20523738861084
560,3,17,0.24420848488807678,0.24420848488807678,0.013034690171480179,0.0,5.349063873291016
560,3,18,-0.11298391968011856,-0.11298391968011856,0.013096063397824764,0.0,5.528933525085449
560,3,19,-0.3910016417503357,-0.3910016417503357,0.014024168252944946,0.0,5.134690284729004
560,4,0,0.5335919260978699,0.5335919260978699,0.013356724753975868,0.0,5.649471282958984
560,4,1,0.31008267402648926,0.31008267402648926,0.01307702250778675,0.0,6.561823844909668
560,4,2,0.07011523842811584,0.07011523842811584,0.01464205700904131,0.0,6.035834312438965
560,4,3,0.5330989360809326,0.5330989360809326,0.014760041609406471,0.0,5.697958946228027
560,4,4,0.09017183631658554,0.09017183631658554,0.013468642719089985,0.0,5.7599711418151855
560,4,5,0.06903745979070663,0.06903745979070663,0.015010969713330269,0.0,5.7527008056640625
560,4,6,0.4777189791202545,0.4777189791202545,0.013308419845998287,0.0,5.0702314376831055
560,4,7,0.3687579333782196,0.3687579333782196,0.014804702252149582,0.0,5.68741512298584
560,4,8,0.6133189797401428,0.6133189797401428,0.013351868838071823,0.0,5.743283271789551
560,4,9,0.3084389269351959,0.3084389269351959,0.014481248334050179,0.0,6.2401957511901855
560,4,10,0.603890597820282,0.603890597820282,0.014050832018256187,0.0,6.461243629455566
560,4,11,0.27555155754089355,0.27555155754089355,0.013904837891459465,0.0,5.888922214508057
560,4,12,0.3452650308609009,0.3452650308609009,0.01509373914450407,0.0,5.837612152099609
560,4,13,0.3728541433811188,0.3728541433811188,0.014822316356003284,0.0,6.321918487548828
560,4,14,0.3015364110469818,0.3015364110469818,0.014493905007839203,0.0,6.098230361938477
560,4,15,0.20883099734783173,0.20883099734783173,0.013859019614756107,0.0,6.365392684936523
560,4,16,0.09066677838563919,0.09066677838563919,0.014217005111277103,0.0,5.440149784088135
560,4,17,0.6834560036659241,0.6834560036659241,0.014540499076247215,0.0,5.371994972229004
560,4,18,-0.015048905275762081,-0.015048905275762081,0.016767768189311028,0.0,6.959095001220703
560,4,19,0.262289434671402,0.262289434671402,0.014102191664278507,0.0,6.245537757873535
540,0,0,0.6077327132225037,0.6077327132225037,0.011887096799910069,0.0,5.534614562988281
540,0,1,0.4149121344089508,0.4149121344089508,0.012561256997287273,0.0,6.11680793762207
540,0,2,1.124851942062378,1.124851942062378,0.012435163371264935,0.0,5.852738380432129
540,0,3,0.7115494608879089,0.7115494608879089,0.012117178179323673,0.0,5.449475288391113
540,0,4,0.36054372787475586,0.36054372787475586,0.012599747627973557,0.0,5.9067230224609375
540,0,5,0.8818455338478088,0.8818455338478088,0.012453148141503334,0.0,5.231389999389648
540,0,6,1.0085221529006958,1.0085221529006958,0.01242081355303526,0.0,5.901604652404785
540,0,7,0.9730098843574524,0.9730098843574524,0.01223877351731062,0.0,5.28831672668457
540,0,8,0.8411182165145874,0.8411182165145874,0.012744719162583351,0.0,5.399735927581787
540,0,9,0.7502100467681885,0.7502100467681885,0.01227114163339138,0.0,5.944845199584961
540,0,10,0.8200939297676086,0.8200939297676086,0.012355349957942963,0.0,5.770521640777588
540,0,11,0.855029821395874,0.855029821395874,0.012016445398330688,0.0,5.90938663482666
540,0,12,0.8121484518051147,0.8121484518051147,0.012778958305716515,0.0,5.536179542541504
540,0,13,0.7010926008224487,0.7010926008224487,0.012645590119063854,0.0,5.045196533203125
540,0,14,1.0392320156097412,1.0392320156097412,0.012069893069565296,0.0,5.2304911613464355
540,0,15,0.3566746115684509,0.3566746115684509,0.012903892435133457,0.0,5.682315826416016
540,0,16,0.3448818027973175,0.3448818027973175,0.012154609896242619,0.0,5.227734088897705
540,0,17,0.8396677374839783,0.8396677374839783,0.012603983283042908,0.0,5.836997985839844
540,0,18,0.7109124660491943,0.7109124660491943,0.012620371766388416,0.0,5.922621726989746
540,0,19,0.7160863280296326,0.7160863280296326,0.01234558504074812,0.0,6.2801103591918945
540,1,0,2.691499710083008,0.6914995908737183,0.9844608902931213,1.0,6.779996395111084
540,1,1,2.617860794067383,0.6178608536720276,0.9813345670700073,1.0,6.5618791580200195
540,1,2,2.4858407974243164,0.48584067821502686,0.9844273924827576,1.0,7.071822166442871
540,1,3,2.6681902408599854,0.6681902408599854,0.9831920266151428,1.0,6.811445236206055
540,1,4,2.7537283897399902,0.753728449344635,0.9824479222297668,1.0,6.985611915588379
540,1,5,2.421234130859375,0.4212341904640198,0.9827069044113159,1.0,7.021285057067871
540,1,6,2.7780416011810303,0.778041660785675,0.9831328988075256,1.0,6.123929023742676
540,1,7,2.4946725368499756,0.4946724772453308,0.9851589798927307,1.0,6.566886901855469
540,1,8,2.670261859893799,0.6702619791030884,0.9844058752059937,1.0,7.288858890533447
540,1,9,2.4883971214294434,0.4883972406387329,0.9842237830162048,1.0,6.8322882652282715
540,1,10,2.501215934753418,0.5012159943580627,0.9843856692314148,1.0,6.680546760559082
540,1,11,2.643533706665039,0.6435337662696838,0.9836424589157104,1.0,7.276399612426758
540,1,12,2.5571908950805664,0.5571908354759216,0.983504056930542,1.0,6.207544803619385
540,1,13,2.5063815116882324,0.5063815712928772,0.9810855388641357,1.0,6.638242244720459
540,1,14,2.656376600265503,0.6563766002655029,0.9831114411354065,1.0,6.385427474975586
540,1,15,2.585819959640503,0.5858200192451477,0.9844127297401428,1.0,6.732271671295166
540,1,16,2.855607032775879,0.8556070923805237,0.983737587928772,1.0,6.789243698120117
540,1,17,2.554065465927124,0.5540654063224792,0.9830038547515869,1.0,7.32490348815918
540,1,18,2.50477933883667,0.5047792792320251,0.9832673668861389,1.0,6.850046634674072
540,1,19,2.778520107269287,0.7785201668739319,0.984460175037384,1.0,6.794092655181885
540,2,0,-1.3150709867477417,-1.3150709867477417,0.013853780925273895,0.0,5.72581672668457
540,2,1,-1.1741409301757812,-1.1741409301757812,0.01542515866458416,0.0,5.543074131011963
540,2,2,-1.2243258953094482,-1.2243258953094482,0.013553335331380367,0.0,5.687309265136719
540,2,3,-1.0028557777404785,-1.0028557777404785,0.013335559517145157,0.0,5.680267333984375
540,2,4,-1.0540417432785034,-1.0540417432785034,0.014651072211563587,0.0,5.62972354888916
540,2,5,-1.1844656467437744,-1.1844656467437744,0.013836152851581573,0.0,6.406620979309082
540,2,6,-1.3180135488510132,-1.3180135488510132,0.013437778688967228,0.0,6.401503086090088
540,2,7,-1.291998267173767,-1.291998267173767,0.01402402576059103,0.0,5.742562770843506
540,2,8,-1.584599494934082,-1.584599494934082,0.013333726674318314,0.0,4.8899455070495605
540,2,9,-1.143882393836975,-1.143882393836975,0.013077735900878906,0.0,5.830051898956299
540,2,10,-1.3456189632415771,-1.3456189632415771,0.012799673713743687,0.0,5.95465087890625
540,2,11,-1.166418194770813,-1.166418194770813,0.013625577092170715,0.0,5.7322096824646
540,2,12,-1.1520349979400635,-1.1520349979400635,0.013467997312545776,0.0,5.9688544273376465
540,2,13,-1.0889415740966797,-1.0889415740966797,0.013770111836493015,0.0,5.528097152709961
540,2,14,-1.1177619695663452,-1.1177619695663452,0.013848980888724327,0.0,5.755780220031738
540,2,15,-1.186769723892212,-1.186769723892212,0.013757633976638317,0.0,6.030702114105225
540,2,16,-1.3382134437561035,-1.3382134437561035,0.013334855437278748,0.0,6.574074745178223
540,2,17,-1.4425519704818726,-1.4425519704818726,0.013559877872467041,0.0,6.717244625091553
540,2,18,-1.3067374229431152,-1.3067374229431152,0.014326604083180428,0.0,5.927837371826172
540,2,19,-1.5285056829452515,-1.5285056829452515,0.013643127866089344,0.0,5.472135066986084
540,3,0,0.23986993730068207,0.23986993730068207,0.012954284437000751,0.0,5.677656173706055
540,3,1,0.2678828537464142,0.2678828537464142,0.013335734605789185,0.0,5.2946672439575195
540,3,2,0.444203644990921,0.444203644990921,0.013727903366088867,0.0,5.458680152893066
540,3,3,0.5000211596488953,0.5000211596488953,0.013288759626448154,0.0,5.733284950256348
540,3,4,0.34445011615753174,0.34445011615753174,0.013686785474419594,0.0,5.332390785217285
540,3,5,-0.02564176544547081,-0.02564176544547081,0.013880228623747826,0.0,5.1558308601379395
540,3,6,0.1580602526664734,0.1580602526664734,0.013346793130040169,0.0,5.853642463684082
540,3,7,0.05484151840209961,0.05484151840209961,0.012927068397402763,0.0,6.0910420417785645
540,3,8,0.22275681793689728,0.22275681793689728,0.013370586559176445,0.0,5.406804084777832
540,3,9,0.130694180727005,0.130694180727005,0.013188113458454609,0.0,5.0019989013671875
540,3,10,0.35916727781295776,0.35916727781295776,0.013834955170750618,0.0,5.4897356033325195
540,3,11,0.1997050791978836,0.1997050791978836,0.013601208105683327,0.0,5.173532485961914
540,3,12,0.29850664734840393,0.29850664734840393,0.012843577191233635,0.0,5.859082221984863
540,3,13,0.1526128649711609,0.1526128649711609,0.013434446416795254,0.0,5.781064987182617
540,3,14,0.09100265800952911,0.09100265800952911,0.012879826128482819,0.0,5.2758402824401855
540,3,15,0.09143662452697754,0.09143662452697754,0.01287442073225975,0.0,5.432169437408447
540,3,16,0.0004385385545901954,0.0004385385545901954,0.013634667731821537,0.0,6.018235206604004
540,3,17,0.16695988178253174,0.16695988178253174,0.013420158997178078,0.0,5.380960464477539
540,3,18,0.2366005778312683,0.2366005778312683,0.013431653380393982,0.0,6.078749179840088
540,3,19,0.4492494463920593,0.4492494463920593,0.013786927796900272,0.0,5.063195705413818
540,4,0,0.3545912802219391,0.3545912802219391,0.016799945384263992,0.0,6.55715799331665
540,4,1,0.6923171281814575,0.6923171281814575,0.013333644717931747,0.0,6.239365577697754
540,4,2,0.17888928949832916,0.17888928949832916,0.013320219703018665,0.0,6.622718811035156
540,4,3,-0.021270858123898506,-0.021270858123898506,0.015324203297495842,0.0,6.1564106941223145
540,4,4,0.36886274814605713,0.36886274814605713,0.013264073058962822,0.0,6.542455673217773
540,4,5,0.258171945810318,0.258171945810318,0.014754350297152996,0.0,6.445167541503906
540,4,6,0.25601863861083984,0.25601863861083984,0.01405248325318098,0.0,4.764093399047852
540,4,7,0.4867789149284363,0.4867789149284363,0.013898659497499466,0.0,6.133072853088379
540,4,8,0.3506667912006378,0.3506667912006378,0.013993056491017342,0.0,5.740570068359375
540,4,9,0.536909282207489,0.536909282207489,0.014131929725408554,0.0,6.5820112228393555
540,4,10,0.25230929255485535,0.25230929255485535,0.013986070640385151,0.0,6.120230674743652
540,4,11,0.478834331035614,0.478834331035614,0.01443054061383009,0.0,5.561646461486816
540,4,12,0.30606967210769653,0.30606967210769653,0.01293823029845953,0.0,6.101357460021973
540,4,13,0.7241414189338684,0.7241414189338684,0.013096447102725506,0.0,5.991559028625488
540,4,14,0.6441683173179626,0.6441683173179626,0.013988439925014973,0.0,6.096001148223877
540,4,15,0.2049497663974762,0.2049497663974762,0.013982889242470264,0.0,6.055239677429199
540,4,16,0.2462761402130127,0.2462761402130127,0.014169687405228615,0.0,6.796176910400391
540,4,17,0.0894256979227066,0.0894256979227066,0.015711788088083267,0.0,6.823456764221191
540,4,18,-0.1331528276205063,-0.1331528276205063,0.014298509806394577,0.0,6.021739959716797
540,4,19,0.5043882727622986,0.5043882727622986,0.01417982392013073,0.0,6.024283409118652
520,0,0,0.6238740682601929,0.6238740682601929,0.0122158108279109,0.0,5.330913543701172
520,0,1,0.7904479503631592,0.7904479503631592,0.012671740725636482,0.0,5.459717273712158
520,0,2,0.7855682969093323,0.7855682969093323,0.01244057435542345,0.0,5.4104108810424805
520,0,3,1.2022924423217773,1.2022924423217773,0.012276542373001575,0.0,5.821160316467285
520,0,4,0.693193256855011,0.693193256855011,0.012444373220205307,0.0,5.876053333282471
520,0,5,0.7666722536087036,0.7666722536087036,0.012325216084718704,0.0,5.398685455322266
520,0,6,0.9397639632225037,0.9397639632225037,0.012620627880096436,0.0,5.551246643066406
520,0,7,0.6179953217506409,0.6179953217506409,0.01235898770391941,0.0,5.464085102081299
520,0,8,0.6907099485397339,0.6907099485397339,0.012896401807665825,0.0,5.882625102996826
520,0,9,0.7444621920585632,0.7444621920585632,0.01236893329769373,0.0,5.458959579467773
520,0,10,0.8554832339286804,0.8554832339286804,0.012620610184967518,0.0,5.467538356781006
520,0,11,0.5934094190597534,0.5934094190597534,0.012837452813982964,0.0,6.4768242835998535
520,0,12,0.742538332939148,0.742538332939148,0.012548642233014107,0.0,6.444186210632324
520,0,13,0.7715421915054321,0.7715421915054321,0.012533365748822689,0.0,5.598320007324219
520,0,14,0.7794015407562256,0.7794015407562256,0.012642113491892815,0.0,5.752241611480713
520,0,15,0.6823127865791321,0.6823127865791321,0.012512716464698315,0.0,5.602400779724121
520,0,16,0.7704092860221863,0.7704092860221863,0.012281966395676136,0.0,5.643545150756836
520,0,17,0.8251834511756897,0.8251834511756897,0.012194856069982052,0.0,5.062753677368164
520,0,18,0.9958639740943909,0.9958639740943909,0.012793516740202904,0.0,5.851377010345459
520,0,19,1.1661317348480225,1.1661317348480225,0.012369842268526554,0.0,5.4499711990356445
520,1,0,2.651573657989502,0.651573657989502,0.9840167760848999,1.0,5.812522888183594
520,1,1,2.6990320682525635,0.6990320086479187,0.9835518002510071,1.0,6.737126350402832
520,1,2,2.5083413124084473,0.5083411931991577,0.9780118465423584,1.0,7.081450462341309
520,1,3,2.9226913452148438,0.9226914644241333,0.9844717383384705,1.0,6.324227333068848
520,1,4,2.730543375015259,0.730543315410614,0.9845260381698608,1.0,6.382501125335693
520,1,5,2.50443172454834,0.5044316053390503,0.9828014969825745,1.0,6.779574394226074
520,1,6,2.6875534057617188,0.687553346157074,0.9841489195823669,1.0,6.3370361328125
520,1,7,2.662452220916748,0.6624522805213928,0.985620379447937,1.0,6.756109714508057
520,1,8,2.6102945804595947,0.6102945804595947,0.9846500754356384,1.0,6.522910118103027
520,1,9,2.4890406131744385,0.4890406131744385,0.9838337302207947,1.0,5.89997673034668
520,1,10,2.5746004581451416,0.5746005177497864,0.9836428165435791,1.0,6.820443153381348
520,1,11,2.573538303375244,0.5735382437705994,0.9849135279655457,1.0,6.990941047668457
520,1,12,2.6512560844421387,0.6512560248374939,0.9838555455207825,1.0,7.3051629066467285
520,1,13,2.6408441066741943,0.6408441066741943,0.983666181564331,1.0,7.100533485412598
520,1,14,2.7282981872558594,0.7282980680465698,0.9839263558387756,1.0,6.588757514953613
520,1,15,3.0092992782592773,1.0092992782592773,0.985906720161438,1.0,7.055840492248535
520,1,16,2.567823648452759,0.567823588848114,0.9836708307266235,1.0,6.657005310058594
520,1,17,2.7110230922698975,0.7110230922698975,0.9837665557861328,1.0,7.203644752502441
520,1,18,2.8607962131500244,0.8607961535453796,0.9839785695075989,1.0,6.868680953979492
520,1,19,2.4895694255828857,0.4895694851875305,0.9813467264175415,1.0,7.216754913330078
520,2,0,-1.4214175939559937,-1.4214175939559937,0.015361797995865345,0.0,5.87843132019043
520,2,1,-1.6905322074890137,-1.6905322074890137,0.013482081703841686,0.0,5.313350200653076
520,2,2,-1.2380553483963013,-1.2380553483963013,0.01375108677893877,0.0,5.720163822174072
520,2,3,-1.3962273597717285,-1.3962273597717285,0.01290054153650999,0.0,5.448528289794922
520,2,4,-1.1975191831588745,-1.1975191831588745,0.015157653950154781,0.0,5.904388427734375
520,2,5,-1.3227896690368652,-1.3227896690368652,0.013567495159804821,0.0,5.0344085693359375
520,2,6,-1.2346632480621338,-1.2346632480621338,0.013298730365931988,0.0,5.951735019683838
520,2,7,-1.1802701950073242,-1.1802701950073242,0.014080761931836605,0.0,5.733676910400391
520,2,8,-1.3107948303222656,-1.3107948303222656,0.013394879177212715,0.0,5.697502136230469
520,2,9,-1.3450558185577393,-1.3450558185577393,0.014091555960476398,0.0,5.634775161743164
520,2,10,-0.9045572876930237,-0.9045572876930237,0.013258425518870354,0.0,6.484598159790039
520,2,11,-1.6348806619644165,-1.6348806619644165,0.013401420786976814,0.0,5.49617338180542
520,2,12,-0.9197497963905334,-0.9197497963905334,0.013400399126112461,0.0,6.27236795425415
520,2,13,-1.1953212022781372,-1.1953212022781372,0.014035658910870552,0.0,5.557260513305664
520,2,14,-1.1240936517715454,-1.1240936517715454,0.014274712651968002,0.0,5.983397483825684
520,2,15,-1.1911851167678833,-1.1911851167678833,0.014165626838803291,0.0,5.356760025024414
520,2,16,-0.9849866628646851,-0.9849866628646851,0.013454686850309372,0.0,5.867018222808838
520,2,17,-1.167697548866272,-1.167697548866272,0.013059882447123528,0.0,6.60787296295166
520,2,18,-1.231725811958313,-1.231725811958313,0.013591857627034187,0.0,5.506461143493652
520,2,19,-1.2838027477264404,-1.2838027477264404,0.013134168460965157,0.0,6.091214179992676
520,3,0,0.20113886892795563,0.20113886892795563,0.013311624526977539,0.0,5.2657976150512695
520,3,1,0.44119399785995483,0.44119399785995483,0.012908668257296085,0.0,6.002285957336426
520,3,2,0.2262139618396759,0.2262139618396759,0.013266855850815773,0.0,5.809807300567627
520,3,3,0.024437863379716873,0.024437863379716873,0.013493603095412254,0.0,5.848491668701172
520,3,4,0.27282389998435974,0.27282389998435974,0.014191125519573689,0.0,5.999600887298584
520,3,5,-0.029004860669374466,-0.029004860669374466,0.013584854081273079,0.0,6.013179779052734
520,3,6,0.2140710949897766,0.2140710949897766,0.013866725377738476,0.0,5.672940254211426
520,3,7,0.19503310322761536,0.19503310322761536,0.013187105767428875,0.0,5.413457870483398
520,3,8,0.10459494590759277,0.10459494590759277,0.013093034736812115,0.0,6.001127243041992
520,3,9,-0.0030459617264568806,-0.0030459617264568806,0.013419464230537415,0.0,5.486331939697266
520,3,10,0.29419568181037903,0.29419568181037903,0.013494695536792278,0.0,5.368840217590332
520,3,11,0.7637550830841064,0.7637550830841064,0.013771743513643742,0.0,5.733188629150391
520,3,12,0.3088550865650177,0.3088550865650177,0.013098579831421375,0.0,5.227928161621094
520,3,13,0.2019326239824295,0.2019326239824295,0.013305983506143093,0.0,5.8751983642578125
520,3,14,-0.05940885841846466,-0.05940885841846466,0.013742320239543915,0.0,5.678621292114258
520,3,15,0.20776215195655823,0.20776215195655823,0.013123135082423687,0.0,5.70257568359375
520,3,16,-0.0025012458208948374,-0.0025012458208948374,0.013363650999963284,0.0,5.941398620605469
520,3,17,0.08253471553325653,0.08253471553325653,0.013841422274708748,0.0,5.015927314758301
520,3,18,0.27699053287506104,0.27699053287506104,0.012869772501289845,0.0,4.603603839874268
520,3,19,-0.105288065969944,-0.105288065969944,0.013494732789695263,0.0,5.707507133483887
520,4,0,0.49075669050216675,0.49075669050216675,0.015899525955319405,0.0,6.91636848449707
520,4,1,0.4998459815979004,0.4998459815979004,0.014135824516415596,0.0,6.258382320404053
520,4,2,0.24453282356262207,0.24453282356262207,0.01463590282946825,0.0,6.250509738922119
520,4,3,-0.26392224431037903,-0.26392224431037903,0.014780408702790737,0.0,6.423967361450195
520,4,4,0.6700928211212158,0.6700928211212158,0.014692991971969604,0.0,6.304198741912842
520,4,5,0.37834495306015015,0.37834495306015015,0.01356750912964344,0.0,5.85432243347168
520,4,6,0.42034435272216797,0.42034435272216797,0.01432859618216753,0.0,5.723794937133789
520,4,7,-0.07174867391586304,-0.07174867391586304,0.015135802328586578,0.0,6.175651550292969
520,4,8,0.4134562909603119,0.4134562909603119,0.01441993284970522,0.0,6.413576602935791
520,4,9,0.4083136320114136,0.4083136320114136,0.013552074320614338,0.0,6.482246398925781
520,4,10,0.42439475655555725,0.42439475655555725,0.014066285453736782,0.0,6.243127346038818
520,4,11,0.5513841509819031,0.5513841509819031,0.014887316152453423,0.0,5.946798324584961
520,4,12,0.5134633183479309,0.5134633183479309,0.015103479847311974,0.0,5.171328544616699
520,4,13,0.49671652913093567,0.49671652913093567,0.013600477948784828,0.0,6.39479398727417
520,4,14,0.2283344864845276,0.2283344864845276,0.015305133536458015,0.0,6.221278667449951
520,4,15,0.588822603225708,0.588822603225708,0.013653522357344627,0.0,5.690343856811523
520,4,16,0.2325427234172821,0.2325427234172821,0.01360426563769579,0.0,6.16376256942749
520,4,17,0.28005439043045044,0.28005439043045044,0.014324394054710865,0.0,5.56195068359375
520,4,18,0.4635760486125946,0.4635760486125946,0.014525283128023148,0.0,6.463521480560303
520,4,19,0.3556060791015625,0.3556060791015625,0.013712713494896889,0.0,6.399763107299805
500,0,0,0.9754527807235718,0.9754527807235718,0.01263456977903843,0.0,5.746554374694824
500,0,1,0.9105777740478516,0.9105777740478516,0.012575577013194561,0.0,5.512204170227051
500,0,2,0.8138216733932495,0.8138216733932495,0.012387877330183983,0.0,4.9197821617126465
500,0,3,0.42546698451042175,0.42546698451042175,0.01248991210013628,0.0,5.479964733123779
500,0,4,0.742351770401001,0.742351770401001,0.012735249474644661,0.0,6.27109956741333
500,0,5,0.7918970584869385,0.7918970584869385,0.012619744054973125,0.0,5.517406940460205
500,0,6,0.9252573847770691,0.9252573847770691,0.012847954407334328,0.0,5.765875816345215
500,0,7,0.9407012462615967,0.9407012462615967,0.012850276194512844,0.0,5.35856819152832
500,0,8,0.8623141050338745,0.8623141050338745,0.012563931755721569,0.0,5.700087547302246
500,0,9,0.7985190153121948,0.7985190153121948,0.012277177534997463,0.0,5.0221171379089355
500,0,10,0.6378812789916992,0.6378812789916992,0.012628909200429916,0.0,5.65024471282959
500,0,11,0.8630058169364929,0.8630058169364929,0.01198603119701147,0.0,5.76730489730835
500,0,12,0.9296651482582092,0.9296651482582092,0.012811561115086079,0.0,5.534826278686523
500,0,13,0.7231873869895935,0.7231873869895935,0.012774791568517685,0.0,5.491470813751221
500,0,14,0.9772270917892456,0.9772270917892456,0.012621293775737286,0.0,6.289488792419434
500,0,15,0.9600776433944702,0.9600776433944702,0.012282926589250565,0.0,5.341644287109375
500,0,16,0.9633486866950989,0.9633486866950989,0.01251161377876997,0.0,5.555812835693359
500,0,17,0.9346292614936829,0.9346292614936829,0.012378757819533348,0.0,5.280663967132568
500,0,18,0.33452367782592773,0.33452367782592773,0.012536009773612022,0.0,4.834972858428955
500,0,19,0.6748382449150085,0.6748382449150085,0.012469090521335602,0.0,4.810876846313477
500,1,0,2.661426067352295,0.6614261865615845,0.9848214983940125,1.0,7.1524248123168945
500,1,1,2.27927827835083,0.27927830815315247,0.978661835193634,1.0,7.2034406661987305
500,1,2,2.602769374847412,0.6027694940567017,0.982366681098938,1.0,7.311739921569824
500,1,3,2.9374403953552246,0.9374405145645142,0.9847219586372375,1.0,7.998210430145264
500,1,4,2.9305059909820557,0.9305059313774109,0.9836130142211914,1.0,6.856865882873535
500,1,5,2.647855281829834,0.6478554010391235,0.9849854707717896,1.0,6.857334136962891
500,1,6,2.7245757579803467,0.7245756983757019,0.9846961498260498,1.0,5.848112106323242
500,1,7,2.8459315299987793,0.8459315896034241,0.9841737747192383,1.0,7.21373176574707
500,1,8,2.7699358463287354,0.7699357867240906,0.9853851199150085,1.0,6.325458526611328
500,1,9,2.616081476211548,0.6160815358161926,0.9840600490570068,1.0,7.123420715332031
500,1,10,2.378303050994873,0.37830308079719543,0.9835765957832336,1.0,7.836033344268799
500,1,11,2.83262038230896,0.8326203227043152,0.9840721487998962,1.0,7.306820392608643
500,1,12,2.401196002960205,0.40119609236717224,0.9840893745422363,1.0,6.856398105621338
500,1,13,2.5588395595550537,0.5588395595550537,0.9854050278663635,1.0,6.5704450607299805
500,1,14,2.8598575592041016,0.8598575592041016,0.9838011860847473,1.0,6.84101676940918
500,1,15,2.7360239028930664,0.7360238432884216,0.9848012328147888,1.0,7.007308006286621
500,1,16,2.635686159133911,0.6356862187385559,0.9825721979141235,1.0,6.8970794677734375
500,1,17,2.563007116317749,0.5630070567131042,0.9834363460540771,1.0,6.82466983795166
500,1,18,2.453467845916748,0.45346781611442566,0.9825030565261841,1.0,6.73780632019043
500,1,19,2.5512778759002686,0.5512778162956238,0.9833313226699829,1.0,6.767795562744141
500,2,0,-1.0638809204101562,-1.0638809204101562,0.014163214713335037,0.0,5.922760009765625
500,2,1,-1.165004014968872,-1.165004014968872,0.013609269633889198,0.0,6.237218856811523
500,2,2,-1.4655935764312744,-1.4655935764312744,0.013681161217391491,0.0,6.090997695922852
500,2,3,-1.3421539068222046,-1.3421539068222046,0.013352874666452408,0.0,6.063798904418945
500,2,4,-1.1572922468185425,-1.1572922468185425,0.01328445877879858,0.0,5.889360427856445
500,2,5,-1.1724997758865356,-1.1724997758865356,0.013175806030631065,0.0,6.818725109100342
500,2,6,-1.2715530395507812,-1.2715530395507812,0.013423953205347061,0.0,5.649019241333008
500,2,7,-1.1303421258926392,-1.1303421258926392,0.013833952136337757,0.0,6.142969608306885
500,2,8,-1.394943118095398,-1.394943118095398,0.01382296159863472,0.0,5.653717994689941
500,2,9,-1.0210260152816772,-1.0210260152816772,0.014206256717443466,0.0,6.4492387771606445
500,2,10,-1.2412151098251343,-1.2412151098251343,0.014072120189666748,0.0,5.904973030090332
500,2,11,-1.032170057296753,-1.032170057296753,0.012991318479180336,0.0,5.897013187408447
500,2,12,-1.1145824193954468,-1.1145824193954468,0.013780108653008938,0.0,6.956335544586182
500,2,13,-1.4613877534866333,-1.4613877534866333,0.01262549590319395,0.0,6.547747611999512
500,2,14,-1.4924678802490234,-1.4924678802490234,0.014694083482027054,0.0,6.1247711181640625
500,2,15,-1.5688668489456177,-1.5688668489456177,0.013196839019656181,0.0,5.777276992797852
500,2,16,-1.254219651222229,-1.254219651222229,0.014133378863334656,0.0,4.904165267944336
500,2,17,-1.5394147634506226,-1.5394147634506226,0.013481701724231243,0.0,5.909764289855957
500,2,18,-1.0398648977279663,-1.0398648977279663,0.014178990386426449,0.0,5.640421390533447
500,2,19,-0.9386047720909119,-0.9386047720909119,0.013969221152365208,0.0,4.931397438049316
500,3,0,0.23908694088459015,0.23908694088459015,0.013396339491009712,0.0,5.306767463684082
500,3,1,0.22191548347473145,0.22191548347473145,0.013737493194639683,0.0,4.789509296417236
500,3,2,0.3192397356033325,0.3192397356033325,0.013309195637702942,0.0,5.067893028259277
500,3,3,0.13106712698936462,0.13106712698936462,0.012781070545315742,0.0,5.448874473571777
500,3,4,0.1805654615163803,0.1805654615163803,0.013465968891978264,0.0,6.425177097320557
500,3,5,-0.04293651133775711,-0.04293651133775711,0.013166571035981178,0.0,5.175103187561035
500,3,6,0.030963322147727013,0.030963322147727013,0.013097957707941532,0.0,5.386519432067871
500,3,7,0.20731326937675476,0.20731326937675476,0.012932348996400833,0.0,5.313626289367676
500,3,8,-0.012638666667044163,-0.012638666667044163,0.014284786768257618,0.0,5.613255500793457
500,3,9,0.2899991571903229,0.2899991571903229,0.013290799222886562,0.0,4.700166702270508
500,3,10,0.1690816730260849,0.1690816730260849,0.013341670855879784,0.0,5.372908115386963
500,3,11,0.07884274423122406,0.07884274423122406,0.01333546545356512,0.0,5.058642387390137
500,3,12,0.1672755777835846,0.1672755777835846,0.01339397020637989,0.0,5.219980239868164
500,3,13,0.30378958582878113,0.30378958582878113,0.013816899619996548,0.0,5.366683006286621
500,3,14,0.24192607402801514,0.24192607402801514,0.01330828107893467,0.0,5.303339958190918
500,3,15,0.3623098134994507,0.3623098134994507,0.013585375621914864,0.0,5.509698867797852
500,3,16,0.08485651016235352,0.08485651016235352,0.013919202610850334,0.0,6.139615058898926
500,3,17,0.4288373291492462,0.4288373291492462,0.013230265118181705,0.0,5.278843879699707
500,3,18,0.0684671550989151,0.0684671550989151,0.013090766966342926,0.0,5.214410781860352
500,3,19,0.09559162706136703,0.09559162706136703,0.013127706944942474,0.0,5.522069931030273
500,4,0,0.2663208842277527,0.2663208842277527,0.014925462193787098,0.0,6.018028259277344
500,4,1,0.025958292186260223,0.025958292186260223,0.015767429023981094,0.0,6.289267063140869
500,4,2,0.14064055681228638,0.14064055681228638,0.013775281608104706,0.0,6.065852165222168
500,4,3,0.08644572645425797,0.08644572645425797,0.01370430737733841,0.0,6.115911960601807
500,4,4,0.17770792543888092,0.17770792543888092,0.01390540599822998,0.0,6.269042015075684
500,4,5,0.21125558018684387,0.21125558018684387,0.014392958022654057,0.0,6.779721260070801
500,4,6,0.2106432318687439,0.2106432318687439,0.014969314448535442,0.0,6.195108413696289
500,4,7,-0.04856858029961586,-0.04856858029961586,0.016632065176963806,0.0,5.917197227478027
500,4,8,0.416666179895401,0.416666179895401,0.01616155356168747,0.0,6.576699256896973
500,4,9,0.5325724482536316,0.5325724482536316,0.013601425103843212,0.0,5.886747360229492
500,4,10,0.3969687223434448,0.3969687223434448,0.014656078070402145,0.0,6.285909652709961
500,4,11,0.349033385515213,0.349033385515213,0.014800133183598518,0.0,6.011009693145752
500,4,12,0.5199995636940002,0.5199995636940002,0.01334803830832243,0.0,5.803030014038086
500,4,13,0.7731598615646362,0.7731598615646362,0.013499787077307701,0.0,6.420132160186768
500,4,14,0.03890269994735718,0.03890269994735718,0.012958817183971405,0.0,6.205098628997803
500,4,15,0.36291778087615967,0.36291778087615967,0.014226993545889854,0.0,5.807229042053223
500,4,16,0.28107142448425293,0.28107142448425293,0.013822663575410843,0.0,5.354804992675781
500,4,17,0.21231752634048462,0.21231752634048462,0.013779141940176487,0.0,6.319155693054199
500,4,18,0.3001726567745209,0.3001726567745209,0.01433076523244381,0.0,7.068055152893066
500,4,19,0.27968651056289673,0.27968651056289673,0.014871456660330296,0.0,5.87708044052124
480,0,0,0.8616888523101807,0.8616888523101807,0.012654764577746391,0.0,5.459177494049072
480,0,1,0.7128777503967285,0.7128777503967285,0.012615086510777473,0.0,6.443782806396484
480,0,2,0.4813138246536255,0.4813138246536255,0.012806725688278675,0.0,5.515642166137695
480,0,3,0.9909871220588684,0.9909871220588684,0.012758718803524971,0.0,5.42962646484375
480,0,4,0.9428123235702515,0.9428123235702515,0.012800276279449463,0.0,5.672224044799805
480,0,5,0.6510174870491028,0.6510174870491028,0.012737210839986801,0.0,5.351691246032715
480,0,6,0.7146316170692444,0.7146316170692444,0.01251869648694992,0.0,5.837427616119385
480,0,7,0.6098898649215698,0.6098898649215698,0.01246736478060484,0.0,5.337856292724609
480,0,8,0.8042338490486145,0.8042338490486145,0.012703926302492619,0.0,5.836565017700195
480,0,9,0.6725826263427734,0.6725826263427734,0.012017411179840565,0.0,4.788183212280273
480,0,10,0.7443879246711731,0.7443879246711731,0.012687621638178825,0.0,5.448422908782959
480,0,11,1.032196044921875,1.032196044921875,0.01231470424681902,0.0,5.081243991851807
480,0,12,0.5450565814971924,0.5450565814971924,0.012358902022242546,0.0,4.9018330574035645
480,0,13,1.0366487503051758,1.0366487503051758,0.01241783145815134,0.0,5.809093475341797
480,0,14,0.7628474235534668,0.7628474235534668,0.01260281540453434,0.0,5.166416645050049
480,0,15,0.7708613872528076,0.7708613872528076,0.012761421501636505,0.0,5.120636463165283
480,0,16,1.0369888544082642,1.0369888544082642,0.01257690042257309,0.0,5.958452224731445
480,0,17,0.9858758449554443,0.9858758449554443,0.012408705428242683,0.0,5.58473014831543
480,0,18,0.5142150521278381,0.5142150521278381,0.012713571079075336,0.0,4.810251235961914
480,0,19,0.8040892481803894,0.8040892481803894,0.012528191320598125,0.0,5.574037551879883
480,1,0,2.6264102458953857,0.626410186290741,0.983496904373169,1.0,6.47059440612793
480,1,1,2.5563247203826904,0.5563247799873352,0.9842827916145325,1.0,7.141127109527588
480,1,2,2.656611442565918,0.6566115617752075,0.9846077561378479,1.0,7.230783462524414
480,1,3,2.6688859462738037,0.6688859462738037,0.9839136600494385,1.0,6.691137313842773
480,1,4,2.7009544372558594,0.7009544968605042,0.9844871163368225,1.0,6.661436557769775
480,1,5,2.7693729400634766,0.7693730592727661,0.984774112701416,1.0,6.857819557189941
480,1,6,2.727168560028076,0.7271685004234314,0.9846222996711731,1.0,6.300335884094238
480,1,7,2.7612509727478027,0.7612510323524475,0.9851410388946533,1.0,6.680473804473877
480,1,8,2.665921211242676,0.6659212708473206,0.9831669926643372,1.0,6.292835235595703
480,1,9,2.7245523929595947,0.72455233335495,0.9831990599632263,1.0,7.360663414001465
480,1,10,2.4455337524414062,0.44553372263908386,0.9838557839393616,1.0,6.859611988067627
480,1,11,2.3929758071899414,0.39297571778297424,0.9840562343597412,1.0,7.318447113037109
480,1,12,2.554330348968506,0.5543304085731506,0.9837887287139893,1.0,6.758094310760498
480,1,13,2.61435604095459,0.6143559217453003,0.9856939315795898,1.0,6.852450370788574
480,1,14,2.621835947036743,0.6218360066413879,0.984489917755127,1.0,6.506186485290527
480,1,15,2.370120048522949,0.3701201379299164,0.9845400452613831,1.0,7.54329252243042
480,1,16,2.8886542320251465,0.8886541724205017,0.9835024476051331,1.0,7.17996072769165
480,1,17,2.60365629196167,0.6036564111709595,0.9842324256896973,1.0,6.570631980895996
480,1,18,2.6587533950805664,0.6587533950805664,0.9811367392539978,1.0,7.1149725914001465
480,1,19,2.79801607131958,0.7980160713195801,0.9827951788902283,1.0,6.574172019958496
480,2,0,-1.053017258644104,-1.053017258644104,0.013753180392086506,0.0,4.928781986236572
480,2,1,-1.372876524925232,-1.372876524925232,0.014331950806081295,0.0,6.282221794128418
480,2,2,-1.1631032228469849,-1.1631032228469849,0.014025779440999031,0.0,5.832436561584473
480,2,3,-1.2012922763824463,-1.2012922763824463,0.013422494754195213,0.0,5.894489288330078
480,2,4,-1.1099333763122559,-1.1099333763122559,0.013523723930120468,0.0,5.793813228607178
480,2,5,-0.5510561466217041,-0.5510561466217041,0.015591426752507687,0.0,5.671265602111816
480,2,6,-1.085741400718689,-1.085741400718689,0.013156364671885967,0.0,6.33405876159668
480,2,7,-0.8527175188064575,-0.8527175188064575,0.013431653380393982,0.0,6.719524383544922
480,2,8,-1.193427562713623,-1.193427562713623,0.01359332911670208,0.0,6.152125358581543
480,2,9,-1.2711412906646729,-1.2711412906646729,0.013431931845843792,0.0,5.657797813415527
480,2,10,-1.3649840354919434,-1.3649840354919434,0.014021980576217175,0.0,6.210414886474609
480,2,11,-1.0714821815490723,-1.0714821815490723,0.013691885396838188,0.0,5.751377105712891
480,2,12,-0.7159191966056824,-0.7159191966056824,0.013488741591572762,0.0,5.592018127441406
480,2,13,-1.4125559329986572,-1.4125559329986572,0.013980234041810036,0.0,5.782671928405762
480,2,14,-1.3482775688171387,-1.3482775688171387,0.013671782799065113,0.0,6.612853050231934
480,2,15,-1.0886801481246948,-1.0886801481246948,0.013990149833261967,0.0,6.231541156768799
480,2,16,-1.4955229759216309,-1.4955229759216309,0.013177962973713875,0.0,5.651881217956543
480,2,17,-1.2253632545471191,-1.2253632545471191,0.013673006556928158,0.0,5.6638383865356445
480,2,18,-1.2422499656677246,-1.2422499656677246,0.014445069245994091,0.0,6.466498374938965
480,2,19,-1.3296171426773071,-1.3296171426773071,0.014295816421508789,0.0,5.868748664855957
480,3,0,0.4938287138938904,0.4938287138938904,0.01361166499555111,0.0,5.889247417449951
480,3,1,0.2211463451385498,0.2211463451385498,0.013436190783977509,0.0,5.641421318054199
480,3,2,0.2971198260784149,0.2971198260784149,0.013349180109798908,0.0,5.5014214515686035
480,3,3,0.05387095361948013,0.05387095361948013,0.013058905489742756,0.0,4.562447547912598
480,3,4,0.11393754184246063,0.11393754184246063,0.014119872823357582,0.0,5.074077129364014
480,3,5,0.37866348028182983,0.37866348028182983,0.013862513937056065,0.0,5.587669849395752
480,3,6,0.24519838392734528,0.24519838392734528,0.013647126965224743,0.0,5.56577730178833
480,3,7,0.5052725672721863,0.5052725672721863,0.013231796212494373,0.0,5.430760383605957
480,3,8,0.0763198733329773,0.0763198733329773,0.013903757557272911,0.0,5.097733497619629
480,3,9,0.1517573893070221,0.1517573893070221,0.013728470541536808,0.0,5.739378929138184
480,3,10,0.2710854411125183,0.2710854411125183,0.013780191540718079,0.0,5.166770935058594
480,3,11,0.1701778769493103,0.1701778769493103,0.013354217633605003,0.0,5.7501983642578125
480,3,12,0.11744830012321472,0.11744830012321472,0.013360225595533848,0.0,5.260613441467285
480,3,13,0.15367700159549713,0.15367700159549713,0.01356304157525301,0.0,5.211315155029297
480,3,14,0.3149581551551819,0.3149581551551819,0.013903874903917313,0.0,6.051600933074951
480,3,15,0.11613941937685013,0.11613941937685013,0.013466316275298595,0.0,5.995403289794922
480,3,16,0.4276866912841797,0.4276866912841797,0.013282746076583862,0.0,5.261404037475586
480,3,17,0.2575080692768097,0.2575080692768097,0.01356203481554985,0.0,4.574184417724609
480,3,18,0.08920495212078094,0.08920495212078094,0.01319879014045,0.0,6.249206066131592
480,3,19,-0.0029058100190013647,-0.0029058100190013647,0.012877827510237694,0.0,5.25590181350708
480,4,0,0.1465948224067688,0.1465948224067688,0.013907203450798988,0.0,6.168665409088135
480,4,1,0.00482575548812747,0.00482575548812747,0.015320979990065098,0.0,6.5738091468811035
480,4,2,0.36591723561286926,0.36591723561286926,0.013692839071154594,0.0,6.235971450805664
480,4,3,0.15637905895709991,0.15637905895709991,0.014094140380620956,0.0,6.024433612823486
480,4,4,0.2391587495803833,0.2391587495803833,0.013894516974687576,0.0,5.858520030975342
480,4,5,0.011172458529472351,0.011172458529472351,0.013888651505112648,0.0,6.251092433929443
480,4,6,0.17329657077789307,0.17329657077789307,0.014874370768666267,0.0,5.674208641052246
480,4,7,0.25680994987487793,0.25680994987487793,0.01444031111896038,0.0,5.890099048614502
480,4,8,0.5340707898139954,0.5340707898139954,0.01374842319637537,0.0,5.992739677429199
480,4,9,0.7531005144119263,0.7531005144119263,0.014861163683235645,0.0,6.603602886199951
480,4,10,0.37243592739105225,0.37243592739105225,0.014604466035962105,0.0,6.100380897521973
480,4,11,0.3466126024723053,0.3466126024723053,0.014048387296497822,0.0,6.039633274078369
480,4,12,0.6158062815666199,0.6158062815666199,0.015535703860223293,0.0,6.310879707336426
480,4,13,0.21670885384082794,0.21670885384082794,0.014168708585202694,0.0,6.02551794052124
480,4,14,0.13547283411026,0.13547283411026,0.013866789638996124,0.0,5.885101318359375
480,4,15,0.33044829964637756,0.33044829964637756,0.013892163522541523,0.0,6.881311416625977
480,4,16,0.08145081996917725,0.08145081996917725,0.013925413601100445,0.0,5.41286039352417
480,4,17,0.7076622843742371,0.7076622843742371,0.013588789850473404,0.0,5.905267238616943
480,4,18,0.2846008241176605,0.2846008241176605,0.014464114792644978,0.0,6.4535980224609375
480,4,19,0.1052318885922432,0.1052318885922432,0.014905860647559166,0.0,6.414144992828369
460,0,0,0.5410361886024475,0.5410361886024475,0.012411681935191154,0.0,4.658932685852051
460,0,1,0.7766653895378113,0.7766653895378113,0.012663536705076694,0.0,5.7274675369262695
460,0,2,0.7216444611549377,0.7216444611549377,0.01217315811663866,0.0,5.163910865783691
460,0,3,0.9283194541931152,0.9283194541931152,0.012471955269575119,0.0,5.593120574951172
460,0,4,1.0039066076278687,1.0039066076278687,0.012460826896131039,0.0,5.471751689910889
460,0,5,0.9387255311012268,0.9387255311012268,0.012416339479386806,0.0,6.23388671875
460,0,6,0.9134066104888916,0.9134066104888916,0.012639782391488552,0.0,5.522931098937988
460,0,7,0.550003170967102,0.550003170967102,0.012340818531811237,0.0,4.884584426879883
460,0,8,0.8163774013519287,0.8163774013519287,0.012904657982289791,0.0,5.158792972564697
460,0,9,0.8970924019813538,0.8970924019813538,0.012691708281636238,0.0,6.124707221984863
460,0,10,0.4610564112663269,0.4610564112663269,0.01220192201435566,0.0,5.664209842681885
460,0,11,0.9519180059432983,0.9519180059432983,0.012580115348100662,0.0,5.751632213592529
460,0,12,1.1192631721496582,1.1192631721496582,0.012703891843557358,0.0,5.280261516571045
460,0,13,0.8421822786331177,0.8421822786331177,0.01234239898622036,0.0,5.604847431182861
460,0,14,0.7803379893302917,0.7803379893302917,0.012645126320421696,0.0,5.588146209716797
460,0,15,0.7032926082611084,0.7032926082611084,0.012497799471020699,0.0,5.891068458557129
460,0,16,0.985899031162262,0.985899031162262,0.012364506721496582,0.0,6.036454200744629
460,0,17,0.9484894275665283,0.9484894275665283,0.012593306601047516,0.0,4.912567138671875
460,0,18,0.795640766620636,0.795640766620636,0.012580065988004208,0.0,5.691130638122559
460,0,19,0.7641234397888184,0.7641234397888184,0.012765508145093918,0.0,5.756982803344727
460,1,0,2.6269073486328125,0.6269074082374573,0.9848315715789795,1.0,6.940491676330566
460,1,1,2.4928832054138184,0.49288323521614075,0.9846566319465637,1.0,6.8750457763671875
460,1,2,2.6022567749023438,0.6022568345069885,0.9846687912940979,1.0,7.30375337600708
460,1,3,2.697427749633789,0.6974278688430786,0.9845801591873169,1.0,6.685523986816406
460,1,4,2.375858783721924,0.37585869431495667,0.9840441346168518,1.0,6.456061363220215
460,1,5,2.6060595512390137,0.6060596704483032,0.9846691489219666,1.0,6.373557090759277
460,1,6,2.7972660064697266,0.7972660064697266,0.9838604927062988,1.0,7.006194591522217
460,1,7,2.453054189682007,0.4530542492866516,0.9841734170913696,1.0,6.0439558029174805
460,1,8,2.5124332904815674,0.5124333500862122,0.9847687482833862,1.0,6.881252288818359
460,1,9,2.859377861022949,0.8593778610229492,0.9845874309539795,1.0,7.2758588790893555
460,1,10,2.568448066711426,0.5684479475021362,0.9843441247940063,1.0,6.341224670410156
460,1,11,2.6928961277008057,0.6928960680961609,0.9849112033843994,1.0,6.132221221923828
460,1,12,2.6335105895996094,0.6335105895996094,0.9844326972961426,1.0,6.901860237121582
460,1,13,2.598357677459717,0.5983575582504272,0.9851757287979126,1.0,7.690370082855225
460,1,14,2.216623544692993,0.2166234850883484,0.9834380745887756,1.0,6.506893634796143
460,1,15,2.6615376472473145,0.6615377068519592,0.983676016330719,1.0,6.684288024902344
460,1,16,2.6586761474609375,0.6586762070655823,0.9839799404144287,1.0,6.315034866333008
460,1,17,2.4721386432647705,0.4721387028694153,0.9848780035972595,1.0,7.2860822677612305
460,1,18,2.6502737998962402,0.6502737998962402,0.9847882986068726,1.0,7.140646457672119
460,1,19,2.7800261974334717,0.7800262570381165,0.9834848046302795,1.0,6.217974662780762
460,2,0,-1.0630420446395874,-1.0630420446395874,0.013021862134337425,0.0,5.625463485717773
460,2,1,-0.9152072072029114,-0.9152072072029114,0.013421383686363697,0.0,6.027108192443848
460,2,2,-1.1420788764953613,-1.1420788764953613,0.013527221977710724,0.0,5.910402774810791
460,2,3,-1.2240204811096191,-1.2240204811096191,0.013866959139704704,0.0,5.937573432922363
460,2,4,-1.4047125577926636,-1.4047125577926636,0.013645058497786522,0.0,6.208302974700928
460,2,5,-1.091262936592102,-1.091262936592102,0.013328582979738712,0.0,4.999813556671143
460,2,6,-1.087646484375,-1.087646484375,0.012858983129262924,0.0,6.698635578155518
460,2,7,-1.237000823020935,-1.237000823020935,0.013670067302882671,0.0,5.772813320159912
460,2,8,-0.8542039394378662,-0.8542039394378662,0.01343952864408493,0.0,6.358809471130371
460,2,9,-1.3701965808868408,-1.3701965808868408,0.01441230345517397,0.0,5.832791328430176
460,2,10,-1.1252028942108154,-1.1252028942108154,0.013910112902522087,0.0,5.844918251037598
460,2,11,-1.2347203493118286,-1.2347203493118286,0.014019754715263844,0.0,5.554210662841797
460,2,12,-1.131215214729309,-1.131215214729309,0.013208219781517982,0.0,6.070202827453613
460,2,13,-1.2731996774673462,-1.2731996774673462,0.013947281055152416,0.0,5.683982849121094
460,2,14,-1.356920838356018,-1.356920838356018,0.01369747705757618,0.0,6.089247703552246
460,2,15,-1.0259166955947876,-1.0259166955947876,0.013913502916693687,0.0,6.2439985275268555
460,2,16,-1.22538423538208,-1.22538423538208,0.0135807441547513,0.0,5.8983235359191895
460,2,17,-1.164045810699463,-1.164045810699463,0.013681098818778992,0.0,5.899249076843262
460,2,18,-1.0134303569793701,-1.0134303569793701,0.013741184026002884,0.0,5.5514678955078125
460,2,19,-1.0426115989685059,-1.0426115989685059,0.013378453440964222,0.0,6.406666278839111
460,3,0,0.3743293285369873,0.3743293285369873,0.013353382237255573,0.0,5.5908355712890625
460,3,1,-0.18369144201278687,-0.18369144201278687,0.01353952195495367,0.0,5.570512771606445
460,3,2,0.38535913825035095,0.38535913825035095,0.013164538890123367,0.0,5.779290676116943
460,3,3,0.11349887400865555,0.11349887400865555,0.013461586087942123,0.0,5.120445251464844
460,3,4,0.19892221689224243,0.19892221689224243,0.013032518327236176,0.0,6.329254627227783
460,3,5,-0.16706767678260803,-0.16706767678260803,0.013780515640974045,0.0,5.617759704589844
460,3,6,0.35927316546440125,0.35927316546440125,0.013356680050492287,0.0,5.83461856842041
460,3,7,0.18256118893623352,0.18256118893623352,0.01384203415364027,0.0,5.812116622924805
460,3,8,0.30306902527809143,0.30306902527809143,0.013280960731208324,0.0,5.819279670715332
460,3,9,0.10695919394493103,0.10695919394493103,0.013633064925670624,0.0,5.6640448570251465
460,3,10,0.2883490025997162,0.2883490025997162,0.013388250023126602,0.0,5.683231353759766
460,3,11,0.25501835346221924,0.25501835346221924,0.013007394969463348,0.0,5.6968889236450195
460,3,12,0.37427598237991333,0.37427598237991333,0.013509581796824932,0.0,5.5979509353637695
460,3,13,0.11156400293111801,0.11156400293111801,0.013284790329635143,0.0,5.053879261016846
460,3,14,0.09221650660037994,0.09221650660037994,0.013521546497941017,0.0,5.312798500061035
460,3,15,0.19588245451450348,0.19588245451450348,0.013859424740076065,0.0,5.451118469238281
460,3,16,0.3765206038951874,0.3765206038951874,0.013340176083147526,0.0,5.432967185974121
460,3,17,0.26771625876426697,0.26771625876426697,0.01337795052677393,0.0,5.481317520141602
460,3,18,0.04588888958096504,0.04588888958096504,0.013677038252353668,0.0,5.27824068069458
460,3,19,-0.021276943385601044,-0.021276943385601044,0.013712655752897263,0.0,6.22428560256958
460,4,0,0.44733697175979614,0.44733697175979614,0.014076022431254387,0.0,6.008116245269775
460,4,1,0.3936721086502075,0.3936721086502075,0.014594615437090397,0.0,5.6811933517456055
460,4,2,0.7526932954788208,0.7526932954788208,0.013877599500119686,0.0,6.15018367767334
460,4,3,0.18028074502944946,0.18028074502944946,0.014502551406621933,0.0,6.510249137878418
460,4,4,0.2900540828704834,0.2900540828704834,0.013668606989085674,0.0,5.469320774078369
460,4,5,0.6606287360191345,0.6606287360191345,0.013734837993979454,0.0,6.32850456237793
460,4,6,0.36169108748435974,0.36169108748435974,0.01431444101035595,0.0,6.697085380554199
460,4,7,0.4090472459793091,0.4090472459793091,0.014721957966685295,0.0,6.431058883666992
460,4,8,0.08112835139036179,0.08112835139036179,0.014251836575567722,0.0,6.0835490226745605
460,4,9,0.36412978172302246,0.36412978172302246,0.01583554781973362,0.0,5.859349250793457
460,4,10,0.23184815049171448,0.23184815049171448,0.014134282246232033,0.0,6.194561004638672
460,4,11,0.4963870644569397,0.4963870644569397,0.014110726304352283,0.0,6.255820274353027
460,4,12,0.24207045137882233,0.24207045137882233,0.014332315884530544,0.0,6.4726457595825195
460,4,13,0.34522518515586853,0.34522518515586853,0.01496044546365738,0.0,6.198239803314209
460,4,14,0.14571596682071686,0.14571596682071686,0.013552787713706493,0.0,5.962446212768555
460,4,15,0.2818925976753235,0.2818925976753235,0.014347828924655914,0.0,6.453606605529785
460,4,16,0.2016032636165619,0.2016032636165619,0.014006589539349079,0.0,5.783836364746094
460,4,17,0.4943820536136627,0.4943820536136627,0.013991898857057095,0.0,5.655651569366455
460,4,18,0.11844269931316376,0.11844269931316376,0.014112723059952259,0.0,6.639157295227051
460,4,19,0.12672750651836395,0.12672750651836395,0.01399004366248846,0.0,6.552764892578125
440,0,0,0.7256389260292053,0.7256389260292053,0.0125009436160326,0.0,5.544181823730469
440,0,1,0.8281234502792358,0.8281234502792358,0.012829449027776718,0.0,5.46138334274292
440,0,2,0.6940048336982727,0.6940048336982727,0.012425540946424007,0.0,5.466905117034912
440,0,3,0.9476950168609619,0.9476950168609619,0.012631621211767197,0.0,5.314455032348633
440,0,4,0.7028290629386902,0.7028290629386902,0.012671061791479588,0.0,5.745345115661621
440,0,5,0.5845668911933899,0.5845668911933899,0.012731880880892277,0.0,5.311861038208008
440,0,6,0.9117437601089478,0.9117437601089478,0.012387845665216446,0.0,5.072011947631836
440,0,7,0.8548402786254883,0.8548402786254883,0.012688128277659416,0.0,5.149378299713135
440,0,8,1.1709198951721191,1.1709198951721191,0.012553487904369831,0.0,5.047253608703613
440,0,9,0.7744588255882263,0.7744588255882263,0.012456321157515049,0.0,5.091829299926758
440,0,10,0.7648690938949585,0.7648690938949585,0.012829381972551346,0.0,5.445341110229492
440,0,11,0.6289413571357727,0.6289413571357727,0.012412451207637787,0.0,5.493654727935791
440,0,12,1.0068528652191162,1.0068528652191162,0.012545309960842133,0.0,5.914678573608398
440,0,13,0.8322889804840088,0.8322889804840088,0.012454773299396038,0.0,5.46986198425293
440,0,14,0.5932002663612366,0.5932002663612366,0.012889275327324867,0.0,5.403201580047607
440,0,15,0.8378463983535767,0.8378463983535767,0.012588974088430405,0.0,5.754522323608398
440,0,16,0.8117955327033997,0.8117955327033997,0.012678378261625767,0.0,5.4951019287109375
440,0,17,0.6763003468513489,0.6763003468513489,0.012820490635931492,0.0,5.698759078979492
440,0,18,0.7551718354225159,0.7551718354225159,0.012827535159885883,0.0,5.034366130828857
440,0,19,0.5402777791023254,0.5402777791023254,0.012463321909308434,0.0,5.279057502746582
440,1,0,2.372182607650757,0.37218260765075684,0.9847198724746704,1.0,7.058647155761719
440,1,1,2.638716697692871,0.6387165784835815,0.9843573570251465,1.0,7.062347412109375
440,1,2,2.633477210998535,0.6334770917892456,0.9838639497756958,1.0,5.938297271728516
440,1,3,2.7078797817230225,0.7078797817230225,0.9840011596679688,1.0,7.246326923370361
440,1,4,2.4172656536102295,0.41726571321487427,0.9851734638214111,1.0,6.113642692565918
440,1,5,2.639188766479492,0.6391887664794922,0.9845974445343018,1.0,6.719477653503418
440,1,6,2.800074338912964,0.8000743389129639,0.9846413731575012,1.0,6.118486404418945
440,1,7,2.570648431777954,0.5706484317779541,0.9846349358558655,1.0,6.663264274597168
440,1,8,2.4758973121643066,0.4758971929550171,0.9853142499923706,1.0,6.193726539611816
440,1,9,2.650761842727661,0.6507619023323059,0.9833635091781616,1.0,7.177970886230469
440,1,10,2.5661656856536865,0.5661657452583313,0.9834674000740051,1.0,7.583186626434326
440,1,11,2.4439804553985596,0.4439803659915924,0.9851782917976379,1.0,7.042912483215332
440,1,12,2.3627610206604004,0.36276090145111084,0.9849253296852112,1.0,6.495117664337158
440,1,13,2.555903196334839,0.5559031367301941,0.9840616583824158,1.0,6.942824363708496
440,1,14,2.6540818214416504,0.6540818810462952,0.9836212396621704,1.0,6.313440799713135
440,1,15,2.438386917114258,0.43838679790496826,0.9840258955955505,1.0,6.969386577606201
440,1,16,2.8213846683502197,0.821384608745575,0.9845998883247375,1.0,7.092181205749512
440,1,17,2.6340441703796387,0.6340441107749939,0.9825927019119263,1.0,6.760120391845703
440,1,18,2.4008257389068604,0.4008258283138275,0.9833974242210388,1.0,6.25424861907959
440,1,19,2.569908618927002,0.5699086785316467,0.9834313988685608,1.0,6.93998908996582
440,2,0,-0.941442608833313,-0.941442608833313,0.01374789234250784,0.0,5.290821552276611
440,2,1,-1.393144130706787,-1.393144130706787,0.014467420056462288,0.0,5.406868934631348
440,2,2,-1.3674827814102173,-1.3674827814102173,0.013409101404249668,0.0,6.102609634399414
440,2,3,-1.1422512531280518,-1.1422512531280518,0.01490283664315939,0.0,5.865042686462402
440,2,4,-0.9055657982826233,-0.9055657982826233,0.014955062419176102,0.0,5.934409141540527
440,2,5,-1.2164198160171509,-1.2164198160171509,0.014178097248077393,0.0,5.849708557128906
440,2,6,-1.4919281005859375,-1.4919281005859375,0.013336963951587677,0.0,6.238011360168457
440,2,7,-0.8390184044837952,-0.8390184044837952,0.013666397891938686,0.0,5.894500255584717
440,2,8,-1.4052425622940063,-1.4052425622940063,0.013445639051496983,0.0,5.823339462280273
440,2,9,-1.2559746503829956,-1.2559746503829956,0.013585095293819904,0.0,6.006476402282715
440,2,10,-1.3506897687911987,-1.3506897687911987,0.013113346882164478,0.0,5.534617900848389
440,2,11,-0.9729658961296082,-0.9729658961296082,0.013878115452826023,0.0,5.531454086303711
440,2,12,-1.2706496715545654,-1.2706496715545654,0.013460737653076649,0.0,6.202506065368652
440,2,13,-1.0778074264526367,-1.0778074264526367,0.014694787561893463,0.0,4.875209808349609
440,2,14,-0.9827608466148376,-0.9827608466148376,0.013051674701273441,0.0,5.591017723083496
440,2,15,-1.0866080522537231,-1.0866080522537231,0.014339497312903404,0.0,6.101734161376953
440,2,16,-0.977256178855896,-0.977256178855896,0.014187349937856197,0.0,6.079623222351074
440,2,17,-0.9942712783813477,-0.9942712783813477,0.014363711699843407,0.0,5.723868370056152
440,2,18,-1.2582770586013794,-1.2582770586013794,0.013400486670434475,0.0,6.310646057128906
440,2,19,-1.0602443218231201,-1.0602443218231201,0.013873327523469925,0.0,6.0156450271606445
440,3,0,-0.09001407027244568,-0.09001407027244568,0.013738933950662613,0.0,5.587387561798096
440,3,1,-0.1700098216533661,-0.1700098216533661,0.013395622372627258,0.0,5.117612838745117
440,3,2,0.20666632056236267,0.20666632056236267,0.013450926169753075,0.0,5.377926349639893
440,3,3,0.06197284907102585,0.06197284907102585,0.013714209198951721,0.0,4.764164924621582
440,3,4,0.2297080010175705,0.2297080010175705,0.013510511256754398,0.0,5.823774814605713
440,3,5,0.12791606783866882,0.12791606783866882,0.014060353860259056,0.0,5.028226852416992
440,3,6,0.2746598422527313,0.2746598422527313,0.01395480427891016,0.0,4.831522464752197
440,3,7,0.4322022497653961,0.4322022497653961,0.012985008768737316,0.0,4.956228256225586
440,3,8,0.3089141249656677,0.3089141249656677,0.013599416241049767,0.0,5.376784324645996
440,3,9,0.27655157446861267,0.27655157446861267,0.013309570960700512,0.0,6.130023002624512
440,3,10,0.474001944065094,0.474001944065094,0.013447054661810398,0.0,5.304269790649414
440,3,11,0.16137157380580902,0.16137157380580902,0.01400034874677658,0.0,5.383846759796143
440,3,12,0.1941801905632019,0.1941801905632019,0.01407635398209095,0.0,4.547030448913574
440,3,13,0.3019650876522064,0.3019650876522064,0.013405518606305122,0.0,5.723667144775391
440,3,14,0.1821512132883072,0.1821512132883072,0.013545294292271137,0.0,5.717751502990723
440,3,15,0.16453716158866882,0.16453716158866882,0.013634397648274899,0.0,5.112339973449707
440,3,16,0.48768186569213867,0.48768186569213867,0.013584066182374954,0.0,5.075564384460449
440,3,17,0.21991948783397675,0.21991948783397675,0.013097001239657402,0.0,4.64441442489624
440,3,18,0.44845008850097656,0.44845008850097656,0.013520397245883942,0.0,5.197463512420654
440,3,19,0.2026645690202713,0.2026645690202713,0.013316205702722073,0.0,5.735516548156738
440,4,0,0.6786547899246216,0.6786547899246216,0.014372746460139751,0.0,6.28754997253418
440,4,1,0.687126636505127,0.687126636505127,0.014631170779466629,0.0,5.914885997772217
440,4,2,0.6543583869934082,0.6543583869934082,0.014231769368052483,0.0,6.222645282745361
440,4,3,0.3589615225791931,0.3589615225791931,0.013779285363852978,0.0,6.066409111022949
440,4,4,0.29267045855522156,0.29267045855522156,0.014811867848038673,0.0,5.75759220123291
440,4,5,0.4819326400756836,0.4819326400756836,0.014060507528483868,0.0,5.5105414390563965
440,4,6,0.4278777241706848,0.4278777241706848,0.014635076746344566,0.0,6.630949974060059
440,4,7,-0.02635391615331173,-0.02635391615331173,0.014638603664934635,0.0,6.40589714050293
440,4,8,0.21661102771759033,0.21661102771759033,0.015399270690977573,0.0,6.393792629241943
440,4,9,0.5804890394210815,0.5804890394210815,0.01526325661689043,0.0,5.588094234466553
440,4,10,0.45263731479644775,0.45263731479644775,0.014014462009072304,0.0,6.119294166564941
440,4,11,0.2569260001182556,0.2569260001182556,0.014813592657446861,0.0,5.882593154907227
440,4,12,0.01132168062031269,0.01132168062031269,0.01595083437860012,0.0,6.411088943481445
440,4,13,0.11264708638191223,0.11264708638191223,0.014489083550870419,0.0,5.506686210632324
440,4,14,0.6629469990730286,0.6629469990730286,0.014510558918118477,0.0,6.389657020568848
440,4,15,0.6955431699752808,0.6955431699752808,0.015601474791765213,0.0,5.795581817626953
440,4,16,0.4767352342605591,0.4767352342605591,0.014680832624435425,0.0,6.1160888671875
440,4,17,0.4153311848640442,0.4153311848640442,0.01577037386596203,0.0,5.905445575714111
440,4,18,0.2760235667228699,0.2760235667228699,0.015332061797380447,0.0,6.966950416564941
440,4,19,0.27835777401924133,0.27835777401924133,0.01295540202409029,0.0,5.499303817749023
420,0,0,0.7445111274719238,0.7445111274719238,0.012461936101317406,0.0,5.328836441040039
420,0,1,0.8204483389854431,0.8204483389854431,0.012526161968708038,0.0,4.990621566772461
420,0,2,0.8571079969406128,0.8571079969406128,0.012516173534095287,0.0,5.3289079666137695
420,0,3,0.9910351037979126,0.9910351037979126,0.01253748033195734,0.0,5.235870361328125
420,0,4,0.6719778776168823,0.6719778776168823,0.012442631646990776,0.0,6.121408462524414
420,0,5,0.6583842635154724,0.6583842635154724,0.012948697432875633,0.0,5.460687637329102
420,0,6,1.0412451028823853,1.0412451028823853,0.012692687101662159,0.0,5.200699329376221
420,0,7,0.7961309552192688,0.7961309552192688,0.01251471322029829,0.0,5.439604759216309
420,0,8,0.847099781036377,0.847099781036377,0.012244031764566898,0.0,5.267786026000977
420,0,9,0.8698301315307617,0.8698301315307617,0.012725715525448322,0.0,5.548144340515137
420,0,10,1.2167103290557861,1.2167103290557861,0.012312337756156921,0.0,5.174136161804199
420,0,11,0.7755109071731567,0.7755109071731567,0.012561695650219917,0.0,6.017738342285156
420,0,12,0.41105732321739197,0.41105732321739197,0.012688945978879929,0.0,5.114511489868164
420,0,13,0.9466747641563416,0.9466747641563416,0.012732570990920067,0.0,5.3311767578125
420,0,14,0.8365598320960999,0.8365598320960999,0.012496571987867355,0.0,5.027480125427246
420,0,15,0.5430867671966553,0.5430867671966553,0.012410336174070835,0.0,5.460075378417969
420,0,16,0.6484990119934082,0.6484990119934082,0.012253307737410069,0.0,5.675593376159668
420,0,17,0.7194382548332214,0.7194382548332214,0.012757182121276855,0.0,5.573884963989258
420,0,18,0.7552370429039001,0.7552370429039001,0.012891210615634918,0.0,5.645147800445557
420,0,19,0.9547930955886841,0.9547930955886841,0.012277651578187943,0.0,5.360019683837891
420,1,0,2.477266788482666,0.4772668778896332,0.9851255416870117,1.0,6.551456451416016
420,1,1,2.7386929988861084,0.7386929988861084,0.983772337436676,1.0,6.6725664138793945
420,1,2,2.1406736373901367,0.14067351818084717,0.9828720092773438,1.0,7.021365165710449
420,1,3,2.524268865585327,0.5242688059806824,0.9832351207733154,1.0,6.548920631408691
420,1,4,2.678734302520752,0.6787341833114624,0.9839450716972351,1.0,6.654224395751953
420,1,5,2.549893379211426,0.5498933792114258,0.9846110939979553,1.0,6.458098411560059
420,1,6,2.631397247314453,0.6313971281051636,0.9824994802474976,1.0,6.69155740737915
420,1,7,2.5353174209594727,0.5353174209594727,0.9827112555503845,1.0,6.705682277679443
420,1,8,2.4452826976776123,0.44528278708457947,0.9849372506141663,1.0,6.676307201385498
420,1,9,2.6187973022460938,0.6187973618507385,0.9829882979393005,1.0,6.747278690338135
420,1,10,2.6237282752990723,0.6237282156944275,0.9843533635139465,1.0,6.462077617645264
420,1,11,2.6234381198883057,0.6234381794929504,0.9846475124359131,1.0,7.062862396240234
420,1,12,2.6356561183929443,0.6356561779975891,0.9846932888031006,1.0,6.607405185699463
420,1,13,2.5536389350891113,0.5536390542984009,0.9828862547874451,1.0,7.401893615722656
420,1,14,2.636392593383789,0.6363924741744995,0.9845975637435913,1.0,6.413503646850586
420,1,15,2.4413509368896484,0.4413509964942932,0.9829155206680298,1.0,6.7158589363098145
420,1,16,2.5938258171081543,0.5938257575035095,0.9856215119361877,1.0,6.860015869140625
420,1,17,2.3903956413269043,0.3903956115245819,0.9819828271865845,1.0,7.020890235900879
420,1,18,2.6454293727874756,0.6454293727874756,0.984522819519043,1.0,6.697325706481934
420,1,19,2.5303361415863037,0.5303362011909485,0.9827871322631836,1.0,7.020158767700195
420,2,0,-1.1740509271621704,-1.1740509271621704,0.013454040512442589,0.0,6.183110237121582
420,2,1,-1.268710732460022,-1.268710732460022,0.013051937334239483,0.0,5.763474941253662
420,2,2,-1.103503942489624,-1.103503942489624,0.014136767946183681,0.0,6.336182117462158
420,2,3,-1.0328810214996338,-1.0328810214996338,0.013557009398937225,0.0,5.940018177032471
420,2,4,-1.1576037406921387,-1.1576037406921387,0.013303598389029503,0.0,5.692948818206787
420,2,5,-1.1458079814910889,-1.1458079814910889,0.01389441266655922,0.0,6.382745742797852
420,2,6,-1.051532506942749,-1.051532506942749,0.013740059919655323,0.0,5.509401321411133
420,2,7,-1.3390417098999023,-1.3390417098999023,0.014064069837331772,0.0,6.092612266540527
420,2,8,-1.3069753646850586,-1.3069753646850586,0.013331015594303608,0.0,6.522646903991699
420,2,9,-0.95643550157547,-0.95643550157547,0.01334921270608902,0.0,5.9843244552612305
420,2,10,-1.1038217544555664,-1.1038217544555664,0.013949674554169178,0.0,6.267824649810791
420,2,11,-1.1762827634811401,-1.1762827634811401,0.014027130790054798,0.0,5.751718044281006
420,2,12,-1.0245511531829834,-1.0245511531829834,0.013895497657358646,0.0,6.100932598114014
420,2,13,-1.2024990320205688,-1.2024990320205688,0.014089422300457954,0.0,6.073408126831055
420,2,14,-1.2197144031524658,-1.2197144031524658,0.01399675477296114,0.0,6.264448165893555
420,2,15,-1.371780514717102,-1.371780514717102,0.013301683589816093,0.0,6.214917182922363
420,2,16,-1.308976411819458,-1.308976411819458,0.014048251323401928,0.0,5.7289581298828125
420,2,17,-0.9863021373748779,-0.9863021373748779,0.014544494450092316,0.0,6.449641227722168
420,2,18,-0.9976677894592285,-0.9976677894592285,0.013886475004255772,0.0,6.09222936630249
420,2,19,-1.417147159576416,-1.417147159576416,0.014221910387277603,0.0,6.81215763092041
420,3,0,0.3650074899196625,0.3650074899196625,0.013499432243406773,0.0,5.307622909545898
420,3,1,0.26999449729919434,0.26999449729919434,0.013571913354098797,0.0,5.319114685058594
420,3,2,0.49024707078933716,0.49024707078933716,0.013440149836242199,0.0,5.307236671447754
420,3,3,0.33918309211730957,0.33918309211730957,0.013351279310882092,0.0,5.900722503662109
420,3,4,0.34248557686805725,0.34248557686805725,0.013720829971134663,0.0,6.035610198974609
420,3,5,0.12544852495193481,0.12544852495193481,0.013366375118494034,0.0,6.027492523193359
420,3,6,0.36768293380737305,0.36768293380737305,0.014072549529373646,0.0,5.428867340087891
420,3,7,0.21471722424030304,0.21471722424030304,0.013230102136731148,0.0,5.506302833557129
420,3,8,0.2128555178642273,0.2128555178642273,0.013070132583379745,0.0,5.531847953796387
420,3,9,0.48924076557159424,0.48924076557159424,0.013659976422786713,0.0,5.9772138595581055
420,3,10,0.5013591051101685,0.5013591051101685,0.013795287348330021,0.0,5.223110198974609
420,3,11,0.20274324715137482,0.20274324715137482,0.013068865984678268,0.0,5.431657791137695
420,3,12,0.37173378467559814,0.37173378467559814,0.01324160024523735,0.0,5.304466247558594
420,3,13,0.18859165906906128,0.18859165906906128,0.01344098336994648,0.0,5.317338466644287
420,3,14,0.07841803878545761,0.07841803878545761,0.013812476769089699,0.0,5.595746994018555
420,3,15,0.1404525190591812,0.1404525190591812,0.013542897067964077,0.0,5.572224140167236
420,3,16,0.33507639169692993,0.33507639169692993,0.014226055704057217,0.0,5.397111415863037
420,3,17,0.31525224447250366,0.31525224447250366,0.01306249015033245,0.0,5.486761569976807
420,3,18,0.1315159946680069,0.1315159946680069,0.013104277662932873,0.0,5.721391677856445
420,3,19,0.21425548195838928,0.21425548195838928,0.01370437815785408,0.0,5.507456302642822
420,4,0,0.6063416004180908,0.6063416004180908,0.014505691826343536,0.0,5.958186149597168
420,4,1,0.42146793007850647,0.42146793007850647,0.014705588109791279,0.0,5.826348304748535
420,4,2,0.32828956842422485,0.32828956842422485,0.014339739456772804,0.0,6.391472816467285
420,4,3,0.6081789135932922,0.6081789135932922,0.015797367319464684,0.0,6.400003433227539
420,4,4,0.36290550231933594,0.36290550231933594,0.015395858325064182,0.0,5.725235939025879
420,4,5,0.4701823890209198,0.4701823890209198,0.01459837518632412,0.0,5.930289268493652
420,4,6,0.201326385140419,0.201326385140419,0.014051426202058792,0.0,6.022256851196289
420,4,7,0.050794389098882675,0.050794389098882675,0.014001276344060898,0.0,5.922642707824707
420,4,8,0.46411994099617004,0.46411994099617004,0.015024102292954922,0.0,5.852415084838867
420,4,9,0.3283962905406952,0.3283962905406952,0.013495027087628841,0.0,6.304892539978027
420,4,10,0.32531827688217163,0.32531827688217163,0.013815061189234257,0.0,6.208834648132324
420,4,11,0.03279866278171539,0.03279866278171539,0.01470958348363638,0.0,5.945274353027344
420,4,12,0.5789357423782349,0.5789357423782349,0.014633948914706707,0.0,6.258549213409424
420,4,13,0.21347828209400177,0.21347828209400177,0.014140663668513298,0.0,5.650998115539551
420,4,14,0.6347261071205139,0.6347261071205139,0.014557807706296444,0.0,6.50950288772583
420,4,15,0.7048458456993103,0.7048458456993103,0.015058320946991444,0.0,5.502871513366699
420,4,16,0.18949532508850098,0.18949532508850098,0.014656477607786655,0.0,6.040050506591797
420,4,17,0.5039477944374084,0.5039477944374084,0.013350555673241615,0.0,5.843585014343262
420,4,18,0.057018764317035675,0.057018764317035675,0.014751258306205273,0.0,5.912089824676514
420,4,19,0.2930510938167572,0.2930510938167572,0.014170595444738865,0.0,5.86208963394165
400,0,0,0.43233051896095276,0.43233051896095276,0.01232497300952673,0.0,5.174518585205078
400,0,1,0.7965959906578064,0.7965959906578064,0.012487987987697124,0.0,5.662243843078613
400,0,2,0.7473008632659912,0.7473008632659912,0.01218173187226057,0.0,6.487148284912109
400,0,3,0.8016966581344604,0.8016966581344604,0.0126822954043746,0.0,5.540122985839844
400,0,4,0.9520997405052185,0.9520997405052185,0.012919719330966473,0.0,5.713871002197266
400,0,5,0.47470536828041077,0.47470536828041077,0.012547372840344906,0.0,5.696100234985352
400,0,6,0.800341010093689,0.800341010093689,0.012652261182665825,0.0,4.960976600646973
400,0,7,0.755764901638031,0.755764901638031,0.012665105983614922,0.0,5.265363693237305
400,0,8,0.8258028030395508,0.8258028030395508,0.01244097389280796,0.0,5.485084056854248
400,0,9,1.0157684087753296,1.0157684087753296,0.012674313969910145,0.0,5.021050453186035
400,0,10,0.9938105344772339,0.9938105344772339,0.01229841262102127,0.0,5.593531131744385
400,0,11,0.9361035823822021,0.9361035823822021,0.012670501135289669,0.0,5.014470100402832
400,0,12,0.875440776348114,0.875440776348114,0.012472285889089108,0.0,5.6158552169799805
400,0,13,0.9917746186256409,0.9917746186256409,0.012810968793928623,0.0,4.997624397277832
400,0,14,0.9194422364234924,0.9194422364234924,0.012442638166248798,0.0,5.306406021118164
400,0,15,0.7616857290267944,0.7616857290267944,0.01257819589227438,0.0,5.178407669067383
400,0,16,0.7525207996368408,0.7525207996368408,0.01264946162700653,0.0,5.232076644897461
400,0,17,0.6068143248558044,0.6068143248558044,0.012843375094234943,0.0,5.4151458740234375
400,0,18,0.7517932653427124,0.7517932653427124,0.012619554996490479,0.0,6.138355731964111
400,0,19,0.7396273612976074,0.7396273612976074,0.01250598393380642,0.0,5.488714218139648
400,1,0,2.4776787757873535,0.47767874598503113,0.983636200428009,1.0,6.7827348709106445
400,1,1,2.5046162605285645,0.504616379737854,0.9845283627510071,1.0,7.154130935668945
400,1,2,2.667332172393799,0.6673321723937988,0.9831140041351318,1.0,6.965496063232422
400,1,3,2.7228832244873047,0.7228831052780151,0.9841146469116211,1.0,6.415473461151123
400,1,4,2.7311620712280273,0.7311621308326721,0.9827418923377991,1.0,7.312870502471924
400,1,5,2.739748239517212,0.7397482395172119,0.9842265248298645,1.0,7.254112720489502
400,1,6,2.6648964881896973,0.664896547794342,0.9816489815711975,1.0,7.352388381958008
400,1,7,2.574054718017578,0.5740547180175781,0.9824617505073547,1.0,6.566883087158203
400,1,8,2.484994649887085,0.48499464988708496,0.982862651348114,1.0,7.215164661407471
400,1,9,2.431142807006836,0.43114274740219116,0.9838705062866211,1.0,7.749997615814209
400,1,10,2.645644426345825,0.64564448595047,0.9841398000717163,1.0,7.3023481369018555
400,1,11,2.487339496612549,0.48733946681022644,0.9840427041053772,1.0,6.970614910125732
400,1,12,2.4038798809051514,0.4038797914981842,0.9826809763908386,1.0,7.010859489440918
400,1,13,2.630138635635376,0.630138635635376,0.9844385981559753,1.0,7.561707019805908
400,1,14,2.552952289581299,0.5529521703720093,0.9848909974098206,1.0,6.617923736572266
400,1,15,2.593700885772705,0.5937009453773499,0.9829666614532471,1.0,7.6147308349609375
400,1,16,2.655306816101074,0.6553066968917847,0.9850859642028809,1.0,6.547763824462891
400,1,17,2.591339349746704,0.5913394093513489,0.983981192111969,1.0,6.23154354095459
400,1,18,2.7125587463378906,0.7125586271286011,0.9835916757583618,1.0,7.16038703918457
400,1,19,2.5528693199157715,0.5528693199157715,0.9821849465370178,1.0,7.152459144592285
400,2,0,-1.1043115854263306,-1.1043115854263306,0.013755807653069496,0.0,6.058741569519043
400,2,1,-1.086532711982727,-1.086532711982727,0.014105116948485374,0.0,5.830196380615234
400,2,2,-0.843823254108429,-0.843823254108429,0.013603242114186287,0.0,6.041903018951416
400,2,3,-1.127468228340149,-1.127468228340149,0.014313384890556335,0.0,5.595272064208984
400,2,4,-0.9992088675498962,-0.9992088675498962,0.013833223842084408,0.0,5.502754211425781
400,2,5,-1.0213202238082886,-1.0213202238082886,0.01444943342357874,0.0,5.980784893035889
400,2,6,-1.2452185153961182,-1.2452185153961182,0.01358051411807537,0.0,5.635544776916504
400,2,7,-1.2475130558013916,-1.2475130558013916,0.013440389186143875,0.0,5.600846290588379
400,2,8,-1.3408797979354858,-1.3408797979354858,0.01327820960432291,0.0,5.89208459854126
400,2,9,-0.9716206789016724,-0.9716206789016724,0.014657621271908283,0.0,6.1055498123168945
400,2,10,-1.4461071491241455,-1.4461071491241455,0.013810942880809307,0.0,5.808720588684082
400,2,11,-1.3477669954299927,-1.3477669954299927,0.014201054349541664,0.0,6.117061614990234
400,2,12,-0.9156284928321838,-0.9156284928321838,0.013525671325623989,0.0,5.362475395202637
400,2,13,-1.2266216278076172,-1.2266216278076172,0.014203525148332119,0.0,5.6689300537109375
400,2,14,-1.3916326761245728,-1.3916326761245728,0.014020400121808052,0.0,4.907127380371094
400,2,15,-1.2666103839874268,-1.2666103839874268,0.013411322608590126,0.0,6.432656288146973
400,2,16,-1.2696701288223267,-1.2696701288223267,0.01376508828252554,0.0,5.719149112701416
400,2,17,-1.4260092973709106,-1.4260092973709106,0.013938909396529198,0.0,5.929636478424072
400,2,18,-0.9436159133911133,-0.9436159133911133,0.014948863536119461,0.0,5.232429027557373
400,2,19,-0.8677806854248047,-0.8677806854248047,0.013606767170131207,0.0,6.148824214935303
400,3,0,0.3661198019981384,0.3661198019981384,0.013341446407139301,0.0,6.2084808349609375
400,3,1,0.1628769487142563,0.1628769487142563,0.014249111525714397,0.0,5.389928817749023
400,3,2,0.11933284252882004,0.11933284252882004,0.013697365298867226,0.0,5.079835891723633
400,3,3,0.06383264809846878,0.06383264809846878,0.013364236801862717,0.0,5.301044464111328
400,3,4,0.12774045765399933,0.12774045765399933,0.013829399831593037,0.0,5.874207496643066
400,3,5,0.4921344220638275,0.4921344220638275,0.014260603114962578,0.0,5.281704902648926
400,3,6,0.23847819864749908,0.23847819864749908,0.013738325797021389,0.0,5.344270706176758
400,3,7,0.23065611720085144,0.23065611720085144,0.013206182047724724,0.0,5.653961658477783
400,3,8,0.0727405995130539,0.0727405995130539,0.013100694864988327,0.0,5.366576671600342
400,3,9,0.6346895694732666,0.6346895694732666,0.013156351633369923,0.0,5.103497505187988
400,3,10,0.07891155779361725,0.07891155779361725,0.013631102629005909,0.0,4.881564140319824
400,3,11,0.1728542149066925,0.1728542149066925,0.01331082358956337,0.0,5.003230571746826
400,3,12,0.5467775464057922,0.5467775464057922,0.013331882655620575,0.0,5.580114364624023
400,3,13,0.06617870181798935,0.06617870181798935,0.013388547115027905,0.0,5.161303997039795
400,3,14,0.13376344740390778,0.13376344740390778,0.013477622531354427,0.0,5.190127849578857
400,3,15,-0.02775787189602852,-0.02775787189602852,0.013388563878834248,0.0,5.740042686462402
400,3,16,0.14212623238563538,0.14212623238563538,0.013227252289652824,0.0,5.386882305145264
400,3,17,-0.09066438674926758,-0.09066438674926758,0.013423163443803787,0.0,5.000391483306885
400,3,18,0.2640445828437805,0.2640445828437805,0.013839966617524624,0.0,5.230973720550537
400,3,19,0.18662242591381073,0.18662242591381073,0.013626577332615852,0.0,5.559300422668457
400,4,0,0.37865474820137024,0.37865474820137024,0.013629025779664516,0.0,6.316354751586914
400,4,1,0.4934922456741333,0.4934922456741333,0.0164343249052763,0.0,5.845062255859375
400,4,2,0.41186434030532837,0.41186434030532837,0.014397219754755497,0.0,5.882245063781738
400,4,3,0.1433739960193634,0.1433739960193634,0.014187724329531193,0.0,5.709285736083984
400,4,4,-0.015692155808210373,-0.015692155808210373,0.014568017795681953,0.0,6.183412551879883
400,4,5,0.3789958953857422,0.3789958953857422,0.01407231017947197,0.0,6.550264835357666
400,4,6,0.2567071318626404,0.2567071318626404,0.013723273761570454,0.0,6.155076026916504
400,4,7,0.22952961921691895,0.22952961921691895,0.014755291864275932,0.0,6.047470569610596
400,4,8,0.48853325843811035,0.48853325843811035,0.014672758057713509,0.0,5.754490852355957
400,4,9,0.09313802421092987,0.09313802421092987,0.013828256167471409,0.0,5.629161834716797
400,4,10,0.5853343605995178,0.5853343605995178,0.014212366193532944,0.0,5.877561092376709
400,4,11,0.51396644115448,0.51396644115448,0.015078829601407051,0.0,5.446197509765625
400,4,12,0.43576499819755554,0.43576499819755554,0.015811515972018242,0.0,5.436322212219238
400,4,13,-0.0168627742677927,-0.0168627742677927,0.01621120423078537,0.0,5.636790752410889
400,4,14,0.0677187368273735,0.0677187368273735,0.014948587864637375,0.0,5.659702777862549
400,4,15,0.17192372679710388,0.17192372679710388,0.013087119907140732,0.0,5.909459590911865
400,4,16,0.6190943717956543,0.6190943717956543,0.015071507543325424,0.0,5.829019069671631
400,4,17,0.24560968577861786,0.24560968577861786,0.014529556967318058,0.0,6.391497611999512
400,4,18,0.5800847411155701,0.5800847411155701,0.01425891276448965,0.0,6.327430725097656
400,4,19,0.40598589181900024,0.40598589181900024,0.01434548944234848,0.0,6.673816680908203
380,0,0,0.691170334815979,0.691170334815979,0.012584805488586426,0.0,6.422703742980957
380,0,1,0.6054674983024597,0.6054674983024597,0.012306460179388523,0.0,5.796798229217529
380,0,2,0.7300630211830139,0.7300630211830139,0.012428262270987034,0.0,5.366914749145508
380,0,3,0.9788860082626343,0.9788860082626343,0.012542936019599438,0.0,5.006739139556885
380,0,4,0.6775844097137451,0.6775844097137451,0.012577330693602562,0.0,5.425256729125977
380,0,5,0.6226423382759094,0.6226423382759094,0.012522541917860508,0.0,5.511463642120361
380,0,6,0.749657154083252,0.749657154083252,0.012587319128215313,0.0,5.3781938552856445
380,0,7,0.8031686544418335,0.8031686544418335,0.01230745017528534,0.0,4.968122959136963
380,0,8,0.6899323463439941,0.6899323463439941,0.012960836291313171,0.0,5.133608818054199
380,0,9,0.6968586444854736,0.6968586444854736,0.012735243886709213,0.0,5.379627227783203
380,0,10,0.7986975312232971,0.7986975312232971,0.012830335646867752,0.0,5.084035873413086
380,0,11,0.9827180504798889,0.9827180504798889,0.012423480860888958,0.0,5.3094987869262695
380,0,12,0.6971727013587952,0.6971727013587952,0.012881924398243427,0.0,4.953434467315674
380,0,13,0.9016567468643188,0.9016567468643188,0.012264711782336235,0.0,5.610502243041992
380,0,14,0.8232544660568237,0.8232544660568237,0.01246133167296648,0.0,5.234319686889648
380,0,15,0.714769184589386,0.714769184589386,0.012646634131669998,0.0,4.99105978012085
380,0,16,0.8318473696708679,0.8318473696708679,0.012788797728717327,0.0,5.445831298828125
380,0,17,1.0304099321365356,1.0304099321365356,0.012615312822163105,0.0,5.200507164001465
380,0,18,0.7916780710220337,0.7916780710220337,0.012656312435865402,0.0,4.947577476501465
380,0,19,0.5095757842063904,0.5095757842063904,0.01250766683369875,0.0,5.291460037231445
380,1,0,2.634634494781494,0.6346344351768494,0.9844563007354736,1.0,7.464743614196777
380,1,1,2.494532585144043,0.49453264474868774,0.9831790924072266,1.0,5.837451934814453
380,1,2,2.413991689682007,0.41399168968200684,0.9847025275230408,1.0,6.2798004150390625
380,1,3,2.6790218353271484,0.6790218949317932,0.9850466251373291,1.0,6.580323696136475
380,1,4,2.662332057952881,0.6623321771621704,0.9850856065750122,1.0,7.302404880523682
380,1,5,2.5700056552886963,0.5700055956840515,0.9840266704559326,1.0,6.7989702224731445
380,1,6,2.571509838104248,0.571509838104248,0.984097421169281,1.0,6.746574401855469
380,1,7,2.7518179416656494,0.7518178820610046,0.9832537770271301,1.0,6.732845306396484
380,1,8,2.4903876781463623,0.49038776755332947,0.983164370059967,1.0,6.244050979614258
380,1,9,2.5720419883728027,0.5720418691635132,0.9847480654716492,1.0,7.056183815002441
380,1,10,2.569823980331421,0.5698239803314209,0.9849535226821899,1.0,7.16722297668457
380,1,11,2.536163568496704,0.5361635088920593,0.9841522574424744,1.0,6.889081954956055
380,1,12,2.664121150970459,0.6641212105751038,0.9826698303222656,1.0,5.880161285400391
380,1,13,2.56730055809021,0.56730055809021,0.9850941896438599,1.0,7.108084678649902
380,1,14,2.676236152648926,0.6762360334396362,0.9843221306800842,1.0,6.913952827453613
380,1,15,2.734199047088623,0.7341989874839783,0.9842756390571594,1.0,7.4652018547058105
380,1,16,2.6517562866210938,0.6517563462257385,0.9836007952690125,1.0,6.732071876525879
380,1,17,2.745757818222046,0.7457578182220459,0.9843840599060059,1.0,6.708824157714844
380,1,18,2.3710193634033203,0.3710193932056427,0.9836598634719849,1.0,7.322479724884033
380,1,19,2.540414571762085,0.5404145121574402,0.9848783612251282,1.0,6.756574630737305
380,2,0,-1.0078192949295044,-1.0078192949295044,0.013725463300943375,0.0,5.684717178344727
380,2,1,-1.3355530500411987,-1.3355530500411987,0.014354090206325054,0.0,5.681744575500488
380,2,2,-1.2873587608337402,-1.2873587608337402,0.014637221582233906,0.0,5.496707916259766
380,2,3,-1.0768976211547852,-1.0768976211547852,0.013454293832182884,0.0,5.636547088623047
380,2,4,-0.9927789568901062,-0.9927789568901062,0.013464854098856449,0.0,5.923686981201172
380,2,5,-1.2645481824874878,-1.2645481824874878,0.013788553886115551,0.0,6.294300079345703
380,2,6,-1.1277729272842407,-1.1277729272842407,0.013796504586935043,0.0,6.119537353515625
380,2,7,-1.2605725526809692,-1.2605725526809692,0.013984007760882378,0.0,6.157305717468262
380,2,8,-1.3600761890411377,-1.3600761890411377,0.013969773426651955,0.0,5.7757110595703125
380,2,9,-1.1516838073730469,-1.1516838073730469,0.013640208169817924,0.0,6.069976806640625
380,2,10,-1.1516220569610596,-1.1516220569610596,0.014586436562240124,0.0,5.675787925720215
380,2,11,-1.0516692399978638,-1.0516692399978638,0.014235489070415497,0.0,5.70709228515625
380,2,12,-1.1440412998199463,-1.1440412998199463,0.014035502448678017,0.0,5.947700500488281
380,2,13,-1.4217677116394043,-1.4217677116394043,0.01406635157763958,0.0,6.182044982910156
380,2,14,-1.1403684616088867,-1.1403684616088867,0.013528693467378616,0.0,5.4694929122924805
380,2,15,-1.144010305404663,-1.144010305404663,0.0131411487236619,0.0,6.47055196762085
380,2,16,-1.0051157474517822,-1.0051157474517822,0.013898083940148354,0.0,5.451289653778076
380,2,17,-1.487286925315857,-1.487286925315857,0.01430597249418497,0.0,6.415747165679932
380,2,18,-1.0117218494415283,-1.0117218494415283,0.013539585284888744,0.0,5.551488876342773
380,2,19,-1.0255621671676636,-1.0255621671676636,0.013427483849227428,0.0,6.049619674682617
380,3,0,0.37109875679016113,0.37109875679016113,0.013579760678112507,0.0,5.304798126220703
380,3,1,0.32604122161865234,0.32604122161865234,0.013531207107007504,0.0,5.082121849060059
380,3,2,0.2207188755273819,0.2207188755273819,0.013375055976212025,0.0,5.7542524337768555
380,3,3,0.032321810722351074,0.032321810722351074,0.013315553776919842,0.0,5.073074817657471
380,3,4,0.21736381947994232,0.21736381947994232,0.013643044978380203,0.0,5.715331077575684
380,3,5,0.45892390608787537,0.45892390608787537,0.013782083988189697,0.0,4.985608100891113
380,3,6,0.07254094630479813,0.07254094630479813,0.013378920033574104,0.0,5.589972019195557
380,3,7,0.38095009326934814,0.38095009326934814,0.013502269051969051,0.0,5.616919040679932
380,3,8,0.38942310214042664,0.38942310214042664,0.013011755421757698,0.0,5.148472785949707
380,3,9,0.17584797739982605,0.17584797739982605,0.013698196038603783,0.0,5.3100996017456055
380,3,10,0.1828477829694748,0.1828477829694748,0.013761281967163086,0.0,5.762908458709717
380,3,11,0.22986342012882233,0.22986342012882233,0.013032658956944942,0.0,5.608339309692383
380,3,12,0.18484486639499664,0.18484486639499664,0.013532212935388088,0.0,5.376445770263672
380,3,13,0.29471737146377563,0.29471737146377563,0.013782862573862076,0.0,5.9569830894470215
380,3,14,0.2819666862487793,0.2819666862487793,0.013801508583128452,0.0,5.378444671630859
380,3,15,0.2145206779241562,0.2145206779241562,0.013294811360538006,0.0,5.288158893585205
380,3,16,0.4279772937297821,0.4279772937297821,0.013810411095619202,0.0,5.438364028930664
380,3,17,0.31788355112075806,0.31788355112075806,0.013840642757713795,0.0,5.342984199523926
380,3,18,0.1350233256816864,0.1350233256816864,0.013188001699745655,0.0,5.749082088470459
380,3,19,0.2973794639110565,0.2973794639110565,0.01395433209836483,0.0,4.668875694274902
380,4,0,0.46840283274650574,0.46840283274650574,0.014864947646856308,0.0,6.3707122802734375
380,4,1,0.41480523347854614,0.41480523347854614,0.014670793898403645,0.0,6.572333812713623
380,4,2,0.478490948677063,0.478490948677063,0.014576343819499016,0.0,6.112190246582031
380,4,3,0.43749406933784485,0.43749406933784485,0.015621151775121689,0.0,5.963486671447754
380,4,4,0.23511065542697906,0.23511065542697906,0.014804104343056679,0.0,6.593213081359863
380,4,5,0.6252842545509338,0.6252842545509338,0.014226945117115974,0.0,5.869113922119141
380,4,6,0.6056532263755798,0.6056532263755798,0.014570413157343864,0.0,6.1953887939453125
380,4,7,-0.026129188016057014,-0.026129188016057014,0.013894647359848022,0.0,5.663888931274414
380,4,8,0.11695059388875961,0.11695059388875961,0.013866138644516468,0.0,5.540060997009277
380,4,9,0.4548409879207611,0.4548409879207611,0.014630497433245182,0.0,6.401459693908691
380,4,10,0.6226000785827637,0.6226000785827637,0.01530092116445303,0.0,6.390852928161621
380,4,11,0.5055027604103088,0.5055027604103088,0.014974300749599934,0.0,6.082454681396484
380,4,12,0.30598393082618713,0.30598393082618713,0.014359082095324993,0.0,5.873110771179199
380,4,13,0.2930503189563751,0.2930503189563751,0.01401031669229269,0.0,6.17234992980957
380,4,14,0.46496278047561646,0.46496278047561646,0.014456966891884804,0.0,5.851213455200195
380,4,15,-0.04597325623035431,-0.04597325623035431,0.014329754747450352,0.0,6.353875637054443
380,4,16,0.3270309567451477,0.3270309567451477,0.015851104632019997,0.0,6.2435302734375
380,4,17,0.1680770218372345,0.1680770218372345,0.014422047883272171,0.0,6.5378875732421875
380,4,18,0.3369481563568115,0.3369481563568115,0.014102555811405182,0.0,6.341521263122559
380,4,19,0.13320764899253845,0.13320764899253845,0.015047534368932247,0.0,6.088945388793945
360,0,0,0.9552631974220276,0.9552631974220276,0.012616724707186222,0.0,5.640603542327881
360,0,1,0.6223229765892029,0.6223229765892029,0.012548121623694897,0.0,5.493834495544434
360,0,2,0.8050473928451538,0.8050473928451538,0.012461742386221886,0.0,5.145344257354736
360,0,3,0.7025160789489746,0.7025160789489746,0.012888736091554165,0.0,5.36516809463501
360,0,4,0.7586870193481445,0.7586870193481445,0.01240131538361311,0.0,5.538090705871582
360,0,5,0.7427730560302734,0.7427730560302734,0.01280956994742155,0.0,5.368709564208984
360,0,6,0.8570052981376648,0.8570052981376648,0.012808667495846748,0.0,5.067356109619141
360,0,7,0.8619627952575684,0.8619627952575684,0.012313834391534328,0.0,5.437129020690918
360,0,8,0.9272364377975464,0.9272364377975464,0.012299245223402977,0.0,5.2850470542907715
360,0,9,0.6738304495811462,0.6738304495811462,0.012410050258040428,0.0,5.685891151428223
360,0,10,1.1423004865646362,1.1423004865646362,0.012531991116702557,0.0,5.4037322998046875
360,0,11,0.705381453037262,0.705381453037262,0.01286216638982296,0.0,5.4104132652282715
360,0,12,0.38375768065452576,0.38375768065452576,0.012957500293850899,0.0,5.608442783355713
360,0,13,0.39901047945022583,0.39901047945022583,0.012519175186753273,0.0,5.4603047370910645
360,0,14,0.862723171710968,0.862723171710968,0.012418772093951702,0.0,5.380514144897461
360,0,15,0.6366285681724548,0.6366285681724548,0.012418532744050026,0.0,4.957522869110107
360,0,16,0.7560119032859802,0.7560119032859802,0.012487282045185566,0.0,5.137831211090088
360,0,17,0.7445212602615356,0.7445212602615356,0.012493561953306198,0.0,5.409825325012207
360,0,18,0.7273457646369934,0.7273457646369934,0.012210921384394169,0.0,5.979811668395996
360,0,19,0.9900282621383667,0.9900282621383667,0.012547613121569157,0.0,5.503042221069336
360,1,0,2.8242149353027344,0.8242149353027344,0.9843870997428894,1.0,6.835048198699951
360,1,1,2.5487470626831055,0.548747181892395,0.9819886684417725,1.0,7.126047134399414
360,1,2,2.652411460876465,0.6524115800857544,0.9830622673034668,1.0,7.13773775100708
360,1,3,2.534552574157715,0.5345526337623596,0.9847058653831482,1.0,6.63054084777832
360,1,4,2.58711838722229,0.5871184468269348,0.9840232133865356,1.0,7.154257774353027
360,1,5,2.361478567123413,0.36147862672805786,0.9843844175338745,1.0,6.462934494018555
360,1,6,2.8012728691101074,0.8012729287147522,0.9848172068595886,1.0,6.963095188140869
360,1,7,2.5580220222473145,0.5580220222473145,0.984053909778595,1.0,7.104291915893555
360,1,8,2.4880356788635254,0.48803555965423584,0.9840954542160034,1.0,7.1706438064575195
360,1,9,2.5779967308044434,0.5779967308044434,0.9848819375038147,1.0,6.42215633392334
360,1,10,2.5807371139526367,0.5807369947433472,0.9837036728858948,1.0,6.446918487548828
360,1,11,2.528212547302246,0.5282124876976013,0.9846324920654297,1.0,6.8441338539123535
360,1,12,2.7037367820739746,0.7037367224693298,0.9836705923080444,1.0,7.456822872161865
360,1,13,2.6051340103149414,0.6051339507102966,0.9842414259910583,1.0,6.8184051513671875
360,1,14,2.413841485977173,0.41384148597717285,0.9840925931930542,1.0,6.4955291748046875
360,1,15,2.5435123443603516,0.5435123443603516,0.9848301410675049,1.0,6.704583168029785
360,1,16,2.4146275520324707,0.4146275818347931,0.9844606518745422,1.0,6.835846900939941
360,1,17,2.4559824466705322,0.45598238706588745,0.9837338924407959,1.0,7.45102071762085
360,1,18,2.6052284240722656,0.6052283644676208,0.9834339618682861,1.0,6.775731086730957
360,1,19,2.536109685897827,0.5361096858978271,0.9840243458747864,1.0,7.525750637054443
360,2,0,-1.284919023513794,-1.284919023513794,0.014178229495882988,0.0,5.169958114624023
360,2,1,-1.2547186613082886,-1.2547186613082886,0.013820559717714787,0.0,6.042902946472168
360,2,2,-1.1075820922851562,-1.1075820922851562,0.013213044963777065,0.0,6.392836570739746
360,2,3,-1.0211181640625,-1.0211181640625,0.013558704406023026,0.0,6.2991814613342285
360,2,4,-1.2639813423156738,-1.2639813423156738,0.01329797226935625,0.0,5.697457313537598
360,2,5,-1.0864651203155518,-1.0864651203155518,0.013203982263803482,0.0,6.405713081359863
360,2,6,-1.2698509693145752,-1.2698509693145752,0.014340102672576904,0.0,5.900272369384766
360,2,7,-1.057362675666809,-1.057362675666809,0.014304560609161854,0.0,6.092878818511963
360,2,8,-1.1741079092025757,-1.1741079092025757,0.013330363668501377,0.0,5.722975730895996
360,2,9,-1.1599667072296143,-1.1599667072296143,0.014198245480656624,0.0,5.247840404510498
360,2,10,-1.4248459339141846,-1.4248459339141846,0.013709219172596931,0.0,5.13919734954834
360,2,11,-0.9589338302612305,-0.9589338302612305,0.01353017520159483,0.0,6.534534931182861
360,2,12,-1.3149079084396362,-1.3149079084396362,0.013305320404469967,0.0,5.782617568969727
360,2,13,-1.2248517274856567,-1.2248517274856567,0.013796933926641941,0.0,6.572895526885986
360,2,14,-1.4780133962631226,-1.4780133962631226,0.013713319785892963,0.0,5.744113922119141
360,2,15,-1.2128465175628662,-1.2128465175628662,0.01346044521778822,0.0,5.040820121765137
360,2,16,-1.1274769306182861,-1.1274769306182861,0.013754655607044697,0.0,5.9576568603515625
360,2,17,-1.2437998056411743,-1.2437998056411743,0.014136156067252159,0.0,6.554369926452637
360,2,18,-1.3487956523895264,-1.3487956523895264,0.01365654543042183,0.0,6.404984474182129
360,2,19,-1.2803435325622559,-1.2803435325622559,0.014250270090997219,0.0,6.241069793701172
360,3,0,0.29611843824386597,0.29611843824386597,0.013435508124530315,0.0,5.5474042892456055
360,3,1,0.22963736951351166,0.22963736951351166,0.013816523365676403,0.0,5.81760835647583
360,3,2,0.5597551465034485,0.5597551465034485,0.013356002047657967,0.0,5.4133687019348145
360,3,3,0.2176235318183899,0.2176235318183899,0.013640093617141247,0.0,5.705133438110352
360,3,4,0.24259807169437408,0.24259807169437408,0.0137422950938344,0.0,5.2581868171691895
360,3,5,0.2820206582546234,0.2820206582546234,0.013360438868403435,0.0,5.427639007568359
360,3,6,0.26915737986564636,0.26915737986564636,0.013202223926782608,0.0,5.03569221496582
360,3,7,0.25811442732810974,0.25811442732810974,0.013455747626721859,0.0,5.058193206787109
360,3,8,-0.0036676826421171427,-0.0036676826421171427,0.013293362222611904,0.0,5.187693119049072
360,3,9,0.3420570194721222,0.3420570194721222,0.013825238682329655,0.0,5.482501983642578
360,3,10,0.07025015354156494,0.07025015354156494,0.013590197078883648,0.0,5.233710289001465
360,3,11,0.2751322090625763,0.2751322090625763,0.01365491934120655,0.0,5.793142318725586
360,3,12,0.1921520233154297,0.1921520233154297,0.013975895009934902,0.0,5.312895774841309
360,3,13,0.44534868001937866,0.44534868001937866,0.013110149651765823,0.0,6.060746669769287
360,3,14,-0.05432206019759178,-0.05432206019759178,0.01334324013441801,0.0,5.585357666015625
360,3,15,0.2536167502403259,0.2536167502403259,0.014276309870183468,0.0,5.170568466186523
360,3,16,0.2775191366672516,0.2775191366672516,0.013789240270853043,0.0,5.432175636291504
360,3,17,0.17166471481323242,0.17166471481323242,0.013625620864331722,0.0,5.265469074249268
360,3,18,-0.09139623492956161,-0.09139623492956161,0.013751746155321598,0.0,5.301851749420166
360,3,19,0.23016679286956787,0.23016679286956787,0.013760479167103767,0.0,5.297170639038086
360,4,0,0.5598957538604736,0.5598957538604736,0.015589303337037563,0.0,6.101194381713867
360,4,1,0.2557542324066162,0.2557542324066162,0.014524846337735653,0.0,6.453188896179199
360,4,2,0.16804879903793335,0.16804879903793335,0.015415561385452747,0.0,5.546024799346924
360,4,3,0.4292666018009186,0.4292666018009186,0.01516891922801733,0.0,5.725553512573242
360,4,4,0.5350679755210876,0.5350679755210876,0.015157298184931278,0.0,5.928879737854004
360,4,5,0.19292576611042023,0.19292576611042023,0.014586539939045906,0.0,6.51065731048584
360,4,6,0.2758689224720001,0.2758689224720001,0.01441901084035635,0.0,6.153980255126953
360,4,7,0.22371649742126465,0.22371649742126465,0.015731386840343475,0.0,5.776022911071777
360,4,8,0.4445638656616211,0.4445638656616211,0.015562528744339943,0.0,6.039684295654297
360,4,9,0.520971417427063,0.520971417427063,0.014134110882878304,0.0,6.633627891540527
360,4,10,0.013720585033297539,0.013720585033297539,0.014890407212078571,0.0,6.07259464263916
360,4,11,0.3530431091785431,0.3530431091785431,0.015027984976768494,0.0,6.381049633026123
360,4,12,0.3509061634540558,0.3509061634540558,0.014278658665716648,0.0,6.103638648986816
360,4,13,0.07541271299123764,0.07541271299123764,0.014622979797422886,0.0,6.253589153289795
360,4,14,0.3473326861858368,0.3473326861858368,0.015111456625163555,0.0,5.770972728729248
360,4,15,0.22988297045230865,0.22988297045230865,0.016286306083202362,0.0,5.647305488586426
360,4,16,0.251510351896286,0.251510351896286,0.013506126590073109,0.0,6.275242805480957
360,4,17,0.09330057352781296,0.09330057352781296,0.015081665478646755,0.0,5.817779541015625
360,4,18,0.3250579237937927,0.3250579237937927,0.014458393678069115,0.0,5.775402069091797
360,4,19,0.07174259424209595,0.07174259424209595,0.01522020623087883,0.0,6.392646789550781
340,0,0,0.8030831813812256,0.8030831813812256,0.012339888140559196,0.0,5.841914176940918
340,0,1,0.7322662472724915,0.7322662472724915,0.012465697713196278,0.0,5.841861248016357
340,0,2,0.643320620059967,0.643320620059967,0.012548228725790977,0.0,5.21793794631958
340,0,3,0.6225772500038147,0.6225772500038147,0.012291792780160904,0.0,5.4573469161987305
340,0,4,0.733944296836853,0.733944296836853,0.012521538883447647,0.0,5.260760307312012
340,0,5,0.9104867577552795,0.9104867577552795,0.01233347412198782,0.0,5.122941017150879
340,0,6,0.9395098090171814,0.9395098090171814,0.012624366208910942,0.0,5.243680953979492
340,0,7,0.8725124001502991,0.8725124001502991,0.013048941269516945,0.0,5.401841163635254
340,0,8,0.8337114453315735,0.8337114453315735,0.013031604699790478,0.0,5.104676246643066
340,0,9,0.7527040839195251,0.7527040839195251,0.012430082075297832,0.0,5.187085151672363
340,0,10,0.8208187818527222,0.8208187818527222,0.012316705659031868,0.0,4.98539400100708
340,0,11,0.603641927242279,0.603641927242279,0.012554056011140347,0.0,4.880109786987305
340,0,12,0.8881352543830872,0.8881352543830872,0.012223656289279461,0.0,5.546293258666992
340,0,13,0.7467165589332581,0.7467165589332581,0.012594806030392647,0.0,5.91438102722168
340,0,14,0.8370072245597839,0.8370072245597839,0.01263268943876028,0.0,5.48402738571167
340,0,15,0.9230148196220398,0.9230148196220398,0.012815016321837902,0.0,5.2955498695373535
340,0,16,0.9272177219390869,0.9272177219390869,0.012727799825370312,0.0,5.4116597175598145
340,0,17,0.6277268528938293,0.6277268528938293,0.01266839075833559,0.0,4.988980293273926
340,0,18,0.9983076453208923,0.9983076453208923,0.012497812509536743,0.0,5.333195686340332
340,0,19,0.688431978225708,0.688431978225708,0.01242328155785799,0.0,5.432529449462891
340,1,0,2.6920554637908936,0.6920554637908936,0.9837774038314819,1.0,6.961172580718994
340,1,1,2.6766719818115234,0.6766719222068787,0.9845029711723328,1.0,6.290106773376465
340,1,2,2.4753167629241943,0.4753166735172272,0.9843942523002625,1.0,6.835690498352051
340,1,3,2.3918862342834473,0.39188632369041443,0.9820756316184998,1.0,7.269044399261475
340,1,4,2.549989938735962,0.5499899387359619,0.9842108488082886,1.0,6.7712812423706055
340,1,5,2.4514031410217285,0.45140305161476135,0.983233630657196,1.0,7.344911575317383
340,1,6,2.7173609733581543,0.7173610925674438,0.9849051833152771,1.0,6.733728408813477
340,1,7,2.5857253074645996,0.5857254266738892,0.9833303093910217,1.0,7.100235462188721
340,1,8,2.536691904067993,0.5366919636726379,0.9844958782196045,1.0,6.589568614959717
340,1,9,2.645888328552246,0.6458882689476013,0.9850848317146301,1.0,6.838665962219238
340,1,10,2.2253992557525635,0.22539930045604706,0.9840901494026184,1.0,6.900626182556152
340,1,11,2.5098581314086914,0.5098581314086914,0.9831468462944031,1.0,6.902298927307129
340,1,12,2.6981775760650635,0.6981775760650635,0.983741044998169,1.0,6.731027126312256
340,1,13,2.5499439239501953,0.5499439239501953,0.9829851984977722,1.0,6.843966484069824
340,1,14,2.6572916507720947,0.65729159116745,0.984776496887207,1.0,6.988833904266357
340,1,15,2.6899476051330566,0.6899474859237671,0.9834712147712708,1.0,6.955081939697266
340,1,16,2.6212809085845947,0.6212809085845947,0.9826024770736694,1.0,7.498978614807129
340,1,17,2.5501742362976074,0.5501742959022522,0.9835631847381592,1.0,6.1598100662231445
340,1,18,2.767519950866699,0.7675198316574097,0.9845775961875916,1.0,6.9996137619018555
340,1,19,2.581737995147705,0.5817379951477051,0.9840344190597534,1.0,7.196796894073486
340,2,0,-0.9949404001235962,-0.9949404001235962,0.014184415340423584,0.0,5.577999114990234
340,2,1,-0.9323251247406006,-0.9323251247406006,0.013425840996205807,0.0,6.657144546508789
340,2,2,-1.2247732877731323,-1.2247732877731323,0.013813618570566177,0.0,6.0342841148376465
340,2,3,-1.301724910736084,-1.301724910736084,0.013681278564035892,0.0,6.005302429199219
340,2,4,-1.086601972579956,-1.086601972579956,0.014354049228131771,0.0,5.812714576721191
340,2,5,-1.1375495195388794,-1.1375495195388794,0.013529940508306026,0.0,6.109796047210693
340,2,6,-1.2766143083572388,-1.2766143083572388,0.013697146438062191,0.0,6.7859697341918945
340,2,7,-0.9391546249389648,-0.9391546249389648,0.014408363029360771,0.0,5.772090911865234
340,2,8,-1.192466139793396,-1.192466139793396,0.013817504048347473,0.0,5.890359878540039
340,2,9,-1.2420834302902222,-1.2420834302902222,0.014223550446331501,0.0,5.595756530761719
340,2,10,-1.2293890714645386,-1.2293890714645386,0.013541724532842636,0.0,5.863626003265381
340,2,11,-1.492551326751709,-1.492551326751709,0.013719467446208,0.0,5.80197811126709
340,2,12,-1.265781283378601,-1.265781283378601,0.01340331882238388,0.0,5.562870025634766
340,2,13,-1.0397906303405762,-1.0397906303405762,0.013540019281208515,0.0,6.17967414855957
340,2,14,-1.0067048072814941,-1.0067048072814941,0.013819127343595028,0.0,6.247354030609131
340,2,15,-1.1835293769836426,-1.1835293769836426,0.013480559922754765,0.0,5.546606540679932
340,2,16,-0.8854575157165527,-0.8854575157165527,0.013463054783642292,0.0,6.156662940979004
340,2,17,-0.9032747149467468,-0.9032747149467468,0.01338617131114006,0.0,5.998538970947266
340,2,18,-1.2003846168518066,-1.2003846168518066,0.013980444520711899,0.0,5.725593566894531
340,2,19,-1.139111876487732,-1.139111876487732,0.013870611786842346,0.0,5.981504440307617
340,3,0,0.21268348395824432,0.21268348395824432,0.01328947301954031,0.0,5.115893840789795
340,3,1,0.21156714856624603,0.21156714856624603,0.013619458302855492,0.0,5.384633541107178
340,3,2,0.42680230736732483,0.42680230736732483,0.013115468434989452,0.0,5.627773284912109
340,3,3,0.27576911449432373,0.27576911449432373,0.013479836285114288,0.0,5.287212371826172
340,3,4,0.25192737579345703,0.25192737579345703,0.01348054688423872,0.0,5.866058349609375
340,3,5,0.2934422194957733,0.2934422194957733,0.013439920730888844,0.0,5.693777561187744
340,3,6,0.2840932011604309,0.2840932011604309,0.01369202695786953,0.0,4.768965244293213
340,3,7,0.1921602338552475,0.1921602338552475,0.01366480253636837,0.0,5.113598823547363
340,3,8,0.2998216450214386,0.2998216450214386,0.013767911121249199,0.0,5.512355804443359
340,3,9,0.44772595167160034,0.44772595167160034,0.013448395766317844,0.0,5.374992370605469
340,3,10,0.4079197943210602,0.4079197943210602,0.013544157147407532,0.0,5.095061302185059
340,3,11,0.13188190758228302,0.13188190758228302,0.013602910563349724,0.0,5.369553565979004
340,3,12,0.0974564477801323,0.0974564477801323,0.013681149110198021,0.0,5.783875465393066
340,3,13,0.5121617913246155,0.5121617913246155,0.013963180594146252,0.0,5.482269287109375
340,3,14,-0.0297180637717247,-0.0297180637717247,0.01333716418594122,0.0,5.148179054260254
340,3,15,0.4430866837501526,0.4430866837501526,0.013666421175003052,0.0,5.3609137535095215
340,3,16,0.08371150493621826,0.08371150493621826,0.01338954083621502,0.0,4.792131423950195
340,3,17,0.34641215205192566,0.34641215205192566,0.013659698888659477,0.0,5.295096397399902
340,3,18,0.17419292032718658,0.17419292032718658,0.013879734091460705,0.0,4.975212574005127
340,3,19,0.1868310421705246,0.1868310421705246,0.013950803317129612,0.0,5.4657464027404785
340,4,0,0.01753571629524231,0.01753571629524231,0.014719698578119278,0.0,4.9600629806518555
340,4,1,0.31752505898475647,0.31752505898475647,0.01430737879127264,0.0,6.298633575439453
340,4,2,0.508621871471405,0.508621871471405,0.014663922600448132,0.0,5.942818641662598
340,4,3,0.3256024122238159,0.3256024122238159,0.014411966316401958,0.0,5.433679103851318
340,4,4,0.5019636750221252,0.5019636750221252,0.014759459532797337,0.0,6.195991516113281
340,4,5,0.3628750443458557,0.3628750443458557,0.015066350810229778,0.0,6.336789131164551
340,4,6,0.19438502192497253,0.19438502192497253,0.01444988138973713,0.0,6.283738136291504
340,4,7,0.29219499230384827,0.29219499230384827,0.01456148736178875,0.0,5.9153642654418945
340,4,8,0.17587918043136597,0.17587918043136597,0.014498183503746986,0.0,6.331964492797852
340,4,9,0.06160217151045799,0.06160217151045799,0.014210028573870659,0.0,5.945878505706787
340,4,10,0.21856965124607086,0.21856965124607086,0.013614744879305363,0.0,5.945525646209717
340,4,11,0.358714759349823,0.358714759349823,0.014153631404042244,0.0,5.905307769775391
340,4,12,0.5561690926551819,0.5561690926551819,0.01534587424248457,0.0,6.347152233123779
340,4,13,-0.6046905517578125,-0.6046905517578125,0.01505243219435215,0.0,6.262931823730469
340,4,14,-0.22053313255310059,-0.22053313255310059,0.015349767170846462,0.0,6.055593490600586
340,4,15,0.27155801653862,0.27155801653862,0.014923134818673134,0.0,5.562640190124512
340,4,16,0.3973017632961273,0.3973017632961273,0.015246337279677391,0.0,6.798789978027344
340,4,17,0.1458844244480133,0.1458844244480133,0.013517865911126137,0.0,5.863468170166016
340,4,18,0.11695495247840881,0.11695495247840881,0.01485088374465704,0.0,5.592688083648682
340,4,19,0.4083729386329651,0.4083729386329651,0.014467108994722366,0.0,5.688825607299805
320,0,0,0.9558742642402649,0.9558742642402649,0.012605169788002968,0.0,5.563449859619141
320,0,1,0.7239203453063965,0.7239203453063965,0.012483801692724228,0.0,5.271367073059082
320,0,2,0.8640416264533997,0.8640416264533997,0.012558052316308022,0.0,5.409311771392822
320,0,3,0.7701543569564819,0.7701543569564819,0.01272391714155674,0.0,5.501123428344727
320,0,4,0.7792280316352844,0.7792280316352844,0.012617591768503189,0.0,5.298105239868164
320,0,5,0.8036311864852905,0.8036311864852905,0.012486412189900875,0.0,5.565739154815674
320,0,6,0.7896398901939392,0.7896398901939392,0.01252854522317648,0.0,5.718270778656006
320,0,7,0.8749277591705322,0.8749277591705322,0.012858033180236816,0.0,5.46864128112793
320,0,8,0.8643702268600464,0.8643702268600464,0.012587450444698334,0.0,5.2316670417785645
320,0,9,0.9438158273696899,0.9438158273696899,0.012648939155042171,0.0,5.667181968688965
320,0,10,0.9356366991996765,0.9356366991996765,0.012283180840313435,0.0,5.247528076171875
320,0,11,0.8459228277206421,0.8459228277206421,0.01261795312166214,0.0,5.444836139678955
320,0,12,0.7863001227378845,0.7863001227378845,0.012332127429544926,0.0,5.419450759887695
320,0,13,0.8258687853813171,0.8258687853813171,0.012385585345327854,0.0,5.431275367736816
320,0,14,0.796843409538269,0.796843409538269,0.01244276575744152,0.0,5.033806324005127
320,0,15,0.944733202457428,0.944733202457428,0.01264648512005806,0.0,5.204690456390381
320,0,16,0.7959741950035095,0.7959741950035095,0.012760676443576813,0.0,5.319945812225342
320,0,17,0.9249184131622314,0.9249184131622314,0.012471769005060196,0.0,5.384090900421143
320,0,18,0.7481359839439392,0.7481359839439392,0.012590947560966015,0.0,5.140806674957275
320,0,19,0.8473835587501526,0.8473835587501526,0.012637579813599586,0.0,5.043010711669922
320,1,0,2.5836148262023926,0.5836148858070374,0.9829414486885071,1.0,6.897356033325195
320,1,1,2.5368969440460205,0.5368969440460205,0.9840403199195862,1.0,7.476146221160889
320,1,2,2.703469753265381,0.7034698724746704,0.985017716884613,1.0,7.066213607788086
320,1,3,2.5298240184783936,0.5298240184783936,0.9833199381828308,1.0,6.893064022064209
320,1,4,2.568452835083008,0.5684528946876526,0.9837738275527954,1.0,6.43228816986084
320,1,5,2.648209810256958,0.648209810256958,0.9837730526924133,1.0,6.523531913757324
320,1,6,2.6677777767181396,0.6677777767181396,0.9847956895828247,1.0,7.126802444458008
320,1,7,2.438793897628784,0.43879392743110657,0.983967125415802,1.0,6.3292388916015625
320,1,8,2.3966290950775146,0.39662909507751465,0.9844638705253601,1.0,6.3621063232421875
320,1,9,2.5183067321777344,0.5183067321777344,0.9843867421150208,1.0,6.827527046203613
320,1,10,2.6343135833740234,0.634313702583313,0.9845274686813354,1.0,7.068226337432861
320,1,11,2.4878315925598145,0.4878315031528473,0.9841583967208862,1.0,6.72420597076416
320,1,12,2.488828659057617,0.48882856965065,0.9819584488868713,1.0,6.897964954376221
320,1,13,2.6491141319274902,0.6491141319274902,0.9848218560218811,1.0,6.891218185424805
320,1,14,2.658456802368164,0.6584569215774536,0.9834330081939697,1.0,7.291479110717773
320,1,15,2.4461143016815186,0.4461143910884857,0.9830102920532227,1.0,6.58212947845459
320,1,16,2.4627139568328857,0.4627140462398529,0.9832209348678589,1.0,6.94934606552124
320,1,17,2.5381689071655273,0.5381689071655273,0.9839593768119812,1.0,6.933136940002441
320,1,18,2.6250627040863037,0.6250626444816589,0.9833252429962158,1.0,6.585862159729004
320,1,19,2.620638370513916,0.6206382513046265,0.984515905380249,1.0,7.0860090255737305
320,2,0,-1.1899349689483643,-1.1899349689483643,0.014093171805143356,0.0,6.925268650054932
320,2,1,-1.1199885606765747,-1.1199885606765747,0.013952087610960007,0.0,5.949775695800781
320,2,2,-1.1872992515563965,-1.1872992515563965,0.013636065647006035,0.0,5.820507049560547
320,2,3,-0.8343707323074341,-0.8343707323074341,0.013586283661425114,0.0,6.120516300201416
320,2,4,-1.0130831003189087,-1.0130831003189087,0.013610378839075565,0.0,5.588432312011719
320,2,5,-1.2094208002090454,-1.2094208002090454,0.013551857322454453,0.0,6.835268974304199
320,2,6,-1.2898972034454346,-1.2898972034454346,0.013552410528063774,0.0,6.322901725769043
320,2,7,-0.9056483507156372,-0.9056483507156372,0.014156199991703033,0.0,5.500258445739746
320,2,8,-1.0350552797317505,-1.0350552797317505,0.013781657442450523,0.0,4.960742950439453
320,2,9,-1.3294066190719604,-1.3294066190719604,0.013581805862486362,0.0,5.553130149841309
320,2,10,-1.179560661315918,-1.179560661315918,0.014064036309719086,0.0,6.112180709838867
320,2,11,-1.3951356410980225,-1.3951356410980225,0.01381993293762207,0.0,5.5424346923828125
320,2,12,-1.0515671968460083,-1.0515671968460083,0.014140304177999496,0.0,5.79973030090332
320,2,13,-1.0402888059616089,-1.0402888059616089,0.013660664670169353,0.0,6.279794216156006
320,2,14,-1.0921169519424438,-1.0921169519424438,0.01420922763645649,0.0,5.966075897216797
320,2,15,-1.2634806632995605,-1.2634806632995605,0.013475685380399227,0.0,6.4636430740356445
320,2,16,-0.9964929819107056,-0.9964929819107056,0.013627654872834682,0.0,5.75771951675415
320,2,17,-1.2925938367843628,-1.2925938367843628,0.013923331163823605,0.0,5.6576032638549805
320,2,18,-1.0455387830734253,-1.0455387830734253,0.01409516017884016,0.0,5.939208030700684
320,2,19,-0.9086661338806152,-0.9086661338806152,0.01406221091747284,0.0,5.914728164672852
320,3,0,0.2183697372674942,0.2183697372674942,0.013892244547605515,0.0,5.333993434906006
320,3,1,0.16574834287166595,0.16574834287166595,0.013418301939964294,0.0,5.1580729484558105
320,3,2,0.22541779279708862,0.22541779279708862,0.013464219868183136,0.0,5.303291320800781
320,3,3,0.2849389910697937,0.2849389910697937,0.0136328199878335,0.0,5.434022903442383
320,3,4,0.32261303067207336,0.32261303067207336,0.014065372757613659,0.0,5.8683881759643555
320,3,5,0.2860381305217743,0.2860381305217743,0.013993346132338047,0.0,5.527072429656982
320,3,6,0.2563256621360779,0.2563256621360779,0.013415846042335033,0.0,5.05039119720459
320,3,7,0.20024722814559937,0.20024722814559937,0.013823483139276505,0.0,6.00037145614624
320,3,8,0.4663253724575043,0.4663253724575043,0.013396957889199257,0.0,5.136993408203125
320,3,9,0.3775680959224701,0.3775680959224701,0.014220385812222958,0.0,5.517735481262207
320,3,10,0.1767619401216507,0.1767619401216507,0.013559016399085522,0.0,5.516507148742676
320,3,11,0.26967567205429077,0.26967567205429077,0.013613526709377766,0.0,5.293727874755859
320,3,12,0.3259586691856384,0.3259586691856384,0.013454178348183632,0.0,4.775003433227539
320,3,13,0.2936913073062897,0.2936913073062897,0.013261844404041767,0.0,5.256085395812988
320,3,14,0.30723267793655396,0.30723267793655396,0.013645527884364128,0.0,5.1483612060546875
320,3,15,0.33014461398124695,0.33014461398124695,0.014049076475203037,0.0,5.440674304962158
320,3,16,0.34978294372558594,0.34978294372558594,0.013434750027954578,0.0,5.761455535888672
320,3,17,0.09222190082073212,0.09222190082073212,0.013772140257060528,0.0,5.869400978088379
320,3,18,0.3099280595779419,0.3099280595779419,0.01373344287276268,0.0,5.853455066680908
320,3,19,0.36811548471450806,0.36811548471450806,0.013427939265966415,0.0,5.262360095977783
320,4,0,0.3343024253845215,0.3343024253845215,0.014331908896565437,0.0,6.2638840675354
320,4,1,0.4045289158821106,0.4045289158821106,0.013538732193410397,0.0,5.58863639831543
320,4,2,0.3721827268600464,0.3721827268600464,0.015009304508566856,0.0,5.879786968231201
320,4,3,0.5313664078712463,0.5313664078712463,0.014266682788729668,0.0,5.920828342437744
320,4,4,0.19180938601493835,0.19180938601493835,0.01512965653091669,0.0,6.130271911621094
320,4,5,0.4552238881587982,0.4552238881587982,0.014413007535040379,0.0,6.277814865112305
320,4,6,0.2616887092590332,0.2616887092590332,0.014151941053569317,0.0,5.7006683349609375
320,4,7,0.17935512959957123,0.17935512959957123,0.015105780214071274,0.0,6.776361465454102
320,4,8,0.2518312633037567,0.2518312633037567,0.015154835768043995,0.0,6.195051193237305
320,4,9,0.48441317677497864,0.48441317677497864,0.015695631504058838,0.0,6.076625347137451
320,4,10,0.47195470333099365,0.47195470333099365,0.015119079500436783,0.0,6.711570739746094
320,4,11,0.42492392659187317,0.42492392659187317,0.014596866443753242,0.0,6.394126892089844
320,4,12,0.1903029829263687,0.1903029829263687,0.014359688386321068,0.0,6.121052265167236
320,4,13,0.31419336795806885,0.31419336795806885,0.015075091272592545,0.0,5.688114166259766
320,4,14,0.16970644891262054,0.16970644891262054,0.014735272154211998,0.0,6.316532135009766
320,4,15,0.30287715792655945,0.30287715792655945,0.01466040313243866,0.0,6.641662120819092
320,4,16,0.23384517431259155,0.23384517431259155,0.014903212897479534,0.0,6.341120719909668
320,4,17,0.4348653256893158,0.4348653256893158,0.015028624795377254,0.0,6.280638694763184
320,4,18,0.41305750608444214,0.41305750608444214,0.015519749373197556,0.0,6.3622307777404785
320,4,19,0.13807643949985504,0.13807643949985504,0.01473891269415617,0.0,6.107397079467773
300,0,0,0.6155775189399719,0.6155775189399719,0.012918192893266678,0.0,5.266580104827881
300,0,1,0.5071093440055847,0.5071093440055847,0.012737389653921127,0.0,5.20864200592041
300,0,2,0.8759375810623169,0.8759375810623169,0.012509516440331936,0.0,5.2877912521362305
300,0,3,0.744112491607666,0.744112491607666,0.012543745338916779,0.0,5.140076637268066
300,0,4,0.8765965104103088,0.8765965104103088,0.012640746310353279,0.0,4.8270583152771
300,0,5,0.7655300498008728,0.7655300498008728,0.012729453854262829,0.0,5.4042510986328125
300,0,6,0.8357344269752502,0.8357344269752502,0.012595731765031815,0.0,5.605581283569336
300,0,7,0.7624884247779846,0.7624884247779846,0.012354541569948196,0.0,4.970924377441406
300,0,8,0.77225261926651,0.77225261926651,0.012718617916107178,0.0,5.157834053039551
300,0,9,0.5200100541114807,0.5200100541114807,0.01277995016425848,0.0,5.474419593811035
300,0,10,0.808768630027771,0.808768630027771,0.012628658674657345,0.0,5.464851379394531
300,0,11,0.7008413672447205,0.7008413672447205,0.012642232701182365,0.0,5.322687149047852
300,0,12,0.6561951041221619,0.6561951041221619,0.012495928443968296,0.0,5.294201850891113
300,0,13,0.5068417191505432,0.5068417191505432,0.012673914432525635,0.0,5.335119724273682
300,0,14,0.6952133178710938,0.6952133178710938,0.01247367262840271,0.0,5.497687339782715
300,0,15,0.8149769306182861,0.8149769306182861,0.012582449242472649,0.0,5.094367980957031
300,0,16,0.8544440269470215,0.8544440269470215,0.012534971348941326,0.0,4.942314147949219
300,0,17,0.8029313683509827,0.8029313683509827,0.012675943784415722,0.0,5.400615215301514
300,0,18,0.8952183127403259,0.8952183127403259,0.012664668262004852,0.0,4.886911392211914
300,0,19,0.7705187201499939,0.7705187201499939,0.012410336174070835,0.0,5.357566833496094
300,1,0,2.598247766494751,0.598247766494751,0.9844521284103394,1.0,6.514589309692383
300,1,1,2.4626383781433105,0.462638258934021,0.9834935665130615,1.0,6.999756336212158
300,1,2,2.602466583251953,0.6024664640426636,0.9839755296707153,1.0,6.713015079498291
300,1,3,2.7401039600372314,0.7401039600372314,0.9846243858337402,1.0,6.233990669250488
300,1,4,2.5003488063812256,0.5003488063812256,0.9842111468315125,1.0,7.208211898803711
300,1,5,2.524573802947998,0.5245736837387085,0.9832646250724792,1.0,7.142941474914551
300,1,6,2.464287281036377,0.46428731083869934,0.9853312969207764,1.0,6.455135822296143
300,1,7,2.5950496196746826,0.5950496792793274,0.9849135279655457,1.0,6.659692764282227
300,1,8,2.492947578430176,0.4929475486278534,0.9850754737854004,1.0,6.712696552276611
300,1,9,2.5439114570617676,0.5439114570617676,0.9832664728164673,1.0,6.547362327575684
300,1,10,2.491940498352051,0.49194055795669556,0.9847090244293213,1.0,6.947383880615234
300,1,11,2.5598790645599365,0.5598791241645813,0.9841517210006714,1.0,7.178561210632324
300,1,12,2.629456043243408,0.629456102848053,0.984067976474762,1.0,6.630894660949707
300,1,13,2.4293787479400635,0.4293787181377411,0.9844276309013367,1.0,7.065192222595215
300,1,14,2.6167874336242676,0.616787314414978,0.9842441082000732,1.0,7.164765357971191
300,1,15,2.438478946685791,0.43847891688346863,0.9846024513244629,1.0,6.3342413902282715
300,1,16,2.6368515491485596,0.6368516087532043,0.9828343391418457,1.0,6.135185241699219
300,1,17,2.6920034885406494,0.6920035481452942,0.9835491180419922,1.0,6.590529441833496
300,1,18,2.094243049621582,0.09424309432506561,0.9838961362838745,1.0,6.931797981262207
300,1,19,2.506568670272827,0.5065686702728271,0.9833517670631409,1.0,6.552079677581787
300,2,0,-1.1598809957504272,-1.1598809957504272,0.01381194218993187,0.0,6.0955681800842285
300,2,1,-1.203800082206726,-1.203800082206726,0.013539724983274937,0.0,5.977915287017822
300,2,2,-0.9918032288551331,-0.9918032288551331,0.01376877911388874,0.0,6.141439437866211
300,2,3,-1.201626181602478,-1.201626181602478,0.013580801896750927,0.0,5.434891700744629
300,2,4,-1.2700852155685425,-1.2700852155685425,0.014727789908647537,0.0,6.587348937988281
300,2,5,-1.3822098970413208,-1.3822098970413208,0.013873482123017311,0.0,5.284070014953613
300,2,6,-1.374180793762207,-1.374180793762207,0.013558334670960903,0.0,6.044726848602295
300,2,7,-0.9725291728973389,-0.9725291728973389,0.01336045190691948,0.0,6.462181091308594
300,2,8,-1.2134040594100952,-1.2134040594100952,0.013340460136532784,0.0,5.304198265075684
300,2,9,-1.0437228679656982,-1.0437228679656982,0.013470403850078583,0.0,5.600406646728516
300,2,10,-1.4004021883010864,-1.4004021883010864,0.01390609797090292,0.0,5.3027849197387695
300,2,11,-1.310736894607544,-1.310736894607544,0.013871042989194393,0.0,5.668848991394043
300,2,12,-1.1317908763885498,-1.1317908763885498,0.014360673725605011,0.0,4.902510643005371
300,2,13,-1.3149852752685547,-1.3149852752685547,0.013584124855697155,0.0,5.544321060180664
300,2,14,-1.1882373094558716,-1.1882373094558716,0.014124964363873005,0.0,4.759232997894287
300,2,15,-1.1285948753356934,-1.1285948753356934,0.013565236702561378,0.0,6.027365684509277
300,2,16,-1.2589141130447388,-1.2589141130447388,0.01401804480701685,0.0,5.152888298034668
300,2,17,-1.175128698348999,-1.175128698348999,0.014012780971825123,0.0,5.568203926086426
300,2,18,-1.2580946683883667,-1.2580946683883667,0.014114388264715672,0.0,5.936162948608398
300,2,19,-1.0882444381713867,-1.0882444381713867,0.013329981826245785,0.0,6.165709018707275
300,3,0,0.39477992057800293,0.39477992057800293,0.013521409593522549,0.0,5.53004789352417
300,3,1,0.32272619009017944,0.32272619009017944,0.013266345486044884,0.0,5.545705795288086
300,3,2,0.2802644670009613,0.2802644670009613,0.013251934200525284,0.0,5.498922348022461
300,3,3,0.16484776139259338,0.16484776139259338,0.013096434995532036,0.0,5.514444351196289
300,3,4,0.24138203263282776,0.24138203263282776,0.013867155648767948,0.0,5.258578300476074
300,3,5,0.5756428241729736,0.5756428241729736,0.01361233089119196,0.0,5.285793304443359
300,3,6,0.17350836098194122,0.17350836098194122,0.013686980120837688,0.0,6.1063947677612305
300,3,7,0.12133444845676422,0.12133444845676422,0.013551654294133186,0.0,5.45896053314209
300,3,8,0.5298758149147034,0.5298758149147034,0.013437044806778431,0.0,5.56046199798584
300,3,9,0.2882207930088043,0.2882207930088043,0.013619355857372284,0.0,5.545355796813965
300,3,10,0.41341063380241394,0.41341063380241394,0.013099942356348038,0.0,6.184063911437988
300,3,11,0.4114523231983185,0.4114523231983185,0.013728071935474873,0.0,5.304687023162842
300,3,12,0.3298470377922058,0.3298470377922058,0.013525637798011303,0.0,5.531511306762695
300,3,13,0.3376217782497406,0.3376217782497406,0.014112889766693115,0.0,5.6447343826293945
300,3,14,0.2236606925725937,0.2236606925725937,0.013911068439483643,0.0,4.434737205505371
300,3,15,0.19347073137760162,0.19347073137760162,0.013866725377738476,0.0,5.229862213134766
300,3,16,0.5111057758331299,0.5111057758331299,0.013470658101141453,0.0,5.468557357788086
300,3,17,0.3781324625015259,0.3781324625015259,0.013546841219067574,0.0,5.1674394607543945
300,3,18,0.18414120376110077,0.18414120376110077,0.013370903208851814,0.0,5.455935478210449
300,3,19,0.21677643060684204,0.21677643060684204,0.013953978195786476,0.0,5.557957649230957
300,4,0,0.2599025368690491,0.2599025368690491,0.014186382293701172,0.0,6.355132579803467
300,4,1,0.5013785362243652,0.5013785362243652,0.01525348424911499,0.0,5.6731672286987305
300,4,2,0.1729290634393692,0.1729290634393692,0.014768303371965885,0.0,6.064576148986816
300,4,3,0.024026622995734215,0.024026622995734215,0.014419038780033588,0.0,6.124669551849365
300,4,4,0.17302025854587555,0.17302025854587555,0.014307329431176186,0.0,5.8210225105285645
300,4,5,0.11734236776828766,0.11734236776828766,0.014851079322397709,0.0,6.330310821533203
300,4,6,0.41263318061828613,0.41263318061828613,0.015406240709125996,0.0,7.024667263031006
300,4,7,0.39764803647994995,0.39764803647994995,0.01529620960354805,0.0,6.448344707489014
300,4,8,0.22813989222049713,0.22813989222049713,0.015810716897249222,0.0,6.2741804122924805
300,4,9,0.20397278666496277,0.20397278666496277,0.014640922658145428,0.0,5.737788677215576
300,4,10,0.45160290598869324,0.45160290598869324,0.014178456738591194,0.0,5.7213215827941895
300,4,11,0.1088402196764946,0.1088402196764946,0.013832397758960724,0.0,5.93757438659668
300,4,12,0.43358954787254333,0.43358954787254333,0.014993676915764809,0.0,5.993897914886475
300,4,13,0.19894172251224518,0.19894172251224518,0.014674682170152664,0.0,5.83554744720459
300,4,14,0.372671514749527,0.372671514749527,0.014892871491611004,0.0,6.529934883117676
300,4,15,0.3826025426387787,0.3826025426387787,0.014614791609346867,0.0,5.702448844909668
300,4,16,0.2092476785182953,0.2092476785182953,0.015746597200632095,0.0,6.2016096115112305
300,4,17,0.28872019052505493,0.28872019052505493,0.013962299562990665,0.0,5.836452484130859
300,4,18,0.3603157699108124,0.3603157699108124,0.014813927002251148,0.0,6.395416259765625
300,4,19,0.3974180519580841,0.3974180519580841,0.014711974188685417,0.0,6.453716278076172
280,0,0,0.8941466808319092,0.8941466808319092,0.01251740101724863,0.0,5.32675313949585
280,0,1,0.7193721532821655,0.7193721532821655,0.012423446401953697,0.0,5.216222286224365
280,0,2,0.7846741676330566,0.7846741676330566,0.01253748033195734,0.0,5.04898738861084
280,0,3,0.7928749918937683,0.7928749918937683,0.013012940995395184,0.0,5.625919342041016
280,0,4,0.7727831602096558,0.7727831602096558,0.012617307715117931,0.0,5.157470703125
280,0,5,0.4476943016052246,0.4476943016052246,0.012315787374973297,0.0,5.767853736877441
280,0,6,0.9132732152938843,0.9132732152938843,0.01272720005363226,0.0,5.345873832702637
280,0,7,0.9236041307449341,0.9236041307449341,0.012975509278476238,0.0,5.2801103591918945
280,0,8,0.7433556318283081,0.7433556318283081,0.012678151950240135,0.0,5.133457660675049
280,0,9,0.7392810583114624,0.7392810583114624,0.012796156108379364,0.0,5.37671422958374
280,0,10,0.988514244556427,0.988514244556427,0.01254362054169178,0.0,5.83344030380249
280,0,11,0.9667894840240479,0.9667894840240479,0.012652786448597908,0.0,5.329629421234131
280,0,12,0.9170240163803101,0.9170240163803101,0.012765874154865742,0.0,5.464897632598877
280,0,13,0.7353326082229614,0.7353326082229614,0.012606305070221424,0.0,5.989439964294434
280,0,14,1.0344568490982056,1.0344568490982056,0.012714672833681107,0.0,5.356664180755615
280,0,15,0.6757298111915588,0.6757298111915588,0.01243043877184391,0.0,5.087542533874512
280,0,16,0.7628267407417297,0.7628267407417297,0.013013970106840134,0.0,5.536657810211182
280,0,17,0.9573296904563904,0.9573296904563904,0.012424738146364689,0.0,5.152247905731201
280,0,18,0.9277863502502441,0.9277863502502441,0.012546645477414131,0.0,5.421462059020996
280,0,19,0.7881337404251099,0.7881337404251099,0.012405650690197945,0.0,5.382740020751953
280,1,0,2.6173768043518066,0.6173766851425171,0.9840795397758484,1.0,7.537107467651367
280,1,1,2.4222874641418457,0.4222874045372009,0.9845647811889648,1.0,7.087425231933594
280,1,2,2.5654456615448,0.5654457211494446,0.9829909801483154,1.0,6.593996047973633
280,1,3,2.602606773376465,0.6026068329811096,0.9845783114433289,1.0,7.100719451904297
280,1,4,2.498821496963501,0.4988214373588562,0.9845554232597351,1.0,7.083423614501953
280,1,5,2.5756475925445557,0.5756476521492004,0.9835926294326782,1.0,7.006649017333984
280,1,6,2.53739595413208,0.5373958349227905,0.9827178120613098,1.0,6.62978458404541
280,1,7,2.635382652282715,0.6353827118873596,0.9843405485153198,1.0,6.955493450164795
280,1,8,2.360339641571045,0.3603397011756897,0.9847043752670288,1.0,6.828324317932129
280,1,9,2.5513288974761963,0.5513289570808411,0.9841488003730774,1.0,6.502226829528809
280,1,10,2.4748358726501465,0.47483596205711365,0.9841715693473816,1.0,6.891635894775391
280,1,11,2.5573394298553467,0.5573393702507019,0.9839068651199341,1.0,6.923716068267822
280,1,12,2.6358394622802734,0.6358394026756287,0.9850170612335205,1.0,7.1297149658203125
280,1,13,2.7010509967803955,0.7010510563850403,0.9846674203872681,1.0,6.930005073547363
280,1,14,2.574904680252075,0.5749046206474304,0.9845773577690125,1.0,7.530059337615967
280,1,15,2.5140738487243652,0.5140738487243652,0.9842352867126465,1.0,7.214089870452881
280,1,16,2.4394237995147705,0.4394238591194153,0.9846447110176086,1.0,6.899016380310059
280,1,17,2.5767178535461426,0.5767179727554321,0.984515905380249,1.0,7.104287147521973
280,1,18,2.5281870365142822,0.5281870365142822,0.9830984473228455,1.0,6.575092315673828
280,1,19,2.606231212615967,0.6062313318252563,0.9839088320732117,1.0,6.551194190979004
280,2,0,-1.0999304056167603,-1.0999304056167603,0.01374021265655756,0.0,6.223422050476074
280,2,1,-1.3056639432907104,-1.3056639432907104,0.013721681199967861,0.0,5.825021743774414
280,2,2,-1.2358530759811401,-1.2358530759811401,0.013496581465005875,0.0,6.282800674438477
280,2,3,-1.1198315620422363,-1.1198315620422363,0.013341017998754978,0.0,6.47420597076416
280,2,4,-0.9452546238899231,-0.9452546238899231,0.013792451471090317,0.0,6.12490701675415
280,2,5,-1.2391871213912964,-1.2391871213912964,0.013972321525216103,0.0,6.547882080078125
280,2,6,-1.1464658975601196,-1.1464658975601196,0.013923837803304195,0.0,6.129950046539307
280,2,7,-1.3832098245620728,-1.3832098245620728,0.014143666252493858,0.0,5.260524749755859
280,2,8,-1.0847454071044922,-1.0847454071044922,0.013762880116701126,0.0,5.8666157722473145
280,2,9,-1.2011369466781616,-1.2011369466781616,0.01386539451777935,0.0,6.041173934936523
280,2,10,-1.4687563180923462,-1.4687563180923462,0.01440335251390934,0.0,5.768006324768066
280,2,11,-1.1234838962554932,-1.1234838962554932,0.013654793612658978,0.0,5.8688812255859375
280,2,12,-1.0720250606536865,-1.0720250606536865,0.013589996844530106,0.0,5.535557746887207
280,2,13,-1.2567905187606812,-1.2567905187606812,0.01359174121171236,0.0,5.664595127105713
280,2,14,-1.140977382659912,-1.140977382659912,0.013774892315268517,0.0,5.599599838256836
280,2,15,-1.1317663192749023,-1.1317663192749023,0.013775489293038845,0.0,5.36379337310791
280,2,16,-1.2008894681930542,-1.2008894681930542,0.014124028384685516,0.0,5.684207916259766
280,2,17,-1.1568876504898071,-1.1568876504898071,0.013485068455338478,0.0,5.731203079223633
280,2,18,-1.0341732501983643,-1.0341732501983643,0.01443012896925211,0.0,5.840724945068359
280,2,19,-1.1795761585235596,-1.1795761585235596,0.013430182822048664,0.0,6.070218563079834
280,3,0,0.3516847491264343,0.3516847491264343,0.013627671636641026,0.0,5.499383926391602
280,3,1,0.18447154760360718,0.18447154760360718,0.01366417296230793,0.0,5.352415084838867
280,3,2,0.1201200783252716,0.1201200783252716,0.013401863165199757,0.0,5.442632675170898
280,3,3,0.4718734323978424,0.4718734323978424,0.013556626625359058,0.0,5.447122573852539
280,3,4,0.14027263224124908,0.14027263224124908,0.013648834079504013,0.0,6.014764785766602
280,3,5,0.38914427161216736,0.38914427161216736,0.01356320921331644,0.0,5.159397125244141
280,3,6,0.18007583916187286,0.18007583916187286,0.013790064491331577,0.0,5.361956596374512
280,3,7,0.37844669818878174,0.37844669818878174,0.013992358930408955,0.0,5.195609092712402
280,3,8,0.48565903306007385,0.48565903306007385,0.013418188318610191,0.0,5.475444316864014
280,3,9,0.38720703125,0.38720703125,0.013838713988661766,0.0,5.328486919403076
280,3,10,0.36093366146087646,0.36093366146087646,0.013312188908457756,0.0,5.526988506317139
280,3,11,0.3145037889480591,0.3145037889480591,0.013501870445907116,0.0,5.353456497192383
280,3,12,0.1966347098350525,0.1966347098350525,0.013371934182941914,0.0,5.640913963317871
280,3,13,0.4496512711048126,0.4496512711048126,0.013928577303886414,0.0,5.3447465896606445
280,3,14,0.45225799083709717,0.45225799083709717,0.013287508860230446,0.0,5.382997512817383
280,3,15,0.6143925786018372,0.6143925786018372,0.013855879195034504,0.0,5.281350135803223
280,3,16,0.5634836554527283,0.5634836554527283,0.013384508900344372,0.0,5.203062534332275
280,3,17,0.24558937549591064,0.24558937549591064,0.013400627300143242,0.0,6.062732696533203
280,3,18,0.33205169439315796,0.33205169439315796,0.01350399199873209,0.0,5.4022111892700195
280,3,19,0.2954874634742737,0.2954874634742737,0.013284840621054173,0.0,5.731524467468262
280,4,0,0.3046010136604309,0.3046010136604309,0.01546541228890419,0.0,6.0450897216796875
280,4,1,0.2454911768436432,0.2454911768436432,0.015518450178205967,0.0,5.610245704650879
280,4,2,0.34227627515792847,0.34227627515792847,0.014930441975593567,0.0,6.253710746765137
280,4,3,0.4181305766105652,0.4181305766105652,0.015339254401624203,0.0,6.385101795196533
280,4,4,0.305641233921051,0.305641233921051,0.014483923092484474,0.0,5.962850570678711
280,4,5,0.5509703159332275,0.5509703159332275,0.015138959512114525,0.0,6.012381553649902
280,4,6,0.30732816457748413,0.30732816457748413,0.014667622745037079,0.0,5.669772624969482
280,4,7,-0.05647371709346771,-0.05647371709346771,0.014143255539238453,0.0,6.07974100112915
280,4,8,0.3794955313205719,0.3794955313205719,0.015020158141851425,0.0,5.952136993408203
280,4,9,0.2979007363319397,0.2979007363319397,0.01450495608150959,0.0,6.287531852722168
280,4,10,0.25612872838974,0.25612872838974,0.014474797062575817,0.0,6.10270357131958
280,4,11,0.22235475480556488,0.22235475480556488,0.015104920603334904,0.0,6.854788303375244
280,4,12,0.38009777665138245,0.38009777665138245,0.01495340745896101,0.0,6.415485382080078
280,4,13,0.3312458097934723,0.3312458097934723,0.0147244893014431,0.0,6.143766403198242
280,4,14,0.2927038073539734,0.2927038073539734,0.015136400237679482,0.0,6.629736423492432
280,4,15,0.14310307800769806,0.14310307800769806,0.014630175195634365,0.0,5.560257911682129
280,4,16,0.3161810338497162,0.3161810338497162,0.01454571820795536,0.0,6.168946266174316
280,4,17,0.39143577218055725,0.39143577218055725,0.014401971362531185,0.0,5.528852462768555
280,4,18,0.08655361831188202,0.08655361831188202,0.014890932478010654,0.0,6.121315002441406
280,4,19,0.02935185842216015,0.02935185842216015,0.015130259096622467,0.0,5.942097187042236
260,0,0,0.9086093306541443,0.9086093306541443,0.012460040859878063,0.0,4.886347770690918
260,0,1,0.8443294167518616,0.8443294167518616,0.012328400276601315,0.0,5.389278411865234
260,0,2,0.5272341370582581,0.5272341370582581,0.012451499700546265,0.0,5.9226603507995605
260,0,3,0.6910595893859863,0.6910595893859863,0.01240827888250351,0.0,5.95406436920166
260,0,4,0.7411697506904602,0.7411697506904602,0.012471099384129047,0.0,5.018760681152344
260,0,5,0.8565168380737305,0.8565168380737305,0.012613232247531414,0.0,5.110540390014648
260,0,6,0.5841009020805359,0.5841009020805359,0.012424089014530182,0.0,4.885898590087891
260,0,7,0.8084623217582703,0.8084623217582703,0.012587462551891804,0.0,5.011806488037109
260,0,8,1.0340481996536255,1.0340481996536255,0.0125754838809371,0.0,5.635173797607422
260,0,9,0.8314327597618103,0.8314327597618103,0.012374083511531353,0.0,5.250768184661865
260,0,10,0.9808210134506226,0.9808210134506226,0.012531319633126259,0.0,5.467371463775635
260,0,11,0.8391233086585999,0.8391233086585999,0.012679596431553364,0.0,5.197045803070068
260,0,12,0.6397610306739807,0.6397610306739807,0.012547424994409084,0.0,5.491595268249512
260,0,13,0.4882242977619171,0.4882242977619171,0.01261200848966837,0.0,5.379940986633301
260,0,14,0.9303072690963745,0.9303072690963745,0.012560865841805935,0.0,5.666082382202148
260,0,15,0.8977668285369873,0.8977668285369873,0.012488906271755695,0.0,5.199807167053223
260,0,16,0.9585866928100586,0.9585866928100586,0.012501254677772522,0.0,5.3461713790893555
260,0,17,0.5933581590652466,0.5933581590652466,0.012531010434031487,0.0,5.314862251281738
260,0,18,0.7576085329055786,0.7576085329055786,0.012840214185416698,0.0,5.343563556671143
260,0,19,0.8234159350395203,0.8234159350395203,0.012428549118340015,0.0,5.476201057434082
260,1,0,2.699618101119995,0.6996181607246399,0.9840304851531982,1.0,7.007679462432861
260,1,1,2.4839930534362793,0.48399314284324646,0.9850261807441711,1.0,7.195887565612793
260,1,2,2.469853162765503,0.4698531925678253,0.9841238856315613,1.0,6.953512668609619
260,1,3,2.5780394077301025,0.5780394077301025,0.9848592877388,1.0,6.87271785736084
260,1,4,2.521700143814087,0.5217000842094421,0.9834121465682983,1.0,7.1494927406311035
260,1,5,2.4329044818878174,0.432904452085495,0.9847344160079956,1.0,7.112974643707275
260,1,6,2.5711874961853027,0.5711874961853027,0.9835875630378723,1.0,6.749595642089844
260,1,7,2.459465742111206,0.4594656527042389,0.9841315150260925,1.0,7.1155900955200195
260,1,8,2.4215848445892334,0.4215847849845886,0.984892725944519,1.0,7.012565612792969
260,1,9,2.66984486579895,0.6698448061943054,0.9848657846450806,1.0,7.2337493896484375
260,1,10,2.5846474170684814,0.5846473574638367,0.9833056330680847,1.0,6.898908615112305
260,1,11,2.7629315853118896,0.7629316449165344,0.9843164682388306,1.0,6.322159767150879
260,1,12,2.4529073238372803,0.45290738344192505,0.9842965006828308,1.0,6.95707368850708
260,1,13,2.6411900520324707,0.6411901712417603,0.9836059808731079,1.0,6.7945556640625
260,1,14,2.627509593963623,0.627509593963623,0.9859697818756104,1.0,6.4470720291137695
260,1,15,2.6477508544921875,0.6477508544921875,0.9843336939811707,1.0,6.9954609870910645
260,1,16,2.5519256591796875,0.551925539970398,0.9840723872184753,1.0,7.158539772033691
260,1,17,2.5909109115600586,0.5909109711647034,0.9841681122779846,1.0,6.458654403686523
260,1,18,2.6475095748901367,0.6475096344947815,0.9849890470504761,1.0,6.7006731033325195
260,1,19,2.315812110900879,0.31581202149391174,0.9852493405342102,1.0,7.52871036529541
260,2,0,-1.1960686445236206,-1.1960686445236206,0.013596813194453716,0.0,6.531095504760742
260,2,1,-1.2099778652191162,-1.2099778652191162,0.01347003597766161,0.0,5.848166465759277
260,2,2,-1.088088035583496,-1.088088035583496,0.0135447196662426,0.0,5.887822151184082
260,2,3,-1.2650701999664307,-1.2650701999664307,0.013875288888812065,0.0,6.163034439086914
260,2,4,-0.9810703992843628,-0.9810703992843628,0.013390429317951202,0.0,5.673643589019775
260,2,5,-1.0343507528305054,-1.0343507528305054,0.013511832803487778,0.0,5.4489617347717285
260,2,6,-1.246808648109436,-1.246808648109436,0.01374649628996849,0.0,5.763128757476807
260,2,7,-1.2644280195236206,-1.2644280195236206,0.013789605349302292,0.0,6.23903751373291
260,2,8,-1.0604456663131714,-1.0604456663131714,0.013380544260144234,0.0,5.980253219604492
260,2,9,-1.256618618965149,-1.256618618965149,0.014273786917328835,0.0,6.069974422454834
260,2,10,-1.2385796308517456,-1.2385796308517456,0.014391889795660973,0.0,5.674191474914551
260,2,11,-1.2544264793395996,-1.2544264793395996,0.0140381483361125,0.0,6.073762893676758
260,2,12,-1.2830069065093994,-1.2830069065093994,0.013634706847369671,0.0,5.9430999755859375
260,2,13,-1.0782668590545654,-1.0782668590545654,0.014196757227182388,0.0,5.936054229736328
260,2,14,-1.3456796407699585,-1.3456796407699585,0.013917231932282448,0.0,5.887147903442383
260,2,15,-1.029525637626648,-1.029525637626648,0.013836567290127277,0.0,5.788418769836426
260,2,16,-1.277747392654419,-1.277747392654419,0.014294377528131008,0.0,5.95881462097168
260,2,17,-0.969609797000885,-0.969609797000885,0.013216240331530571,0.0,6.114823818206787
260,2,18,-1.3939547538757324,-1.3939547538757324,0.013460497371852398,0.0,5.374489784240723
260,2,19,-1.0271408557891846,-1.0271408557891846,0.013761761598289013,0.0,5.583916664123535
260,3,0,0.24439935386180878,0.24439935386180878,0.013383238576352596,0.0,5.113489627838135
260,3,1,0.038791488856077194,0.038791488856077194,0.01394583098590374,0.0,5.354053020477295
260,3,2,0.14842212200164795,0.14842212200164795,0.01375015452504158,0.0,5.269683837890625
260,3,3,0.3799830973148346,0.3799830973148346,0.013593955896794796,0.0,5.174555778503418
260,3,4,0.5306097269058228,0.5306097269058228,0.013980403542518616,0.0,5.407763481140137
260,3,5,0.4301004409790039,0.4301004409790039,0.013420525006949902,0.0,5.504643440246582
260,3,6,0.28014785051345825,0.28014785051345825,0.013479836285114288,0.0,6.048043251037598
260,3,7,0.23991699516773224,0.23991699516773224,0.013486800715327263,0.0,5.474455833435059
260,3,8,0.1487247198820114,0.1487247198820114,0.01360228843986988,0.0,5.755516052246094
260,3,9,0.15251344442367554,0.15251344442367554,0.014185942709445953,0.0,5.893479824066162
260,3,10,0.08781970292329788,0.08781970292329788,0.01339305192232132,0.0,5.061220169067383
260,3,11,0.42485302686691284,0.42485302686691284,0.014301682822406292,0.0,5.457685470581055
260,3,12,0.28453198075294495,0.28453198075294495,0.014071609824895859,0.0,5.570292949676514
260,3,13,0.08947161585092545,0.08947161585092545,0.013581805862486362,0.0,5.585348129272461
260,3,14,0.19687163829803467,0.19687163829803467,0.013528991490602493,0.0,5.389294147491455
260,3,15,0.24675805866718292,0.24675805866718292,0.013666229322552681,0.0,5.135080814361572
260,3,16,0.41035890579223633,0.41035890579223633,0.013669082894921303,0.0,5.780149459838867
260,3,17,0.22805458307266235,0.22805458307266235,0.013540821149945259,0.0,5.539813995361328
260,3,18,0.16558732092380524,0.16558732092380524,0.013553118333220482,0.0,4.827600955963135
260,3,19,0.1487732231616974,0.1487732231616974,0.013789856806397438,0.0,4.756109714508057
260,4,0,-0.06127241998910904,-0.06127241998910904,0.015031018294394016,0.0,6.111416816711426
260,4,1,0.8047552704811096,0.8047552704811096,0.014719937928020954,0.0,6.091039180755615
260,4,2,0.383804053068161,0.383804053068161,0.015182174742221832,0.0,6.436880111694336
260,4,3,0.3520345389842987,0.3520345389842987,0.014422792010009289,0.0,6.183076858520508
260,4,4,0.328366756439209,0.328366756439209,0.015564588829874992,0.0,6.069337844848633
260,4,5,0.21090392768383026,0.21090392768383026,0.015194029547274113,0.0,6.313137054443359
260,4,6,0.222859725356102,0.222859725356102,0.014122182503342628,0.0,6.442910194396973
260,4,7,0.3484046459197998,0.3484046459197998,0.014736906625330448,0.0,5.964832305908203
260,4,8,0.21835041046142578,0.21835041046142578,0.014986101537942886,0.0,5.893571853637695
260,4,9,0.07905013859272003,0.07905013859272003,0.015139392577111721,0.0,6.091974258422852
260,4,10,0.43952319025993347,0.43952319025993347,0.014999381266534328,0.0,6.069493293762207
260,4,11,0.2873116135597229,0.2873116135597229,0.014055060222744942,0.0,6.220832824707031
260,4,12,0.047080013900995255,0.047080013900995255,0.014757772907614708,0.0,6.157846450805664
260,4,13,0.5526743531227112,0.5526743531227112,0.014521992765367031,0.0,6.150530815124512
260,4,14,0.13705815374851227,0.13705815374851227,0.014629976823925972,0.0,5.744632244110107
260,4,15,0.5583662986755371,0.5583662986755371,0.015129384584724903,0.0,6.672510623931885
260,4,16,0.4447900950908661,0.4447900950908661,0.01537328027188778,0.0,6.108257293701172
260,4,17,0.16852045059204102,0.16852045059204102,0.015089968219399452,0.0,6.929032802581787
260,4,18,0.19452506303787231,0.19452506303787231,0.015199165791273117,0.0,6.443637847900391
260,4,19,0.3274140954017639,0.3274140954017639,0.014485400170087814,0.0,5.968767166137695
240,0,0,0.7649492025375366,0.7649492025375366,0.012677978724241257,0.0,5.3609161376953125
240,0,1,0.8545393347740173,0.8545393347740173,0.012827925384044647,0.0,5.693370342254639
240,0,2,0.8423357605934143,0.8423357605934143,0.012555238790810108,0.0,5.139625549316406
240,0,3,0.8983628749847412,0.8983628749847412,0.012366685084998608,0.0,5.638461589813232
240,0,4,0.7188951969146729,0.7188951969146729,0.012419375590980053,0.0,5.175004005432129
240,0,5,0.7601292133331299,0.7601292133331299,0.012559826485812664,0.0,5.238012790679932
240,0,6,0.8649060726165771,0.8649060726165771,0.012805941514670849,0.0,5.428934097290039
240,0,7,0.6852073073387146,0.6852073073387146,0.01233206782490015,0.0,4.8939595222473145
240,0,8,0.9696447253227234,0.9696447253227234,0.012700662016868591,0.0,5.279324531555176
240,0,9,0.6977618932723999,0.6977618932723999,0.012696201913058758,0.0,5.219045639038086
240,0,10,0.9123590588569641,0.9123590588569641,0.012460744939744473,0.0,5.473150253295898
240,0,11,0.9198168516159058,0.9198168516159058,0.012659406289458275,0.0,5.263151168823242
240,0,12,1.0904728174209595,1.0904728174209595,0.012368012219667435,0.0,5.190860748291016
240,0,13,0.5926376581192017,0.5926376581192017,0.0123397596180439,0.0,5.2740631103515625
240,0,14,0.6943763494491577,0.6943763494491577,0.012832052074372768,0.0,5.332744121551514
240,0,15,0.7898958921432495,0.7898958921432495,0.012771363370120525,0.0,5.201211929321289
240,0,16,0.7780829668045044,0.7780829668045044,0.01240694709122181,0.0,5.173201560974121
240,0,17,0.8852099776268005,0.8852099776268005,0.01251423079520464,0.0,5.549101829528809
240,0,18,0.9362590909004211,0.9362590909004211,0.012558129616081715,0.0,5.175889015197754
240,0,19,0.8356922268867493,0.8356922268867493,0.01251650508493185,0.0,5.475320816040039
240,1,0,2.5860254764556885,0.5860254168510437,0.9849205613136292,1.0,6.746281623840332
240,1,1,2.6131784915924072,0.6131784915924072,0.9844704866409302,1.0,6.386446952819824
240,1,2,2.643463611602783,0.6434636116027832,0.9842246770858765,1.0,7.127383232116699
240,1,3,2.7180795669555664,0.7180795669555664,0.9847923517227173,1.0,6.148194789886475
240,1,4,2.532987117767334,0.5329871773719788,0.9835225939750671,1.0,6.996655464172363
240,1,5,2.5653188228607178,0.5653188228607178,0.9844635725021362,1.0,7.026078224182129
240,1,6,2.5423583984375,0.5423583984375,0.9823369979858398,1.0,7.041027069091797
240,1,7,2.4720590114593506,0.472059041261673,0.9842864871025085,1.0,7.031017303466797
240,1,8,2.6226887702941895,0.6226887106895447,0.9838203191757202,1.0,7.217759132385254
240,1,9,2.7447328567504883,0.7447329759597778,0.9837855100631714,1.0,6.6659698486328125
240,1,10,2.587266206741333,0.587266206741333,0.9844446182250977,1.0,6.563279628753662
240,1,11,2.5850138664245605,0.5850138664245605,0.9833674430847168,1.0,6.5003204345703125
240,1,12,2.549448251724243,0.5494483113288879,0.9842215776443481,1.0,6.820178031921387
240,1,13,2.4672341346740723,0.46723422408103943,0.984164297580719,1.0,7.167978286743164
240,1,14,2.6710312366485596,0.6710311770439148,0.9838975071907043,1.0,7.110295295715332
240,1,15,2.472085952758789,0.47208598256111145,0.9830938577651978,1.0,6.692870140075684
240,1,16,2.562954902648926,0.5629550218582153,0.9831386804580688,1.0,7.033654689788818
240,1,17,2.3313028812408447,0.3313029110431671,0.9842737913131714,1.0,6.515090465545654
240,1,18,2.5991969108581543,0.5991967916488647,0.9847695827484131,1.0,6.858852863311768
240,1,19,2.417391300201416,0.4173913896083832,0.9840058088302612,1.0,6.400325775146484
240,2,0,-1.0927506685256958,-1.0927506685256958,0.013941492885351181,0.0,5.6600542068481445
240,2,1,-1.448088526725769,-1.448088526725769,0.014054781757295132,0.0,5.678494453430176
240,2,2,-1.2090256214141846,-1.2090256214141846,0.013980773277580738,0.0,5.961214542388916
240,2,3,-1.0514156818389893,-1.0514156818389893,0.013997675850987434,0.0,6.157491683959961
240,2,4,-1.337623119354248,-1.337623119354248,0.013888637535274029,0.0,5.99191951751709
240,2,5,-1.085172176361084,-1.085172176361084,0.01445971243083477,0.0,6.386889934539795
240,2,6,-1.1549618244171143,-1.1549618244171143,0.014122015796601772,0.0,6.2990641593933105
240,2,7,-1.0660219192504883,-1.0660219192504883,0.013492461293935776,0.0,5.827095031738281
240,2,8,-1.2417484521865845,-1.2417484521865845,0.013698531314730644,0.0,6.002060890197754
240,2,9,-1.2028943300247192,-1.2028943300247192,0.013570144772529602,0.0,5.902984619140625
240,2,10,-1.0421396493911743,-1.0421396493911743,0.013676170259714127,0.0,5.864305019378662
240,2,11,-1.426003098487854,-1.426003098487854,0.013587179593741894,0.0,6.126495838165283
240,2,12,-1.0725681781768799,-1.0725681781768799,0.01383491512387991,0.0,5.610337734222412
240,2,13,-1.1708519458770752,-1.1708519458770752,0.013706253841519356,0.0,6.590745449066162
240,2,14,-1.1161491870880127,-1.1161491870880127,0.014082707464694977,0.0,6.098760604858398
240,2,15,-1.2672061920166016,-1.2672061920166016,0.013665534555912018,0.0,6.261106967926025
240,2,16,-1.167226791381836,-1.167226791381836,0.013892127200961113,0.0,5.410833835601807
240,2,17,-1.5475339889526367,-1.5475339889526367,0.01373999286442995,0.0,6.2795796394348145
240,2,18,-1.129817008972168,-1.129817008972168,0.014098387211561203,0.0,6.736987113952637
240,2,19,-1.317188024520874,-1.317188024520874,0.014044029638171196,0.0,6.063683986663818
240,3,0,0.40421998500823975,0.40421998500823975,0.01370473112910986,0.0,5.5502028465271
240,3,1,0.20078136026859283,0.20078136026859283,0.013462548144161701,0.0,4.946710586547852
240,3,2,0.03691745921969414,0.03691745921969414,0.013607707805931568,0.0,5.951750755310059
240,3,3,0.20441067218780518,0.20441067218780518,0.013440920040011406,0.0,4.927354335784912
240,3,4,0.17586392164230347,0.17586392164230347,0.013151920400559902,0.0,5.327855110168457
240,3,5,0.377840131521225,0.377840131521225,0.013669174164533615,0.0,5.271999835968018
240,3,6,0.2291712462902069,0.2291712462902069,0.013740601018071175,0.0,5.646589279174805
240,3,7,0.591689944267273,0.591689944267273,0.013464893214404583,0.0,5.764956474304199
240,3,8,0.27944043278694153,0.27944043278694153,0.013370059430599213,0.0,5.233943462371826
240,3,9,0.35673823952674866,0.35673823952674866,0.013894935138523579,0.0,5.568906784057617
240,3,10,0.2709803283214569,0.2709803283214569,0.013526649214327335,0.0,5.185920715332031
240,3,11,0.2348039299249649,0.2348039299249649,0.013357196934521198,0.0,5.415401935577393
240,3,12,0.07876048982143402,0.07876048982143402,0.013970875181257725,0.0,5.1426849365234375
240,3,13,0.4547494351863861,0.4547494351863861,0.013586456887423992,0.0,5.643428802490234
240,3,14,0.3627488911151886,0.3627488911151886,0.013805528171360493,0.0,5.672290802001953
240,3,15,0.2259424924850464,0.2259424924850464,0.01333539467304945,0.0,5.483086585998535
240,3,16,0.3049376904964447,0.3049376904964447,0.013620950281620026,0.0,5.262727737426758
240,3,17,0.1679801493883133,0.1679801493883133,0.013512511737644672,0.0,5.132658958435059
240,3,18,0.28534233570098877,0.28534233570098877,0.013505768962204456,0.0,5.898921966552734
240,3,19,0.14948207139968872,0.14948207139968872,0.013608720153570175,0.0,5.2130961418151855
240,4,0,0.340206116437912,0.340206116437912,0.014868027530610561,0.0,5.951506614685059
240,4,1,0.16013473272323608,0.16013473272323608,0.015432649292051792,0.0,5.549169540405273
240,4,2,0.210615336894989,0.210615336894989,0.014504085294902325,0.0,5.945803165435791
240,4,3,0.3755560517311096,0.3755560517311096,0.015561576932668686,0.0,5.933854579925537
240,4,4,0.1900264024734497,0.1900264024734497,0.014661270193755627,0.0,5.880856513977051
240,4,5,0.2570272982120514,0.2570272982120514,0.015579762868583202,0.0,5.906686782836914
240,4,6,0.33824577927589417,0.33824577927589417,0.015469164587557316,0.0,6.442989349365234
240,4,7,0.27102163434028625,0.27102163434028625,0.014563131146132946,0.0,6.484064102172852
240,4,8,0.16574908792972565,0.16574908792972565,0.014590748585760593,0.0,6.121953964233398
240,4,9,0.12254700809717178,0.12254700809717178,0.014740479178726673,0.0,6.018206596374512
240,4,10,0.338224321603775,0.338224321603775,0.014980950392782688,0.0,6.417437553405762
240,4,11,0.11387541890144348,0.11387541890144348,0.014802497811615467,0.0,6.258781433105469
240,4,12,0.22745253145694733,0.22745253145694733,0.014510887674987316,0.0,6.689805507659912
240,4,13,0.3519922196865082,0.3519922196865082,0.015980049967765808,0.0,6.466005325317383
240,4,14,0.22398163378238678,0.22398163378238678,0.014721017330884933,0.0,5.629098892211914
240,4,15,0.07909847795963287,0.07909847795963287,0.014132024720311165,0.0,6.227658748626709
240,4,16,0.18920080363750458,0.18920080363750458,0.015112449415028095,0.0,6.0942888259887695
240,4,17,0.22403515875339508,0.22403515875339508,0.01541497465223074,0.0,6.687041282653809
240,4,18,0.2870294451713562,0.2870294451713562,0.015105394646525383,0.0,5.989895820617676
240,4,19,0.16911527514457703,0.16911527514457703,0.015551003627479076,0.0,5.818408012390137
220,0,0,0.7694814801216125,0.7694814801216125,0.012704525142908096,0.0,4.75028133392334
220,0,1,0.9177908301353455,0.9177908301353455,0.012447196990251541,0.0,5.515114784240723
220,0,2,0.6981991529464722,0.6981991529464722,0.012547153048217297,0.0,5.615252494812012
220,0,3,0.6771085858345032,0.6771085858345032,0.012196154333651066,0.0,5.312086582183838
220,0,4,0.8867228627204895,0.8867228627204895,0.01276933029294014,0.0,5.653147220611572
220,0,5,0.8466470837593079,0.8466470837593079,0.01272724848240614,0.0,5.141766548156738
220,0,6,0.740557074546814,0.740557074546814,0.012829568237066269,0.0,5.569416046142578
220,0,7,0.8001918792724609,0.8001918792724609,0.012780287303030491,0.0,5.437844276428223
220,0,8,0.845562219619751,0.845562219619751,0.012611796148121357,0.0,4.900521278381348
220,0,9,0.5822980403900146,0.5822980403900146,0.012379125691950321,0.0,5.130516052246094
220,0,10,0.8463243246078491,0.8463243246078491,0.012499394826591015,0.0,5.30523681640625
220,0,11,0.877175509929657,0.877175509929657,0.012271280400454998,0.0,5.375967502593994
220,0,12,0.8918948173522949,0.8918948173522949,0.01255688164383173,0.0,5.450900554656982
220,0,13,0.7872003316879272,0.7872003316879272,0.012582519091665745,0.0,5.2272233963012695
220,0,14,1.0413329601287842,1.0413329601287842,0.01251242682337761,0.0,5.412665843963623
220,0,15,0.9177080988883972,0.9177080988883972,0.012528923340141773,0.0,5.810378551483154
220,0,16,0.7473577857017517,0.7473577857017517,0.012785919941961765,0.0,5.538372039794922
220,0,17,0.9349766969680786,0.9349766969680786,0.012507655657827854,0.0,5.312498092651367
220,0,18,0.5511665344238281,0.5511665344238281,0.012507392093539238,0.0,5.42140007019043
220,0,19,0.8244290947914124,0.8244290947914124,0.012348679825663567,0.0,4.820775508880615
220,1,0,2.5452687740325928,0.5452688336372375,0.9839703440666199,1.0,6.203213691711426
220,1,1,2.5478618144989014,0.5478618741035461,0.9825891256332397,1.0,6.766063213348389
220,1,2,2.652860403060913,0.6528604030609131,0.9842711091041565,1.0,6.226719856262207
220,1,3,2.500743865966797,0.5007439851760864,0.9843209981918335,1.0,7.145292282104492
220,1,4,2.5867559909820557,0.5867559909820557,0.9850244522094727,1.0,6.6526923179626465
220,1,5,2.6159884929656982,0.615988552570343,0.9838391542434692,1.0,6.7970404624938965
220,1,6,2.580183267593384,0.5801832675933838,0.9831558465957642,1.0,7.0888671875
220,1,7,2.554636001586914,0.5546360611915588,0.9847179055213928,1.0,7.192128658294678
220,1,8,2.604097366333008,0.6040974855422974,0.983995258808136,1.0,6.697887897491455
220,1,9,2.5610992908477783,0.5610992312431335,0.9847660064697266,1.0,6.815736770629883
220,1,10,2.51228404045105,0.5122840404510498,0.9837346076965332,1.0,6.975379943847656
220,1,11,2.588651657104492,0.5886515974998474,0.9841707348823547,1.0,6.617087364196777
220,1,12,2.3198556900024414,0.319855660200119,0.9843975901603699,1.0,6.858528137207031
220,1,13,2.6589369773864746,0.6589370965957642,0.9841973185539246,1.0,6.687651634216309
220,1,14,2.6051406860351562,0.6051408052444458,0.9845163226127625,1.0,7.533210754394531
220,1,15,2.4108939170837402,0.4108940362930298,0.9848355054855347,1.0,6.886549472808838
220,1,16,2.574021339416504,0.5740213990211487,0.9836163520812988,1.0,6.865059852600098
220,1,17,2.5157108306884766,0.5157109498977661,0.9837929606437683,1.0,6.735448837280273
220,1,18,2.4220163822174072,0.42201629281044006,0.9839884638786316,1.0,7.100896835327148
220,1,19,2.5041332244873047,0.5041333436965942,0.9836885929107666,1.0,6.8050456047058105
220,2,0,-1.0096644163131714,-1.0096644163131714,0.01386315282434225,0.0,6.112078666687012
220,2,1,-1.187166690826416,-1.187166690826416,0.013994305394589901,0.0,6.055253028869629
220,2,2,-1.2136578559875488,-1.2136578559875488,0.013914549723267555,0.0,5.890200614929199
220,2,3,-1.097575068473816,-1.097575068473816,0.01369970478117466,0.0,6.436885833740234
220,2,4,-0.9227084517478943,-0.9227084517478943,0.013914628885686398,0.0,6.599435806274414
220,2,5,-1.3018635511398315,-1.3018635511398315,0.013990978710353374,0.0,5.6197991371154785
220,2,6,-1.0054402351379395,-1.0054402351379395,0.013844925910234451,0.0,5.9337029457092285
220,2,7,-1.116597056388855,-1.116597056388855,0.013661910779774189,0.0,6.091235160827637
220,2,8,-1.295302152633667,-1.295302152633667,0.01340398844331503,0.0,5.346457004547119
220,2,9,-1.2643481492996216,-1.2643481492996216,0.013434800319373608,0.0,5.646126747131348
220,2,10,-1.4214462041854858,-1.4214462041854858,0.013536030426621437,0.0,5.908609867095947
220,2,11,-1.182661533355713,-1.182661533355713,0.013709359802305698,0.0,5.815474987030029
220,2,12,-1.1449748277664185,-1.1449748277664185,0.013855136930942535,0.0,5.799504280090332
220,2,13,-1.3775323629379272,-1.3775323629379272,0.01361075509339571,0.0,5.439571857452393
220,2,14,-1.294641375541687,-1.294641375541687,0.013933916576206684,0.0,5.702346324920654
220,2,15,-1.0717052221298218,-1.0717052221298218,0.014009791426360607,0.0,5.708440780639648
220,2,16,-0.9256460070610046,-0.9256460070610046,0.014207893051207066,0.0,5.71992301940918
220,2,17,-1.1393309831619263,-1.1393309831619263,0.013725031167268753,0.0,5.558877944946289
220,2,18,-1.2566746473312378,-1.2566746473312378,0.013544325716793537,0.0,5.4641571044921875
220,2,19,-1.2596930265426636,-1.2596930265426636,0.013352202251553535,0.0,6.077299118041992
220,3,0,0.13317185640335083,0.13317185640335083,0.013677739538252354,0.0,5.584368705749512
220,3,1,0.325577974319458,0.325577974319458,0.013694880530238152,0.0,5.469674587249756
220,3,2,0.22969983518123627,0.22969983518123627,0.013340666890144348,0.0,5.418822288513184
220,3,3,0.3099607527256012,0.3099607527256012,0.01356898806989193,0.0,5.11175012588501
220,3,4,0.3465065658092499,0.3465065658092499,0.01414699200540781,0.0,5.4626264572143555
220,3,5,0.4387015104293823,0.4387015104293823,0.01366462279111147,0.0,5.381021499633789
220,3,6,0.31793832778930664,0.31793832778930664,0.01362734567373991,0.0,5.371927738189697
220,3,7,0.3752266764640808,0.3752266764640808,0.013758888468146324,0.0,5.941096782684326
220,3,8,0.15807388722896576,0.15807388722896576,0.013495305553078651,0.0,5.479134559631348
220,3,9,0.29692354798316956,0.29692354798316956,0.013631449081003666,0.0,5.283274173736572
220,3,10,0.33850347995758057,0.33850347995758057,0.013877286575734615,0.0,5.665069580078125
220,3,11,0.3082510828971863,0.3082510828971863,0.013661743141710758,0.0,4.936403274536133
220,3,12,0.18316200375556946,0.18316200375556946,0.013873313553631306,0.0,5.2255539894104
220,3,13,0.3204926550388336,0.3204926550388336,0.01355133019387722,0.0,5.760608673095703
220,3,14,0.3545452952384949,0.3545452952384949,0.013770493678748608,0.0,5.2102203369140625
220,3,15,0.284768283367157,0.284768283367157,0.013609078712761402,0.0,5.394263744354248
220,3,16,0.18522284924983978,0.18522284924983978,0.013712706975638866,0.0,5.190715789794922
220,3,17,0.3202551007270813,0.3202551007270813,0.013956787064671516,0.0,5.630487442016602
220,3,18,0.4721231758594513,0.4721231758594513,0.013428696431219578,0.0,5.115760803222656
220,3,19,0.2691739797592163,0.2691739797592163,0.013504335656762123,0.0,5.387170791625977
220,4,0,0.35202398896217346,0.35202398896217346,0.015331600792706013,0.0,5.752138137817383
220,4,1,0.30056631565093994,0.30056631565093994,0.014159991405904293,0.0,6.016345500946045
220,4,2,0.22904163599014282,0.22904163599014282,0.014166112057864666,0.0,6.1496405601501465
220,4,3,0.22226901352405548,0.22226901352405548,0.014915567822754383,0.0,6.434580326080322
220,4,4,0.37679147720336914,0.37679147720336914,0.015420974232256413,0.0,6.800136566162109
220,4,5,0.001296119298785925,0.001296119298785925,0.01489709597080946,0.0,5.3736114501953125
220,4,6,0.37313342094421387,0.37313342094421387,0.014327909797430038,0.0,6.156359672546387
220,4,7,0.23487892746925354,0.23487892746925354,0.015460439957678318,0.0,5.946624279022217
220,4,8,0.12746770679950714,0.12746770679950714,0.01440366543829441,0.0,6.115196228027344
220,4,9,0.3332456946372986,0.3332456946372986,0.015862248837947845,0.0,6.52171516418457
220,4,10,0.31416112184524536,0.31416112184524536,0.014976713806390762,0.0,6.292304992675781
220,4,11,0.07767435163259506,0.07767435163259506,0.015307977795600891,0.0,6.183872222900391
220,4,12,0.262746661901474,0.262746661901474,0.014364292845129967,0.0,6.166525363922119
220,4,13,0.19839951395988464,0.19839951395988464,0.014710413292050362,0.0,5.969587326049805
220,4,14,0.30996447801589966,0.30996447801589966,0.014895598404109478,0.0,6.095559120178223
220,4,15,0.4443880319595337,0.4443880319595337,0.015517138876020908,0.0,6.439011573791504
220,4,16,0.48806315660476685,0.48806315660476685,0.015034196898341179,0.0,6.042926788330078
220,4,17,0.4178103506565094,0.4178103506565094,0.015107381157577038,0.0,6.319251537322998
220,4,18,0.35367241501808167,0.35367241501808167,0.015240889973938465,0.0,5.727016448974609
220,4,19,0.18828141689300537,0.18828141689300537,0.014935420826077461,0.0,5.611876487731934
200,0,0,0.7966746091842651,0.7966746091842651,0.012413188815116882,0.0,5.347460746765137
200,0,1,0.8096392750740051,0.8096392750740051,0.012903730385005474,0.0,5.055251598358154
200,0,2,0.7786237001419067,0.7786237001419067,0.012275063432753086,0.0,5.4012451171875
200,0,3,0.6747113466262817,0.6747113466262817,0.012185760773718357,0.0,5.011151313781738
200,0,4,0.796664834022522,0.796664834022522,0.01261925045400858,0.0,5.574185371398926
200,0,5,0.8438382148742676,0.8438382148742676,0.012814879417419434,0.0,5.075910568237305
200,0,6,0.7676010131835938,0.7676010131835938,0.012602203525602818,0.0,4.904218673706055
200,0,7,0.847474217414856,0.847474217414856,0.012620504014194012,0.0,5.199343681335449
200,0,8,0.8567888736724854,0.8567888736724854,0.012337262742221355,0.0,5.758478164672852
200,0,9,0.9884085655212402,0.9884085655212402,0.012549255974590778,0.0,5.402172088623047
200,0,10,0.8269320726394653,0.8269320726394653,0.012431124225258827,0.0,5.343071937561035
200,0,11,0.761078417301178,0.761078417301178,0.012292440049350262,0.0,5.393035888671875
200,0,12,0.8665744662284851,0.8665744662284851,0.012350225821137428,0.0,5.055665016174316
200,0,13,0.6975604295730591,0.6975604295730591,0.0124893169850111,0.0,5.1843109130859375
200,0,14,0.7537685632705688,0.7537685632705688,0.012414766475558281,0.0,5.087680816650391
200,0,15,0.7679686546325684,0.7679686546325684,0.012773275375366211,0.0,4.992892742156982
200,0,16,0.7073845863342285,0.7073845863342285,0.012593923136591911,0.0,5.366830825805664
200,0,17,0.9366248250007629,0.9366248250007629,0.012477182783186436,0.0,5.455284595489502
200,0,18,0.593757688999176,0.593757688999176,0.012774862349033356,0.0,5.248799800872803
200,0,19,0.765725314617157,0.765725314617157,0.01258170697838068,0.0,5.019472122192383
200,1,0,2.427570104598999,0.4275701642036438,0.9843064546585083,1.0,6.822444438934326
200,1,1,2.584979772567749,0.5849797129631042,0.9838747978210449,1.0,6.690504550933838
200,1,2,2.565992832183838,0.5659929513931274,0.9845757484436035,1.0,6.9513068199157715
200,1,3,2.514292001724243,0.5142919421195984,0.9840918779373169,1.0,6.86070442199707
200,1,4,2.6073038578033447,0.6073038578033447,0.9841465353965759,1.0,7.031374931335449
200,1,5,2.5207948684692383,0.5207948088645935,0.984526515007019,1.0,7.200677871704102
200,1,6,2.4028737545013428,0.40287381410598755,0.9836754202842712,1.0,7.043222427368164
200,1,7,2.553224802017212,0.5532248020172119,0.983119785785675,1.0,6.8797149658203125
200,1,8,2.4691693782806396,0.46916937828063965,0.983863353729248,1.0,6.483099460601807
200,1,9,2.540907382965088,0.5409074425697327,0.9842661619186401,1.0,6.595003128051758
200,1,10,2.723416566848755,0.7234165072441101,0.9846062660217285,1.0,6.749586582183838
200,1,11,2.6414315700531006,0.6414316296577454,0.9841687679290771,1.0,6.969422340393066
200,1,12,2.750276565551758,0.750276505947113,0.9840824604034424,1.0,6.910579681396484
200,1,13,2.4161367416381836,0.41613665223121643,0.983770489692688,1.0,6.885200023651123
200,1,14,2.470609188079834,0.47060921788215637,0.9831536412239075,1.0,6.180490016937256
200,1,15,2.339451313018799,0.3394511938095093,0.9828624129295349,1.0,7.1950764656066895
200,1,16,2.6232237815856934,0.6232239007949829,0.9833682179450989,1.0,6.451318740844727
200,1,17,2.4434714317321777,0.4434714913368225,0.984261155128479,1.0,6.620865821838379
200,1,18,2.533909320831299,0.5339093804359436,0.9829429388046265,1.0,7.1678361892700195
200,1,19,2.648634910583496,0.6486349105834961,0.9841834306716919,1.0,6.937853813171387
200,2,0,-1.0880043506622314,-1.0880043506622314,0.013621565885841846,0.0,5.566088676452637
200,2,1,-1.0770885944366455,-1.0770885944366455,0.01376691460609436,0.0,6.129270553588867
200,2,2,-1.086695909500122,-1.086695909500122,0.013856999576091766,0.0,5.605243682861328
200,2,3,-1.3796420097351074,-1.3796420097351074,0.013694577850401402,0.0,6.132992744445801
200,2,4,-1.1064213514328003,-1.1064213514328003,0.01359244529157877,0.0,6.2124457359313965
200,2,5,-0.9215296506881714,-0.9215296506881714,0.013946623541414738,0.0,6.089838027954102
200,2,6,-1.5298051834106445,-1.5298051834106445,0.014103922061622143,0.0,5.966241836547852
200,2,7,-0.9749369025230408,-0.9749369025230408,0.013934374786913395,0.0,5.935614585876465
200,2,8,-1.476369857788086,-1.476369857788086,0.013648602180182934,0.0,5.777378082275391
200,2,9,-1.2214219570159912,-1.2214219570159912,0.014145394787192345,0.0,5.761209487915039
200,2,10,-1.0821069478988647,-1.0821069478988647,0.013721616007387638,0.0,6.141859531402588
200,2,11,-1.2358191013336182,-1.2358191013336182,0.014143427833914757,0.0,5.68287992477417
200,2,12,-1.058214545249939,-1.058214545249939,0.014103776775300503,0.0,5.968556880950928
200,2,13,-1.0877119302749634,-1.0877119302749634,0.013718970119953156,0.0,6.194082260131836
200,2,14,-1.1652638912200928,-1.1652638912200928,0.01396533939987421,0.0,5.682900428771973
200,2,15,-1.229999303817749,-1.229999303817749,0.013648038730025291,0.0,5.971013069152832
200,2,16,-1.226446270942688,-1.226446270942688,0.013447005301713943,0.0,5.920794486999512
200,2,17,-1.2259941101074219,-1.2259941101074219,0.014053487218916416,0.0,5.672823905944824
200,2,18,-1.130466103553772,-1.130466103553772,0.013840602710843086,0.0,6.231100082397461
200,2,19,-1.1284641027450562,-1.1284641027450562,0.013633398339152336,0.0,5.954832553863525
200,3,0,0.34015795588493347,0.34015795588493347,0.013309828005731106,0.0,5.635425567626953
200,3,1,0.42480790615081787,0.42480790615081787,0.01386559009552002,0.0,5.486483573913574
200,3,2,0.23693904280662537,0.23693904280662537,0.013753323815762997,0.0,5.037685394287109
200,3,3,0.4732401371002197,0.4732401371002197,0.013645214028656483,0.0,5.777352333068848
200,3,4,0.11592599749565125,0.11592599749565125,0.013635411858558655,0.0,5.474597930908203
200,3,5,0.5320962071418762,0.5320962071418762,0.01359185017645359,0.0,5.112360954284668
200,3,6,0.2740035653114319,0.2740035653114319,0.01353189442306757,0.0,5.619417190551758
200,3,7,0.3995944857597351,0.3995944857597351,0.01371067576110363,0.0,5.722901344299316
200,3,8,0.33233675360679626,0.33233675360679626,0.013561555184423923,0.0,5.480907917022705
200,3,9,0.25483596324920654,0.25483596324920654,0.014006719924509525,0.0,5.131914138793945
200,3,10,0.24004530906677246,0.24004530906677246,0.013543050736188889,0.0,5.67690372467041
200,3,11,0.24334734678268433,0.24334734678268433,0.013400399126112461,0.0,6.214328765869141
200,3,12,0.1496853530406952,0.1496853530406952,0.013385038822889328,0.0,5.421628475189209
200,3,13,0.2764344811439514,0.2764344811439514,0.013078887946903706,0.0,6.107709884643555
200,3,14,0.3473987877368927,0.3473987877368927,0.013778908178210258,0.0,4.859487533569336
200,3,15,0.39057010412216187,0.39057010412216187,0.013432866893708706,0.0,5.445903778076172
200,3,16,0.34232401847839355,0.34232401847839355,0.013385805301368237,0.0,4.986135959625244
200,3,17,0.12354683130979538,0.12354683130979538,0.013499660417437553,0.0,5.256529808044434
200,3,18,0.3778811991214752,0.3778811991214752,0.01332311611622572,0.0,5.780156135559082
200,3,19,0.3591867685317993,0.3591867685317993,0.013310090638697147,0.0,5.749415397644043
200,4,0,0.2611428201198578,0.2611428201198578,0.01586393266916275,0.0,5.890908241271973
200,4,1,0.30297890305519104,0.30297890305519104,0.014494734816253185,0.0,5.6581244468688965
200,4,2,0.42557209730148315,0.42557209730148315,0.014902961440384388,0.0,6.270820617675781
200,4,3,0.32184863090515137,0.32184863090515137,0.014460746198892593,0.0,5.90230131149292
200,4,4,0.1501561999320984,0.1501561999320984,0.015195141546428204,0.0,5.6238508224487305
200,4,5,0.19887344539165497,0.19887344539165497,0.015427535399794579,0.0,6.113119125366211
200,4,6,0.21611911058425903,0.21611911058425903,0.01615103892982006,0.0,5.827775478363037
200,4,7,0.3258744478225708,0.3258744478225708,0.01657508872449398,0.0,6.388341903686523
200,4,8,0.12951156497001648,0.12951156497001648,0.015389179810881615,0.0,6.639601707458496
200,4,9,0.35788431763648987,0.35788431763648987,0.01499858032912016,0.0,6.078874111175537
200,4,10,0.20635953545570374,0.20635953545570374,0.015356368385255337,0.0,6.608243942260742
200,4,11,0.2814064621925354,0.2814064621925354,0.016217516735196114,0.0,6.263617515563965
200,4,12,0.42924848198890686,0.42924848198890686,0.014277076348662376,0.0,6.350325107574463
200,4,13,0.4144517779350281,0.4144517779350281,0.016766706481575966,0.0,6.140450477600098
200,4,14,0.1011786088347435,0.1011786088347435,0.01511354185640812,0.0,6.215892791748047
200,4,15,0.4211694896221161,0.4211694896221161,0.014695588499307632,0.0,5.936465740203857
200,4,16,0.6675094962120056,0.6675094962120056,0.014863125048577785,0.0,6.27875280380249
200,4,17,0.4313396215438843,0.4313396215438843,0.014603504911065102,0.0,5.723753929138184
200,4,18,0.2592087984085083,0.2592087984085083,0.014733956195414066,0.0,6.110496997833252
200,4,19,0.44340360164642334,0.44340360164642334,0.015328988432884216,0.0,6.132038116455078
180,0,0,0.6991274952888489,0.6991274952888489,0.012251392938196659,0.0,4.746949195861816
180,0,1,0.6812682151794434,0.6812682151794434,0.012571422383189201,0.0,5.218245506286621
180,0,2,0.7928125262260437,0.7928125262260437,0.012617153115570545,0.0,5.179067134857178
180,0,3,0.7373968362808228,0.7373968362808228,0.012605041265487671,0.0,5.13592004776001
180,0,4,0.7567248344421387,0.7567248344421387,0.012429683469235897,0.0,5.338387489318848
180,0,5,0.7806490659713745,0.7806490659713745,0.012612869963049889,0.0,5.27514123916626
180,0,6,0.8698049783706665,0.8698049783706665,0.012511706911027431,0.0,5.266811847686768
180,0,7,0.8520472049713135,0.8520472049713135,0.012153728865087032,0.0,5.168011665344238
180,0,8,1.021189570426941,1.021189570426941,0.012386729940772057,0.0,5.122304916381836
180,0,9,0.9344189167022705,0.9344189167022705,0.012397531419992447,0.0,5.294302940368652
180,0,10,0.7518686652183533,0.7518686652183533,0.012645532377064228,0.0,5.1160478591918945
180,0,11,0.9536464214324951,0.9536464214324951,0.012617199681699276,0.0,5.0966386795043945
180,0,12,0.8134693503379822,0.8134693503379822,0.012663726694881916,0.0,5.041181564331055
180,0,13,0.8690030574798584,0.8690030574798584,0.012436458840966225,0.0,5.030337810516357
180,0,14,0.6850802898406982,0.6850802898406982,0.012478253804147243,0.0,4.962458610534668
180,0,15,0.7343951463699341,0.7343951463699341,0.012446916662156582,0.0,5.195037841796875
180,0,16,0.9748349189758301,0.9748349189758301,0.01245866809040308,0.0,4.857248783111572
180,0,17,0.6702136993408203,0.6702136993408203,0.012369561940431595,0.0,5.099905967712402
180,0,18,0.8700740933418274,0.8700740933418274,0.01237223669886589,0.0,5.411264896392822
180,0,19,0.8345390558242798,0.8345390558242798,0.012624764814972878,0.0,5.142550468444824
180,1,0,2.5924975872039795,0.5924976468086243,0.9844772815704346,1.0,6.643277168273926
180,1,1,2.5692853927612305,0.5692853927612305,0.9838417768478394,1.0,7.020501136779785
180,1,2,2.3568687438964844,0.35686883330345154,0.9840573668479919,1.0,7.204340934753418
180,1,3,2.3569397926330566,0.3569399118423462,0.9848008155822754,1.0,7.337541580200195
180,1,4,2.639864921569824,0.639864981174469,0.9848262071609497,1.0,6.478314399719238
180,1,5,2.581266403198242,0.5812662839889526,0.984377920627594,1.0,6.601105690002441
180,1,6,2.5415730476379395,0.5415729284286499,0.9842404127120972,1.0,7.025520324707031
180,1,7,2.5065431594848633,0.5065430998802185,0.9828150868415833,1.0,6.746920585632324
180,1,8,2.624807834625244,0.6248079538345337,0.9848759770393372,1.0,6.570920467376709
180,1,9,2.5185208320617676,0.5185208320617676,0.9840729832649231,1.0,7.2171630859375
180,1,10,2.4939396381378174,0.49393969774246216,0.9845641851425171,1.0,6.972308158874512
180,1,11,2.618931293487549,0.618931233882904,0.9839135408401489,1.0,6.6262736320495605
180,1,12,2.5872466564178467,0.5872465968132019,0.98423832654953,1.0,6.390287399291992
180,1,13,2.5811212062835693,0.5811211466789246,0.9836040139198303,1.0,6.842473983764648
180,1,14,2.65407657623291,0.6540766954421997,0.9844904541969299,1.0,7.384754180908203
180,1,15,2.556992769241333,0.5569928288459778,0.9850926995277405,1.0,6.969405174255371
180,1,16,2.56813907623291,0.5681390762329102,0.983986496925354,1.0,7.134536266326904
180,1,17,2.514835834503174,0.5148358345031738,0.9842847585678101,1.0,7.421545028686523
180,1,18,2.534928798675537,0.5349288582801819,0.9841614961624146,1.0,6.778896331787109
180,1,19,2.545612096786499,0.545612096786499,0.984939455986023,1.0,7.199967861175537
180,2,0,-1.0918413400650024,-1.0918413400650024,0.013511749915778637,0.0,5.6048736572265625
180,2,1,-1.110038161277771,-1.110038161277771,0.013629436492919922,0.0,5.688014984130859
180,2,2,-1.2942262887954712,-1.2942262887954712,0.014324825257062912,0.0,6.079458713531494
180,2,3,-1.4006375074386597,-1.4006375074386597,0.013775980100035667,0.0,5.9091596603393555
180,2,4,-1.2259163856506348,-1.2259163856506348,0.013869980350136757,0.0,6.050258636474609
180,2,5,-1.4710135459899902,-1.4710135459899902,0.013855215162038803,0.0,5.833869934082031
180,2,6,-0.8800731897354126,-0.8800731897354126,0.013543132692575455,0.0,5.603297233581543
180,2,7,-1.0877217054367065,-1.0877217054367065,0.013890624046325684,0.0,5.893162250518799
180,2,8,-1.149699091911316,-1.149699091911316,0.013759082183241844,0.0,6.272035598754883
180,2,9,-1.25095796585083,-1.25095796585083,0.013215519487857819,0.0,5.825471878051758
180,2,10,-1.2220041751861572,-1.2220041751861572,0.013388571329414845,0.0,5.686155319213867
180,2,11,-1.0182174444198608,-1.0182174444198608,0.01386355608701706,0.0,6.105486869812012
180,2,12,-1.20010244846344,-1.20010244846344,0.013539127074182034,0.0,5.994112014770508
180,2,13,-1.2551169395446777,-1.2551169395446777,0.013958794996142387,0.0,5.582740783691406
180,2,14,-1.275835633277893,-1.275835633277893,0.013967723585665226,0.0,5.955560684204102
180,2,15,-1.2686961889266968,-1.2686961889266968,0.01355823315680027,0.0,5.744694709777832
180,2,16,-1.2013260126113892,-1.2013260126113892,0.013859241269528866,0.0,5.945105075836182
180,2,17,-1.1174341440200806,-1.1174341440200806,0.013584533706307411,0.0,5.445749759674072
180,2,18,-1.1528997421264648,-1.1528997421264648,0.013594811782240868,0.0,5.941493034362793
180,2,19,-1.1309194564819336,-1.1309194564819336,0.013684804551303387,0.0,5.617546081542969
180,3,0,0.25043630599975586,0.25043630599975586,0.013385339640080929,0.0,5.6425251960754395
180,3,1,0.31504249572753906,0.31504249572753906,0.013567712157964706,0.0,5.047179222106934
180,3,2,0.39950641989707947,0.39950641989707947,0.013146566227078438,0.0,5.622802734375
180,3,3,0.47498592734336853,0.47498592734336853,0.0139742661267519,0.0,5.157092571258545
180,3,4,0.5474833250045776,0.5474833250045776,0.01374648418277502,0.0,5.508273124694824
180,3,5,0.6782885193824768,0.6782885193824768,0.013788878917694092,0.0,5.095431327819824
180,3,6,0.3021150529384613,0.3021150529384613,0.013822181150317192,0.0,5.642612934112549
180,3,7,0.20530301332473755,0.20530301332473755,0.013325875625014305,0.0,5.885002136230469
180,3,8,0.23228102922439575,0.23228102922439575,0.01381625048816204,0.0,5.516091346740723
180,3,9,0.3894573152065277,0.3894573152065277,0.013647596351802349,0.0,5.436518669128418
180,3,10,0.3413095772266388,0.3413095772266388,0.013352924957871437,0.0,5.251955509185791
180,3,11,0.3182213306427002,0.3182213306427002,0.013465817086398602,0.0,5.40866231918335
180,3,12,0.22800886631011963,0.22800886631011963,0.013478112407028675,0.0,5.398593902587891
180,3,13,0.5043238997459412,0.5043238997459412,0.013040764257311821,0.0,5.191773414611816
180,3,14,0.37591850757598877,0.37591850757598877,0.013444156385958195,0.0,5.123659133911133
180,3,15,0.28762009739875793,0.28762009739875793,0.013529645279049873,0.0,5.1533522605896
180,3,16,0.33507516980171204,0.33507516980171204,0.013671526685357094,0.0,5.424927711486816
180,3,17,0.4410526156425476,0.4410526156425476,0.013719931244850159,0.0,5.565282821655273
180,3,18,0.24916419386863708,0.24916419386863708,0.01380600780248642,0.0,5.673808574676514
180,3,19,0.33732113242149353,0.33732113242149353,0.013572690077126026,0.0,5.509881973266602
180,4,0,0.14189891517162323,0.14189891517162323,0.014449672773480415,0.0,6.402762413024902
180,4,1,0.02315286360681057,0.02315286360681057,0.014939142391085625,0.0,6.592219352722168
180,4,2,0.14458796381950378,0.14458796381950378,0.014849537052214146,0.0,6.462549209594727
180,4,3,0.4080802798271179,0.4080802798271179,0.014631673693656921,0.0,5.881847381591797
180,4,4,-0.07982967048883438,-0.07982967048883438,0.014847898855805397,0.0,6.185743808746338
180,4,5,0.2089540809392929,0.2089540809392929,0.014644527807831764,0.0,6.1745147705078125
180,4,6,0.11994270980358124,0.11994270980358124,0.015314212068915367,0.0,6.086594581604004
180,4,7,0.15899354219436646,0.15899354219436646,0.015576926060020924,0.0,6.148021697998047
180,4,8,0.39878302812576294,0.39878302812576294,0.015237407758831978,0.0,6.740898132324219
180,4,9,0.3652547001838684,0.3652547001838684,0.015326636843383312,0.0,6.051851749420166
180,4,10,0.4518199563026428,0.4518199563026428,0.015470067039132118,0.0,5.860684394836426
180,4,11,0.23889438807964325,0.23889438807964325,0.015348699875175953,0.0,6.233184814453125
180,4,12,0.20635847747325897,0.20635847747325897,0.01465566549450159,0.0,6.090656280517578
180,4,13,0.2955562472343445,0.2955562472343445,0.01523174811154604,0.0,6.123536109924316
180,4,14,0.09036244451999664,0.09036244451999664,0.014485039748251438,0.0,6.337795257568359
180,4,15,0.3838271200656891,0.3838271200656891,0.014760686084628105,0.0,6.3637824058532715
180,4,16,0.32847195863723755,0.32847195863723755,0.014094529673457146,0.0,6.234321594238281
180,4,17,0.31006261706352234,0.31006261706352234,0.014588418416678905,0.0,6.150254249572754
180,4,18,0.24602392315864563,0.24602392315864563,0.01511046290397644,0.0,6.00253963470459
180,4,19,0.22698231041431427,0.22698231041431427,0.015550903044641018,0.0,6.113748550415039
160,0,0,0.7887065410614014,0.7887065410614014,0.012466520071029663,0.0,4.79601526260376
160,0,1,0.6718605160713196,0.6718605160713196,0.012442005798220634,0.0,5.55147123336792
160,0,2,0.8579810261726379,0.8579810261726379,0.012381801381707191,0.0,4.715313911437988
160,0,3,0.6943742036819458,0.6943742036819458,0.012663465924561024,0.0,5.211310863494873
160,0,4,0.8901685476303101,0.8901685476303101,0.012560098432004452,0.0,5.384415149688721
160,0,5,0.5623152256011963,0.5623152256011963,0.012585695832967758,0.0,5.6006317138671875
160,0,6,0.8555101156234741,0.8555101156234741,0.012624461203813553,0.0,5.105111598968506
160,0,7,1.0040473937988281,1.0040473937988281,0.012300095520913601,0.0,5.510887145996094
160,0,8,0.8181427121162415,0.8181427121162415,0.012579202651977539,0.0,5.307395935058594
160,0,9,0.7633991837501526,0.7633991837501526,0.012626958079636097,0.0,4.989402770996094
160,0,10,1.0272318124771118,1.0272318124771118,0.012365985661745071,0.0,5.184375286102295
160,0,11,0.9737769365310669,0.9737769365310669,0.01243378221988678,0.0,5.024940490722656
160,0,12,0.9757165312767029,0.9757165312767029,0.012372126802802086,0.0,5.194796085357666
160,0,13,0.7952186465263367,0.7952186465263367,0.012347282841801643,0.0,5.25114107131958
160,0,14,0.7566028237342834,0.7566028237342834,0.012480229139328003,0.0,5.25422477722168
160,0,15,0.8888883590698242,0.8888883590698242,0.012514748610556126,0.0,5.086422920227051
160,0,16,0.748569905757904,0.748569905757904,0.012690679170191288,0.0,4.88893985748291
160,0,17,0.6773890256881714,0.6773890256881714,0.01240936666727066,0.0,5.208892822265625
160,0,18,0.7704535722732544,0.7704535722732544,0.012520171701908112,0.0,5.507134914398193
160,0,19,0.7497074604034424,0.7497074604034424,0.012843243777751923,0.0,5.420862197875977
160,1,0,2.498194694519043,0.49819469451904297,0.9838275909423828,1.0,7.00882625579834
160,1,1,2.4057116508483887,0.40571174025535583,0.9840896129608154,1.0,7.417479038238525
160,1,2,2.321600914001465,0.32160094380378723,0.9842367172241211,1.0,6.792750358581543
160,1,3,2.470865249633789,0.4708653390407562,0.9838979840278625,1.0,7.100719451904297
160,1,4,2.5339436531066895,0.5339436531066895,0.9848229885101318,1.0,6.496550559997559
160,1,5,2.469961643218994,0.4699615240097046,0.9832769632339478,1.0,6.5163469314575195
160,1,6,2.502932071685791,0.5029319524765015,0.9845455884933472,1.0,7.343099594116211
160,1,7,2.417318105697632,0.41731807589530945,0.9834057092666626,1.0,7.114302635192871
160,1,8,2.5073752403259277,0.5073752403259277,0.9843916893005371,1.0,6.700958728790283
160,1,9,2.476397752761841,0.476397842168808,0.9842261672019958,1.0,6.5944929122924805
160,1,10,2.6425554752349854,0.6425555348396301,0.9846973419189453,1.0,7.218681335449219
160,1,11,2.62917160987854,0.6291715502738953,0.9843131303787231,1.0,6.631378173828125
160,1,12,2.531172513961792,0.531172513961792,0.9849272966384888,1.0,7.068119525909424
160,1,13,2.486144542694092,0.48614466190338135,0.9846618175506592,1.0,7.263016700744629
160,1,14,2.55016827583313,0.5501683354377747,0.9837964177131653,1.0,7.092219829559326
160,1,15,2.505124568939209,0.5051246881484985,0.9837968945503235,1.0,6.968535900115967
160,1,16,2.522219181060791,0.522219181060791,0.9837347269058228,1.0,6.93842077255249
160,1,17,2.5170254707336426,0.517025351524353,0.9848255515098572,1.0,6.89875602722168
160,1,18,2.569040298461914,0.5690403580665588,0.9836816787719727,1.0,6.896589279174805
160,1,19,2.6126980781555176,0.6126981377601624,0.9838175773620605,1.0,6.5939836502075195
160,2,0,-1.173284888267517,-1.173284888267517,0.01402732077986002,0.0,5.56837272644043
160,2,1,-1.1891086101531982,-1.1891086101531982,0.014042524620890617,0.0,5.400842666625977
160,2,2,-1.0943619012832642,-1.0943619012832642,0.013981606811285019,0.0,5.51252555847168
160,2,3,-1.210792899131775,-1.210792899131775,0.013225683942437172,0.0,5.912454605102539
160,2,4,-1.1557060480117798,-1.1557060480117798,0.01403983123600483,0.0,5.870766639709473
160,2,5,-1.3342103958129883,-1.3342103958129883,0.014041376300156116,0.0,5.532995223999023
160,2,6,-1.3324507474899292,-1.3324507474899292,0.013961170800030231,0.0,5.528562545776367
160,2,7,-1.0995616912841797,-1.0995616912841797,0.013313492760062218,0.0,5.954774856567383
160,2,8,-1.2005788087844849,-1.2005788087844849,0.013984611257910728,0.0,6.1316423416137695
160,2,9,-1.2877237796783447,-1.2877237796783447,0.013927745632827282,0.0,5.893214225769043
160,2,10,-1.2350120544433594,-1.2350120544433594,0.013429309241473675,0.0,5.926357269287109
160,2,11,-1.2006312608718872,-1.2006312608718872,0.013765969313681126,0.0,5.9027228355407715
160,2,12,-1.218729853630066,-1.218729853630066,0.013527636416256428,0.0,6.171396732330322
160,2,13,-1.0658304691314697,-1.0658304691314697,0.013538401573896408,0.0,5.9726948738098145
160,2,14,-1.1744378805160522,-1.1744378805160522,0.013873260468244553,0.0,5.896059036254883
160,2,15,-1.2734146118164062,-1.2734146118164062,0.01349907647818327,0.0,5.799096584320068
160,2,16,-1.1341469287872314,-1.1341469287872314,0.013746999204158783,0.0,5.745111465454102
160,2,17,-1.110957384109497,-1.110957384109497,0.013518267311155796,0.0,5.984574317932129
160,2,18,-1.3313629627227783,-1.3313629627227783,0.013710690662264824,0.0,6.01645565032959
160,2,19,-1.296839952468872,-1.296839952468872,0.014028871431946754,0.0,5.8796257972717285
160,3,0,0.3835970461368561,0.3835970461368561,0.013480434194207191,0.0,5.5221076011657715
160,3,1,0.3506549596786499,0.3506549596786499,0.01384203415364027,0.0,5.414527893066406
160,3,2,0.32194557785987854,0.32194557785987854,0.013505580835044384,0.0,5.354944705963135
160,3,3,0.3987133502960205,0.3987133502960205,0.013538762927055359,0.0,5.337579727172852
160,3,4,0.24891091883182526,0.24891091883182526,0.013337521813809872,0.0,5.784701347351074
160,3,5,0.48358312249183655,0.48358312249183655,0.01380996871739626,0.0,5.319119453430176
160,3,6,0.6231517195701599,0.6231517195701599,0.013804839923977852,0.0,5.585806369781494
160,3,7,0.35498467087745667,0.35498467087745667,0.013661248609423637,0.0,5.419720649719238
160,3,8,0.4260241985321045,0.4260241985321045,0.01381868589669466,0.0,5.00010871887207
160,3,9,0.3406868577003479,0.3406868577003479,0.013712089508771896,0.0,5.387615203857422
160,3,10,0.32138943672180176,0.32138943672180176,0.013640554621815681,0.0,5.400546073913574
160,3,11,0.4602053761482239,0.4602053761482239,0.013263111934065819,0.0,5.297915458679199
160,3,12,0.26334676146507263,0.26334676146507263,0.014520778320729733,0.0,5.292301177978516
160,3,13,0.13736487925052643,0.13736487925052643,0.013480027206242085,0.0,4.87113618850708
160,3,14,0.25853976607322693,0.25853976607322693,0.013500804081559181,0.0,5.240095615386963
160,3,15,0.41167107224464417,0.41167107224464417,0.013731718994677067,0.0,5.278285026550293
160,3,16,0.48972731828689575,0.48972731828689575,0.01320791058242321,0.0,5.224431037902832
160,3,17,0.45088979601860046,0.45088979601860046,0.013359463773667812,0.0,5.579675197601318
160,3,18,0.30959537625312805,0.30959537625312805,0.013522356748580933,0.0,5.239651203155518
160,3,19,0.20971634984016418,0.20971634984016418,0.013615903444588184,0.0,6.013835906982422
160,4,0,0.1343192607164383,0.1343192607164383,0.015013689175248146,0.0,5.861708641052246
160,4,1,0.3913031220436096,0.3913031220436096,0.014833536930382252,0.0,6.355565071105957
160,4,2,0.3365947902202606,0.3365947902202606,0.015050344169139862,0.0,6.3021955490112305
160,4,3,0.16177396476268768,0.16177396476268768,0.014582125470042229,0.0,5.99198055267334
160,4,4,0.18224722146987915,0.18224722146987915,0.015106474980711937,0.0,6.121792793273926
160,4,5,0.17221704125404358,0.17221704125404358,0.014650240540504456,0.0,6.2384538650512695
160,4,6,0.5226548910140991,0.5226548910140991,0.014783059246838093,0.0,6.106259346008301
160,4,7,0.5204176902770996,0.5204176902770996,0.015474613755941391,0.0,6.5042924880981445
160,4,8,0.06616296619176865,0.06616296619176865,0.015220213681459427,0.0,5.816869735717773
160,4,9,0.28228050470352173,0.28228050470352173,0.014336188323795795,0.0,6.329087734222412
160,4,10,0.34786146879196167,0.34786146879196167,0.015017992816865444,0.0,6.22487211227417
160,4,11,0.07379548996686935,0.07379548996686935,0.015356744639575481,0.0,6.216742515563965
160,4,12,0.36166784167289734,0.36166784167289734,0.014842096716165543,0.0,6.298354148864746
160,4,13,0.4578377604484558,0.4578377604484558,0.014586169272661209,0.0,6.245920181274414
160,4,14,0.31351858377456665,0.31351858377456665,0.014751148410141468,0.0,6.782753944396973
160,4,15,0.43418002128601074,0.43418002128601074,0.015511168166995049,0.0,6.170456886291504
160,4,16,0.33764344453811646,0.33764344453811646,0.014427036046981812,0.0,5.947875499725342
160,4,17,0.18060119450092316,0.18060119450092316,0.015349838882684708,0.0,5.427009582519531
160,4,18,0.09336569905281067,0.09336569905281067,0.016107739880681038,0.0,6.113078594207764
160,4,19,0.18812166154384613,0.18812166154384613,0.01529079582542181,0.0,6.090512275695801
140,0,0,0.9039643406867981,0.9039643406867981,0.012431838549673557,0.0,5.739550590515137
140,0,1,0.6951598525047302,0.6951598525047302,0.012362958863377571,0.0,5.252747058868408
140,0,2,0.8325238823890686,0.8325238823890686,0.012649129144847393,0.0,5.127297401428223
140,0,3,1.0326439142227173,1.0326439142227173,0.012676742859184742,0.0,5.193115234375
140,0,4,0.7305973172187805,0.7305973172187805,0.012332823127508163,0.0,5.361198902130127
140,0,5,0.8664804100990295,0.8664804100990295,0.012446575798094273,0.0,4.732390880584717
140,0,6,0.7343874573707581,0.7343874573707581,0.012495964765548706,0.0,5.217740058898926
140,0,7,0.8709473013877869,0.8709473013877869,0.012393609620630741,0.0,5.5191497802734375
140,0,8,1.074713110923767,1.074713110923767,0.012483439408242702,0.0,5.629176139831543
140,0,9,0.9179659485816956,0.9179659485816956,0.012564795091748238,0.0,5.252850532531738
140,0,10,0.92258220911026,0.92258220911026,0.012483801692724228,0.0,5.553778648376465
140,0,11,0.6886168718338013,0.6886168718338013,0.012391170486807823,0.0,5.078023910522461
140,0,12,0.865854799747467,0.865854799747467,0.012438204139471054,0.0,5.441524982452393
140,0,13,0.7927626967430115,0.7927626967430115,0.012500765733420849,0.0,5.3171491622924805
140,0,14,0.753571093082428,0.753571093082428,0.012416274286806583,0.0,5.14151668548584
140,0,15,0.8930027484893799,0.8930027484893799,0.01261519268155098,0.0,5.331027984619141
140,0,16,0.7965000867843628,0.7965000867843628,0.012224762700498104,0.0,5.309750556945801
140,0,17,0.8119980096817017,0.8119980096817017,0.012400590814650059,0.0,5.131272315979004
140,0,18,0.8683223128318787,0.8683223128318787,0.012700463645160198,0.0,5.203266620635986
140,0,19,0.8006181120872498,0.8006181120872498,0.012610359117388725,0.0,5.270014762878418
140,1,0,2.476114273071289,0.4761141836643219,0.9835454225540161,1.0,7.379570007324219
140,1,1,2.515160083770752,0.5151600241661072,0.9845402836799622,1.0,7.175543785095215
140,1,2,2.4063405990600586,0.40634047985076904,0.9848043918609619,1.0,6.664653778076172
140,1,3,2.639434814453125,0.6394347548484802,0.9835535287857056,1.0,6.626895427703857
140,1,4,2.5421769618988037,0.5421770215034485,0.9838311672210693,1.0,7.1436591148376465
140,1,5,2.4951038360595703,0.4951038658618927,0.9842760562896729,1.0,6.909228801727295
140,1,6,2.4666876792907715,0.4666876196861267,0.9837063550949097,1.0,6.651148319244385
140,1,7,2.4859728813171387,0.48597288131713867,0.9845832586288452,1.0,6.726739406585693
140,1,8,2.532149314880371,0.5321492552757263,0.9838354587554932,1.0,6.8358283042907715
140,1,9,2.570108652114868,0.5701085925102234,0.9847770929336548,1.0,7.1468825340271
140,1,10,2.411428689956665,0.41142863035202026,0.9846169948577881,1.0,6.221486568450928
140,1,11,2.5497608184814453,0.5497609376907349,0.9836422204971313,1.0,7.163311958312988
140,1,12,2.6192684173583984,0.619268536567688,0.984451174736023,1.0,6.755512237548828
140,1,13,2.4988317489624023,0.49883171916007996,0.9834569096565247,1.0,7.10246467590332
140,1,14,2.535277843475342,0.5352778434753418,0.9845860600471497,1.0,7.005227565765381
140,1,15,2.6185951232910156,0.6185951828956604,0.984091579914093,1.0,6.82555627822876
140,1,16,2.742332935333252,0.7423328757286072,0.9839720726013184,1.0,7.066017150878906
140,1,17,2.4875094890594482,0.4875095784664154,0.9841587543487549,1.0,7.017378330230713
140,1,18,2.6111972332000732,0.6111971735954285,0.9844446182250977,1.0,6.847239971160889
140,1,19,2.727590322494507,0.7275902628898621,0.9844455122947693,1.0,6.613406181335449
140,2,0,-1.40021550655365,-1.40021550655365,0.013556166552007198,0.0,5.8322367668151855
140,2,1,-1.1503430604934692,-1.1503430604934692,0.013411940075457096,0.0,6.024462699890137
140,2,2,-1.315218210220337,-1.315218210220337,0.013577135279774666,0.0,5.863117694854736
140,2,3,-1.1234833002090454,-1.1234833002090454,0.013898685574531555,0.0,5.656581401824951
140,2,4,-1.2217768430709839,-1.2217768430709839,0.013956327922642231,0.0,5.589137077331543
140,2,5,-1.1446319818496704,-1.1446319818496704,0.013570202514529228,0.0,6.440308570861816
140,2,6,-1.2498059272766113,-1.2498059272766113,0.013937808573246002,0.0,6.2280731201171875
140,2,7,-1.3597835302352905,-1.3597835302352905,0.013721229508519173,0.0,5.855329513549805
140,2,8,-1.2180660963058472,-1.2180660963058472,0.013884752988815308,0.0,5.46359920501709
140,2,9,-1.352002501487732,-1.352002501487732,0.013830394484102726,0.0,5.665158271789551
140,2,10,-1.2448500394821167,-1.2448500394821167,0.01384282112121582,0.0,6.324436187744141
140,2,11,-1.1929740905761719,-1.1929740905761719,0.013455863110721111,0.0,6.101490020751953
140,2,12,-1.0653764009475708,-1.0653764009475708,0.01378524862229824,0.0,5.998379230499268
140,2,13,-1.1849173307418823,-1.1849173307418823,0.013833756558597088,0.0,5.912664890289307
140,2,14,-1.3096014261245728,-1.3096014261245728,0.01405524555593729,0.0,5.801092147827148
140,2,15,-1.1667077541351318,-1.1667077541351318,0.013906877487897873,0.0,5.866437911987305
140,2,16,-1.0387965440750122,-1.0387965440750122,0.01397763006389141,0.0,5.5526838302612305
140,2,17,-1.1076101064682007,-1.1076101064682007,0.014119395054876804,0.0,6.177943229675293
140,2,18,-1.206243634223938,-1.206243634223938,0.013857325538992882,0.0,5.732815742492676
140,2,19,-1.250702977180481,-1.250702977180481,0.013507040217518806,0.0,6.018890380859375
140,3,0,0.45291176438331604,0.45291176438331604,0.013290059752762318,0.0,5.182835578918457
140,3,1,0.17832404375076294,0.17832404375076294,0.013669147156178951,0.0,5.128053665161133
140,3,2,0.4594780504703522,0.4594780504703522,0.013259007595479488,0.0,5.843704700469971
140,3,3,0.5264747738838196,0.5264747738838196,0.013788346201181412,0.0,5.517059326171875
140,3,4,0.40210023522377014,0.40210023522377014,0.013353872112929821,0.0,5.442743301391602
140,3,5,0.3922596573829651,0.3922596573829651,0.013623717240989208,0.0,5.279839992523193
140,3,6,0.3398672640323639,0.3398672640323639,0.013837582431733608,0.0,5.482378005981445
140,3,7,0.25064483284950256,0.25064483284950256,0.013501533307135105,0.0,5.7012434005737305
140,3,8,0.25586003065109253,0.25586003065109253,0.013720104470849037,0.0,5.742295265197754
140,3,9,0.5364875197410583,0.5364875197410583,0.013599044643342495,0.0,5.1399946212768555
140,3,10,0.3744142949581146,0.3744142949581146,0.013542323373258114,0.0,5.432847499847412
140,3,11,0.22974081337451935,0.22974081337451935,0.01347768772393465,0.0,5.445924758911133
140,3,12,0.3814525008201599,0.3814525008201599,0.013581158593297005,0.0,5.930418491363525
140,3,13,0.32108157873153687,0.32108157873153687,0.0137017285451293,0.0,5.802002906799316
140,3,14,0.35985904932022095,0.35985904932022095,0.01352764293551445,0.0,5.583714962005615
140,3,15,0.302461177110672,0.302461177110672,0.013572640717029572,0.0,5.439334869384766
140,3,16,0.21100033819675446,0.21100033819675446,0.013513420708477497,0.0,5.958728790283203
140,3,17,0.13191509246826172,0.13191509246826172,0.013355976901948452,0.0,5.6089186668396
140,3,18,0.43662509322166443,0.43662509322166443,0.013509202748537064,0.0,5.777360439300537
140,3,19,0.3856427073478699,0.3856427073478699,0.013969280757009983,0.0,5.812110900878906
140,4,0,0.18795712292194366,0.18795712292194366,0.01615205407142639,0.0,6.53166389465332
140,4,1,0.14798226952552795,0.14798226952552795,0.015103636309504509,0.0,6.671216011047363
140,4,2,0.16937462985515594,0.16937462985515594,0.015321901999413967,0.0,6.177371978759766
140,4,3,-0.015738647431135178,-0.015738647431135178,0.015407356433570385,0.0,5.911835670471191
140,4,4,0.12014906853437424,0.12014906853437424,0.014864382334053516,0.0,6.082338333129883
140,4,5,0.3365271985530853,0.3365271985530853,0.014473402872681618,0.0,6.438804626464844
140,4,6,0.43113869428634644,0.43113869428634644,0.014320994727313519,0.0,6.391756534576416
140,4,7,0.2544780373573303,0.2544780373573303,0.015279794111847878,0.0,6.7433271408081055
140,4,8,0.05427848547697067,0.05427848547697067,0.01583670638501644,0.0,6.176576614379883
140,4,9,0.0583256296813488,0.0583256296813488,0.014661422930657864,0.0,6.007290363311768
140,4,10,0.3013754189014435,0.3013754189014435,0.0144706005230546,0.0,6.218494415283203
140,4,11,0.4324892461299896,0.4324892461299896,0.014780755154788494,0.0,6.204816818237305
140,4,12,0.33294689655303955,0.33294689655303955,0.015479917638003826,0.0,6.665351867675781
140,4,13,0.1771821230649948,0.1771821230649948,0.015338556841015816,0.0,6.611218452453613
140,4,14,0.09627798199653625,0.09627798199653625,0.015419048257172108,0.0,6.579615116119385
140,4,15,0.23312602937221527,0.23312602937221527,0.014873587526381016,0.0,6.846999168395996
140,4,16,0.19558373093605042,0.19558373093605042,0.015719644725322723,0.0,6.119776248931885
140,4,17,0.47860071063041687,0.47860071063041687,0.015776172280311584,0.0,6.001195907592773
140,4,18,0.2296697497367859,0.2296697497367859,0.015105749480426311,0.0,6.218334197998047
140,4,19,0.05951391160488129,0.05951391160488129,0.015111598186194897,0.0,6.340528964996338
120,0,0,0.7256885170936584,0.7256885170936584,0.012601835653185844,0.0,4.802286148071289
120,0,1,0.9858013391494751,0.9858013391494751,0.012463420629501343,0.0,5.133668899536133
120,0,2,0.8489882946014404,0.8489882946014404,0.012623891234397888,0.0,5.164687156677246
120,0,3,0.802834153175354,0.802834153175354,0.012632874771952629,0.0,5.403290748596191
120,0,4,0.7608349919319153,0.7608349919319153,0.012272494845092297,0.0,5.170705795288086
120,0,5,0.9453824758529663,0.9453824758529663,0.012593009509146214,0.0,5.12574577331543
120,0,6,0.7453681230545044,0.7453681230545044,0.012461437843739986,0.0,5.179190635681152
120,0,7,0.7519282698631287,0.7519282698631287,0.012814915738999844,0.0,4.78450870513916
120,0,8,0.7630730867385864,0.7630730867385864,0.012275639921426773,0.0,5.237433433532715
120,0,9,0.9591768980026245,0.9591768980026245,0.012744816951453686,0.0,5.577054977416992
120,0,10,0.8431933522224426,0.8431933522224426,0.012605549767613411,0.0,5.7028913497924805
120,0,11,0.8026843667030334,0.8026843667030334,0.012566261924803257,0.0,5.179564476013184
120,0,12,0.9309647083282471,0.9309647083282471,0.012290514074265957,0.0,4.982631683349609
120,0,13,0.8015106916427612,0.8015106916427612,0.012541943229734898,0.0,5.145794868469238
120,0,14,0.8057910203933716,0.8057910203933716,0.0125528983771801,0.0,5.552235126495361
120,0,15,0.788819432258606,0.788819432258606,0.01277452614158392,0.0,5.066765785217285
120,0,16,0.6484673023223877,0.6484673023223877,0.012625888921320438,0.0,5.012716293334961
120,0,17,0.6881743669509888,0.6881743669509888,0.012686868198215961,0.0,4.941266059875488
120,0,18,0.5645098686218262,0.5645098686218262,0.01242806762456894,0.0,5.067634582519531
120,0,19,0.9806676506996155,0.9806676506996155,0.012493894435465336,0.0,5.39604377746582
120,1,0,2.548945188522339,0.5489451885223389,0.984865665435791,1.0,6.959101676940918
120,1,1,2.409780979156494,0.4097810685634613,0.9850280284881592,1.0,7.157403945922852
120,1,2,2.4528257846832275,0.4528256952762604,0.9838148951530457,1.0,7.2298784255981445
120,1,3,2.619771957397461,0.6197719573974609,0.9839299321174622,1.0,6.80732536315918
120,1,4,2.524043083190918,0.5240429639816284,0.9842979311943054,1.0,6.995728492736816
120,1,5,2.5302422046661377,0.5302422046661377,0.9835514426231384,1.0,7.303094387054443
120,1,6,2.630017042160034,0.6300170421600342,0.9842607378959656,1.0,7.767816543579102
120,1,7,2.6723008155822754,0.6723009347915649,0.9834811091423035,1.0,6.864083290100098
120,1,8,2.5068750381469727,0.5068750381469727,0.9840475916862488,1.0,6.957738399505615
120,1,9,2.5043983459472656,0.5043982267379761,0.9840142130851746,1.0,7.313041687011719
120,1,10,2.4764487743377686,0.47644874453544617,0.9845372438430786,1.0,6.482908725738525
120,1,11,2.5220046043395996,0.5220044851303101,0.9845632910728455,1.0,6.752176761627197
120,1,12,2.538206100463867,0.5382062196731567,0.9839561581611633,1.0,7.116462230682373
120,1,13,2.52822208404541,0.5282222032546997,0.9840558767318726,1.0,7.131250381469727
120,1,14,2.5094246864318848,0.5094248056411743,0.9844405651092529,1.0,7.403311729431152
120,1,15,2.4553122520446777,0.4553123712539673,0.984281063079834,1.0,7.266225814819336
120,1,16,2.475053071975708,0.47505301237106323,0.9843860268592834,1.0,6.875039100646973
120,1,17,2.7025985717773438,0.7025984525680542,0.9840005040168762,1.0,6.614153861999512
120,1,18,2.4451727867126465,0.4451727569103241,0.9830958247184753,1.0,7.35113000869751
120,1,19,2.3681769371032715,0.3681768476963043,0.9845081567764282,1.0,7.77166223526001
120,2,0,-1.1981967687606812,-1.1981967687606812,0.013833544217050076,0.0,5.304091930389404
120,2,1,-1.2240045070648193,-1.2240045070648193,0.01395771186798811,0.0,6.109719276428223
120,2,2,-1.1835399866104126,-1.1835399866104126,0.01354906428605318,0.0,6.0887017250061035
120,2,3,-1.5319952964782715,-1.5319952964782715,0.013772638514637947,0.0,6.212789535522461
120,2,4,-1.1215678453445435,-1.1215678453445435,0.014808736741542816,0.0,6.21196174621582
120,2,5,-1.1638271808624268,-1.1638271808624268,0.013777574524283409,0.0,6.085547924041748
120,2,6,-1.222475528717041,-1.222475528717041,0.014033033512532711,0.0,6.085180282592773
120,2,7,-1.0863900184631348,-1.0863900184631348,0.013937992043793201,0.0,6.134686470031738
120,2,8,-1.36562180519104,-1.36562180519104,0.013857248239219189,0.0,5.5765767097473145
120,2,9,-1.0920947790145874,-1.0920947790145874,0.013836748898029327,0.0,5.841558456420898
120,2,10,-1.1304749250411987,-1.1304749250411987,0.014191798865795135,0.0,6.303468227386475
120,2,11,-1.2071832418441772,-1.2071832418441772,0.013736091554164886,0.0,6.064605712890625
120,2,12,-1.169167399406433,-1.169167399406433,0.013808423653244972,0.0,6.239543437957764
120,2,13,-1.3348854780197144,-1.3348854780197144,0.01376805268228054,0.0,6.086985111236572
120,2,14,-1.3281792402267456,-1.3281792402267456,0.01364785898476839,0.0,5.795404434204102
120,2,15,-1.1126093864440918,-1.1126093864440918,0.013966329395771027,0.0,6.1583428382873535
120,2,16,-1.2695608139038086,-1.2695608139038086,0.013560357503592968,0.0,5.945376396179199
120,2,17,-1.159703016281128,-1.159703016281128,0.013819154351949692,0.0,6.220698356628418
120,2,18,-1.3774439096450806,-1.3774439096450806,0.014206222258508205,0.0,5.792713642120361
120,2,19,-1.330938696861267,-1.330938696861267,0.013709385879337788,0.0,6.189029693603516
120,3,0,0.4643281102180481,0.4643281102180481,0.013340214267373085,0.0,5.665337562561035
120,3,1,0.44530415534973145,0.44530415534973145,0.01342421118170023,0.0,5.498300552368164
120,3,2,0.40291839838027954,0.40291839838027954,0.013507092371582985,0.0,5.574836730957031
120,3,3,0.4067331552505493,0.4067331552505493,0.013355630449950695,0.0,5.537492275238037
120,3,4,0.322277307510376,0.322277307510376,0.013546439819037914,0.0,5.591060638427734
120,3,5,0.35793110728263855,0.35793110728263855,0.013425197452306747,0.0,5.412600517272949
120,3,6,0.3962152898311615,0.3962152898311615,0.013572742231190205,0.0,5.655318260192871
120,3,7,0.4140213429927826,0.4140213429927826,0.013472438789904118,0.0,5.146424770355225
120,3,8,0.3335401117801666,0.3335401117801666,0.013524333946406841,0.0,5.485504150390625
120,3,9,0.3084682822227478,0.3084682822227478,0.013448812998831272,0.0,5.499174118041992
120,3,10,0.2842996418476105,0.2842996418476105,0.01394737884402275,0.0,5.25998067855835
120,3,11,0.3755757212638855,0.3755757212638855,0.013500561937689781,0.0,5.653916358947754
120,3,12,0.03137017786502838,0.03137017786502838,0.013837901875376701,0.0,5.293201923370361
120,3,13,0.4815887212753296,0.4815887212753296,0.013542522676289082,0.0,5.402317047119141
120,3,14,0.2593163251876831,0.2593163251876831,0.013641787692904472,0.0,4.868353366851807
120,3,15,0.20859132707118988,0.20859132707118988,0.013925250619649887,0.0,5.350045204162598
120,3,16,0.36921921372413635,0.36921921372413635,0.013828892260789871,0.0,5.26685905456543
120,3,17,0.3560825288295746,0.3560825288295746,0.01362847350537777,0.0,5.485457420349121
120,3,18,0.3314526081085205,0.3314526081085205,0.01323170866817236,0.0,5.72504997253418
120,3,19,0.3377060294151306,0.3377060294151306,0.01371732447296381,0.0,5.417424201965332
120,4,0,0.17458544671535492,0.17458544671535492,0.015136592090129852,0.0,5.978835582733154
120,4,1,0.1450541466474533,0.1450541466474533,0.014436151832342148,0.0,6.0849151611328125
120,4,2,0.27902764081954956,0.27902764081954956,0.014599746093153954,0.0,6.304235935211182
120,4,3,0.08322637528181076,0.08322637528181076,0.014966369606554508,0.0,6.614824295043945
120,4,4,0.2626223564147949,0.2626223564147949,0.014643825590610504,0.0,6.169347286224365
120,4,5,0.2354878932237625,0.2354878932237625,0.015839504078030586,0.0,6.105328559875488
120,4,6,0.1418897658586502,0.1418897658586502,0.01471061259508133,0.0,6.1752214431762695
120,4,7,0.16658541560173035,0.16658541560173035,0.015142322517931461,0.0,6.01164436340332
120,4,8,0.31398525834083557,0.31398525834083557,0.01514130737632513,0.0,5.918693542480469
120,4,9,0.26233041286468506,0.26233041286468506,0.015002554282546043,0.0,6.481049060821533
120,4,10,0.34687480330467224,0.34687480330467224,0.015139604918658733,0.0,5.917555809020996
120,4,11,0.43891727924346924,0.43891727924346924,0.014416759833693504,0.0,6.570916652679443
120,4,12,0.09896288812160492,0.09896288812160492,0.014780247583985329,0.0,6.363786697387695
120,4,13,0.2675609886646271,0.2675609886646271,0.015384283848106861,0.0,6.52847957611084
120,4,14,0.2811294198036194,0.2811294198036194,0.015269049443304539,0.0,6.678984642028809
120,4,15,0.21824678778648376,0.21824678778648376,0.014897137880325317,0.0,6.620322227478027
120,4,16,0.2762916386127472,0.2762916386127472,0.014438513666391373,0.0,5.704942226409912
120,4,17,0.20909422636032104,0.20909422636032104,0.014910172671079636,0.0,6.178857326507568
120,4,18,0.24082110822200775,0.24082110822200775,0.015101821161806583,0.0,6.731640815734863
120,4,19,0.17010632157325745,0.17010632157325745,0.015393378213047981,0.0,6.264426231384277
100,0,0,0.7624837756156921,0.7624837756156921,0.012519358657300472,0.0,5.196652412414551
100,0,1,0.7991898059844971,0.7991898059844971,0.012699131853878498,0.0,5.13409948348999
100,0,2,0.785712718963623,0.785712718963623,0.012528909370303154,0.0,5.4083476066589355
100,0,3,0.889125645160675,0.889125645160675,0.012378223240375519,0.0,5.158595085144043
100,0,4,0.8611049652099609,0.8611049652099609,0.012446705251932144,0.0,5.275589942932129
100,0,5,0.8808681964874268,0.8808681964874268,0.012509522959589958,0.0,4.871034622192383
100,0,6,0.6975118517875671,0.6975118517875671,0.012472010217607021,0.0,5.717000484466553
100,0,7,0.9642706513404846,0.9642706513404846,0.012655073776841164,0.0,5.2445549964904785
100,0,8,0.8942846655845642,0.8942846655845642,0.012676187790930271,0.0,5.378334999084473
100,0,9,0.7664438486099243,0.7664438486099243,0.012513063848018646,0.0,5.293425559997559
100,0,10,0.8724461197853088,0.8724461197853088,0.01242536399513483,0.0,5.143424034118652
100,0,11,0.9334854483604431,0.9334854483604431,0.012362504377961159,0.0,5.152565002441406
100,0,12,0.880184531211853,0.880184531211853,0.012468027882277966,0.0,5.227140426635742
100,0,13,0.8545112609863281,0.8545112609863281,0.012561263516545296,0.0,5.093593120574951
100,0,14,0.7573210000991821,0.7573210000991821,0.012366941198706627,0.0,5.269344329833984
100,0,15,0.7992886900901794,0.7992886900901794,0.012330789119005203,0.0,5.133719444274902
100,0,16,0.8970388770103455,0.8970388770103455,0.012420275248587132,0.0,4.9438323974609375
100,0,17,0.9157286286354065,0.9157286286354065,0.01265926193445921,0.0,5.250765800476074
100,0,18,0.7512429356575012,0.7512429356575012,0.01243129838258028,0.0,5.1063690185546875
100,0,19,0.831305742263794,0.831305742263794,0.012428829446434975,0.0,5.308132648468018
100,1,0,2.4975674152374268,0.49756738543510437,0.9840748310089111,1.0,7.217698097229004
100,1,1,2.374696731567383,0.37469664216041565,0.984347939491272,1.0,6.843044757843018
100,1,2,2.7029378414154053,0.7029378414154053,0.9833880662918091,1.0,6.859903335571289
100,1,3,2.312721014022827,0.31272104382514954,0.9833879470825195,1.0,6.721009254455566
100,1,4,2.5307860374450684,0.5307859182357788,0.9846691489219666,1.0,6.432515621185303
100,1,5,2.53055477142334,0.5305547118186951,0.9841588735580444,1.0,7.388842582702637
100,1,6,2.4688854217529297,0.46888551115989685,0.9849610328674316,1.0,6.638029098510742
100,1,7,2.3715243339538574,0.37152421474456787,0.984401524066925,1.0,6.959827423095703
100,1,8,2.472200870513916,0.47220084071159363,0.984613299369812,1.0,6.827660083770752
100,1,9,2.4974236488342285,0.49742376804351807,0.9846907258033752,1.0,7.131980895996094
100,1,10,2.368945598602295,0.36894550919532776,0.9845534563064575,1.0,7.049593925476074
100,1,11,2.5007643699645996,0.5007644891738892,0.9841470718383789,1.0,6.722755432128906
100,1,12,2.551142454147339,0.5511424541473389,0.9838106632232666,1.0,6.883769989013672
100,1,13,2.3670220375061035,0.3670221269130707,0.9844129681587219,1.0,6.254000663757324
100,1,14,2.477996587753296,0.47799667716026306,0.9839245080947876,1.0,7.004338264465332
100,1,15,2.6092329025268555,0.6092328429222107,0.9843910932540894,1.0,6.818863868713379
100,1,16,2.5692834854125977,0.5692834854125977,0.9844356775283813,1.0,7.331944942474365
100,1,17,2.518923282623291,0.5189233422279358,0.9849012494087219,1.0,7.070328235626221
100,1,18,2.4546706676483154,0.45467057824134827,0.9842244386672974,1.0,7.397747039794922
100,1,19,2.5844478607177734,0.5844478011131287,0.9844722151756287,1.0,7.13831090927124
100,2,0,-1.1862883567810059,-1.1862883567810059,0.013676297850906849,0.0,6.251406669616699
100,2,1,-1.3941905498504639,-1.3941905498504639,0.013799411244690418,0.0,5.863185882568359
100,2,2,-1.2530670166015625,-1.2530670166015625,0.013379806652665138,0.0,6.005455017089844
100,2,3,-1.200689673423767,-1.200689673423767,0.014214614406228065,0.0,5.8929290771484375
100,2,4,-1.2278826236724854,-1.2278826236724854,0.013912182301282883,0.0,5.974806785583496
100,2,5,-1.2126929759979248,-1.2126929759979248,0.013640941120684147,0.0,5.579702377319336
100,2,6,-1.1476224660873413,-1.1476224660873413,0.013783899135887623,0.0,5.977962493896484
100,2,7,-1.239966630935669,-1.239966630935669,0.013654959388077259,0.0,6.094171524047852
100,2,8,-1.3838320970535278,-1.3838320970535278,0.013896986842155457,0.0,6.258685111999512
100,2,9,-1.2453089952468872,-1.2453089952468872,0.013912245631217957,0.0,6.368350028991699
100,2,10,-1.383805513381958,-1.383805513381958,0.013621744699776173,0.0,6.2626752853393555
100,2,11,-1.2801990509033203,-1.2801990509033203,0.013923266902565956,0.0,5.8188252449035645
100,2,12,-1.1946460008621216,-1.1946460008621216,0.01405132096260786,0.0,5.99617862701416
100,2,13,-1.275458574295044,-1.275458574295044,0.013496631756424904,0.0,6.207512378692627
100,2,14,-1.2358670234680176,-1.2358670234680176,0.013662758283317089,0.0,6.319669723510742
100,2,15,-1.1911665201187134,-1.1911665201187134,0.013822691515088081,0.0,6.387869834899902
100,2,16,-1.2386046648025513,-1.2386046648025513,0.013945753686130047,0.0,6.2640700340271
100,2,17,-1.2582682371139526,-1.2582682371139526,0.013710198923945427,0.0,6.047037601470947
100,2,18,-1.3825944662094116,-1.3825944662094116,0.013731944374740124,0.0,6.186705112457275
100,2,19,-1.3853931427001953,-1.3853931427001953,0.013831610791385174,0.0,5.919735908508301
100,3,0,0.1350518763065338,0.1350518763065338,0.0135750537738204,0.0,5.588582992553711
100,3,1,0.4183807969093323,0.4183807969093323,0.013389208354055882,0.0,5.815731048583984
100,3,2,0.3727109134197235,0.3727109134197235,0.013703668490052223,0.0,5.539520740509033
100,3,3,0.43970930576324463,0.43970930576324463,0.013644931837916374,0.0,5.646010398864746
100,3,4,0.45720374584198,0.45720374584198,0.013945805840194225,0.0,5.6444573402404785
100,3,5,0.4239404499530792,0.4239404499530792,0.013497182168066502,0.0,5.58891487121582
100,3,6,0.17893679440021515,0.17893679440021515,0.013615819625556469,0.0,5.30677604675293
100,3,7,0.5207884907722473,0.5207884907722473,0.01330860611051321,0.0,5.8341827392578125
100,3,8,0.41891026496887207,0.41891026496887207,0.013593059964478016,0.0,5.3488311767578125
100,3,9,0.38405290246009827,0.38405290246009827,0.013517007231712341,0.0,5.709295272827148
100,3,10,0.21550379693508148,0.21550379693508148,0.013267056085169315,0.0,5.474887847900391
100,3,11,0.12305895984172821,0.12305895984172821,0.01359332911670208,0.0,5.48654317855835
100,3,12,0.465474933385849,0.465474933385849,0.013938291929662228,0.0,5.519895553588867
100,3,13,0.5305914282798767,0.5305914282798767,0.013468421064317226,0.0,5.818551063537598
100,3,14,0.5716397166252136,0.5716397166252136,0.013604622334241867,0.0,5.6561479568481445
100,3,15,0.44949227571487427,0.44949227571487427,0.013499654829502106,0.0,5.370024681091309
100,3,16,0.3321562707424164,0.3321562707424164,0.013483972288668156,0.0,5.495498180389404
100,3,17,0.22161178290843964,0.22161178290843964,0.01368628442287445,0.0,5.587737083435059
100,3,18,0.43248823285102844,0.43248823285102844,0.013565696775913239,0.0,5.700283527374268
100,3,19,0.49246665835380554,0.49246665835380554,0.013353011570870876,0.0,5.502967834472656
100,4,0,0.3098452389240265,0.3098452389240265,0.01573578640818596,0.0,6.149546146392822
100,4,1,0.14791002869606018,0.14791002869606018,0.015009747818112373,0.0,6.016320705413818
100,4,2,0.18557831645011902,0.18557831645011902,0.015028053894639015,0.0,6.935757160186768
100,4,3,0.1917286366224289,0.1917286366224289,0.015041131526231766,0.0,6.6303606033325195
100,4,4,0.07975437492132187,0.07975437492132187,0.015936484560370445,0.0,6.6792144775390625
100,4,5,0.12910883128643036,0.12910883128643036,0.015069450251758099,0.0,6.973196983337402
100,4,6,0.0901256650686264,0.0901256650686264,0.015076564624905586,0.0,6.3480610847473145
100,4,7,0.26179251074790955,0.26179251074790955,0.015100309625267982,0.0,6.351198196411133
100,4,8,0.31426161527633667,0.31426161527633667,0.014499410055577755,0.0,6.58846378326416
100,4,9,0.18606361746788025,0.18606361746788025,0.015749633312225342,0.0,5.998270511627197
100,4,10,0.502374529838562,0.502374529838562,0.014809627085924149,0.0,6.406469345092773
100,4,11,0.31947872042655945,0.31947872042655945,0.015221135690808296,0.0,6.171006679534912
100,4,12,0.2441144585609436,0.2441144585609436,0.014521734789013863,0.0,6.058896064758301
100,4,13,0.18310503661632538,0.18310503661632538,0.014555415138602257,0.0,6.154908180236816
100,4,14,0.15146300196647644,0.15146300196647644,0.015614158473908901,0.0,6.620054244995117
100,4,15,0.20470842719078064,0.20470842719078064,0.015065906569361687,0.0,6.321540832519531
100,4,16,0.27572736144065857,0.27572736144065857,0.015168963931500912,0.0,6.1404829025268555
100,4,17,0.350309282541275,0.350309282541275,0.01480912696570158,0.0,5.583771705627441
100,4,18,0.16879934072494507,0.16879934072494507,0.015120151452720165,0.0,6.055418968200684
100,4,19,-0.023256126791238785,-0.023256126791238785,0.01571931131184101,0.0,6.333897113800049
80,0,0,0.8738259673118591,0.8738259673118591,0.012425148859620094,0.0,5.160308837890625
80,0,1,0.8686986565589905,0.8686986565589905,0.012636305764317513,0.0,5.1254048347473145
80,0,2,0.7281063199043274,0.7281063199043274,0.012541525065898895,0.0,5.506133556365967
80,0,3,0.5931575894355774,0.5931575894355774,0.01265895739197731,0.0,5.223269939422607
80,0,4,0.8809060454368591,0.8809060454368591,0.012455839663743973,0.0,5.2410969734191895
80,0,5,0.7568486332893372,0.7568486332893372,0.012699573300778866,0.0,5.207113742828369
80,0,6,0.9367464184761047,0.9367464184761047,0.01256707776337862,0.0,5.277894973754883
80,0,7,0.9056216478347778,0.9056216478347778,0.012563089840114117,0.0,5.506912708282471
80,0,8,0.8439262509346008,0.8439262509346008,0.012466143816709518,0.0,4.9931230545043945
80,0,9,1.0203394889831543,1.0203394889831543,0.01270251628011465,0.0,4.947052955627441
80,0,10,0.6459138989448547,0.6459138989448547,0.012562794610857964,0.0,5.129436492919922
80,0,11,0.773068368434906,0.773068368434906,0.012477396987378597,0.0,5.191234588623047
80,0,12,0.77634596824646,0.77634596824646,0.01251195091754198,0.0,5.245647430419922
80,0,13,0.956789493560791,0.956789493560791,0.012621038593351841,0.0,5.363959789276123
80,0,14,0.8621260523796082,0.8621260523796082,0.01262871827930212,0.0,5.339585304260254
80,0,15,0.8071333765983582,0.8071333765983582,0.012662875466048717,0.0,5.374629020690918
80,0,16,0.8733582496643066,0.8733582496643066,0.012410640716552734,0.0,5.220153331756592
80,0,17,0.8493143916130066,0.8493143916130066,0.012500684708356857,0.0,5.017677307128906
80,0,18,0.7940024733543396,0.7940024733543396,0.012445498257875443,0.0,5.24354362487793
80,0,19,0.7631133198738098,0.7631133198738098,0.012606987729668617,0.0,5.496821403503418
80,1,0,2.3839621543884277,0.3839622139930725,0.9846245050430298,1.0,6.722387790679932
80,1,1,2.642866611480713,0.6428667306900024,0.9843510389328003,1.0,7.155548095703125
80,1,2,2.5446505546569824,0.5446506142616272,0.9847133755683899,1.0,7.03267765045166
80,1,3,2.574481725692749,0.5744816660881042,0.984309196472168,1.0,7.224481582641602
80,1,4,2.4962193965911865,0.49621930718421936,0.9845614433288574,1.0,7.019728660583496
80,1,5,2.4783265590667725,0.47832655906677246,0.9840880036354065,1.0,6.874977111816406
80,1,6,2.5069727897644043,0.5069729089736938,0.9847986102104187,1.0,6.715978622436523
80,1,7,2.4930386543273926,0.493038535118103,0.9841787219047546,1.0,6.727394104003906
80,1,8,2.5375828742980957,0.5375828146934509,0.9835066795349121,1.0,7.122020721435547
80,1,9,2.5116801261901855,0.5116802453994751,0.9846130609512329,1.0,7.050599575042725
80,1,10,2.623356819152832,0.6233566999435425,0.9841141700744629,1.0,7.1137237548828125
80,1,11,2.585206985473633,0.585206925868988,0.9843268990516663,1.0,6.515985488891602
80,1,12,2.488737106323242,0.4887371063232422,0.9835969805717468,1.0,6.98735237121582
80,1,13,2.4955599308013916,0.49556002020835876,0.9836217761039734,1.0,6.826785087585449
80,1,14,2.53249454498291,0.5324946641921997,0.9846161007881165,1.0,6.908481121063232
80,1,15,2.5495798587799072,0.5495798587799072,0.983899712562561,1.0,7.066453456878662
80,1,16,2.4706320762634277,0.4706321060657501,0.9841192364692688,1.0,7.083894729614258
80,1,17,2.4193830490112305,0.4193829596042633,0.984527587890625,1.0,7.1418046951293945
80,1,18,2.609508752822876,0.609508752822876,0.9840712547302246,1.0,6.883704662322998
80,1,19,2.4653618335723877,0.46536174416542053,0.9839262366294861,1.0,6.798083305358887
80,2,0,-1.192146897315979,-1.192146897315979,0.013904019258916378,0.0,5.979961395263672
80,2,1,-1.234706997871399,-1.234706997871399,0.013514388352632523,0.0,6.230511665344238
80,2,2,-1.2185255289077759,-1.2185255289077759,0.013800308108329773,0.0,6.074137210845947
80,2,3,-1.1994202136993408,-1.1994202136993408,0.013812567107379436,0.0,6.32723331451416
80,2,4,-1.3377310037612915,-1.3377310037612915,0.013564624823629856,0.0,6.1650285720825195
80,2,5,-1.266487956047058,-1.266487956047058,0.013736375607550144,0.0,5.789989471435547
80,2,6,-1.2683018445968628,-1.2683018445968628,0.01354097481817007,0.0,6.328293800354004
80,2,7,-1.1663273572921753,-1.1663273572921753,0.013850278221070766,0.0,5.963485240936279
80,2,8,-1.180288314819336,-1.180288314819336,0.013745242729783058,0.0,6.011990547180176
80,2,9,-1.2793641090393066,-1.2793641090393066,0.013888475485146046,0.0,5.67508602142334
80,2,10,-1.2200648784637451,-1.2200648784637451,0.014399020932614803,0.0,6.001808166503906
80,2,11,-1.2799365520477295,-1.2799365520477295,0.013831311836838722,0.0,5.862873077392578
80,2,12,-1.4643850326538086,-1.4643850326538086,0.013913973234593868,0.0,5.423320770263672
80,2,13,-1.3857169151306152,-1.3857169151306152,0.013556931167840958,0.0,5.7129106521606445
80,2,14,-1.2491536140441895,-1.2491536140441895,0.013865017332136631,0.0,6.156550884246826
80,2,15,-1.26072096824646,-1.26072096824646,0.013495075516402721,0.0,5.701080322265625
80,2,16,-1.203467845916748,-1.203467845916748,0.014007155783474445,0.0,6.299952030181885
80,2,17,-1.4178005456924438,-1.4178005456924438,0.01393833290785551,0.0,5.751003265380859
80,2,18,-1.3465465307235718,-1.3465465307235718,0.013886391185224056,0.0,6.342609405517578
80,2,19,-1.1009986400604248,-1.1009986400604248,0.013468065299093723,0.0,6.086636543273926
80,3,0,0.41581979393959045,0.41581979393959045,0.013647780753672123,0.0,5.793935775756836
80,3,1,0.4286222755908966,0.4286222755908966,0.013507429510354996,0.0,5.9617414474487305
80,3,2,0.4241572618484497,0.4241572618484497,0.013764182105660439,0.0,5.4257612228393555
80,3,3,0.5851679444313049,0.5851679444313049,0.013589401729404926,0.0,5.427897930145264
80,3,4,0.645608127117157,0.645608127117157,0.013736091554164886,0.0,5.549407958984375
80,3,5,0.4566495418548584,0.4566495418548584,0.013577562756836414,0.0,5.932025909423828
80,3,6,0.4234604239463806,0.4234604239463806,0.013504424132406712,0.0,5.662077903747559
80,3,7,0.4497680068016052,0.4497680068016052,0.013432450592517853,0.0,5.51169490814209
80,3,8,0.36055681109428406,0.36055681109428406,0.013655872084200382,0.0,5.626667499542236
80,3,9,0.3061438500881195,0.3061438500881195,0.013527859933674335,0.0,5.683478832244873
80,3,10,0.3935050070285797,0.3935050070285797,0.013682101853191853,0.0,5.635393142700195
80,3,11,0.3430529534816742,0.3430529534816742,0.013629596680402756,0.0,5.6437273025512695
80,3,12,0.41821861267089844,0.41821861267089844,0.013644840568304062,0.0,5.810813903808594
80,3,13,0.3869291841983795,0.3869291841983795,0.01344150211662054,0.0,5.5475873947143555
80,3,14,0.3262585997581482,0.3262585997581482,0.013643392361700535,0.0,5.874792575836182
80,3,15,0.35211026668548584,0.35211026668548584,0.013796597719192505,0.0,5.496437072753906
80,3,16,0.4104892909526825,0.4104892909526825,0.013520294800400734,0.0,5.701851844787598
80,3,17,0.3020533621311188,0.3020533621311188,0.013368235900998116,0.0,5.882447242736816
80,3,18,0.5755354762077332,0.5755354762077332,0.01353539526462555,0.0,6.078480243682861
80,3,19,0.23921418190002441,0.23921418190002441,0.013743637129664421,0.0,5.933890342712402
80,4,0,0.26733914017677307,0.26733914017677307,0.015409121289849281,0.0,6.3209028244018555
80,4,1,0.38173651695251465,0.38173651695251465,0.014945752918720245,0.0,6.365593433380127
80,4,2,0.17856714129447937,0.17856714129447937,0.014953777194023132,0.0,6.458303928375244
80,4,3,0.17885398864746094,0.17885398864746094,0.014660961925983429,0.0,6.110401153564453
80,4,4,0.2481255829334259,0.2481255829334259,0.015643414109945297,0.0,6.55812931060791
80,4,5,0.3790779709815979,0.3790779709815979,0.01512578409165144,0.0,6.332605361938477
80,4,6,0.21161715686321259,0.21161715686321259,0.015352045185863972,0.0,6.026639938354492
80,4,7,0.14245086908340454,0.14245086908340454,0.015213968232274055,0.0,6.355698108673096
80,4,8,0.4183758497238159,0.4183758497238159,0.014690699987113476,0.0,6.17091178894043
80,4,9,0.17843638360500336,0.17843638360500336,0.014809120446443558,0.0,6.5210280418396
80,4,10,0.31559422612190247,0.31559422612190247,0.01549322810024023,0.0,6.2223124504089355
80,4,11,0.27557864785194397,0.27557864785194397,0.014635448344051838,0.0,6.519035816192627
80,4,12,0.26644548773765564,0.26644548773765564,0.01524349581450224,0.0,6.464093208312988
80,4,13,0.17916755378246307,0.17916755378246307,0.01528267003595829,0.0,6.447835922241211
80,4,14,0.24369145929813385,0.24369145929813385,0.01506894826889038,0.0,6.584184646606445
80,4,15,0.16252662241458893,0.16252662241458893,0.0150959063321352,0.0,6.662997245788574
80,4,16,0.05169612541794777,0.05169612541794777,0.015087679028511047,0.0,6.499999523162842
80,4,17,0.22538450360298157,0.22538450360298157,0.0152045339345932,0.0,6.512584209442139
80,4,18,0.23534579575061798,0.23534579575061798,0.015598519705235958,0.0,6.985590934753418
80,4,19,0.10624901950359344,0.10624901950359344,0.014815368689596653,0.0,6.6939778327941895
60,0,0,0.9035492539405823,0.9035492539405823,0.012667770497500896,0.0,5.2376227378845215
60,0,1,0.8188503384590149,0.8188503384590149,0.012440118938684464,0.0,5.072369575500488
60,0,2,0.8315844535827637,0.8315844535827637,0.012392021715641022,0.0,5.5936784744262695
60,0,3,0.8495541214942932,0.8495541214942932,0.012426751665771008,0.0,5.405830383300781
60,0,4,0.8395456671714783,0.8395456671714783,0.012614045292139053,0.0,4.902783393859863
60,0,5,0.8998334407806396,0.8998334407806396,0.012513350695371628,0.0,5.133038520812988
60,0,6,0.781140923500061,0.781140923500061,0.012396363541483879,0.0,5.178991317749023
60,0,7,0.8710823655128479,0.8710823655128479,0.01256655715405941,0.0,5.172886848449707
60,0,8,0.8924411535263062,0.8924411535263062,0.012432113289833069,0.0,5.596676826477051
60,0,9,0.8177938461303711,0.8177938461303711,0.01248420774936676,0.0,5.164536476135254
60,0,10,0.9001084566116333,0.9001084566116333,0.012574263848364353,0.0,5.501737594604492
60,0,11,0.7995645999908447,0.7995645999908447,0.01271781511604786,0.0,5.261388301849365
60,0,12,0.7971416711807251,0.7971416711807251,0.012388952076435089,0.0,5.105645179748535
60,0,13,0.7908296585083008,0.7908296585083008,0.012534700334072113,0.0,5.151165008544922
60,0,14,0.7922697067260742,0.7922697067260742,0.01260296255350113,0.0,4.969788074493408
60,0,15,0.9751008152961731,0.9751008152961731,0.012536099180579185,0.0,5.15664005279541
60,0,16,0.7781341671943665,0.7781341671943665,0.012493951246142387,0.0,5.462065696716309
60,0,17,0.6829262971878052,0.6829262971878052,0.012510458938777447,0.0,5.047277450561523
60,0,18,0.7224054932594299,0.7224054932594299,0.012425189837813377,0.0,5.101430416107178
60,0,19,0.7827069759368896,0.7827069759368896,0.012382413260638714,0.0,5.1167378425598145
60,1,0,2.4871726036071777,0.48717254400253296,0.984804630279541,1.0,7.213816165924072
60,1,1,2.566875696182251,0.5668757557868958,0.9847161769866943,1.0,7.230096817016602
60,1,2,2.6135647296905518,0.6135647892951965,0.9835154414176941,1.0,7.163234233856201
60,1,3,2.6013107299804688,0.601310670375824,0.983705997467041,1.0,6.696558952331543
60,1,4,2.514889717102051,0.5148897767066956,0.9835844039916992,1.0,6.921627044677734
60,1,5,2.501403570175171,0.5014036297798157,0.9837324023246765,1.0,6.980937957763672
60,1,6,2.4466123580932617,0.44661223888397217,0.9840323328971863,1.0,7.26210880279541
60,1,7,2.4943649768829346,0.49436497688293457,0.9844312071800232,1.0,7.309189796447754
60,1,8,2.526176929473877,0.5261770486831665,0.9842074513435364,1.0,7.224114418029785
60,1,9,2.5301389694213867,0.5301388502120972,0.983928918838501,1.0,7.266529560089111
60,1,10,2.4823222160339355,0.48232221603393555,0.9846238493919373,1.0,6.911959648132324
60,1,11,2.5026824474334717,0.5026823878288269,0.9842767715454102,1.0,7.290806293487549
60,1,12,2.401092529296875,0.40109261870384216,0.9835876822471619,1.0,6.80949592590332
60,1,13,2.5715415477752686,0.5715415477752686,0.9840738773345947,1.0,7.239320278167725
60,1,14,2.621091365814209,0.6210912466049194,0.9846486449241638,1.0,7.056783676147461
60,1,15,2.444092273712158,0.4440922439098358,0.9835494756698608,1.0,6.9860005378723145
60,1,16,2.408121109008789,0.4081209897994995,0.9842544794082642,1.0,7.039313316345215
60,1,17,2.491450309753418,0.49145036935806274,0.9842262864112854,1.0,7.543881893157959
60,1,18,2.482520580291748,0.4825206995010376,0.9840166568756104,1.0,7.380236625671387
60,1,19,2.6911025047302246,0.6911025047302246,0.984264075756073,1.0,7.012729644775391
60,2,0,-1.2642542123794556,-1.2642542123794556,0.013515564613044262,0.0,5.663537502288818
60,2,1,-1.2577213048934937,-1.2577213048934937,0.013740510679781437,0.0,5.937237739562988
60,2,2,-1.2347639799118042,-1.2347639799118042,0.01365090161561966,0.0,6.026816368103027
60,2,3,-1.2978911399841309,-1.2978911399841309,0.013785519637167454,0.0,6.033538818359375
60,2,4,-1.1708394289016724,-1.1708394289016724,0.013656937517225742,0.0,6.231418609619141
60,2,5,-1.204303503036499,-1.204303503036499,0.01358602661639452,0.0,6.016211032867432
60,2,6,-1.3061103820800781,-1.3061103820800781,0.01389651745557785,0.0,5.934774398803711
60,2,7,-1.2761150598526,-1.2761150598526,0.013457748107612133,0.0,6.393520832061768
60,2,8,-1.2328505516052246,-1.2328505516052246,0.013815073296427727,0.0,5.9895734786987305
60,2,9,-1.4310778379440308,-1.4310778379440308,0.013774762861430645,0.0,6.150142192840576
60,2,10,-1.3402563333511353,-1.3402563333511353,0.013994932174682617,0.0,5.940507888793945
60,2,11,-1.2254409790039062,-1.2254409790039062,0.014045290648937225,0.0,5.851322174072266
60,2,12,-1.2056772708892822,-1.2056772708892822,0.01371038518846035,0.0,6.316970348358154
60,2,13,-1.2100375890731812,-1.2100375890731812,0.013684745877981186,0.0,6.183252811431885
60,2,14,-1.1803669929504395,-1.1803669929504395,0.013590923510491848,0.0,6.026573181152344
60,2,15,-1.4557377099990845,-1.4557377099990845,0.013495027087628841,0.0,5.8705596923828125
60,2,16,-1.3813241720199585,-1.3813241720199585,0.01374526135623455,0.0,5.902688980102539
60,2,17,-1.261155605316162,-1.261155605316162,0.01354149542748928,0.0,6.143985271453857
60,2,18,-1.258435845375061,-1.258435845375061,0.013596436008810997,0.0,6.060234069824219
60,2,19,-1.2553445100784302,-1.2553445100784302,0.013867762871086597,0.0,6.091137886047363
60,3,0,0.4650304913520813,0.4650304913520813,0.013576062396168709,0.0,6.041866302490234
60,3,1,0.45644211769104004,0.45644211769104004,0.01359520759433508,0.0,5.722112655639648
60,3,2,0.6328689455986023,0.6328689455986023,0.013574179261922836,0.0,5.752084732055664
60,3,3,0.4817844033241272,0.4817844033241272,0.013698010705411434,0.0,5.976457595825195
60,3,4,0.35767874121665955,0.35767874121665955,0.013520224019885063,0.0,5.633805751800537
60,3,5,0.4583793878555298,0.4583793878555298,0.013555287383496761,0.0,5.371150493621826
60,3,6,0.476819783449173,0.476819783449173,0.013566321693360806,0.0,5.8957366943359375
60,3,7,0.40406206250190735,0.40406206250190735,0.013764913193881512,0.0,5.816717147827148
60,3,8,0.29775917530059814,0.29775917530059814,0.01359539944678545,0.0,5.455631256103516
60,3,9,0.40544572472572327,0.40544572472572327,0.013558858074247837,0.0,5.694877624511719
60,3,10,0.41409173607826233,0.41409173607826233,0.013726677745580673,0.0,5.575435638427734
60,3,11,0.29025915265083313,0.29025915265083313,0.013622800819575787,0.0,5.670259475708008
60,3,12,0.35406967997550964,0.35406967997550964,0.013768920674920082,0.0,5.515464782714844
60,3,13,0.5144086480140686,0.5144086480140686,0.013694308698177338,0.0,5.690852165222168
60,3,14,0.37469902634620667,0.37469902634620667,0.013609806075692177,0.0,5.843140602111816
60,3,15,0.40698719024658203,0.40698719024658203,0.01377696543931961,0.0,5.7967023849487305
60,3,16,0.48681893944740295,0.48681893944740295,0.01355756912380457,0.0,5.90392541885376
60,3,17,0.320830762386322,0.320830762386322,0.013315759599208832,0.0,5.265514850616455
60,3,18,0.5481415390968323,0.5481415390968323,0.013694527558982372,0.0,5.4548749923706055
60,3,19,0.4595832824707031,0.4595832824707031,0.01376860961318016,0.0,5.738921642303467
60,4,0,0.15893198549747467,0.15893198549747467,0.01535978727042675,0.0,6.330386161804199
60,4,1,0.3543022871017456,0.3543022871017456,0.014955808408558369,0.0,6.259096622467041
60,4,2,0.35578176379203796,0.35578176379203796,0.014964400790631771,0.0,6.361257553100586
60,4,3,0.17376434803009033,0.17376434803009033,0.014862943440675735,0.0,6.232602596282959
60,4,4,0.30678659677505493,0.30678659677505493,0.014912035316228867,0.0,6.412357330322266
60,4,5,0.12926889955997467,0.12926889955997467,0.015331026166677475,0.0,6.182176113128662
60,4,6,0.23503893613815308,0.23503893613815308,0.014820561744272709,0.0,6.399754047393799
60,4,7,0.2582758367061615,0.2582758367061615,0.014981034211814404,0.0,6.612678050994873
60,4,8,0.2625143527984619,0.2625143527984619,0.014935996383428574,0.0,6.1284685134887695
60,4,9,0.1848517507314682,0.1848517507314682,0.014803714118897915,0.0,6.434831619262695
60,4,10,0.24216891825199127,0.24216891825199127,0.014536760747432709,0.0,6.77092170715332
60,4,11,0.13047611713409424,0.13047611713409424,0.014844403602182865,0.0,6.4854326248168945
60,4,12,0.12056595832109451,0.12056595832109451,0.015459895133972168,0.0,6.576322555541992
60,4,13,0.3411538898944855,0.3411538898944855,0.015523477457463741,0.0,6.109529495239258
60,4,14,0.23519547283649445,0.23519547283649445,0.015170474536716938,0.0,6.41716194152832
60,4,15,0.16413812339305878,0.16413812339305878,0.01495731994509697,0.0,6.367943286895752
60,4,16,0.14294283092021942,0.14294283092021942,0.01562684215605259,0.0,6.6679863929748535
60,4,17,0.1091180145740509,0.1091180145740509,0.01580420322716236,0.0,6.383139610290527
60,4,18,0.23598963022232056,0.23598963022232056,0.015144762583076954,0.0,6.095472812652588
60,4,19,0.3646044433116913,0.3646044433116913,0.01527756080031395,0.0,6.4972124099731445
40,0,0,0.8004732131958008,0.8004732131958008,0.012501484714448452,0.0,5.166407585144043
40,0,1,0.8556908369064331,0.8556908369064331,0.012442649342119694,0.0,5.290951728820801
40,0,2,0.8978798389434814,0.8978798389434814,0.012431767769157887,0.0,5.219175338745117
40,0,3,0.7806220650672913,0.7806220650672913,0.012649724259972572,0.0,5.226309776306152
40,0,4,0.8249244093894958,0.8249244093894958,0.012534812092781067,0.0,5.357051372528076
40,0,5,0.8753468990325928,0.8753468990325928,0.012552330270409584,0.0,5.305207252502441
40,0,6,0.7406336665153503,0.7406336665153503,0.01251878123730421,0.0,5.164841651916504
40,0,7,0.7335904836654663,0.7335904836654663,0.012571032159030437,0.0,5.488216400146484
40,0,8,0.8112266659736633,0.8112266659736633,0.01249124575406313,0.0,5.23179292678833
40,0,9,0.9422075748443604,0.9422075748443604,0.012511666864156723,0.0,5.125335693359375
40,0,10,0.8155084848403931,0.8155084848403931,0.01256653480231762,0.0,5.071959018707275
40,0,11,0.7675585150718689,0.7675585150718689,0.012490412220358849,0.0,5.353874683380127
40,0,12,0.8827502131462097,0.8827502131462097,0.012566694058477879,0.0,5.125887870788574
40,0,13,0.7671368718147278,0.7671368718147278,0.012581121176481247,0.0,5.230411529541016
40,0,14,0.7992945313453674,0.7992945313453674,0.012469262816011906,0.0,5.651554584503174
40,0,15,0.9102925658226013,0.9102925658226013,0.01258857548236847,0.0,5.303047180175781
40,0,16,0.9341684579849243,0.9341684579849243,0.012493317946791649,0.0,5.348595142364502
40,0,17,0.7371945381164551,0.7371945381164551,0.01257371436804533,0.0,5.312490940093994
40,0,18,0.9021266102790833,0.9021266102790833,0.012643812224268913,0.0,5.352977275848389
40,0,19,0.8730409145355225,0.8730409145355225,0.012415071949362755,0.0,5.185144901275635
40,1,0,2.447626829147339,0.4476267397403717,0.9839427471160889,1.0,7.382210731506348
40,1,1,2.4031293392181396,0.40312933921813965,0.9842731952667236,1.0,7.132370948791504
40,1,2,2.5615415573120117,0.5615416169166565,0.984592854976654,1.0,7.437353134155273
40,1,3,2.4627673625946045,0.4627673625946045,0.9839805960655212,1.0,7.038620471954346
40,1,4,2.474412441253662,0.47441256046295166,0.984236478805542,1.0,7.077561378479004
40,1,5,2.4135336875915527,0.4135337173938751,0.9839111566543579,1.0,7.082396507263184
40,1,6,2.500359058380127,0.5003589391708374,0.984447717666626,1.0,6.992770195007324
40,1,7,2.447223663330078,0.4472236633300781,0.9841236472129822,1.0,6.937837600708008
40,1,8,2.393404960632324,0.3934049904346466,0.9838363528251648,1.0,6.955411434173584
40,1,9,2.5049755573272705,0.5049754977226257,0.9845170378684998,1.0,6.694674491882324
40,1,10,2.492974281311035,0.4929741621017456,0.9843973517417908,1.0,6.977587699890137
40,1,11,2.5302484035491943,0.5302483439445496,0.9840757250785828,1.0,7.091257095336914
40,1,12,2.4267759323120117,0.4267760217189789,0.9837993383407593,1.0,7.050604820251465
40,1,13,2.4826290607452393,0.48262909054756165,0.984306812286377,1.0,6.852963447570801
40,1,14,2.5705466270446777,0.5705465078353882,0.9842382073402405,1.0,7.038359642028809
40,1,15,2.5500423908233643,0.5500423312187195,0.983854353427887,1.0,7.005569934844971
40,1,16,2.663170337677002,0.663170337677002,0.9841575026512146,1.0,7.288663387298584
40,1,17,2.4785094261169434,0.47850945591926575,0.9845332503318787,1.0,6.733609199523926
40,1,18,2.4686038494110107,0.46860381960868835,0.9838044047355652,1.0,7.038234710693359
40,1,19,2.4853296279907227,0.4853295683860779,0.9839316010475159,1.0,7.117844581604004
40,2,0,-1.2472083568572998,-1.2472083568572998,0.013828462921082973,0.0,5.9891676902771
40,2,1,-1.315229058265686,-1.315229058265686,0.013772094622254372,0.0,5.816659450531006
40,2,2,-1.3358240127563477,-1.3358240127563477,0.013987432233989239,0.0,5.968791961669922
40,2,3,-1.3883877992630005,-1.3883877992630005,0.013707580976188183,0.0,5.891270637512207
40,2,4,-1.3671658039093018,-1.3671658039093018,0.013738973066210747,0.0,5.914462089538574
40,2,5,-1.3250453472137451,-1.3250453472137451,0.01388528198003769,0.0,5.817915439605713
40,2,6,-1.30078125,-1.30078125,0.013852961361408234,0.0,5.95781135559082
40,2,7,-1.269136667251587,-1.269136667251587,0.013702836818993092,0.0,6.063241958618164
40,2,8,-1.2882702350616455,-1.2882702350616455,0.013720144517719746,0.0,5.95872688293457
40,2,9,-1.2668460607528687,-1.2668460607528687,0.013694795779883862,0.0,6.081125736236572
40,2,10,-1.1732734441757202,-1.1732734441757202,0.013890662230551243,0.0,6.0775909423828125
40,2,11,-1.276384949684143,-1.276384949684143,0.013849025592207909,0.0,5.935372829437256
40,2,12,-1.3514471054077148,-1.3514471054077148,0.013613635674118996,0.0,5.859448432922363
40,2,13,-1.1522985696792603,-1.1522985696792603,0.013777255080640316,0.0,5.85984468460083
40,2,14,-1.2446891069412231,-1.2446891069412231,0.013754147104918957,0.0,6.1359758377075195
40,2,15,-1.2752443552017212,-1.2752443552017212,0.01365545392036438,0.0,6.204376697540283
40,2,16,-1.2238490581512451,-1.2238490581512451,0.01365545392036438,0.0,6.128623962402344
40,2,17,-1.2649335861206055,-1.2649335861206055,0.0135177131742239,0.0,6.105833053588867
40,2,18,-1.2792949676513672,-1.2792949676513672,0.01373322308063507,0.0,5.860533714294434
40,2,19,-1.3801614046096802,-1.3801614046096802,0.01356370560824871,0.0,5.977370738983154
40,3,0,0.2781237065792084,0.2781237065792084,0.013938503339886665,0.0,5.792505741119385
40,3,1,0.3890402615070343,0.3890402615070343,0.013660496100783348,0.0,5.501457691192627
40,3,2,0.3810290992259979,0.3810290992259979,0.013799075037240982,0.0,5.756875038146973
40,3,3,0.3713350296020508,0.3713350296020508,0.013506685383617878,0.0,5.802783966064453
40,3,4,0.4768970310688019,0.4768970310688019,0.01349561009556055,0.0,5.605885028839111
40,3,5,0.5009055733680725,0.5009055733680725,0.01350720040500164,0.0,5.32410192489624
40,3,6,0.4445837140083313,0.4445837140083313,0.013826278038322926,0.0,5.959835052490234
40,3,7,0.44141846895217896,0.44141846895217896,0.013468446210026741,0.0,5.452951431274414
40,3,8,0.4282667338848114,0.4282667338848114,0.013750465586781502,0.0,5.972874641418457
40,3,9,0.3539271950721741,0.3539271950721741,0.013747025281190872,0.0,5.854818820953369
40,3,10,0.454742968082428,0.454742968082428,0.013604194857180119,0.0,5.619637489318848
40,3,11,0.32763373851776123,0.32763373851776123,0.013599838130176067,0.0,5.645270824432373
40,3,12,0.5085863471031189,0.5085863471031189,0.013446396216750145,0.0,5.375017166137695
40,3,13,0.4612945020198822,0.4612945020198822,0.013497807085514069,0.0,5.590059757232666
40,3,14,0.3213239014148712,0.3213239014148712,0.013672723434865475,0.0,5.659969329833984
40,3,15,0.4099762439727783,0.4099762439727783,0.013633552938699722,0.0,5.963516712188721
40,3,16,0.39010754227638245,0.39010754227638245,0.013702786527574062,0.0,6.062758445739746
40,3,17,0.5640797019004822,0.5640797019004822,0.013569090515375137,0.0,5.81130838394165
40,3,18,0.4733283221721649,0.4733283221721649,0.013882147148251534,0.0,5.530843734741211
40,3,19,0.37485677003860474,0.37485677003860474,0.01374093908816576,0.0,5.765349864959717
40,4,0,0.192081481218338,0.192081481218338,0.015237841755151749,0.0,6.301265239715576
40,4,1,0.22496141493320465,0.22496141493320465,0.014957543462514877,0.0,6.530933380126953
40,4,2,0.2043243944644928,0.2043243944644928,0.015400825999677181,0.0,6.0757575035095215
40,4,3,0.2848625183105469,0.2848625183105469,0.015049032866954803,0.0,6.421364784240723
40,4,4,0.3105294704437256,0.3105294704437256,0.015474467538297176,0.0,6.511899948120117
40,4,5,0.2978852093219757,0.2978852093219757,0.015276902355253696,0.0,6.038659572601318
40,4,6,0.2767304480075836,0.2767304480075836,0.015382232144474983,0.0,6.787468910217285
40,4,7,0.3552456796169281,0.3552456796169281,0.015822192654013634,0.0,6.244347095489502
40,4,8,0.4384237825870514,0.4384237825870514,0.015018148347735405,0.0,6.553817272186279
40,4,9,0.3739352524280548,0.3739352524280548,0.014901503920555115,0.0,6.270785808563232
40,4,10,0.2818881571292877,0.2818881571292877,0.01510427426546812,0.0,6.5163164138793945
40,4,11,0.18368300795555115,0.18368300795555115,0.015196038410067558,0.0,6.414473533630371
40,4,12,0.3253246247768402,0.3253246247768402,0.015103382058441639,0.0,6.623411655426025
40,4,13,0.25102171301841736,0.25102171301841736,0.015379971824586391,0.0,6.753119468688965
40,4,14,0.5152204632759094,0.5152204632759094,0.015498102642595768,0.0,5.936056137084961
40,4,15,0.4325428605079651,0.4325428605079651,0.014862693846225739,0.0,6.634531021118164
40,4,16,0.24979016184806824,0.24979016184806824,0.015320331789553165,0.0,6.575963973999023
40,4,17,0.376412034034729,0.376412034034729,0.015105991624295712,0.0,6.386913299560547
40,4,18,0.24527102708816528,0.24527102708816528,0.015157504938542843,0.0,6.465738296508789
40,4,19,0.3068949282169342,0.3068949282169342,0.014990382827818394,0.0,6.208009719848633
20,0,0,0.9900221228599548,0.9900221228599548,0.012445912696421146,0.0,5.318804740905762
20,0,1,0.8565877079963684,0.8565877079963684,0.012586608529090881,0.0,5.311794757843018
20,0,2,0.8879046440124512,0.8879046440124512,0.012547158636152744,0.0,4.934387683868408
20,0,3,0.998034656047821,0.998034656047821,0.012542339973151684,0.0,5.199565410614014
20,0,4,0.8982028961181641,0.8982028961181641,0.012534068897366524,0.0,5.47322416305542
20,0,5,0.8699185848236084,0.8699185848236084,0.012518827803432941,0.0,5.396492958068848
20,0,6,0.8985118269920349,0.8985118269920349,0.012580830603837967,0.0,5.0863494873046875
20,0,7,1.023736834526062,1.023736834526062,0.012479863129556179,0.0,5.2208380699157715
20,0,8,0.8376785516738892,0.8376785516738892,0.012531712651252747,0.0,5.144037246704102
20,0,9,0.9554619789123535,0.9554619789123535,0.01254796888679266,0.0,5.328571319580078
20,0,10,0.9562159776687622,0.9562159776687622,0.012502179481089115,0.0,5.053772926330566
20,0,11,0.9140253663063049,0.9140253663063049,0.012525124475359917,0.0,5.055991172790527
20,0,12,0.9511358737945557,0.9511358737945557,0.012563132680952549,0.0,5.2165117263793945
20,0,13,0.8260799050331116,0.8260799050331116,0.012555038556456566,0.0,5.215437889099121
20,0,14,0.9289010167121887,0.9289010167121887,0.012568931095302105,0.0,5.124415397644043
20,0,15,0.9331645965576172,0.9331645965576172,0.01245042122900486,0.0,5.155887603759766
20,0,16,0.9292351007461548,0.9292351007461548,0.012512880377471447,0.0,5.290818214416504
20,0,17,0.8814512491226196,0.8814512491226196,0.012492279522120953,0.0,5.263399124145508
20,0,18,0.9621548652648926,0.9621548652648926,0.012612780556082726,0.0,5.350905895233154
20,0,19,0.8212831020355225,0.8212831020355225,0.012533290311694145,0.0,5.485306262969971
20,1,0,2.468611478805542,0.468611478805542,0.9842161536216736,1.0,7.119061470031738
20,1,1,2.5154566764831543,0.5154566764831543,0.9840170741081238,1.0,6.897278785705566
20,1,2,2.5681347846984863,0.5681347250938416,0.9839073419570923,1.0,7.0084099769592285
20,1,3,2.555034637451172,0.5550345778465271,0.9840148091316223,1.0,6.99324893951416
20,1,4,2.5126829147338867,0.5126829147338867,0.9842150807380676,1.0,6.896801948547363
20,1,5,2.4725911617279053,0.4725911021232605,0.984069287776947,1.0,7.005969524383545
20,1,6,2.484126567840576,0.4841265380382538,0.9841779470443726,1.0,7.179505348205566
20,1,7,2.4904096126556396,0.49040964245796204,0.9837687611579895,1.0,7.319604873657227
20,1,8,2.5177664756774902,0.5177665948867798,0.9839400053024292,1.0,7.162692070007324
20,1,9,2.459550142288208,0.4595501124858856,0.9837497472763062,1.0,6.802291393280029
20,1,10,2.609714984893799,0.6097148656845093,0.9840033650398254,1.0,6.965405464172363
20,1,11,2.444389581680298,0.44438955187797546,0.9837581515312195,1.0,7.084768295288086
20,1,12,2.508394479751587,0.5083944201469421,0.9838755130767822,1.0,7.022010326385498
20,1,13,2.510042905807495,0.5100428462028503,0.9841740131378174,1.0,6.831710338592529
20,1,14,2.4877657890319824,0.48776572942733765,0.9840313196182251,1.0,7.039548397064209
20,1,15,2.5627760887145996,0.5627760291099548,0.9840081930160522,1.0,6.917128562927246
20,1,16,2.539151668548584,0.5391516089439392,0.9842168092727661,1.0,7.1333699226379395
20,1,17,2.435865879058838,0.43586593866348267,0.9841439723968506,1.0,6.798824310302734
20,1,18,2.5114388465881348,0.5114388465881348,0.9841471910476685,1.0,7.050792694091797
20,1,19,2.4643399715423584,0.4643399715423584,0.9841213226318359,1.0,6.851296424865723
20,2,0,-1.240270972251892,-1.240270972251892,0.013705646619200706,0.0,5.961272239685059
20,2,1,-1.2982252836227417,-1.2982252836227417,0.013627871870994568,0.0,5.947177886962891
20,2,2,-1.2969130277633667,-1.2969130277633667,0.01369542721658945,0.0,5.968690872192383
20,2,3,-1.2763605117797852,-1.2763605117797852,0.013977603986859322,0.0,5.966686248779297
20,2,4,-1.2893444299697876,-1.2893444299697876,0.01373186893761158,0.0,5.910370826721191
20,2,5,-1.3547663688659668,-1.3547663688659668,0.013665341772139072,0.0,5.943942070007324
20,2,6,-1.2897670269012451,-1.2897670269012451,0.013711436651647091,0.0,5.851659297943115
20,2,7,-1.2697231769561768,-1.2697231769561768,0.013679527677595615,0.0,5.892400741577148
20,2,8,-1.2816245555877686,-1.2816245555877686,0.013713860884308815,0.0,5.949224948883057
20,2,9,-1.2872618436813354,-1.2872618436813354,0.01356661505997181,0.0,5.9140143394470215
20,2,10,-1.2934153079986572,-1.2934153079986572,0.013653109781444073,0.0,5.8975934982299805
20,2,11,-1.264452576637268,-1.264452576637268,0.013675892725586891,0.0,5.908927917480469
20,2,12,-1.3237265348434448,-1.3237265348434448,0.013556409627199173,0.0,6.022416114807129
20,2,13,-1.372548222541809,-1.372548222541809,0.013642936013638973,0.0,5.778929710388184
20,2,14,-1.267521858215332,-1.267521858215332,0.013685268349945545,0.0,6.027899742126465
20,2,15,-1.3781335353851318,-1.3781335353851318,0.013790760189294815,0.0,5.915505409240723
20,2,16,-1.2955389022827148,-1.2955389022827148,0.01379167940467596,0.0,5.675359725952148
20,2,17,-1.3466415405273438,-1.3466415405273438,0.013821805827319622,0.0,5.6943864822387695
20,2,18,-1.311669111251831,-1.311669111251831,0.013727574609220028,0.0,6.060523986816406
20,2,19,-1.2523698806762695,-1.2523698806762695,0.013650529086589813,0.0,6.000288963317871
20,3,0,0.4172155261039734,0.4172155261039734,0.013673145323991776,0.0,5.836396217346191
20,3,1,0.36791184544563293,0.36791184544563293,0.013620847836136818,0.0,5.736654758453369
20,3,2,0.3827846944332123,0.3827846944332123,0.013578898273408413,0.0,5.409790515899658
20,3,3,0.45201966166496277,0.45201966166496277,0.013684854842722416,0.0,5.860731601715088
20,3,4,0.3727220296859741,0.3727220296859741,0.013615147210657597,0.0,5.577316761016846
20,3,5,0.3984954357147217,0.3984954357147217,0.013588784262537956,0.0,5.609606742858887
20,3,6,0.42693978548049927,0.42693978548049927,0.013719086535274982,0.0,5.788593292236328
20,3,7,0.4078940153121948,0.4078940153121948,0.013829112984240055,0.0,5.572786808013916
20,3,8,0.5020312666893005,0.5020312666893005,0.013724777847528458,0.0,5.681039810180664
20,3,9,0.4485226571559906,0.4485226571559906,0.013496194034814835,0.0,5.644859313964844
20,3,10,0.5172079801559448,0.5172079801559448,0.013757853768765926,0.0,5.642210960388184
20,3,11,0.3798481225967407,0.3798481225967407,0.013808201998472214,0.0,5.740034580230713
20,3,12,0.4605066478252411,0.4605066478252411,0.013713319785892963,0.0,5.788930416107178
20,3,13,0.2727116644382477,0.2727116644382477,0.013599812984466553,0.0,5.576014995574951
20,3,14,0.41833317279815674,0.41833317279815674,0.01362430676817894,0.0,5.651045799255371
20,3,15,0.35706380009651184,0.35706380009651184,0.013712727464735508,0.0,5.845119476318359
20,3,16,0.5000594854354858,0.5000594854354858,0.013686967082321644,0.0,5.474477767944336
20,3,17,0.3419919013977051,0.3419919013977051,0.013676323927938938,0.0,5.820093154907227
20,3,18,0.3892773389816284,0.3892773389816284,0.013564215041697025,0.0,5.81838846206665
20,3,19,0.3383623957633972,0.3383623957633972,0.013753156177699566,0.0,5.7916669845581055
20,4,0,0.5167354345321655,0.5167354345321655,0.015343713574111462,0.0,6.460822582244873
20,4,1,0.2354334443807602,0.2354334443807602,0.015392085537314415,0.0,6.272971153259277
20,4,2,0.354593425989151,0.354593425989151,0.015185554511845112,0.0,6.3080902099609375
20,4,3,0.26546311378479004,0.26546311378479004,0.015101026743650436,0.0,6.60698127746582
20,4,4,0.28047463297843933,0.28047463297843933,0.015091760084033012,0.0,6.85434627532959
20,4,5,0.19724668562412262,0.19724668562412262,0.015109696425497532,0.0,6.2982025146484375
20,4,6,0.29574182629585266,0.29574182629585266,0.015045639127492905,0.0,6.442980766296387
20,4,7,0.3613395094871521,0.3613395094871521,0.01493702083826065,0.0,6.476168632507324
20,4,8,0.4399130046367645,0.4399130046367645,0.015130721032619476,0.0,6.638153076171875
20,4,9,0.2956838011741638,0.2956838011741638,0.014928997494280338,0.0,6.579476356506348
20,4,10,0.330936461687088,0.330936461687088,0.0155039606615901,0.0,6.582475662231445
20,4,11,0.45619356632232666,0.45619356632232666,0.015272527001798153,0.0,6.67971134185791
20,4,12,0.369578093290329,0.369578093290329,0.014887289144098759,0.0,6.583487510681152
20,4,13,0.17412497103214264,0.17412497103214264,0.015165655873715878,0.0,6.617483615875244
20,4,14,0.41263294219970703,0.41263294219970703,0.015255282633006573,0.0,6.295270919799805
20,4,15,0.1182471290230751,0.1182471290230751,0.015469254925847054,0.0,6.693474769592285
20,4,16,0.45478585362434387,0.45478585362434387,0.01532667689025402,0.0,6.535326957702637
20,4,17,0.3935290575027466,0.3935290575027466,0.014989592134952545,0.0,6.576449871063232
20,4,18,0.25714200735092163,0.25714200735092163,0.01507035456597805,0.0,6.474010467529297
20,4,19,0.2400103658437729,0.2400103658437729,0.015243695117533207,0.0,6.437782287597656
0,0,0,0.9594782590866089,0.9594782590866089,0.012502945959568024,0.0,5.191773414611816
0,0,1,0.9812779426574707,0.9812779426574707,0.012489358894526958,0.0,5.154778480529785
0,0,2,0.9519175887107849,0.9519175887107849,0.012477289885282516,0.0,5.1731462478637695
0,0,3,0.9174244403839111,0.9174244403839111,0.012482061050832272,0.0,5.2898736000061035
0,0,4,0.9458293914794922,0.9458293914794922,0.012491398490965366,0.0,5.094430923461914
0,0,5,0.9445906281471252,0.9445906281471252,0.012501557357609272,0.0,5.294934272766113
0,0,6,0.9534825682640076,0.9534825682640076,0.012462897226214409,0.0,5.13062047958374
0,0,7,0.9463305473327637,0.9463305473327637,0.012494917027652264,0.0,5.226470470428467
0,0,8,0.9819027781486511,0.9819027781486511,0.012484083883464336,0.0,5.215943813323975
0,0,9,0.9541451334953308,0.9541451334953308,0.012496870942413807,0.0,5.135279655456543
0,0,10,0.9809411764144897,0.9809411764144897,0.012499777600169182,0.0,5.209122180938721
0,0,11,0.9230156540870667,0.9230156540870667,0.012495446018874645,0.0,5.246084690093994
0,0,12,0.9492738842964172,0.9492738842964172,0.012479076161980629,0.0,5.263637542724609
0,0,13,0.9307217597961426,0.9307217597961426,0.012500101700425148,0.0,5.156594276428223
0,0,14,0.9398602843284607,0.9398602843284607,0.012487412430346012,0.0,5.174907684326172
0,0,15,0.9532255530357361,0.9532255530357361,0.012480438686907291,0.0,5.1888628005981445
0,0,16,0.9365043640136719,0.9365043640136719,0.012472850270569324,0.0,5.132656097412109
0,0,17,1.0539950132369995,1.0539950132369995,0.012479146011173725,0.0,5.259506702423096
0,0,18,0.9455753564834595,0.9455753564834595,0.012507560662925243,0.0,5.257472038269043
0,0,19,0.9739586114883423,0.9739586114883423,0.012486188672482967,0.0,5.165505886077881
0,1,0,2.561105966567993,0.5611059069633484,0.9842198491096497,1.0,6.964942455291748
0,1,1,2.567676305770874,0.5676763653755188,0.984148383140564,1.0,7.009762763977051
0,1,2,2.5840604305267334,0.5840604901313782,0.9841828942298889,1.0,7.01487398147583
0,1,3,2.5406064987182617,0.5406066179275513,0.9841782450675964,1.0,6.93187141418457
0,1,4,2.5440187454223633,0.5440188646316528,0.9842405319213867,1.0,6.901224613189697
0,1,5,2.5707669258117676,0.5707669854164124,0.9842028617858887,1.0,7.003884315490723
0,1,6,2.566080093383789,0.5660800933837891,0.9841843843460083,1.0,6.946377277374268
0,1,7,2.5591657161712646,0.5591657757759094,0.9842618703842163,1.0,6.960604667663574
0,1,8,2.5427956581115723,0.5427957773208618,0.9841697216033936,1.0,6.912927627563477
0,1,9,2.545776844024658,0.5457768440246582,0.984181821346283,1.0,7.041428565979004
0,1,10,2.563605546951294,0.5636056065559387,0.9841747879981995,1.0,6.935324668884277
0,1,11,2.5780153274536133,0.5780152082443237,0.9841328859329224,1.0,7.001873970031738
0,1,12,2.5120508670806885,0.5120508670806885,0.9841743111610413,1.0,7.0282392501831055
0,1,13,2.5624964237213135,0.5624963641166687,0.9841874837875366,1.0,6.961447715759277
0,1,14,2.5673351287841797,0.5673351287841797,0.9842565655708313,1.0,6.901649475097656
0,1,15,2.6006758213043213,0.6006758213043213,0.9842085242271423,1.0,6.9334330558776855
0,1,16,2.5342955589294434,0.5342955589294434,0.9841033220291138,1.0,6.99926233291626
0,1,17,2.5707473754882812,0.570747435092926,0.9841815233230591,1.0,6.973639488220215
0,1,18,2.5543837547302246,0.5543838143348694,0.9842011332511902,1.0,6.906007766723633
0,1,19,2.548804998397827,0.5488050580024719,0.9841322898864746,1.0,7.022695064544678
0,2,0,-1.2467800378799438,-1.2467800378799438,0.013659108430147171,0.0,6.078011512756348
0,2,1,-1.2447216510772705,-1.2447216510772705,0.013654002919793129,0.0,5.891533851623535
0,2,2,-1.246488332748413,-1.246488332748413,0.013709617778658867,0.0,5.915665149688721
0,2,3,-1.2282371520996094,-1.2282371520996094,0.013693039305508137,0.0,5.927563667297363
0,2,4,-1.2183842658996582,-1.2183842658996582,0.01371046993881464,0.0,6.011750221252441
0,2,5,-1.231406569480896,-1.231406569480896,0.013688500039279461,0.0,5.842942237854004
0,2,6,-1.2189723253250122,-1.2189723253250122,0.013724843971431255,0.0,5.9651384353637695
0,2,7,-1.2278574705123901,-1.2278574705123901,0.013672992587089539,0.0,5.894410133361816
0,2,8,-1.2238386869430542,-1.2238386869430542,0.013683652505278587,0.0,5.999875068664551
0,2,9,-1.2295221090316772,-1.2295221090316772,0.013664713129401207,0.0,6.054225921630859
0,2,10,-1.2409988641738892,-1.2409988641738892,0.01366958487778902,0.0,5.955822467803955
0,2,11,-1.2292964458465576,-1.2292964458465576,0.0136887701228261,0.0,5.898049354553223
0,2,12,-1.2483645677566528,-1.2483645677566528,0.013692619279026985,0.0,5.9259796142578125
0,2,13,-1.2428869009017944,-1.2428869009017944,0.013717938214540482,0.0,5.898096084594727
0,2,14,-1.2300795316696167,-1.2300795316696167,0.013667065650224686,0.0,5.942124366760254
0,2,15,-1.2313884496688843,-1.2313884496688843,0.013696580193936825,0.0,5.929307460784912
0,2,16,-1.2517043352127075,-1.2517043352127075,0.013687379658222198,0.0,5.983682155609131
0,2,17,-1.231400966644287,-1.231400966644287,0.013627743348479271,0.0,5.99950647354126
0,2,18,-1.2418333292007446,-1.2418333292007446,0.01374075561761856,0.0,5.95725154876709
0,2,19,-1.2140549421310425,-1.2140549421310425,0.013690360821783543,0.0,6.009865760803223
0,3,0,0.3708736300468445,0.3708736300468445,0.01365088764578104,0.0,5.905498504638672
0,3,1,0.3451749384403229,0.3451749384403229,0.013576406985521317,0.0,5.717601776123047
0,3,2,0.34746384620666504,0.34746384620666504,0.013675989583134651,0.0,5.765847206115723
0,3,3,0.36247146129608154,0.36247146129608154,0.013619682751595974,0.0,5.604282379150391
0,3,4,0.34639260172843933,0.34639260172843933,0.013627500273287296,0.0,5.65260124206543
0,3,5,0.392385333776474,0.392385333776474,0.013637284748256207,0.0,5.599394798278809
0,3,6,0.34062811732292175,0.34062811732292175,0.013565799221396446,0.0,5.650808811187744
0,3,7,0.3637717068195343,0.3637717068195343,0.013614078052341938,0.0,5.624198913574219
0,3,8,0.33552318811416626,0.33552318811416626,0.013646434061229229,0.0,5.646671295166016
0,3,9,0.3436330556869507,0.3436330556869507,0.01361277885735035,0.0,5.692302703857422
0,3,10,0.3711647093296051,0.3711647093296051,0.013637041673064232,0.0,5.595118999481201
0,3,11,0.38504883646965027,0.38504883646965027,0.013656912371516228,0.0,5.60807466506958
0,3,12,0.3572923243045807,0.3572923243045807,0.01365248765796423,0.0,5.576754570007324
0,3,13,0.4102694094181061,0.4102694094181061,0.013606235384941101,0.0,5.491288661956787
0,3,14,0.344294935464859,0.344294935464859,0.013635815121233463,0.0,5.605974197387695
0,3,15,0.34601062536239624,0.34601062536239624,0.0136489886790514,0.0,5.599893093109131
0,3,16,0.372029572725296,0.372029572725296,0.013633192516863346,0.0,5.576604843139648
0,3,17,0.34198036789894104,0.34198036789894104,0.013597279787063599,0.0,5.559031963348389
0,3,18,0.36059287190437317,0.36059287190437317,0.013614801689982414,0.0,5.5875372886657715
0,3,19,0.36170676350593567,0.36170676350593567,0.013640484772622585,0.0,5.700925827026367
0,4,0,0.3315960168838501,0.3315960168838501,0.014874075539410114,0.0,6.492481231689453
0,4,1,0.2545683979988098,0.2545683979988098,0.014943084679543972,0.0,6.543895721435547
0,4,2,0.21839764714241028,0.21839764714241028,0.01489503774791956,0.0,6.406400680541992
0,4,3,0.23936164379119873,0.23936164379119873,0.0149364173412323,0.0,6.4468512535095215
0,4,4,0.292182058095932,0.292182058095932,0.01490449346601963,0.0,6.602533340454102
0,4,5,0.23800791800022125,0.23800791800022125,0.014874342828989029,0.0,6.506691932678223
0,4,6,0.3444153964519501,0.3444153964519501,0.014962413348257542,0.0,6.664822578430176
0,4,7,0.27919524908065796,0.27919524908065796,0.014908366836607456,0.0,6.679994583129883
0,4,8,0.2453157901763916,0.2453157901763916,0.014840235933661461,0.0,6.608851909637451
0,4,9,0.2562331557273865,0.2562331557273865,0.014878668822348118,0.0,6.5115437507629395
0,4,10,0.3530101180076599,0.3530101180076599,0.014900239184498787,0.0,6.54220724105835
0,4,11,0.2341262698173523,0.2341262698173523,0.014900931157171726,0.0,6.613718032836914
0,4,12,0.25389885902404785,0.25389885902404785,0.014934452250599861,0.0,6.49018669128418
0,4,13,0.16369231045246124,0.16369231045246124,0.01490775030106306,0.0,6.513669967651367
0,4,14,0.310641884803772,0.310641884803772,0.014903842471539974,0.0,6.583230495452881
0,4,15,0.27868232131004333,0.27868232131004333,0.01485424768179655,0.0,6.615588188171387
0,4,16,0.3320693373680115,0.3320693373680115,0.014935661107301712,0.0,6.484879970550537
0,4,17,0.23801152408123016,0.23801152408123016,0.014842151664197445,0.0,6.565065383911133
0,4,18,0.302701473236084,0.302701473236084,0.01489497534930706,0.0,6.5776824951171875
0,4,19,0.3106937110424042,0.3106937110424042,0.014910522848367691,0.0,6.528149127960205
