grad_inc_norm/t=0,grad_inc_norm/t=1,grad_inc_norm/t=2,grad_inc_norm/t=3,grad_inc_norm/t=4,grad_inc_norm/t=5,grad_inc_norm/t=6,grad_inc_norm/t=7,grad_inc_norm/t=8,grad_inc_norm/t=9,grad_inc_norm/t=10,grad_inc_norm/t=11,grad_inc_norm/t=12,grad_inc_norm/t=13,grad_inc_norm/t=14,grad_inc_norm/t=15,grad_inc_norm/t=16,grad_inc_norm/t=17,grad_inc_norm/t=18,grad_inc_norm/t=19,grad_inc_norm/t=20,grad_inc_norm/t=21,grad_inc_norm/t=22,grad_inc_norm/t=23,grad_inc_norm/t=24,grad_inc_norm/t=25,grad_inc_norm/t=26,grad_inc_norm/t=27,grad_inc_norm/t=28,grad_inc_norm/t=29,grad_inc_norm/t=30,grad_inc_norm/t=31,grad_inc_norm/t=32,grad_inc_norm/t=33,grad_inc_norm/t=34,grad_inc_norm/t=35,grad_inc_norm/t=36,grad_inc_norm/t=37,grad_inc_norm/t=38,grad_inc_norm/t=39,grad_inc_norm/t=40,grad_inc_norm/t=41,grad_inc_norm/t=42,grad_inc_norm/t=43,grad_inc_norm/t=44,grad_inc_norm/t=45,grad_inc_norm/t=46,grad_inc_norm/t=47
0.0001801162423202285,0.000157250187342823,0.00016930563080846129,0.00011885642856846449,0.00014458756610716153,0.0001102779807712625,0.00016613150036567996,0.00012581539427403813,0.00010716551837374804,0.00012166420144970926,0.00013581969300990654,0.00011764519768903593,9.581529351262479e-05,0.00013222628547597586,8.335877945580903e-05,8.527588535837869e-05,0.00012107579610540987,9.634922163933203e-05,0.00011521974708307404,0.00013481870683601494,0.00012773605910195197,0.0001263019240621812,0.00011776784909799576,9.825221718491193e-05,8.504811013425384e-05,0.00011020381974305534,8.724111915325051e-05,8.69596836438253e-05,0.0001055380035078664,7.935779172395624e-05,0.0001250877755059939,8.53671153939594e-05,0.00010114471642250783,0.0001164669598325894,0.00011706016512679862,9.085214102457528e-05,9.341364024035983e-05,9.531072851493742e-05,0.00010459633067004655,0.00013474087271778877,0.00014858971201686883,0.00018395761752183266,0.00013706634648838684,0.0001715949878258756,0.00016851142777462812,0.00021259193779583655,0.0002823902862619127,0.0004181485081613965
0.00020573248189147792,0.0001698461535992491,0.00020712223611094022,0.00011828286924075186,0.00016722582034998267,0.00014643651022897374,0.0001435284264218428,0.00014478721818990054,0.00018037838721997416,0.00022132276201625788,0.0001894852810452587,0.00013749740528331222,9.575186573484984e-05,0.00012029110642288098,0.00019398562419878495,0.0001487197027605453,0.00011419340292397489,0.00015634642078599356,0.0001795627025309888,0.0001731889680054123,9.893847798999434e-05,0.00011115361956460204,9.854829794953774e-05,0.00010929178575846824,9.620846581541151e-05,0.00012374928721355885,0.00010949382731085859,8.75100658472531e-05,0.00010569450264059934,0.0001624681870532592,0.0001455745423775302,0.00011116281537603743,9.418715591147734e-05,9.035475889453463e-05,0.00012748840971938348,0.00011221591106127206,0.00012016628128554594,0.00011751573889935726,0.00014261597564194206,0.00014626754320606365,0.00012859288766077035,0.0001792186153793646,0.00025619613980314897,0.00021265480779195548,0.00020769862162893003,0.0003142034336402337,0.00032882260503834076,0.000534306787542469
0.0001933409228053647,0.0002732144126476848,0.00022609077701442364,0.00029476383269058513,0.0002270558578214695,0.00017696032600979293,0.00019355816600009017,0.0002930016137564386,0.00033955070770263693,0.00015552947410171715,0.0002001094510824293,0.00019457459364131851,0.0001396688671416942,0.00018334944775239638,0.00012565331885051634,0.00015322626978222424,0.00015530866546231966,0.0002075006302596154,0.0001311229441487478,0.00023409819542163544,0.00017851539077947927,0.00019982631453399784,0.00017089778426153504,0.00021085112535343585,0.00020395823158538966,0.00012737369701234193,0.000118780473205651,0.00013232813566945885,0.0001731705402796456,0.00015461671403699958,0.00013157680167471517,0.00016522485521227014,0.00014545188388938177,0.0001360638471975283,0.00013496293631931673,0.00013870928260677437,0.0001679160057395324,0.00013592178683754464,0.00015965470026406097,0.0002248756476363924,0.00021154951091759952,0.00019658258335388277,0.0002254899882229509,0.0003532143882022422,0.00028415271294061396,0.0003577863646086857,0.0004358487865267938,0.0006707979780732698
0.00025097611610162173,0.00036289820322702024,0.0002618692936656815,0.0002625085598343959,0.00022088176846338172,0.00035335179347895036,0.00021042493701405385,0.00024654207097968923,0.00045402011167713376,0.00028865685191968024,0.0002967676842584219,0.0002078771852411862,0.00024474162963404627,0.0001962602538203445,0.0002605797671629458,0.00023688670223061533,0.00022317119783764891,0.0002792092354560328,0.00017509413178756845,0.0002399882406712604,0.00029497472577795237,0.00020871602756573492,0.00017720250430153505,0.00017890736303688846,0.000182848884242449,0.00021998069384974206,0.0001629578765487675,0.00015854235011433186,0.00020294855617278266,0.0003096626747595895,0.00019216406852935722,0.0002030483221722113,0.00018929280002897222,0.0002527832122595271,0.0002674550733127462,0.00030679687882739597,0.0002515073323300252,0.0002481092204487279,0.0003084402623856199,0.00028443024763165163,0.0003112762574638827,0.0002664288530361816,0.00035684864129028324,0.0004134193941694242,0.0004078389494090386,0.000505434457097107,0.0007031779746779095,0.0009599385514342478
0.0003790256355968959,0.00032756503306729796,0.0003539230615780654,0.00040484104515313825,0.00036625880742171765,0.0002779663247364656,0.00023578353819188582,0.0003056135857782931,0.00027864292271291563,0.00041200592288019426,0.00023810954168454134,0.0003546248907684769,0.0004993577507972686,0.00023682148130867858,0.0003555834632774493,0.00026988190244212393,0.0003091693634062763,0.0003420073196281094,0.00022309530617567323,0.00030871872893379194,0.0003234767495584568,0.0002111467819195853,0.00022751078764475424,0.0002911936066711112,0.00027090506764041654,0.0003245210372712659,0.00023021833062166595,0.0003061792540481655,0.0002435863864666791,0.0003752189186594609,0.00022007572000869155,0.00023987173003715603,0.0002363865510766579,0.0002732659869173061,0.00031487158924977407,0.000283516422146116,0.0003132448369700793,0.0003014341974063953,0.00034229440127794033,0.0003049372028578525,0.00035391024147378745,0.0003297737441744777,0.0003793639659041981,0.0005748603005507729,0.0004758657361727624,0.000570271607764678,0.0007861843360137856,0.0011496259214809296
0.00018767110620001405,0.0001398747648537986,0.00016762122155529146,0.00011904075055592259,0.00015293456378306092,0.00010531827798086678,0.00016152805961695498,0.0001310761759116328,0.00011014249818418473,0.0001224672255569408,0.00014060115924692835,0.00011997797486100467,9.523123638704549e-05,0.0001338214623762979,8.277587529322984e-05,8.606847388849019e-05,0.00012131294339072445,9.605561222796651e-05,0.00011486072123898937,0.00013486443252460752,0.00012633094673936748,0.00012784427457153207,0.00011783412134350441,9.760593973366698e-05,8.416432175645792e-05,0.00011281783302095978,8.78596055334903e-05,8.668961485687547e-05,0.00010466438740321473,7.952322327533413e-05,0.00012419037414995404,8.540303998149222e-05,0.00010141090124452957,0.00011566884332038028,0.00011636455512242982,9.064249407206132e-05,9.339107976948624e-05,9.504413340172691e-05,0.00010561744755519573,0.0001347800758282768,0.00014987700051215055,0.00018481142261437847,0.00013724992585933827,0.0001709312947791708,0.00016896350276505694,0.00021126118143886284,0.0002838615340283342,0.00042353164723680565
0.00015983407196349438,0.00015542320788986864,0.00022266244599407307,0.0001297835287736137,0.00018251990152685888,0.00014517318464534102,0.0001370345095189935,0.0001546037618162028,0.0001617069775362328,0.00020488617802908398,0.00019155148707902895,0.00013656379114119932,9.291060629485859e-05,0.0001279153235207286,0.00020335195361925133,0.00015735405768608487,0.00011439350668003726,0.0001627541265169988,0.00017801239188465715,0.00016949337747891187,0.00010154650167949881,0.0001163563736791066,9.680579855141219e-05,0.00010305231482854275,0.00010084984335457541,0.0001292148937240673,0.00011038916384392655,8.8378940473996e-05,0.00010960474072361328,0.00017090548408785257,0.00013874678297052102,0.00011664678606931827,9.33589355671838e-05,9.253730950120487e-05,0.00012944267519830147,0.00010706242824296553,0.0001194195105922623,0.00011628230763981595,0.00014585558179382077,0.00015265528652585298,0.0001280517101217657,0.00018993813900889317,0.0002472741440275131,0.0002258643557050893,0.00020986148004595304,0.0003188311626395396,0.00034575134565568955,0.0005187981025579056
0.00023112514153375433,0.00027181303095423894,0.00021819406362049988,0.00023838049005339048,0.00022970344559069977,0.0001837170608690443,0.00019508021084184687,0.000245736814463483,0.00032303919402977435,0.00016039379360471072,0.00020151818595373888,0.00018385761533729907,0.0001429456955375394,0.00017711610987854846,0.0001279498710750954,0.00014889450178437423,0.00016150857861146878,0.00020718629442535025,0.00012961694224870055,0.00023709416692037797,0.0001769802465472013,0.0002045240933295282,0.0001659450917859455,0.00021258835456301192,0.00020814768530901063,0.00012832492986622075,0.0001193397438985421,0.00013176200049928413,0.00017396171509235296,0.00015483723917735732,0.0001323405400728185,0.00016496264655497834,0.00014467794224188677,0.00013628166113129327,0.00013514078866234898,0.0001406100625134599,0.00016881804934870245,0.00013624879744891108,0.00015997069201631852,0.0002250688488262532,0.0002114248076514428,0.0001964819997561828,0.0002253789237784857,0.0003548364286092468,0.0002851310185381057,0.00035838550896570586,0.00043613308833664204,0.0006735969239624654
0.00025749647149009774,0.00034200258314023954,0.0002749646934100252,0.0003080622336215744,0.00023167477260369556,0.0003557438425504608,0.00020736626147719458,0.00023069529452390228,0.00044810227313616356,0.0002744464385683258,0.00031892760436820413,0.00020634132025797988,0.00021971539051039168,0.00020154969688256918,0.0002518322246952226,0.00024458587559748104,0.00023026976918590406,0.00026177126297624977,0.00017832706539426543,0.000254649823855926,0.00030738962749454627,0.00020606254781268076,0.00018103736124349795,0.0001815428855200107,0.00019176641428921153,0.0002135686284983748,0.00015953106551951714,0.00015771613598549762,0.00020344663402215737,0.0003030332049352565,0.0001898095601690895,0.0002136015001095424,0.00018470195614024644,0.0002451592458591016,0.00027627760027922207,0.0002906412133426913,0.0002451230503496025,0.00025708511620047085,0.0003089877348203006,0.0002822858290118817,0.00031541992361216044,0.00026226956011924984,0.00036152026000853347,0.0004083435291094043,0.00042311443239712433,0.0005335835552366696,0.000690417764614355,0.0009724877689766798
0.00035772416864340454,0.00039688580115437253,0.0003760827322588079,0.00044883591160900884,0.0004072401528230839,0.0002641482481957418,0.00024851561188706005,0.00030613629487476576,0.00028458327414518787,0.0004260501292729612,0.00024098027199204273,0.00035718204673712117,0.0004862114511734114,0.00023807197826027418,0.0003568501733837156,0.00026628029651987406,0.0003042005618505761,0.00033762996468538636,0.00022917002543015798,0.0003047423125687254,0.00033341134669847243,0.00021059335077038948,0.00022608932445729129,0.0002917729227301074,0.00027266547109045463,0.00032887857754192634,0.0002352439873611704,0.0003056726310685922,0.00024188778033587324,0.0003723233595330985,0.00022194805658664506,0.00023879465807489806,0.00024029504172545755,0.0002719225417824904,0.0003220530609147742,0.00028463739525344637,0.0003132087997242019,0.00030359925434033627,0.0003445226519137378,0.00030451008566873705,0.00035044827838520427,0.0003268529034186102,0.0003804130231719682,0.0005793684218357091,0.0004712406109141519,0.0005809118196301436,0.0007960026932629348,0.001119790713751379
0.00035980090418883005,0.00034972457550668326,0.0003220356966166533,0.00032191336772640066,0.000267232350927164,0.00020100863511018254,0.00025318815750382287,0.00026409781030398,0.0003097048378530307,0.0002127339466318536,0.0002200908786872583,0.0002203208598259269,0.000217710040899059,0.00017937582506288445,0.0003213078977418975,0.00025739943774892576,0.0003417377362188874,0.0002324807952649152,0.00022987186860388406,0.0002248836953035598,0.0001896501186853045,0.00019065743980074487,0.00019199685439390466,0.00023388508750396154,0.00022713343131522203,0.0001794600336558951,0.0002339573456477846,0.00017710110499424793,0.00020748851512966554,0.00020344047044701456,0.0002752390979704733,0.0002049104967017191,0.00016060655659582316,0.0001901088063043339,0.0002210013803476567,0.00021551864342591733,0.00024917104192609434,0.0002816689141809071,0.0002616281082976608,0.0004519985448617158,0.00030164800959198325,0.00033974768907094597,0.0003500724441117526,0.0004015681582008115,0.00044143238054404464,0.000500529129353225,0.0005574241569083451,0.0009529358566557096
0.0003781765494308338,0.00021995587983171343,0.0002933695747562346,0.00032988382592183873,0.000393130928009438,0.00026398972192040915,0.00023717354130922837,0.0003059490228234167,0.00024129368837229028,0.0001631485145782986,0.00017005618338129303,0.00017443180846178524,0.00025308181372631056,0.00015542332068832932,0.0001932406884571866,0.00019540163793128055,0.00023703444195644283,0.0001428617016481402,0.00020147022514771564,0.00021428477335639872,0.00016284232682540185,0.00015335348363922348,0.0001696515577674074,0.0001755482547732893,0.00020978477059520976,0.00021119980092310594,0.00019277106966819022,0.00016527972084125572,0.00016855513332760696,0.00014659091284067996,0.00014508197802146197,0.00013957884096403608,0.00017800745672406378,0.00016454197385225224,0.0002095829635379063,0.00015647996615183915,0.00024673873434582247,0.00020646349263793215,0.00021983796837496736,0.00018952494347541815,0.00021449245916155556,0.0002430493389640221,0.000263527288334769,0.0002515845325951964,0.00041481227628605607,0.0003638161721448342,0.0005736654271539754,0.0007940069533178028
0.0003656853927600993,0.00027860726516781457,0.00032105900111986045,0.0002577797537819958,0.0003509566902280016,0.0003011104241839294,0.00040138150391265734,0.00034787717748241095,0.00025238591439227163,0.00026049468362826576,0.00023042457601804195,0.00029429431345804534,0.00026649169756740547,0.00023955603525418017,0.00030383525757609204,0.00023104031370014738,0.00017568959712989217,0.00026766717379776266,0.00025949421388949805,0.00022391337648301537,0.00029188369559743945,0.0002980131030736321,0.00016641440948204016,0.00028272911645741886,0.0002046395216950211,0.00024365152267064657,0.00020321553720862334,0.0002813352066867956,0.00021137261633723064,0.00018358971950456132,0.0002808055894438056,0.000176413787509764,0.00023273147094980895,0.00019162773898709215,0.00021072656591649737,0.00017287991964459452,0.0002624555203096201,0.0002703026706375896,0.00023913201652428704,0.00021467245161313923,0.0002608561689521438,0.00036230066022841173,0.0003817631860500431,0.0003896843966828353,0.0004706682734522211,0.000422610587243988,0.0006349495166868618,0.0009241186339116802
0.0004442264394624543,0.0004630030810897843,0.00028713675705762054,0.00045258965246254844,0.00024911577846919715,0.0002138681384753253,0.00029403640834695945,0.0002407288009403489,0.0003073980857025412,0.0002946759191163017,0.0002169047128630251,0.0002954780957583221,0.000213620037234634,0.00024955922788648345,0.000232320483986739,0.00022009137869148803,0.00021684068879581272,0.00028725627843204077,0.0002712702879774629,0.00031084022836546656,0.0002662145645564289,0.00020418998501208602,0.00020472771065868135,0.00022441132853461782,0.0002106687859836561,0.00021599749959029415,0.0002508389601038153,0.00028715500891927904,0.00018347903290200654,0.00021708579402082362,0.0003014602552596393,0.00020659636847566545,0.00021317227820834454,0.00031976780999354824,0.0002466906540112649,0.00027869469864014374,0.00023004597536133462,0.0002385213470810817,0.0003632025618983352,0.0003054875650420109,0.00024790483434214953,0.0002926172871130099,0.00043870460834618456,0.00035015406238251347,0.00040674580109285256,0.00044960754255284714,0.0008110093023550101,0.0010144092797319817
0.00040156566678764934,0.00031042298117754874,0.00026705713725423046,0.0004954834287557985,0.0002551781048596547,0.00031360164051919394,0.00025203821573097215,0.00022709565834176537,0.00030746056982655233,0.0002466928442957811,0.00034650099252758537,0.00023625914028040462,0.0002272288242498157,0.00023657116407645838,0.00022406273387971974,0.0004705166352497779,0.0002874341414195449,0.0003654019659417809,0.0002461283436474248,0.0003002456859412631,0.0002353329271145171,0.0002309881495393021,0.0002735327716591802,0.00020769073266757056,0.0002591979033273289,0.00026999475003791905,0.0003384948150112348,0.00019456963622363152,0.00023024663356980467,0.00021625854219324285,0.0002446408564888689,0.0002250124097261233,0.00022982377224961033,0.0002430419467243822,0.00020369777442360936,0.00022027541928044874,0.0002353029615071613,0.00024227381502621198,0.0003680605065674345,0.00032599047815959787,0.0003194897382730396,0.00035008197699313524,0.00036916886757371904,0.0004972442178558601,0.00039499900184391585,0.00045534163372887705,0.0006417369849186855,0.0010202552365831345
0.0003279069141808306,0.0003260412643017896,0.00032370023336566155,0.0003114531276417873,0.00026434259142637775,0.0002046953073712717,0.00024591993685569387,0.0002634958726273891,0.00030495275135181853,0.00020567010170905605,0.00022119981799216602,0.0002238414703926761,0.00021499654341928292,0.00018043456766967097,0.0003255194274772182,0.00025792142878690153,0.00034171104516336797,0.00022615024337149903,0.00022857282111669687,0.00022411006839912978,0.0001898766974399053,0.0001869710735676567,0.0001927927347613058,0.00023336795014758757,0.00022561095903571272,0.0001807449014784136,0.00023436439202027947,0.0001761751237812271,0.0002081874080035673,0.00020365424708483696,0.00027545581439361924,0.00020474672578716445,0.00016056099591703392,0.00019048732932061668,0.00022042515847506573,0.00021543351242668988,0.0002493374664370213,0.0002832804038188716,0.00026135823753079386,0.00045304934934461185,0.0003007793064603717,0.0003398479144707244,0.0003510871444995645,0.00040037678414167545,0.0004417099745900286,0.0004987263259291312,0.0005570853625205228,0.0009481353658720603
0.0003404664222177521,0.00019735575898158114,0.00032831785944675834,0.00032601622749219277,0.0004220747134328903,0.0002670011368598027,0.00024535660003985446,0.00029849217515396786,0.00024050815096260075,0.00016911399392177554,0.00017215503316861521,0.0001708775134969153,0.00025359593867464524,0.00015625835438501742,0.0002005468497550811,0.0001910666515395119,0.00024430006907231257,0.00014108114117492544,0.00020345754925180773,0.0002148797402298625,0.00016460121839636583,0.00015540912638777694,0.00016594441656400945,0.0001781884382640166,0.00020512684705737506,0.00020707867006364828,0.00019648704131415933,0.00016858852623466254,0.0001666385624706545,0.0001489122135014781,0.00014144255779148328,0.0001415294712799562,0.00017642944344809506,0.00016804735367168683,0.0002095220018478804,0.00015631428093887905,0.00025169693152100593,0.00020934330060307912,0.00022085168015722895,0.00019165490356530762,0.00021160497352998428,0.00023945005296263796,0.0002590045668985483,0.0002546890866755604,0.0004109026194250237,0.0003626782271161238,0.0005709878586139444,0.0008259583056041415
0.00038257669784883176,0.00025368656889309196,0.0003047960947870956,0.00029479256054326203,0.0003139126149615343,0.00028493801816132486,0.0004100953018376741,0.00030302250561141576,0.00024382443088423903,0.00024595005161729734,0.00022654865562810264,0.0002861402146711366,0.0002697326617310958,0.000233963365655891,0.0003040668747423733,0.0002329192805934102,0.0001782085345259754,0.00026998068831036407,0.00026179382321332234,0.00022580903333831935,0.0002948316396076343,0.0002955372324413838,0.00016705761493280018,0.000278234069927649,0.00020590008131911007,0.0002419621320245891,0.00020447662807425977,0.00028271448918375036,0.00021201933763788662,0.00018073567851612153,0.00027903060133820226,0.00017700720190910114,0.00023125847742916044,0.00019090727665880254,0.0002115542907464223,0.00017279700647633396,0.0002622147644998166,0.00027041463651485695,0.00023986231502039153,0.00021472361010127063,0.0002602671175264986,0.0003635942088498485,0.0003835903974726898,0.0003895392810655886,0.00047200791119479386,0.0004225880219544962,0.0006382890101388822,0.0009208905407604188
0.0003041259093240491,0.0004580026331390495,0.00027657819229885233,0.0004513599989588454,0.00024940563383540475,0.0002149901624658869,0.00030860656338183094,0.00025166729031115355,0.00031510560517605975,0.0002905797643697333,0.00021180867603660855,0.00030175644815716484,0.00021827340493848875,0.00024698851633981684,0.0002364436639140571,0.0002264382213274274,0.0002151123024209891,0.00028171839576514616,0.0002724219317342325,0.0003081385993845505,0.00026695699422246043,0.0002041460196123277,0.00020636711446633246,0.00022642110091501412,0.00021255038748397022,0.0002142153019378125,0.00024845754131518213,0.00028683684954827353,0.000182854089187847,0.00021962759536339743,0.00030347537137420205,0.00020683361763108445,0.000214316572620085,0.00032039392367146574,0.0002481685104265628,0.00027944120390836904,0.0002311520561877758,0.0002381337737630027,0.00036470372760661067,0.00030500703716192647,0.000248188137620233,0.0002926207313003568,0.0004407705698744286,0.00035238422300127686,0.0004088038157241943,0.00044949752650826015,0.0008035786647024584,0.0010048689343846035
0.0003660848429105881,0.00032637383232420796,0.0002753819469976158,0.0004390732544556077,0.0002611215756336955,0.00030092038072362313,0.000246636807355734,0.00022873792006085418,0.0003050442700788081,0.00024618680206890204,0.0003474531737982354,0.00023433463033764918,0.00021990718195573762,0.00023195605698557144,0.00022737528359432753,0.00047682703622944624,0.00028727585953799284,0.00036534056643520286,0.00024359804238336598,0.00030133724243881283,0.00023376341021452368,0.00023016400688477488,0.00027318412028336773,0.0002085292791198858,0.0002599538559851302,0.0002700946280362394,0.00033964537999818815,0.0001933787542882828,0.00022984680458364794,0.00021682397033701838,0.0002451989279350275,0.00022554455845633843,0.00022927149619292789,0.00024315079881569493,0.00020333632287534008,0.0002199429424726368,0.0002352591287439436,0.00024292616497769798,0.0003677100087243845,0.0003253565890788073,0.00031986398914319626,0.00034946685816126665,0.0003672386813896703,0.0004970385293702246,0.00039580465951062085,0.0004545474799028109,0.0006413859573780756,0.0010115444585884112
0.00026672336486368263,0.00024482573138139284,0.00030318997278559187,0.00023372367818155936,0.0002059647947935179,0.0003640583461652197,0.00027452726832508296,0.00021767645968790824,0.00022039574735211034,0.0001998730874906156,0.00019028299562028387,0.00027051214813326633,0.0001760033327749048,0.00018117055003912232,0.00022145592389520504,0.0002137401697138695,0.00018233706337032364,0.00019899667054589082,0.00018622131510355786,0.00017810258304879758,0.00015389616075458477,0.00019917396983237746,0.0002636690396817587,0.00022092838790752087,0.0001753350645993598,0.00019829191158601142,0.00020944817822938702,0.00023964894020318632,0.0002239249758208969,0.00015622362637323888,0.00018061359013536528,0.00018134970175198294,0.0001892899299720586,0.00025601642116728147,0.0002347812806203708,0.00016094249598956557,0.0002073572272464669,0.000261891475152381,0.0001847065375301118,0.00017592872883402604,0.00028437871023887727,0.0002289309897588957,0.00029496346439751174,0.00027272207377145057,0.000384116643003532,0.0003528724916959838,0.0005283689698146296,0.0009400334484531018
0.00013060871185770133,0.00015704241432400932,0.0001521762109043018,0.00019023931535156111,0.00015430939806144258,0.00015383542722302427,0.0002138829367458546,0.00019538476992899724,0.0001604353276870284,0.0002076753259470847,0.00018283314951446638,0.0001385771312628872,0.00015440635074540662,0.0002032596840546264,0.00014476971594081615,0.0001460805834479011,0.00010690490472197359,0.00011260312993513228,0.00010362838219534746,0.00012372715912033403,0.00012743593881685403,0.0001396948537369321,0.00014660510351442312,0.0001514009084421799,0.0001605823522641625,0.0001284412346399869,0.0001383206459278651,0.00012090308229796039,0.0001402342769479973,0.00013801367771586933,0.0001564059759755077,0.00015083928569232515,0.00013573470597393958,0.00012606894801883432,0.00011694829876904435,0.00013625713965623496,0.00017972722481477717,0.00015307396256848468,0.00013670077493403674,0.00013644120313918088,0.00022039406440454428,0.0002403753517084353,0.0002008323016527281,0.00023810081122149575,0.0002623226412830697,0.00035019708554686983,0.0003336223050582548,0.0005808903910426608
0.00025297812726984197,0.0001102530269054603,0.00012713157089058903,0.0001622068826444369,0.00021495271198496003,0.00017323329012289737,0.0001223835137022639,0.00012267993837239936,0.00013679837966503426,0.00010436345363156736,0.00020770508069247503,0.00013544721817825502,0.00012563760646734724,0.0001063072312564426,0.00011034967640527708,0.00013333030335168603,0.00011068951335716001,0.00011432535358710271,0.00011063280439534807,0.000113412903982273,9.158718299234768e-05,0.00019177516510920405,0.0001205058625150029,8.968349948414145e-05,0.00011880204296982445,0.00010906204969779893,0.00010174075960770585,8.733847694198867e-05,0.00010180359848225418,0.00012182423519048179,8.91142779989202e-05,0.00011273760805718121,0.00011408147896423375,0.00010942593678091262,0.00012062258457834824,0.00010247966588405049,0.00010977577617497344,0.00015386277232600507,0.0001101665970558678,0.00015643102972636634,0.00016985226732155775,0.00012590344553123448,0.00013842704383752012,0.00017254365310239835,0.00017801933957637756,0.00023605324533288745,0.0002818893411560458,0.0006275461657098392
0.0003888166918717433,0.00043300216766639936,0.0003270235224978485,0.0004402585560966496,0.0004972472715813775,0.00026378951878041344,0.00021446890559884707,0.0002697194186634443,0.0003684844738418698,0.00027004763971353734,0.00021307500055585998,0.00027992331452557167,0.00027219073189872506,0.0003180372541866879,0.00021553545232877067,0.00021087332028746502,0.00026347560456029093,0.0001942158752362467,0.00024581503241437915,0.0003515104078403656,0.00023456931182409992,0.00029414255541431253,0.00024202150505599264,0.0002122979569068978,0.00021107077952521914,0.00020178091394430517,0.000209358265921284,0.00019631789700061688,0.0002636370506238192,0.0002124728243981583,0.0003066142113261976,0.00026769969919144984,0.00020403714117788238,0.00027492241579863693,0.0003226000234568217,0.00022875862224987684,0.0002261706909637642,0.00022580339797700097,0.00029556978002935304,0.00032626138137880977,0.00027620195150103926,0.00027664833373180787,0.0003487437179748444,0.00043806139214151805,0.0005122347957218513,0.0004850958599895158,0.0006607886923673355,0.0010445274049201451
0.0005009218319540636,0.0004229661631933843,0.0005039172377787866,0.0003199420423222323,0.00037344014801907844,0.0003966903562346253,0.0003801295875886092,0.000341976325300195,0.0005154534567396455,0.000261586535057554,0.00035530904290211355,0.000361887579932293,0.0003809152348867687,0.0002540720667805544,0.0003568480296648662,0.00026036657876727596,0.00034755846536765536,0.00029027172737471714,0.00030641655916621496,0.0004363113638875686,0.0003214898620637752,0.00032815812448542696,0.0002563304043708204,0.00032663183177217053,0.00035933947783440054,0.0003283660203117549,0.0002657456921958924,0.0003879682536835926,0.00025590129775015423,0.00031464506654117666,0.0003751341401768134,0.0002880789588967106,0.0003667626386859525,0.0002645307497359485,0.0005469991831397206,0.0003450067377216649,0.00034067937000684573,0.00033300935480198846,0.0004463625398338589,0.0003865441757399167,0.0005076094876480407,0.00038837104228850265,0.00041896800545210657,0.0004934053401177506,0.0006132047582440883,0.0008180112562115596,0.0008751307659739327,0.0012936269925659127
0.0002827618596988125,0.0002386490638999793,0.00029599042187966005,0.0002370773166633357,0.00020275259046403674,0.00035863551445545675,0.00027961034518060574,0.00021477532994594264,0.00022102650069447512,0.00020151667539957245,0.00018954647288277386,0.00027632053249138826,0.00017488118710067116,0.00018140011187702787,0.00022312683226295783,0.00021545340115865087,0.00018091514351834453,0.00020101546657272598,0.0001871713209301976,0.00017754702541543984,0.00015390594125665072,0.0001992810222720617,0.00026249601989594305,0.0002223085502740059,0.00017215117928138436,0.00020021152497257417,0.00021039975888450458,0.00023752677900383497,0.00022518488269363237,0.00015569683040660048,0.0001806016416732539,0.00018191560906274265,0.00018932153946530576,0.0002545919708826181,0.00023594944832509542,0.00016175376515646176,0.00020781622482679362,0.0002630183940627271,0.00018367377688572936,0.00017680389428968637,0.0002825793619983548,0.00022878475700409133,0.00029665731052926433,0.0002718268433037908,0.00038349659825129604,0.0003513057600269398,0.0005210626191667722,0.0009398488524534406
0.00012488281666617968,0.00015234097936364226,0.0001483002845763764,0.000191212879674224,0.0001586314651515164,0.00015651947113101542,0.00021053804997747083,0.00020814231117440582,0.00016623526455182246,0.00021692153240975,0.00018195388573487626,0.00013977731668096582,0.00015166924341271514,0.00021486873667196608,0.00014334384723166936,0.00014599630333145768,0.00010684941588010215,0.00011329358035540349,0.00010463572504422438,0.00012440876279362837,0.00012534511700782456,0.00014163216470965454,0.00014768838535661935,0.00015202161830037202,0.00016286611864349806,0.0001284788425614251,0.00013980467031768533,0.0001219890525582767,0.00013938287578815528,0.0001364353657499994,0.00015661337101948458,0.0001504112962042847,0.00013631621629948441,0.00012663362205158837,0.00011659859702229344,0.00013693094970991504,0.0001786870045916119,0.00015241861489787405,0.0001367201315442804,0.0001361293735478164,0.0002208357712944606,0.00023880913102556134,0.00020013285250563352,0.0002388934862438753,0.0002628977017650289,0.0003514833155638778,0.0003336081294421375,0.0005787917514006966
0.0002472480817194625,0.00011293389407375203,0.00012678532771974568,0.0001560112070783972,0.00021973045863701212,0.0001791752496620104,0.00012211389928711515,0.00012345770733259543,0.00013946813804118817,0.0001056108709250805,0.0002032011644446064,0.00013266378020206386,0.00013487318327803918,0.00010737631854840682,0.00011022889805898245,0.00013455418113308558,0.00011056104195231251,0.00011475292044480635,0.00011026613106412188,0.00011225044703310426,9.287049525767757e-05,0.00019109177892620091,0.00012027142208936483,8.99703814839522e-05,0.00011877247058552012,0.00010985627203123918,0.00010077247142669899,8.70279359445288e-05,0.00010173595095112621,0.00012200479666755523,8.851746464331724e-05,0.00011256638111205335,0.00011341333318228639,0.00010899697979713822,0.00012108740420463447,0.00010265907798314336,0.00010968208444293619,0.0001533384221500602,0.00011004531197831476,0.00015651550900628797,0.00016982558403265367,0.00012577188934055107,0.00013935173341566277,0.00017401698737392292,0.00017864489330689427,0.00023837815361899396,0.0002817207095851555,0.0006409243437067924
0.00038138859808232675,0.0004199937384927933,0.00031056958589574643,0.0004187833982300485,0.0004928781502024263,0.0002585894524897576,0.00020929788703401552,0.00026713342049186444,0.0003756787134386898,0.0002648924131494196,0.0002148650293658014,0.0002702044368988888,0.0002713532920528225,0.0003182546816865793,0.00021817766709940903,0.00020965716356647032,0.00026354485797623227,0.0001947223733767259,0.00024720924200793347,0.0003524652013675034,0.00023578127213856823,0.0002924945270262925,0.00024265775699878033,0.00021081176696540404,0.00021077375730949317,0.00020113304170504414,0.00021128309510119983,0.00019785804402283543,0.00026429990775092755,0.00021139338248992985,0.0003084784380876105,0.0002686834464639449,0.00020255315353433974,0.00027541572871348934,0.0003211009044179604,0.00022920678200857628,0.00022714136885136613,0.0002258314994034746,0.0002985989946523211,0.0003287455825666185,0.000277608760216885,0.000277246786315099,0.0003482127908277849,0.00043871383784292945,0.0005094845698837902,0.0004801036861179727,0.0006624778538457086,0.0010675919416377614
0.0004890773567269144,0.00045890411825558777,0.0005003823724635339,0.00032535012729814855,0.00037967573140362636,0.0004258457788437044,0.00036208784034404476,0.000338926343401387,0.0005088965456286386,0.0002628158973710603,0.00034693463696792515,0.00036368566130988114,0.0003806180834218079,0.00025314184310664664,0.00035461183054778507,0.0002585964778868906,0.00034859773118016895,0.00029068639864232283,0.00030436888094617073,0.00043777552846186856,0.00032144164361671337,0.00032933034300647177,0.0002561141886249242,0.0003282582035327892,0.00035684700888433314,0.0003229281302132687,0.00026440870610012313,0.00038849745682430437,0.00025520695415680994,0.00031421346553732796,0.0003766249597401832,0.0002896601761211063,0.00036589372561097343,0.0002635135569575071,0.0005445462219195142,0.0003443231327782594,0.00033921788982912206,0.00033276031864309605,0.00044385946806913126,0.0003864969449991247,0.0005081858008916362,0.0003893115590880116,0.0004188330217137146,0.0004936303425739034,0.0006116156912222869,0.0008155745204211188,0.0008717954626173723,0.0012935830475962213
0.0003043420604790901,0.0002679453187170655,0.00040848352349798076,0.0004000341409936731,0.0003204541940968848,0.0003718046921573829,0.00027683653047043215,0.0005000646211141828,0.0003051198475042551,0.0002907702167820942,0.0003429034813855836,0.0002326697894480425,0.00030857109948431515,0.000477371981960104,0.00047174862930356485,0.0002181019146317215,0.0002959130667944567,0.0002631533593097248,0.00022648141457563492,0.0002294857586363763,0.00032434455578497464,0.00022825634641670585,0.0002338181602193627,0.00033373223205580507,0.0002134093952814857,0.0001956470880293437,0.00029773859750629745,0.00025928138867459033,0.00023306968860377844,0.000436035752194117,0.0003027325835643019,0.0002262905479134241,0.00020004489763984266,0.00022419045082619436,0.00020819884867794686,0.00025051241323173056,0.00027120744282744575,0.0002736467917757892,0.00027484464603537884,0.0002804342593401131,0.0002985364333630969,0.00029112335721103523,0.00039321035903287825,0.000413343339762626,0.0004816894014309975,0.0006086395749412694,0.0009066793903286853,0.0014168151426168327
0.00017734496698518923,0.00023442667124105152,0.00019154891187881415,0.0002055808636764439,0.00022456394764192383,0.0002238915976085141,0.00019793177529651144,0.00017983711891033876,0.0003549584490571016,0.0002607408325810502,0.00015614412830495104,0.0002390020745620314,0.00017835154468375642,0.00017453616951656402,0.00021471305065928525,0.00015024948038345332,0.000199532549669582,0.00015952563159493007,0.0001830435974557862,0.0001613928876404031,0.0001961293309188161,0.00021889399679949554,0.00016055829359699195,0.00013083690213807023,0.000234054108409787,0.00014312558325309038,0.00011996543134792113,0.00019186465525595223,0.0001692074108644505,0.00020012996859294867,0.00018593476139650342,0.0001680667396038182,0.00016545973604390054,0.00024667729625307974,0.00014095922589757077,0.00014692720895236882,0.00017189632415420575,0.0002688758112649879,0.00016565684241885042,0.0002054027831611761,0.0002063677134154752,0.00019794094760753817,0.00022748127786727086,0.00025411259931364127,0.0003105640276100406,0.0004139884735583762,0.00045635940575211695,0.0006563209204317154
0.0003099789082916615,0.00021038763155341403,0.00022829348608976373,0.0002455213541582044,0.0002047386512804423,0.00022174571475524048,0.00016985068348012076,0.00033501559670047926,0.00028281809098244684,0.00016722680304999665,0.00017481786976895704,0.00023395755325802473,0.0001734313745230289,0.00016240717188720333,0.00017061037031090149,0.00017053029917058827,0.00016782298555525563,0.00023086134850477748,0.00018595534724929067,0.0002110439543556146,0.00015659347373060497,0.00015778003638355692,0.00021186805575723952,0.00020373651945340275,0.0001971735696357763,0.000179828517797444,0.00018114508745026297,0.00015148457287996364,0.0001496532598479515,0.00012680855689650624,0.00014230167611513364,0.0001766987580392854,0.00014830806247816754,0.00016369234014846623,0.00016301812776236808,0.0001521234045582294,0.00020094562179503507,0.00021132238827276922,0.00021164482611402399,0.00018850867597582156,0.0002392202651084101,0.00022971292980391867,0.0002247494264248518,0.00024860041050193195,0.00037883509463877886,0.0003230282305740872,0.0004782651055500653,0.0006245035405042893
0.0001414402383686037,0.0001226599220918275,0.00011732526918461039,0.00017154140446387037,0.00014624403288413212,0.00011650708887602426,0.00010718409272040519,0.00011742371363472269,0.00011253709426804814,9.640733404030886e-05,9.150907250863756e-05,0.00013826655097150093,8.405044360125702e-05,0.00012933936400971087,9.869489521337233e-05,0.0001303541297166076,7.740546670716741e-05,0.00011315354578771767,8.870606026218302e-05,9.752609038143323e-05,9.931277630998105e-05,9.900344946845998e-05,9.831468886330324e-05,0.00012532220211158827,9.688234265171101e-05,8.13077092368313e-05,0.00010796601744381048,0.00010061616179466454,7.066926990453469e-05,0.0001046102832188391,0.00010440051195779352,0.00010386913411534751,7.582806402575465e-05,9.293273874774687e-05,9.878081519810677e-05,8.730665167066919e-05,9.501781924695055e-05,0.00011206220179051214,0.00011675456207721743,0.00012143133506161215,0.00010348318509080745,0.00012227834648536625,0.00012105753227319967,0.0001463872452042675,0.00021194208810088638,0.00026587333106130263,0.00025072718486374265,0.00045886106809525797
0.0003691839450388043,0.00036104705498019875,0.00031358269759925264,0.0003696160361879387,0.0003194700803656906,0.0002697026399152388,0.0003866631128658875,0.00034931570226250894,0.000370195618202824,0.0002873615927726922,0.00027501402587396906,0.00032977788926503076,0.0002465642519637899,0.000351649992386786,0.0003253633892165853,0.0002097938443691204,0.00030264383872034373,0.0003033017886775472,0.00020641770067392068,0.0003343362040975996,0.00026607530265232226,0.00027646480066756337,0.00023818750002612074,0.0002935205429740811,0.0002586780341803208,0.00024727387196198065,0.0002837552817141876,0.00019996275205291152,0.00023404049942664555,0.00026642824237091276,0.00018917151294240212,0.00025638064150571867,0.00029530367784558496,0.0002136143888542725,0.0002796319496973511,0.00036241166353432767,0.0002356941148538336,0.00023777918582697553,0.0003009546144643127,0.0003101104194153839,0.00037597845136054997,0.00030500749427593733,0.0003446272648451033,0.00038493075204079055,0.0005377715128029168,0.00048589648520811087,0.0007390608395664908,0.0011012214074202348
0.0002954741365146293,0.00027367447437869476,0.00040288340897804125,0.0003570493698752803,0.0004329047785420379,0.0003599326373730319,0.00029439180925845335,0.0005375488136642365,0.00030461895721707214,0.0002787558371553065,0.00030966586793301044,0.00021497805915126502,0.0003273804915218256,0.00047947655130468837,0.0004720838851354346,0.0002145129541194345,0.0002896131089147383,0.0002621515731914091,0.00022547664077776788,0.000231436490234264,0.0003246327740733647,0.00022900112356856727,0.00023438948197100905,0.00033241456924480045,0.000214232007768489,0.00019515596886503242,0.0002984487290429238,0.00025985456151806133,0.00023295439312690194,0.0004346504629118473,0.0003027707965875243,0.00022568549319291166,0.0001999676723858492,0.00022390340819627102,0.00020816417373605242,0.0002510120733492587,0.00027054849218713297,0.0002737888802811866,0.00027567557396821114,0.0002802557238571929,0.0002984168840554138,0.00029175726856131985,0.0003920345563362605,0.000415246496573973,0.0004807593074037159,0.0006071429195828422,0.0009131939726860729,0.0014170188916401455
0.00018578684260429484,0.00021712243120770158,0.00020327379339962848,0.00018090533661131,0.00020507800911813952,0.00024015193651425343,0.0002214663639080863,0.0001992923115861593,0.0003739570489929441,0.0002638079471124157,0.00015402566096425096,0.0002502874726386567,0.00018098249629179967,0.00017618580979277175,0.00023353899729471647,0.00014407196228124818,0.0001811509247309621,0.00016372024138775664,0.00018874417615094585,0.00016015732017793925,0.00019147533043064162,0.00021625877048082447,0.00016769700941952114,0.00013518035118325808,0.00023228868116567438,0.00014261549819381928,0.0001227206807002886,0.00018501118953118185,0.00016509692047363185,0.00020618432367251722,0.00019301988816353483,0.0001604601571920485,0.00017007473801458292,0.00024888960177915995,0.00014337350561799208,0.00014986025868405812,0.00016958790686169478,0.0002689312317408844,0.00017079629700282985,0.00019705419234323701,0.00020156075313683812,0.00019946806935477844,0.00022503201249241559,0.0002636590981787374,0.0003043274311329631,0.0003968737290969572,0.0004804621666320987,0.0006704107483948532
0.00029107478214681514,0.000250877774246886,0.0002232912464777054,0.00019262414553648693,0.00021655571597127286,0.0001941726349788722,0.00016969990761026458,0.00033986094662495826,0.0002978206421023766,0.00017307382041944566,0.00017555121162474453,0.00023490104091208392,0.00019187685864053278,0.00016521003315792828,0.00017355428989705043,0.0001728533003595159,0.00016657677340017288,0.00023339979978596363,0.00018544822051633336,0.00020972307635890773,0.00015623192974890173,0.00016539031430545795,0.0002146518528151548,0.00020260021560934908,0.00019568886164596154,0.0001775474570736618,0.00018589106733993903,0.000155976179260587,0.00015055197525640104,0.00012637213739751787,0.00014228524365699158,0.0001764659137997477,0.00014855880963882042,0.0001640468330040115,0.00016308013282010053,0.0001526629961076349,0.00020124864544005696,0.00021144607857941758,0.00021125590528025688,0.00018850126164074457,0.00023943263240588082,0.00023028656220387117,0.0002249516486417878,0.0002489370993081918,0.0003784824037131227,0.00032326104138063653,0.0004798667857424341,0.0006242400278431178
0.00015548179142855638,0.00010735378826081698,0.00012198345272581997,0.00017954567819187473,0.00014245069801125036,0.00013825826001455065,0.0001090633857306255,0.00011147929844795475,0.00010264798259219672,9.936955202394502e-05,9.094160717336239e-05,0.00013883969946757149,8.49384498988225e-05,0.000131272823564285,0.0001025730482018481,0.00013166876516155257,7.82846202494871e-05,0.00011320039517444774,9.224063720507765e-05,0.00010227314066958734,0.00010535858066537122,9.625080895213555e-05,0.00011237486635813266,0.00012038854671776359,9.798910765351036e-05,8.197786293546816e-05,0.00010266106889855136,9.674315657253397e-05,7.153212778214189e-05,0.00010472390871177777,0.00010302189532390929,0.00010526220406373542,7.594897538327825e-05,9.049045247544343e-05,9.585035544683773e-05,8.9074828096404e-05,9.666758983373485e-05,0.00011142228124417237,0.00011633218778809269,0.00011579625279421975,0.00010353240246222572,0.00012176108461970469,0.00012106906414703145,0.0001464394918452871,0.00021450345597012708,0.00026649246852455315,0.0002511477074930868,0.00045858417770437736
0.0004025088578301098,0.0003929037787167042,0.00034695859160348074,0.0004450217253286037,0.00036212727464846143,0.00028230968548118636,0.00037067935082293446,0.00038033829200217274,0.00035860378503936824,0.0002775871730205525,0.00028593210167084424,0.0003080596820604545,0.0002451849560705253,0.0003689832855250907,0.0003215037833064044,0.00021480357239029576,0.0003095103028378193,0.00029235809308597263,0.0002017627517991042,0.0003442994532899532,0.00027386087058616345,0.0002715693829266543,0.00023926409448581229,0.0002857148611251131,0.00024899349586724785,0.0002525539302400795,0.00028780766177990605,0.0002050460422122092,0.00023946546827910818,0.00026927589911365714,0.00019258813506723522,0.0002520222321305688,0.0002987036361819648,0.00021649406960247249,0.0002860173942760834,0.000364005596584425,0.0002306465601878172,0.0002320775856508654,0.0003083822289172499,0.00030636540884495286,0.00037799893673495745,0.0003040283427571847,0.00033780662310732687,0.0003952515929268317,0.0005429818593211151,0.0004929810513770314,0.0007641300155826746,0.0011610080977063537
0.0004399937711246919,0.0003795062981465718,0.0003576553935122959,0.00028092881849053664,0.0003361283728436278,0.0003467386444454747,0.0002650015510376801,0.00024089510233586694,0.00026676680880137086,0.0003303903179346039,0.00019874152022073352,0.0002649893097707372,0.00021716221229324968,0.00017650401811879484,0.00030074078535024,0.0002592311781281845,0.0003416716268780347,0.0003429563551979149,0.0003057023696479078,0.00017451259307861528,0.00019956600837001264,0.0002135424069787642,0.0002776699709368779,0.00021317601361655727,0.00020762834407312984,0.0002016850185828588,0.00018569863552782693,0.0001925345705718827,0.00027372201813868587,0.00017098392073284304,0.00022255194176700043,0.00026508446447089405,0.0001769059436602507,0.0002079331300435472,0.00020024488709310807,0.0001692840796771584,0.00016765145520751388,0.00032604442267760515,0.00022909814007574195,0.00022007131052997789,0.000268704171988656,0.0002584457505362215,0.00027844711587794843,0.000340618684691626,0.0004026900759812186,0.00039184052411640914,0.0005285079951042178,0.0007841922177160499
0.0003527799624458076,0.00028813371155853945,0.00037540430758745206,0.00031472712414126486,0.0003587038780561147,0.00025831583993563337,0.0002669103098341297,0.0002472038516440372,0.0002988211306139347,0.00024565487564396173,0.0002573587296801466,0.0003207986247396822,0.00033607686207931656,0.0002764833397250866,0.0002386073913020254,0.00023979440517592462,0.0003069414929211341,0.000328430217450912,0.00017543707080095982,0.0002491250022991495,0.00022375364846825073,0.0002909098897952737,0.00024941887673939495,0.00024666799060762116,0.00021652725562535972,0.00018780449416995647,0.00025692785701241796,0.00022179618813086951,0.00022976038050103752,0.00018159375824116657,0.00030792631442791456,0.00019695989792995375,0.00027244498418944424,0.0003273740737388617,0.0002659988458328817,0.00024514253488382826,0.00024245823766618242,0.0002648114857201684,0.0002694615995070273,0.0003012822677645935,0.0002788040770279566,0.00042500170104717587,0.0003475360577277851,0.00039373191949127964,0.00046620333517938706,0.00047008351154287733,0.0007302096333112239,0.001018111520944294
0.00017338489734276623,0.00020543732344961463,0.00017766685567985582,0.00017053725130554794,0.00017313205274186377,0.00017103622865049712,0.00012711577102868097,0.0001342273772495116,0.0001725452376481766,0.00011246328734871788,0.00010652744844775676,0.00013678332776486963,0.00019864143536081023,0.00011076286299094029,0.00019568267775519485,0.0001335576598870399,0.00012662460853113435,0.00012120114695148174,0.00012316021190950986,0.00010838380670218515,0.00013475310941443703,0.00014799434331393168,0.00011300534268702819,0.00013517909457503918,0.00010033216896076597,8.945897758076716e-05,0.00010284847696124902,9.32679206680371e-05,9.634915294572762e-05,0.00010679148337942518,9.013434846739042e-05,0.00017893719281826724,0.00011990226979966898,0.00012318670777494866,0.00010856512210700852,0.00015710797731853616,0.00011015364947235323,0.00012631542633609365,0.0001376013909619742,0.00013843504976120293,0.00015402651076362167,0.00017294556136246268,0.00021100125743851256,0.0001962042534244798,0.00019961179109072484,0.0002809561812061731,0.0003008610742389502,0.0005525425482628618
0.0002651868830093438,0.00021706307855109508,0.00025173807200138667,0.0002691400352052792,0.00038275997347276793,0.00033583661470701825,0.00019580198765887914,0.00023747486536999032,0.00021237970271095115,0.0002411156836940561,0.0001991621546422525,0.00016479067860325174,0.00016972858024437573,0.00016333622731278837,0.00020532396879470156,0.00026347240969571426,0.00019394295782854655,0.0002803190712942365,0.00015662348291338462,0.00016114205539235902,0.00019229955440914492,0.00017589596713162562,0.00015352520264802627,0.00017440539033623212,0.00022733919857173033,0.00018568818114392033,0.00016569535849011337,0.00022269729245460272,0.00012996884496735146,0.00023023864905489944,0.000290566150946425,0.00023715955416475632,0.00023342781458898318,0.00016505119495010198,0.00016878711489175583,0.0002096413764635496,0.0002486126617179402,0.00017391963637145783,0.00020425703665467323,0.0003102081799251048,0.0002501978142850497,0.00030819922332282214,0.00036215784227782794,0.0003158765909126218,0.0003485972349889665,0.00041371545035637843,0.0005581080181171767,0.0007946073935778575
0.0003040495306299291,0.00033449881374402135,0.0003265478524301652,0.0003434731033407284,0.0003353327007412425,0.00024363384147672168,0.0003969039330146411,0.00028431483393971614,0.0003650226638914179,0.0002657040216272341,0.0003336572899274181,0.0002542098496517531,0.00039275353228654234,0.0002037723870458356,0.00032342355017353155,0.00028981812008272817,0.00023630075316613143,0.0003598965316915377,0.00019716097864992392,0.00029538055210527874,0.00018417387979148246,0.0002614698736027073,0.00017897020405143095,0.00023618613496666728,0.0002099217656783021,0.00020753603086742754,0.00027093125942189843,0.0002417397691776008,0.0003112281061124537,0.0002656509747540701,0.0002836844658645374,0.0002574524563765171,0.00034960894344200324,0.0003754956483702255,0.0002644014294528521,0.00032704903072331955,0.0003284287747889811,0.00031996364368726385,0.0002865743993582795,0.00022387036519686739,0.00031405597349351365,0.00030614375028741557,0.00031747984414220965,0.000360115111578865,0.0004515102273410035,0.0004950462875381603,0.0006726096998772534,0.0012698224599474318
0.0004273685135440359,0.00036680367174513566,0.0003476835623342638,0.00027495689765398785,0.0003145369246939939,0.0003574388314710593,0.0003013793573411313,0.0002474289600915371,0.00027315913447065985,0.0003267882968029396,0.00020232013073927797,0.00025517037057257917,0.00022442768432493152,0.00017978862615338935,0.0002757331121953576,0.00025787639515883386,0.00039141044265061405,0.00034160292082875546,0.00032131083789511733,0.00017117367801219342,0.00019539950998361278,0.00017517297981887908,0.00032169810584228625,0.00020825783454224254,0.00020402823011211085,0.00020550238250529787,0.00018803260789772544,0.00019543736141182253,0.00027493921011607756,0.0001727685742106671,0.00021886056016734434,0.0002657553469138472,0.0001771871750603016,0.00020499389510094288,0.00019924359829644683,0.00017016139248103964,0.0001684847131621183,0.00032439084685322413,0.00022814570958406007,0.00021950898128675326,0.00027018084739848116,0.0002566403868020554,0.00027894785282874045,0.0003425688040750267,0.00040040860556065126,0.00039315254754136047,0.000530854622737818,0.0007850549739420626
0.00034588031802732996,0.0003121477121401439,0.00035434498783848824,0.0003205077549038409,0.0003754771902090138,0.0002602167615462258,0.00026236224736429206,0.00024728100732442445,0.00030383519089801633,0.00025435173948887345,0.00025696558156147384,0.0003227004357591637,0.00035995999970900023,0.0002807378811674005,0.00025073825636530894,0.00024156153907410962,0.0003096482657542244,0.00032437966210129487,0.00017645163085641403,0.000246311276147097,0.00022429288057349204,0.0002906419714967007,0.0002499176269819428,0.00024763080939833214,0.00021683966015911647,0.0001879348605674258,0.00025646383969180834,0.0002199876438883192,0.00022945705280789344,0.00018090488107616178,0.00030789814437338735,0.00019693018829119088,0.0002723886318589429,0.00032757170769967867,0.0002661798732259927,0.0002456707371639094,0.0002427906625119102,0.00026470027059765895,0.0002701640055480125,0.00030146922025596154,0.00027913013052178245,0.00042538152189446516,0.00034828676820395786,0.000393119180912635,0.000465804074673018,0.0004710388511126818,0.0007311147671441359,0.0010299744378142288
0.00016142267189734065,0.00018802844892533698,0.00016636211270357217,0.00018371031215760986,0.0001747704708377558,0.00017442987823005482,0.00012618265458853712,0.00013429866762525684,0.00016830437736561622,0.00011402501531586505,0.00010756822208320112,0.00013759587233397707,0.00020061728701945922,0.00011087960764268643,0.00019782251104071062,0.00013131190223858298,0.0001280744664007632,0.00012150476155687032,0.00012510442712920775,0.00010914246131455508,0.00013394927091821138,0.00014722363339478767,0.00011351463417742273,0.0001361329500089646,0.00010048648148691533,8.994450605413255e-05,0.00010249622478081884,9.300551061535305e-05,9.668673698855507e-05,0.00010735203448192874,9.018186042628307e-05,0.0001785978501567945,0.00012035579138953456,0.0001228423024846789,0.00010834239008584875,0.00015724276606518154,0.00011020159626272603,0.0001265056786286902,0.00013760090958453455,0.00013817706557656007,0.00015405571606662548,0.00017308043085893836,0.00021179564791198651,0.00019594023698185818,0.00019938051190548567,0.00028030133328304667,0.0003009948151049815,0.000555722908355998
0.0002659402319668869,0.00021554632060664884,0.00025005835651554684,0.0002732030541654548,0.00039762303577473506,0.00035315584245213595,0.00022112675420261864,0.00021841387284492745,0.00021466030464297858,0.0002478953377323267,0.0001895942941104752,0.00016413109518137396,0.00016904991656112694,0.0001636965568243094,0.00020594559198584903,0.0002609763115091109,0.00019476160557871847,0.0002798226829623856,0.0001562975236737713,0.00016171204433817452,0.0001891529800217337,0.00017625923528020082,0.0001536517189107023,0.0001747631068306769,0.0002292708307356233,0.0001844688442643104,0.00016628599987382036,0.0002226183997414586,0.0001298809081829356,0.00023136054733933318,0.0002902507773412869,0.00023741811385341377,0.00023325324955078168,0.00016544999275672038,0.00016853823035150743,0.00021012081101646143,0.00024955446414968145,0.00017413709035241567,0.00020403674180944888,0.00031095071305539023,0.00024924735679622605,0.00030882366775586304,0.00036098213551020465,0.00031644181078221176,0.00035055467077766973,0.00041457188503657097,0.0005611287732834967,0.0007918751344811651
0.00031178629026832466,0.00036275166656436563,0.0003345599030479188,0.0003306599416999168,0.0003480900898429745,0.0002323249207599309,0.00035987447079061585,0.00028663736768832305,0.00036349078599735564,0.00026383925600128764,0.00033678982765199305,0.0002539342983617357,0.00039471809998643825,0.0002074664532272013,0.0003191261898123351,0.0002898715812545297,0.00023695418073324924,0.0003600037737913711,0.00019774071202302278,0.0002919289660243177,0.00018487727808653387,0.0002584827049121679,0.0001801460539939326,0.0002367297816846228,0.0002110842973218244,0.00020832238979650808,0.000272674372432313,0.00024067044182566428,0.0003112432131561768,0.00026610406503331925,0.0002845884185652211,0.00025732631630719126,0.00035085690512327877,0.0003747989865052492,0.00026441013335438116,0.0003268993057281488,0.0003296190120836389,0.00031826920901761424,0.0002866838776510971,0.00022416459215351674,0.00031420324824013156,0.00030607976128352565,0.0003179638995765487,0.00036110274062659014,0.000451433718984335,0.0004955330589564044,0.0006719574474405406,0.0012786849435373504
0.00016834764126857167,0.00010040560695705116,0.00012461253777751633,0.00010770991014107616,0.00011073936787359972,0.00020733781713883897,0.0001839186695250241,0.00012399794642524656,0.0002098184558455731,0.00010358229427959872,0.00011356645993339023,0.00010092961025742124,9.479067313086529e-05,0.00011047833382401373,9.761934173260326e-05,0.00010982530389568693,0.0001582665524735663,9.073778260044052e-05,0.00010582235372423602,9.466019825512468e-05,7.362591950420638e-05,0.00010287942588028929,8.816694571385272e-05,9.880675391081343e-05,9.189551963158223e-05,9.43708379443676e-05,9.539319371469453e-05,0.00014480526559219144,6.927204101214055e-05,8.69641701726899e-05,8.646675857709694e-05,8.407139759519566e-05,7.784086664247913e-05,8.859262105860852e-05,7.985828156823659e-05,8.470566172270508e-05,0.00010610535909465213,0.00010489694751203828,0.00012636028351184657,9.938084009328485e-05,0.00012314012611043643,0.0002015191943660353,0.00012346323649276627,0.000152012916594302,0.00014764506010331288,0.00022300231370047665,0.0002561913280115223,0.0003938044544490214
0.00045007204950842306,0.00036582395408077465,0.0003719705482814543,0.0003520244760348287,0.0003305083290096041,0.00031345924157815584,0.00041901472682010784,0.00030030839302453663,0.00030148938992252986,0.00027281623914041873,0.00032772414878740844,0.0002948601574149494,0.0003471333434027603,0.00039627148963654953,0.00034503266350640075,0.00031858524199931195,0.00022666980052321516,0.00027811137114909604,0.0002971622747565017,0.000243988132206766,0.0002114341574266085,0.00031424654018184247,0.00028842399021776976,0.0003302036712102604,0.0004262674927307899,0.00026519640814450375,0.00031231806773424184,0.00025772745662521916,0.0003906261335263173,0.0003661635483203614,0.000322179451382104,0.00023981953990951104,0.0002748148503049281,0.00031097663463294827,0.0003291881807025995,0.0003135966705130482,0.0003125093937321128,0.00032023214740287234,0.0003082958888216786,0.0002980546749114932,0.0004151267909083123,0.00042075910855720385,0.00038369023846114466,0.0005188459763890156,0.000619326541379333,0.0007195494610162013,0.0007291306299738839,0.0011063518429934118
8.760449024345542e-05,8.770381150731531e-05,0.00010679705494183605,8.479246563722097e-05,9.627217784738649e-05,7.200493260380233e-05,0.00010844694281343301,9.665120059470066e-05,9.186237626362668e-05,9.393162645054203e-05,6.901813817776207e-05,8.155947347568048e-05,8.553465672076205e-05,0.00011816769775321412,8.225501119125062e-05,8.0666961155635e-05,8.317163521575152e-05,8.414154325539276e-05,0.00010029799580192004,8.562690988898002e-05,8.916397014326774e-05,9.315760699100404e-05,7.04987656528424e-05,7.565952417117074e-05,0.00011174617426963581,7.52104262329689e-05,8.944383308777775e-05,7.699817688937935e-05,6.351132788994701e-05,6.639209402769115e-05,6.86014803827288e-05,9.639855609801378e-05,9.779952372127132e-05,7.186729077997842e-05,7.320665152287064e-05,6.186513680183762e-05,8.049461860018914e-05,9.284036888536965e-05,9.215759204952288e-05,7.606218671129987e-05,9.115157124105169e-05,0.0001374518660468873,9.927183212875764e-05,0.00012125566798610124,0.00014852070688161503,0.00015021660819488402,0.00023967161761606612,0.0003206754745102494
0.0003273794336083024,0.0002905984097124533,0.00028367660912328877,0.0003400307614538793,0.0002732824962562218,0.00025429572592860675,0.000295225509499935,0.0002603222142771087,0.0002209341436322163,0.0002607608301246506,0.00026249024514388755,0.00036640996358347136,0.0002630768875955568,0.00030169423375060587,0.0002832227720291646,0.00021714290289332312,0.0002562382590378398,0.0002208048554246693,0.00022457275997992177,0.00024252772424999142,0.0002612683060356956,0.0001721551274474129,0.0003069912400718946,0.0001823389970220372,0.000252223166497334,0.00024048465624644492,0.00019756670720156897,0.00024127355913556523,0.0002265757841616109,0.00019236541807754,0.00019341278937482634,0.00020127230676495286,0.00020330551372745078,0.0002046168813813991,0.00023870669299948585,0.0002029235028612124,0.00020125820955552368,0.00021237639257460424,0.00023440121889892874,0.00024632035686886894,0.00030008061188445525,0.000287989573926204,0.0003087038978264752,0.00033984240454397084,0.0005069000627678952,0.0005363159982295739,0.0005807716775848721,0.0009080638857479151
0.0002570462115081844,0.0003852164456928869,0.00022093604606940561,0.00027424904121272904,0.00022945243522087355,0.00024101573842181474,0.00034433963153735305,0.00028974875215566657,0.00028558171328722136,0.00025085343256665247,0.00021779317150281415,0.00028250206852438827,0.00030392954490458124,0.00026306734723354684,0.00023046712417298048,0.0002496534979192036,0.00024366447137511512,0.00018560787548859106,0.0002299824156232119,0.00028865498076648507,0.00019481805772596545,0.00022049865407737168,0.00017825660015270657,0.00017515743212052914,0.0001986451299880114,0.00029130130875349277,0.00016987060240868814,0.0002716569883475569,0.00022074308238411542,0.00015980889999486254,0.0001802315012247565,0.00018513247967074674,0.0002014935428703504,0.00017081273250141513,0.00019842961358640192,0.00017727792499373118,0.0002248159363616966,0.00020095686532317164,0.00018178080513747528,0.00019683227150948577,0.00023127394803863007,0.0003171200115704909,0.00028231515831233595,0.0002919006698351933,0.0004738323979064444,0.00039495153653231065,0.0005309700092355754,0.0009571814260707063
0.0001690146352723297,0.00010764938315556159,0.00011537036386262096,0.00011463263270887395,0.0001098987463812123,0.00020021656959623665,0.00016525182055246584,0.00012834994990971007,0.0002151636837603867,0.00010700662317078712,0.00011348560878799251,9.993956980117469e-05,9.634476471863784e-05,0.00011653099286848881,9.933453420814458e-05,0.00011054614800767396,0.0001578220742832737,9.058459386483845e-05,0.00010528586095647776,9.5521459858424e-05,7.179747933636566e-05,0.0001055730275254812,8.861953620934247e-05,9.956039441814067e-05,9.456659858373944e-05,9.619489240601517e-05,9.590327694932005e-05,0.00014569406809128037,6.884283916376036e-05,8.79684822443595e-05,8.464489877084194e-05,8.562219417966218e-05,7.863991652337322e-05,8.990036795071951e-05,7.91255199661597e-05,8.644091023516104e-05,0.00010631557619151942,0.00010466518113040317,0.00012406848644984218,9.954384840653302e-05,0.00012360152986752492,0.0002053555813297136,0.00012505836298502043,0.00015435664538516143,0.0001468486006782099,0.00022489313875907147,0.00025566032177714687,0.00038245319583314055
0.00048473468893104216,0.0003567325245561251,0.0003725802861451664,0.0003186158435070764,0.0003301702466395206,0.0003219425549460743,0.0004027422495960515,0.00029442214957597744,0.0003009668984516887,0.0002757893363417974,0.00035258877426727533,0.0002959035972241831,0.0003451033820388111,0.0003911264899408991,0.00034766162221659154,0.00032178627313904595,0.0002262551887271117,0.0002779267363059168,0.0002971641880970032,0.0002434736685246837,0.00021146400230606942,0.00031663463413801016,0.00028760255574259444,0.0003299313521576112,0.0004268707228141109,0.00026542460378002023,0.0003118238624428594,0.0002577425254763178,0.0003920551634381889,0.00036695679957104684,0.00032229059771647026,0.0002397084307258367,0.00027390194669033767,0.00031107496942128635,0.00032986612820599926,0.00031350431802785024,0.00031253788736750445,0.00032165086306526746,0.0003082096527204754,0.0002984218080266297,0.0004148053139409275,0.00042100668314765084,0.0003837836596179815,0.0005187536487444256,0.0006203226788799977,0.0007218360213689827,0.0007320877062026175,0.0011252231973205404
8.762294182105841e-05,8.602615972054046e-05,0.00010874690320661415,8.76648012121587e-05,0.00010049948475971058,7.351420751020349e-05,0.00010138539641308673,9.738608205144496e-05,9.214554259411808e-05,9.5588441355826e-05,6.6756831937767e-05,8.162506144098374e-05,8.57848008955268e-05,0.00011752015834999487,8.094654042464139e-05,7.848911771432865e-05,8.252963390267347e-05,8.553975112477326e-05,9.681209790824326e-05,8.622408570144339e-05,9.480994557815331e-05,9.384699792830969e-05,7.029838805503081e-05,7.578024739278106e-05,0.00011312811603150507,7.42691583390209e-05,8.987521941365081e-05,7.670018536266233e-05,6.352569545983832e-05,6.591307324604728e-05,6.89819191293852e-05,9.677164037668939e-05,9.883963224486827e-05,7.27644431004375e-05,7.324179216597737e-05,6.146375533439909e-05,8.033139416991557e-05,9.249730088218851e-05,9.224263861902688e-05,7.618021209668689e-05,9.120377244804724e-05,0.00013755329181614287,9.906397866355136e-05,0.00012191674523383199,0.00014782797853103892,0.00014973133343414518,0.00024124226475218558,0.00031663561916602645
0.0002770116973294691,0.00029282616897347095,0.00029679718345852085,0.0003242855485388123,0.0002667401728366616,0.00026184310784786995,0.0002930125322830943,0.00024834009655385107,0.0002026075453451548,0.00026946994007736984,0.00026387168701256304,0.000365711767090029,0.0002506308717971058,0.0002868333271924139,0.0002975272624143685,0.00021754618648489943,0.0002635137034164707,0.00022150565333464419,0.00022259402234962156,0.0002379266207751312,0.0002605828528394563,0.0001764876067422786,0.00030705480883932323,0.00018265313183161874,0.0002606941658180857,0.00025394315527426953,0.00020327822612085057,0.00023667645907375965,0.0002189019277943509,0.00018945005715179244,0.000194197119515211,0.000203831548172127,0.00020441872976898525,0.00020379832619035537,0.00024114594324708613,0.00020347380109374434,0.00020103112988354444,0.00021245240718419372,0.00023459078748714165,0.0002464121396824691,0.0003012603112730839,0.00028818732960899165,0.00030924307787605056,0.00033976648876565504,0.0005082282800609145,0.0005373350015685905,0.0005807267489784583,0.0009107351291621676
0.0002519145317416505,0.000388703971657492,0.0002492358052050412,0.00027158067300798647,0.00023307888234864023,0.00023672309143497712,0.00034641111977573314,0.0002956864353691072,0.0002866757657754327,0.0002251590550991681,0.00020488056159068984,0.0002604682921280364,0.00032662629605902127,0.00026544676667620377,0.0002237053221415312,0.00025951140499843537,0.0002192612496907877,0.00019130382390053193,0.00023256780881865047,0.00029030882951172843,0.00020005335605776428,0.0002243546379024515,0.00018023429848329026,0.00017718877325071384,0.0002141311725260884,0.0002899260455235491,0.00016726433619095564,0.0002706659757756972,0.00021945740513761163,0.00016073470650510742,0.00018417671498767058,0.00018305210575212758,0.00020411719540522024,0.00017330180674875114,0.0001977611170147715,0.00017759720008601816,0.0002269345941517207,0.00020134956252593886,0.00018200856568822575,0.00019711715912287513,0.00023420704035311758,0.00031784919031046247,0.00028370054952964424,0.00029175183494004433,0.0004762171127376436,0.0003957560494966734,0.0005315745893391047,0.000956708738505096
0.0004052210109602643,0.00031855755935416733,0.0003037396792980479,0.0002148943550386173,0.00031310205694485383,0.00024306492344204446,0.00026433156754661244,0.00025830924361016093,0.00026945599688014927,0.0003120956344759038,0.000270900552359589,0.00022606987914908832,0.0002780270635180921,0.0003325350460378608,0.0002920612483406512,0.0001837823104936203,0.00019378403766919143,0.0002889583935768747,0.0002376093003906697,0.0002545722355543763,0.00020790622319850213,0.00022005010864902994,0.00032411629726973704,0.0001967603762177996,0.00018189148955311175,0.00043507099057884255,0.0002982966478455566,0.0001752567747939665,0.00018974893011426526,0.00021959339544368889,0.00030388347586681857,0.0002070099003714826,0.0002557460090993003,0.00020018988772984542,0.0002641033130317129,0.0003160678983772062,0.00020553058802248608,0.0002802592278285553,0.000260824481993366,0.00030684227481903037,0.0003364819304308975,0.0003587842619200779,0.00031336343996756817,0.0004701436825100253,0.0004073460126064142,0.000542667106934486,0.00061142505780485,0.0008762747551516496
0.00033856212445373745,0.00031629506691543453,0.0002528865828548055,0.00038814293877003855,0.00022731327381392443,0.000266416594023516,0.0002699589960961355,0.00022177834382043296,0.00018756247191511287,0.0002072946510489123,0.00018779471639187946,0.0002801259148072687,0.0002625553802344674,0.0002230127682709157,0.00020256511294637378,0.000335197948804849,0.0002483754783324158,0.00020289229465611427,0.00023413537254311185,0.00017885014556014283,0.00021619527373847077,0.0002211006017073182,0.0002085878551288571,0.00025071326149076693,0.00021025305862335474,0.00018663125816376078,0.00023126629959246937,0.00019803618259040464,0.00018799360095866205,0.0002294574757425225,0.00017659072854650512,0.00019829026331576557,0.0001655757115636511,0.00026535110748099485,0.00017576121597050672,0.00025468153880944095,0.00017152512361914816,0.0002432755494269042,0.00022483559998438067,0.0002070019056099149,0.00023391349708112857,0.00027451218012043005,0.000414970536179556,0.00029683197005737503,0.00032995807456980713,0.00039438824477647726,0.0005630055287647898,0.0008345605344157538
0.0004318123650529163,0.00037381165362112076,0.0004638290573025707,0.0002822294885370003,0.000331719905763571,0.00027576506833653904,0.00023931578778990924,0.0002908158312701881,0.00029148375082738273,0.0002646915924811664,0.00032314962054558985,0.0002938475030369089,0.0003039832266897131,0.00024523496303661686,0.00019280232391022303,0.00026713280677845557,0.00026130767248136954,0.00031935359668069544,0.000348987123983854,0.00025035633296606257,0.0002250455843285587,0.00020950779694353563,0.0003066785231515915,0.0003309615038646672,0.00024824572832868465,0.0002631463276584463,0.00023567110861512084,0.0001924945554931831,0.00024407793397168256,0.0002166535401868028,0.0002566663665490722,0.00020007583883321738,0.00035691962974115964,0.00023617979454769092,0.00023914372583590978,0.00026854407900707753,0.0002248703289951698,0.00021771852395382414,0.00031458612209486856,0.0002643701099559247,0.00024933487995179365,0.0002913841262797816,0.00036260959223700955,0.000351863808340115,0.00048428453387800314,0.00047775255466399086,0.0006729177766315778,0.001072284981917052
0.000189223655044579,0.00020065291047759924,0.0002799440032179182,0.0002650392807332559,0.00023552061869829905,0.00028656158826595646,0.00017180753073371384,0.00023903165682104033,0.00017615822301821226,0.00022831917887328545,0.00018274670125205104,0.00020405037956484787,0.00021674632604934548,0.00019524377198193454,0.00025797199949843726,0.00018943496172206292,0.0002577957457274174,0.00016787336786502002,0.00019855399042534468,0.0001839452623223091,0.00021804989306786751,0.0001787093641539658,0.00015865498970064768,0.0001735072281940981,0.0001559415392497515,0.00015176670070267496,0.00016043688269729283,0.00019278688251823115,0.0002253180822381644,0.00021380934386191282,0.00013660583130332542,0.00016905744040861723,0.00019502718426810873,0.0002617952824718043,0.0001432283504737358,0.00017182625696568425,0.00021025500392302598,0.00020273295337654225,0.0001645945957839119,0.00025779161738623507,0.00018984663762869198,0.00024399622233645812,0.0002604256727677304,0.0002949633716903251,0.00030168331207185167,0.00040662284934677296,0.0004695211392917672,0.0006795485489977175
0.0003335796510156543,0.0003120756826276662,0.00031496856774959,0.0003289547733988448,0.0003332004612797369,0.0003504956946098748,0.0002933690170337987,0.00024616983413133537,0.00038898162396744737,0.0002236204519043027,0.0002386903485809129,0.00020204393600643773,0.00024005234533410228,0.0002317140942743745,0.0002999539130944715,0.00030140713050840395,0.00032419278658685305,0.00022046388192967177,0.00019841224416629192,0.00017782849958884156,0.0002289015837079358,0.00016135449559930427,0.00015609196369524583,0.0002011475736607616,0.0001615722888618704,0.0002809894201598606,0.0001680967474966801,0.00015576992654335963,0.0001815581156834569,0.00027089335853287176,0.0001830309439233495,0.00018677394328965884,0.0002115894878581012,0.00021093529755095196,0.00016190391197887886,0.00022798410082956917,0.00027321288915818377,0.00025753217333189906,0.00027616212797847834,0.00021970072518165745,0.00027410049079854774,0.0002558899641944193,0.00029572640072049607,0.00033118829849106954,0.0004655658895483799,0.0004694147895270275,0.0006284459967459292,0.0008220944354850126
0.0004127408851898044,0.00035573641828031755,0.00029460549891263785,0.00020664155546170785,0.00033062949479694255,0.00023416249120302696,0.0002598461532465963,0.0002532152323304928,0.0002776679606239219,0.0003145564012877437,0.0002544681890978016,0.00022774207586807326,0.00027642984172300983,0.0003531195514257321,0.00028559867340387164,0.000182517890152848,0.0001901735250849184,0.00030631459832662655,0.0002458017593184482,0.00025016110092627525,0.00020585223028219023,0.00022260108086820317,0.00032665264185854773,0.00019542427444478158,0.000200135794824742,0.00042903758775755753,0.00029835260023703807,0.00017866151370812982,0.00018209733842553522,0.00021703010327999765,0.0003019271272614794,0.0002088484264627522,0.0002570112513214755,0.00020629272137230527,0.00026420315967591666,0.0003156349203568399,0.00020391437514524047,0.00027177943008135073,0.00026002820873826196,0.0003099026544463413,0.00033052725158191654,0.0003538276082659527,0.00031498529313345137,0.0004682543503482994,0.0004046680782812624,0.000541908228801026,0.0006138828536528808,0.000878119534173169
0.00039154464639423053,0.0003383636992917776,0.0002275065521091873,0.0003768815392877959,0.00020713918730780887,0.00026887324346146164,0.0003076736412684356,0.0002343096009796743,0.0002102785638067864,0.00020928141939864636,0.00018375768942548696,0.000277486919712968,0.0002480951067282493,0.0002164308802093848,0.00020976975417227365,0.0003145071341044107,0.0002615533917877218,0.00018450396082355042,0.00024862844905232953,0.0001963512346678947,0.00020844782939111138,0.0002169233923287519,0.0001949881415876808,0.00021182716117417434,0.00022324816434741022,0.0001965892884814985,0.00024568082908042933,0.00019802342668397745,0.00018932563973925341,0.00023779432830028149,0.00018192379100247995,0.0001973138297850694,0.0001667903115811768,0.00026844616311163914,0.00017072137477422718,0.0002585365546811854,0.00017002283422665957,0.0002412404667197732,0.00021961168411598173,0.00021005264384872644,0.00023057632955514857,0.0002675865106348102,0.0004152007913912741,0.00029172808046114246,0.000332909094987002,0.00039726817693208345,0.0005618992155762627,0.0008343050976942809
0.0004376351225587909,0.00034287929509082746,0.0004713676525400518,0.0002947199337888435,0.00033711964592675895,0.00027061767125387937,0.00023974137221669076,0.0002820458413076717,0.0002925939715992552,0.0002649342203763933,0.00032957850954997754,0.0002949626736182336,0.0002995619245772722,0.00024108969710829125,0.00019444561770886796,0.00026452408399378093,0.0002682550473725602,0.00031506536526906576,0.00035613205747397545,0.00025004830752558193,0.00021972998457232758,0.00021041258924632493,0.0003070204546397726,0.0003306483098494088,0.0002485982919509585,0.0002641705586182538,0.00023635577755779324,0.0001922344686545699,0.0002438384083003016,0.00021627876883264114,0.0002559545937248204,0.0001990677452081316,0.0003556344705831108,0.00023692124881350177,0.00023847256893029628,0.0002680909138170594,0.00022542288114055128,0.000217806899484363,0.0003143161701631062,0.0002643522801561292,0.0002496494330292746,0.000292116584233109,0.0003617347025018747,0.0003518529104125032,0.000485411326520551,0.0004780351497946891,0.0006778408266202853,0.0010810637356530638
0.00019007002504214704,0.00019596403420852677,0.00029099955274377215,0.00026462759759900145,0.00023621849890407187,0.0002941958931935964,0.00017288686201732723,0.00024282849283557614,0.00017634987720096558,0.00022897930713629855,0.00018402384697176034,0.00020692403820927164,0.00021649112899740098,0.00019144762492990364,0.00026066654584088465,0.00019133983492101978,0.000258692938021621,0.0001660707855474089,0.00020010500076755817,0.00018212429170426242,0.00021978898623064422,0.00018023450480976605,0.00015787877756470343,0.00017261634402238095,0.00015619249209476127,0.00015266796060460524,0.00015968809063501418,0.0001931845168899875,0.0002239271578697214,0.00021297437487074452,0.00013656516658021726,0.00016916423119462803,0.00019449282294555105,0.00026176064732105075,0.00014294781432962642,0.00017181751153890387,0.0002096292100002844,0.00020360804047351644,0.00016409139756235047,0.00025887069549591885,0.00018957437615653753,0.00024295436972068476,0.0002591598639405705,0.000294768501740334,0.00030149229362481656,0.0004038625574093693,0.0004733790293450761,0.000677075376531519
0.0003630134164346681,0.0003435894616819883,0.0002896937985770549,0.00029278956446298894,0.00033170533808784587,0.0003482041180815138,0.0002974220596708241,0.000247251793995349,0.00039027132808098537,0.00022265915688451577,0.00023556658599888965,0.00020353665224271975,0.00023820612889010023,0.00023152853276561247,0.000287201748217664,0.0002942610491233374,0.0003292945848337523,0.00022096187227324006,0.0001994131002924362,0.00017683327958023713,0.00022587124218027626,0.0001623874148065702,0.00015568822092212954,0.0001998775857871329,0.0001624898298097443,0.0002842920560120623,0.0001692092584142917,0.0001573937941317067,0.00018062938096422107,0.00027122016912961577,0.0001852415920733678,0.00018574792474752733,0.00021414798947804906,0.00021284771250173324,0.00016196809924547652,0.00022756226798841718,0.00027441163556802975,0.0002554720908966315,0.0002754288662263231,0.00021928985877638484,0.000273596529379584,0.0002560122432696679,0.0002932113686474607,0.0003338398860620843,0.00045810456850193084,0.00047571371074858017,0.0006412924942746184,0.000816623042068135
0.0002826465737022018,0.0004987812970501462,0.0002202437383361194,0.0002654911858236003,0.00021374038529820675,0.00021874234310969838,0.00028177003821911676,0.0002914154661495203,0.00019025831317903328,0.00016749447812535408,0.00021555705881064202,0.00027067608851606164,0.00024526310265942953,0.0003311076413298931,0.00020659080515446847,0.0001792202344432297,0.00018808395991602394,0.00031605733399542936,0.0002283439483404189,0.00025716579812517495,0.00017953585284835117,0.0002699176476794195,0.0002085973135993391,0.00023040690325967702,0.00020235912516672387,0.0001529720350685522,0.0001391305325177659,0.00016912244595273986,0.00019128955300032563,0.00021707838638612104,0.00016542777716376452,0.0001697662158329987,0.0001757711092475319,0.0001421215244947866,0.00017066537856026695,0.00016204885774793112,0.00015696258567743596,0.00027937198091484554,0.0001938175668436114,0.00022272730403937022,0.00019702760088206438,0.00021921413957528605,0.0002444654819002593,0.0003094030903594056,0.00038965515536180825,0.00047134898317966985,0.0005086139173889218,0.0008552732516391412
0.00016688616216892262,0.0001562548485216791,0.0001366212766509677,0.00020625238210141922,0.00014685264979295007,0.00023357921298528464,0.00011530015431336297,0.000235633659455778,0.00027737549560667024,0.00014643839859327518,0.00012446099514266005,0.00014742641403237821,0.00010220011144263345,0.00011879237977986371,0.0001258277291955328,0.00013489374372724884,0.00010621341462852746,0.00012808674372389748,8.894821075042134e-05,0.00012130048599908879,0.00014123673353678856,0.00012417546979044626,0.00010204124661977509,0.0001675932191667539,0.00011537920140290692,0.00011537144747768882,0.00012396156337635654,0.00010583014872487071,0.00015300127982228117,0.00013362859567553247,0.00012330248678594913,0.00013412427368552057,0.00010475747292924016,0.00013236494983764533,0.00011761756175964939,0.00012118549765605388,0.00014335179242729154,0.00014642498115044573,0.00016755345013005983,0.00019499634079712735,0.00015663811996374235,0.00015821439588604367,0.00015806123461880518,0.00019320498735905553,0.00022957097167722356,0.00024300610187917397,0.00031611418804277297,0.0005060963352907193
0.00024104688864011868,0.00022110227709386056,0.00020708742552548372,0.0002018533238538544,0.0001840145694212627,0.000301999897126283,0.00021309139082879993,0.0002843482158480741,0.00022972493101665876,0.0001565752590931069,0.00017309518119752601,0.00016906990507911302,0.00017632036552651137,0.00016207271954802558,0.00018631643124046408,0.00023790746611798678,0.00021113246881893023,0.00014822732244532358,0.00022268518252349252,0.0001654021074298788,0.0001581104976570932,0.00016238063578091728,0.000165239879963683,0.00021042059686693409,0.0001809796139548765,0.00014976397038848929,0.00016573436001425548,0.00014709623339529825,0.0001507277196110142,0.00020167001965557641,0.00019298965946802434,0.00017375141295590004,0.00014698012261896525,0.0001579556818402868,0.00020332965358470904,0.0001424587422393997,0.00017318791372419659,0.00022446146663149892,0.0001605894590162238,0.00019195549943704194,0.0002323726685189424,0.00022061180350487898,0.00033867518365738957,0.0004123081636054302,0.00037988507950001513,0.0003926965519124479,0.0004767986186784661,0.0007108024642257735
0.0006311439926485289,0.0004315146671305401,0.000372953527296258,0.0005013327475560358,0.00037732897105641173,0.0004009501019232332,0.00037688894815868517,0.00037586370671357063,0.0003722547607847575,0.0003343527426876523,0.00036141690431339303,0.0003470576253576196,0.00039609649050423925,0.0002874385348967306,0.000346282415580317,0.00025191750520623426,0.00041528040049463867,0.00026185070828628563,0.0002733348452958322,0.0003087519773628956,0.00033294353430333236,0.0002400001298475355,0.0003876142146861133,0.00023344573370995232,0.00028091721958068403,0.00028044686805435757,0.0002809988167760286,0.0002340277086065908,0.0002949726971198128,0.00023867153319934056,0.0003208778695311081,0.0003115451372422897,0.00036471223852141546,0.0002440102838149687,0.0002564988763602891,0.0003276055417256964,0.0002907009384187347,0.00034993871920513907,0.00033091153283406374,0.0003514437069872726,0.0003460479549913721,0.0003345868303821802,0.0004913915586926584,0.00039558806846776764,0.0005531228431881428,0.0006086013958372737,0.0007276031381570064,0.0013658336072146055
0.0002007928426467385,0.00027187948921146777,0.00038973042172665606,0.00026181073923907996,0.0004047353096909321,0.00029898464771075886,0.00026048677441907844,0.00024387899327693713,0.0002570093209620166,0.0003197440274736113,0.0002205877820659113,0.0002010125563264883,0.0002339373157865465,0.00027112803920959947,0.00018498189288825392,0.00017415366027233838,0.0002580241669373,0.00033781182963442733,0.0002848685749786464,0.00019649545398965255,0.00021407034192250568,0.00031659521497481136,0.00021357501612900774,0.0002665515585450459,0.00022561507081103615,0.00017607209806410988,0.00021910459483462353,0.00015904880216804798,0.00019817714211238318,0.00018530422883991583,0.00021992680511000564,0.0001834564887904959,0.0001945090520599654,0.00023854276647535333,0.00018897504304691957,0.0002197791628834526,0.00021877526116532503,0.00020498768480136726,0.0002677681880336305,0.0002520855525782876,0.000288983150919622,0.00023728975742448995,0.0002854488504675494,0.00033737320086589664,0.00037362926958701596,0.0005052449630812966,0.0005956194447629701,0.0009426894979099164
0.00027078532589186634,0.0004948983087859988,0.00021758168216023547,0.0002387267096938944,0.00021390730013233679,0.00022611249765195718,0.0002828594511266288,0.00028459196617171994,0.00019012383992184,0.00017077835943607892,0.00020604139464820858,0.0002825908559274134,0.000250328842649698,0.0003374935088666597,0.00020296020245833273,0.00018004745835638913,0.0002003084373317033,0.0003296495014674027,0.0002332604874829452,0.0002591546597325402,0.00017376283579330945,0.0002493372577531515,0.00020040373140612594,0.00023145106005748153,0.0001949644631280663,0.0001753114282059449,0.00014314593747546787,0.0001692948561268659,0.00019793681995917118,0.00022825693178741017,0.00016525078406855062,0.00016692912294850914,0.00017457443604722625,0.00014183320739890302,0.00017049735377188234,0.00016206943876482887,0.00015675029049952845,0.0002777545171856903,0.00019461932195539617,0.00022094298099017469,0.00019719377319843176,0.0002181852921682212,0.0002436049559609244,0.0003087058499333068,0.00038955927016810066,0.0004766985605381655,0.0005067235511792863,0.0008578190601673213
0.00016981530326606387,0.0001502317806428606,0.00012792659070354158,0.00020420033417574635,0.0001472672167270193,0.00023475804898543987,0.0001304469891155785,0.00023459368719455618,0.00026621327372021393,0.00014459246382885103,0.00012287594609720085,0.00015030741988234766,0.00010124766534903874,0.0001201877001461237,0.00012647739132196282,0.00013516951179891697,0.00010749596927420243,0.00012717865036045433,8.992864648481442e-05,0.00012189160910099635,0.00014356657997902965,0.00012667625268596356,0.00010156949132889283,0.000166933829895728,0.000115823256933859,0.00011495737819756164,0.00012381916691938663,0.00010457861820839932,0.00015383444063900135,0.00013202353168224995,0.00012372974747453246,0.000133496271839691,0.00010488283581451442,0.00013374902091712844,0.00011736272440948404,0.0001198935850923477,0.00014366836100411322,0.00014471367002091528,0.0001686331167665429,0.00019606262558856312,0.00015590886052899486,0.0001595693858948122,0.00015701278251296571,0.00019494645386775104,0.0002317677942701786,0.00024435316297705963,0.00032132059331911123,0.0004995311723134122
0.0002463594973251705,0.00021123912211242347,0.00020862299277566574,0.0002101367835530079,0.00018816879880950065,0.000289728033888887,0.0002066169803669232,0.0002766517265716301,0.00026592114936498047,0.00016088150733791742,0.00017348079935079438,0.0001694535298111178,0.0001819822590147785,0.0001572671100412561,0.0001932079622216005,0.00024173977570578103,0.00021973466570903742,0.00015141755780857157,0.00022027409732142272,0.00016546339526597468,0.00016166086919184704,0.00015790273811487856,0.00016179403338644526,0.0002123578128851902,0.000185008900255738,0.0001500885896763228,0.00016658340793358105,0.0001457415015216791,0.00014888273723542972,0.000198703527043933,0.00019120922711893368,0.00017499551158150863,0.00014620112752595254,0.00015733666678461683,0.00020428152082120854,0.0001436747656794689,0.00017393170222540854,0.00022581067973457435,0.00015911933401729675,0.00019053543753812192,0.00022976383867612726,0.00021920163641655311,0.00034237439208060155,0.00041346200351081324,0.00037733769987942123,0.0004003072151182344,0.0004846377242293778,0.0007259239419031696
0.0005654507790679835,0.0003966869240736012,0.00038315667327671785,0.0004927471138218419,0.00038080356221560836,0.000420861249028899,0.0003896880880798039,0.00038962155046421684,0.0003508388910616238,0.0003377217508848821,0.00037449243956304534,0.0003375830271338037,0.00039006280521079983,0.00030326916915358177,0.0003342579981367181,0.00025188067447585923,0.00041853807511917464,0.00026299269991846415,0.0002744847868002441,0.00032298778254758685,0.00034853371739120974,0.0002365423593473793,0.0003894264131499794,0.00023932547493174877,0.0002743070777113211,0.000280706125935306,0.00028083044086968254,0.00023637701955279882,0.0002954818460676221,0.00023464224809482885,0.00032321886428622213,0.00030475565994415643,0.00036832611918597737,0.0002425943109010704,0.0002563901401827075,0.00032357086378607795,0.00028682156105232383,0.00035021397250645014,0.0003312774154124842,0.0003505704786292283,0.0003452374869467484,0.00033374679616395524,0.0004942551149045081,0.0003968945768145246,0.0005518152602027438,0.0006064642720313915,0.0007226774929916309,0.0013724997980030782
0.00019665759159158118,0.0002631276100178729,0.0003578840692138494,0.0002596263548572404,0.0003843210171063233,0.0002996582739771128,0.00026316877937095215,0.0002444836164227053,0.0002491694540275175,0.000316322964178967,0.0002173930409115008,0.00020013651217392814,0.00023566843694881076,0.0002742481317217716,0.0001860880981808806,0.00017430472140705214,0.00025925667719817956,0.0003408394764511436,0.0002776574795727558,0.0002032709775787835,0.00021037262833388347,0.00032578660308509516,0.0002206595508155053,0.00026742041306958015,0.00022445198718111842,0.00017542082934741735,0.0002107587072745245,0.00015772275334041946,0.00019591013964215186,0.00018691572564807685,0.00021667332719812267,0.00018308286908561724,0.0001955247142771482,0.00023442657088338376,0.00018840669667952916,0.0002204239823214264,0.00021809885417800663,0.00020508161535377455,0.0002674447398448029,0.00025235320045126363,0.0002875148867997157,0.00023648700280123517,0.0002853862900454126,0.0003374756115166335,0.0003733862485458769,0.000504378318008962,0.000592810441027126,0.0009338288034979207
0.0002359233659351209,0.0003494616466761293,0.0003596254631363841,0.00032292673987524616,0.0002613534796557718,0.00020221447653706403,0.0002682145494065755,0.00029995971640797714,0.000199708270576947,0.00018901051863592797,0.0002732975000951786,0.00018213603676595067,0.0003194542990607448,0.0002405003662756698,0.0002117761614906892,0.0001845744181447109,0.00017984309132058554,0.00027991802404049473,0.00022975128619390445,0.00015141010715532765,0.0001387405695667593,0.0002318378691817804,0.00016880603669256763,0.00018704338638007704,0.00016253131670422263,0.000152232930761018,0.00018367240375920417,0.00015038642485202833,0.0001890861902825791,0.00020246429717029975,0.0001579323200212036,0.0002169724759925311,0.00022096066014763054,0.00019782960058099068,0.00017831902037931886,0.00023458449576756754,0.00025892165857614697,0.00021537022014592131,0.0002241592361581443,0.00031777642594149787,0.00030799549382532756,0.00032495740707000754,0.0003141061905932682,0.0003366879082658252,0.0003481378244830053,0.00036988038189222255,0.0006106392264976124,0.000938749358062858
0.00015289006514239328,0.0001540740335108152,0.00019201631182725625,0.00016284410425737296,0.0001613018093583582,0.0001418422763102181,0.000163329816613916,0.00014820114571711954,0.00011438132588924062,0.00018451911445426178,0.0001290789032465698,0.00016621209974427187,0.00015643481619521078,0.00013946507469892835,0.00018091539851819202,0.00016856022859482978,0.00015068849785489075,0.00011211777005008541,0.0001925737882515048,0.0001409772739317972,0.000126196565981161,0.00014897449787287621,0.00013425948769988543,9.679174012639188e-05,0.00013164989321006452,0.00010731268399714323,0.00011150825575898902,0.0001284160745151431,0.00010842269371589147,0.00011096784486858911,0.00010326336838452963,0.000119493425212124,0.00012374348160805075,0.00014832034312414532,0.00014630821019999827,0.000123216676136518,0.00012586696057272542,0.00013483319887568114,0.00014286698755044727,0.00015720414729296063,0.0002102245894780184,0.00017541126047318078,0.00017376090854652641,0.0002452744330071103,0.00023988265715103443,0.00025964933568321954,0.0003630398951753428,0.0005294223817749666
0.0003131701703708808,0.00044442489335533915,0.00028429163720276434,0.00047730018403811396,0.0002855111078158481,0.0002642855971856261,0.00036924995418389714,0.0002862167463942521,0.0002601412239728741,0.00033497516195821956,0.00028573591803285586,0.00025261839868815576,0.0004344720739743353,0.00031494249275038164,0.00021921552654705613,0.0002577556285375425,0.00034519476272735567,0.00030704555213061015,0.00025736799604690234,0.0001970803837871057,0.0002498871844703661,0.00024354551766919363,0.0002398290574673891,0.0002879102925089636,0.0002629949954142914,0.0002796793009037523,0.000223537443002731,0.00020353713197214746,0.00028561477208571324,0.00023938148697289738,0.00023791278958567514,0.00022151616000952974,0.00029854910549912707,0.0002653331649579277,0.0002218933591236399,0.00026830666785778264,0.0002397410003944438,0.00026870403229791725,0.0002584773953958988,0.0003577358670943029,0.0003044410384897289,0.00034226124706602634,0.0003750474339787051,0.00041535462853026716,0.0004497120953286027,0.0005613061188993644,0.0006192518387698897,0.0009323481592945174
0.00039885973143086764,0.00064540804617028,0.0004505540735534579,0.0003709830644039458,0.00038409749882152116,0.0005028585168606809,0.0003525074535457753,0.0004198137221817993,0.0003332605771682134,0.0004019699369641865,0.00036430368888953473,0.0002724826244384832,0.00043606387027536153,0.00028389885680364825,0.0003251089368272151,0.00026119842968326887,0.0002704712601104915,0.0003153820622768054,0.0003494474982394746,0.00034425691097085813,0.0003596745041828552,0.0003023334804260802,0.00029166214012745287,0.0002465172940091396,0.00022902764618949541,0.0003345576509995406,0.00024670536476747496,0.00029517208612575373,0.00024183542898049447,0.0002513929522103582,0.00028664083543630597,0.00034618363690838727,0.0002450105824597794,0.0002586288359206361,0.0003681696668664732,0.00024375244398258886,0.0003315159346889765,0.0003046698704164545,0.00036874296733503876,0.0003281484389315823,0.00035315727063959894,0.0003949426502661332,0.00044039637830636894,0.0004346779136179807,0.0005383105222648263,0.0006766508384656081,0.0008173979630973149,0.0011934876535435292
0.0003128931684656241,0.00023961165230385975,0.0002316604971455294,0.00021374997487433122,0.00031651950760026143,0.00021072627429455823,0.000187749878321546,0.00020138334965753716,0.0002876625511490186,0.0002294972389081175,0.00024112958016900976,0.00019279224100935118,0.00015882705709142534,0.0002757775922888277,0.0001582970426588576,0.00021177528411783759,0.00022572683729632352,0.00020292456929378287,0.00015618522618972928,0.00021540292953769915,0.00024233358456885476,0.00019403102353708293,0.00015870567578621448,0.0001958470396868449,0.00025254114970604813,0.00018057611096000749,0.00025613305135510113,0.00018615452380280244,0.00018114764063604852,0.0001664673701379635,0.0002050018370053609,0.00020876804562820804,0.00015647842909052138,0.000179980182960894,0.0002477460796321297,0.0002055113407361812,0.00017000215598528712,0.00016303289805156925,0.00019346158111664867,0.0002551543456104233,0.00022686896897129526,0.00025949119851805186,0.00032794820630538467,0.0002771765033792114,0.00038315098494438757,0.00045707497960658484,0.0005730739306174464,0.0008254021477266324
0.000211197247870941,0.0003366056808724899,0.0003616447011631089,0.00030835038365621876,0.00025351103236532927,0.00019889094050790936,0.0002716172866632413,0.0003076251175347234,0.0001989978112480477,0.0001879276850501411,0.0002755347706059213,0.00018008957006063054,0.00032259671654564294,0.00024420337566471344,0.00021120295473855128,0.00018269676874903124,0.0001813503806818656,0.0002815352348367992,0.00022976819815949577,0.0001516709378492288,0.0001384382630093009,0.0002311899626402282,0.0001691991519151042,0.00018687527360597108,0.0001620560156252428,0.00015208281428049107,0.00018410268109993403,0.0001503275462693914,0.00018868522287550967,0.0002021635429651785,0.00015781044688560126,0.00021725768462771723,0.00022167690750605736,0.00019743275754299493,0.0001788360551627158,0.0002331732127070104,0.0002599380094337139,0.00021570672668318219,0.0002244487225454799,0.0003184363506469285,0.00030694454437074593,0.00032528934434750633,0.0003153771999680424,0.0003342119427607076,0.0003509120012419183,0.00036937547596699945,0.0006126243914709614,0.0009368169685340368
0.00015414475008024555,0.0001440600772456811,0.00018440214667167615,0.00015486019278528702,0.00015559323758926961,0.000153167636454921,0.0001515111285285499,0.00014707131742675486,0.00011521892296011795,0.00019342018170677292,0.000130530831645261,0.00016861981212426536,0.00015425918090941607,0.00013904449848265986,0.00018844961888443015,0.00016691226401922414,0.00015487531577453115,0.00011288714881794208,0.0001915327423941394,0.0001424015001008484,0.00012409187308772617,0.00014546594546700642,0.0001324754309948834,9.600272244673806e-05,0.00013122888136467964,0.00010885958937449289,0.00011215686369697339,0.00012777185573681362,0.00010819419209531119,0.00011231918532421841,0.00010080524486217446,0.00012184627756727713,0.0001240252574179428,0.00014873663227515542,0.0001465857949665229,0.0001251917899231632,0.00012594149939623673,0.00013527310852140567,0.00014275694699186507,0.00015730140022165442,0.00021033865780792452,0.00017479506259375637,0.0001741651021129961,0.0002455405514020749,0.0002400151332946503,0.000259721430751198,0.00036284035018671,0.0005295073629617701
0.00032525553510701945,0.0004546564328115895,0.0003035835242161215,0.000474316068792292,0.0002802374075174968,0.0002798039890876647,0.0003520185762080191,0.00031214276343898917,0.0002591440199729195,0.00035249474795302955,0.0002778296431754466,0.00024466183457147234,0.00042243282508838903,0.00031027892803081413,0.00021838013513538208,0.00025479706743144467,0.0003487305402420831,0.0003098947217879226,0.0002561995622366944,0.0001962168648316086,0.0002464293259528252,0.0002431536239638242,0.00023899928213518953,0.00028665849961482794,0.00026284223589184637,0.00027961234871087684,0.0002228069679010911,0.0002038621122909355,0.0002868247604481603,0.000239768572808842,0.0002402177781558568,0.00022201623835689876,0.00029819996211143335,0.0002660002343731565,0.00022277033299512912,0.00026895845020235404,0.00023957294780283905,0.00027058481482995973,0.0002589966653788647,0.0003585375729295878,0.000304683129746605,0.00034081301669541434,0.0003747718082765644,0.00041455560909293504,0.0004495671588473335,0.0005632415986648401,0.0006209083306811263,0.0009312381451749662
0.0003838643986105396,0.0006696058620405795,0.0004394497741257844,0.0003582128424390155,0.00036131518200285,0.0004957325515827551,0.0003750914928105148,0.00041119057180092543,0.00036390631190884673,0.00037295637670900505,0.00036836037116998486,0.0002736296933829773,0.00043200907209995813,0.00028974509852638404,0.0003185456473513437,0.00026017534795809205,0.0002710038492949411,0.0003083351591643263,0.0003455592874043865,0.0003366550873239293,0.00036461111078213784,0.00029653914925132496,0.00029086282045037324,0.0002509993874401533,0.00022793751905203464,0.000336130266368485,0.0002483388117016742,0.00029645128842486915,0.0002418185262988491,0.00025412365978124877,0.00028544093261852546,0.00034774557503012296,0.0002448775110647359,0.00025965281345590596,0.00036733189951702644,0.00024370296998203455,0.0003342778597445425,0.00030402917543356545,0.00037016485142073315,0.00032812171008249477,0.00035534595698743344,0.0003937787811031431,0.00043950533535387686,0.00043345102016914723,0.000536324140419926,0.0006762033459807854,0.0008131968017522091,0.0012048395740363873
0.00026503711841611587,0.00021413896599652488,0.00021242806972010243,0.00022259370119584817,0.0003008793363390192,0.00021667541542014226,0.0001895189539195386,0.00022994370465169675,0.00030304902498095817,0.00024389654812060886,0.0002471691252650573,0.0001937705020752641,0.00016127157903918015,0.0002674393896369301,0.00017175167981630022,0.00021854331736735554,0.00022997654103167046,0.00020107613634833219,0.00015409917860266677,0.0002116545114644528,0.00024329164054954312,0.0001902367226230113,0.00015914590068471786,0.000193901908112793,0.00025369533263029827,0.00017827223409777894,0.0002552491543178812,0.00018588282694327146,0.00018088491539410784,0.00016468723327994918,0.00020377839284090867,0.0002081547542723817,0.00015562878638749188,0.00018538262969900726,0.0002504864033585865,0.00020827478724006054,0.00016852028552085248,0.0001641448071423475,0.00019213411082907693,0.00025839217875080824,0.00022581681440818257,0.0002560849233954887,0.0003303119216118442,0.00027835384961121163,0.00037873627586328806,0.00046176762868731735,0.0005768745446910039,0.0008182927710758761
0.0002814066594362654,0.0002851567030321868,0.00026595002357831285,0.000373471413207507,0.00031674943178159123,0.00041055675985958597,0.00033313949064189987,0.00020490131502897365,0.0002592965681793543,0.00020880830661048247,0.0002642503184681963,0.00018796146794489092,0.00021233747524152983,0.00020784260670625215,0.0002878110697020343,0.0002521214320701533,0.00026732950597333773,0.00017675766488045713,0.00022827772977064757,0.00021711771421151037,0.00020540236330660988,0.00021712641175235624,0.00017583881812267114,0.00029672063973317956,0.00020737893167022432,0.0002451382857445786,0.0001769107518992606,0.0002332864536139768,0.00017809604420250373,0.00018297955193191608,0.00022681848127530509,0.0001795373126352671,0.000216156518837947,0.00016469892198678622,0.00018742998976294288,0.0002068072469175671,0.00020419734934171922,0.00024190133866848964,0.00022396525382172093,0.00021919596230159848,0.00029690437245128565,0.0002749912018655791,0.0003399960666809639,0.0004119606386280635,0.00039168335943997625,0.0004241638405757451,0.0006138675678754367,0.0010107679880042152
0.00027019510009923346,0.0003387678355414933,0.0003148721724111584,0.00046731982914120557,0.00027028994967180707,0.0002581350507705829,0.00028244342209245914,0.00021678001495549566,0.000297397945207618,0.00035071002287166675,0.0002148131863985572,0.00022993185081300293,0.0002550801616932322,0.00027694526165556317,0.00030200719448902343,0.0003125289899207486,0.0002984948714692693,0.00024863248961530537,0.0001978206067119951,0.00021458409904057818,0.00024764523788626847,0.0003138048239133136,0.00018388475282771053,0.0002330288483828718,0.00023740422917363954,0.000211038207198776,0.0002418164618421264,0.00022918521143940022,0.0002877786823696735,0.00018554766121010128,0.0002260423532432765,0.00021177964443487842,0.0001973223070838014,0.0002184304750820299,0.00022850992761138972,0.00026878645556031974,0.000243033895196208,0.00028436362731189415,0.0002937914338160657,0.00032772446805155855,0.0002562246018933048,0.0003214232036672845,0.00032124227853816444,0.0003940362312003414,0.000474157750405051,0.0004957250858861553,0.0008869901624636168,0.0009144015460558605
0.00032149933143833754,0.00030994649717852894,0.00021839406710820588,0.00024307200134760887,0.00027853727072446545,0.00037155431608368946,0.00020711257002119528,0.00023550656841504763,0.00019770420888750076,0.0002850418439249139,0.0002862971531527771,0.0002024048094195039,0.00021706272547649866,0.0001994963898319338,0.0001664483782038476,0.0001590166834375424,0.00025245732442160973,0.0002343200233254038,0.00021013108057686713,0.00020935098078439987,0.0001674205279442367,0.0002060108204860125,0.00018163308618426922,0.00017178035743352824,0.0001942758866827788,0.0001719485320612294,0.00015233501050361984,0.0002169761089508661,0.00020732932712229195,0.00022499634578616837,0.00021534518840670366,0.0001498434087778032,0.00022160163405241044,0.00018501853028727872,0.00017604707449527912,0.00017354352455304893,0.00022239610885498726,0.00021358360560706538,0.0002724895545573287,0.00024496983689599396,0.00021956190063232098,0.0002235858584082262,0.00025637789878785584,0.0003273292313648202,0.0003500019250779763,0.00037796775501577613,0.0006197539068199549,0.0009282104273331893
0.00022200726594224327,0.00029517141096316107,0.00024321497199047658,0.0002667637229412603,0.0001986381622027654,0.00023321644040986687,0.00017163074022884158,0.0001396324136856476,0.0001561181448087565,0.00018510946186996318,0.0002588438519393183,0.0001741974820826061,0.00016698559059518252,0.0001501111964538299,0.00014910247894474,0.0001522827110067235,0.00018259160599975164,0.00014485446306841177,0.0001193098451919886,0.00011773732274863957,0.00011793855064167497,0.000229158311963526,0.000158266857110435,0.00012362541353535427,0.00024049764384388093,0.00016193590607997414,0.0001110453092580017,0.00011771973022597054,0.00016153944073610417,0.00011512861865705865,0.00011623668666763775,0.00012730235305347194,0.0001740057187438838,0.0001272091357018923,0.00013805130953493329,0.00018947628215672734,0.00017141214559187638,0.00015629466499291533,0.00022998755240278946,0.00016899734717698906,0.0001842728180309161,0.00024800040728929155,0.00019855831370880106,0.0002341723262380445,0.00029735004148184865,0.00028134220320546343,0.00046781499880578037,0.0006703454869373803
0.0005556757899618359,0.0004667319263662304,0.00032419118061327985,0.00035086461325676654,0.00028723318113893964,0.0003001993064631061,0.0003820364178430481,0.00033533953242531226,0.000323991741764083,0.00034377643311749403,0.00023636184147014463,0.00031742548392001585,0.00032975895255691663,0.00026275079554584493,0.00031139114179428866,0.00022102432072829552,0.0002551881343461743,0.0003336357319828344,0.0002717293446230529,0.0001817790192533124,0.0002595456956472773,0.00025342315404800603,0.0003061381497176846,0.00022157988814558102,0.0002265117882497269,0.00021760164817972985,0.00022650601730407047,0.00023605688285777523,0.00034143390020256774,0.0002667136894134641,0.0003314006196807846,0.0003760862655384013,0.00023162060147062145,0.00023016199203227473,0.000330495013886259,0.00025156292535049397,0.0002790448286288899,0.0003772741821785758,0.00026172236545195986,0.00028859956808362203,0.0003045738839039502,0.00035005194013190894,0.0004681563350913848,0.0004614788582287868,0.0006706331182359128,0.0005609364049911332,0.0006631236964513154,0.001203923614575848
0.0002574767290073817,0.00025303234439717504,0.0002533725432886164,0.0003481597892848075,0.00034969072888781024,0.0004244512486864085,0.0003026047032144003,0.00020411391843558536,0.00024924780914587917,0.00020646565504121815,0.0002682514806639088,0.00019054803491860354,0.00020599545472016847,0.00020721168053812426,0.0002845090541987751,0.0002572754706767485,0.0002660195697769237,0.000176305637426808,0.00023379014028730182,0.00022154647766668917,0.00021638385054421146,0.0002187076387290007,0.00017671871442733502,0.0003087568144541374,0.00020913806218038548,0.00025208585193864234,0.00017677976432068,0.00023584049500740057,0.00017800364313592205,0.00018774404043460586,0.00022889413603343562,0.0001808129334649036,0.000216214734467501,0.00016466269422144863,0.00018662629132036221,0.00020928147608380873,0.00020517789594262222,0.00024076605622289015,0.00022739374948865522,0.00021953996145212987,0.0003004333773720189,0.00027421095281029425,0.00033620303867152256,0.0004121892571503769,0.0003905051791765224,0.00042195803985963166,0.0006157006127625052,0.0010098069420428936
0.0002905743329407388,0.0003903161975615236,0.00035057824859444287,0.0004334491513966955,0.0002617161318635838,0.00023862997820218112,0.0002922211968001355,0.00022414699898817505,0.00030889166433406985,0.00036479361644866975,0.00021257758115966673,0.00022951105925492015,0.0002573053141631431,0.0002826184074956699,0.0003045445481653286,0.0003166823670019923,0.0002895485275220351,0.0002406616060502662,0.0001924318123469643,0.00021730666283914754,0.00024380677575686077,0.00031919245424725953,0.0001810937100485385,0.00022928936469894084,0.0002443706445067311,0.00021037410655021455,0.00024308410714754078,0.0002288328950570305,0.00029098252041119733,0.00018549810768473228,0.00022431805255030893,0.00021417698266221967,0.0001974262723640104,0.000217023953352912,0.0002303704185850737,0.0002684300923893735,0.000239044859804258,0.00028937267262469475,0.00029651409085533633,0.0003324293968490789,0.0002564552827294779,0.0003238480274910724,0.000323447275742595,0.0003922827562909583,0.0004784420952035782,0.0004972824041180787,0.0008842527188190324,0.0009393809890998828
0.00030681266215714693,0.0003223444244046182,0.00022777479080458344,0.00024632919045948016,0.00027648899812409734,0.00035132686149651936,0.0002066737456969597,0.0002471609271625285,0.00019818256551963896,0.00027961024614116367,0.000281362946631007,0.00020211870258909068,0.0002152529390158971,0.0001992162554678239,0.0001657232133422007,0.00015878028898804386,0.0002512011706245214,0.00023247189811070792,0.0002109622304379176,0.0002089896072389923,0.0001662808908846299,0.00020597264936503504,0.0001834784564310945,0.0001714761466856166,0.0001935735464485614,0.00016992021410472576,0.0001515779713621132,0.0002157557317125055,0.00020780530828748195,0.00022631849851238286,0.00021517179749416175,0.0001494356767161454,0.00022379758010186788,0.00018346714305420288,0.00017576295768676807,0.00017341350821789076,0.00022473441198493757,0.00021351449661558225,0.00027155350641113016,0.00024383831061214437,0.00021846204075160017,0.00022143638582880316,0.0002570389138088048,0.0003275012908563182,0.00035007012382548916,0.0003780327916058499,0.0006329342961425904,0.0009162379496333604
0.00024402920964525148,0.0002641181160236856,0.00025379166493292606,0.0002414292545673643,0.00017389289396134176,0.00023046848683287363,0.00017369699382299754,0.00014426953334483725,0.00015612928351142443,0.00018183318630571655,0.00024920283984273666,0.00017261156922280927,0.0001670301420661709,0.0001490194179143603,0.00014991053899425773,0.00015020609120915975,0.00018131188130327705,0.00014387174337642994,0.00011863782914149716,0.00011689189177478503,0.0001175829392487814,0.00022819842141111896,0.00015754865670823662,0.0001254035914517893,0.00023974358221041397,0.00015871691091649747,0.00011106129858193993,0.00011476636049035693,0.00016193638259103617,0.00011625385942317835,0.00011583437172223401,0.00012702194346271228,0.00017410125046549385,0.00012716532279621778,0.0001381340900945156,0.00018985495853136714,0.00017092012085659984,0.00015600951716008117,0.00023042684668356914,0.00016909935115360695,0.00018377274193837994,0.00024739335606841775,0.00019805060971703819,0.00023382239062586354,0.00029598139620515355,0.0002815468239665704,0.0004706512631044704,0.0006742847349246568
0.0005995175808981156,0.00041720251188348464,0.00032719989064718444,0.00034770834522997586,0.00029589471805196066,0.0002975054654109599,0.0003925341610062867,0.00034081659781987967,0.0003413571951130442,0.00034957558685221334,0.00024065969073870904,0.0003121668983415731,0.0003251107998903514,0.0002689043500776872,0.0003089762219529178,0.00022042484033865973,0.0002572051820750996,0.0003330766402267312,0.0002715560291267378,0.00018372809987757848,0.00026146944580706527,0.0002501362477471118,0.0003095200349956061,0.00021981054967441837,0.0002271821298249511,0.000215790667015103,0.00022925094400232232,0.00023736781944186678,0.0003415959380114883,0.0002651252208719739,0.00033057825867614457,0.00037658599918072473,0.00023340409066523751,0.00022906191355578576,0.000328637235696274,0.00024862038268795203,0.0002817795624337074,0.00037641452388602857,0.0002661521725262456,0.0002886741665758145,0.00030343263904676886,0.0003504751504756117,0.0004677005261508592,0.0004643553754596034,0.0006702259299454402,0.0005616536190548255,0.0006646757568057258,0.0011961592415474988
0.00010807758781078591,0.000147979739300252,0.00014022174558512635,0.0001273381418514191,0.00011907812063838444,0.00010851943014272627,0.00011104818866297771,8.96548689943729e-05,0.00012740344837064362,9.623567993334157e-05,8.074705386874549e-05,9.708087805552077e-05,7.09401056257023e-05,8.555502010714943e-05,7.615622155590025e-05,8.145353096364689e-05,7.620581616324023e-05,6.879258696943211e-05,0.00011528489598569067,0.00010023122298430585,6.676556079252814e-05,0.00011782253415836877,6.346021100198504e-05,6.78376408120638e-05,9.108170987147686e-05,5.6088921153562427e-05,7.479019283705177e-05,9.78955666325442e-05,9.460949940276315e-05,6.864904210676661e-05,7.527660273436012e-05,6.728866224585764e-05,6.688098243663034e-05,7.948901719599418e-05,9.494976004054247e-05,7.923602629632854e-05,7.630796755599573e-05,7.578713344549387e-05,8.136838925420599e-05,9.802157458498012e-05,9.112825493816495e-05,0.00011410767289154565,0.00011059259725363004,0.00012426445907664181,0.00019888217098516217,0.00017650833091031943,0.00022459863595811064,0.00033048306713886637
0.000576325752682352,0.0005985612343125852,0.0005914939680594024,0.0004280122643944137,0.000448289801645904,0.0002881244176497264,0.00030937925097641,0.0005502086489016313,0.0003693844330405627,0.0004803348327040209,0.0003280585475307512,0.0003136293701976171,0.0003044867293192145,0.00035957372433397243,0.0002950042319447185,0.0003635826655517306,0.00034558485848817043,0.0003055089396732547,0.00039764231013588325,0.0002800924522994086,0.0003066319055227982,0.00033355323867518145,0.000380972006652043,0.0003777963175891364,0.0003656560238520652,0.0004225152680728797,0.0002843499113365158,0.0002898693481617773,0.00030237648130727396,0.00030088602310654494,0.00031514725477266943,0.00041154080579805757,0.0003744746581955321,0.0002952128171699322,0.0003458021444369599,0.00036335826307416926,0.0003341465628311415,0.0003248121295731859,0.00038281599133916636,0.0003994020174186718,0.00046611840626189447,0.000470402341135924,0.00044726147364164247,0.00046555084593508247,0.0006565599727137037,0.0007474570080295761,0.0009481053425784518,0.0012661558064776895
0.0002506706030988081,0.0002543671326947285,0.00022440646676454842,0.00031951521548675944,0.0002332773711145597,0.00032362573967457926,0.0003218208819088637,0.0003211964235172749,0.0003416018512207283,0.0003651848059295992,0.00023450862117912756,0.0002311195078448176,0.00023114502669658137,0.00021904539365984,0.00021545699975975325,0.00019935813670585634,0.00021469389913288825,0.00020516122139460565,0.00021551951255539915,0.000221810517887413,0.00021579155621947972,0.00018023988967689791,0.00016820777320562068,0.00016735284009263197,0.00017759143345518657,0.0001519391114992821,0.00021224428747144617,0.00017718791458923996,0.0001834751416921971,0.0002687555475700479,0.00017180005257926972,0.00015405705711141345,0.00017533664179700397,0.00017971452254156222,0.0001792082602120579,0.00015763813623677743,0.0001996105280106344,0.00020722444124179093,0.00021703236211744655,0.00021240934305959591,0.0002496462451949472,0.0002503347442045787,0.0003005688016444221,0.00030382056267092336,0.0003258730466133245,0.00036865861709288233,0.0004651711250393611,0.0007749819618373706
0.0003981699583132226,0.0004923371412466686,0.0005182416401890205,0.00030506683791492657,0.00041899745696052964,0.00034757746728300706,0.00029028823192201543,0.0004721976290665204,0.0002797782930030268,0.00040196936550272494,0.0003768410922195392,0.0003269271103245284,0.0003351680534227787,0.0002896820583926515,0.000373812581720398,0.00036451243753934394,0.00028569608077918564,0.0003118759287464473,0.00031151768169014425,0.0003162454917438465,0.00024722989724617326,0.00023989866575189545,0.0003512632103146363,0.0004347518789276484,0.0003690455670712006,0.000371910351675896,0.0003171574511438924,0.0002922663665370001,0.0003680563092539962,0.0002463664056795146,0.0002333314497880686,0.0002778006335050062,0.0003748629695640798,0.00025105199671014635,0.00031790889996180445,0.00027951118477675295,0.0004117836732535698,0.00036689428482217066,0.0003354278246100432,0.0004201182685271165,0.00034714743248219867,0.000408071093941698,0.00044068563469070555,0.00044833580605332067,0.0004937807645824798,0.0006128290960987309,0.0009256461357114884,0.0013481623261521077
0.00016699206935822137,0.00019471951631191715,0.0001760642870854714,0.0002569636334135366,0.00015433211190984733,0.00014781196353303634,0.00017381611613856958,0.0001982435410394257,0.00013355357708512333,0.00018294327802515596,0.00013215538307122547,0.00015467540303795924,0.00012504006213248146,0.00018319593552492484,0.00016519305118873427,0.0001950498534085236,0.00012624424830446823,0.00011786509293227458,9.863020610875479e-05,0.00017603432499647945,0.00010807847110795566,0.00015169081592237787,0.00012122541655553946,0.00010367902851348408,0.00010360162398325038,0.00010621861879480582,9.839831153492819e-05,0.0001154913881816802,0.0001345262098648172,0.00012960766409874296,0.00010699072318941348,0.000142799110293537,0.00015011497449293797,9.525591651740335e-05,0.00011300861183246398,0.00010713423367335825,0.0001307850926867515,0.0001222641599229825,0.00014347711321638408,0.00013440428000850856,0.00017070746010912547,0.000173620178924205,0.00016024067438809715,0.00017553749207010512,0.0002457187558229806,0.00028351308209324284,0.00041685723193174255,0.0004985287431084153
0.00010720594047973879,0.00014823307880985993,0.00012452157941824884,0.000123198588014944,0.0001285708862676413,0.00010655647764872541,0.00010447327355740892,9.440238911656691e-05,0.00012535988005825743,9.275047538651385e-05,8.281369544015042e-05,9.615241019215909e-05,6.957733927708086e-05,8.300737965879981e-05,7.806720791089522e-05,8.142949901612522e-05,7.768754820716374e-05,6.964059142703349e-05,0.00011363350582580307,0.00010031765232592342,6.670099137684316e-05,0.00011688055756105079,6.270677782498768e-05,6.66689014489002e-05,9.242885581407881e-05,5.6415615218239574e-05,7.550621368416722e-05,9.626748728192975e-05,9.337831059032951e-05,6.835878518799166e-05,7.57181768379135e-05,6.814250248025386e-05,6.738434375126085e-05,8.02509491288962e-05,9.3671372119241e-05,7.889534096485139e-05,7.716965494584983e-05,7.653955515365869e-05,8.071696913574184e-05,9.76992971008279e-05,9.083126121379221e-05,0.00011290878970128171,0.00011064619425585782,0.00012355724327914205,0.0001994230262561555,0.00017985881081687298,0.00022367286862322116,0.0003268269425351172
0.0006224065114642263,0.0006052291592480235,0.0006659598986700325,0.0004732948605959284,0.0005534027304364116,0.0003025060743556181,0.00029877234264884066,0.0005682462526720016,0.00033424351568971924,0.0004771206221759799,0.00035677544436805286,0.00030386934294196043,0.0003147725188336985,0.000340458296292875,0.00029679028192569515,0.0003544299301828177,0.0003603823082127655,0.00031127826877627376,0.0004002614987025065,0.00027674335465046885,0.0002991634988574895,0.0003303336008673129,0.00040646805202343206,0.0003796807451557744,0.0003867067297769795,0.0004051283579292143,0.0002690440363864534,0.000276537007752232,0.0003031286592580718,0.0003148508827144863,0.0003168201741104078,0.00040157449181391666,0.00037203140208698815,0.00029826505936112233,0.000346800530594341,0.0003616335179013007,0.00034044680517755093,0.00032739871760733164,0.0003840925673708015,0.00040101628684817664,0.0004606120227764052,0.00047090471649588635,0.0004473249005447711,0.00047994061469248717,0.0006833059692160446,0.0007351878586862575,0.0009670814891172817,0.001290281492906863
0.00025122133082238943,0.0002421746350501694,0.00022848097907047048,0.0003479605181793136,0.00025234361269570654,0.0003281013793557419,0.0003277360623220359,0.0003292073014877041,0.0003662225576454188,0.0003580524456228964,0.00024062375075437943,0.0002301262339766397,0.00020763560412101183,0.00021861374715264852,0.00021444533758132938,0.00019773413435757872,0.00021780300852323382,0.00019506773266462008,0.00022369429593171718,0.00019508274686213742,0.00020362847607543843,0.00017668587715312625,0.0001684811110963577,0.0001599395724847987,0.00017010683367565054,0.00015574536769252627,0.00020725187370275317,0.00017552861615959556,0.00017998096211821238,0.00026319310053225033,0.00017466322837033396,0.00015536086131351628,0.00018065228239592157,0.00018173068094292359,0.00018249026435567014,0.0001584247662858881,0.00019834961773914606,0.00020381177997930164,0.0002182205708287876,0.0002159734398509133,0.00024395990583328775,0.0002469930446279689,0.00030571924649703386,0.0003107252555716981,0.0003211351291272012,0.00036825314419460696,0.0004794882623847543,0.0007960561117014588
0.0004890361357090798,0.0005209384781457632,0.0005332452679858903,0.00031127429048332414,0.0004298005330994143,0.0003560231890494634,0.00029037064657098016,0.0004637375723165013,0.00028244927932555606,0.0003969214902689845,0.00037661349096530637,0.0003242108781168481,0.00033079259810059466,0.0002894459158157343,0.00038180528308392504,0.00036303600230960293,0.0002913130984449875,0.00031022296088645154,0.00031394062754124127,0.0003157786729181499,0.00024617995434303305,0.0002404138140198961,0.00035123834001463805,0.0004293077440060914,0.00037139050420576176,0.0003756252639237706,0.0003172604150226181,0.000288927862691841,0.0003649742912114577,0.00024547922276112107,0.00023207812713385556,0.00028039268924781623,0.0003742784303683842,0.00024985588047575887,0.00031952690800870554,0.00027983488773597204,0.0004092332541701993,0.0003673144145546902,0.0003362117326379828,0.0004214505536503644,0.0003464321034743123,0.0004096003900609908,0.0004403388473881983,0.0004475493745255004,0.000493884301288155,0.000611100095727005,0.0009167883431554832,0.0013611301558801288
0.00015714888420621502,0.00017789523712117091,0.00017366646972494533,0.0002721068174993845,0.00015784693928063066,0.00015942971504491498,0.00018049352616795536,0.00020108131869494653,0.00014031916196599581,0.00017860520795720872,0.00012974348486486842,0.00015907660286261272,0.00011739670974391876,0.00018320296240064582,0.00015981424032363438,0.00019204197826147538,0.00012983261626233841,0.0001164450696700754,9.923388653255437e-05,0.00018125883381955553,0.00010609314210601794,0.00014793301295711815,0.0001228031188956506,0.00010195710024028989,0.00010125226307510014,0.00010444283536659038,9.905696873294371e-05,0.0001141260866530832,0.00013446521824463366,0.00012890225742714267,0.00010602955322557089,0.00014568078480917918,0.00015119336391534153,9.477668464951082e-05,0.00011284426692095725,0.00010759885208972985,0.0001314331722552993,0.00012159487291537462,0.00014549168461987114,0.00013540858046905726,0.00017296679056252645,0.00017516891772663613,0.0001616520824498499,0.00017350787706039758,0.0002468742075635527,0.00028711506076450324,0.0004145273771092726,0.0005078867308433788
0.0005330234028240997,0.0007683401355468593,0.000575314950580237,0.0004414363939777474,0.0004942861747941606,0.000438472628225648,0.0003400086004358005,0.0003054063658916452,0.0003745785873332811,0.0004483751964235867,0.0003878944117550613,0.0005748054565340698,0.0003256179545818761,0.0003405893502107695,0.0005248409019873179,0.00047775508410537073,0.0003240753374595096,0.000382787202216604,0.00033985636976500245,0.00032139918896332414,0.0003082857377726577,0.00043400871880122454,0.0003013993786408068,0.0003153543952020174,0.0003838621696410758,0.0003289431596030779,0.00033332558630526105,0.0003024789930602005,0.0003365894537588188,0.0003956978159541207,0.00029897635251730235,0.00034421072947049834,0.00032945052574903037,0.00034875716686854545,0.0004746952348524289,0.00031729765540176576,0.0004951158232821777,0.00041646019155455906,0.0004209791496345199,0.0005159582933548172,0.0003640183563392742,0.0004927656342413558,0.00045181541955346044,0.0006126484220073974,0.0005784267355082206,0.0008590785694311202,0.0009786768464452996,0.0013263364945310684
0.0002704952838960741,0.000290649101203506,0.00024086464550872173,0.0003587044071534695,0.00020266148741109594,0.00030670588182581517,0.00036691245686344237,0.00021946203176366976,0.00027077007427409283,0.00024429197829342456,0.00026511787758883774,0.00020182477665156093,0.00028738880174151966,0.0001763565882435178,0.00030146155856291006,0.00022772077713869492,0.000266083703269653,0.00021461523176021936,0.0002950812604897944,0.00019805844488982797,0.00018344197365621323,0.0002806625048707283,0.00017630690161601252,0.00019253381199499852,0.0001973653720429283,0.00023897987672672887,0.00025528983985615794,0.00019992473901137673,0.0002231537821646678,0.0001499802976111486,0.00020815380187953224,0.00018687176924390994,0.00017967030377205741,0.00022916372567918282,0.0002075166159270731,0.00028444031136197847,0.0002645031371256324,0.00021661620766401144,0.00020532293561536792,0.0002701580743543415,0.0002476670217439693,0.0003306054986024088,0.00038364365692691047,0.00036562857031631745,0.0003647278782237123,0.0004675940447422176,0.0005234687752911665,0.0007643792134898197
0.00020711883646380244,0.00021386999728917338,0.000476694688343844,0.0002296841096438258,0.00021360614122192204,0.000256859330945737,0.00021524573661841454,0.00017421963912212928,0.00023116635770118927,0.00020845547477588028,0.0002743123329671065,0.00019365949882999025,0.00019086825252264764,0.0002768530427477365,0.00014931135408584705,0.00023135828921912053,0.00019933543032802644,0.0002475346815237195,0.0002598572367979406,0.00021818015405887387,0.00018418723225570522,0.000161466746331139,0.00019448133004858773,0.00016084147837260298,0.00014077045811790916,0.0001865716827479363,0.00014356131021821755,0.0002245225441562178,0.00014713189922461377,0.00017850817352531163,0.000181009988638509,0.0001628914520533735,0.00016407029994210313,0.00016129772977871082,0.00015443396692559118,0.00017791579020129462,0.00016897826825521307,0.0001860553301424606,0.0001999015213958207,0.0002290795867347848,0.00019697595598204171,0.00028832753140363806,0.00026442492512140524,0.00035885134688127163,0.00029670245030321267,0.00040918922860483993,0.0005208102673421987,0.0007691803396457376
0.00030047376076111496,0.00021376817755060711,0.00020002917106399465,0.00022776379601612394,0.0002648007510373172,0.00024456345800317553,0.0001672580148584199,0.0002077021818473659,0.00024884517195314127,0.00015860690775630452,0.00018317797843746923,0.00028161907047994045,0.000214049073293008,0.00018022378643912416,0.0001512415710500131,0.00020171600665645393,0.0002075236304864964,0.00022582963616364616,0.00021514140476449733,0.00021933209636331919,0.00024301022941892723,0.00017854144439478724,0.0002313614859223403,0.00019035015166019243,0.000151532539838642,0.0002676796686858109,0.00020889651519694885,0.00021055985223266112,0.00016812595054527756,0.00017757856401337847,0.00016414326281008606,0.00014392637162270486,0.00023765656375264894,0.00018210297021704422,0.00019897667472549419,0.00015163531695246458,0.0001551527604148313,0.00017945966354868277,0.00016324304208034467,0.00018448958629935762,0.00029208204845749863,0.00024068784785064026,0.00025632287442910797,0.0002454394991313137,0.00027591868627641335,0.000456754313287029,0.0004380560073197301,0.0007051251322859645
0.00044015627277795764,0.00035786224584247775,0.00040292104796517555,0.00033631774975531614,0.00033730233769969567,0.0003595154838244587,0.0002762556269883239,0.0002722378279598091,0.00033417547876641424,0.0003083848988775674,0.00029585962892992164,0.0004236169486897113,0.0002648866875525071,0.00031930662998223207,0.0003752984805255782,0.0004016336408384567,0.00030448986278082857,0.0003713157313069318,0.00025058974156320354,0.0002779429021081547,0.0003110814732475488,0.0002194716370535529,0.0002941443660034239,0.0002359388306473745,0.0002184389985378352,0.0002625630155804068,0.000308406734014168,0.00025327093978790043,0.00029241791985364497,0.00039441132082440063,0.000335982319189294,0.0002969313745697799,0.0002995288948450835,0.00025303857771683235,0.0002682154658623608,0.0002417371542523494,0.00030129419207373107,0.000347301862453393,0.00043605274774319275,0.00031680604146923786,0.0003310217274912315,0.00037903628025548334,0.0003883212896952122,0.0005081854680514053,0.0005131781709039454,0.0005506747866342072,0.0007899177995960399,0.0010910454269657925
0.0005573748967414909,0.000748608853993854,0.0005448596981997023,0.0004946725874827904,0.0004314727299237165,0.0004846663390353988,0.0003471620540097165,0.00030900495136978193,0.00036334375189905335,0.0004448703198501033,0.00044357806787619086,0.0006069307062379321,0.00034274752581460764,0.0003292933546360564,0.0005038286604755115,0.000485376404745471,0.00033596932873872004,0.0003759262080577936,0.0003618144307266298,0.00033405765587911677,0.00031861455669228206,0.00044891517367082087,0.0003197887925708666,0.00032194062454567776,0.0003931482339259391,0.0003338573374883177,0.0003453024937584776,0.00030162947167667367,0.0003350077687460178,0.00039475374815857255,0.00030438143807676985,0.00035665661265091216,0.0003306914960085646,0.0003317380055288075,0.0004680668107436751,0.0003299577312673073,0.0004847812933458952,0.0004158181456673059,0.0004219740453014171,0.0005179414043177897,0.00036531893271299153,0.0004939454962349191,0.0004545290515140373,0.000611673852500372,0.0005788451914877931,0.0008611375739158098,0.000983610554574972,0.001331556888944547
0.00025922399162728045,0.0003140678529539899,0.0002786397002821309,0.00037181783485481796,0.00022845331171060233,0.00033918344645156117,0.00039206383936136557,0.00020359571252288224,0.00026915846110186933,0.0002519285220027461,0.00027079540074800254,0.00020389944361397632,0.0002799576560165145,0.00017502243145167378,0.00029282311917126167,0.00023104329836131594,0.00027031802286960456,0.00023748275499478337,0.00029970310186338287,0.00019587408327948426,0.0001922028526712656,0.00027871173366879267,0.00017479906968678017,0.00019310360697467733,0.00019951054476844042,0.00024346519453939184,0.0002520055626393746,0.00020224465430699554,0.00022493435491959836,0.0001521898406122701,0.0002095378884694233,0.00018663329393944897,0.00017959286695416057,0.0002259995071774416,0.000203003157646966,0.00027752748369534914,0.00025748676072416093,0.00021994409003324341,0.00021045378449182202,0.0002692715873705539,0.0002536022170504738,0.0003287166594790592,0.00039026145126155984,0.00036290731659655755,0.0003544779767223864,0.00047030514615621616,0.0005308991683892662,0.0007766357138408815
0.00019684505150731763,0.0002224732570560014,0.00045943743303093244,0.00021297601688557765,0.0002161489231582868,0.0002672662714703175,0.00021775859555826056,0.00017552637535568315,0.00022582416013902488,0.00020854148437887286,0.00026614450422174715,0.00019039993753145186,0.00019345687048646156,0.00027319938003971347,0.00014996696853346723,0.00023381859050166498,0.0002011322063392005,0.000245045527527229,0.0002569218983991996,0.0002179688656753305,0.00018245782712438403,0.0001619100723935035,0.00019477990948177877,0.00016169441111567648,0.00014008522340329665,0.00018839335568052285,0.0001450620216824491,0.00022618991043009165,0.00014693473675856603,0.00017660743813103572,0.00017921226699055105,0.0001635608890630355,0.00016339548082843164,0.0001643129397819724,0.00015481855897463614,0.00017724747540190318,0.00016924427223876534,0.00018570721368932257,0.0001991715328397596,0.00022726556729592986,0.00019705866188453837,0.00029240641600666243,0.0002631219574113994,0.00035958786288864863,0.0002935542523157895,0.0004153743775157287,0.0005162581062155339,0.0007884278201823623
0.00029947939660939253,0.00017345345061241428,0.00018998329206810802,0.00024174359280963107,0.00026107500479093126,0.0002557415551176028,0.00019033889094258739,0.00020747518831750584,0.0002280841011847377,0.000160687721873787,0.00018055898255113744,0.0002829044349198681,0.00018612702797531585,0.00018130139167660074,0.00014959735367596957,0.00017484304279067033,0.00019403676317027743,0.00021875797079764941,0.0002223926408557428,0.00020401439222459384,0.00023884899928050944,0.00017351187962736433,0.0002306041409836736,0.00018632604301715202,0.00016066635375000342,0.00025923194410839407,0.00020948709177985784,0.00021594209991835227,0.00016531374109188192,0.00017842261746127132,0.00016727147819013913,0.00014359745380727903,0.0002379566284469348,0.00018010828837696332,0.00020450128081791265,0.0001509531354877061,0.00015591170928445808,0.0001789032179413649,0.0001638522515549453,0.00018320389548188336,0.00029333541665123726,0.00023887368680928803,0.00025337794515886393,0.00024624380997383143,0.00027686978264357794,0.00045829905138529474,0.00043249405900323764,0.0007057105146912491
0.0004072345706105856,0.00035396433703757874,0.00037848874531345853,0.00033874279789011173,0.0003447099728543608,0.0003546210019271208,0.00027306736891543135,0.0002714024425013818,0.0003438554510124257,0.00030818625758022744,0.00029974978120938834,0.0004254549119820678,0.00025902958388235894,0.00032274261368364843,0.0003629145201440716,0.0003983383903963237,0.0002990905584332906,0.00037412797475871594,0.00025401029897006587,0.0002736394089450396,0.0003120317790073507,0.00022009625983588065,0.000289821712101494,0.00023829367271835212,0.00022009825175966073,0.0002623939094710392,0.00030868310590789375,0.00025317748832898987,0.00029350846611560515,0.00039521625251026144,0.00034192477205995933,0.0002956470861521921,0.00030491995652871475,0.0002488373504261742,0.0002683012102411478,0.00024212080532526334,0.0003002581940384771,0.00034936110776310006,0.0004322716233855985,0.0003189213977296942,0.00032780746690531725,0.000380579136393856,0.00038849843340086503,0.0005110973492475177,0.0005116219969568838,0.0005479139176475607,0.0007950357466273774,0.0011014313423822896
0.00030097352880306,0.00019645866180201875,0.00026422551693585413,0.00022651761001814147,0.00016867996184157235,0.0002478018762244047,0.00022862479043330965,0.00034472876034548155,0.000242989249521903,0.00016206430215857102,0.00021600058150533964,0.0002665325523890318,0.000157116813136701,0.0001601292401404465,0.00015028459724746778,0.00016063681394055325,0.00017706731667787827,0.00019751177447449757,0.00012798727134339936,0.00015281956138170694,0.00017119649452163903,0.00018801276918773864,0.00022189197249393534,0.0001460444575621852,0.00017690792004734508,0.00014304953311535535,0.00014597261051503001,0.00014195473235882115,0.00016393597422955302,0.00013205822629817185,0.00013709968989640707,0.0001534542953010041,0.00016715103850483003,0.0001414848378657052,0.00014823967922389118,0.00017944797298094191,0.00016026886566017587,0.0002161253867276774,0.0001619671896686099,0.00021559178153207577,0.00017203298735206707,0.0002269212885924506,0.0002212573415255161,0.00023432301543897834,0.0002851693541580194,0.0003326511883256412,0.00040793326090388305,0.0006214627511399262
0.00028791452385133016,0.0004508170910970002,0.00037989892246296576,0.00023998800227889087,0.00033047310085276295,0.00042203504249146414,0.00034189484864050415,0.00020439488314854027,0.00023507719998607554,0.0002722944603749328,0.00020160509374563698,0.0002325170949884729,0.00020438058779391073,0.00025925964980656497,0.00017338305729732288,0.00021223350866631665,0.000159248694510244,0.00019046011306196175,0.00023109885197613797,0.00026223379575061753,0.00021782600275123355,0.00017450107920940323,0.0002152211511620898,0.00019086190966677869,0.00018188052680626475,0.00020909872525359474,0.00021217289741742257,0.00018228658969761616,0.00015645647429993827,0.00018162449884607216,0.00017197758697029203,0.0001945492590409579,0.00022009944110058013,0.00014606783748603044,0.0001663849628722664,0.00020412114358784724,0.00025997750057220456,0.000264463606210416,0.0002243953965178766,0.0002245434756118095,0.00021965146834120985,0.00021878224599623181,0.0002784955681579089,0.0003108094293462147,0.00038957102287207204,0.0004596669091425167,0.0004950894484322662,0.0008661307354875419
0.0002972612580066764,0.0001915740439557192,0.00024280498446919928,0.00021910339345881764,0.00019634365292739824,0.0002647969078241075,0.00017040073958837434,0.00021254862629645275,0.00016255125273848542,0.00017006776837021802,0.00019046667162181676,0.0001466683728760382,0.00022090092650105825,0.00017240549360043878,0.0002059948520264283,0.0002175186286760833,0.0001935704499147382,0.00017286360551646375,0.00019123778428521915,0.0002348954919760301,0.0001340739302276894,0.00021225368019196433,0.00019552109562667947,0.00015305603320483257,0.00016065948171160746,0.00016628382404635273,0.00017665454065608912,0.00021875156047626993,0.00016412403244301028,0.000200236483514538,0.00012710675123810375,0.0001723385041516399,0.00016399865043462621,0.00014609589365570434,0.00019859440506481973,0.0001584597076212425,0.00019090078895680479,0.00017502797274010064,0.00018569241822557304,0.00016833126712509645,0.000234880095646695,0.00023275649707457378,0.0002472807810713165,0.00024773507907999636,0.0003216617667852852,0.0003361849269270808,0.0005288499786200848,0.0007108470393706438
0.0002457569226824129,0.0002389003052279978,0.00037824011712694883,0.0003466865200571485,0.00027882072927634324,0.0002952319543810588,0.00028414319941798434,0.00033401571085539403,0.00030174122133472476,0.00022251371521145368,0.0002937504932337394,0.0002528818977542191,0.0003797420764893417,0.00020770582702798977,0.00024427998650190883,0.00021434772460277732,0.00021627365882481955,0.0002762918801731077,0.0003394485922482221,0.00023775644764940392,0.00024344501351735478,0.00018113748810784006,0.00019308040944681712,0.0002366144665864557,0.0002433194718722649,0.0002219719313736113,0.0001677100458908536,0.0002665240603254489,0.00026925660079324447,0.0002741362659738515,0.00021298370636231408,0.00020343257622741312,0.00027137559803547614,0.0001887368267669276,0.00023545594880097738,0.0003094740304069608,0.0002074537358960346,0.0002994972893931323,0.0002517972413978344,0.00024929374812264216,0.0002574258515961342,0.000310627705294142,0.0002778675592660565,0.00046128956310448023,0.0003536062339498868,0.0005397968861118757,0.0007281463071909737,0.0009923530343871972
0.000422716573542855,0.0003893958384879287,0.00032900193961475123,0.00045254678254289687,0.00034426764469752257,0.0003845651742373168,0.0002858951154775143,0.0004522603418754007,0.00032858815502783816,0.0004387243988292163,0.00035859185412063073,0.0003139034751665841,0.00039589462555287945,0.00041677221021048957,0.00028365862545642726,0.00025861375012924413,0.00023095992653044824,0.00030092271960533,0.00024089786589868666,0.0002568315002671058,0.00034399084057342696,0.00021742285741509337,0.00028173557085213534,0.0002743776998640904,0.0002859464424313932,0.00026241407400163965,0.00026971414477118126,0.0002075234099222453,0.00032658504129258757,0.0003845922980139805,0.0002490145517509982,0.0003700269875496894,0.00042651456028847253,0.00026681497209527004,0.00040221744140422287,0.0002784688999355436,0.00031145630626676764,0.0003093377033229126,0.0004857828756236142,0.00039059002031839016,0.0003153608079621157,0.000553655044882083,0.00037480649470517026,0.000449978657590707,0.00068571632860024,0.0006565659366189403,0.000798589980720577,0.0012946123636012863
0.0003507275920151192,0.0002103251321073994,0.0003172151074315931,0.00024099777490316375,0.00017259970984686958,0.00026502243024203396,0.00023797525808277433,0.00037802021765446966,0.0002472955719935528,0.00016254436538353423,0.00023260780738760238,0.0002655095126550222,0.00016491368397998402,0.00017089134099310504,0.00015761966759354388,0.0001655000554924312,0.00018583470798638654,0.00019854177888967,0.0001378055476644719,0.00014734432950604695,0.00017307832605706604,0.0001947386415849528,0.00021864599300586108,0.00014755637692670433,0.00017277587054427521,0.00014668452756711373,0.00013855659117149922,0.00014646243955332932,0.0001660468436810762,0.0001320798929932245,0.00013590656180359644,0.00014971455227489325,0.00016971498804081942,0.00014201706040878893,0.0001432401145031419,0.00017818878232739037,0.00016337828465994123,0.0002245723673244875,0.00015872949172532556,0.0002160846533579049,0.0001686851439035193,0.0002217900873860101,0.00022967890105696898,0.00024044180217425845,0.00027301945513431695,0.000326773844139665,0.00039323913008263323,0.0006128298459877022
0.00030305978466541744,0.0004776363767979612,0.00035233604920786285,0.0002651873074871843,0.0002877883292826853,0.000419273521541691,0.0003345138977819952,0.0002240287864929781,0.00023660351302438114,0.0002729416266974789,0.00023874281351773962,0.00023133558056369198,0.00020353596140103037,0.0002558434524347033,0.00017072495182381112,0.00021809942891121912,0.00017338285047650267,0.00018668163304430058,0.00023171311433303624,0.0002586030402478594,0.00020901311939730186,0.0001721774528010575,0.0002251888636222379,0.0001912361666163897,0.0001821216688241214,0.0001920929486918327,0.0002104403646379627,0.00018289882187683107,0.00015249955142360687,0.00018144527405904135,0.00017240815898928661,0.00019415280438613627,0.0002219670741825873,0.00014509838008328608,0.00016841554813943176,0.00020238542405793858,0.00025374016322138266,0.0002689803147159193,0.00022335939628629844,0.0002216166914799114,0.00021807200243993997,0.0002207625786861636,0.00028462379369395525,0.0003107458105527053,0.0003900064933102479,0.00045876078116339683,0.0004948063160499579,0.0008630599604141195
0.00032019494496438305,0.00020263525567457177,0.00023983171446432928,0.00022293026581654448,0.00020620029060379146,0.0002492280486434437,0.00017166116699540468,0.00022166197155457491,0.00015446151965886764,0.00016934868110035216,0.0001896596265445435,0.00014816172192049938,0.0002255827861320421,0.00017513707110905646,0.0002017691592051706,0.0002122673113866109,0.00019185964488554295,0.0001757020097314653,0.00019156114727664604,0.00022637670957345926,0.00013108332839985073,0.00021775688471086568,0.00020576143058170985,0.0001559561582343824,0.00015815574118224085,0.00016948422056009083,0.0001762187373346046,0.00021790305356511865,0.00015913952982043035,0.00020306467126782307,0.0001332605834166623,0.00015936376861674437,0.00016487600869144928,0.0001460423788747444,0.00020227292908275515,0.00016828854101918743,0.00019250143397672167,0.00016985099025383532,0.0001848548979695257,0.000168828682890585,0.00023545767844415316,0.00023140371748808488,0.00024577850203143996,0.0002480577982974636,0.00032415755134206786,0.0003356803771633006,0.0005244362654981041,0.0007002505592525989
0.0002654356170548453,0.00023593816060826434,0.000394543387668551,0.0003373348593772676,0.0002819702770199398,0.0002881893633391536,0.00032218309771753033,0.00032355091211560486,0.0002999277058606867,0.00022290433462396225,0.0002929535800960551,0.0002603682539909009,0.0003659819050817723,0.00021619110620348778,0.0002425503334431233,0.00022616074039476271,0.00022075009946084982,0.0002801668400181088,0.00032440174615956224,0.00024356875884779138,0.0002492310813966682,0.0001796198466701,0.00019793908073333083,0.0002332584388400818,0.00024085560319132862,0.00021970526744911908,0.00016772990168643806,0.000263282249548278,0.0002656825204595379,0.0002693319626326905,0.00021196653920574988,0.00019923297430512262,0.00027431185468354357,0.0001859094354810728,0.0002373654577388845,0.0003149787913239384,0.0002084863659636786,0.0002990469094935091,0.0002536436917137813,0.0002503175812297563,0.000256343732362916,0.0003131201875754,0.00027844056328230304,0.0004678342541802507,0.0003506261669543747,0.000539944629666795,0.0007430233141145633,0.0010243974236109892
0.00044176026472972536,0.0003758799961473332,0.00034064823379813584,0.000456126124832204,0.0003558814839235821,0.00037937542458424747,0.0002734415527017284,0.000452717359144279,0.0003404556896747587,0.00042712860248960024,0.0003581251916381393,0.00030280295419385676,0.00036961069935173704,0.0004106120244960004,0.00028519133369171213,0.0002614673664082609,0.0002327721089020681,0.0003026583890817228,0.00023944052781329193,0.00025839968462958206,0.0003444559976108424,0.00021067560632944876,0.0002823704977027643,0.00029035447240880033,0.00028707888818361267,0.00026701303805661035,0.0002689664786533085,0.0002083797903769087,0.000331299142877341,0.0003811485201323648,0.00024786474939588425,0.0003664845863750601,0.00041314316705528024,0.00026392004503364213,0.00039813323456744,0.0002762287068647312,0.00031037620983833823,0.00030999901197611523,0.0004883033959504192,0.00039057111021022933,0.00031562365028396704,0.0005535178075905073,0.00037383580906716785,0.0004486186899471661,0.000687514806579622,0.0006570963437509779,0.0007987521061446628,0.0012906023631870612
0.00038151934888410073,0.00028443341984207355,0.00023039770638930672,0.0002312907442271862,0.000249722647547315,0.0003422680331588513,0.0002041770597860442,0.00020284063555282483,0.0002543367921558327,0.00022238162223827906,0.00014539408772930106,0.00016549700144764037,0.0002215804066349184,0.0002347406462188217,0.00014892857572827245,0.00019882235337146265,0.00020897611437894055,0.00019809438498173606,0.00017841604303218581,0.00016314838922328135,0.00018756592050505813,0.00019148030938268164,0.00018323315914557528,0.00014695363517437047,0.00018831827739460643,0.00016540713953742893,0.00019305794559560117,0.00019008890455844883,0.00015262864640227622,0.00014381782369308514,0.00019044914398366156,0.00018557120151978666,0.00015023782470048177,0.00019236275403092107,0.0001990673372442967,0.0002489316496641375,0.00021255774534819507,0.00017766813828491381,0.0003103418605935479,0.00019384663283858897,0.0002801217333638709,0.00021311282817205776,0.00024173789271034898,0.00030288643699807996,0.00039197520338956347,0.000363010288860693,0.00048805452317948777,0.0006860244766467496
0.00027333214462263217,0.0002098404474620893,0.00020285301247176002,0.00028511615499247456,0.0003195754986048205,0.0002106917202261366,0.0002240755748380301,0.0002745508675065495,0.00023963894058171703,0.0002592616139223259,0.00023493179135903957,0.00020797840328448168,0.00019959457003233062,0.00019275351608097823,0.00016055580357096657,0.00019161312299718306,0.00022831278372895317,0.00019434632754967223,0.00017707888667441152,0.00017560941630891236,0.00017813730064775832,0.00019785612360858195,0.00019707918696649967,0.00018609773613444773,0.00018841537172475972,0.00019485438683314928,0.0002111442842621543,0.00018180296419938955,0.00017134524414322633,0.0001850746999222652,0.00016764020718873257,0.00015904363976314382,0.00015751720525275411,0.00021352285970731806,0.00015769797025281162,0.00019425594462728452,0.00019059914495447421,0.0002523964531629535,0.00018601533183731244,0.00021732025149638273,0.00025593055208931564,0.00025160367333826057,0.0002450399349031068,0.0002948729384633032,0.00042884276989834535,0.0004336186929584921,0.0005335030899294078,0.000787279901645974
0.00027887015678526795,0.0003052987731685848,0.00023114534584000405,0.00030296546220863154,0.00024368923433724048,0.0002871583344017662,0.0002585561250599613,0.0003014878544881226,0.00030370464352292594,0.00028465567035741024,0.0002551835504747579,0.00037093721252438714,0.00023815204734557494,0.00026523055061139673,0.0002045060827826813,0.00021485398298382792,0.0003043071909469228,0.0002663354333872297,0.000266970852084603,0.0002115722406817986,0.00025746780138842187,0.00024820869173391595,0.00018159951955278977,0.00016111742794550822,0.0001884983182241708,0.0002046537975220271,0.0001668395231372802,0.00016200704626407304,0.00024951082488236254,0.00020761685367235078,0.00018210031482179025,0.0003426429412440748,0.0002549567219960979,0.00017193062717540172,0.00021663843946744367,0.00023403838318469204,0.00024015582796256272,0.0003013628755962943,0.00025433809986965725,0.0004835697466622535,0.00023298809624442587,0.0003007541595811487,0.0002799754713775983,0.00048755042384376115,0.0003420097436310201,0.0004348222274991542,0.0007123888141441207,0.0009548489302326663
0.0001951498626800546,0.0002295068660454413,0.00018455287166945855,0.0001451941707809062,0.00013891461450133707,0.00014315319537957873,0.00014686549706563603,0.00014657736631317413,0.00017544629681055096,0.00018967400493205688,0.00018296524295816465,0.0001959484679892473,0.00015800947326607222,0.0001607941545731285,0.0001372338853913451,0.00012864194147389882,0.0001810686068113956,0.00014826029632454833,0.0001896586825334633,0.00012161855902728701,0.00013868198417411735,0.00012244399814767985,0.0001725841927259505,0.00014467377311116333,0.00015459974194435272,0.00011027520296638659,0.00016503896050911425,0.0001626729230938945,0.00011564073879426482,0.00012201872401942332,0.00013773967584485884,0.00014120995445477202,0.00012074843484704851,0.00012638029632690357,0.00017197492835272282,0.00017451518137288056,0.00015103789766417552,0.0001751986061590126,0.00016890985235202456,0.0001696040188609286,0.00017668136696036085,0.00019196763060643458,0.00020436871542482587,0.0002972306179105919,0.00035740150500882765,0.0003252097613750392,0.0003837255454089591,0.0006784763587341926
0.0003322835499405256,0.00030887049780924434,0.0004316706486221212,0.000402549701640656,0.0004695281958918795,0.0003354592477228764,0.00035938960440469106,0.0004741266641896136,0.0003489481262674457,0.0003251828623586078,0.00040901121278868644,0.0003439210829351705,0.00031816482067391875,0.0003162102472439097,0.000287224004222481,0.0002530496320807339,0.0002412315204406197,0.00026569454329350856,0.0002518341388681908,0.00023867605535916195,0.0003124165527499741,0.00022731707361526608,0.00021609579502955832,0.00020285514604672915,0.0002247794309368246,0.0002314438558503744,0.0002741399506937169,0.00021623183799484303,0.0002077767008812591,0.00028262611298243657,0.0002681342242100751,0.0002747920742674883,0.0002933648285365019,0.0002424087649571664,0.0003656996205834322,0.00026805510327235096,0.00022715794561506216,0.00030456995845086954,0.0002779589273623068,0.00042065868393922684,0.00037689521955091665,0.0003300809074867334,0.00036456960577340315,0.0003717784700614928,0.00047409043718860475,0.0005841180944522968,0.0007454311919261674,0.0011412927132807334
0.00043562324706980515,0.000291193739835037,0.0002256963431830761,0.00022064129994359832,0.00020751960179850987,0.0003111498606478439,0.00019947830152707837,0.00019105145518510518,0.0002395090275345372,0.0002205049804037842,0.0001428954746335612,0.0001697885114178096,0.0002310199232243478,0.00023882030753638947,0.00014257051068479085,0.00020164327221895958,0.00022914180691880104,0.00020989860857549322,0.0001750121010545021,0.00016497570696015555,0.00017842448744185573,0.00018249984728780491,0.00017971525722394518,0.0001448862179109847,0.0001841184413338878,0.00016596623880141492,0.00019601108793027935,0.00019314953170520102,0.00015489557843510892,0.00014279676183648742,0.00019421907832747813,0.00019344853156400406,0.00015096428575400318,0.00019081242928433134,0.00019727101645960866,0.00025220216736310594,0.00021644291514598009,0.00017597057932911765,0.0003153127284852175,0.00019234695896192262,0.00027907401056177577,0.00021294104150393583,0.00024207924566075088,0.00030363960757462746,0.0003892361886222692,0.00036278666786975823,0.0004924200196636979,0.0006920176977924705
0.0002693488930670544,0.0002339471233967024,0.00020179593109126803,0.000301005562968294,0.000280374336655791,0.00021525780596385366,0.0002217499890415754,0.00026183429856729135,0.00023094466942582878,0.00026076125970331433,0.00022350738999435133,0.00021242342439078675,0.0002093648064217064,0.00019476055764009443,0.00015928040350022797,0.00019032692707870075,0.00022550215682975845,0.00019385594583800847,0.00017623987114239766,0.00017614149670519398,0.00017837196415662515,0.00019768274675570973,0.000197431818179684,0.00018370465619023618,0.00018973218123511992,0.00019472486586206322,0.00020956816789737302,0.00018425651891491453,0.00017172440891554105,0.00018654130604667582,0.00016763784037361596,0.00015983728367163828,0.0001571351858334624,0.0002135784001446026,0.00015686342095405114,0.000194324032041127,0.00019097336740861088,0.0002540926362852415,0.0001862295886842434,0.00021733564780098024,0.0002564381445962622,0.00025049739819253425,0.0002446673351960747,0.00029390441805149376,0.0004257009293380093,0.00043581296369298104,0.0005318841031000366,0.0007891437613194842
0.00030637253775170326,0.0002988072268467595,0.0002512219789201283,0.0002855332535442327,0.00027231010092239327,0.00029442781000803747,0.0002396288211543504,0.0003064529205741756,0.00030021813251696305,0.0002853652336261888,0.00025405924763588397,0.0003721368911381698,0.00023688132940632875,0.0002791629013364728,0.00019716169364586482,0.00022412416593957084,0.00029724619010485447,0.00027032588167165937,0.0002709340425164871,0.00021669399433989022,0.000268245421941826,0.00024596210656623995,0.0001787837241857611,0.00016219898773273751,0.00019193248939506204,0.00020413550101087085,0.00016695095333161232,0.00016217590955640925,0.0002480046477211691,0.00020969481794692754,0.000182044993550233,0.0003432248845047062,0.0002579631064292337,0.00017277407646471165,0.00021693969114666375,0.00023286749023476765,0.00023946018726386814,0.000302444975995844,0.00025463227122352164,0.00048541917739321124,0.00023306583542540165,0.00029986282704166705,0.0002794005055648804,0.00048755778558861836,0.0003421332213086014,0.00043454311200006945,0.0007118668076209691,0.0009540631969387381
0.00022342542018724694,0.00023333066065057016,0.0001951215455177158,0.0001562311003275571,0.00014007180009089896,0.00014156078915280313,0.00014531851099356947,0.0001438325323047814,0.0001755472850549424,0.00019297282052855994,0.0001830524429456801,0.00019479705811989174,0.00016217208652829698,0.0001540259767128479,0.00013917242289323886,0.00012086075792539331,0.00017585096139631276,0.00015121744779981062,0.00018561297759672602,0.00012501167492281456,0.0001409223031183161,0.0001228878871241133,0.00017543129712877987,0.0001442630326256408,0.00015101942785367007,0.00011173039015385382,0.00016069751490940373,0.00016371775193373998,0.00011573156960082948,0.00012174960444702008,0.0001413210564375013,0.0001391027455117484,0.0001179187960608331,0.00012590229600622786,0.0001709150125306973,0.00017488201807817663,0.0001517368804378287,0.00017253735426416952,0.00016824347258055528,0.00016902349643655817,0.00017595435646723562,0.00019162774454435479,0.00020365442704263763,0.0002931267367655848,0.00035371504628475397,0.0003232605014442066,0.00038486560345273843,0.0006873862714298039
0.00034473418162836764,0.00031565194408528853,0.0004050781915115651,0.00040895610705131966,0.00045090706026572255,0.0003929184220792867,0.00037219811150079646,0.0005040620433174127,0.0003920766551962746,0.00033340095306129907,0.00039693306011421203,0.0003300029441579806,0.0003194370131712037,0.00034750328170451896,0.00029312934570387215,0.00025477177101948664,0.00024765170089055256,0.00026508945697718226,0.0002526589085920627,0.0002396023904958192,0.0003224519335545128,0.00022803206540421248,0.00022163970645647994,0.00020474982185879258,0.0002217254370524649,0.0002275326967701186,0.00027104783955759685,0.00021594319896391554,0.00020444936415696873,0.000275551426739592,0.00026920253232807617,0.00028227508280256143,0.00029647667615299096,0.00024392314737936962,0.0003639151917449356,0.0002675248664211273,0.00022739868772798187,0.00030271472941255866,0.00027890144731891023,0.0004195443997594773,0.0003755198857854433,0.0003278143204278358,0.0003631037670583377,0.0003722559934573976,0.0004739511579201013,0.0005887049725157421,0.0007509255222423034,0.001136725974869999
0.0003708857029112099,0.0003260177503845484,0.00031598212522047816,0.0003556569730234918,0.0003635089591453777,0.0002878195607843657,0.00037913874017835616,0.00024649999803672164,0.00036989782574889824,0.00040254338004699485,0.000253345538643943,0.00032370973567914617,0.0003258822280008634,0.00021773898894810763,0.00045986606495224694,0.0002451531039155407,0.00028809780089309036,0.0002812791017117321,0.0002055557894070946,0.00018752480802598247,0.0002705338950870383,0.0002089825226683727,0.0002572247981286033,0.0002617937005447096,0.0003209485779278641,0.00031317408019761666,0.00017743571220540412,0.00028619575178431784,0.0002330817367847889,0.00024706460222107094,0.00023884464390706256,0.00022119055871450832,0.00029799020827772817,0.00022121918157604262,0.00023295401664945997,0.00029844539548312275,0.00024388618115199202,0.00023939990033682113,0.00028117583000590465,0.0004842865927174768,0.00027099432451616935,0.0003430612887530519,0.00030312392211650303,0.0004113088001755687,0.0005277338610075445,0.0004999111187233598,0.0007123335934805564,0.0010262994589556533
0.00024468149501302684,0.0003260779308784139,0.0003020065189493281,0.00019864925880256883,0.0002038555003205903,0.00024667253535726977,0.0002517333846402461,0.00019139614498240432,0.00020518296062253086,0.00018772743998840387,0.00018786965139864825,0.00021662251664228072,0.0001773795064875306,0.0001788254700140234,0.0001769823954806235,0.00020592884264894262,0.00016715414619267527,0.00027369407959083663,0.00013469039821277227,0.00016024206805702695,0.0001894955220205491,0.0002121098289242574,0.0001369110320813587,0.00019181281340351774,0.0002016270433837281,0.00019597355164821276,0.0001673516626957841,0.0002111914341885019,0.00015644972719236795,0.00018239084764815457,0.00015673785855540068,0.00019066020989393624,0.00018082557680247388,0.00015363702884961736,0.00020356810536569571,0.00019567297454534143,0.00015571556768874384,0.00019003767600091692,0.0002591840333612873,0.00022788830696956035,0.0002720081443955214,0.0002387658018691993,0.00025603232369203883,0.0003289397574890668,0.00042200859427274546,0.0004510078379285127,0.00043724923861011237,0.0007237704080669852
0.000218407346539842,0.00030616903848942125,0.00022005274463496094,0.00025849026167242304,0.0002643325513954374,0.0002680800399281613,0.0003049429858198522,0.00016090350061421846,0.0001981459434245757,0.0002471234790736604,0.0002273603510840763,0.00017649743175606356,0.00024120799369844063,0.00015896027532528117,0.0002269713141488774,0.00020385636233228723,0.00016473474252523304,0.00020596718579104356,0.00019891766402709067,0.000235314907987047,0.00022979552518270863,0.0002271639250755847,0.0002435900918383791,0.00018565215416574833,0.00016311860050658976,0.0002572649097461601,0.00022140931367242435,0.0002598764230895627,0.00016854727818765253,0.0002315059240432114,0.00019973678508187343,0.0001897939193255965,0.00019588646350729926,0.00023728903650424118,0.00021069472674648383,0.000201427135408008,0.00017363881855191174,0.00019936550204855812,0.0002489495797876119,0.00022784057542727407,0.00022530191917515766,0.00024176712739732513,0.00025022765009805915,0.000280441429734489,0.00034281783609833166,0.0005011433943425626,0.0005607426753596115,0.000904923084977229
0.0004801328749251686,0.000530158028112047,0.0007217835035684634,0.00034036533615784985,0.0003124718901276252,0.00040123071609399647,0.00035166996240669225,0.0003435619422140498,0.0004386526248213444,0.0002926950452839075,0.0003068999093112715,0.0004114239977980208,0.0003319886303796614,0.0005623225290318519,0.0002970035027619908,0.00035538791487059587,0.0002839173030781743,0.000273091976545354,0.00033032939586531045,0.00032896188522461254,0.0003689522059012674,0.00039625445139445097,0.0002639277412822599,0.00029241837078738204,0.0003179757639161084,0.00028220441907853726,0.0004897567477539129,0.00033050327876965087,0.00027113945809144075,0.00028829330202545804,0.0002699616976285236,0.00026953342170127944,0.0002482320116680822,0.00025825144153276893,0.0002935657972988297,0.00029916829633742345,0.0003047696198573517,0.0003335593756945263,0.0002783830519514543,0.0003031174646506189,0.00040408137867296173,0.00037827617356669,0.00043631254322659446,0.0006196526321521162,0.0005388285578421838,0.0006781018138095255,0.0007997448396297013,0.001170518161756954
0.00022717755022213788,0.00030296092918667895,0.000178576406893026,0.000245409308212177,0.00017166299148298824,0.00017707601688607842,0.00021268265057464768,0.00014808532713976992,0.00016775479525966386,0.0001966593789096621,0.00020940844706060862,0.00015719520348270405,0.0002094889621588391,0.00012952454806511911,0.00016486443303602642,0.00018349652366815474,0.0001443646894251463,0.00016517071337514584,0.00013791905985457596,0.0002037347842308262,0.00011010060703306325,0.0001312891801462151,0.00013581400023154232,0.00015314876735249015,0.00011366774122496036,0.00010485681813249305,0.0001758541065187777,0.00016781698204480476,0.00014144662946498536,0.00014096599952994154,0.00011803761846811473,0.00013808882395837855,0.00013846152860420196,0.00012790877541212897,0.00015756041804189098,0.00013182403778280873,0.00015914371616275084,0.00015483414669158844,0.00014543859347884895,0.00026161949084326847,0.00015914844375562924,0.00018076601354729183,0.00024617053946306546,0.00028211272008935533,0.00024014264077099257,0.0003145953687746841,0.00038096316907938445,0.0005880640914031651
0.00041089888760393873,0.0003155995562628272,0.00032671321934789246,0.00034473763886011473,0.00035702173986260565,0.0002668420443651771,0.00037440677398681483,0.0002613521548053691,0.0003470733274752201,0.000428992997598981,0.00026623479162532244,0.00031840881031283897,0.00030937076763072494,0.00022456020828220594,0.0004676845962932876,0.00023952090178456676,0.0002958977682100332,0.00028404435681692215,0.0002054482267674827,0.00018164003910338175,0.00027091803408984004,0.00021371026181731459,0.00025975749367035427,0.0002570518041745698,0.0003272368784189074,0.00030055434535054837,0.000180573112612233,0.00028999875639398046,0.00022998427462205592,0.0002458200005473613,0.0002408284941910923,0.00022470991423883253,0.0002895239129665108,0.00022117372666756265,0.00023138453013752332,0.0002946283775420338,0.0002533794259990794,0.00023494285507940897,0.000287808249177216,0.0004917079493194863,0.00027111137714963014,0.00035002924667427293,0.00030457312845486115,0.00040392307785881953,0.0005400765931057403,0.0005127923324097792,0.0007258675752394196,0.0010800992008336875
0.00026227109807536967,0.00034862090525555065,0.00029950961843045967,0.00024153653488481706,0.00021187181232954592,0.0002588910036951677,0.00026433694098571616,0.00019623441224583677,0.0002048626164807419,0.00018579101062393634,0.00018688788690362587,0.000222657810725346,0.00016443059721882972,0.00018000790198394046,0.0001813766431089748,0.00021441396292704604,0.00016826071708939748,0.0002759861545618089,0.00013507696186080488,0.00015955513335175832,0.0001895597176998278,0.00020543175045293068,0.0001388429402176045,0.0001919297921087959,0.00020046989214029135,0.0001930230476785393,0.00016727725431453044,0.00020921097844419132,0.00015674887253661792,0.0001842146644153251,0.0001568345219465679,0.00018947089170063828,0.0001806482922517487,0.00015385750356269951,0.0002034597007793518,0.00019575823980781635,0.00015544803917250457,0.00019005221457733741,0.0002600665530698143,0.00022683031682146153,0.00027207117557351274,0.00023783496981498735,0.0002558866940831565,0.0003284953571942179,0.00042423643858278,0.0004507451266193494,0.0004379388493174204,0.0007250574216347331
0.00022275076146028374,0.00031350293530175684,0.000254656168316241,0.00022893838252035313,0.0002651611886301641,0.0003026368244546816,0.0002680957923359421,0.000168860557331131,0.0002245378633732717,0.0002723370824902764,0.00022130988517109353,0.00019155003504242496,0.0002328538805416513,0.00015529091528875737,0.00021801735115963645,0.0001729194999518248,0.0001621595138616997,0.00019947262506809761,0.00019795705228363496,0.00022975195974697,0.00022887871644756866,0.00023818313025826166,0.00024661839829038883,0.00018347735128523767,0.00016323708012504256,0.0002635438813663887,0.00021665790481974887,0.00027538587502868363,0.00016954839630870736,0.00022685631950962812,0.00019411560189286505,0.00019053204621969955,0.0001935701396109717,0.00022967013570916235,0.00021129196472003853,0.00020249804898499383,0.00017616273396924248,0.00020507833561420985,0.00024819313580983746,0.0002143470113938867,0.00022139568185603576,0.0002372344781207674,0.00025206022017078175,0.00027947653904791483,0.0003416707116601207,0.0005001735460989789,0.0005588821499560317,0.0009013507915099744
0.0005347362032434153,0.0005340257078397497,0.0007447480833977916,0.0004135528430681037,0.00034137228869735346,0.0003993349381640769,0.00037358984170704235,0.0003186374220314214,0.0004557490161607497,0.0003064648778695275,0.00032674536618767987,0.0003862426801915451,0.00039198483650050884,0.0005513784050479852,0.0002898142744755192,0.00036534953411752294,0.00027499763669493546,0.00027645738951850857,0.0003392149192217717,0.00036049293353895834,0.0003700093570650057,0.00037715010910229613,0.0002667211452459596,0.0002857570970426953,0.0002891667430609583,0.0002765486195355742,0.00047866833114012765,0.0003224872942021339,0.00027213751428678047,0.00029920118711173,0.0002763398204601951,0.0002728126319661605,0.0002464400711212604,0.00026518851892850685,0.00028626036003124265,0.00029254976648631454,0.00032103817343473765,0.0003381989458450891,0.00028855037829647904,0.00030656636952402605,0.00041037026587916565,0.00036636142797687486,0.00044336634006607626,0.0006290379139989884,0.0005617444639983208,0.0007044058762889613,0.0008590639709041796,0.0013629471799316017
0.00022117332161898716,0.00029446322244093065,0.00017242038504987147,0.0002550868633565793,0.00016840811056261163,0.00018097138385895654,0.00021274415200962863,0.0001526880605466269,0.00017644698542279973,0.00020220055862869138,0.0002037316048744896,0.00016322209364595807,0.00020546780761032476,0.00013380897048124215,0.0001598645542987137,0.0001690253362340035,0.00015089871096593522,0.0001699349016697897,0.0001472113094293322,0.00020231534273836108,0.00011292180848555116,0.00013216506729537682,0.000136011975773591,0.00015662679883046368,0.0001175947464909462,0.00010582632421138842,0.000173551699775665,0.00016520348721638589,0.0001410967864922531,0.0001396803556781915,0.00011876648495959984,0.00013802317447903116,0.00013943965578361008,0.0001286493357551574,0.00015630385903696732,0.00013188047027953883,0.00015873998290428552,0.00015381693847598823,0.00014626307227137887,0.0002615121275941626,0.0001587936967112443,0.00018125192991037164,0.00024675511545467965,0.0002820648093260039,0.000240156666338619,0.0003150347578162922,0.000379182243313677,0.000585432763222265
0.00023259085733290738,0.0002324511437798201,0.000205421981017396,0.00026475882514232093,0.00029198895129618665,0.0002703426242516095,0.00024204028911366612,0.00019434449388791445,0.0002689317900429137,0.00016542830562130261,0.00023715437808696479,0.00021532862321667326,0.0002446446806480501,0.00022629725760217695,0.00028888479279323204,0.00017119490455686764,0.00020937664957510084,0.00023417095424693783,0.00017014490743346773,0.0001937455821275753,0.0001921187611671687,0.00015487203238134318,0.00020702489037492563,0.0001421930346217338,0.00018513851041863244,0.00017269603489062317,0.00015812766138253867,0.00018696814334977536,0.0001642387946562886,0.00023467547276774444,0.00022740538638581177,0.00015318788749404516,0.0002398181398833707,0.0001862426244371133,0.00020227985476154627,0.000245220837379721,0.0002336108896562816,0.0002107972690473772,0.0002415490616501865,0.0002429180686237754,0.00022069782146965763,0.00027352876837050393,0.00025924945808131173,0.0002661125957221256,0.0003390307874009752,0.0004914975981875595,0.000608155732744325,0.0007882945679276989
0.00037207444690509276,0.00016355474414932837,0.00019502374864971251,0.00022752795026104026,0.0002693086024399412,0.00022943755389764247,0.00020813123296474726,0.00022359144478471845,0.00018519829264573246,0.00017972467763530367,0.0002195945875280264,0.00021822420400578632,0.00028288628730984707,0.00018858332856812793,0.00016061787806464839,0.00020154701503790002,0.00020179362258466185,0.00015120504416658387,0.00015486035404186347,0.00015603858475557022,0.0001783780003179975,0.00022269002532029553,0.000169103289814233,0.0001574232964970931,0.00011467608110877838,0.0001689743962588527,0.00021242387877688725,0.00014013968621774992,0.0001614791334035379,0.0001319436922905671,0.00018721086620138746,0.00015521090481557189,0.0002917324478701772,0.0001430178926325549,0.0002792503056736259,0.0001560701595940425,0.00016401487012921202,0.0002273151241248272,0.0003037232212843175,0.00030141187275096966,0.00022592232601863414,0.00021461299241099638,0.00024488438669812405,0.0002678016723326361,0.0003193795016292603,0.0004114308606913337,0.0005989122785206594,0.0009270505373431617
0.0005271846227770109,0.00033443430660902917,0.0006031423404197147,0.0002360063871654972,0.00027766340876562913,0.0004692989932485558,0.00035200791922117074,0.00032347135102198907,0.0004452987842697247,0.00028880750877118667,0.0002728074420373956,0.00031975371387150297,0.0002936606263800461,0.0002664998993464956,0.0003160187116339308,0.00032454592414864506,0.0002861705486616195,0.0002932899506133038,0.00036485501233411553,0.0003125580130047821,0.0002563624443176101,0.00019459249871328011,0.00021595541780434176,0.00025143921760505605,0.00022588651650068666,0.00023350562841037772,0.00039813111923537697,0.0002673445063338723,0.00024849118772274397,0.0002397922172727432,0.00024874959877122703,0.00031533670938896786,0.00023160301913785584,0.0002494512328472217,0.00027582917369108853,0.00028724345476410004,0.00026846828663747353,0.00027939604131279515,0.00031712685853815435,0.00041464783817121286,0.00028771480026164835,0.00031810609648779564,0.00042307303697562194,0.0004264456710603663,0.0004790143191072466,0.0005998528093934571,0.0010017961792312842,0.0012841381692225747
0.0002606736098262675,0.0003721526348953713,0.00023894108306543645,0.00026681054737881174,0.0003511400487676296,0.0002825888647095064,0.0002861051585519369,0.00023937472110577092,0.00021539693752224687,0.00022314921057599212,0.00015905938507416979,0.0002491417629994584,0.00024338929689326797,0.00021160377520436136,0.0001858506106513584,0.00024649539784427554,0.0002730130450177607,0.0002018350738720252,0.0003354794668499172,0.00020083823039402962,0.00016958474766998844,0.00020447275938141813,0.0002922445295105225,0.0001684956114442203,0.0001582296461666103,0.0001738368227665649,0.00016573034733589182,0.00018740896937760197,0.00017110287845864238,0.00018051800546397173,0.00017969071711502438,0.00017041833560032122,0.00016069395002760436,0.00017376502628804305,0.00027419095659890843,0.00028513423828572463,0.0002114390982026559,0.0002311928876664715,0.00021900361088410597,0.0002231305282520669,0.00022641290638535593,0.0002532676390584079,0.0003132676748823816,0.00028115092855424237,0.000563617820099932,0.0004995180904970121,0.00057221774304061,0.0009880498814880657
0.0002015400764150275,0.0001708570963029657,0.00018647280903121369,0.0001411489396585216,0.0001329624075475839,0.0001175737098093619,0.00014755854204581706,0.0001206137186550812,0.00013808659659336257,0.00012088727533678894,0.00014495685461037797,0.00016472003822021137,0.00011353930534892713,0.000113113294317039,0.00018067683573960496,9.591983608501509e-05,0.00010687840173135246,0.00011178232198678284,0.00014159798423464838,0.00012916884176799679,0.00018788304531880192,0.00011999605809081527,0.00010441060167946642,0.00013654329651371843,0.00014438975269020558,0.00010526174191881015,9.175591654201547e-05,0.00012234816240944992,9.27984892211434e-05,9.852890610724383e-05,0.00011068518208727103,0.00010573569949840603,0.00011628945865607407,0.00010370705209179537,0.00015558810624791836,0.00011800124520036389,0.00012450386568417212,0.00011851495422450457,0.00014166866550443342,0.00012368690046797175,0.00016724956429898166,0.0001636824305241168,0.00016664830023817252,0.00019869449036684234,0.0002498962522846691,0.00023736408926393053,0.00031426813725451513,0.00047472977029361976
0.0002331047906526176,0.00024040647026033014,0.00022615691476906484,0.0002873816457851263,0.0002966193948084741,0.00024956289795264247,0.0002553850792128035,0.0002007720495005387,0.00027314588294337404,0.0001584051902781201,0.000243915764720163,0.00022022163615712672,0.00026011503672489927,0.00022573143383656973,0.00029555272206997313,0.00017294606858263807,0.00020678143198052382,0.00023252945244905276,0.00016957242116904397,0.00019846604399174943,0.00019031060773924487,0.00015643386267393707,0.0002074527094092831,0.00014262985097649412,0.00018653367365982192,0.0001707779164912765,0.00015923102940185697,0.00018722244706055447,0.00016615622252436467,0.00023455558093067488,0.00022766960905991224,0.0001542212656827483,0.00024162624130866616,0.00018572270840769685,0.00020281738346768045,0.00024330144701876228,0.00023462020440317074,0.00021199871271657543,0.0002440307411807298,0.0002441721627954732,0.00022144799496496924,0.00027385208627208046,0.0002593797092611915,0.0002667538104476004,0.00034020726651168184,0.0004896277962731669,0.0006173225822075781,0.0007943953726552984
0.00036737723430752055,0.00017708002623356448,0.0001867368506106227,0.00022858318738036118,0.0002793360970956712,0.0002466889237714752,0.00021284811670784079,0.0002116539961833123,0.0001742615836503253,0.00017878596607162712,0.0002203475265805531,0.00021851157344644992,0.00028952306758693743,0.00018005894148964962,0.0001592974722779736,0.0002013408018430253,0.0002055746906665565,0.0001497288155964799,0.00015757676256615758,0.00015721573078813868,0.00017788290342789166,0.00022578401829696491,0.00016904176567940235,0.0001554899760915914,0.00011435983106025527,0.0001686971519601665,0.00021449376110706865,0.0001413325222769594,0.00016319704985067224,0.00013264417169871407,0.0001873087795171873,0.0001536255351740624,0.00028937336056360094,0.00014203508603166675,0.00028212014362395053,0.0001544304950925599,0.00016395824911223094,0.0002299751741437566,0.0003046663142755578,0.0003047837159003065,0.00022793577162885244,0.00021464659910726833,0.00024492890797701383,0.0002688272363755588,0.0003222380074011283,0.00040518565460266354,0.0006080955008575922,0.0009443876297512847
0.0005343228980618281,0.0003380824981159984,0.0006933758269126898,0.00025851372251528933,0.00029303905181277573,0.00045603319120854683,0.000357666005026228,0.00031867703259078815,0.00042563225628090764,0.0002975571775493113,0.0002661980354478828,0.000355402154561156,0.0003276731245699793,0.0002832844747970043,0.0003057270751235376,0.00032366694632556203,0.0002811653181656278,0.0002922486484716774,0.00035743411764027004,0.0003148205123224325,0.00027612334621370633,0.0001986135070847489,0.0002202213612012296,0.0002544191240370633,0.00022573617587201122,0.00023347076122136911,0.0004005717643085351,0.0002688695800441613,0.00025163830692158883,0.00024239223236820478,0.00024795062612226605,0.00032437487666731426,0.00023117444285387966,0.0002492580063902773,0.00027156751867517395,0.0002884693569862752,0.000269305318045776,0.00028318414431213046,0.00031212724840308845,0.00041429755218391637,0.0002881127042753487,0.0003226149548636023,0.000429118027516276,0.00042602742271172656,0.0004816938350808139,0.0006069441910063685,0.0009882094937940665,0.001259880827983741
0.00029330118005170053,0.0004200917579971176,0.00026548614777855263,0.0002650688209094079,0.0003772785797137491,0.00032099614863126803,0.0002820838632242968,0.00024151280118399124,0.00024029818892293823,0.00022663988482765534,0.00015990863583790232,0.000261591701857984,0.0002489278806674753,0.0002132712789008992,0.00018048145500410514,0.00024522094569953603,0.00027155023484668134,0.00019961132877093448,0.0003436958769148169,0.00020146154323712916,0.00017036373548166692,0.00021091003680753884,0.00029739845681713754,0.00016879413582230528,0.00015743861240100735,0.0001806590546833823,0.0001610557323403866,0.00018693920236226934,0.0001718717439040512,0.0001772055408130113,0.00017801196590056805,0.0001734202513137299,0.00016216834895300795,0.00017479328434171214,0.0002757346656645672,0.0002905380263873372,0.00020883897288491763,0.0002355301077914167,0.00021990760365096996,0.0002199015777398348,0.00022651178429162049,0.0002549840612810934,0.00031797058236282994,0.00028365780272294246,0.0005529435571981784,0.0005099394318649057,0.0005820685523565971,0.0010223445860558197
0.00018150402445358892,0.00015993337681333717,0.00021263059328182035,0.00016043498243907515,0.00014353149499814525,0.0001173417852932844,0.00016394867766940719,0.00011961607755773872,0.00013089292915371726,0.0001191951217657727,0.00014256388335758704,0.00015479974705859698,0.00011655272575360965,0.00011204180658485027,0.00018212472233197178,9.264945834717995e-05,0.00010791540150322018,0.00011317279641432699,0.00013642269550241323,0.00013345901455871282,0.0001973400350266818,0.0001218394456882494,0.00010789392308107468,0.00013586209965387393,0.0001468992258262435,0.00010232254745349767,8.704925845732486e-05,0.0001241224665649846,9.433302105016906e-05,9.758484968819469e-05,0.00011294899475130272,0.00010552316196888897,0.00012029662553724635,0.00010726501235569276,0.00016158591065146348,0.00011685368741281707,0.00012027207859667431,0.00012117055768487074,0.00014282156493702493,0.00012195980654565293,0.00016823543059253098,0.00016416485722965186,0.00016417088646579142,0.00019952324987835277,0.00024859085389306105,0.00023812090088738634,0.00031359023179647794,0.0004673923552179285
0.0003242366417964293,0.00027585430042638973,0.00020160019937484651,0.00020867585633129978,0.00018499437514786932,0.0002791396591567172,0.0002187169156171688,0.00018337423686498483,0.0003177323201290367,0.00018068718340237213,0.00019912572375050208,0.00017260239494070633,0.0001296804173659254,0.00019052576157922943,0.00020306866896755246,0.00020608082626550153,0.0002093049268652062,0.00014622374027868773,0.00014882970869476236,0.00019628779702048676,0.0001355497353882794,0.00016973524684078516,0.00013910952385661976,0.0001817648343048434,0.00017226963812796989,0.00014982464263884067,0.00017129834041157505,0.00012858842762302516,0.0002049594178807876,0.00024807453748259026,0.00014623400637013396,0.00015899369413994828,0.0003061672279993716,0.00020056873123677798,0.00019450659621969614,0.00016235246285359968,0.0001924494781050303,0.00018874448354040945,0.00021095870015390439,0.00019835872483144808,0.0002743694445174623,0.00027481596422473524,0.0003363508521765517,0.0002777558210805066,0.00030488411828882687,0.0004622117033603167,0.000468094244567598,0.0007283155651855728
0.00024481447134831904,0.0001972902820755097,0.000231626883349978,0.0002984139516578357,0.00028449817721287263,0.0001709236408888008,0.00018405246340073893,0.0001425329676968183,0.0002249350737755366,0.0002611111810482005,0.00018036473977698316,0.00014378681027985962,0.0001522914671273311,0.00029252246707656154,0.00014366193695283474,0.00020547111246846739,0.00018492183729049586,0.00015604952074911832,0.0002490783902305563,0.0002615689312319429,0.00023096316097746087,0.0001487461113105826,0.0001533360772316415,0.0001285722408577295,0.00019255375669198523,0.00014583806707410898,0.00012084437856694958,0.00015551615303486876,0.0001492429415404381,0.0001399874844899716,0.00016876039878064528,0.0001358724031340219,0.00012488333016392105,0.00016643801616446284,0.00013021698039340408,0.00012605962068782994,0.00013332053350896512,0.00016439026167797285,0.0001790500600184814,0.00015757593759355916,0.00023673847774165362,0.0002183022661246039,0.00021259381341054485,0.0001852606484411659,0.00023037489544167089,0.00030547347412016566,0.0004064610387277347,0.0005928136956637186
0.0003086733052329668,0.00027702729735944073,0.0004077453051870068,0.00024150055979616346,0.000255853620432726,0.0002495239678975086,0.00016920889261431656,0.00020002227605303894,0.00018554611307512836,0.00020580498374974938,0.00023779543196851273,0.0002817944835846431,0.00017541307920824014,0.0002503389021691505,0.00023305604397809052,0.0002508966600657541,0.00022448292220392788,0.0001735735146222126,0.00015785870616920198,0.00020238553484395138,0.00026081252253333547,0.00022521425793511318,0.00026009997181689656,0.0001926690875413104,0.0001865787178885386,0.00021761887452841316,0.00016913370415961744,0.0001896419072735759,0.00017064297243471385,0.00016200453572411027,0.00020136041127913896,0.0001422960275651357,0.00018485255930546167,0.000169049059626061,0.00018140090539585734,0.00020521547964721433,0.00018962919912236464,0.00019341102944049515,0.0002329138984046383,0.00035178719841017246,0.00029338522993756786,0.0002340764044546506,0.0002689256656541095,0.00029112762702982554,0.00037380685410224153,0.0004753049524195901,0.0005491184965439231,0.0008152767239234319
0.0001856480018574034,0.00029697456227039233,0.00022297646631252237,0.00020590644071170007,0.0001813401985067874,0.0002366844937884398,0.0002582771481658753,0.00025881248803143224,0.00023555312165366224,0.00020819581172927824,0.00021976644147109754,0.0002978758902268755,0.00021220924261592468,0.00022572929556733954,0.00026654806585164946,0.0001671915319542189,0.00018304415618042655,0.00019431844944261647,0.00019050382641147906,0.00017329525456145144,0.00021052242332265516,0.0001691104411033074,0.0001413921878559726,0.00022324564617718412,0.00017662539128038287,0.00013409736220595274,0.00020077641755133571,0.0001548407698597067,0.00015824393635835828,0.00014107293741765086,0.00018318773103738549,0.0001526682238056005,0.00013833330894652,0.0001502145265698921,0.00013307395304151253,0.000172114682416998,0.00016438097738998096,0.00019461436022931715,0.0001851528521316219,0.00019733928323892324,0.00026466239594341877,0.0002881506403408439,0.00025294057337053047,0.0002897057736430811,0.00029669791747797484,0.00047744498184971936,0.00043559129977987414,0.0006701358787893182
0.00029949923537228807,0.0003875443227042544,0.0002850171999249994,0.00034096575875020165,0.00024617946192817357,0.0005145390865556776,0.00025442863976337694,0.00031332676111481175,0.000304849349375654,0.00022133938947819913,0.0004049991685270757,0.00036213151068202197,0.00024692238331241534,0.00025358954370665275,0.00021001369121248154,0.0002837697331475952,0.00022529291496431174,0.00030604782676952686,0.00037304956819570574,0.00021684966970878295,0.00020523306221992008,0.000215996845331997,0.00019429319039872893,0.0002978322767728312,0.00020110305858420045,0.00027057338643931027,0.0003236994645667289,0.0003120573880552394,0.00019961197339534654,0.00023467659341521753,0.00025087695870140285,0.00024233239578706328,0.00026878621059917723,0.00024938931227314943,0.00025573616319454436,0.0003764996388827018,0.00024861927189006965,0.00028575306368488075,0.0002890217662182153,0.0003398477933884799,0.0002938174827148035,0.00027330985070089336,0.0003928104669162768,0.0003858352631958242,0.0005257663852399864,0.0004639965274477878,0.0007405846151537716,0.0009731248450068181
0.0003417157016650192,0.0002647636573047947,0.00022922929623963407,0.00021727496838705633,0.0001967257444640652,0.00026060735233771347,0.00021734287657565506,0.00018070800167712498,0.0003152521997868272,0.00017888463029296209,0.00020088768852728007,0.00017485423662526924,0.00013197462240126302,0.0001903720322634854,0.00019843933399510538,0.00020718887061536612,0.00020528257902413107,0.00014599473827143255,0.00014685362553435046,0.00019829871600485837,0.00013488945086611648,0.00017062577540467438,0.00014048496323179643,0.0001747293760958952,0.00016982423796130743,0.0001500900198622186,0.00017029624969645558,0.00012864048575139258,0.00020624715666699012,0.00024753121154554063,0.0001452641285253643,0.00015918424945082728,0.00030629509054294575,0.00020084769816681953,0.00019374297746666872,0.00016155290043923614,0.00019329158209522237,0.0001893263530056997,0.00021194980931294347,0.0001998760134783153,0.00027484741447500596,0.00027760584304842295,0.00033421353728117233,0.0002758095273771077,0.0003036905415357056,0.00046622444700184374,0.0004660583286748305,0.000738380869954639
0.0002730886085231028,0.00019587456881111744,0.00019181144389973884,0.00030871475746180706,0.0002798793387206358,0.00017311583206411875,0.00017285373611982768,0.00016737901724655157,0.00018946841186629797,0.00024226670983698573,0.00018589833825757558,0.00014254460030907313,0.0001382463377384265,0.00021955914028583447,0.00014278438616279707,0.0001640053705011866,0.00017709780200883342,0.00016236388150319778,0.00023229213338745157,0.00021381769961600891,0.00021884266788715724,0.00014631084661397204,0.00014598999435150818,0.00012094561264807074,0.00019967189389420115,0.0001436636652109319,0.00012225047269788294,0.00015263541623945735,0.00014674561837000716,0.00014076762303582527,0.00017194034957015392,0.00013631445622775562,0.0001259003473201785,0.00016166384537361718,0.00013352457750461348,0.00012544163071772946,0.00013314597477823669,0.0001657928400201792,0.00018044072325965402,0.000159548162252454,0.00023865346700590594,0.0002180887361820923,0.00021256468952009008,0.00018793958923322848,0.0002255351871427329,0.0003037200952647615,0.00039296660129876996,0.0006064329543866036
0.00027663562098254404,0.0002483591844732698,0.0003898143898003481,0.0002579764932441587,0.00023855349177716428,0.00025592392008272737,0.00018480646485909892,0.00018937791442239434,0.00019672031913781963,0.00020681350392435,0.0002449375835024463,0.0002837056313853275,0.0001708536158400081,0.00025034535083544274,0.00024058891092201013,0.00024903653379962576,0.00023024599602583832,0.00016720437521308042,0.000153606784179361,0.00020290965623730417,0.00024033333910435898,0.00022405356625952247,0.0002605099460008926,0.00019235445544359215,0.00018619236829443895,0.0002187549497684598,0.0001674246576534849,0.00018861761379574017,0.0001701676684486053,0.00016102903873758132,0.0002003703143428711,0.00014168576859953613,0.00018558348882756245,0.00016885166848335802,0.00018170695433188078,0.00020618404741145415,0.00019020704899412336,0.0001937530450597129,0.00023233454989311162,0.0003519239020966472,0.00029352426674711016,0.00023400425396491461,0.000268233476862552,0.0002909525889223643,0.000373652131340894,0.0004750507125432069,0.0005483549340784557,0.0008139694325029004
0.0001856325149645247,0.00027549064366493665,0.00025011548566745436,0.0002013404756580655,0.00018619348878560734,0.00026902138529442997,0.0002682051475131721,0.00025776116040848653,0.0002623989038710961,0.00018742217459205647,0.00021405705112722897,0.0002872244097389534,0.00021072699057139523,0.0002234433935964579,0.0002615434767033215,0.00015754654943267576,0.00018739737197656496,0.00020776566596880408,0.00019420056802908192,0.00017271148928351104,0.00021296343571008491,0.00017514421965496941,0.00014082646120587965,0.0002282437782838843,0.0001800063143716314,0.00013436703396713556,0.0002047471214606015,0.00015263396587461995,0.0001577403177134782,0.0001436334853730238,0.00017942215478356535,0.0001510139650105463,0.00013801657375872727,0.00015377262769885092,0.0001343829819991732,0.0001688289701070826,0.00016381708991080454,0.00019581795533827554,0.0001864812473385812,0.0001937546100700977,0.0002642230243621425,0.0002881825550012044,0.00025686708291983255,0.00029412606316478365,0.0002984331566384875,0.00047051150684238724,0.00043579023073306116,0.0006519497933990575
0.0003122488912768758,0.0003910500847364749,0.00031650304666851176,0.0003267139358389729,0.00024353008365317092,0.0005399629203777221,0.0002613606552721232,0.0003216015878539378,0.0002901200612270289,0.00023682962163024346,0.0004020223364731513,0.0003516084703848706,0.0002423210477688561,0.0002532339869286583,0.00021438767449708963,0.0002938212271839177,0.00021963201934569495,0.0003357593241961254,0.0003529192960592049,0.00023236390232082437,0.0002047662054435517,0.00022216627950631456,0.0002029700823921886,0.00028487027015145286,0.0001971025655562506,0.0002573460904952255,0.0003203073513870076,0.00031761592376274294,0.00019909387555836332,0.0002428473358003277,0.0002594045557990347,0.00023341378833181595,0.00026435210513919773,0.000246146150513128,0.00025314356614431144,0.0003822236791037368,0.0002493562573329715,0.0002858212612205532,0.00029129617913788364,0.0003403594678139207,0.0002952317298556447,0.00027457371614847376,0.000392080237740526,0.00038929409818005105,0.0005359230832360316,0.0004622560864139832,0.0007592052340530597,0.0009669967920922431
0.00039294825073575394,0.0004617826224552257,0.00034478200934890893,0.00035598849902473246,0.0004160219893996645,0.0004879360372005307,0.00032899383234168817,0.00037300591367563036,0.0003593252392044844,0.0003855803315216145,0.0002849646967969999,0.0002905391882726096,0.00032551892399707266,0.0002629662633234765,0.00026181422481727956,0.0003460097500652759,0.00030036748582306066,0.0002984343342611822,0.00021636556391901784,0.00030302299139154266,0.0002327264493518737,0.00028119666579834375,0.00024826223162198387,0.0003165313982326326,0.0001937501886233552,0.00020073362235655792,0.0002574470200793198,0.00027119509020889424,0.00021354997192754287,0.00021280766855661634,0.0003066862455717107,0.00020772971552665827,0.0003237524181496973,0.00021087689950745691,0.000247480214172827,0.0002607540073165628,0.00030069190990659697,0.0002606789693006476,0.00030846956815527973,0.0003730867507077358,0.0003555263535874257,0.0003426224296914539,0.00039533052925971857,0.0004559728113781975,0.0003959602273419142,0.0005456513908523336,0.0006711408170763559,0.0010190570691994082
0.00014429133358386906,0.00025777977009977635,0.00018655864153895678,0.00024742631277401716,0.0001178203107425201,0.0001364802338017811,0.00014826945619834405,0.0002077968464055884,0.00016767021186339038,0.0001513335624291904,0.0001488668650130412,0.00012719590664288068,0.00018106625803974456,0.00012168115788330683,0.00011249076461485429,0.0001347840031966184,0.00013573135638551826,0.00012613239196721104,0.0001309634179011813,0.00018008317780764729,0.00011765337183024816,0.00012924919675415714,0.00011569138434188681,0.00012308163375229975,0.00014341534801083066,0.0001501397454308337,0.0001326353743432797,0.00016751941943357322,0.00011108210822980787,0.00011346538843030737,0.00011330710688498019,0.00010711266128356256,9.973758123676805e-05,0.0001258165003291641,0.0001460999989365585,0.00020509536172016193,0.00017481187707082932,0.0001231048999236156,0.00019642634167939165,0.00013641352972572877,0.00021472910629212474,0.00018477612190710151,0.0001731845917432601,0.0001868087642090958,0.0002500976950574464,0.00027832722244442554,0.00033626903224220396,0.0005876532131670022
0.0003513820646680244,0.00026824839977053277,0.00027214787562169015,0.0003055285046720606,0.00024386240531370216,0.0003457638186163494,0.00026888667341677436,0.00029429824912128195,0.00038146605335114003,0.00033441741002681447,0.0002539354558444131,0.0002594344520268728,0.00020162384839153026,0.0002753341035823133,0.00020574481019515508,0.00024924202512381394,0.00019776039543530253,0.00022578901582509745,0.0002312281947445742,0.0003297590819372962,0.00024469121727025485,0.00022140548861371732,0.00020794251951817435,0.00016277068448735318,0.00020412628038900515,0.0002476903948137883,0.00015149172324507027,0.00021954235892791802,0.00017866968564086982,0.00016004727493701984,0.00017336794729080578,0.00016244639116828175,0.00021566270092134813,0.00024145806415037504,0.00022188529664385069,0.000260691976406734,0.00019264706241253873,0.0002409720063616222,0.0002237526319844797,0.00025112173120119295,0.00023317330903355462,0.00033880629725414646,0.0002792084315785508,0.0002720813266146458,0.0004639442445556828,0.00039069841472262325,0.00053418769740511,0.0008408194298924595
0.00028985762115549013,0.0004478680602227803,0.00036641483322787945,0.00024881985857090405,0.0003556636686608426,0.00037907692997042933,0.000218743075029088,0.00030508830392405803,0.00033288315531571923,0.00022262519983005233,0.000337160970959801,0.00027459498662053014,0.00020816175257451229,0.0002868785154885784,0.00032329420022736015,0.0002664985776719501,0.000242601393942614,0.00020989152527523154,0.00018606927787682823,0.00021449580808650194,0.0002172609530393221,0.0001651116790979785,0.00021876649806316117,0.00017325854560358336,0.00021164356752736025,0.0001848268166649723,0.00017109162774022442,0.00020733303758958387,0.00017173923455028446,0.00022378966915549337,0.00025239845973111025,0.00016545281765193058,0.00017701029117703064,0.00024781182510602725,0.00029064427247106866,0.00017988586460339026,0.00022686150114884345,0.0001921717614595539,0.00021905298190804079,0.0002655664202855979,0.0002698425409928948,0.00023391592825675305,0.0003214552214619786,0.0003214110898164479,0.0004446395327296709,0.0003958254840119911,0.00053042510665091,0.0008233166388321981
0.0003118071351657322,0.00039084134754052675,0.00038383504309391013,0.00039844329312587417,0.00031822519907190593,0.00032564293721734394,0.00024699129128876677,0.00023661572677627542,0.00021305537729516253,0.0002450582744362096,0.00020969898308980642,0.000273240731735655,0.0002372320504879442,0.00025376306812074624,0.00020039288683819696,0.0002586998129929683,0.0002722261776038916,0.00026479936237386873,0.00026987999667206264,0.00020037738858439395,0.00021556325287471438,0.00017777224166119247,0.0002108126481210282,0.0001951760427391628,0.0002545372283792867,0.00021839053131500428,0.0002626179918573954,0.0002640144207385286,0.00020050517106515937,0.00031993849369112875,0.00021717102363752697,0.00020530400893136797,0.00025920199999012703,0.00026678359076971655,0.00023845656726770203,0.0002026922780883758,0.0002021235619073997,0.00028412554534477615,0.00027594505587492116,0.000233594096508832,0.00037923367531300195,0.00033710786573064045,0.00029352291232045676,0.00030692969810423577,0.0004549802590706906,0.0005414402826735621,0.0005858165401956238,0.0009504107139357519
0.0004187176404690712,0.00042942368741059314,0.0003367987111785727,0.00036409262635696943,0.0004895808848978319,0.0005179341631434978,0.0003187583321116683,0.0003844009856321268,0.0003609814268143927,0.00038359694524427005,0.0002643868844949118,0.00029645362146659245,0.000322904464831653,0.00024944738228786144,0.00026805006595460726,0.0003560332067400999,0.00030710250921506493,0.00030637921332449903,0.00020963705669846324,0.0003102214806963103,0.00023293090235998584,0.00028555729751387826,0.00025537109795015233,0.00032373166282241757,0.00019549194593940802,0.00020328512873561084,0.0002532181600429708,0.00027749226084967184,0.00020946229618387286,0.00021422037890576683,0.0003071045710949409,0.0002077615278624371,0.000326011306309847,0.0002066457522820237,0.00024064605469291246,0.000261816602055014,0.0003098747417496732,0.000261274498478308,0.0003024379910814854,0.000368091408636716,0.00035274609904687457,0.0003507158015148516,0.00038743178566767755,0.00044296311676481764,0.000400108513704052,0.0005652035867778206,0.0006601938867210824,0.0009960846711659943
0.00014291397676084201,0.00022523028545524365,0.00017859218447809858,0.00025616325979781337,0.00011674121993221172,0.0001313106994559973,0.00016158275626138263,0.0001980189964086938,0.00016176008149766874,0.00015006166884230156,0.00014923604927211112,0.0001235662196226898,0.00017487513541120377,0.0001200443879350857,0.00011364953495809824,0.00013617018469922157,0.0001396459312879241,0.0001315477535530876,0.0001310773625543746,0.00018269513331911128,0.00011618660422667338,0.00012967703944905966,0.00011512976788806535,0.00012291533150158516,0.00014445659095395642,0.00015147356377575436,0.0001313938831533887,0.00016871899222154724,0.00011230758453627733,0.00011305218668778832,0.00011308728863962526,0.00010697445887085665,9.988465244389848e-05,0.00012514975982256355,0.00014726442066561704,0.00020617213651412663,0.0001754791708101478,0.0001229069056052167,0.00019737408949981394,0.00013662473477764792,0.00021632725311800135,0.00018560011781519606,0.00017267666906186228,0.0001867440993702702,0.0002524716871162941,0.0002767722662162356,0.0003386959366010239,0.000579824016133218
0.00033877247033448527,0.000241361766152288,0.00029102192418160384,0.0003030664241793457,0.00023718320194943582,0.0003626556106031438,0.00025686248184441914,0.00026835562353674715,0.0003812719507707596,0.0003328687435998348,0.0002552030352306907,0.0002555218756665417,0.00020424632790464286,0.0002827654699274181,0.0002043527240864795,0.0002597856566703167,0.00019843201101040742,0.0002221803918530091,0.00023438738028180894,0.0003288743345828473,0.0002517777501292689,0.0002218066585395317,0.00020929140541033682,0.00016271221705419265,0.0002036320643484744,0.00024705185174068756,0.00015122940780113085,0.00021999181585865337,0.00017861386964236994,0.00016020226609665474,0.0001733281556249587,0.0001623938038121746,0.00021510097480461436,0.0002412863733741664,0.00022196212929034056,0.0002606153957706598,0.00019281434979466684,0.0002406492434189949,0.00022374180950383995,0.000251610479785659,0.00023285631617182002,0.00033938169534250106,0.0002789585130044943,0.00027240056359841247,0.00046361341111048044,0.0003908493234611276,0.0005344887062667256,0.0008414021511835609
0.00029664482047259437,0.00041633017681390636,0.00035848988688559917,0.00023389290361645095,0.0003386414088657815,0.0003721403494695119,0.00022172398392056138,0.0003283264874124479,0.0003349971265582949,0.00022500163439729585,0.00033738701271028554,0.0002693715216184111,0.00020648669329011092,0.0002930852124019278,0.00034336230726613153,0.0002661917008912218,0.00023999869159656252,0.00022548365997811413,0.00016797498755822133,0.00021676879955959052,0.00022434072163417284,0.00016770057745429305,0.00021542577993110377,0.0001742482474196268,0.0002093583950339368,0.00018422580587599912,0.00017190983314748382,0.0002081758382514934,0.00017264252530489358,0.00022667302875035476,0.0002494873271703721,0.00016718673856744713,0.0001794627011033296,0.0002469872750858232,0.00028613160495972827,0.0001788872747493038,0.00023264391483223228,0.00019213741501407204,0.00021844963791857114,0.00026584507224784406,0.00026627932522925056,0.00023339933717607067,0.0003220331372419223,0.00031888661854620503,0.00044274473235173407,0.0003963040950928904,0.000528782024916801,0.0008176430924671197
0.00031433958763748263,0.00036609501615265906,0.0004156824671184435,0.00037626589881527907,0.0003322405733039672,0.00033767071736396195,0.00024460656668303467,0.00024553564304251834,0.00020655136036443843,0.00023781952667915792,0.000215361583277569,0.00027390139580965226,0.0002441613433635258,0.0002505634047439109,0.00019989734567016463,0.00027926235254477745,0.0002636405356497978,0.00026186010825304535,0.00027126872130568046,0.00019933182985213828,0.0002168320893674051,0.00017713838680767416,0.0002080837861851322,0.0001950732768231181,0.00025614709809268076,0.00021787639823153917,0.0002640091815953202,0.0002613598913696937,0.0002018688144179444,0.0003182723499526069,0.0002169699547855275,0.00020911881811531185,0.00026381643013423893,0.0002680138639480697,0.0002422694041801237,0.00020046322307667796,0.00020450679336475407,0.00027545855242249633,0.00027428345799609033,0.00023281451167289738,0.0003783819898913318,0.0003377736804349394,0.0002935704898501213,0.00030731909790984664,0.00045552568449253397,0.0005412006788205219,0.000584957341288688,0.00094933268181674
0.00016329946448703528,0.00022531433826230218,0.00017274319319035875,0.00016960041679250784,0.00018901347548215666,0.0001626572592781198,0.00014808660159797973,0.00019071301751217806,0.0002047845717725251,0.00016093019528607102,0.0002364314369495589,0.00014511321736249887,0.00012583816040810596,0.00016564903662898953,0.00016194134757826408,0.0001288157298205028,0.00018821222513017822,0.00012138699605970786,0.00020234168995791747,0.00020236692345411027,0.0001465520757203291,0.0001266627407332435,0.00013185049053679722,0.00014810650049798893,0.00013855471830817313,0.00011293506494655658,0.00015563718399263997,0.00010452326180869206,0.0001738140039832007,0.000137114843994436,0.00013751045003522228,0.00011738710645772526,0.00012267093495920285,0.00012224522751460302,0.00012796807391988235,0.00022382425082466642,0.00017949737056887727,0.00014716860053358937,0.0002375622102456562,0.0001528525045295249,0.00016483951092592053,0.0001991810442483451,0.00024870123760308585,0.00020943487316193006,0.0002490184369786078,0.0003083573626988222,0.0004395722003057937,0.000705148953515436
0.00031612786613113126,0.00026327633857371193,0.00019902810364623238,0.0003207378629685683,0.00026112022029140545,0.00022835418609891926,0.0002066441681350886,0.00016454313003137818,0.0001969101388901928,0.00013292601916556658,0.0002454770541922727,0.00019461387532044292,0.0002156229408549578,0.00023931879860581914,0.00020088216344644105,0.00024348103961374326,0.00018498199290407043,0.00022348643588909723,0.00019925894150817853,0.00012114863112145031,0.00020584391709682645,0.00024779462731974164,0.00013581442410697957,0.00021509949406051416,0.00021400665362753787,0.00013237151654211854,0.00015915882824796233,0.00013886993964836673,0.00014006176011106822,0.0001553965673536527,0.00020158673871568716,0.00014580806134822073,0.0001833395070765334,0.00020901819359055656,0.00014889261929041083,0.00020754208125856128,0.00014640082605103558,0.0001625348742663096,0.00018170233199883495,0.00019968504785863961,0.0002220908921690472,0.00020819001021568482,0.0002221579248284229,0.00023790967369598706,0.0002630956052362387,0.0003608422932211559,0.000435725460142825,0.0006911185196192861
0.0004480252843743911,0.00029634001249491355,0.0003177434167853004,0.00039150467369935497,0.00027686536609335924,0.00035591456776465857,0.000399754176765294,0.0003619033868936976,0.0004318523437838332,0.00027684980246830954,0.00036655374437295123,0.0002838853493277631,0.0002636146514217963,0.00024576100270174637,0.00023975809078256836,0.00024527264771328773,0.00025649519992020753,0.000207460411708515,0.0002362338039640589,0.00025408995047984624,0.0002500907125173677,0.00032029129738998194,0.00024984057399944377,0.00021025756320712058,0.00021630448776400067,0.00020190692194831206,0.0001897066782760866,0.000219976210736436,0.00023131760791747765,0.00032773957628772876,0.00023373324571554702,0.00027096794322132727,0.00027466825139378794,0.00022547003398272678,0.00026487916084857717,0.00024383699991053438,0.00024116179364774812,0.00022801277648075807,0.00025166059308134094,0.0002635202134902523,0.00027776096000782177,0.00027948267390406727,0.00036921492670695887,0.00038916160017388803,0.00039419147462918904,0.0005147354180495963,0.0006425681693890877,0.0009471191852506736
0.0003043779222014153,0.00040891035197993377,0.0002605014919257333,0.00027470796702096174,0.00018885716801145456,0.0002479037010767362,0.0002642732125799379,0.00024225821211063678,0.00022328102303461543,0.00017990692060639845,0.00033020088682947683,0.00023618552851726162,0.00018316744789817065,0.00018955998417816443,0.0001869477092285045,0.00028201542462478064,0.00028831074875596696,0.00013401245107294332,0.00016735646121619836,0.00019751094225185212,0.00015021339366081915,0.00019194184587767373,0.0001619305261744693,0.0001456749829949918,0.0002118836699803461,0.00015867988286291817,0.00023030291441822833,0.00015645115427271951,0.00017060218159435574,0.00015832754547513283,0.00014485809086398237,0.00026000526231914715,0.00018651996340532666,0.0001450600355038767,0.0002213397398472112,0.00017037280649150337,0.0001980144511025479,0.00020995707813280885,0.00019638277301357114,0.00019423180292057834,0.0001904391259212311,0.0002342621103490564,0.0003520859265264907,0.00031378928475236934,0.00028885300872510256,0.0004776157723471387,0.00045495906171416254,0.0007418693035354271
0.00026087974555888567,0.0003276054469686733,0.0002781568710832358,0.00026166482339229385,0.00026415061457785405,0.00020856789930390237,0.0002633630487859006,0.00021515906112237168,0.00027095472879873665,0.00026070432327915003,0.00032253709371944016,0.00020001457181930587,0.0002627694721864521,0.00025055969990946667,0.00024466844829920827,0.00025089554485081264,0.00016878012929704306,0.00030294753248376224,0.000206291111245319,0.00015080350817869284,0.00018375503288570568,0.0002240487238068991,0.00017223827253686115,0.00018289024488806112,0.00024559960448997554,0.00021313691818493732,0.00020979029010514128,0.00024098463265645004,0.00021057396149223265,0.00016301913824117627,0.00016767178402756424,0.0002188589890961843,0.00014850828864502067,0.0002649798315453323,0.00020219133232680155,0.00024145058885088826,0.00022164819276071967,0.00022329863653673286,0.00021146945615240777,0.0002064873717241123,0.0002433462437076396,0.0002769174040364656,0.00023015673747168593,0.000383359389365543,0.00032864824683892117,0.00041472323355611567,0.0005484449531012413,0.0008163313003999886
0.00016712083765394148,0.00024384742438532774,0.00017807028447451378,0.00016389570009546264,0.0001854742318971857,0.00017618878773112976,0.00015203195862789823,0.0001877990615235726,0.00021114428048910397,0.0001594900436885634,0.00023899500450331922,0.00014214515747931495,0.0001259813088789631,0.00016813385240046296,0.00016571520896693795,0.00013007186090254207,0.00018860231582976505,0.00012391538284471773,0.00020386188005284316,0.00020463772495218961,0.0001516736589923182,0.0001270595493528006,0.00013751487816534045,0.00014380800742911515,0.00013779305921982762,0.00011494916900801956,0.0001573608579252418,0.00010417059537959103,0.00017228267223143355,0.00013777113961909395,0.0001393317060085081,0.00011920062790417166,0.00012215982134758743,0.00012092348391707573,0.00012724152628380473,0.00022499849936415912,0.00018069633133052402,0.00014636022596799134,0.0002341022453856496,0.0001534651181301545,0.00016532832683703016,0.00020071802305991537,0.0002512392946639364,0.000210075753356782,0.0002480439038395929,0.0003109249380228743,0.0004370625875189974,0.0006915016963626509
0.000335953072209113,0.0003033062261666203,0.00020136767775137822,0.0003377641491423573,0.0002391521597036403,0.00021281319738047436,0.00021219151428220298,0.0001729264423768415,0.0002034840075006137,0.00013135155778740113,0.00024494133362535167,0.0001922360864025686,0.00021109467888527194,0.00024039012474517485,0.0001992051371995093,0.00024327288261419538,0.00018528812518791264,0.00022117465517560838,0.0001989517254769489,0.00012068924703182644,0.00020619845735312374,0.00024813637253581647,0.00013719027741971308,0.00021963006385527912,0.0002171357939882959,0.00013212774157051369,0.0001584027527771697,0.0001375571445416632,0.0001400351172190229,0.0001536619280502135,0.0002018510455578797,0.0001445041734646817,0.00018590139305775063,0.00020627954418879106,0.00014972173175599815,0.00020404122940793123,0.00014592813809914047,0.00016372253634491378,0.0001804014337273186,0.00019914810935662213,0.0002210970449509007,0.0002072800240551378,0.0002206826599820175,0.00023613398308362573,0.0002651627437344344,0.00035978331805162076,0.0004269760870471276,0.0006864426474736364
0.0004704937784101403,0.00034293922825186316,0.0003077136472118928,0.0003531768915250496,0.0002980198625522084,0.0003182626677253416,0.00038850574399859237,0.00033835031363234,0.00041754531153525534,0.0002663917255619134,0.0003655647052685778,0.0002777497797162735,0.00026003640219267354,0.0002383655574086588,0.0002581296257601482,0.00025784657402007225,0.000256958064923189,0.000214363187455969,0.0002328899903454647,0.0002443294361641137,0.00025777366080224207,0.00034006884209413093,0.00024348633826023637,0.00021247436221984547,0.00022450906106961696,0.0002022470550670495,0.00018812033488272936,0.00021328415672541682,0.00022772294876932274,0.0003376581563167434,0.00023772776222754673,0.0002685578841022416,0.0002881541171445037,0.00022657971337518255,0.00026469482095399147,0.00024206959947745114,0.00024158388907761702,0.0002296927610707801,0.0002536455673560854,0.00026541453870693486,0.00027944891074688916,0.0002804977409830346,0.0003698788236134384,0.0003891799968827156,0.0003928285002991133,0.0005048558107983427,0.0006364602095741136,0.0009538040630316234
0.00033339050482067157,0.00037452021186005764,0.0002948759378802056,0.00027110005410255173,0.00018635551406452958,0.000248052302146851,0.00025828820784981583,0.00024898178519184455,0.000231354401298872,0.0001712604775548417,0.0003169443150641477,0.00023206344769932598,0.00019579245197569764,0.00019790595763638592,0.00018692322062206632,0.0002705652839631938,0.0002922694292866834,0.0001358069414510574,0.00016537805370995097,0.00019634233869422998,0.0001508639548132187,0.0001890646569374691,0.00016830726046720385,0.0001439688300333771,0.00021151727125478755,0.00015924016473215156,0.00022393349613394287,0.0001537623307284664,0.00016942495983278443,0.00015741829856186774,0.00014496294773638189,0.0002614296580061879,0.0001881131622536208,0.0001446102797046899,0.00022125512825570275,0.00017074783053960634,0.00019718273784572282,0.0002111597790022965,0.0001961304781190689,0.00019448861567032842,0.00018978636939657447,0.00023411091337003642,0.0003522169935245024,0.0003146510015994511,0.0002888316531658692,0.00047909832843897026,0.00045538537115834477,0.000742629668621831
0.0002209900991130261,0.00029239966505846966,0.0002872802410640709,0.0002430537237529764,0.00028031762136276574,0.00022654912008560893,0.0002706189495273616,0.00022351771817580356,0.00026506945080851415,0.0002633860002825485,0.000337697816462832,0.00020985540609682273,0.00024568404330087474,0.00023451966112505627,0.00025131225944883113,0.00026853497367304455,0.0001660315014522604,0.0002991995890004818,0.00020599455647892,0.0001577629228776504,0.00017956717401801275,0.00023709187632462429,0.00017525437427686562,0.00018965428063621895,0.00023846853616119677,0.0002254468950449306,0.00020340990283096452,0.00024276592309556614,0.00021368401962007437,0.0001671100220365471,0.0001675641214369863,0.00022903601591535926,0.0001498415838307373,0.0002646439327630204,0.00020468262212226557,0.0002452982181581166,0.0002172930710580424,0.000218211146372504,0.00021227228511527858,0.00020640817704093903,0.000241308688253531,0.0002744675456295475,0.0002308506845706859,0.0003865942632993339,0.00032395933982756444,0.0004223312556511336,0.0005458587794380681,0.0008121835409418246
0.00019212780010104312,0.00017467579660272682,0.00020932189199951838,0.00016484962952661474,0.00022309700217910277,0.000163565824657995,0.0001938516928873028,0.00011449010384141719,0.00018147551643623075,0.0001391582793508764,0.00015264181285962154,0.00013624054193856839,0.00015656926703279706,0.0001343281933589071,0.00012973711386219628,9.379138433355708e-05,0.0001649418071878906,0.00011761022806635937,0.00011029382735703647,0.00015847409926628625,0.00012583378785217258,0.00011837274520400136,0.00010813969319981347,9.26686415261462e-05,0.0001121447872627832,0.00015295332959932805,0.00013593688179411545,0.00013540391963801017,9.618968164097722e-05,0.0001229792313354589,0.00011064898609526947,0.00011713593811224823,0.00010261779133926347,0.00012993849998636667,0.00012900365233642122,0.00012246538171286606,0.00012158064393515499,0.00014499285060774972,0.00014456333482964272,0.00014845513943510826,0.000126808059880831,0.00024318100564076905,0.00021864510243668406,0.00021040881541991227,0.00022184243768215743,0.00023993372090894138,0.0003729031781530376,0.000534746327709728
0.00022843034553618566,0.00023913857403702913,0.00039487213342258987,0.00023717761084190447,0.0004139583339796014,0.00025080851677959035,0.00035328130265918146,0.0002606425902239045,0.000243024470935523,0.00032872827449563724,0.00026327740106476497,0.00022773899856012067,0.0002093920823809341,0.00023983778997964115,0.0002629426121520021,0.0002575819617258092,0.0001858428445461678,0.00019918485003146667,0.0002753269920775237,0.00018901589968244357,0.00020265979354309514,0.00022430195059826102,0.0002164059903218444,0.00016460718352885592,0.0001860772749059545,0.00016688662879774837,0.00016553624560238815,0.00016531123527438365,0.00019949936028502621,0.00017664998421759953,0.0001862592358547046,0.0001641379808407194,0.00019617456981437,0.00019467023905075681,0.00015770579743188768,0.00019506460452814865,0.0002247821601666051,0.00019247387317643957,0.00023758111157690188,0.00022123543497890515,0.0002781126764643995,0.00021610152818892026,0.0002640205780844981,0.00032659702259836147,0.0003185618053057917,0.0004831561426412417,0.0004794642095534503,0.0008103253689009845
0.00021368373329533422,0.00024950982526784486,0.0003681750534377705,0.00025296554055951015,0.0002709013670234686,0.0002014768534235656,0.00026567062609629804,0.00017161458830883633,0.0002488902361537217,0.00019767510599852823,0.0001406006571065949,0.00017244796958235578,0.0002087481127579017,0.0002356050955273157,0.0002877155263382976,0.00020096437011607864,0.00023221333099809888,0.00024299343934671197,0.00018640929574054328,0.0001468677494904026,0.00015862549568509396,0.00019795286506023164,0.00012046227398077005,0.00021858385574105826,0.000258363798552254,0.00016990823907575637,0.00014984218030198124,0.00016821733179288694,0.00020293102799282434,0.0001409309454451753,0.00017402550850047812,0.00017946062172960852,0.00015650056070916308,0.00014720004146921063,0.00014466638740007288,0.0001452797830231664,0.00014154127736054438,0.00019078264226754597,0.00018712296300971344,0.000173780924283679,0.00021479527579038214,0.00017865478989242183,0.0002176317770780526,0.00028390536361540974,0.00024628423845251353,0.00032295001344188727,0.0004023214089871539,0.0008099264636121495
0.0003289949563401496,0.000271006105138006,0.0004410126181085933,0.0003593513669696598,0.0004763271797452733,0.0002646539542779339,0.00028140196361400665,0.00028112813441847115,0.00028132291587254694,0.0004520929511594408,0.0002671370329389582,0.0002322059232758481,0.00022639054119668591,0.00020441915191557719,0.0002811570033607031,0.0002326140219644734,0.00017898065328934593,0.0002247738173793158,0.0002743848786809631,0.0001835024515352021,0.0002663408136124332,0.00017234146447483528,0.00019710500427920927,0.00024197222691803695,0.0001835018431649909,0.0002433665436626069,0.00024676019372469135,0.0002291677985172636,0.00022298414005014373,0.0001921460270749895,0.00019824021864942823,0.00017478781293245953,0.00022629193029949103,0.0002858315320897645,0.00023279926681913328,0.0002324662575410492,0.0002705719589996331,0.00027774754965914183,0.00025475374619629023,0.00027109482781765486,0.00036561173380479943,0.00028492477016353124,0.00026474398162842667,0.00032406391228501677,0.0003407213732343856,0.0005923461887857103,0.000594602504823671,0.0008913686016494152
0.0004931306042879888,0.0005471113564839657,0.0004614335379958512,0.00041818373720505176,0.00033547889266296563,0.0003825929315528798,0.0004029393216396681,0.00034154442691337525,0.0002921805298984139,0.00038704569833480717,0.0004009566267465078,0.0002518981934549816,0.0003483964267360366,0.0002536234614890663,0.0002819302213596365,0.0002944691848625268,0.0003291116039439153,0.00030270670564235127,0.00024112681281666088,0.00024400823884545157,0.0004707313318244243,0.00035516181061822955,0.0003425700761135845,0.00040457596730135583,0.0003536281326575563,0.00027875467130655503,0.00022600882208375557,0.0002824287491049473,0.00026628225884388595,0.00024816014397808925,0.00031900412367978057,0.00026625760595255695,0.0003189254509511754,0.00023654230495169005,0.00027418699611247646,0.0002734063492997275,0.0003654581685825975,0.00038234973221990014,0.000288892184992625,0.0004108151159670488,0.0003243355155159953,0.0003362480281353966,0.00043814762641598116,0.0004046959968796044,0.0006450772144291853,0.0006595663968415793,0.0009448729242928923,0.001169003968434921
0.0001785243111373305,0.00017538379409727582,0.00020110590748676692,0.00016954225363165375,0.00021009756681720666,0.00015029965177098365,0.0002100324930621019,0.00011618893613473412,0.0001904149714067476,0.0001458161347085347,0.0001511758054477841,0.0001381808092375722,0.00015113940757947793,0.0001287995002178915,0.00011978266799624031,9.565488915730433e-05,0.00016359392283417468,0.00011707774814971443,0.00010929264259537171,0.00015920568671257698,0.00012656059965607478,0.00011740018169814546,0.00010816678171742207,9.307121695103818e-05,0.00011432880389507606,0.00015403429172098157,0.00013956049150528425,0.00013568834822824376,9.52455454898169e-05,0.00012189884677461035,0.00011041789107055066,0.0001181574375932081,0.00010245702470224283,0.0001295181276721344,0.00012873725724537748,0.00012211418119967103,0.00012102908706235088,0.00014427575055547226,0.0001434057060344837,0.0001497057780101951,0.00012634105145298955,0.0002455371633687137,0.00021774181478461383,0.00020849840532797398,0.00022452681277044615,0.00024319977213796385,0.0003694114561461452,0.0005273781150230039
0.00028681283116994304,0.00024995048622494006,0.0003840049927731068,0.0002501166768042851,0.0004616622863679926,0.00027233452233624137,0.0003069302802014621,0.0002543579311740833,0.0003012093893739971,0.00033392304339543386,0.00026952483755443096,0.00024450074839558865,0.00020493043951922674,0.0002409017954496983,0.00026024462367582477,0.0002603523674173581,0.00019044074410637382,0.00019722379493136645,0.00028479749150725584,0.0001921212323979531,0.00020063262143762294,0.0002207404479232417,0.0002198032445819575,0.0001612238941959416,0.0001882372993646965,0.0001689022373977182,0.00016439311985773285,0.0001652381896764992,0.00020453656286207195,0.00017889927609756828,0.00018621076928550248,0.0001644664556293556,0.0001940217751338364,0.00019276876839943561,0.0001570297100456982,0.00019322663739604462,0.00022490793483811674,0.00019219914086008506,0.00023778745843304743,0.00022130025860281173,0.00028247806282286086,0.00021671043018621933,0.00026603666747381687,0.0003270519105690742,0.00031942891151946057,0.0004812706120359364,0.0004873789404618001,0.0008255759737850577
0.0002335763061043257,0.0002612969465344358,0.0003481495519419657,0.0002598812277681305,0.00027922338720467023,0.00019750806560576726,0.00023458480631686208,0.00017658025976839345,0.00024378545961538216,0.00020073038034915206,0.00014716213676495193,0.00017702491210313525,0.00020821861127426298,0.00024215655417095838,0.00030049158331005836,0.00019678487758929703,0.0002277973119942817,0.0002569523458193056,0.00019511611588849726,0.00014558767801706608,0.00016553920515079864,0.0001945046403709928,0.00011788129717530466,0.00022237795511819444,0.0002615004870128872,0.00017336343085635477,0.00015239268335197725,0.00017232595181993307,0.00020236654735050175,0.00014263705862247331,0.00017586522468211898,0.00017721824317764386,0.00015756083192335315,0.0001478168715779575,0.00014515795409273663,0.00014502844440661238,0.00014166840746421432,0.00019123939621738386,0.0001873538858555954,0.00017393413711516806,0.000215356135614847,0.00017839309602448862,0.00021770926687997934,0.00028521905561716617,0.0002475785688178928,0.000325168694550888,0.00040476219728718233,0.0008228733943347418
0.00030636371386389907,0.0002783570126271962,0.0003982399559364348,0.00035406798241110376,0.0004489335853213555,0.0002610306650988911,0.00028268993671129943,0.00027206690189553575,0.0002753016368350872,0.0004340689835044581,0.0002872290870916502,0.0002305641674478528,0.00023179783424914357,0.00020410174571927262,0.0002745179609127502,0.0002356722290533716,0.0001805719927911614,0.00023081864853544677,0.00028077832223762203,0.0001863084188842644,0.00026510789576405613,0.0001761930270736031,0.00019602730273461145,0.00023484047374733416,0.00017872841410842178,0.00024485626290598003,0.0002440845404015292,0.00023218167082692792,0.0002285148813406401,0.0001949227352757432,0.00019909328330165813,0.00017659894507014167,0.00022434845446709398,0.0002831708619791673,0.0002324753640531635,0.00023236095435646392,0.00027033608084796107,0.0002772036656571628,0.00025470323926838175,0.000272625919943514,0.00036451200800598346,0.00028427070829227107,0.0002645228821362316,0.0003243257106232991,0.0003408750060465594,0.0005929229410898168,0.000593897866673451,0.0008882950008458641
0.0006030072627405916,0.0004974725305191214,0.0004652637440861964,0.00041645833016814416,0.0003067480598813164,0.0003986721810636091,0.00042952098148356794,0.00033780222934504524,0.00029645486509571184,0.00035296850952630987,0.0004173894692644096,0.00025356391662978515,0.0003431700582450472,0.00025414430605336243,0.00028369540958288615,0.0002877381139720995,0.00032593142275810707,0.00030981000630093454,0.00024492701942542794,0.0002444259276391499,0.00047516331305499015,0.00035517041384851414,0.00033933733839272383,0.0004074134250831069,0.0003614422524854394,0.00028103355541393634,0.00022619422509041133,0.0002806022032870887,0.0002688684008732106,0.0002468949343236199,0.000316681102960542,0.0002666864915474629,0.0003173471862042031,0.0002369005695176178,0.0002758824772589573,0.00027533636706281384,0.0003632432109124404,0.00037927126202933723,0.0002914624756864183,0.0004124758376133011,0.0003249267735423405,0.00033558619969357626,0.00043945786092696717,0.0004082538564104366,0.000645080818269475,0.0006648908549114624,0.000950541728283357,0.0011799465336436992
0.0003424344277524438,0.00035916744073507964,0.0002752436300108599,0.00031862820496015177,0.0002717863535705882,0.00030725934250501664,0.0002363543168348923,0.00026097235418893604,0.00034159095973696933,0.0003059271529215124,0.00037119016643457524,0.00028261642883006615,0.00027978415879926507,0.0002874851293940949,0.00024154107497140705,0.00035080584473399774,0.00029851736088592584,0.0003447251890636693,0.00026767656941124575,0.0002030473458482791,0.0003819072396902026,0.00025129160254759114,0.00038252289888503134,0.00021792748759750307,0.00020781407120415643,0.0002544907177600666,0.0002085080522972399,0.0002180258874717532,0.00019948228882889975,0.00027625230838566894,0.00021573573791495445,0.0002371574620823176,0.0002418884124922616,0.00020671465583764102,0.00023685191155006967,0.00024474288240341997,0.0001809616445145863,0.0002154386558009971,0.0002781010365375907,0.0002410562968669473,0.0002281122124610045,0.00025263586101699763,0.0003261303756443663,0.0004628045198449655,0.0004386539039360376,0.0004307796578631472,0.0006257121870867164,0.0008092303150139109
0.000284304529439858,0.0002722237191580501,0.00025428962958728117,0.0003440995778911922,0.00030133482657678016,0.00031580067042505817,0.0002505120815612821,0.0002635659795438697,0.00024354157453215742,0.00022102804339806217,0.0002501243184564687,0.00036133138738320586,0.0002366692784744935,0.00038915007686227024,0.0003849482546418869,0.00028477390852612114,0.0002178696078631392,0.00029700271718570057,0.00029125670822415845,0.00021549187758093183,0.00024496532980242266,0.00020615840869859828,0.00021636664749857606,0.00022616822496713106,0.00031324321805207444,0.0002749725431591738,0.00019790797755236752,0.00024146103339743895,0.0002346116479826478,0.00018595818856296883,0.00022794611824918475,0.00021148062405957374,0.00022764501651610506,0.00022404488579080012,0.0003475086551742742,0.0002556316948863202,0.00022394415489869322,0.00023495467594446625,0.00020759689067827934,0.0002614401294457864,0.00023861599898067224,0.0002555803451420408,0.00028844286610733003,0.0003732612599756798,0.00032271410710133766,0.00040085868983604606,0.0006476758329657467,0.0008267860601000886
0.00027479437696246707,0.000280019086955287,0.00022766052893988752,0.0004682974707985962,0.00022013177324907215,0.00023397151469421295,0.0002737231837148313,0.0002042042694431227,0.00025343255887855324,0.0002990511739543902,0.00022830377862850134,0.0001959930207389534,0.0001574066235008285,0.0001695098952968076,0.00020392110593256692,0.00024708128048967013,0.00019853813319855036,0.0002188013893017729,0.0002064303521429009,0.00019676125655596863,0.00019626506171586684,0.00015239176303826897,0.0002028703721730764,0.00019354045378004782,0.00017243361132829814,0.00015197447290872353,0.00014697609811019545,0.00016508492791010617,0.00017294387227580034,0.00018500009909953167,0.00016707047385937856,0.0001732522970990141,0.0001817239075879796,0.00021169661998435987,0.0002956776651992555,0.0001649829813342722,0.00017847652292078784,0.00018341827133956206,0.00021674519747466684,0.00024023566084727078,0.0002372309964636851,0.0002711897564605644,0.0002537770696422447,0.00033647073903677384,0.0003102120041514703,0.0003655300060381414,0.00047857950899137864,0.000949607678579311
8.302962035124111e-05,0.00013308672617963043,0.00011868629461871919,7.199878247065607e-05,7.697036638669756e-05,5.841052903275223e-05,7.38881950916488e-05,6.532197379399749e-05,6.207423444766238e-05,7.550087475584102e-05,7.567743516978453e-05,5.4583393624138196e-05,8.244501089102453e-05,9.558211310634831e-05,5.973499808636217e-05,6.120685713366656e-05,8.166736144238423e-05,5.6600742324170286e-05,5.776435631032146e-05,4.5584857804685556e-05,6.813384236203052e-05,4.735422427079616e-05,6.240430557537123e-05,6.112703106625662e-05,5.470260344399201e-05,7.606258222160127e-05,7.024975731807357e-05,4.913149071504596e-05,4.6128347503615255e-05,4.733952951982306e-05,7.511274685655617e-05,5.8026134261084783e-05,5.79868071137517e-05,5.894233136124734e-05,5.573933418039388e-05,6.415958649422427e-05,5.945694165807534e-05,7.924146224377107e-05,6.00875460014445e-05,6.306134541670535e-05,6.571770411335399e-05,7.39048489477211e-05,9.641640799910665e-05,8.79186371849725e-05,0.00010477956500497839,0.00013049967065884713,0.00016220618673437698,0.0002812579402166855
0.00033639664116774697,0.00037436685119489576,0.0004229488167476982,0.0003025930803500271,0.0003060608966967581,0.00031819265793482323,0.00023785448972329522,0.0003452713262419644,0.00032209588232217534,0.00030133657630617154,0.00028976739305140313,0.0002301300541715693,0.00022393254226092937,0.0002879993816211296,0.00024194892178839406,0.00032877703670133954,0.0004720126121384478,0.00022771373124700465,0.0002551912944188128,0.0002655037173172081,0.00030817606430419116,0.00021077910923864178,0.00025246894223009397,0.0003037392109927762,0.00022416081623328378,0.00026698225042089986,0.00022765961357752108,0.000327309950788728,0.00036179497363281654,0.0003024472536968923,0.0002568793819600438,0.0002167185185741246,0.0002411441305044554,0.00020586823086908917,0.00025119417697148477,0.00024860041815773215,0.00025494042840968283,0.00039599414948362317,0.0002479579136211969,0.00025186857195099924,0.0003003168230128795,0.00033217415422848705,0.00032640878171538647,0.00039948257452023986,0.0004357076482566502,0.0005775588612394911,0.0005929563825817067,0.0009756391717751472
0.00036918239167599753,0.00042005041159943264,0.0002894972658480771,0.0003196404118734143,0.0002553163465695873,0.00032989361708755737,0.00023507057914623033,0.00026644703756131143,0.00029977497129740676,0.0002930952272285357,0.0004067155092577986,0.00030018359800861554,0.0003270182618996362,0.0002763610336520101,0.0002681138133894594,0.0003493545266965702,0.0003365089793506933,0.00033165800819827873,0.0002628994108554327,0.00021570257656616665,0.0003745791930861553,0.00025691406815642046,0.00035977806541321136,0.0002216436447008889,0.00023786603435058432,0.0002669407531214377,0.00020783528051042618,0.0002127538897029743,0.00019241407147955894,0.00030195482302675276,0.00022630627621809206,0.000246941964875621,0.00022123656256250386,0.00021614141878824601,0.00023884062511300342,0.00024189946494095958,0.00018761370366442094,0.0002242860285974203,0.00026619618026506645,0.0002412489615630675,0.00023190491335266735,0.00024992102972051555,0.0003271864456529463,0.0004562421013526589,0.0004426665093439594,0.00042445800034491085,0.0006288853814686264,0.000804723945237063
0.0003261778217073906,0.0003547248106226683,0.0002910352888877102,0.0002959503094378218,0.00038369017137053973,0.00030631558271666516,0.0002659182182342539,0.00025300594292950595,0.0002664278485585152,0.00023968325548448212,0.00025775062890563363,0.0003451235808951752,0.00024290545863420496,0.00036400720891052165,0.0004695447599330724,0.0002483131632437627,0.00023129932213754493,0.0002657103648874051,0.0003056873879076933,0.0002245188869620615,0.00022456268970810262,0.0002011598909249204,0.0002191290284092458,0.00023729012417470605,0.000291821658602183,0.00026645607077678405,0.000203180282628974,0.00024969680465464607,0.00022379065714031718,0.00018849991848576166,0.0002084560242917084,0.00021329331281946584,0.00022624188487468567,0.0002136527139781581,0.00033089744665793896,0.0002519237644120264,0.0002179114033775506,0.00022742379643650375,0.00020671631562158696,0.0002614673007932985,0.00024087482063577775,0.0002522314212782031,0.00028894732036198153,0.0003721526898179478,0.00032517168166450145,0.0004025484165846604,0.0006392503432533574,0.0008274560573347453
0.0003652247658618263,0.0003454901475850502,0.00023929780796736814,0.0005165329405051496,0.00022910337308747411,0.00021958784597466427,0.00026591388009830966,0.00019950286155326826,0.00024922929841687195,0.00028749933167930076,0.00023909001998926254,0.0002078980071120632,0.0001566771222340953,0.0001683607266218583,0.00020205638450829659,0.00024051790546883854,0.00020211962076067974,0.000215954046306764,0.0002064094986082548,0.00020697934684800598,0.0001965088187516992,0.00015343919757624882,0.0002046119666479426,0.00018219786059522306,0.00015808530339242832,0.00015689284235705542,0.000148300844584444,0.00016565128052160362,0.00018368174785131133,0.0001859540440929737,0.00017624848739862168,0.0001744860719153846,0.0001719454389744154,0.00020579899986841708,0.0003226913944116245,0.00016017407063367625,0.00018625424028230304,0.00019142385292276852,0.00021830150717428554,0.0002372457774714062,0.00023869719767410387,0.00027224588898270663,0.0002504799461489459,0.00034105153952597027,0.00030929679856422096,0.0003649331884390922,0.00048322560703114155,0.0009414639167149266
8.921383133137572e-05,0.00013014183255724516,0.00013590833415852224,7.39907978562087e-05,6.866378797686933e-05,6.906732475315492e-05,7.649322908048684e-05,6.417294614852529e-05,6.213440173432807e-05,7.155409564134275e-05,7.337902382875515e-05,5.29988304513042e-05,8.241404632411197e-05,9.850716948772069e-05,5.7811125844123567e-05,6.484111364037092e-05,8.479495427207293e-05,5.4425867168047806e-05,5.622377373294735e-05,4.689958843009942e-05,6.726668150359932e-05,4.8224979259548224e-05,6.278899362637766e-05,5.877698842185498e-05,5.68116602675065e-05,7.696006158740947e-05,6.975498975404738e-05,4.891536196719513e-05,4.730499233367166e-05,4.676571714480966e-05,7.251914291899382e-05,5.80893593686252e-05,5.974393323734563e-05,5.9506271290149365e-05,5.512677922938966e-05,6.649513806503313e-05,6.080689153673201e-05,8.046317487864383e-05,6.243970877283294e-05,6.348365744289112e-05,6.603263499457182e-05,7.428670814691466e-05,9.962713782407347e-05,8.913942679494575e-05,0.00010546073184753552,0.0001299275388196525,0.00016826781374428996,0.0002843245974026966
0.00035735265098439054,0.0003835602483306599,0.00044523419934606697,0.00029406093790987543,0.000328762277979934,0.0003352279299110454,0.0002513103665554834,0.000391455801851212,0.00032224331456629727,0.00029750757217907465,0.0002985722654261655,0.00023795055528623177,0.00022320382638078186,0.0002885562077179543,0.0002490281446062794,0.0002948405657576559,0.000484656807468853,0.00023424954422867483,0.00027866026469388586,0.0002619118021942487,0.00031948469145176724,0.00021386882925731213,0.0002583284035362314,0.00032570987721370026,0.00022816777422902113,0.0002647609774070922,0.000227716363666886,0.0003379418828149954,0.00036064393854963055,0.0003007324207377322,0.00025461421202523695,0.00021504282923925057,0.0002401393718873955,0.0002068631532667039,0.0002509879707828505,0.00024758134036695676,0.0002600425911850892,0.0004083254173629748,0.000247306370941692,0.00025103224132312407,0.0002989062331443925,0.00033556055882143676,0.00032686649699253294,0.0003978268936781231,0.0004366709850631338,0.0005794401329071485,0.0005927263237430735,0.0009797562963264463
0.0002754414778651195,0.00031879381223147587,0.00023687628487543386,0.00028970899284266215,0.0002255306637236035,0.00027324095878864554,0.0003275001181000247,0.00019282740790107264,0.00023470638444641597,0.000262832459079207,0.00022844156002186064,0.00022472947660392078,0.00024517127168094795,0.00016986430589645843,0.00018414230154588918,0.00020238630498588286,0.00017514453355468428,0.000207169847056471,0.0001721225669836307,0.0002407040260474962,0.00015049190351897954,0.00016401624538234374,0.0001725162135889387,0.00018102699901608992,0.0001728947737889554,0.00020950629005500116,0.0001544295018686362,0.00020109934571932653,0.00018070959356447503,0.00015390050487441577,0.00021617841333768627,0.00015499071163067974,0.00019801415383860564,0.00020094885094123444,0.00016377062080435694,0.00026763926041072073,0.00017370289184569517,0.0001846634516689229,0.00022044319082611548,0.00021926915072703563,0.00020993496418311722,0.0002162841107432847,0.00027289641742468717,0.0004091927234494623,0.0003849930932373273,0.00042279235266915626,0.00046429442977684754,0.0009789925918718457
0.0003781571481833764,0.00025945660991291773,0.0004062507143347729,0.0003865004525268135,0.0002957780861818483,0.0002766139847974737,0.0002902084096196797,0.0003135450218163579,0.0003755390571379812,0.00037124641825539244,0.0002568089137789808,0.00021856551754838129,0.000226792846824901,0.00022613561100973722,0.0002624176757809707,0.00035030480484871487,0.0002482538976412426,0.00026502045618428846,0.00018593066346185065,0.0002379283737427022,0.00022226756709181172,0.00021516747681545119,0.00021120849696743728,0.0002381036147970133,0.0002438338710004976,0.00018737349160647234,0.0002203722897239244,0.00016090241655710385,0.0001990345426250753,0.00018468626241372238,0.00017751251866974992,0.00026003937066712443,0.00018342525807375377,0.00020161705052273898,0.00016278710366237153,0.00023698224111244704,0.00019740122747253963,0.00023494936925072706,0.00024692584146449015,0.00022284962226339482,0.00036557451084910674,0.0002750926775199096,0.00027314881764840116,0.0003284196516472936,0.0004545433317093054,0.0004102759852020799,0.0006116913010471784,0.0009610300517462663
0.000318481509330323,0.0003940815634193512,0.0003464180476176878,0.0004027385815869376,0.00032955665531131,0.000333538801389679,0.00024497424846155213,0.0002855810974914657,0.00027257550499609464,0.0002565627551517985,0.0002936017238073506,0.0002521729185958575,0.00023175083572579913,0.00025077904335706736,0.0003842328000808343,0.00029528587941744506,0.00020486405691137537,0.00025553003067696006,0.00021998998229113417,0.00023798895197478601,0.00035740888660168565,0.00020276034691489212,0.0003613571255672183,0.00019325034538005939,0.00021545426586066978,0.00022402515241751425,0.00025088950315880457,0.00017011590219959553,0.00024792838381510574,0.00017997995205685878,0.00017235092441710492,0.0001982941552206298,0.00023053091249389097,0.0002799959940983483,0.0002206005676621766,0.00018991362398680658,0.00022287670823620712,0.000282974337176108,0.00023043526225300306,0.0002714649583864735,0.0002840096658772193,0.0003198849419222084,0.00030824991782885895,0.0003146095542156452,0.00044005195054539744,0.0005503920065471266,0.0006185031231290682,0.0009705048270393043
0.0004554825382066456,0.0003570884291845477,0.000325841155293408,0.00033313788553327974,0.00043256804463213467,0.0003385066457324623,0.0004012889599817411,0.00036724525368207517,0.00033934796587482786,0.0003274956256962031,0.00025323077872093605,0.0002862604765708319,0.0002621265005142867,0.00021784199529131774,0.00025428426413413445,0.00028064654826624627,0.00026934942035821015,0.0002988664538197427,0.0002985617551350441,0.00022793514832374455,0.00020127480937775325,0.0002541358475639873,0.00023820272391897465,0.0001994569364626377,0.00020774931506064648,0.00017940567279287715,0.00018846680078991326,0.0001981744612257448,0.00029125365588645425,0.0002478808476646411,0.00022224330251083998,0.00024370792536516724,0.0003138819515931543,0.00020945800101201787,0.00036994265530765786,0.000350864096262732,0.0003121478999823383,0.00024281571581542577,0.00024982216549244854,0.0002541863458517104,0.00027509864763878065,0.0002809901701642718,0.0003235436409102519,0.0004945108205132526,0.0004460058480356255,0.0004550273333978077,0.0005818773357252927,0.0008889745836264285
0.00018050961399487464,0.00016228045711132278,0.00014954535689179339,0.0001483609210762727,0.00011762683411378426,0.00011869675223561216,0.00013340698715477833,0.00011927510603563738,0.00023038344054854084,0.00010187689175024327,0.00010877882743149656,0.0001766693413983327,0.00010942270547576145,0.00013259224284136524,0.00012225456341440546,8.676417682267288e-05,0.00010376570080760935,0.00010011768518093799,8.93198792009242e-05,9.781499006367936e-05,0.00011953249701856047,8.229438776502046e-05,9.844033829857619e-05,0.00012226752848777734,9.162340036510073e-05,8.35130353877142e-05,7.330965475524565e-05,7.981789578568194e-05,8.486867268536957e-05,7.867949061242769e-05,9.936468970330562e-05,7.250958136375555e-05,8.575338997107116e-05,0.00012235973940734506,0.00012444384628465232,0.00011917118568306785,0.00010877248645594902,0.00010484718293933586,0.00012030431324189068,0.00010443788909908068,0.00010966848765763309,0.00013885514322394376,0.0001250048462951827,0.00018346776621235638,0.0001814723748834298,0.00027620534425654153,0.0002432555957950155,0.0003956700088235081
0.0002824470883424145,0.0003403312839985295,0.0002539836599415409,0.00028325652652564883,0.00022612240544438525,0.0002600443392118696,0.00030479873643862347,0.00021781720664460177,0.00023438439649866587,0.0002588762094580205,0.0002277463892623251,0.00021213929989262698,0.00024556917326578974,0.00016894397573339966,0.0001983929659862841,0.0002015648964563905,0.00017927798840478975,0.00019455765140003855,0.0001686959215342197,0.00024318212398059656,0.00014431924327622944,0.0001649551573314971,0.00017310459047473363,0.00018775143172617223,0.00017347739815376306,0.00021531163557153714,0.00015234577316319925,0.00020436619698752751,0.0001785247400439279,0.0001513400283363869,0.0002144434518911723,0.00015530800585258596,0.00019936630819890994,0.00019968394887836507,0.0001653416579219937,0.0002651538078571304,0.0001716704176156625,0.00018638240707750416,0.00021977251881161763,0.00022234573725084855,0.00020767051633758144,0.00021244321579973936,0.00027848207366977377,0.0004021042535393563,0.00038083754253202205,0.00043480961111604376,0.00046309455851127694,0.0009483178223636615
0.00037630286560630204,0.0002782311890735066,0.00042164669693336293,0.00039990287302435603,0.00026686965107056165,0.00028998088400791175,0.00029846906975416603,0.0002974871434366032,0.0003688389078064848,0.0003526340573901178,0.00025028240188857987,0.0002231304229513857,0.00025658024722781966,0.0002320436398345432,0.00028569329480921085,0.00035692872258173317,0.00024132030201257738,0.00026203575286202124,0.0001872179960870122,0.00024092162050265968,0.00022366774669793069,0.0002183172001108717,0.00021645080643388828,0.00024419376592164314,0.0002436668691429359,0.00018707706980039868,0.00022224966160499824,0.00016168244557795668,0.00019773496942413453,0.00018692197983732203,0.00017514775738289862,0.0002542257972853624,0.0001866548906845527,0.0002061906236963042,0.00016268718560078456,0.0002371158163464552,0.0001966323663640545,0.00023546066983147056,0.00024980484258238153,0.00022132563690813078,0.000362677071183384,0.0002749786028441519,0.00027387765278984156,0.0003280486463163175,0.00045774048129181716,0.00041029446444546333,0.0006108595491183227,0.0009709777162727372
0.000344011490661826,0.0004366772534983283,0.00037359323322411415,0.00044205659342003064,0.0003493205556085359,0.00034308399888005045,0.0002541241317917125,0.0002948102282497442,0.00026782942680018414,0.00025242979733207296,0.0003001481070990854,0.00027272620049665855,0.00022781272716036627,0.00026858071348968675,0.000364180267535246,0.0003150457388104072,0.0002031048432771385,0.0002468298289089491,0.00022795600353517893,0.0002393651867810023,0.00034885817638575015,0.00019907399345122907,0.0003748497275018847,0.00019279649656479147,0.00020943501928665753,0.0002254827177880443,0.000250610248039908,0.00017273176991857458,0.00024913506090511477,0.0001792941556018593,0.00017177102547186017,0.00019810786282525666,0.00023090705178792443,0.00028182082159143736,0.00021983552142609,0.00018846758827494758,0.00022001309598853637,0.0002816864142914827,0.00023000642182282298,0.0002676808046627518,0.0002846754347364527,0.000321522952177985,0.0003076020877391354,0.00031512481340759634,0.0004404642903556437,0.0005539324976680739,0.0006131823370137198,0.0009685506904767723
0.00035955051310672447,0.00034895262211496054,0.0002986812815107211,0.0003597620741559308,0.0004542066140641215,0.00031123820244409597,0.0004104268464309171,0.00037494821952086205,0.0003345686658838743,0.0003102095773355651,0.0002646783655001277,0.0002871873159807029,0.0002457677006952697,0.0002246407527640542,0.00025376325417335516,0.00027043459229200787,0.0002890432255831973,0.00028545436560942943,0.0003116741644414144,0.0002439368172421133,0.0001988862943060148,0.0002494426680393981,0.00022554336402336538,0.00019373811162363535,0.00021148143858039232,0.00018023277477557115,0.00018971057866625892,0.00019092640968350487,0.00028348442574882646,0.00024079817425597873,0.00022019590436522704,0.00023045585824806372,0.0003184051843861981,0.00021395660619590368,0.00036322287517277313,0.0003344969165634571,0.0003178153667540081,0.00024255043407606056,0.00025455444697606715,0.0002502813588983702,0.00027392028894263016,0.00028248628356716517,0.00032596071274510917,0.0005102630162438026,0.00044543991792283963,0.00045315704775756807,0.0005766627531411934,0.0008881722392185021
0.00015193542841692467,0.00016309069315675496,0.00015506757772317117,0.00015092569002929618,0.00012726692691857037,0.0001169695250125441,0.0001359400592738759,0.00010772436899974417,0.00023137756620006622,9.44847985985018e-05,0.00010802468840167305,0.0001866322869161105,0.00010490442362368603,0.00012857560892495372,0.0001233077816373431,9.819790401050878e-05,0.00010873423204839545,8.895907600616604e-05,8.752497504046461e-05,9.81264611187722e-05,0.00011906579501823833,7.76008496874869e-05,9.870234431496215e-05,0.00012325491237781587,0.00010068249469236881,8.369856404653082e-05,7.784890628005406e-05,7.916879927768043e-05,8.253210073932154e-05,7.706565563563096e-05,0.00010247981363611788,7.30588122447702e-05,8.650196825671326e-05,0.00012178779076679501,0.00012402217068212344,0.00012272667037780926,0.00010957673093654826,0.00010632220355262766,0.00011966334586644385,0.00010431649015853801,0.0001091418324826978,0.00013863510757608353,0.00012445876803817533,0.00018188685469321095,0.00018290796613732832,0.00028053006956075226,0.00024212315730995907,0.00039075020877161695
0.00044992726170944646,0.0006675725326478261,0.0004696678684416724,0.0003235331969770791,0.0005025278354633616,0.0004149580903385395,0.0002716419317761125,0.00032125691699707876,0.0004204574743186601,0.00033512436908020364,0.0002741450266117913,0.000523525870205979,0.00030467900818538816,0.00033094932431769545,0.00023889330775468947,0.0002223358975963604,0.00022781046645063978,0.0003024988648293189,0.00022209273442762802,0.00021622159051135783,0.0002590039236897628,0.00023418866591437822,0.00024337471176787384,0.00019732169557651889,0.0002333377969546858,0.00021084986374284538,0.0002372976299674284,0.0001804136224124281,0.00023113633388826063,0.0001959909132162036,0.00019538571698844167,0.00022797673830140101,0.00035490159359757585,0.0003360442784932733,0.000213024350234399,0.00022740844045743432,0.00027033952694199294,0.0002673426316722583,0.00023834823263449578,0.00026654130024745696,0.0002914872469841281,0.00032864715699671874,0.0005604693807603122,0.00034588142370592465,0.00037312917721838963,0.0004564543213908207,0.0006004243520947225,0.0010978385079785798
0.00024342917450572053,0.00014598592138250375,0.00014861589582825627,0.0001236041191530827,0.00013515003991087428,0.000195529487797076,0.00016430561619016224,0.00011237194354384795,0.000139290334086846,0.00011313930052492529,0.00011976014995072463,0.0001200178955138064,0.0001198852144972857,0.00010353877108821789,0.00013529970747770442,9.804112619456416e-05,0.00011330784634973436,9.75669526747587e-05,0.00016866236890758816,8.728102415618727e-05,0.00013648517092875806,8.003602275870012e-05,0.0001648614054563965,9.408526658960913e-05,0.0001282691343764294,0.00013334623993783426,9.825899342513522e-05,9.224067923513202e-05,0.00010311603193693693,0.00016294874544634893,9.561533859202546e-05,0.00010246904191487817,9.448276043044728e-05,8.992141528533602e-05,0.00010711660130615718,0.00011809697565992129,0.00010596295401724678,0.00011353975669903225,0.0001095076368187659,0.00011163153742517668,0.00015815216658840634,0.0001324152688905133,0.00013647350185538886,0.00016149394534566863,0.0001837454602356732,0.00031646824253864637,0.000304036829644634,0.0004119724512274748
0.0005852802847784512,0.0002931604056359819,0.0004615876398398826,0.0007319264054786834,0.00034883098234623783,0.0003112511023195585,0.0004072275438476821,0.00038267788258716513,0.0003880687414734942,0.0003974685127954522,0.0004001508738137047,0.0002919681086584403,0.00029217701351892927,0.00025575447344289244,0.00026330385310974425,0.00020679198245412771,0.00022770416948295237,0.00020822790057809055,0.00022497718139184673,0.0002185909869051675,0.00026508124215363126,0.0001990494800075445,0.0002308744103300323,0.00031126379385958196,0.0002491845401821384,0.0001656858828717552,0.0002592613082828167,0.00024333615362395227,0.0002655248983399352,0.00017509028821727012,0.0001712205476719946,0.00018706492678365307,0.00023830993053530045,0.0002057904699452278,0.0003263971850346579,0.00020370736253624535,0.00030255340156755075,0.00020419102622974515,0.00023306583890572388,0.00026106618826547885,0.0002964730013491892,0.0003398879752561883,0.00029857901651809753,0.00040396787815189547,0.0004352160242960352,0.0006559506227285508,0.0006986753762011423,0.0008679234628091977
0.0005066447591791558,0.0005918595852305061,0.00046453764177500337,0.0005672688920258483,0.0003940199969926585,0.00042191425168442944,0.0004075147633532203,0.0004901489839615393,0.00038662305738347715,0.00026782103944327255,0.0002414291091803532,0.00035328948317026265,0.0004041679971734056,0.00028870252315084616,0.0002542504175068503,0.0003278111184733608,0.00039396151243145325,0.00024686782653819206,0.0002770827204547243,0.00036859500746713226,0.00028060867211617457,0.0002734531196935171,0.00029574757233309743,0.0002995779817844939,0.00025632617539123677,0.00028793498966156217,0.000212773607384108,0.0002164059249159266,0.0002383414624541025,0.00032416825352752927,0.00022485356736085964,0.0002304662526652318,0.0002492715660476869,0.00021740089974658583,0.00023110982869601425,0.0002977725445100459,0.00029259057542286524,0.00028998346640810295,0.00029397458882555213,0.0002582400327852376,0.0003234721981050935,0.00036510612361623056,0.00037971670035557686,0.00035808905939339837,0.00048562281966971904,0.0006382097107778266,0.0007231038208460492,0.0010207833768704107
0.00023658572616353237,0.0004252145829560373,0.0002957889287700438,0.0002305603670158574,0.00022325574969473032,0.0002750262147129389,0.0003215164427688184,0.0002526355331603266,0.00026245015902025227,0.00033882970118786343,0.0001587749011600961,0.00019903876402391536,0.00020140397107884265,0.00017022973713920199,0.00020057058981349943,0.00016052855345066196,0.00017862897148746034,0.0001908227894663608,0.00016484344302236033,0.00024930704924940104,0.00019819400720330152,0.00019120971045603533,0.00020087523679832516,0.00026980524743616723,0.000198905967668098,0.00017798752505897324,0.00019418390258701889,0.00014475724427146026,0.0002073078844117119,0.0001940937311088982,0.00015814904756286915,0.000221851573505259,0.00017558202603157,0.00014650756362513326,0.00018428185761276513,0.000174090167009099,0.00017293141773499666,0.00018867033241883518,0.00018430595962370773,0.00022605259162405432,0.00031030403952548604,0.0002483041898454041,0.00023996123793040142,0.0003445838149081421,0.00028541737224438467,0.00034794794299537686,0.0004310981381481679,0.0007432807448494507
0.0004989335319508513,0.000619307474347626,0.00043360344214297383,0.00031861041902866874,0.00044308130970386407,0.000441782562147211,0.00026312114450182457,0.00033352961347636183,0.00036039558568315145,0.0002925364852940497,0.0002956107425456488,0.0005121406451241005,0.0003193893699501495,0.00033835525561934257,0.0002255120930605868,0.00023042956619139272,0.0002258773340069527,0.00031684036626246744,0.00022949854792082413,0.0002188946090154287,0.00024276795914014994,0.00022307980564542274,0.00024678267249965744,0.00019541715671321286,0.00023009677365344803,0.0002244863201494838,0.00023423335045308474,0.00018591734541582608,0.0002332286630436091,0.00019782803880889638,0.00018961797804470607,0.00022850813692232012,0.0003449049858143038,0.00033818068129524,0.00022003079501362255,0.00022766557614197286,0.0002659366557678823,0.00027610213148577834,0.0002497488772782738,0.00026479996186163935,0.00029278533379124025,0.0003383383249785276,0.0005666334780909973,0.0003475151721902456,0.0003736645599855598,0.00044948319543285586,0.0006055499826569301,0.0010974315419183462
0.00027318877301261925,0.00013931029011921234,0.00014601113605620925,0.00012698736792567342,0.00013814792632471363,0.00020302101446105614,0.00016506119921921037,0.00011537190546927506,0.00014365685410618365,0.00011763688650379254,0.00011695927163997813,0.00012240155558362276,0.00012120363810708255,0.00010509146517659631,0.00013815507032855908,0.00010026911019963327,0.0001124281741735938,9.978808990844306e-05,0.00016620482842110058,8.894974099147234e-05,0.00013314892881406603,7.976316989187212e-05,0.0001689426915721465,9.315584213466514e-05,0.0001313695870418605,0.00013176637103294911,9.34004357874683e-05,9.203475979332024e-05,0.00010293739757244336,0.0001627066558176445,9.569596226105241e-05,0.00010175413979961562,9.309425327861987e-05,8.911396437539211e-05,0.00010657803542251085,0.0001172426419282887,0.00010668585842095927,0.00011246223221113989,0.00010865406484812564,0.00011148790271781638,0.00015843160449763408,0.00013271245432268643,0.0001356951357329445,0.00016373501131174706,0.0001854144865269425,0.00031434335278850075,0.00030405925041445216,0.0004187914902744077
0.0006420589892710114,0.00029911265057521705,0.00047180908717652393,0.0006412482051489472,0.00031951123975021184,0.0003161704745553706,0.0003739459903822946,0.00037007264827433503,0.0003849038357728102,0.00038877669798921045,0.0004120739089929664,0.0002871019067339343,0.00027689240670633375,0.00026502396669464325,0.00024704129681178786,0.0002057055399782976,0.00023002019225534494,0.00020524212957363593,0.00022549278935670247,0.00020702899312829618,0.0002620967779792804,0.00019483489220160918,0.00024156703335276208,0.00031080381885852283,0.00024926070466615183,0.00016653166023222415,0.00026567490254238504,0.00025995343767863324,0.00027466033694076547,0.000182387010016813,0.00017912265306558255,0.0001922592082873471,0.0002345976126122736,0.00020411103040818426,0.00032330285722269786,0.0002054124978447001,0.0003027301065329951,0.000208072170505144,0.00023448990177817394,0.00026260200026016246,0.0002958348974259132,0.0003411509229092466,0.0002968634229952925,0.0004052641517349466,0.0004323305598171901,0.0006431437012903112,0.0007064947751433655,0.0008740005794891542
0.0005448004218757881,0.0005845448594536407,0.0004620090265609362,0.0005611341966955317,0.0004374771639680291,0.0004608572376804585,0.0004254562941773544,0.0004778061543343039,0.0003727990337241309,0.0002618756653527739,0.00024592535586326873,0.00038846410510270127,0.000405202311831886,0.0002836460707439963,0.0002661188470388962,0.00032449892287497115,0.00036263120317077657,0.0002495699566206754,0.0002628063885718149,0.0003262332465501914,0.0002715155592872077,0.0002835276049797918,0.0003104823681419719,0.00030207861390172156,0.00025389865793566235,0.00029070926882548173,0.00021529167304566398,0.00021266109483425224,0.00022918001526968666,0.00032497659954673635,0.00022070045547263584,0.00024403335878145837,0.00024424779560487284,0.00021195207463516863,0.00023415528865896427,0.00030670228740427703,0.0002891955593579892,0.00029522822776089714,0.0002920687330225752,0.00025374454583216866,0.00031782448802621484,0.00036043165678734866,0.00036972828687645813,0.00036230470300518746,0.0004973453051211843,0.0006205640111072403,0.0007424231174729443,0.001063805904174162
0.0002485132729600962,0.00044196607640450676,0.00028318575704203814,0.00024012359058757002,0.00020168801655017627,0.00025167534050556323,0.0003119995967574511,0.0002523641679591156,0.00027168813693264563,0.0003498660930641436,0.00015766102738402047,0.0001980154910213133,0.0001935979487114224,0.00017085511113673228,0.0001929214204141539,0.00015772828995125302,0.00018815452131851548,0.0001804559757846437,0.00017143529292431748,0.00026225316040795227,0.00019748886335080326,0.00018588355784623939,0.00019580101709097938,0.0002902158655205268,0.0002115051814720216,0.00016682626133650942,0.0001905924865824919,0.0001460948919382696,0.0002090527419386511,0.00019532514767428146,0.0001604910242521605,0.00021110519970051066,0.00016944293664602382,0.00014807956624751832,0.00018445384964590529,0.00017217071456610475,0.00016437608211862428,0.00018968767296730551,0.0001822085072634007,0.00022600099951270737,0.00030944942555045224,0.00026025750475443704,0.0002445583412066862,0.0003431809936982132,0.0002892189655090675,0.0003532898795909551,0.00043121326935455137,0.0007581161094860472
0.00027689757311715076,0.00043646444583448,0.00029404338084965755,0.00041349828774828927,0.0002492137770845814,0.00030632326894494455,0.0003713954608022143,0.00023843098509918704,0.0003372903154438382,0.0003804734566161237,0.0003917595191617395,0.0002259448169333304,0.0003176528161026439,0.00021225033175420222,0.00034853914782957706,0.0002470954567290161,0.0001877515702550037,0.000406883894655642,0.00023731399793303065,0.0002642177546368733,0.00017584563535796415,0.000292243206601841,0.0003105817845315059,0.00021190854935367986,0.00018919250624957677,0.000241160565436692,0.00022640730372799664,0.00016971388834990768,0.00020643569496242608,0.0001788856604009145,0.00016482700274625842,0.00022455930335562417,0.00020581034575512989,0.00019482853951171774,0.00019199272007443046,0.00027085109478574697,0.00018764472192772988,0.0002493547637681945,0.00021655092483180343,0.00023441764300555438,0.00027944194702364766,0.0002605090367106237,0.0003149140308518549,0.000460983884502962,0.0004564498602962968,0.000536614588464479,0.0006223416173610566,0.0009610982811688064
0.0003960940108915248,0.0003106445878574535,0.00030035691020830927,0.00024758048516309114,0.0003185268048660562,0.0003739474514253075,0.00029981092417616075,0.00034210736373316704,0.0003340730278383525,0.0002592236606457233,0.0003492866565213118,0.00024411737172862964,0.0003726590751224857,0.00021721104772361177,0.0002642628994963739,0.00019740173509646782,0.0003109320161395592,0.0003589332603428959,0.0003284767565720816,0.00024219971673909916,0.00020708571033559587,0.00018043617862924707,0.00016081650169447794,0.00017720935864173797,0.00027836814943831787,0.0001654178157148752,0.00016139565652981632,0.00018545769835930266,0.00017267000043526542,0.00017923796978077636,0.00019354025310090335,0.00018150141232698165,0.0002322714532675327,0.00019645675937129628,0.00017817412460860118,0.00021271835178220352,0.00018483636487392533,0.00025007182615670943,0.00022853661711244493,0.00025704487263109537,0.00023816310329072377,0.00023175970588067637,0.00028239315736236335,0.00027431524842307483,0.00038153472862426693,0.0004562000791131894,0.0005528943379958538,0.000973838077165784
0.0004527540692430993,0.0003104671278355833,0.00025238337944584206,0.00034755016048345494,0.00023004819191208836,0.00026428208013861543,0.00031722800451305206,0.00028942703227168324,0.0002048542685350442,0.0002418971971839215,0.0003218204517957609,0.0002950238331013569,0.00019686633829424876,0.00033728165265962024,0.00023779472918045822,0.00020029672967169655,0.00018441450505560968,0.00021963599228823808,0.00021133142824453067,0.00015914552939460337,0.00017597822594150254,0.00018839805550788311,0.00022758986694131604,0.0002026701296805376,0.00020245319300659148,0.0002691069735972528,0.00016854205701284232,0.0001594933514721291,0.00016926356576367355,0.00016582353653424664,0.00015091370607620154,0.00016863384492417567,0.0001574486598233969,0.00017766639282154378,0.00014555001357093467,0.00022348059009129936,0.0002121503189892605,0.0002176033718056429,0.0002907206552729857,0.0002118882486634487,0.00023755289242882708,0.000210374907669101,0.000280426958004585,0.0003078324446496145,0.0003225443888670022,0.0004596503298756847,0.000751656087661924,0.000841290330922671
0.0005789381485590964,0.0003632910703755035,0.00029388792607171915,0.0002844587373519178,0.00033974811233576126,0.00029996446234322843,0.0003919516521219496,0.0002646263121344673,0.0002235074879571456,0.0002854106068351738,0.00022759278698741383,0.00028680695733626985,0.0002592948852380465,0.0002629284133442372,0.0002558469206593563,0.00023835084082478932,0.00022856001758197154,0.0002979800588227361,0.00018703806063102743,0.00021454378664783344,0.0002022852170631797,0.0002572834844061253,0.0002011729926195447,0.0001841671900265736,0.00019931555735730873,0.0003247475107712265,0.0002083621296312163,0.00023387932857135623,0.0001526977484530241,0.00015360926382774215,0.00017989377869128206,0.00018529460280011437,0.00019115470391519368,0.00020624221742058694,0.00023756954428840848,0.00022290253382483064,0.00020292061228687633,0.0002369590845446823,0.00019063311120517466,0.00021071601007895222,0.0002476674833031134,0.0002563750012690211,0.00036029517754084266,0.00030004540058023557,0.0003785835065102427,0.0004122182359382138,0.0006166150143386685,0.000828173250560531
0.00027896577812102085,0.00021173069957817068,0.00012182502631567918,0.0001575016711734246,0.00016244955743614152,0.00010504062511329606,0.00011454415683571971,0.00013499820426022245,0.00018417439893362447,0.00011827338270501739,0.0001259246399171966,0.00013559796046710586,8.853824419430133e-05,8.560991551449477e-05,9.369441794386956e-05,0.0001149355207260236,8.845434545263854e-05,9.800879424458912e-05,8.289232593234892e-05,0.0001239600674598533,8.318324040942111e-05,9.603597515438552e-05,9.43663706702526e-05,7.006838911104526e-05,0.00011321122109495956,9.142569691643419e-05,8.843224612985067e-05,7.606407106284323e-05,9.419734271840836e-05,9.137808919265342e-05,8.527212223495037e-05,7.810057018560472e-05,9.226669949474828e-05,9.481072986728326e-05,0.00011945964928552248,9.797052125130792e-05,0.00010265746254436932,9.460656339386007e-05,0.00012055261614247429,0.00011350482759702667,0.0001301864864575526,0.00014485526555653588,0.0001406916493345899,0.0001521639790354195,0.00020529406297933268,0.00023861300182214325,0.00030580986744346535,0.0004221871505808518
0.00027210064537653363,0.0004608388631129963,0.00032005565856609345,0.00038329197025339007,0.0002572944673644732,0.00030737892589439666,0.0003872641437343564,0.00022038071455964927,0.00039825183791523196,0.0003322032217199261,0.000422232172765202,0.00021314652578747817,0.0003028283358229503,0.00021458196937962685,0.00035008088182224723,0.000236999346529049,0.00019273063683048156,0.000426024831157459,0.0002294407745424988,0.0002623445096035641,0.00017332693572566277,0.00030014725752743054,0.00030058056342848534,0.00021008818055026822,0.0001872588430447624,0.00024299558891835934,0.00021682012435465274,0.00016801217173848424,0.00020341628237093907,0.0001765683233894202,0.00016862481358965772,0.00022344439464974024,0.00020456831269854132,0.00019376134100978465,0.00019564931383142672,0.00027275297245371545,0.00018797371193734767,0.0002457263945873242,0.00020777659608745136,0.00023489077143999483,0.00027574622605010897,0.00024913871775816615,0.00029990746106268686,0.0004454886572960522,0.000475315213351951,0.0005431459332995803,0.000604475292747285,0.0009861016435714727
0.0004720593503252143,0.0003214335479899541,0.0002813644420955828,0.00024312330753175406,0.00031955218095336283,0.00035180739161228604,0.00029130105387754305,0.0003544835969244497,0.00032092484834563055,0.00026678493324346097,0.00035718339561247514,0.0002414793370748432,0.0003422540001410898,0.00019335252592373687,0.00024177003805499778,0.00019608783596247116,0.0002899265451395527,0.00031883280077436973,0.0003061974045723707,0.00024282876909270714,0.00019505843955954118,0.00018366026494663867,0.0001642817125017444,0.0001784432506404195,0.000276500019616158,0.0001616342361991984,0.00015951503045603328,0.00019020075403779457,0.00017223773761932613,0.00017893775103756303,0.0001946441480364335,0.00018137899772193567,0.00022814559456667345,0.00018793079292561194,0.0001786209011847159,0.00021344933293673823,0.00018203257102235052,0.00024995152880892703,0.00022922836926502927,0.00025623962699863683,0.00023614821001330578,0.00023188501342050766,0.0002807855273196999,0.00027397669454149484,0.0003806749981995277,0.0004576987552349502,0.0005537885613339159,0.0009747161165246622
0.000428764373343773,0.0003400288514814997,0.0002467727909828495,0.0003537651866330449,0.00024427520153863416,0.00031601890351316326,0.00030376423176160626,0.00028674528150157653,0.0001912779681146874,0.0002844435472954577,0.00032037716724841233,0.00028663239033962666,0.00021158938652367956,0.00031875905684736915,0.00022057889311872793,0.00019329549637464892,0.0001721321908997337,0.00023376537954582447,0.00022518797497790653,0.00016328817262268764,0.0001778818066178395,0.0001893639818583997,0.00023457258886227513,0.00020869647582199722,0.00020139902555219174,0.0002602822037171485,0.0001658895296942594,0.00015771354348936525,0.00017041312533024638,0.000172200420374151,0.0001544081681377866,0.0001652659145675825,0.0001552016057683593,0.0001778916111707043,0.00014612981569107054,0.00022855731273666057,0.00021512692241152048,0.0002193250614594805,0.0002903159178143358,0.0002111950337256509,0.00023834740649079602,0.00020961811390620338,0.0002823184355588514,0.0003086908090658537,0.00032163667133783876,0.00046226620253704114,0.0007518629483911572,0.0008289921292560817
0.0005818150083573679,0.00036067606840886764,0.00030184875687126235,0.00025305828135485523,0.0003287378850081702,0.00035328521210552,0.00038059608019580375,0.0002585192925295712,0.00022767416935715032,0.00027056910819151273,0.00023170367485456263,0.0003075601766894175,0.00025474648957863043,0.0002787843142907691,0.00026173298399311586,0.0002524624737376413,0.00021697996766631712,0.00029310419838929314,0.00018530855828730494,0.00021849066139286886,0.00019492874053616367,0.00025931796195611314,0.00019784726985525193,0.0001880787659157608,0.00020427782515424926,0.00032197882539179045,0.00020262474677847471,0.0002441369326735971,0.00015509670466136354,0.00016055236699199198,0.00018314303404217813,0.00018714604918840358,0.00019254280944075577,0.00020512790291001186,0.00023576137438142768,0.00022429989551732578,0.00020204416013113222,0.00023744178956084646,0.00019139672253984193,0.00021150561585593514,0.00024627841511964103,0.0002563782429030522,0.00036181435313138857,0.00029987549911393937,0.0003750478273994197,0.00041065525479740925,0.000615319358596067,0.000810025712172869
0.00024493908124624276,0.00025378923337083387,0.0001193087105001281,0.00014901452608635107,0.0001651202294474037,0.00011543994180118262,0.000113226294819437,0.00013820003256115307,0.00018597572453483947,0.00011459184259243089,0.00012777474163501258,0.0001418258489247349,8.907886476783612e-05,8.385394556417971e-05,9.168575199943066e-05,0.00011815436489971133,8.674326710506133e-05,0.00010067560843077181,8.271163735369164e-05,0.00012009768261969747,8.227704203075783e-05,9.572143578994025e-05,9.704669549423514e-05,7.007941499999745e-05,0.00011296629416405949,9.282276368953212e-05,8.848806058076986e-05,7.615261690426395e-05,9.470467106358685e-05,9.229214234717959e-05,8.536073248964765e-05,7.803458092669217e-05,9.175839636600343e-05,9.465904595297334e-05,0.00011977213162213468,9.781962349481127e-05,0.00010288285383843952,9.464185094087337e-05,0.00012048711625696896,0.0001130651351096142,0.000130292409368314,0.00014463325875538116,0.00014079064990502648,0.00015245381203656515,0.00020529425716670855,0.00023866681371502796,0.0003064674076551307,0.00042111119861619527
0.0004005636338409187,0.0004776763694488197,0.00042296575409658306,0.0003934913057960941,0.00032112629190340507,0.00040462975552335454,0.00034445180535713153,0.00036064474739446665,0.00028829398406613924,0.0002885792626221325,0.00026254201188460863,0.0002862055202286988,0.00034034224088162236,0.00022791206104109878,0.000258523357639254,0.0002545203743021596,0.00020236816190067643,0.00025070292572476805,0.00024087392418217145,0.00022878176777733954,0.0002025571045316193,0.0003556754726464336,0.00022530731144349616,0.00029751218787168126,0.00021824487896867303,0.00022495025795190584,0.00022340029610991153,0.00019838078901875938,0.0002006339289881189,0.00030286066378658625,0.0003273218829346176,0.0002506458184318739,0.00019579136482099775,0.0002822872614293016,0.0002419381875287344,0.0001997515929084889,0.00024407406654434135,0.00023011901804167897,0.0002780935840291407,0.00042212094197752957,0.00032753395814706887,0.00031454471604071933,0.0004174520246091205,0.0003817765899211915,0.000394937930946171,0.0004587657450058754,0.0007108982277309319,0.0008798964543810142
0.0004243955013542991,0.0003953904558050052,0.00029570481818304447,0.0004442452240478228,0.00026117036779677727,0.00021913800113111,0.0004213627147963449,0.0002442253064458629,0.0003013564520395125,0.0002230737256159935,0.00024914267310822155,0.0002629926435793577,0.00017773908121548868,0.00028305308236063325,0.00023779331630902357,0.00017299121806053772,0.00020461621015414045,0.00019308685629639672,0.00019792313338729635,0.0002569567426424869,0.00023141255397963169,0.0002320459988411176,0.00022891721088512726,0.00017275088327604963,0.00020570914817730101,0.00018095299609825996,0.0002012797114758755,0.00023383959672591302,0.00020103880137674446,0.00017271995160961397,0.00016472111717564982,0.00020223939258972437,0.00024259979282316866,0.00022958660764410533,0.000267412593487402,0.00021413015510426256,0.0002247206306091358,0.00018083809388738293,0.0002863487081932154,0.00021157228777131352,0.00023913719182614177,0.00032843268584278765,0.00027170079674430377,0.0003307429478191045,0.00035819224243908873,0.0003874623687059641,0.0005276148558991628,0.0008304798599981937
0.0002505069526196486,0.0002365304166159092,0.00023138245339603258,0.00017209063335647636,0.00017730561150650274,0.0003429113392890806,0.00016979229208264953,0.00023024440629331873,0.00016054767099996038,0.0002901848989359323,0.00016671156894274884,0.00015923488438180194,0.0001713521638319813,0.0001604901653516845,0.00012156868291233891,0.00011007100026709953,0.0001881042322366219,0.0001820929841939592,0.00014002338960887977,0.00017054287996420253,0.00011418450460104815,0.00011283272486322521,0.00016856312047394334,0.00015622460128707382,0.00011343680705440623,0.00012409140881925018,0.00010817647832683429,0.00013164164309075602,0.00010703034552629468,0.00010751134875316683,0.00012053921043393099,0.00013095701823169297,0.0001599057583043791,0.00011700025962683382,0.00012932747241120802,0.0001475691740907382,0.00015715101503724376,0.00015753028069023306,0.00013428264178386832,0.00019499010071790887,0.00018813696584237924,0.00016183650166725464,0.00017243290258439108,0.00022581222758003992,0.000289052440266719,0.00028914227063607035,0.0003919068290387576,0.0006106109291714477
0.00031572271163240236,0.0001910976773687337,0.0002728999258117498,0.00023296179499340117,0.00025691182894373523,0.000362333320865916,0.00018863658256674357,0.0002700425431640958,0.00020489885942283378,0.0002882186012560131,0.0001961156224396365,0.00018971100035210483,0.00021903177319226996,0.0001770698711775736,0.0001914322380638381,0.00027423812477796796,0.00019194387029628494,0.00032041783964518355,0.00019929287125766332,0.0001904744784812381,0.0001766066881659594,0.00017896242839135962,0.0001770785729055617,0.00016660504042973306,0.00018055479710478765,0.00016989421473933433,0.00019565512304309222,0.0001214250198961612,0.0001205316730043965,0.00018199397210249852,0.0001593919648603186,0.0001316492570045379,0.00015221580274601423,0.00015973891838488857,0.00015061848512841535,0.00017877607862637612,0.0001866023172127451,0.00016788504708422717,0.00016196741838737485,0.00017922383892114233,0.00026845154155240856,0.00023698497330676356,0.0002376884877120778,0.0002575079933739261,0.0002979413895561482,0.000443495621978476,0.0003754800626350095,0.0006807128775333011
0.0003133015100330319,0.00030825458547769464,0.00040377519845126154,0.0002772740567160599,0.00025119880118564116,0.0002617235673705563,0.00027432755072314373,0.00020840372353360688,0.00018259953040731535,0.00020830479216694923,0.0002925116774213428,0.00020596945484085914,0.0002510613468499618,0.0001904369644484041,0.0002588092454342861,0.00031550541533333673,0.0002004011825805579,0.0002544854251130385,0.00017384550947141365,0.0002428245362842078,0.00016651056692378632,0.0002121513835300648,0.00014450427199803366,0.00022653399175551103,0.00020599653439875258,0.0002026086522857686,0.00016249918361570866,0.00015097405863177937,0.00019478803393617342,0.0001730812090830407,0.00017521465184371858,0.0001707694642076797,0.00019146046097214765,0.00015529878970057742,0.00018130276040248395,0.00021331079919926544,0.00015995923888725713,0.00021136778199136946,0.0002047316676073988,0.0002295138264445752,0.00020385299306699477,0.00025194744601326585,0.000277126878565443,0.00028162078394247816,0.0003231699063903324,0.0004914751478938736,0.0004539058015577031,0.0007309904704352513
0.0003745173789801519,0.0004201140657687424,0.0004112881001041537,0.00038217172315722176,0.00037316004290395674,0.00038686352301728496,0.0003983531368576551,0.0003415405748863708,0.00028558182324253553,0.000286049013203661,0.0002702010542560152,0.00028936414449481576,0.0003369852337703826,0.00022504247774690367,0.0002659853927225393,0.0002614700557769382,0.00019989631509303616,0.0002554542579695016,0.00025955911767934996,0.0002308384581678531,0.00020391521777214444,0.0003614396363153829,0.00022800077207636292,0.0003085787698509354,0.00020980666546219922,0.00021467060984941042,0.00022133899442385325,0.00019651189694524382,0.00020363987370032103,0.00029462745705252777,0.0003262352917074181,0.0002418714952874975,0.00019752820914077388,0.0002821465173190695,0.0002465334532293065,0.00019953492382110988,0.00024168445417757962,0.0002305762330388868,0.00027603299987850226,0.00041826941612780954,0.0003278181977062345,0.0003123573309543566,0.0004155000588599705,0.00038157068014110047,0.00039574934775772174,0.00045878619652221515,0.0007064864880557104,0.0008787431667482805
0.0003994315034285669,0.0003822504939744249,0.00031341672916338707,0.0004386387044307961,0.0002773142886118024,0.00024229384350601558,0.00041372843874245657,0.0003080111569211239,0.00032718952293778094,0.00022240847730848256,0.0002450668810324145,0.00025783118458160665,0.00018495702887742082,0.00028025359403825896,0.00023904913126561073,0.00017608869138546355,0.00020722529413404783,0.00019136297410924361,0.0001985464925276127,0.00025566017433615207,0.0002423574263493119,0.00024673347891013037,0.00022234362954004158,0.00016734765752302258,0.0002073331587862461,0.0001833412231393875,0.00019767077884031334,0.00023527570255779087,0.00019731761166752977,0.00017056194204122967,0.00016641351197232317,0.00020811482714286098,0.00024621035205036875,0.0002273534424500814,0.00026538699400658385,0.00021464562758170488,0.000223522086793924,0.0001823079493267408,0.00028427640693054495,0.00021252578917610798,0.00023927798323158573,0.0003264659582548003,0.0002746867408321381,0.00032911141893047873,0.00035426649194621076,0.00039047237102656293,0.0005250351443179217,0.0008420577418268263
0.00023671975092959307,0.00023550918608429824,0.000261764466907751,0.00016061939703293263,0.000184318911336302,0.0003194223688953654,0.00017896507029874537,0.00021712362491363468,0.00016572198700407574,0.0002975406829310835,0.00016743961708386897,0.000164592174327936,0.00017386861474963548,0.00016927842458266278,0.00012675059470470927,0.0001111932134317002,0.00018627850276713707,0.0001764942127070019,0.00014257202029111952,0.00016548595260484564,0.000119750816097627,0.00011165153302461736,0.00016373652533604617,0.00015494533221361792,0.00011523346266387532,0.00012401526622646608,0.00010789388597138823,0.0001281783248855361,0.00010353950574764519,0.00010726399143315582,0.00012001803762290806,0.00013455651743392232,0.00016134117841594693,0.00011655022011271642,0.00012936836216117587,0.0001478125358190183,0.00015677968300872015,0.00015883269470716771,0.00013485021307782635,0.0001927361593237965,0.0001885234186707914,0.00016079464715791986,0.0001722276422238773,0.0002249561726396526,0.0002887368879729801,0.0002890592526742041,0.0003922231954825487,0.0006103324915568959
0.0002620132297655874,0.0002025749213815854,0.0002411848027318736,0.0002344500073347372,0.00023633612474972937,0.0003507190542077764,0.0001891354881400323,0.0002906430124053454,0.00020027889976986267,0.000298901003460967,0.00018363378334077606,0.00019604010769300404,0.00022041343687028905,0.00017207281536743988,0.00019269691020693116,0.0002758516656064162,0.00021129922558563462,0.0002944098280570529,0.0002302439077781907,0.00019739171465500203,0.0001757404835504406,0.00017856604097087593,0.00017841498539691546,0.00016533271905261944,0.0001808514298544385,0.00017042820070805253,0.0001948348285640977,0.00012089311103045045,0.00012125634883992248,0.0001790973286910546,0.00015942762876919292,0.00013192876025127886,0.00015187470143570051,0.0001602147078698937,0.00015204950554596254,0.00017826057569416667,0.00018688855507141295,0.0001683268259304998,0.00016214806024381531,0.00017903983214101636,0.00026956637318311435,0.00023609013136298914,0.00023776057160539076,0.0002587479851778664,0.00029830862663442214,0.0004446727115439585,0.00037533172530975964,0.0006818183254383426
0.00037065160026110997,0.0002849015751762775,0.00042597021868622615,0.00026384826480471034,0.00025591332239811474,0.000247659954475374,0.0002801097615556522,0.0002174300082519103,0.00018057574112467092,0.00020102269685190772,0.00029760772063406357,0.00022486644301400924,0.00025492832536782185,0.0002108132781169177,0.0002498119347881739,0.0003132411471227248,0.00018891124096184162,0.0002592677181878007,0.00017813188711890467,0.00023694300765248708,0.00016648687672921012,0.00021495517948380945,0.00014011218382237138,0.0002305744181505817,0.00020268664385221055,0.00020360907158593523,0.00015612215478085184,0.00015845605145179954,0.00019183093665793926,0.00017691149876292633,0.00017679221539297502,0.00016886258708484486,0.00018741716545660474,0.00014946995607728676,0.0001794711945056807,0.0002142639706725597,0.00015973307103221303,0.00021421404662356968,0.0002028325302283033,0.0002308640181897431,0.00020431472016796675,0.0002491842932354131,0.0002799032739614504,0.00027175740663470396,0.0003223498750030202,0.0005008011927048007,0.0004641450413245516,0.0007057855311256971
0.0003496714650662919,0.0005416893276089996,0.00045900805777267906,0.00046415907632446147,0.0006562254094161622,0.000625736863554562,0.0003727264136639899,0.0005513487009072853,0.0003451733075007594,0.0004186869149447605,0.00030231419950033024,0.0003551212562228906,0.00039655705528998306,0.0002980499931866037,0.0004384704775284668,0.0003617151278959407,0.00025554319892783764,0.0003258328583334045,0.00028480048072285696,0.00039458160756076214,0.00031689781686504903,0.00026109712951357745,0.0002856799188376635,0.00033103818456334624,0.00033005217902273707,0.0002945650040822648,0.00032593426853070483,0.00025109798340671987,0.0003770239388758094,0.00029130757345690315,0.00026006313168245053,0.00021350522655585072,0.0002430126489992267,0.00022010332755975577,0.0002726036873717017,0.0003086235299194428,0.00027553104646572664,0.0002528049921752134,0.0002310105196703605,0.00027308538317998536,0.00038928909380612814,0.00030178830161829766,0.0003822315896303722,0.0004737750162917345,0.0003948722441743381,0.0007365101864463118,0.0007353345522880735,0.0011644069211265392
0.00025841514591760353,0.00025273106748622664,0.0003797606085704219,0.00018872988978207558,0.0003043513514049844,0.0002828365279449998,0.00025871657039986355,0.00019638249491582777,0.0002475187242291434,0.00023453020456095793,0.00023356352584969143,0.0001692959291602754,0.000168030533679762,0.00017001318962165223,0.00014857009324408153,0.00021308487978220701,0.00021251443443769726,0.00016227063376251415,0.00016199332302443688,0.00016407836299249135,0.0001240275032038896,0.00014698358108301528,0.0001261885907142828,0.00012696627097241348,0.000163187939893225,0.00013557563999488454,0.0001945374952437451,0.000169193987836385,0.0001184678543571357,0.00012012978241151562,0.00020850157259096468,0.00027560031722624373,0.0001639220902352005,0.00014761253628301337,0.000178957544180748,0.00015613639667392323,0.00015821699404717512,0.0001702095816578606,0.00017438690598749093,0.00016734617853260585,0.00017223255776180433,0.0001913855850078722,0.00020100517615784176,0.0002264289626712312,0.00030731774443534734,0.0002972940864358117,0.00036242122942175067,0.0006111109160829672
0.0003660679259029445,0.000333213734157933,0.00029508318742418855,0.00026557309240009605,0.0003266278587205712,0.0003127398648501258,0.000322214498245706,0.0003734521756698409,0.0002882255080662724,0.00028030806560104776,0.00029196540071714804,0.00022513141869916334,0.00022947590344958498,0.00021779982509182217,0.0002514213375060127,0.00023448625010288212,0.0002847923340972634,0.0002607952609743847,0.0002757628539542687,0.00029906480745614414,0.0002323283244654323,0.0002623187056950091,0.00022244514194255262,0.00020725591303185435,0.0001731830810087944,0.00015937396678944273,0.0002673308047976965,0.000292151034381313,0.0002223028298849086,0.00023613324913116288,0.0001606935135751694,0.00022909039393755442,0.00022755113525013994,0.00021706532542964895,0.000263540437574561,0.000263420801641593,0.0002169787487504339,0.00028050435995232483,0.0002760861859429859,0.0002507532721063325,0.0003023422786557087,0.0002945268257851892,0.0003075288249367047,0.00033572382346407027,0.00033457294999594687,0.0004536963755970088,0.0007014336669206653,0.0008586221978556941
0.0003547532153902263,0.0002155723870198518,0.000294488346045553,0.00023663310173543795,0.00019945108177535595,0.00019757573552781288,0.00020433055144508815,0.00025209832993017706,0.00028909473792668085,0.0001840525248894645,0.00022016949277462705,0.00019174007741916933,0.0001441704884897854,0.00023122978057153114,0.00018602439919862912,0.00016424236372334093,0.00019355325538273043,0.0001906451928452258,0.00019491128522386585,0.00014298167091667758,0.00015419013118653222,0.00024403012897188708,0.0001371625472608058,0.00017203730536239362,0.0001468349151799951,0.00011748292859350978,0.00019320494093596173,0.00015989602457738573,0.00015496136028620992,0.00013527261178931165,0.00013933450092714847,0.0001250091856911325,0.00015555793271380966,0.00014212303086176976,0.00015355628259871407,0.00015235904960702308,0.0001782912016916439,0.00017433553606796933,0.00013396548350685534,0.00021453382405208196,0.000229457830386032,0.00019750381376704807,0.00021496775611976976,0.0002491858188194229,0.0002579571616482776,0.0003022475710000437,0.00043674735085141576,0.0006199190837983739
0.0002417353876816715,0.0004015257325798971,0.00017306804692255427,0.00016738573713942254,0.00023825492084244095,0.0002044539020476171,0.00025538186715124404,0.00017466739633904816,0.00019296890883726775,0.00016892283062616914,0.00018374536150804743,0.00017365144992240191,0.00014928301002183018,0.0001552945315046754,0.00020589126780870193,0.00015719411787427155,0.00017385783888143784,0.0001388584522622382,0.00011452463135492459,0.00013357007917362855,0.00018445619711282449,0.00010476839379721891,0.00016944709674528003,0.00011538639518004248,0.00014371073492793043,0.00013277867279091793,0.00012710270412224562,0.0001156196455613598,0.00011230000214508281,0.00013032862448340623,0.00016861991419153007,0.00011005708975801524,0.00010032336159092075,9.799966729692958e-05,9.605832279168087e-05,0.00012558328955178345,0.00016458168372705535,0.00012133425223024826,0.0001672036218959471,0.00015880089271971685,0.0001523114281316574,0.0001651886857677315,0.00017347955737824196,0.0002242191517794442,0.0002566444195863881,0.00031456703994487247,0.0003430038592217303,0.0005783214588226522
0.00035807514906125137,0.0005354258713429112,0.00040761085033819703,0.00042323122127872244,0.0006807585287437393,0.0005878717487755505,0.0003841135214417175,0.0005416073026668463,0.0003020500741926757,0.00046050033784216725,0.00029255983409666203,0.0003944971507028673,0.0003847580744469143,0.0003057092282302953,0.00040640521093397724,0.0003701159735986176,0.00025311602478888493,0.00033331122668408864,0.0002625292251698089,0.00041616878132373847,0.00031510305546841297,0.0002478976635772076,0.00027443569133856925,0.0003302246004760689,0.0003080735172818081,0.0002915917035421907,0.0003260346531393596,0.00024708174573575577,0.00038941206673883056,0.00028677578648884895,0.00025275368552748063,0.00021137315683490796,0.0002459444122302182,0.000219798434570672,0.0002760744821671791,0.0003162021600444812,0.00027498068102177036,0.0002544200323107713,0.00023010361484024114,0.00027048874058934147,0.0003906747427222121,0.0002997910919135051,0.0003802320092620467,0.0004691082321078094,0.000395701156337703,0.0007355303755110129,0.0007389347268787362,0.001147151947905776
0.00030544073717655193,0.00027889145796845425,0.00033266816058870406,0.0001789779924859836,0.0002677109029122902,0.0003002056495266729,0.0002213320091458543,0.00021336931172526397,0.0002666827162658141,0.00024714300776403384,0.0002586930805792069,0.0001812019803176846,0.00016987598538345508,0.0001935083696170375,0.0001363236881807843,0.00020490879101139306,0.00021523923542595574,0.00015653612008841087,0.00015469332114048158,0.00016566606963313893,0.00012334099433599965,0.00015060758692198291,0.00012376413234305178,0.00012680593834910628,0.00017458127616440259,0.00013863172161900612,0.0001944495077200191,0.00017158890055918744,0.00012080895790543402,0.000115986276755845,0.0002076639641746641,0.0002630863280247838,0.00016547714514444475,0.00014888916154476138,0.00017747481320359794,0.00015331733622656036,0.00015331846190165695,0.00016939199446059963,0.00017561618647760665,0.000166231702396076,0.0001669531018386815,0.00019572979357194593,0.00019990374022269504,0.00022464453794762075,0.00030510845182603926,0.00029109715862855136,0.00035465650244031826,0.0006386112120823193
0.0003999342995467551,0.00033313183285933496,0.00032566868868124884,0.0002596722172976011,0.00033476887609358515,0.0003281074982786925,0.0002825301094739323,0.00029512556881207056,0.00026393388200099947,0.00028484531321201084,0.0002801344340261019,0.0002315137690693525,0.0002261868204005888,0.0002199790277388392,0.00025568158276044126,0.00022501336671892048,0.0002735798406070637,0.0002720582692951189,0.0002664847915420831,0.00034352775185948596,0.00022955635700046612,0.00028470703340477676,0.00022090201283377807,0.0002037678137722975,0.00017476615392835287,0.00015530472063947292,0.0002795810645604397,0.00028037461239272546,0.00022809927524751117,0.0002456384654962885,0.00016033865033479738,0.00021963863662114943,0.00022874954916808453,0.00021632470175516458,0.0002643319132172509,0.0002669990048449812,0.00021611218039740138,0.0002777335193429284,0.0002806799705251404,0.00024734677140747876,0.0003023719215346561,0.00029591586481494774,0.0003112576306214741,0.00033204957056665523,0.0003334169006177472,0.0004537094133624942,0.0006904622479557449,0.0008563788582738642
0.0003501312086534321,0.0002297137899540831,0.0002795591755316094,0.0002346912519375035,0.00020181913767275316,0.00019627033234813132,0.00021625056381143924,0.000226694907357275,0.00028295009753581717,0.00020134144704076642,0.00021592679144357365,0.00019691627707065762,0.00015711777097036973,0.00021995083760768808,0.00018328522252446513,0.0001695009448019703,0.00019825486723790023,0.00018445813669557673,0.000194607598154119,0.0001425738943691123,0.0001564712077597152,0.00025948756625988504,0.00013938504808719184,0.00017813028199770172,0.00014813078023470162,0.0001133806924208071,0.00019554372055511656,0.00015678872729620345,0.00015481858741083369,0.00013486411002177506,0.00013883997664809907,0.0001252549992519937,0.00015498854028356366,0.00014385575568318966,0.00015437407703702843,0.00015224641965381675,0.00017817333213325292,0.0001742001674743091,0.00013384259386483167,0.00021462594918681145,0.0002293492519580303,0.00019731295554026247,0.00021502945910170602,0.00024872226112622594,0.0002576886226821729,0.0003015082794648966,0.0004359015606593906,0.0006223794804409566
0.00023012850897515596,0.000395065107954922,0.00015057069850957816,0.00016225192620004182,0.0002248553816610679,0.00020655408827849122,0.0002525818541242143,0.00018249889852404208,0.0001889974707752317,0.00015416348775873091,0.00018638856467782485,0.0001779958147140822,0.0001423132612089944,0.00016168607861218048,0.0002075226097531534,0.00017096384246748344,0.00017420203463871064,0.0001354748012838105,0.00011203260769119285,0.00013082973683463292,0.00018222857931856316,0.00010672709949669408,0.00017281552576480953,0.00011391072320658011,0.00014149405886410146,0.00012739729160007532,0.00012240819610729087,0.00011738336859855478,0.00011239841636622549,0.00012439546322373725,0.0001699503667429559,0.0001093852812919941,0.00010054694720964809,9.783309654152416e-05,9.570791377021495e-05,0.0001252693650463138,0.00016442504956725557,0.00012054457116112339,0.00016579373254149677,0.00015863203976087896,0.00015148054789334311,0.0001656490729396441,0.00017348509094275192,0.00022717550912409887,0.00025723424694237785,0.00031125176482576725,0.0003420721343388203,0.000580763733760966
0.00043138754283227743,0.0002553386953157429,0.00024613054439702784,0.0002349645925341501,0.000291484738831463,0.0003297045902853908,0.00024588116620401435,0.00021730455047993272,0.0002759795878659846,0.0002793968067769416,0.00022347349199155613,0.00023882646468168818,0.00026594164423584773,0.0002468859557246577,0.00025100519550256097,0.00024198660019592898,0.00024178494419283981,0.0003267383427081811,0.00029134024204712747,0.00023265650880050748,0.00018836978467525234,0.00018754783522565322,0.00017569163946840546,0.00020933953590399906,0.00028512787951033764,0.00016629097630913408,0.0002456214059490373,0.00014894163704619936,0.00016589383297238908,0.00015405864445873033,0.00019785739309253139,0.0002350838279453439,0.00017545176302306815,0.0002018909406900196,0.0001683248510413935,0.00024190725559426643,0.00036312120495780035,0.0002756940180999731,0.0003085346194723831,0.00020871356911360186,0.00025014272988222185,0.000217546922845709,0.00024368550314440482,0.0003452579695687511,0.00032527360333549945,0.0005686849542827772,0.0005032187195219313,0.000842188592206763
0.0005048277837652917,0.0004704266822281248,0.0005120835006701277,0.0004924271421256812,0.0003779689797770819,0.0004099839344754651,0.00045113700785241094,0.0004052726974889714,0.00041604994733643384,0.0004020910346297044,0.0003575033266022838,0.0003107402337755939,0.00029851796747972447,0.0003589908741681289,0.00028979065643666116,0.0005252314267392847,0.0003274606992884798,0.00043348622411318316,0.00037793960389016426,0.0004234054684462449,0.00035335834359744717,0.0002757699181308603,0.0003709545247454796,0.00032551880753514396,0.00032196139394131815,0.00031470488900965903,0.00028065129560068876,0.00023198483483803967,0.0002771579805551976,0.00028272253147618425,0.0003114053792211595,0.0002556423227352073,0.0002685217245952177,0.0003717887077175425,0.00033918637391489964,0.0002577840940581929,0.0003523486441034842,0.0002885493536124075,0.0002772186966646762,0.00025613146803891886,0.00031793107900413936,0.0005865797452105077,0.00034503515384318254,0.0005141652415888612,0.0004986669177633856,0.0005549424426973565,0.0007808302677827103,0.0013820463164831715
0.00029752744382931137,0.00019134946703343946,0.00023894673150801158,0.00017617463195991156,0.0001729537962968099,0.0001720370527512654,0.0001662152654430073,0.00018081992600517188,0.00019707754160292964,0.00024135734260185264,0.00016349577258092794,0.0002711732521812983,0.00012904428038660947,0.00016940811694986588,0.00013449925969150588,0.00015248358633654098,0.00015996410579315954,0.0001371314336397732,0.0001238703179671238,0.0001541628224833769,0.00014325190191897126,0.00012098116784008964,0.0001192002338544101,0.00010993901069094561,0.00012762404340396663,0.00010349654484978835,0.00012074186709009606,0.0001135997802177896,0.0001604579509163849,0.00011666652540368173,0.00011426419709483995,0.0001280756789788104,0.0001314415566840484,0.00011312205301589788,0.00015147575956259116,0.0001288132958356447,0.00012706612911585522,0.00012722443813057425,0.0001291930735841459,0.00016466023039368036,0.00015441090918939606,0.00016674854523571482,0.00020680887764939479,0.00021030687816804238,0.00022408735843753138,0.00027263791628651346,0.00034391594277090727,0.0005757888852523041
0.0006356339818699334,0.0003620124198480848,0.0006879465327229608,0.0003591386345955483,0.0004374391422204928,0.0004012957343593404,0.00042537191898152544,0.00044457440593198636,0.00032196588476142386,0.00031609709799121865,0.00031798159956216164,0.0003980934530904446,0.0003180712142106258,0.00031759258718938284,0.0002703242028459476,0.0003601554580442034,0.0004701739690041606,0.00025446820017308236,0.0003684626638528624,0.0003048918853037579,0.00023735497432247974,0.00026449594330909534,0.00036185319276792476,0.0003722133795162867,0.00023194008368080545,0.0004363100244284714,0.000321029015245723,0.000297990834238859,0.0003595281639285968,0.00037663894603252363,0.0002560757481118131,0.000369596406714293,0.0003171539545944858,0.0003206657978247287,0.00031013993217934144,0.00027137958573376426,0.00032928942931570335,0.00030557560049372277,0.00048093865223575145,0.000416119335206713,0.00039728519316000084,0.0004107351106212234,0.00041632747552983244,0.00047486475255655405,0.0005002911292278552,0.0006738942376493736,0.0007791766074303967,0.0013025230957785818
0.00032025950077016956,0.00022298705096969888,0.00044117777753197615,0.0004441478241430891,0.0002194454498792525,0.0003039011796363892,0.0002455342828015282,0.000427703319828684,0.0002271035707983033,0.0002276840421740297,0.00030141750751568557,0.0003129363901109704,0.000310124181857333,0.00024570802996594945,0.000277254609157544,0.00025636274299696235,0.0002648967917713543,0.0004019373645789085,0.0003038958419413762,0.0001978875396105024,0.00028618104785819884,0.00020397382719381793,0.00033926142795178066,0.00015475544037955885,0.00015718051099807714,0.0002843760809314671,0.00018283919380481886,0.0002829233486131225,0.0001399047413862758,0.00016490743238897822,0.00016914058723476325,0.0001309004265250382,0.00022603898142953084,0.00016792273214384816,0.00015026305665430525,0.00024921344413066223,0.0002218735274099911,0.00019286986537794628,0.00018854480433174722,0.00019605082794372364,0.0002037849172686465,0.00021400608821906328,0.0002914116230955913,0.0002592339242753645,0.0002936496866499927,0.00035170701195753374,0.00043050227403185367,0.0007106289216754013
0.00034969307702746073,0.0003109614317513898,0.00024165466980502275,0.0002230332361958431,0.0003021405919297782,0.0003895742063559167,0.00023564361258651855,0.00022109633329587476,0.00029071628392953873,0.00028205331549371844,0.00022900399430969735,0.0002255907422172844,0.00031891666335494946,0.00024259339282265587,0.00025353955986342596,0.00024832876269484025,0.0002357003646851033,0.0003241997728452999,0.00029646797582430403,0.00022476723033161287,0.00019351599651709774,0.0001840635036398824,0.00018306038121584917,0.0002142683804798992,0.0002743965588574994,0.00016830656400566954,0.00025868088836587854,0.0001550894268900964,0.0001656956123637116,0.0001588126843315911,0.00019431343901473566,0.0002312959078126027,0.00017684713449416862,0.00019591767534112467,0.00017140993837324206,0.00023182333602360717,0.0003685620782784721,0.0002799251010293953,0.0003102738327671468,0.00020664059087617076,0.0002483507930161421,0.00021839929416796322,0.00024103217553417494,0.00034029250415873143,0.0003271588957968716,0.0005778583222619379,0.0005089465436442459,0.0008378572525698634
0.0004555258365324277,0.0005003123143211744,0.0005164559786899483,0.0005085110734845762,0.0004062326173002789,0.0004444005176807356,0.00037538901824222284,0.0004077604439406786,0.00043023616367993714,0.00039867482806960595,0.00041057700776377527,0.00029793367463809404,0.0002922979991553365,0.0003321768414546524,0.00027812797329858737,0.0005052923641892198,0.00035017793112744345,0.0004279352289627535,0.00040213800490627495,0.0003913139579313618,0.0003597454294472431,0.00027668363687191714,0.00033761018926723043,0.0003331293105183002,0.0003302831271982182,0.0003077789129775461,0.0002767738309396613,0.00024599746678108104,0.00026622410449340207,0.0002836331814319634,0.0003195963637974331,0.0002555803991965616,0.0002669292915112889,0.0003709773128241807,0.0003375076798291506,0.0002531715072859607,0.00034960438632127987,0.0002869948198732746,0.00029201578964924125,0.0002535016763372297,0.0003228293023771867,0.000575756136684878,0.00034801067134508634,0.0005178075570494708,0.0004975086111011104,0.000557104062419486,0.0007782017528221316,0.0013826709609712773
0.00027952612832335606,0.00019777961247225128,0.00024393120645356601,0.00016876331702310522,0.0001688907770880314,0.00015431969967376056,0.0001590735113002121,0.00016008468833952612,0.00021947263737788535,0.00022814034452684832,0.0001572484858430935,0.00027596294193407293,0.0001281619430407018,0.00016876888656477856,0.00013520470523580724,0.0001478522229072304,0.00016433312652465128,0.0001361500177323191,0.00013143781600503,0.00015266461814080617,0.00014370742585112425,0.0001193790163712374,0.000124208033826097,0.00011278590737479418,0.00013296593773127035,0.00010460205537327851,0.00012094751754469295,0.00011416463395325961,0.0001641244768167817,0.00011496735058758171,0.0001145665774181752,0.00013116984343548385,0.00013192811212937167,0.00011451271034485556,0.00014821736834114816,0.00013056449487521468,0.00012826663811201563,0.00012639105830701395,0.00012951042013486366,0.00016605743827697228,0.00015477593109250177,0.00016622032258792896,0.00020799471671798512,0.00021120468259410154,0.0002244335798131126,0.00027201634897578434,0.00034279872297715395,0.0005740448027093452
0.0007598054686829461,0.00035255267854328846,0.0005872409370707562,0.00037541789098212896,0.00046009012905281566,0.0004214962113429425,0.00043335152368593533,0.0004385357797886009,0.00032610313985091303,0.0003148202250023758,0.000313384484069454,0.0004167054130108625,0.00031127384116389644,0.0003119346786967877,0.0002674628558402682,0.00035893571046103896,0.00047591313172392285,0.0002536759061277106,0.0003566366889214401,0.0003074467624305684,0.00023460446248336524,0.0002551879057269838,0.0003629478009990114,0.00039478446163457504,0.00023006171810425636,0.00043903115573435623,0.00032108324883141126,0.0002942049852983744,0.00037084010351521,0.0003737317880045811,0.00024787118422247623,0.00037534901705444653,0.00031749000145067224,0.0003224107090821595,0.00031081528747541385,0.00027874604432916845,0.00033306714897484,0.00030540788719011613,0.00046792744025921643,0.00041592083473765635,0.0003989732045015343,0.00041246876946437295,0.00041912943373952576,0.00046972511241438357,0.0005009664210565975,0.0006776793801678856,0.0007782517597669932,0.001306309233027182
0.0002907738826473583,0.00020660307021154708,0.0004756236954709571,0.00041269563168961856,0.00023781171118948243,0.0002936062829846478,0.00023621405796125344,0.0004249781269841928,0.00023857384291263943,0.00023527391329359273,0.00033344054365957526,0.0002775060405150765,0.00028844684476131514,0.00023825047095923503,0.00030426931413402193,0.000219699442302275,0.00024722230441724734,0.0004144826476090362,0.00032083532584853186,0.00019461302311842729,0.00026243693160620164,0.00022278270554752455,0.0003141827746004333,0.00015731927173154487,0.00015175117686305783,0.00028054943119768016,0.00017523255701136235,0.00028129866621665826,0.00014318549508370937,0.00017134345264123508,0.00016708863604744518,0.0001335883905023683,0.0002304064079634896,0.00016956096367997127,0.0001447140938528791,0.0002397895881459457,0.00021702841296819805,0.00019689944329889477,0.00019065947274081652,0.00019891421679476474,0.00020529278976770584,0.00021397324635177725,0.00029298991522222706,0.00025495253380290283,0.00029527618065939556,0.0003470838519902769,0.0004318861196360363,0.0007220961311678742
0.0005635744168165911,0.0005166839439456118,0.0005272874763026391,0.0004573375991883134,0.0003318388607381705,0.0005459047963650654,0.00043260386843299093,0.0003913446320923242,0.00032618131349088737,0.0004442089410596767,0.0003425842369214511,0.00036523354058895524,0.00032991145403779055,0.00046617527487444416,0.0004978219717331272,0.0005310345924357999,0.0002740905987248989,0.00037854809598749056,0.00030873060128653283,0.00026789521426410606,0.00034218576210550127,0.00036858266436502215,0.0003075864589773128,0.0002900214440116555,0.0002854085128409295,0.00024504028310548857,0.00023876339188763044,0.0002925906127634282,0.00025903904948810944,0.0003364137732747404,0.00038006137543762837,0.00027408726690493235,0.0003233419766796482,0.0003341405214160869,0.0003420219783870122,0.00036520462710932746,0.0003678250502642536,0.0002939166970507132,0.00032389941490940734,0.0003268854067419216,0.00033914222615241766,0.00037222976197350997,0.0004595918089061646,0.0005131396942925165,0.0005329935504604158,0.0005981579481679509,0.0007555026136011147,0.0011492721815075642
0.0003846538684734034,0.0003343894754271128,0.00027431463319758974,0.00044468372240810336,0.0003580811689375159,0.0003185206267060311,0.00031866709022856807,0.00036288726105446054,0.00033855093689667744,0.00030733809398655394,0.00030155518196046114,0.00027386829478021226,0.00025988249881536175,0.0002601898493058185,0.00036332920640316536,0.00022744346999519527,0.00023462128820333797,0.00024535596472197483,0.00031672592204478554,0.0002256625189656081,0.00023593049367974219,0.00021214087401626462,0.0003602926077105138,0.00030570809955179803,0.00020006734082859926,0.0002690219070499348,0.0002521901508226274,0.0002840668655506041,0.00018961328675345097,0.00018735968775698472,0.00018770640162576535,0.00024122554714424275,0.00042038206835761266,0.00024221441980666752,0.00021994416979383656,0.00029340910162424267,0.000222801569288438,0.0002543020766346202,0.00033471268820118097,0.000255326606758409,0.0002840831770428795,0.00025674543319581316,0.00029572857273746426,0.00041213592099383,0.0003667121599907432,0.0005371961674611993,0.0007743119142815976,0.0010352899542408966
0.0002762890246649847,0.0002998139082046626,0.00023246613353373577,0.0002488309810600856,0.0002877406146922629,0.00023492945197419216,0.000215196917012097,0.00021123878647038406,0.00023626199331409976,0.00020486602092039787,0.00021626442968914616,0.0003648771404178485,0.00015950125969496195,0.0002456004907615959,0.00020486583502469445,0.0001707276831353499,0.00016755996875136668,0.00016125034298027744,0.00016015180559391678,0.00022551919449343506,0.00017296667113459035,0.0001485792500500706,0.000258655139220799,0.00013182401614565537,0.0001328321564237403,0.0001558358793956079,0.0001698255236172799,0.00014728006444355082,0.00027054945563147144,0.0001856653978302832,0.00017411003244703792,0.00017760976679077095,0.0002366295588689048,0.0002604259060416019,0.00015496754145086222,0.00021117177262474425,0.00019956233408401818,0.00024721972913882036,0.00019042627152495044,0.00022439076470015553,0.0002730270754756768,0.00021299779126519741,0.00020909239977757527,0.0002484905883573043,0.0003158645080107454,0.0004067974164634777,0.0005024900837614201,0.0008119337197423249
0.00026187894665502043,0.0002380859664358843,0.00019188720648005174,0.00025478662599671747,0.00018513509004292582,0.00019832306922400693,0.00020295969350244035,0.000187778776491532,0.00024064055688959463,0.00025007836438415294,0.00020273286344946968,0.00023618709706657004,0.0001433679401086163,0.00016764312129175638,0.0001678495645979202,0.00020283134202053334,0.00029026811325909204,0.00015385533593824187,0.00021160909441185022,0.00015628776823965734,0.00021400732024692964,0.00013930875351956268,0.00015211207618885097,0.00013903250577352916,0.0001254271278628705,0.00016801858862487907,0.00013383076350458254,0.00015608650028096143,0.00012880737008639525,0.00011653230726104586,0.00020120593378264095,0.00011563174284989156,0.0001661611204764958,0.00013914850763042328,0.00017420135445362473,0.00017473322752572785,0.00017926567943294316,0.00014927845411660551,0.00014476669962228803,0.00017837114138854072,0.000193053715678358,0.00017579494433542632,0.0002621809779585707,0.00021551560474705248,0.0002480849721945383,0.00037014038906417056,0.00041974711188639207,0.0005943305665760771
0.0004208711519785295,0.0006862262101680567,0.0006632203326985395,0.0005336473549018641,0.0006699954594880716,0.0005208364209108453,0.0003152504830570015,0.0004930320542077129,0.0003818122454021803,0.00033269669386727543,0.00033631265818112344,0.00036884336562282,0.0004318787168077317,0.0004573031858380699,0.0003393720767592733,0.00025995282150850286,0.0002882256182285427,0.00035501788665893795,0.00025642340889320394,0.0002692559745182577,0.00035423918232919835,0.00031668813855605614,0.0002795203380014792,0.00023221660252672024,0.00022603626288664725,0.0003549669848639414,0.0002916441115615587,0.0002896115790321872,0.00031506865190899423,0.00028864530224219603,0.00033664887537697793,0.00029827459689893085,0.0002839617546671957,0.0002582528248756877,0.0002262525779852671,0.00024358015520875692,0.0002863840882624229,0.00036356019795029637,0.00032831300747381925,0.00030953111409446086,0.0003781146235834107,0.00034638651721293124,0.00036095715072000133,0.0005358450826682929,0.000451682466901361,0.0006073119770778763,0.0007024887227923643,0.0013474982656838939
0.0006082174221759904,0.0005166565440989675,0.0005247837443490359,0.0004340755730971391,0.0003349055610543761,0.0005659429477776034,0.0004351375604001169,0.0004489213457770805,0.00030233575827643224,0.00042644996772337547,0.00033892968976460065,0.0003548242137103025,0.00034339093312622435,0.00045842688225021007,0.0005358390595249469,0.0005163743533258921,0.0002600872147082575,0.00036181152219369895,0.00030442841199456117,0.0002717299604708535,0.0003433791603884031,0.00037841509235039665,0.00031113495876974846,0.00029228086483036516,0.0002870006139758214,0.00024236018047919778,0.00024043286216914712,0.00029238748130553933,0.00026043133272654915,0.00033747440659868125,0.0003847493116860728,0.0002775878874561433,0.00032705829359941884,0.0003399470544205966,0.00034312538035407273,0.0003650750234578169,0.0003643287816214472,0.0002961151450501605,0.0003229207447956315,0.0003237634865068603,0.0003409898360276892,0.00037765624035178885,0.0004656475772024085,0.0005106702972121855,0.0005449695810267159,0.000596105927661898,0.0007670403261297622,0.0011719319853697562
0.0003808588697694119,0.0003114838882308148,0.00027881874079623,0.0004387668988074472,0.0003300742136851662,0.00033501643805749576,0.00031933424438991515,0.0003702415586299297,0.00035644229337847397,0.00030008509411522664,0.0003003407686489449,0.00030252169510199667,0.00023775767373446701,0.00022999158145244302,0.0003240947584556801,0.00022792923774627764,0.0002220348920246637,0.00024318724378255346,0.0002967836665669747,0.00022887024006183648,0.00024232351168396125,0.00020289861134895724,0.00036332455018178803,0.00029919495465026847,0.00019501739712704397,0.0002746234776495368,0.00024483147935644477,0.0002929273803249531,0.0001864637384741252,0.00019407716022541593,0.00017951643878545275,0.00023652666872838802,0.00040834642796095175,0.00024817673140168744,0.00021759415351876133,0.0002987655260765013,0.00022158817842700117,0.00025162454877757394,0.0003202329432620322,0.0002544032518701027,0.0002861423608491902,0.0002555650254632213,0.00030575357448292637,0.00039978551961673874,0.00036143634874208065,0.0005582799978426774,0.0007933531366569282,0.0010070249683238784
0.0002668079313777879,0.0002582559902365635,0.00025512060718608365,0.00022790345529436244,0.00024821498795742336,0.00021719190451348905,0.00023298399813510612,0.00020834626273450994,0.00022979907217644195,0.00019492096009058173,0.00020975312147016219,0.0003719182859700442,0.0001613456842415322,0.00025990772322618725,0.00018549812431364494,0.0001621162018519328,0.00017200824439337215,0.0001621965656350709,0.0001617495585375899,0.00023055946302297313,0.00016448511157113416,0.00015096423468705116,0.00024046167393944228,0.00013104091426905095,0.00013332755262724616,0.000158140714633272,0.0001667365437151078,0.00014618584666658223,0.00026604773628962855,0.00018599735284634776,0.00017491369336036756,0.00017899409065205767,0.00023415034792744578,0.00026100919198561543,0.00015377645539073746,0.0002109162329282762,0.00019965872352218958,0.0002481997185966919,0.00019038763285515931,0.0002242492210443205,0.0002741624978996427,0.00021309790817787162,0.00020933397222138364,0.0002486953484376559,0.0003160167749555757,0.0004070863428989876,0.0005041335725367945,0.0008096156296795314
0.0002567955704193193,0.0002563963795138563,0.0002113618216694282,0.0002611319801723173,0.0001736061807621352,0.00022036739832326824,0.0002322853894227521,0.00018260081274265797,0.00023658835892647636,0.0002282789585665499,0.00020595634806263552,0.00020737931486729594,0.00013971080626146076,0.00017150135581197717,0.00016939716883140586,0.0001934769746148412,0.0002846543077267891,0.00016259138800810445,0.0002027884340220242,0.00015166131316278442,0.00021800485638315715,0.00013721516851034692,0.00015517455595017132,0.00012549601032425342,0.00012325883806458797,0.00017201169366854192,0.00013412352755147084,0.0001449241093440717,0.0001266608781986296,0.00011391898483692154,0.00019130995259505969,0.00011597153269619055,0.00017104758854590726,0.0001392135917417143,0.00018106357757069155,0.00017572645264623735,0.00017616732191787934,0.00014948883594259512,0.00014752230842982807,0.0001784776478709943,0.00019135611707484128,0.00017791299460420467,0.00025710578260166017,0.00021227837132527832,0.0002528920651446307,0.00037449907344861224,0.00042323302469920185,0.0005865700779808216
0.00037091179109230074,0.00048808095191454193,0.0006041144103455093,0.0005509118717503492,0.0005085253502330844,0.0005766561227853501,0.0003592222223180386,0.0005309311950020793,0.0004074489626987341,0.0003659478561444474,0.00033599462050626204,0.00033335722507702305,0.00041213174536623357,0.0004090505025173523,0.0003202076203042685,0.0002638709762239339,0.00030158896763657144,0.0003252033253045831,0.0002597968581270887,0.00024848661803296077,0.0003424030028025481,0.00028613265501330117,0.0002771906113453415,0.00025164051632484846,0.00022472323573329272,0.0003082605241133209,0.0002848227261204038,0.0002855581371856309,0.0002912601055416356,0.0002870218710324436,0.000325436558764736,0.00029733130754325206,0.0002694912253910691,0.00025125436695805174,0.00022472414854714777,0.0002398434806239212,0.0002886275010418448,0.00034910153050955734,0.0003355042271824769,0.00030316924130121783,0.00037804838068354726,0.0003394766733112129,0.0003653181039893422,0.0005203417635606726,0.00046259930487567295,0.0006256436615470954,0.0007035256386163903,0.0013651240319668702
0.0002446722762388719,0.00029241393241612884,0.000304923802987123,0.0004399485731238466,0.00019551809430369874,0.0003453703421918421,0.00023730813760175831,0.0002558222079204661,0.0003085054093860066,0.00020139881935957141,0.00025467833184758824,0.0002137208940645953,0.00019844285774759407,0.00018733813911226172,0.00021315470425231343,0.00028005498241666545,0.0002574903146384019,0.00021740523710309204,0.00020343651968956713,0.0002013692667475844,0.0002769402365862774,0.00019571901150609603,0.0002124633644587845,0.00017289108839383752,0.00018637254718931187,0.00021316667063753277,0.00016946357457734844,0.0001870593970857762,0.0001579070962673493,0.00021994954004212822,0.00019613174973847486,0.00020714161747657634,0.00019552268836251605,0.00023449037353317687,0.00017500040987177958,0.00022193922850252093,0.00017827738549617482,0.0001990808952178365,0.00022910786465022562,0.0002634286331692215,0.00024594852359765765,0.0002311305109616443,0.00029253218932755117,0.00040719258088979613,0.00034670119852738397,0.00045606770105858493,0.0005011354638460153,0.0008238717945733723
0.00041346625960795566,0.00033900899284262416,0.00045317045507549294,0.000333028116335153,0.0003940087989694919,0.0003430604727500505,0.000380941277145862,0.00023132504656725534,0.0002571479219634959,0.0003035880776961947,0.0003640771791060835,0.00031540011839621543,0.0002568966074633371,0.00029311987288579484,0.00025852514867808656,0.0003074935596529714,0.00021431932199357412,0.0002863028256448629,0.00025980835235750194,0.0002242856807278637,0.00035357518706087115,0.00028409154666260303,0.00024294981076846987,0.00019561995346276128,0.00027998888043152695,0.0002916700977697667,0.00023751575714949527,0.0002618165372094598,0.00021924421313259873,0.0002329450460094987,0.00030073960776174784,0.0001982779156764402,0.0002921534629841799,0.0002864620047253047,0.0002151024972493332,0.00023566874663776398,0.000216941461076542,0.00025908996992913636,0.0003354755892780867,0.00026483643307665116,0.0002786343556794393,0.0003613649082402538,0.00033822956765793666,0.0003975206022176245,0.00045720446274260753,0.0004846349784495296,0.000619694739434494,0.0009532434312534274
0.000385285400893551,0.0004630708100685409,0.00045132257884576335,0.0003514102548946658,0.0004545051511569826,0.0004246117841360452,0.00038057372401283806,0.000297768189515897,0.0003890087781764106,0.0003928997817253289,0.00036674023486463214,0.0003841497892671181,0.0002866600076268503,0.0002912831559375946,0.000306543386723769,0.00036379134930411095,0.00031448914503330794,0.00030476575664219787,0.0002715370127924958,0.0003421700895733176,0.0002636389887888765,0.0002891382977362168,0.00025626787299326873,0.00027845403580755844,0.00023253892884613669,0.000257704871041874,0.00027936193614694056,0.0002575561255230712,0.0003515382806907096,0.0002875899773452338,0.0002408729887391854,0.00033242928823637425,0.00021771609744251254,0.00030089883119947884,0.00025855120771739123,0.00038667538037182226,0.00043530385556530497,0.000297861882858117,0.0003327640369919604,0.00030230472053264867,0.0003059638248160145,0.0003046804906726076,0.0004413102729408931,0.00043317845256033306,0.0005597710079430516,0.0006258268116451243,0.0008443928222884325,0.0011223541059692634
0.0002515348589215086,0.0003038937976014289,0.00020726990888035503,0.0003757408639909702,0.0002960891538500304,0.00027436131488403414,0.0002224390346698732,0.00021850944019179852,0.00023016075855519783,0.00016513253939236158,0.00016517389940222317,0.00022207637675500396,0.0003275235176046419,0.00021500281748343752,0.00015362387034210186,0.00017509374958005547,0.00021467428686473727,0.0001474846598848649,0.0001417245080867617,0.0001515743587355665,0.0001598155008965292,0.00020041344075260483,0.00017102730503050747,0.00013561557516785495,0.00021087394723654925,0.00017714508896915092,0.00014894914960692914,0.00018030661111553391,0.00016118460714164158,0.0001438711627613722,0.0001882179681740823,0.00013454463732661654,0.00016938035516430338,0.00014212124022266968,0.0001940810907022335,0.0002158832887054835,0.00020099309161127668,0.0001803532176257024,0.0002040549431548181,0.00024721807107115466,0.0002352265764129057,0.0002609218250399274,0.00036582620536549976,0.00032080201603905937,0.0004239655396164252,0.00042588046524410123,0.0005441598337460895,0.0007400914082248152
0.00032702883032414824,0.00025572266571649604,0.0003185695991676582,0.00031052800592864236,0.0003398434391188866,0.00020533029435353155,0.00023745132075775975,0.00025492583130849657,0.00021421903079192674,0.00023348852613026673,0.0002612866269084583,0.0002553357745983286,0.0002442973168573254,0.00018159886669924242,0.00023391522988849898,0.0002152755245712525,0.00016397926342567298,0.00020990331110206796,0.00018609304193228628,0.00019497607225684802,0.00018658086717745332,0.0002602094638600882,0.0002292404736628353,0.00014235863690605706,0.00014291031752826122,0.00023211021376212315,0.00017852727991206496,0.00014745430722503953,0.00019894328490028182,0.00016988779184482302,0.00014670429155522047,0.00023221315310883802,0.00018048203989844144,0.00015948683138770667,0.0001652771895655958,0.00022228178878031353,0.00020695696164823254,0.00017310374971149766,0.0002077275949338727,0.0002146704519846198,0.0002442832169998228,0.0002534159687035675,0.0002808641180317808,0.00028022631513400083,0.00034241234466778504,0.0004901944412573807,0.0005135032900995247,0.0007262840783586231
0.0003151846820429887,0.0002827697178144959,0.00027952353941794423,0.0004275278985629983,0.00020916110340919342,0.00034056959402739903,0.0002576930257238371,0.0002577876858836215,0.0003283050042572532,0.00019968571137743483,0.00022869947786436092,0.00023125767534707618,0.00020212106732505762,0.0001978670789918157,0.00020212273363719264,0.0002526525805791563,0.00024277004186606916,0.00020346355798175775,0.00019944873277552731,0.00020887500439354797,0.0002607520795006114,0.0001966864342946359,0.00022345459677865809,0.00017687341324812924,0.0001915125030699581,0.00021001085773543333,0.00017093205486058856,0.0001862665427778642,0.00015800344464168695,0.00021997659419820066,0.0001961651119596909,0.00020715807188693449,0.00019623718468945677,0.0002344897306528247,0.00017511941105108944,0.00022161208217582706,0.00017791035294909327,0.00019973808256989648,0.00022837910395845867,0.00026389474896396434,0.00024455834217202127,0.00023129952786619574,0.0002921751942767334,0.00040582093760323804,0.0003447208447611628,0.0004600064146803533,0.000502166833299794,0.0008324662724133012
0.00041089869543939534,0.0003286728305544047,0.00044836561752209227,0.00039221910040961386,0.0003825346947459764,0.00033344069514096644,0.00035524986508664145,0.00022915860257572942,0.00024754315406560904,0.0002906780140790955,0.0003646701950683485,0.00031727323031676736,0.00027375021274232567,0.00028755108596573853,0.0002820061370432544,0.0003146231204488718,0.00020378952226597071,0.0002900561358057359,0.0002596453926255839,0.0002227345343027147,0.0003089962976963076,0.00028259254163100434,0.00022277936602317663,0.00020927639276212054,0.0002617314958538312,0.00027038793324645914,0.00023398211419232146,0.0002595243073257591,0.0002191860779814025,0.00023750790612995175,0.00029116426100701744,0.0002005599514124892,0.00029302784209218826,0.00028568453506169403,0.00021688958934973801,0.00023991384079245342,0.0002180287480770847,0.0002604342845979983,0.0003354719812131859,0.00026462554670404336,0.00027709791265320916,0.00036309638218064643,0.0003379822360878693,0.0003947135978599819,0.0004515923245242107,0.00048203497804432527,0.0006221127211055016,0.0009381660639424532
0.0003558721856518031,0.00043367026947616603,0.00045622283569635516,0.00034841730401799736,0.0004477002938559752,0.0004299356351630859,0.00040967532172684414,0.0002895077316703323,0.0003682070660094863,0.0003835264679872251,0.00040547286797654137,0.000380962411403605,0.0002781068752485815,0.00030159362246257,0.0002996710677962302,0.00039582226851329536,0.00030611107056486235,0.0003165089838216092,0.00027007506093097315,0.0003664626761242589,0.0002569809439238346,0.0002704972246155199,0.00025886236597356526,0.0002674996328543506,0.00023407481460106515,0.0002615826018865383,0.00030176485803818596,0.00025748380178799995,0.00034472580432844216,0.0002849960095997569,0.0002539026831675724,0.0003207480854381615,0.00021769564359879363,0.0002871445836378176,0.00025662747002796956,0.00038356247573364784,0.00047015600771394895,0.00028625776211208724,0.0003179664146518693,0.00029484256193465,0.00029962402227056367,0.0003013636588994495,0.00044761983935009595,0.0004428773728153736,0.0005711260521181576,0.0006244819000395023,0.0008373596946140034,0.0011096125545910272
0.0002246199827564985,0.0003062598055117434,0.00023184390405953911,0.00040055675848900564,0.00028233077392095257,0.00024748969045247963,0.00020650673771289115,0.0002218664482747468,0.00021632298873116974,0.0001610260746948244,0.00016768878211222366,0.00023284387713590766,0.0003386969169604051,0.00020299584473879124,0.00015084225781924972,0.00017716742047817086,0.00020187954676018728,0.00014889505298870475,0.0001420692515566056,0.00015342197663620192,0.0001569857943342402,0.00020653886603165918,0.0001683720294093813,0.00013165406683511455,0.0002067704787308094,0.00017022547321040392,0.00014884470791352576,0.0001786213081832456,0.00016138956204348568,0.00014412538544648118,0.00018522705789344242,0.00013649670802509266,0.0001705797674619288,0.0001434239325225115,0.00019478964733941296,0.00021310421236347792,0.00020070586737794141,0.00018071150006474185,0.00020641504617181618,0.0002481010397698588,0.00023917887659966514,0.0002632903530716629,0.00036628631522864745,0.0003219259871458458,0.0004262985616536403,0.0004248874328305416,0.0005419617889542806,0.0007273800818264907
0.0003606857620296107,0.00027445876706202213,0.0003199907665085634,0.00032658664449751554,0.00032892808303312435,0.0002078204046858408,0.00024052560588230549,0.00026102616844096347,0.00021885911417219228,0.00023675204094995413,0.0002564825401697625,0.0002598513954484471,0.00025320971519072355,0.00018705768507290964,0.00024114499998177292,0.0002129557206168724,0.0001613696456146764,0.0002014953581844501,0.00018159644299754377,0.00019576238542698274,0.0001859612279078059,0.0002590708099988148,0.00022815184279056884,0.00014506642600977407,0.00014355228531290497,0.00023030594956793978,0.00017850138062939144,0.00014773462923802443,0.00019698516720451252,0.00017249887454551713,0.00014903015199636943,0.000239303446322205,0.0001827975437592016,0.000159299959837886,0.00016338084038218455,0.0002215540415041969,0.00020972911380970447,0.0001716733012192304,0.00020684057644356583,0.0002198150932378713,0.0002460704969274913,0.00025615440463931926,0.0002815737662612552,0.00028212600916401205,0.00033799346979519084,0.000494810535776994,0.0005202128011499308,0.0007364715398962156
0.0002764707979054363,0.0003053223152585605,0.0002468902992917045,0.0002463644540176709,0.0002601002332365976,0.0002805378641312108,0.00022225362688599407,0.0001832361595601724,0.00023582044107135517,0.0001963119632736656,0.00015350404967099366,0.00015067353989648232,0.00021326840984727753,0.0002505258833978999,0.00016803960938267923,0.00020425243780680926,0.00016316431309880606,0.00016088006999544685,0.00018409518646139703,0.00020357039541053876,0.00019176769851096418,0.00018292715328343823,0.00019121775499257877,0.00022754545878481274,0.00022386767060164275,0.00015830221638832257,0.00019924814706443364,0.00017723130199282086,0.00014074935198826505,0.00018994736997180673,0.0001265237211468127,0.00014968330259566295,0.00016908565068011534,0.0001920662455813724,0.00018956619176499533,0.0001993323641919712,0.0002082850508841489,0.00016532521188179043,0.00018498315861305138,0.000197517091129401,0.00020684366260845404,0.00021322655729488,0.000249002427316767,0.00027311463144874976,0.0004007602310013951,0.00034467147943830065,0.00041855743929537114,0.0006822068262817706
0.0004954531609085762,0.000516190852905107,0.00041111893380887325,0.0005813734101329686,0.000457961756512257,0.0003722455869857119,0.0004812088718553795,0.0004137652041972721,0.00040162590673742594,0.00034842278788394014,0.000464229434523583,0.0003891581203972086,0.0005057947919062199,0.00033989827759483925,0.0004177722356095786,0.0005357646206941056,0.0003827571259933246,0.00043142913391151934,0.0003288980502972138,0.0003556954425805079,0.0005756877168731827,0.0003316703830788734,0.00038319035357233276,0.0004626073197091472,0.00030403776933606686,0.0003792797561270347,0.0003425853127707744,0.0003841600955969105,0.0004196929739460797,0.0005073558166847597,0.00043615922352587173,0.0003119295366584056,0.00037449525821741904,0.0004497160108624719,0.0003965032583300761,0.00044645333077693045,0.0005409202915649048,0.0004591479050865184,0.0005176103046148936,0.0004313199489908564,0.000499816102206898,0.0005364917077398803,0.0005944261944568903,0.0005752661765470816,0.0007308934746515883,0.000989718256148489,0.0012260664908819395,0.0014842827032468394
0.0004403239038359872,0.00037583343049948367,0.0003310576144169554,0.00028856743415564193,0.0002727708885891915,0.00028114404907030526,0.000502447216775406,0.00035028251793730957,0.00025905404467537385,0.00024881774485320535,0.0002473688144328349,0.00025710170442673936,0.0002814685284822365,0.00040028424772492406,0.00028997935174837006,0.0002775584196061046,0.00024187331694149327,0.00021521725498615832,0.0003586130320198587,0.00020292981937632227,0.00025772659277186784,0.0003083603413323551,0.00025881737058232107,0.0002744491445276032,0.00020443527021015334,0.00020882524520592793,0.0002953587909264771,0.00021783552461907842,0.00018721260597426488,0.00022431162534850569,0.0003605162212319279,0.00032939830942430617,0.00022918353494852132,0.00023415308481669522,0.00023806148420381246,0.00027423956646077826,0.00026430886627116666,0.0002500655392091003,0.00033057262929957166,0.0002661131899515658,0.000329500906586127,0.0005146383437466832,0.00039500970504152927,0.00043247115570808626,0.00042895674009265305,0.0004992687652394074,0.0006987051961792992,0.001337430534743764
0.0009137083347392919,0.000509014871423358,0.0004975493640495716,0.00040903953347007095,0.0005260312375261493,0.0005265483754331733,0.0005231868389578087,0.0003198044875545498,0.00042181200880040147,0.00041748517493854476,0.0003946702154084719,0.0004975096758414731,0.0003308539273229467,0.0003460814492808422,0.0003179331439600428,0.0003107589662443035,0.0004452839929448721,0.0005052919720238068,0.0003054022505259123,0.00036189841395834355,0.0004401869809813914,0.0003528169270883967,0.0002645789956362539,0.00030180716119851175,0.00024579139814113,0.0003392253027820079,0.00034632001852455505,0.00034090418846587767,0.0002621287620874853,0.00027194694668746563,0.00037125719163507494,0.00022524342372988882,0.0002901467170449211,0.00030423311110682204,0.00030613374353874353,0.0004633756148613818,0.0005137550938321094,0.0002939834957412617,0.0003198367879464805,0.0004777653517574022,0.0003941705434971368,0.0003712673334301333,0.00048118877149046246,0.0004950117209221271,0.0005643442511123931,0.0007446705815398488,0.0006566918251310277,0.0011393477655574898
0.0001639803795635042,0.0001557928092826652,0.00016946321153779928,0.00020568994229787314,0.00013660497722930436,0.0001545751776183102,0.0001398338346511469,0.00023685478227526325,0.00012557204266765149,0.00015889339597545413,0.00012460255654850896,0.0001139594885427064,0.00011460658006485979,0.00013642830537745386,0.0001802565401813045,0.00012361602716701904,0.00013422115332726618,0.00013456880979111616,9.506824957515826e-05,0.00014405276571128906,0.00013698460639433437,0.00016796281287530322,0.00016417437508494938,0.00010111159305519634,8.62202795372761e-05,0.00015134025369648648,0.00015166460731524495,0.00010377195373489071,9.814022881805712e-05,0.0001269084472516521,0.00011529604604527218,0.00014391898394998883,0.00011932702354742346,0.00011954763407023806,9.694117804867806e-05,0.0001228669206779547,0.00010167509586523883,0.00010456227087208971,0.0001316072541930096,0.0001289176841946102,0.00017449668400695397,0.00015978230940299443,0.00018221641359068117,0.00016145015883554456,0.00022065440238345097,0.00031688602189778063,0.0002996741083107412,0.00045834219659119784
0.00025898608930048135,0.0002894711638876287,0.0002563293088409035,0.0002466027891736182,0.0002599782588866463,0.0002620396939596009,0.0002261479266793969,0.00018300750223564346,0.0002457604601496922,0.00019965910748173375,0.00015686197671018308,0.00014981966894531693,0.00021469672904327224,0.00024700817171499596,0.00016517400503843037,0.00020941489862159835,0.00016418619658347154,0.00015997242907349684,0.00018533830625859298,0.00020547097226651618,0.00020197013523195182,0.0001844949129382159,0.00018270873378755403,0.00023256514499724005,0.00020628298351338698,0.00015803694462316264,0.00019741698218529334,0.00017689361811669405,0.00014025850783816175,0.00019231342584058843,0.00013199482640934707,0.0001475243293604692,0.0001655938155599722,0.00019321896281156208,0.00018405379143646435,0.00019906696932162234,0.00020745485066520192,0.00016737511825597052,0.00018560580182171873,0.00019694158849498057,0.0002073002933187067,0.00021571298987430227,0.0002485888851705639,0.0002742155885896681,0.00039817433261867306,0.00034621110331843277,0.00041884514016283847,0.0006781573119145241
0.00048567699779639254,0.00047836237294313034,0.00041120354731069743,0.000565909586216821,0.0004956412369656516,0.0004011897065211497,0.00045321400321956303,0.000417814244433531,0.00040091934236318545,0.00035187598490662715,0.00046851730645761845,0.00039406902113934145,0.0005074085722142034,0.00033995972714883006,0.0004295610579273675,0.0005408846456952122,0.00038401385143414644,0.0004307723748631183,0.00033214380854023885,0.00034889423220632625,0.000576238298762793,0.0003298037116638037,0.00038175915822234827,0.0004675751195165352,0.0003023758068664212,0.00038745904095924835,0.00034288901256236486,0.00037735855362982043,0.00042207196949263975,0.0005084339367990466,0.00043300556528534173,0.00031141346151586174,0.00037556346277750185,0.0004515098033369745,0.00039461136245969654,0.0004459497615447689,0.0005396123487870364,0.0004560769401207246,0.0005165358797333179,0.0004318301220795518,0.0004968537587222158,0.0005325556433785468,0.0005956125396669107,0.0005774602672084473,0.0007252702888216271,0.0009868912032752074,0.0012345346714713375,0.0015005373294370193
0.0004717880266396621,0.00039794836885124926,0.0003208589856560252,0.0002927367429300195,0.0002905901418855153,0.0002772318033797934,0.0005023398578933304,0.00036019457849950556,0.0002576513498703582,0.00024511027347015347,0.0002671118077799944,0.00026369063464753474,0.0002781891896808152,0.0004046484884192557,0.00029936761650475034,0.00027836175718817335,0.00024237733075856217,0.00021508938677013804,0.0003573134489247683,0.00020298049061541154,0.00025844681359511826,0.0003087190625194747,0.0002594679654383286,0.00027684142261881164,0.00020304319024812428,0.00021109720295164205,0.00029599755224561273,0.00021791359438461805,0.0001872613327578332,0.00022500868658062318,0.0003606865949555081,0.00032919611649636244,0.00022861289693196652,0.0002345694052748685,0.0002381620118531996,0.0002738992024036146,0.0002639921280074499,0.0002500336178069046,0.0003305822661112254,0.0002660587165482825,0.0003292041590531722,0.0005144486386716683,0.00039495449058735995,0.00043285080971587706,0.00042907696029463013,0.0005007249376856315,0.0006982920767193188,0.0013292382799533118
0.000867312907338508,0.0006019703621972773,0.0005301056173055629,0.0004007149565576603,0.000539735727631889,0.0005172666925835347,0.0005385573275795742,0.0003526366049843242,0.0004571863014895305,0.000387496350583445,0.0003719508839121813,0.0004784759544469472,0.0003353795755493621,0.0003381296127841808,0.00033090972686158183,0.00030840292066623085,0.00044895522898131304,0.0004695153945771512,0.0003025870756448443,0.00034329937148597494,0.0004438752121930918,0.0003600197083068012,0.0002693569205451382,0.0003085586747590117,0.0002475685596170054,0.00034493843750022597,0.0003442709988584889,0.00036634616063084183,0.00026348451420255686,0.0002962605528118052,0.00036664413554154355,0.0002319656787121815,0.0002831698266186154,0.0003091515632645803,0.0002988899811068457,0.00046774733272506513,0.0005114910059209334,0.00029541787575822117,0.0003211933313308179,0.00047978567410033186,0.00040110447656608797,0.0003670197758488022,0.0004814687705919904,0.0004963565418784936,0.0005695827659808332,0.000755723429900624,0.0006563251564532628,0.0011600449917896457
0.00015899802953492018,0.00016375566344541828,0.00018852718951366777,0.0001866688136057644,0.00013874722362346183,0.00014057977724761715,0.00014029649964662584,0.0002413059974965917,0.00012903315997846805,0.00014633539910439286,0.00013289306565641816,0.0001167167733050483,0.00011995015534249369,0.00013552390210274358,0.00018119424926300558,0.00012016377855862373,0.00013926258114036198,0.00013601764782246293,9.59418528920749e-05,0.0001605675710076993,0.0001303186360397457,0.0001709620863571454,0.00016434971257565147,0.0001013376430524023,8.658086302594888e-05,0.00015218467172431886,0.00015191040674434917,0.00010384922849808994,9.834292756705503e-05,0.0001272047479495442,0.00011503408301130896,0.0001441842012419974,0.0001198638544263657,0.00011943419068782959,9.712574078118988e-05,0.00012164068861768267,0.00010167490346140442,0.00010445627494723973,0.00013195606189452306,0.00012891011959288343,0.0001746952586774945,0.00015984655488735105,0.00018222367740792827,0.00016133220949162672,0.00022067653641163042,0.0003181370727296761,0.00030022957049845333,0.000456036110073533
0.0002485354161258948,0.00021032479755882553,0.0002732935570630157,0.00021078515010067279,0.00032677588826477983,0.00022747688351558508,0.00020313376137131453,0.00033686874654069486,0.00027468625279796654,0.00023939956393834733,0.00018293779319128746,0.0002541751463255898,0.00016403091190988854,0.00028154755501272707,0.00015662807935090908,0.00018909461371177913,0.00014813729863195953,0.0001757783361284275,0.0001583364083253003,0.00014909179209259742,0.00016182059815047524,0.00014449340161145315,0.00023523847563818102,0.0001301196319591681,0.00018065814254772044,0.0001365123761453605,0.0001828964002568267,0.0001365288451401622,0.00017943476258983936,0.0002193285431933331,0.00018759976143223976,0.00018196746592776312,0.0001391419119883891,0.00017990989986581559,0.00017895185692700015,0.0001447896389275083,0.0001965218011296807,0.0001526144483430851,0.00020427725582116573,0.000179273581734431,0.00020567208875384526,0.00023122168761198088,0.00022235787422757443,0.00027403119377380423,0.00038973472825651784,0.0003680287167165252,0.0004411096715669514,0.0006400689587541093
0.00032980575488568805,0.0003244280438493349,0.00023887577868467083,0.0003233942721774016,0.00023235128337785593,0.000302662303787638,0.0003230564407741251,0.00033090642012163025,0.00036042705021107827,0.00025319135840893794,0.00031203573206508575,0.0002458690604414954,0.00022709224849677603,0.00024277673679409386,0.00021841201919039645,0.00018471172123872017,0.00021268986309036026,0.00016819391414216945,0.0001644424639122829,0.0001960489548310307,0.0002814129794408617,0.0002506215020342488,0.00019818378370990686,0.00020330108737917372,0.00017421778612583164,0.00016614304221814288,0.00021964401926715616,0.00016666216761001247,0.00014794608815136694,0.00021781342257009263,0.00020872266243178529,0.00021245595363233685,0.00016012198311955424,0.00018334342187816793,0.0002491456550849208,0.00027821619964700495,0.00021611357234999274,0.00027936015688713206,0.0002656921849426546,0.0002754799279570538,0.00029195215973419603,0.00033649198427872186,0.00042545395182930017,0.0002850352684988461,0.0003202951602893523,0.000425035452242985,0.0005895151516506573,0.0008897029522776124
0.0005915335655599691,0.0004112510863296026,0.0002901118891175426,0.0005546918882406224,0.00033951877809684176,0.00028663570012261107,0.0003665262204341164,0.0005783129928953978,0.0005659577439151686,0.0004977600902727601,0.0004067419835377787,0.00030051988137275165,0.0002885625637080567,0.00029428205711109584,0.0003099412791924048,0.0002804565149115444,0.00024628628370073046,0.00038396504468656933,0.00030479398757637374,0.0003095174504198557,0.00036342739210594617,0.00024088054079609756,0.00021642572429790967,0.0002381922983191813,0.00027333931364618475,0.00040202227808793173,0.00026236825245370786,0.00024060744756259906,0.00024752992933148885,0.00022852891211534108,0.00023517212504105923,0.00031463853055952487,0.00023971365737677594,0.00020293081182606558,0.00030296976409912685,0.000314519191805145,0.00033210236850595587,0.0003059673260098382,0.0002346833659609833,0.0002955751677630015,0.0003561375491232032,0.00028903583197131046,0.00044643082952992706,0.00045745175714058346,0.0004396953472848719,0.0005940969829780324,0.0006695526109535365,0.0012382390102485819
0.0003090402890751644,0.0002335080662201551,0.0002093616671638908,0.00024399621031050289,0.0002374389992775064,0.000252232471717641,0.00026255716062714436,0.0002605415488131042,0.00026357002473812553,0.0002832152206297569,0.000172131293188623,0.00017634195283770733,0.00021466342809285275,0.00023766272823601305,0.00017861805763620594,0.00020870912110995953,0.00025703840089114327,0.00021051252458902198,0.00014371742538756176,0.00016836447951092964,0.0002497233975754185,0.0001540360659584166,0.00016220201593231695,0.000148161566057881,0.00018820578410069867,0.00020681716642152644,0.00022001974871380537,0.00022278432854963253,0.0002491499894827945,0.00019356842720913908,0.00028943850079535656,0.00016034128515715442,0.00019287330709831,0.0002567790416595668,0.00018099516273670645,0.00017883590856464964,0.00016356509047930906,0.0002478999877294014,0.00024750495008926936,0.00021154038482841436,0.0002151886649698678,0.0002635075438134714,0.00022975335478531207,0.000322463632731596,0.00037723143309645676,0.00048611941199052814,0.0005407770413309614,0.0008499104834996087
0.00024311051414869345,0.00023654812195182196,0.00020834898782978256,0.0003542780006236912,0.00019772698947850514,0.00017814716627687934,0.0002575037805033236,0.00018964250225052276,0.00029567947112350395,0.00023593829968568698,0.000218303789793728,0.00017788845540924072,0.0003221386918738218,0.00016381269180880886,0.00015637345908341138,0.00022596063555922177,0.0001976231253427619,0.00023830459689168563,0.0002344786738188684,0.0001640502019960461,0.00016000901766077016,0.00015918657025345922,0.00019177655836047635,0.00014236024618281273,0.0001255277040461686,0.00015374324550875785,0.0001556534969738832,0.0001627421471390848,0.00018411244633582705,0.00020566245983263915,0.0001913663426627598,0.00021939628944367802,0.00020023815398742824,0.00015928793219658317,0.00015987614655733684,0.00020943725424199853,0.00014758075074795468,0.00021151340009098387,0.000200210492222889,0.00023255335915603855,0.0002024108906691249,0.00022707361861107147,0.00024798323114435573,0.000380918676851052,0.00031165612241722295,0.0003706519176737618,0.0004878141916317433,0.0007621114915905441
0.00027990068965767464,0.00021788204529447593,0.0002485254672377237,0.0002318537347818919,0.0003651467937433713,0.00022485681390361603,0.00020506720338090602,0.0003195307395545063,0.00026996010090585314,0.0002576577454177714,0.00017877606155431523,0.00026968331136747146,0.00016470543545347752,0.0002790658496588501,0.0001552500716770121,0.00021112631871082172,0.00014109534280239017,0.0001637980473791297,0.00016102904073445176,0.00015189893537838288,0.00017340134908880927,0.00014332178407072294,0.00023841770041018332,0.00013054764850461962,0.0001817906747566795,0.00014025443963987654,0.00018726737795584232,0.00013677341458546554,0.00018171067168885218,0.0002195017199586213,0.00018909933562859021,0.00018533399290658278,0.00014333768821745882,0.00018132518923671351,0.00018045338635013265,0.00014611287037650516,0.00019826362215355226,0.0001527761440964914,0.00020769016689047885,0.00018005584844418585,0.0002076306208880004,0.00023184660730749297,0.00022284199757824098,0.0002719301689465741,0.0004007499377868475,0.00035989302096647575,0.00042524723887241335,0.0006425955124625888
0.0003539473351726101,0.00030809503988071444,0.00025631347327489067,0.00029740888237597826,0.0002541924694171,0.00032174605125859386,0.00032086674788357923,0.00032797203847285836,0.00036580077088020743,0.0002796558627340726,0.0003361671973862303,0.0002483723226630801,0.00022910522115587734,0.0002525249232024466,0.00021325058462934359,0.00018441929329217588,0.0002118612507542389,0.00016921737338528576,0.00016281642239918774,0.00019753939869170185,0.00028628528644248795,0.0002515874321591459,0.00020066790364752497,0.00020461900679295936,0.00017412240556733113,0.0001697620372697657,0.00022151142226766563,0.00017201249594445313,0.00014620082465458543,0.00022161145981869154,0.00020723440294037303,0.00021305731540203072,0.00016015398028940245,0.00018462063344319693,0.00024679859586046725,0.00027975268848055005,0.00021546374554720936,0.00027761143055105844,0.00026654734929473903,0.00027358763069975864,0.00028869014428201746,0.00033616644641319574,0.0004269856098527373,0.00028668149224778296,0.00032029944309856355,0.0004213648532212005,0.0005849980060654351,0.0008983511755912508
0.000509847277113293,0.00040935502231366196,0.0003231979010310783,0.000583033983012818,0.0003516573770131329,0.0003042149915650594,0.00040253790141602544,0.0006480620081676174,0.0005210115889798299,0.0004950814816691462,0.00047280072480261896,0.0003037580723349184,0.00027486244758303017,0.00029804734138100795,0.0003177132056448524,0.00028710289588146804,0.0002552187412558353,0.00038046539955030535,0.000298284078901506,0.0003097619834900013,0.0003625595436867406,0.00023912879938090917,0.00022539618465284688,0.0002325332427907431,0.00027434819105580323,0.00040334383929285664,0.0002624981078008693,0.00023641842419160102,0.00026764155013059147,0.00022840075218643604,0.00023079884029156845,0.0003242183495173234,0.00023416316539671966,0.0002057781810211447,0.000300870512688914,0.00030991213062219733,0.0003349961712358815,0.00030361744116110364,0.0002368216678314833,0.0003012553143735359,0.00036210964592401447,0.00029187450576709543,0.00045036817619708685,0.0004607436704460764,0.0004396435723683199,0.000595093388882003,0.0006772404820820895,0.0012575182999024148
0.0003592300657302564,0.00022806173559416636,0.00021692505175808483,0.0002614394961744899,0.00024398617948763089,0.0002481880326928552,0.0002493316018147584,0.00028346438248988117,0.00027170802514723207,0.0003011518534919711,0.0001794543714712872,0.00017988657215478354,0.0002146226235291354,0.00024291781634252796,0.0001768402232477799,0.00020711051413537968,0.00026020067740047825,0.00021158069193158882,0.00014332308436230663,0.0001659804056551669,0.00024783687545716485,0.00015639900283363696,0.0001595800133520435,0.00014811102647567897,0.0001882711278737812,0.00020642180658266877,0.00021928199381011853,0.000222409039463303,0.0002498146968205211,0.00019370431036776285,0.00028948552999929486,0.00016063322931570957,0.000192880272253334,0.0002567615246525874,0.0001811057540110675,0.0001786194674687004,0.00016354296420449546,0.00024755406836177477,0.00024696561887141086,0.00021117604311635962,0.00021526930463279238,0.00026406203567083556,0.00022975718994966413,0.00032220435909037883,0.0003775204417569982,0.0004855550261576541,0.0005396205143703175,0.0008522901498188062
0.0002434287217851941,0.0002367059821469567,0.00022569467428733088,0.0003361889937198517,0.00020377017284038934,0.00017760469166161962,0.0002633913525465994,0.00019140442738909829,0.00030064707455676855,0.00023600001643458648,0.00022355937140554276,0.00018109690137989943,0.00031437885812547886,0.00016541506313896864,0.0001551093483028711,0.000223823509560456,0.00019765966791754087,0.0002376130566430764,0.00023446579921216056,0.00016735766828700918,0.00016146182979350117,0.0001612642435203875,0.000192155792394385,0.00014240619192221947,0.0001250942787706258,0.00015460098643614305,0.00015573124129961098,0.00016318579521015696,0.00018430819480846517,0.00020597151076702324,0.00019045589894686683,0.00021989322557148684,0.0002004294731104566,0.0001584563208580458,0.00016064504121892783,0.000212329551426214,0.00014815775950597523,0.00021013130224424942,0.00020093829658760764,0.0002320770385119648,0.0002023545961269149,0.00022595298674105263,0.00024768348908542614,0.0003809347386338678,0.00031177168470769063,0.00037108390525377046,0.0004888317755928418,0.0007642019563816561
0.00025759265306566644,0.0002966984860606247,0.0002831841714419697,0.0003160806430351506,0.0004614977329718084,0.0002888504473371841,0.00024416419716030875,0.0002187891682049047,0.00020581064103894627,0.0002584243168598937,0.00024395951941367342,0.0003498116172425173,0.0003138365070458899,0.00028899134697772254,0.00018325267658400764,0.0002072082868195643,0.00017546021932782652,0.00018887213266203468,0.00020102433016646871,0.00018912230854964103,0.00019609189672845214,0.00023150418849154873,0.00023493609248691723,0.00024237025198193548,0.0001602320118009019,0.00015293438725245119,0.00019376470820108274,0.0001534603340301782,0.00018135570047980493,0.00017884793350469348,0.00019246232839365845,0.00023088122302276906,0.00019945572422113772,0.00021940713674633322,0.00021573435312632934,0.0001749164310516718,0.00029412658543791226,0.00028690944620654547,0.00022637491601085722,0.0002889998539469532,0.0002485531597724203,0.00025916386625575303,0.00045347955548633045,0.0003200677468780757,0.0003428561049735171,0.0005518209107059152,0.0005489110876536127,0.0009251135520338109
0.00022361367715820587,0.00031401318478466677,0.00017813684844472834,0.00025323125688431533,0.00025073324206395964,0.00019105996391376482,0.00022029488552946811,0.00017863353109354028,0.00030714510048265436,0.00017676845249894828,0.000177939471873931,0.0001724453500308291,0.00014578515490438844,0.00017770979826280377,0.00024412125445889536,0.00018267287459306988,0.00019626889058189375,0.0002776622061112052,0.00018012168433348711,0.00015823742664986782,0.00017388520675609166,0.00022302633259105764,0.00014757582614210923,0.00013081551660683085,0.00018632916826870455,0.00013641050332069798,0.00015246804368814778,0.0001629078704177052,0.00014999701353909405,0.00013718974781052595,0.00016309165848253778,0.00020803124380826214,0.00022239147813445277,0.00015943189807249788,0.00021473601866794982,0.00016645585173313967,0.00017369081862076804,0.00017967328669171134,0.00017186137481485427,0.00022996539341888175,0.0002266430011017522,0.00021482501222091547,0.00022301835239915625,0.00030092340814408486,0.00029243234171114893,0.00039852173823805905,0.0007538563353114618,0.0008141843543383317
0.00015329576581285835,0.00019205667395244517,0.00015767029145255564,0.00016988709762547248,0.0002131185763488327,0.00020703785823962748,0.00014324748521762445,0.00017734944352185868,0.0001347469947397509,0.0002192350490951894,0.0001289106684547783,0.00016501659683541072,0.00012277576032480799,0.00012997934981198454,0.000121191454226084,0.00013307060341529923,0.00010430074930892228,0.00011270883474296668,0.0001369083677992504,0.00016303149090810811,0.00013982149546430458,0.0002025193590486529,7.978409170533291e-05,9.332807586578873e-05,0.00011330807716092368,9.621798163493163e-05,8.802878346769273e-05,0.000134151488195234,7.947490371572026e-05,8.613049199649162e-05,9.205849159498945e-05,0.00011843324551770333,0.00011526285266542063,0.00011211831358765279,7.790504539674548e-05,0.00011143922029507357,0.00010377863898889437,9.117238870029791e-05,0.00011944404397345643,0.00010328064916965218,0.0001261653153322006,0.0001935685218908593,0.0001460498907884373,0.00017083017402899067,0.0002083025337969273,0.000209907438850103,0.00028177166985273166,0.0004116270841972369
0.0003477775183904604,0.0003638991805731364,0.00036112434756477123,0.0002942636862877124,0.00019804783808673925,0.00029249210935752536,0.00024660768398666026,0.0002146660543902592,0.00037078870258828826,0.00019680074067002782,0.0002849847883220363,0.00024160891140541057,0.00035637558109691064,0.00021320280910839995,0.00021964210073277069,0.00020558395671138317,0.0002656451825501654,0.00020157417557713472,0.00019072093935201804,0.00022854990346700649,0.0002247012944994736,0.00018148781726645225,0.00017836504221450825,0.00014614365192099898,0.0001515598687411227,0.00015896602460677093,0.00018325280235796667,0.00015892793646611755,0.00016055739684011475,0.0002646953210346741,0.0001808132630467141,0.00019372455669291224,0.0001805556489910184,0.0001853933017692694,0.00021405309039193473,0.0002590550588307942,0.00021932720115612066,0.00018880434579480549,0.00021094635925691954,0.0002434794162214418,0.0003015915930507611,0.00021788300322246137,0.00028420914597944116,0.0002831675413643085,0.00043172191282671903,0.0003849466739892941,0.0005681131852198134,0.0007543991094442532
0.00033619970501507065,0.0002995145393105903,0.00032672077298601413,0.00040912106456729414,0.0003262633229212544,0.00031767014511883274,0.0005074993283980503,0.0002667624552169432,0.00021402782827903842,0.0004325402636890003,0.0005461785059898953,0.00038795894988686,0.00024261260932640212,0.00023022621583030533,0.00029799194628229265,0.00018349036231296462,0.00022953122268353082,0.00019620428956700105,0.00022686490604328046,0.0002459246387491623,0.0002478652837537474,0.00017129263868084579,0.00017630871101614556,0.0003327990019840616,0.00021366921041404534,0.0001726140534509594,0.00021012419729888918,0.0001967840356013903,0.00018867316622889427,0.00016630368355016227,0.00018082995162442168,0.00022240971488533332,0.0002286939405103558,0.0002639359241500455,0.0002208336612733151,0.0002264461671760091,0.00023842897962451925,0.00023502434338536614,0.0002265306476436914,0.00026430896343542746,0.0002476905656174558,0.0002933797712351136,0.0003185762123597836,0.0003283515031598598,0.00035171146082549993,0.0004887818360608428,0.0006024160701921787,0.0008537219189215637
0.00031176902763373974,0.0003786646174900934,0.0003927262476674104,0.000275261627482802,0.00041053535761311887,0.00029207092026564316,0.00025965395565036737,0.0002218394663888256,0.00020705239664659604,0.00025059726781039124,0.0002433255207811664,0.00033176008038145665,0.00030513979460849094,0.00028968582116557404,0.0001830961684143714,0.00021071693725490583,0.00018212243189407237,0.00019035332146490533,0.00020469572666630706,0.00019581977872933548,0.00019506791786775855,0.0002293076769829155,0.00023550409330697032,0.0002470087950182306,0.00016145549735115363,0.00015374278112273865,0.00019270013939141895,0.00015131527296125466,0.0001797254871606992,0.00017558310772780114,0.00019807061224735452,0.0002352094482119407,0.0001969144898585194,0.00021913175584013995,0.00022210388633025295,0.00017608609209043773,0.0002973781191512461,0.00027863861924927783,0.0002242677494076327,0.0002970660581549702,0.0002471873423093238,0.0002606050635953582,0.000437937905157082,0.0003304802416403659,0.0003521602039941015,0.000549088548527269,0.0005543260266904286,0.0009395575195000268
0.00025665149792315696,0.00024920126927970227,0.0002042513179087103,0.00025439847835833626,0.00023576587561489255,0.00019357550595067237,0.00021568374866821248,0.0001734830396768171,0.00027417959480784495,0.0001781130135949163,0.0001734041744889294,0.0001734711994369363,0.00014940289371124716,0.00017956038295970761,0.00024048095180090993,0.00018628361516473044,0.00019772995397504496,0.00028056994851932205,0.00016888012060917463,0.0001576168727683254,0.00017704088473178385,0.00022695139477373858,0.00014729566681342325,0.00013157524052994157,0.00018788512169226032,0.00013682534664898868,0.00015219921253851023,0.00016280607692097107,0.0001495011735984935,0.00013721007037997683,0.00016164012657320434,0.00020550076270125587,0.00022211338373656937,0.00015915362990045267,0.0002153247568712766,0.00016698863452368093,0.00017274147301161598,0.00017931492222230213,0.00017322881132867939,0.00023150235139651293,0.00022688076486749572,0.00021404092909564,0.0002229882015175351,0.0002993885914379736,0.0002951918111866507,0.0004023936297390757,0.0007467200969871445,0.0008184594110410374
0.00013937902779514235,0.00016681659489573404,0.00018633905810416944,0.0001438693784000566,0.00021230121065070223,0.00022574827957552956,0.0001554730868628239,0.0001749360020230761,0.0001273888556712977,0.00022853476251846527,0.00012580134418404065,0.00015726257816339102,0.00014583325238592607,0.00012330158370980066,0.00012154733077280561,0.0001299376670546496,0.00010883948731502245,0.000114728661808551,0.00014772459996998532,0.00016710860718821942,0.00013528516253231377,0.0001981162298936815,8.035995679939585e-05,9.813024557259504e-05,0.00011264073326678322,0.00010031080441235474,8.787941741095947e-05,0.00013335376197425033,7.834938938783337e-05,8.445631060726656e-05,9.345800923243824e-05,0.00011840786768071167,0.00011389928444694922,0.00011016450552653032,7.783352515077706e-05,0.00011428968693299946,0.00010278324081283126,9.105374733776308e-05,0.00011879992914991808,0.00010332214650671747,0.0001269878502187642,0.00019267908028997065,0.00014520193739270357,0.00016967502642399487,0.00020863722598290179,0.00021032022170648114,0.0002807346927749496,0.0004102953764210369
0.0003091935539703314,0.00034121187119611797,0.0003796173920462818,0.00031965667065960785,0.0001980132732094957,0.00031967200223516427,0.00024618563342842565,0.00021169885099710754,0.0003641346761033758,0.0001958359047627928,0.00029643907462009706,0.00024887726494729554,0.0003631578001248738,0.00020606638754027862,0.00021303633890051114,0.0002005908201448846,0.0002699163645281099,0.00019966550998802194,0.00018589050028357083,0.0002298370094379448,0.00023176820114655927,0.00018080234162076836,0.0001807042831163286,0.00014416024580101255,0.0001537821728704631,0.00015830769599006788,0.00018131860753292628,0.00015858927227787865,0.0001596893837546493,0.00026889449386957186,0.00018258192155017126,0.0001937913438260105,0.00018086934733455864,0.000185063705817524,0.00021408714480692474,0.0002619421578681244,0.00021852571174436455,0.0001882089445042825,0.00021355636251604043,0.00024335959788541193,0.0003018966868192627,0.00021800734548215356,0.00028504754858004155,0.000283679923053938,0.00042954605628868286,0.0003854458058541619,0.000572501697808674,0.0007540915004332811
0.0003308114421360177,0.0002971086349662226,0.00032987139835560217,0.00038657519591943124,0.00037013998589348416,0.0003443411432168374,0.0005162525704360421,0.00027549187564453973,0.00021244929430395932,0.00042037559435470587,0.0005314115949904266,0.0003781051716130446,0.00026751054884860485,0.00023606936079274544,0.00029637976785202067,0.00018702467052704805,0.00022386174349968947,0.00019587732830710018,0.0002239224564433933,0.00024959366301227545,0.0002457312391159901,0.00017314819339768939,0.00017548381181797213,0.00033051029655215025,0.00021192012022155636,0.00017117069036681477,0.0002098484102179742,0.00019636499040155843,0.00018878383251411834,0.00016699127061518742,0.0001810883632862971,0.00022244312729124532,0.00022841662099826418,0.0002643055836146394,0.0002208390669509513,0.00022660620967294293,0.00023829469992025886,0.00023469109591841555,0.00022630499440050173,0.0002639662664137275,0.00024702330549027215,0.00029273672198145047,0.0003187619771800672,0.00032788378751287084,0.00035222783814822366,0.0004885649623314814,0.0006046590446932724,0.0008582880772032936
0.0006955022874537117,0.00032248417924834257,0.0003243856845187603,0.00036524487045208116,0.00031555463525110124,0.00033529472061559766,0.00036656348566540094,0.00027862860482111117,0.00031093192551726094,0.00022444327875110846,0.00021637326232839453,0.00023501605525869888,0.00029152993187282853,0.0003035386207269388,0.00024452223288892955,0.0002566004436410186,0.0002204702884379083,0.00020483874667117115,0.0003312581869835993,0.0002122203930310428,0.00017093673907056414,0.00016981368931645976,0.00021186782261467004,0.00023673883190232766,0.0002035391553463511,0.00032474561563324456,0.0001689609796762178,0.00026824816636798824,0.0001824103858277471,0.0002946839502159936,0.00024781769230364443,0.00025630253720510383,0.0002062055634959051,0.0002103263108197726,0.00020678072131663166,0.00022999494114025735,0.0002508103818576312,0.00022166819593291907,0.0002501954185769398,0.00029204097574280885,0.00033943562172338346,0.00029926066350094655,0.00030104355184405393,0.00036798778818992306,0.00039656351059767715,0.0004809715351281734,0.0008043073055760494,0.0009974437730123939
0.0005574728156533395,0.0002832491156029885,0.0003127124187251623,0.00047233330912258004,0.0003001196782622073,0.00024277213173771347,0.00029038324380492337,0.00034886749554718596,0.00023464488266843937,0.0003080090185348468,0.0002842331893314228,0.0002377994264297161,0.00021160254236502333,0.0002089636571467202,0.0003792087746462988,0.00026367741744013614,0.00030250412769944584,0.0002573663956320335,0.00020761367648641774,0.00028133234858994746,0.00026243798172155265,0.0002907214512253875,0.0002898113886636164,0.00023337401798088797,0.00020600869197784388,0.0002909960238385835,0.00021608468594788623,0.00028143545034543354,0.00021427773728227462,0.00022073260119858455,0.0002518503980128975,0.00025265112602783607,0.0002796692723632473,0.00021265962533751321,0.00021717539856351878,0.00024022513463647872,0.00021536602908900625,0.00022430933907379382,0.00025834751965930525,0.0002451160922476066,0.0002296237144322919,0.00028899735582424527,0.00033149674292326937,0.00034997873924611894,0.00040849361533123893,0.00045240308637081457,0.0006583379219114315,0.0010260862166787369
0.0003930312105520204,0.0003893690622320296,0.0003197220648296609,0.0003613660438557625,0.0003195515559790195,0.0003085856214407563,0.00019017474106078607,0.0003137947691855381,0.00022240907443998637,0.00021463234304815417,0.00028327042648223545,0.00021472960824446118,0.0002745341378707023,0.00022718493100487742,0.00022236988258260976,0.0003092927914223832,0.00023535945300130585,0.0002857707328718525,0.0002567443011261421,0.0003228069499059928,0.00024427083587612135,0.00022510066430637702,0.0002271522917736268,0.00026766380332382734,0.00024478150548083147,0.0002248660505512566,0.0001763718932527343,0.00021151922114539848,0.00019477739105305174,0.00019454254199097298,0.00018714974205223686,0.00022847657302661653,0.0002492558568655096,0.0002476198806077764,0.0002495482197869484,0.0002470712135510522,0.00019099694243253574,0.00020614380654382158,0.00020783782885366923,0.0002300186823106383,0.0002731997229665197,0.00029398269689257726,0.0002891948191668737,0.0002976219474370145,0.0003654803577275508,0.000485289608835891,0.0005467218416931294,0.000957213784888268
0.00025442692437122077,0.00021948870267903293,0.00017585158112352233,0.00017387113059898175,0.0002177620496744339,0.00016181069470867936,0.00016231555241806537,0.00020871461965219173,0.00016775735499967792,0.00014527198378325393,0.00013824253604490883,0.0001315317423629028,0.00014390357089336553,0.0001649659441022602,0.00014148574691985038,0.00014930972569916914,0.00012694099598534636,0.00016042385731408247,0.0001604751527362507,0.00021058796622905286,0.0001761028168139477,0.0001180975028518597,0.00015357969012098826,0.00013727639022091193,0.00018161856856563257,0.00014792463962711252,0.0001939948239895454,0.00011794630647486466,0.00011219603653373393,0.0001278788379303082,0.00021432028076656765,0.0001306214389778775,0.000119271815464193,0.00011977798122067161,0.00016091951638348644,0.00011471574997656544,0.000163744212787463,0.0001300966169689426,0.0001433309411870996,0.0001709942406253364,0.00017779095606838125,0.00017095267401805967,0.0002047650512817746,0.00034741015404524464,0.00028534456122944533,0.0003279903369313003,0.0004249551810720698,0.0007210425008618208
0.0006614104684611016,0.0004919024553046664,0.0005972793540155986,0.0004200736593403598,0.00047856476987154505,0.00042325167596086034,0.0003523908062956708,0.00043454771955525346,0.00038178845195486794,0.00038611671117037475,0.00034863975145015675,0.0005198675591637374,0.0003706562723066488,0.0004943130739337387,0.00030945086229325526,0.00034011037838007057,0.00045437686116842595,0.00043447812913050254,0.00027040974101841443,0.00030379660632677953,0.0003804935841686027,0.00035539622773772544,0.00027845624341727105,0.00032315984972950643,0.0002759643711690158,0.0003324057027709815,0.00030382239950479104,0.00035916039823739816,0.0003783041034550963,0.00026317917918139075,0.00028467590058309564,0.0003249889895457671,0.00032689993638318314,0.0003468032884383216,0.0003160726465878966,0.0003034742399178138,0.0003862267513573566,0.0003747603406862144,0.00029704390122659886,0.0003246383340729079,0.00040781033318336153,0.00041663522345958124,0.000423664224490743,0.0007296063968103955,0.0005070187976583802,0.000589744769947275,0.0008645487856001024,0.0011338594232553699
0.0006319896710469861,0.00030696325940883685,0.0003173388707637685,0.00030367322903895904,0.0003067500090078439,0.0003532081869084604,0.00033364757890040706,0.00028247918665312257,0.00032709060920330216,0.00022892403737037807,0.0002204377487387932,0.00022009147554440545,0.00030929051910216565,0.00028785736882067504,0.0002531067446047884,0.00025632660548368513,0.000218756110029084,0.00020618474251516065,0.0003399614027670878,0.00021451321634016556,0.00016459278778324665,0.00016879599305034965,0.00020714361196738306,0.00024325081505277777,0.00020098030193731984,0.0003307782428691396,0.00016946791995800614,0.000261753641524524,0.00018260811195284666,0.00028685102606164494,0.00024184463332275696,0.00025903538506215416,0.00020270166050910825,0.00021220710748672436,0.00020764208567787177,0.0002320416970189608,0.0002512855284779566,0.00022232974092607435,0.0002513764632532186,0.0002840237688980221,0.00033955384806101115,0.00030689888392296195,0.00030043351987345203,0.0003787337495795278,0.00041041362291722864,0.0004722489199780415,0.0007654921828998153,0.0009946528142913485
0.0005414913420393645,0.000272789785928,0.0003205574150046143,0.000415769759636102,0.0003481737445118295,0.0002462351787620554,0.0003188792394526256,0.00035535335211059896,0.00025082924472915203,0.0003226429703859181,0.0002984421698307757,0.00023105608135517373,0.00021035387559773343,0.0002102971110226919,0.00033024386248522243,0.0002702760247586626,0.00029953141105262506,0.00024183023110954514,0.00020841184330274695,0.00026664103611055126,0.00026266243920460057,0.000257574756276969,0.0002855036988336455,0.00023317919984584446,0.0001985041250557602,0.0002802368695422995,0.00021031018063030792,0.0002736995892887184,0.00022419818881116234,0.00025539367232960423,0.00024323372495099803,0.00023760171345589242,0.00026529789183605504,0.00020972860563250073,0.00021476752359243543,0.00022981237490305657,0.00021639058698443893,0.0002208097156426245,0.00024904690652910406,0.00024749564096402364,0.00023042894952893277,0.00028709657480802814,0.0003323752861462922,0.00034665590822755167,0.00039216868358231286,0.0004487285385986284,0.000657503119381766,0.0010098982911356373
0.00041485484470009566,0.00038873709726727307,0.00036299384536721014,0.0003730626844006579,0.0002994337972437173,0.0003333314144633784,0.0001881578292818744,0.0003137129517599369,0.00023495844186680097,0.00021886734648019767,0.00027760523402312016,0.00021675984203107777,0.0002780379218487879,0.00023429688360775277,0.00022082704197133704,0.00031247113710857095,0.00023488028549742266,0.00028452561868821637,0.00025417550957158093,0.00031127997152301267,0.0002648253298462259,0.00022562351333318037,0.00022613925802642608,0.0002665030373141368,0.00025057476809438984,0.00021592828334436964,0.00017893355035054212,0.00020993615896412653,0.00019451183810786986,0.00018584350026500018,0.00018647288486935623,0.000235403697307003,0.00025402684280716664,0.0002425408242289943,0.00024372812978986955,0.0002483708104605395,0.00018734593535004484,0.0002057098336331978,0.00020716757301210032,0.00023248592144048513,0.0002740599150612235,0.0002990025426669572,0.00028780278652428763,0.00030219050038934544,0.00037046901434881874,0.0004921848335782985,0.0005531206769468403,0.0009529309314127345
0.00022957934624600273,0.00021743913534107875,0.00018542570655560734,0.0001873885260589447,0.00023150981794315157,0.00016597521589962309,0.000170797145334094,0.0002087593052136184,0.00016520007307081118,0.00015406375292481515,0.00014472483798704514,0.00013017698204683184,0.00014848248026015743,0.00016284954606798105,0.00014554486032863234,0.0001447975322341964,0.0001255549556593363,0.00015913116640409308,0.00015937402162776457,0.00021784022278740844,0.00016965424189848474,0.00011819514448417617,0.00015043849272890417,0.0001422667240030072,0.00017612007068060806,0.00014901856203929548,0.00018708215949680027,0.00011830378459207249,0.00011244965591745893,0.00012906827953061342,0.00021664599393392812,0.00012868315009140584,0.00011942311502964736,0.00011981134920074239,0.00015965058873796225,0.00011510375290302153,0.00016375952501521091,0.00012979477072043243,0.00014382238028962693,0.0001716797961431058,0.00017643280597422206,0.00017109064438842436,0.00020469078589320318,0.0003472520033208603,0.00028471979098025494,0.0003279702681243345,0.00042382639295529025,0.000722528848841762
0.0006212114026144156,0.000516590797309756,0.0005899742594823555,0.00040643600791858146,0.0004499203481844693,0.00045252722942949194,0.00035492749997938303,0.0004166698685080237,0.00043083911777178324,0.0003693669167108395,0.0003700131391884251,0.0004827810544348943,0.0003607723278313882,0.0004692737914945386,0.00031118747664115335,0.00033422744806627547,0.0004611671161054024,0.00043363489520911914,0.00027147930726968006,0.0003171763235949518,0.000402983509756071,0.0003498666721608121,0.00027397343322962183,0.0003133142778263647,0.00026857384582305567,0.0003333867550241864,0.00029347842423812034,0.00036067303266433943,0.0003749296212859204,0.0002623945171184255,0.0002868351271686057,0.00032391176983062494,0.0003264613244270248,0.00034652156143981675,0.0003175730219622317,0.00030476338353839337,0.0003858222620036925,0.0003760642832223237,0.0002963751810017191,0.00032396881608000826,0.00040626752636076143,0.0004160889318394298,0.00042207638652140995,0.0007295457736538357,0.0005093768543761976,0.0005881502388190708,0.0008678377993470119,0.00113538402076844
0.00022644315426789162,0.0002257876790703165,0.00021956170276717674,0.00020529416821604137,0.00020288659058139333,0.00022396531910752408,0.00024322623452494428,0.00022457378189160682,0.0002302923623142862,0.00020816884508130924,0.00020259238420253928,0.0001846218402345632,0.0002683187903575852,0.00015117439040955,0.00015851499903666495,0.00016393059716936621,0.00017021442501185852,0.00019320048886667997,0.000191867557845269,0.00017365327770707125,0.00014444349190423757,0.00013478804400846202,0.00014672739825050354,0.00017901466068275703,0.0001593791879800464,0.00012730149685249016,0.00012720746890052236,0.00015061011184139218,0.0001789960150579027,0.00015381591437470336,0.0001396071739603268,0.0001600798740890198,0.00017535624213211326,0.00014838226785104006,0.00017987633281400602,0.0002209587753028878,0.00015628383259817902,0.00015226596123053018,0.0002025624542374896,0.0002450430347832566,0.00021642651539820283,0.00021229864715333573,0.00021661049353469014,0.0002808951728304138,0.00027201207342112316,0.00038257010878394224,0.0005549237925797152,0.0006261528164702078
0.0003086154293071113,0.0003582279448658356,0.00025949564015820395,0.00042456792484783,0.0003916784864234791,0.0002645935256542109,0.0004487094079906905,0.0002566481934417509,0.0003172215103435297,0.0002144647102989077,0.0002152700292224903,0.00025063236339532624,0.00022352334413976402,0.0001865117287631951,0.00023475769069167767,0.00022174894283765568,0.00020045642962216007,0.00027471094773802576,0.000203039066423524,0.0002141012738319443,0.00021198771009557955,0.0002582848837149393,0.0002472485391862035,0.0001700864586552196,0.00019357139336778016,0.00017655329143524231,0.00018313537975450295,0.00017716347371889697,0.00021772631143646387,0.00018136046492278087,0.00018591505410168498,0.00018008717126330866,0.00017346506794749478,0.0002090201603818145,0.000246609734946189,0.00016541054196245436,0.00016904635799650465,0.00022347181432982643,0.00017156082448424196,0.0002548347397239846,0.00021319661876711426,0.000220609952981639,0.00024569626787883066,0.00029386935996910947,0.0003231105632150017,0.0005649543030570721,0.0005732551403414464,0.0007493767480751295
0.0004066304717023609,0.0004594773320952871,0.00042644076651189014,0.0002581242550715713,0.00024528996767593324,0.0003088705452776199,0.000308646836735368,0.0002195186182662083,0.00026642335677231043,0.00023558735997714655,0.00031372660336484096,0.00029027467076201107,0.0002973060744929152,0.00022307058070213722,0.00024595413917841337,0.0003425486911383852,0.00020034643156644828,0.00023511011073090016,0.0002363064486831659,0.00027454040053257584,0.00026403302901712133,0.00021002770039493644,0.00023527791524573293,0.00018551838947745628,0.00020658145349103626,0.00020586592668992026,0.00019462786868969736,0.0001654237648437564,0.0002807045359773961,0.00019588897400035616,0.00021331780715422508,0.00025047390484647663,0.0002332824681850626,0.00022792973185513436,0.00022654637370768746,0.0002255098606933619,0.00023231695157775983,0.0003196035142040154,0.00023525494087330026,0.00029179421298906205,0.00023443409041183847,0.0002703719528028179,0.0002766760747078483,0.00033286338402247834,0.0004658185966896843,0.00044889459942603445,0.0006392591360020197,0.0012786386504072785
0.0003950272187834272,0.0003332998167864662,0.0004420567703202419,0.0002506731241740304,0.0003743612538591866,0.00027912823283554844,0.0004121006581532181,0.00029227202413251066,0.0002901966176072563,0.0004508799590897208,0.0002506864821690413,0.00027318554683118944,0.00031058752437613954,0.00022143358776343863,0.0002896776509603996,0.0003269227019185167,0.000318498396038769,0.00022423118398824521,0.00026754839951426536,0.0003119605194620696,0.0002049279405701953,0.00023039776845410829,0.00022732746002509236,0.0002740686267226085,0.000188802136461411,0.00018691922650064172,0.0003363605877907556,0.0002552400591087855,0.00022589998302556232,0.0002598308617721919,0.0002157613387860199,0.00028266964966096287,0.0002707030756503304,0.0002718802186677076,0.00020560564790554064,0.00023595355712937167,0.0002505674389991483,0.00025573070337446216,0.00026088882932178933,0.0003075668951430189,0.0004314669701707217,0.0002919111572025494,0.00032239585139578775,0.0004610333823470591,0.0004885069107141464,0.0006114229560265363,0.0006904734628360902,0.0009451037881771014
0.000252409680119541,0.00020295260142296588,0.00023213964076754996,0.00022555618671366283,0.00019095401188991162,0.00024057058391620603,0.00019593704524337052,0.00016775556220642257,0.0001849594285659326,0.00019022459630632505,0.00020439952948679124,0.00031769067130989437,0.00022683354796626144,0.00018869449877689348,0.0001700121641236303,0.00015026082494496001,0.00022190491791935596,0.00018809958596792563,0.00019369951323796268,0.00015803253436308582,0.0002532719521236747,0.00017612627966443538,0.00016084475173799113,0.00018609841718978962,0.0001582654796016469,0.00016977973181438844,0.00013423461120399202,0.00016541622240483691,0.00016245284177616702,0.0001520358350160557,0.00013118412227786783,0.00013317750418174695,0.00017256005519537292,0.00015814621868013212,0.00020404876818147166,0.00021458253912946327,0.00015798709116241825,0.0001385023532454445,0.0002231141274373656,0.00016184097214784287,0.00018754218498149316,0.00021256409021157204,0.00019501262791252384,0.0002468925749093175,0.0002873349013207599,0.00032194879001022457,0.00039722337037741926,0.0006996946183133966
0.00026423818362765304,0.00023580573316112373,0.00023671686031748575,0.0001706006449707253,0.00024555287822652423,0.00021553047850090724,0.00023910335926242838,0.0002472585296069387,0.0002364260732564254,0.00023463181176091688,0.00019981873876747777,0.00018478531217149737,0.00026980506576654886,0.00015202228338561112,0.00015520285595402097,0.00016000883838119826,0.00016696747593655085,0.00019330088062591007,0.00018426660188115257,0.00016741294186610415,0.00014891668971280845,0.00013642225142373473,0.00014611587474879536,0.00017654387803249475,0.00015987377024991584,0.0001235886240270895,0.00012947750026764222,0.00014762458678943975,0.00018098523484495041,0.00015506583043693056,0.0001404686113647544,0.00016002734868054148,0.0001749476379761456,0.0001500765594406869,0.00017552161682146501,0.00022212081526652404,0.00015615624334941694,0.0001523662665999055,0.0002034988478002851,0.0002473007338860846,0.000221383148526903,0.00021192196434667037,0.00021579086290218056,0.00028106767435065374,0.00027158481994317944,0.0003823481105443044,0.0005553019051889578,0.000624242306860768
0.00033953104063990064,0.00043336815174617265,0.0002792692737383675,0.0004990884661182516,0.000324675581783903,0.00024228064262388926,0.00045469754950210945,0.00027265239058783835,0.0002777155159642896,0.00019889449826297124,0.0002082630303739378,0.00026783528871744965,0.00021482839762490525,0.00017005244470968148,0.00023967346613535314,0.00023078364734389504,0.0002028988562928707,0.00025344899932988824,0.00019591051460236022,0.00020687635223883637,0.000233674446459399,0.000266865148161409,0.00025769407808013816,0.0001745753791999067,0.0001875253961222097,0.00017524806521587548,0.0001788186520923593,0.00017969535049972991,0.00021213124719288143,0.00017992392719183323,0.00018460127159280706,0.00017699144282131365,0.00016981008842319967,0.0002159948206387934,0.00025033117009771365,0.0001628129728280489,0.00016485582712292003,0.0002287792597364297,0.00017130270914587898,0.00025650093487925447,0.000216058025762938,0.0002181160543309151,0.0002437090813765667,0.0002863534294347711,0.0003172424668342607,0.0005836549597666073,0.0005636415892328018,0.0007721177333923267
0.00046316292340440175,0.00055094430175754,0.0003923605376037398,0.0002650217234792841,0.00025918444849784854,0.00032411490574399274,0.00032620586429226404,0.0002649887854868603,0.0002671421634944998,0.00021915752178322003,0.00029994901603871163,0.00029747116365651314,0.00029763939042821866,0.0002212186822144747,0.00024338551017747927,0.0003438310149102018,0.0002012542813683537,0.00023701297212787767,0.0002401655011694224,0.00027196052947597247,0.0002684724062430705,0.00020764294547681098,0.00023468201930638182,0.00018957736238673823,0.00021091598158020494,0.00020902450448708276,0.00019524466970932154,0.0001664340898987104,0.00028403175458259884,0.00019754761416561857,0.00021139981433192906,0.00025271575456130746,0.0002361421366566543,0.0002306713434439016,0.00022790159736511695,0.00022582441508551054,0.0002322803646371645,0.0003231320251381777,0.0002332493844404125,0.00029512079845937425,0.00023420864567992114,0.00027064744654398815,0.00027483995166807315,0.00033486990893613606,0.00046188631020037553,0.00044812223478756777,0.0006524127951676212,0.0012514384547917528
0.0003561040402352764,0.0004101142058515242,0.00040569371393239713,0.000255786848462617,0.0004166708858775334,0.0002810342906022314,0.0004175433469734066,0.0003005572101115851,0.0002730476125782567,0.000453829340442922,0.00027485063363740935,0.00025909225290656715,0.0002844895232942853,0.00023246538695164087,0.0002933656828544053,0.00032650904331854314,0.00027757242402562886,0.00022085647337750737,0.00024070401972058314,0.0003033228493355723,0.00021401945179604293,0.0002303095061408583,0.00021993473904493224,0.0002893167667289644,0.000189302942374338,0.00018790690275106642,0.0003318673664383176,0.00026720752390463944,0.00021973990089983934,0.00026163698133621854,0.00021753218405555283,0.000286385477758717,0.00026970989829601356,0.00027039149922820357,0.0002043396470930334,0.0002371813115243219,0.00024941319642103783,0.00025702166477765606,0.0002620539691159521,0.0003064147757373642,0.0004320916317015392,0.00028895054054665394,0.0003223527790617423,0.0004611901469742819,0.00048807408845914107,0.0006127066650377239,0.0006998747064697677,0.0009625005829076549
0.00022845519308738426,0.00025351033647065747,0.00021885070510209572,0.00022906966665792004,0.0001854152234027794,0.0002301322269241586,0.00021564293478719906,0.0001660875898403329,0.0001805011340919856,0.0002074926230549889,0.000216439204728453,0.0003231532086366679,0.0002284132103102537,0.00019529647319985137,0.000172798399251094,0.00014617515292418204,0.0002228236900866838,0.0001953132918734438,0.0001954103864148449,0.0001556378329512921,0.00025500874694828234,0.00017386155966377424,0.00016001329960808834,0.00018817029544032743,0.00015629296748088971,0.00017080393446805328,0.00013449735707177845,0.00016414447982454646,0.00016004373696368592,0.00015174660640247375,0.0001318648345812161,0.00013088803756202606,0.00017443543900345576,0.00016156822995921574,0.00020463965299140891,0.00021703934988628008,0.0001606501872609489,0.00013898639479946633,0.0002257767193295914,0.00016055707384943143,0.00018948976884028748,0.00021434630670666825,0.00019577949463658783,0.0002500888172637132,0.00028293769317144275,0.00032517775169687283,0.0004000167500183557,0.000717944821697902
0.00032971756813721846,0.0004058028870262091,0.00024281274461157614,0.00035663771237966246,0.00037887405141948333,0.0003045863212227738,0.0002896735450878865,0.00028899494738850005,0.0003743150207792004,0.00021121199993849848,0.00028924012853852576,0.0002186025932040566,0.000270311489725315,0.0002129179874635468,0.000301358446773155,0.0002682509973259033,0.00019214572351561717,0.0002156342697096096,0.00020597203945560001,0.00019893987928708008,0.00021000796138568142,0.00023510812191429822,0.0002443307720826803,0.00019500519210024383,0.0001686821795039832,0.00020529818723773966,0.00017579616418550068,0.00020432538763914164,0.0001695499348002487,0.0001906560082082577,0.00016898638452007803,0.00019159080924836352,0.0002812532053607785,0.00016589605660464343,0.00019885855630921237,0.00020086405806086285,0.00020359006457759207,0.00021998340137010123,0.0002112676063567348,0.00022794601306643607,0.0002249395659756599,0.0002724512965410957,0.0003654636960365094,0.0003398730045840691,0.0004057241843525433,0.0005082952524763905,0.0005634814194353077,0.0008155265169884651
0.00025606536711191046,0.00028826616228741123,0.0002962667975751362,0.00023386802908698665,0.0002422632821920868,0.00034796274735971855,0.00022860426999765567,0.00029830567228154474,0.0002370541113568057,0.0002215513385786082,0.0002463184248247461,0.00035203020230734864,0.00017614675615953732,0.00024319192513321477,0.0001903735139940887,0.0001860550722549893,0.00019863935331804872,0.00016933250874510907,0.00016477743979443667,0.00015126962690508637,0.00021192111399558994,0.0002726070888737532,0.00018273814545723303,0.00032571587516661585,0.00019899613951964606,0.00017499630012689113,0.00015246747890511063,0.00016328932558196018,0.00017700857204492901,0.00016297135442531888,0.00023687663926712574,0.00016644631847026074,0.0001987358035460639,0.00021544053242179796,0.00027574832418066054,0.00026940268184208195,0.00021691037572281173,0.00016886917922008862,0.00023062064002797835,0.0002927760709237863,0.0002148104509679459,0.0002993243415457156,0.0002985444162588319,0.00043535791043046364,0.00046563970251382224,0.0005217733737020306,0.0005433646748402546,0.0009504409331271488
0.0003806599198358418,0.0005168230223290665,0.0004187727942508315,0.0004419611845018473,0.0005902346390955029,0.0005967009620919214,0.00030437720227665716,0.0002580868816361181,0.0003649947171562708,0.00037344429561773766,0.0002479294150037786,0.00032680551163331135,0.00043032136222827765,0.0002936440886222356,0.0002814056285899697,0.00025492042652999216,0.00031154701672497787,0.00039213433400172345,0.00021978332407597234,0.00035206125414897837,0.00026180898162706515,0.00020205693459489542,0.00024278278178789788,0.00020583513603817627,0.00023472991840623462,0.0004400950069571352,0.00021201709910840378,0.0002606963373938647,0.00024821155427382516,0.00023116382830322088,0.00019432493707008858,0.00022888145457985497,0.0002824228726033956,0.00022176450916057376,0.0002524070593032231,0.0003154217522280819,0.00038631178532866795,0.0002942597462212893,0.00032397626551341634,0.00037966417375955936,0.000255011327334419,0.00030360385239757977,0.00036347098010564824,0.0005212192729789724,0.00053197461927568,0.0005475800626773885,0.0008438489467482108,0.0010077151715351862
0.0003778716005748646,0.00029109738074477206,0.0003767689332769635,0.0003913450187685297,0.000342110675643697,0.0003785013114559573,0.0003074867691301525,0.0002632863174017565,0.00028837346713498973,0.00029184923518288836,0.00027093562760552146,0.0003931247186094979,0.0002986651314613994,0.0003700638017996179,0.00024474037004224746,0.00031542166026004784,0.00028033512185770247,0.00034520309248276345,0.00031044534924105796,0.00022283896911480492,0.00037421921130897207,0.00023332987419625347,0.0001928433535776029,0.00037799389480480547,0.00024935381263520165,0.00026888192997610367,0.0003339280015400716,0.00021384817788534655,0.00022314901655300386,0.00020418124600531226,0.00020089258418391184,0.00020832067996623456,0.00022625096436070612,0.00020656206098152436,0.000268316741121089,0.0002260347578327509,0.00024442233274670616,0.00035708276469456754,0.00030531703037774453,0.0002617997412878789,0.0002865918957331381,0.0003023786014319459,0.0003120322604775697,0.0004323490999201119,0.00038271531491039653,0.0005808264538936269,0.0006711044317946834,0.001078424278185885
0.0003825530923444349,0.0003514496648443983,0.00033499822363245157,0.00043605076835082806,0.00031005635196382306,0.0004506504410994547,0.00034342330824377646,0.00030793997495229703,0.00023070667894102087,0.00027370272518640384,0.00024694758358593296,0.0002162680838733974,0.000321154087143574,0.00021878086163828992,0.00024803294039626127,0.0003253381480599883,0.00030037116548450356,0.00027724052172205574,0.00022767460414343626,0.00027800750544218483,0.00034166433856174677,0.0002417877746795296,0.00021758452948846433,0.00038691555785714523,0.0002434767590446021,0.000285659362953477,0.00020788093193257738,0.00033957727289163716,0.00019516244633696565,0.00020318268593856825,0.00025351897901797074,0.00022433271381353543,0.00019682150382858925,0.00025412825172649295,0.0003096673536735877,0.00019404791652877066,0.00023979814597408343,0.00022608263889087077,0.0003566109846145281,0.00025984395208509165,0.0002923605467900956,0.000368060810900247,0.000376149645994738,0.0003958504772183639,0.0004149785148449183,0.0006336629482774579,0.0006786538322207287,0.001096342627819246
0.00031503382135691346,0.0004131561925800322,0.00024530785484211425,0.00032711104543052717,0.0003869929947938977,0.0003073943127592507,0.0002940633371676395,0.0002960275481079387,0.00035266220295007103,0.00021540176769967067,0.00030695395180862394,0.00020298821439944528,0.00025795735387641554,0.00023105862146296127,0.0002994050406505053,0.0002678743927361359,0.00019422865476214607,0.00022492066933620794,0.00020377253390968622,0.0001944822974434395,0.00020844185972562272,0.00023161142233507815,0.00024907876932882874,0.0001958801558137424,0.0001718524680768896,0.00020288148476036772,0.00018349225793293046,0.00019410240427333018,0.00017011533710171086,0.00019489732903741014,0.00017063381433374462,0.00019044919321279432,0.00028247528268575807,0.0001671571567695397,0.00019960448718421236,0.00020129595218172343,0.0001996820955002075,0.00022376530075965547,0.00021242187221876254,0.00022988902835008903,0.00022623700328012035,0.00027302977494913323,0.000365854736894787,0.0003405495565684363,0.0004058760658592836,0.0005099606545136389,0.0005641517694986013,0.0008098268424145056
0.0002562214418300996,0.00030739789084529434,0.0002772945018343477,0.00021481972899922103,0.00025647539562962887,0.0003569384844186246,0.00023591468731377346,0.0003087753782678162,0.00022279625434935892,0.00021802407503431604,0.00022997667361995317,0.0003685924699917264,0.0001789940852508955,0.0002496862823898851,0.0001999848202433932,0.00018518428951262407,0.0002041805072363726,0.00017162126491248868,0.0001664467386351497,0.00016022486633380904,0.00021378028530520102,0.0002788985005089894,0.00018224564743707527,0.0003267683877125198,0.00019184904844163635,0.00018059274276665,0.0001524358255880602,0.00015781754340884658,0.0001795150034441376,0.0001649778537673991,0.00023204563029975028,0.00016402117742946932,0.0002005100861583314,0.00021218035908766156,0.00028364712139094806,0.00026805746849946463,0.00021382939650311264,0.00017034548596939767,0.00022921610284175377,0.00028946965189986535,0.0002133580663296708,0.0003100042743701213,0.0003036141206418112,0.00045314184199781794,0.00045797818794902033,0.0005339605367733723,0.0005219470657064279,0.0009237422270779838
0.0003418667699586227,0.0005923274032151266,0.0004908723435477724,0.00036585002710737047,0.0005229478891204128,0.0005711140255334445,0.00027750379570179624,0.00025054508792336436,0.00041368297480834853,0.00037458448045655065,0.00024775390653551156,0.00034316269432919,0.00043608853317938406,0.0002943451935009009,0.000277934281755102,0.00025635570379730916,0.00030740015612269327,0.0003996390285662264,0.00022035525052918243,0.00034768478482901136,0.00025882665372286315,0.00020046847737890854,0.0002455580760984758,0.00020502704986415543,0.0002377996997970509,0.0004351865528049193,0.00021421017401194735,0.0002608756109010401,0.00025020102662420184,0.00022902730347649169,0.00019643809787175828,0.00022969187887372574,0.00028005219494416203,0.0002246392378246007,0.00024989407227292285,0.00032118865822048677,0.00038703031845940426,0.0002906873003987536,0.00031919104523675914,0.00038158690426119484,0.00025508740408417696,0.0003046329026419419,0.00036794284968586654,0.0005225906941024995,0.0005363511183099251,0.0005592259599959886,0.0008694932220774981,0.0010300455265127336
0.000430888515352999,0.00029811592652789987,0.0004029044230249257,0.00039486310508225856,0.00033890437650252957,0.0003592182594051234,0.00033694569765099444,0.00029444896665006354,0.0002996363326626816,0.00027882403515646536,0.00023105860178657846,0.00039982503775894335,0.00028535980709530964,0.0003754070153218745,0.0002538520278805876,0.0003220675340093528,0.0002810341646283088,0.0003390651715375584,0.0003027142969249273,0.00021824865800863815,0.00037176978053856877,0.0002403216123073903,0.00019155544789914135,0.0003817902660339684,0.00025322520934798544,0.00026839974511074085,0.00033465806310751525,0.00021134661613315072,0.00022487846562122007,0.00020574917672504025,0.00020003184662411135,0.00020662918862582758,0.00022792300554599012,0.00020724201264766864,0.0002671617768922925,0.0002259656248473458,0.00024601581031506557,0.0003594423160702463,0.00030888999987944754,0.0002652113975177756,0.0002896727826416109,0.00029890390676556936,0.0003097186246940451,0.0004262931476277436,0.00038390321942355143,0.0005721097163847562,0.0006880469224924975,0.0010467611546907027
0.00043883955059915053,0.00034575910181647973,0.00033060196535603505,0.0004565076145080997,0.000346788560991976,0.00047064592060240567,0.0003665945056582395,0.0003089061041825249,0.0002321810107876127,0.0002714612325227795,0.0002668483329662847,0.0002279699290941918,0.00034901030803160063,0.0002160120962121853,0.00025626056287479833,0.0003279777562899101,0.0003066713822296565,0.00027388662651453257,0.00022640983662249882,0.0002660489445732884,0.0003475249906946511,0.0002475276987156616,0.00022046911553188258,0.000390943573105537,0.000244519689011448,0.0002873656777269948,0.00020782643020047497,0.000337685921485121,0.00019612436112510998,0.00020029277598727262,0.0002504165880415088,0.00022539696892236277,0.00019621835186634605,0.00025473237177647503,0.0003075484076688201,0.00019430502887802622,0.0002377431016562858,0.0002259716484748607,0.0003590304140835942,0.0002604262433728344,0.00029399912646381227,0.000364935454151512,0.00037328983096239645,0.0003952405504510303,0.00041255529021428186,0.0006271582015608016,0.0006820110869402956,0.0010992092604514613
0.0003500573905037528,0.0002939268687348849,0.00036662886893223376,0.00027875956434700826,0.0003072109794336928,0.00033801954902551733,0.00026834929292744334,0.0004017577437161823,0.0004035598343686806,0.00039853851946043315,0.0004283640631330653,0.0002900522300376472,0.00039356668855907237,0.00037132697440773267,0.00036090190649464124,0.00023761747814911438,0.00025849546022038044,0.0003429003397027912,0.00032485069728438784,0.00022463214646635497,0.00031201903605529473,0.0002673442978938741,0.00041964444513534443,0.0002534396206337402,0.0002038906631201287,0.00026224790646317564,0.00022097260053993147,0.0002961452713280157,0.00023257532067196237,0.0002687634121458163,0.00023533678882951971,0.0002251177965520743,0.00025590183390225617,0.0003264217469066696,0.00032507401204693925,0.0003605690006329819,0.0002987504899856992,0.00023509910940712947,0.0002943183990570679,0.000307874373307642,0.0004614300660094652,0.00035502059532784404,0.00034229302305697687,0.00042117350419011495,0.0005367810542556505,0.0005223598683958365,0.0008776128977822676,0.001271929295928252
0.0008385885618901209,0.00036380905457867165,0.00024281617108558895,0.0002628892669859253,0.00037250485741426796,0.0003679374598053387,0.00033342557901705055,0.0002900493349146554,0.00040625451778632964,0.0002184036546641758,0.0004078874776237949,0.00030998839816249844,0.0002684812197408343,0.00035421899487889287,0.0003130469024835447,0.0001993609997235533,0.000308929581031696,0.0002098521680091392,0.0002197637458170682,0.00019465554302605087,0.0002218340808143924,0.0002554240902913719,0.00021202174987536705,0.0002087526012483812,0.0001740253771955581,0.00021394244769618024,0.0002282057982196045,0.0002543020482162103,0.00021813233983626723,0.00016217009970812758,0.00021416098885049034,0.0001670681599548306,0.00020853259266068975,0.0002676220545675968,0.0002329514853291073,0.00022213009068925135,0.0002452545258259041,0.00032331318018588963,0.00022500628440469696,0.00024696519814820794,0.00032245581875905445,0.00026012370281050247,0.00033553016012273414,0.00032931947258624543,0.00033953118435868897,0.0004287659960960521,0.0005586422321258483,0.001094626659119616
0.0003252186817241945,0.0004630856862219401,0.0004110175083805331,0.0003392813934804072,0.0004052865131437725,0.00030270522047805244,0.00038695475704448586,0.0003812636816843404,0.00030912639426827873,0.00036773566760195495,0.00038071922614958616,0.00024157395872528454,0.0002708885013260251,0.00022268829489375717,0.0002582672719562513,0.0002939501633789996,0.0002456925977611259,0.0003493137111153776,0.00024123067269008405,0.00025149548966270726,0.0003103982074105017,0.0003238667991355452,0.00019207324204641307,0.0002731978028350654,0.00027863007316909224,0.0002682389674385938,0.0002079306473128365,0.00018266184198293236,0.00024292597573377861,0.00019971323379101077,0.00020217769706199477,0.000263254187354099,0.0002334083588918029,0.00026998204179647583,0.00019997250558189176,0.00023815445283908356,0.00022819563078304002,0.00030601773200876454,0.0003592328682333377,0.0002892054131894914,0.0003920467144048363,0.00033833484047061805,0.00031659377604074484,0.0003848864212319134,0.00043493324404003214,0.000486019529072675,0.000706672441598989,0.0009143007764449367
0.0003152394656935651,0.000314522901623676,0.0002303033762961758,0.0002497388800056367,0.0004088291176017869,0.00023729401169229384,0.00024466989306035086,0.000331513574338667,0.00036876357009438834,0.00022453157728798918,0.0002130143995987104,0.00021865278505534086,0.0001769939774306429,0.00026342726915956085,0.0002575571864342972,0.0001837508985748016,0.0001734286360754292,0.00022497799482908018,0.00017042186954406265,0.00019528135739266107,0.00019353231659017332,0.0001492781630786806,0.0002487713317256299,0.0001903621731127158,0.0001529356888269316,0.000174788534380447,0.00017741982493433973,0.0002072183613482092,0.00019142209127744934,0.00021655683829700805,0.00016368332851065897,0.00022553555352572898,0.00018274070529785194,0.00023129379859793486,0.00022908222698204083,0.00017157785028566662,0.0002877014863346798,0.00030130226262649063,0.00024680504334554184,0.0002277938144230564,0.00023561267480972414,0.00028676362696464073,0.00028657109250535554,0.0003109944565721386,0.00035012839473098965,0.0003615016676434537,0.0005331485736428187,0.0009502897143005859
0.0005186498488751112,0.00037111388415672435,0.00029123677116659553,0.00038002705374679137,0.00036577627546470975,0.0003099625331280165,0.0003269498160213861,0.00039374226852353103,0.0004633075436531384,0.00030802318211429526,0.0004978509434468529,0.00042942026647111386,0.00047700007801243353,0.000264371504187864,0.0002264745867202142,0.0002609860540316515,0.00026519418804630954,0.0002854793073069587,0.00020924730203301107,0.0001937321573292545,0.00020838378709597157,0.0002556202511982235,0.0002791904277575568,0.00019004547615609813,0.0002425597087284204,0.0002433076107332681,0.00021349035003195843,0.0001935273986421399,0.0002502340508103536,0.00024876369688478994,0.00019950563080808407,0.00022386687809173545,0.00029246426521813173,0.00021422606883665193,0.00023217349747607405,0.00019970375808569453,0.00021607425117206776,0.00022910003499807688,0.0002781845131907044,0.00032461408338147065,0.00030215813056326204,0.00033209966505518777,0.00041993187945269786,0.00034874139993753536,0.000384867344124901,0.000503110225254322,0.0006441435911888711,0.0011871449014565416
0.0003739744742913605,0.0002887475092789291,0.0003551950426681716,0.0002790397702617554,0.00034779455996674746,0.000305114217310833,0.0002643864446120005,0.0003940643114263082,0.0004131602712359575,0.0003699786811380522,0.0004306758964302131,0.00028609967969024327,0.0004011034975106283,0.00039127236599000823,0.00034606134357276376,0.00023416913437004466,0.0002660127849561561,0.00033038161969235503,0.00031727159950189435,0.0002304155300826192,0.00030387469674486914,0.00026636431654674005,0.0004187524077280391,0.0002559664128515077,0.00020799142255625738,0.0002617550971485106,0.00022308270408970726,0.0002964836347578115,0.0002318537583398718,0.00026543914522045,0.0002365350646692901,0.0002249459778374529,0.00025261733116610085,0.0003295675666235646,0.0003215338754245661,0.0003634897550393047,0.00030000991038615715,0.00023519682099318293,0.00029173778462527223,0.0003055402934305715,0.00046857074881548783,0.0003534566630903437,0.00034377863517812254,0.00042338311224203017,0.0005384125558628924,0.0005260284669868567,0.0008927369445932561,0.0013100250132740267
0.0007755026636880075,0.0003691667963837824,0.00024512295498296864,0.0002528861466077484,0.0003877665138719722,0.00037702131566220173,0.0003443025025478968,0.0002820515619808939,0.00040378775938444466,0.0002152534419501982,0.00039822459557831407,0.0002862898780000777,0.0002668113084718956,0.00033908193104893215,0.00032483866537660465,0.00019233683555912824,0.00030213370391858483,0.00020948861394691766,0.00020780023542920693,0.00019013585037946023,0.00022634251109693524,0.00025124625829282696,0.00020808405299905866,0.000208794907523642,0.00017311728808078433,0.00021188895509950993,0.00023743733010723114,0.0002569109448765779,0.000216902150959287,0.00016322311687174014,0.000211927073615154,0.00016858352971508482,0.0002094865219827391,0.0002685918742425624,0.00023398279639075023,0.0002204429434787592,0.0002453736479959861,0.0003243803266371474,0.00022524821449885265,0.00024848063399687077,0.00032182156996503873,0.00025937029544780655,0.00033672171444016296,0.0003289522365591367,0.0003388705500022712,0.00042991512274248654,0.0005576688278468498,0.0011020415306641409
0.00034038340279153665,0.00040206285278832635,0.0003856188397035477,0.0003372172918543311,0.0004415982310598707,0.00033286378515866457,0.0003773766863133535,0.00034893978414299277,0.00032617204630074796,0.0003416473646221231,0.00036949994902872585,0.00024057333148545587,0.0002657459195166936,0.00021770911667145528,0.00025931538187833145,0.0002967789346147228,0.00024751184776586116,0.0003486191681035964,0.0002349251735040442,0.00025025450119696993,0.0003112195983782321,0.0003263005578669635,0.0001929603328449022,0.00027648773799328417,0.00027675981967108856,0.0002682595915978172,0.0002076756661156435,0.00018221598328800156,0.00024268354758993346,0.0001999854124951744,0.00020210268705467987,0.00026420132469992655,0.0002325655525188113,0.0002705502939945047,0.00020123694291796786,0.00023832298560834886,0.00022716063142903613,0.000307044218569963,0.0003593886004951815,0.0002890386962471232,0.00039234353112093664,0.0003396539290586646,0.0003162680468446519,0.00038475155104018496,0.00043563493248691647,0.0004870460355610219,0.0007095418621350134,0.0009110286068621858
0.00031784081579836095,0.0003552137711142421,0.000236131935734903,0.0002821887185973132,0.00042248180345344174,0.0002238261434824007,0.0002508866389354551,0.0003572477935903032,0.00032977736683715756,0.00022183532752682996,0.00022386715758824233,0.00022265930030781637,0.00018158551746030765,0.00027632325589550843,0.0002636135942680176,0.00019108350393642532,0.0001862613123382015,0.00022131984714036495,0.00016640874416119642,0.0002120845632912282,0.00019327923475628855,0.00014870768554947142,0.00026246925712123705,0.00019511938482496841,0.0001507913007409312,0.0001717140079865588,0.00018074222900875457,0.00020840950410503688,0.00019756847100650042,0.00021380517195375502,0.00016426481463070757,0.0002237938407925522,0.0001848014281047022,0.0002269767367749394,0.00022284252111686345,0.00017439330230998136,0.0002827900648751992,0.00029224293548597374,0.00024967979510674763,0.00023196659960075756,0.000232923797555799,0.0002845207374317553,0.0002808703041310271,0.00030652477210850053,0.0003530466920401792,0.0003600908967256696,0.0005327338696896078,0.0009409478291404632
0.00046317311281704205,0.0003687457396942328,0.00030081336263449815,0.0003659429420540373,0.00035212917382524734,0.000281413480740316,0.00030616643031444805,0.0004033059557034775,0.0004291061850957616,0.0003198063456628748,0.000499381471122953,0.0004454846406122109,0.0004945455645210031,0.0002633046927142087,0.00021724808812845014,0.00025498270162760287,0.0002597844549663823,0.00028961178980160075,0.00020121220017938258,0.00019694525824864062,0.0002047722752108151,0.0002494660624688544,0.00027587287509421885,0.0001882068578458061,0.00023023194374168908,0.00023245181689393433,0.0002096672857457309,0.00019970565364441046,0.0002562948513687658,0.0002453467200738287,0.00019828900074680695,0.00022574853936019505,0.0002961172038560115,0.0002212542743385486,0.00022795266534193074,0.00020208746638403278,0.00021552153347502103,0.00022403788064039682,0.00027584696833610087,0.00031948821961358685,0.0002993200058870985,0.0003295723180020779,0.0004093259934249032,0.0003529485253211221,0.0003824887475315946,0.0005134439810205033,0.0006506497531533921,0.001135033762698464
0.00020013384470726642,0.00028882275714163026,0.0002926480742582168,0.00015664274963020995,0.00020223723003061204,0.00014564046958950999,0.00020664780266754602,0.00016003257934781015,0.0001497273791882655,0.0002922493613332267,0.00017321388163940945,0.0001463838225747954,0.0001481470306046026,0.00017880010297549113,0.00011999627926317913,0.00013664845868721536,0.0001699516468083636,0.00011818506607582804,0.00010842948106475627,0.00012609256990740034,0.0001437678002352959,0.00010608046250822478,0.0001272349904221755,0.00013133723489157554,0.00012742166760340147,0.00013022718357905299,0.00013774799623532505,0.00014293275368351766,0.00011320181486497133,0.00012387803763161845,0.00011877735554321731,0.00011651591980358592,0.00012180987137549449,0.00012812689569938684,0.00010748884796098135,0.00011724111954610951,0.00013037100574542316,0.00011688504111496448,0.00015928852047229167,0.00014768410698067045,0.00015077736979222792,0.00016911668544133534,0.00019058183575727466,0.00019873889679421957,0.00027022666158159944,0.0002838329907354396,0.00032733901333991555,0.0005845025589066234
0.0005457182851123841,0.0006112763590308721,0.00032289539377137083,0.0003256033596939676,0.00037811087129955244,0.0002678413091726644,0.0002582183027179545,0.0002427710301936729,0.00033733756744189615,0.0003833656068411971,0.00020855914260964835,0.0003664938773362888,0.0002898593439772329,0.0003352307940622909,0.00029928526665173345,0.0003319125415200597,0.0002148112161663265,0.00021651551869025134,0.00022274725672378158,0.000274886343853598,0.00021781757699876878,0.00018015296140168338,0.00024032777294701938,0.00020237082883820283,0.0002680474186381675,0.00030937900067864505,0.00017792349372792627,0.0002270272814037785,0.00022405150155501685,0.0002441216870289232,0.0003010847274266006,0.00022046384945799112,0.00024729274916032436,0.00019919883510744754,0.00026978344488771575,0.00028110742630197815,0.00031715238504758655,0.00024063456270644436,0.000302794535533085,0.0003346936859552675,0.00027433077033648816,0.00035057750870559726,0.0003488732393666603,0.00039702781547774956,0.0004476885232377102,0.0005449714900093418,0.000643258811939652,0.0011945328119978506
0.0003187965513185565,0.00044231617917324,0.00039702913349376424,0.0004100488435904285,0.00034535087964473126,0.000334651276007371,0.00021377645755969518,0.0003164154189715001,0.0002458257721485938,0.0002147917682009368,0.0002568328094241324,0.0002540045699622191,0.0001862256636438723,0.00021471754506221366,0.00022335762113270474,0.00021373374972715766,0.000174618386002379,0.00020630474603144946,0.00021956351881824082,0.00019797206715342652,0.00018015122849360983,0.00021447044037348494,0.0001774744985717205,0.00023912535676000535,0.00018074325273086572,0.00024517278197151027,0.00022268401562376553,0.0002566262341457581,0.00025321509471163805,0.00022590398721417752,0.00018586423121823309,0.00015929500879927627,0.00024156636953512662,0.00019529301797478418,0.0002101279912659404,0.00022939483830979385,0.0002012784102249665,0.0002359752082315741,0.00027243983670712673,0.00028172266464529977,0.0003259571964479905,0.0002707688549390644,0.0003531682407068412,0.0004013475718843001,0.0003954762637732188,0.0005931987388249597,0.0006536202421839163,0.0010080218575680526
0.0003493857193706801,0.00029610067404230536,0.00045562035967141706,0.0003529278760736285,0.0002451709106403733,0.00022208834511501565,0.0002490093054512422,0.00020939205020789733,0.0002145776215530717,0.00023683844255080916,0.00034853978728435336,0.00021507241363509548,0.0001974275329618209,0.0002510684401971837,0.0002125847087476282,0.0002583609805328732,0.0003640136369296562,0.00023805247366431962,0.00022428179454541078,0.00020912265828398403,0.0002931418371663171,0.0002605628719380499,0.00027787483101153286,0.0003517601133578434,0.0002255033156398926,0.00020340002122277287,0.00019655390886512818,0.00031768981414625737,0.00023566201179407563,0.00020261459939438414,0.0001948218206750617,0.00021908465853554918,0.000236698269571982,0.0002890697405735755,0.00019549380163305175,0.00027805484304679846,0.00022512426723623227,0.000246725048199161,0.0002550159519471868,0.0002264793977198717,0.0002470450621647268,0.0003288893607318618,0.0003799236529983471,0.0003311172160581921,0.0004054414432421646,0.0005024500546467495,0.0005648334498747632,0.0009827014308495508
0.00044350799462432273,0.00027100655212720145,0.000288472163293362,0.0002545847268182661,0.0003083596447291665,0.0002855749458938337,0.00019578365165495801,0.00018896758105163065,0.00026122640316030433,0.00024562143023919216,0.00015484408513731228,0.0002579559162149031,0.0003628361363792109,0.00020214848134124193,0.00018103959728396531,0.00019939624790345085,0.00018199350053484087,0.00020265367694225105,0.0002850671145535977,0.00014521078733942207,0.0002476994256523432,0.0002736619265635562,0.00015847125404437493,0.00016684552776088607,0.00015951055787375305,0.0002086535980458527,0.0001579404013719765,0.0001813465872589602,0.0002472090396459766,0.0001693596093615785,0.00015252716886298123,0.00017518768853094758,0.0002846317184232042,0.0001718705348554341,0.0001579044831660988,0.00017414319801943261,0.0002237865606980725,0.0001713927780500285,0.00021963016390817022,0.0001744282330158242,0.00020259803009389622,0.00024100000745446316,0.00022237162594453258,0.00023885994396239337,0.0002737897129895823,0.00035284639327837084,0.0005222538940729604,0.0008112178919234784
0.00019274189342553477,0.0002359335247396809,0.00025893526391707804,0.00016996483945353968,0.00021044147927301698,0.00015339149360229552,0.00020607371015800142,0.00016607914670256136,0.000161162438439942,0.00029438118409315194,0.0001726271476921137,0.0001428162385471681,0.00015599596413809296,0.0001768747530855941,0.00011574470639342086,0.00013640545839714593,0.0001702963413837373,0.0001199347255348531,0.00010723585037602236,0.00012447744218272775,0.0001576649616486783,0.00010848333204080047,0.00012853738413030994,0.0001318073498618626,0.0001308555790869365,0.000131475922680823,0.00013982320446584925,0.00014504525676268891,0.00011245230910516314,0.0001241060546751006,0.0001204348585247886,0.00011629692663700392,0.00012100576189810356,0.00012825814611221525,0.00010752227814951714,0.00011608031864947069,0.000128273902790947,0.00011708771015978063,0.00015985574053658367,0.0001481413518717399,0.00015099776104336536,0.0001698492097438464,0.00019006609539567985,0.00019920350091185833,0.00027060159089469,0.00028290447386483507,0.00032683183350746463,0.0005853103489533469
0.0005411775946617877,0.0005023200712527589,0.00036743816764162605,0.0003295598679459326,0.000360738944642831,0.00026992285772636955,0.0002833345045833875,0.00023681654115208806,0.0003644048509522819,0.00036994375848673053,0.00021818736341858375,0.00037041842532483385,0.00029947703376878685,0.00031186485326112627,0.0003032949724683598,0.0003273085488288458,0.00021620560589360815,0.00021530000341851783,0.00022591241784312505,0.00027780805437164694,0.00022061689605629815,0.00018091222934665045,0.00024589310838767954,0.00018580392310507186,0.0002589510864743386,0.0003053647668071452,0.00017299318566292257,0.00022621150022071842,0.00022695740774836913,0.00024479262078170205,0.00029640014919991094,0.00023059512794910636,0.00025461285065765183,0.00021333566636905788,0.00028817941781390593,0.00027844502900011193,0.00031872449249270536,0.00024825892536228014,0.00030300559924569215,0.0003337126219419921,0.0002738200148388985,0.00034788433737485897,0.00035158468951266317,0.0003983962637680044,0.00044730606383424525,0.0005462529198502939,0.0006448609118730339,0.0011992118843042329
0.00032939777875143957,0.0004451996220716678,0.00039482107359588764,0.00041409863403683774,0.00038403577664787705,0.0003250180511852269,0.00020195235722275965,0.00034123030887698414,0.00024130171602432422,0.00021937077294042692,0.0002567463219716218,0.00025347318614457793,0.00018741027692598656,0.00021952400994547573,0.0002215902459881781,0.00021064033088382897,0.00017824294209951201,0.0002157480124300649,0.0002207551950451672,0.0001995917696251761,0.00017870195872902664,0.00021010543058093214,0.00017784176928168835,0.00025249020011503816,0.0001834486982424875,0.00024284159873518972,0.0002184121574883651,0.0002648956138731179,0.00025443334904168117,0.00022491013754909612,0.00018365048414162077,0.00016216920681944114,0.00024080020970703868,0.0001962248724984029,0.0002080410460003078,0.0002277453042273358,0.00020376999269099767,0.0002352626867740573,0.0002701922804770348,0.00028266212127485684,0.00032438829797846335,0.0002714246516517119,0.0003533491393630344,0.0004026600484171868,0.0003953409267934421,0.0005943188378184578,0.0006514603195520586,0.00100123727984127
0.00036681306532418943,0.00026845789515274316,0.00038338606320841674,0.0004660736786227214,0.00023516078637672073,0.00022574021876776282,0.0002466750919365489,0.00021179696584987517,0.00021276029975280685,0.00025036263072821446,0.0003448716307763242,0.0002151702460077051,0.00019867802215512773,0.00025891869638005525,0.0002072968114736212,0.0002630201006457728,0.0003481271812650385,0.00023613386851934889,0.00021764591656472574,0.000205474575435271,0.0003037878112481945,0.0002653283461511922,0.00027747895268454757,0.00035146712776735106,0.00022444969942317502,0.00020420548320162436,0.00019514535121984623,0.0003200387246348102,0.00023631325976576991,0.00020065530451361067,0.00019524044876829142,0.00021839156080680195,0.0002363523999845721,0.0002891581401232295,0.00019509177876405446,0.00027871760494291113,0.00022509397993585874,0.00024727570629444446,0.000254612869376494,0.00022681568454647552,0.00024598212960314284,0.00032854853714464806,0.0003788861533310807,0.0003316000029390028,0.00040406447938706177,0.0005023963746309404,0.0005650645108039188,0.0009977240662183092
0.0003968797132217683,0.0002861663192647002,0.0002887876129778917,0.00024590031850195735,0.0003187492049791047,0.0002973820644609528,0.0002010450299353802,0.00019451246204571816,0.00029299104679190665,0.00019767414167181076,0.00016864779145346,0.00026612809255601957,0.0003816414160024968,0.0002098643540769215,0.00018573188650266388,0.00019841266745398772,0.00018744652803244204,0.00020153305322396278,0.00028442175901160084,0.00014114118509617993,0.000244090505672388,0.00027845811952300817,0.00016979958257505319,0.00016713277524909155,0.00015782943151192077,0.00021141639794258546,0.00015712815864798283,0.0001839056021611996,0.0002447398765177905,0.00017143024668638917,0.0001528061336904673,0.0001751424637904939,0.00028609194827398856,0.00017074442487270464,0.0001583887816880417,0.00017475062651894156,0.0002239530351852689,0.0001715029835756871,0.0002193216806299336,0.00017399169529905024,0.00020216754770013102,0.00024095299914270082,0.00022267718306987033,0.00023904133808491963,0.00027406947133834584,0.00035236799613875256,0.0005213037807160378,0.0008195564716565491
0.00022682396959323339,0.00024337140464108386,0.00025799710184636017,0.00021643048600390147,0.000265914524661853,0.00020595093808954093,0.0002377757630773548,0.00030359220453074915,0.0002069359039813513,0.00024201785254106587,0.00022252417390858167,0.00021385003400980004,0.00017527507418147196,0.00019692918488688197,0.00016918821821948786,0.00030923618166703564,0.0001893054612568648,0.00015754266983306536,0.00025758278654863055,0.00018334480469672405,0.0001932964016921675,0.00015795029386583728,0.00016214901872752,0.00012473387988533964,0.0001578269100216013,0.00016004874266607624,0.00021795926562856715,0.00022544319492102474,0.00014029190002637286,0.00015565960622861014,0.00022376506026425657,0.00019020852021787453,0.0001750741573051147,0.00016306588011341544,0.0001506127434692725,0.0001614592193777917,0.00017076572406754542,0.0001792816605397344,0.00018923212271714022,0.0002044087635967102,0.00020095779777575204,0.0002741981331823448,0.00026692846385995234,0.00026316697350580587,0.00034012541251801176,0.0004348490001181697,0.0004880260540354572,0.0008570642498517212
0.0004270938013614376,0.00045142043471098245,0.0003279132383401992,0.00031688574481491936,0.0002001186223856612,0.00024345034338276166,0.0002074753416188596,0.00019692130170869125,0.00027780630337303727,0.0002888229920737207,0.0002483630766076197,0.00020052499248154147,0.00030926433380126263,0.0003439828031240543,0.00016576954105842768,0.00021572344556164408,0.00018953314733587945,0.00019824882361007724,0.00014977847879483772,0.00018741196213223243,0.00023763286331181913,0.0002359990279391876,0.0002428236090182888,0.00013374518760579237,0.0002127945644365089,0.0002261223814519451,0.00016528185037569345,0.000207757043439116,0.00020631491478298125,0.0002027162527756895,0.0002274643248047685,0.00021656817647348992,0.00022360839207382884,0.0001803927875312322,0.00017209616136930906,0.0003081986906898567,0.00021907859218718264,0.00022203192819301927,0.000199343403860135,0.00022014939707326332,0.0002552014845041152,0.0002979269141886576,0.0003261634143091941,0.00029588616438189566,0.00036878100817193637,0.0004363399691836705,0.0006581986040149663,0.0009328398833435296
0.00045676359673724854,0.00035647696494452564,0.00037784757914288204,0.0004315775822988412,0.00030775364526271584,0.0003208077464021149,0.00036854620055112375,0.00027158684839370857,0.00033776754543485293,0.0005297193210599115,0.0002649163183807112,0.0002842766820481512,0.0002217147073608933,0.00033679834231503696,0.0004905811436228422,0.0002639551078539827,0.0003412056924868983,0.00029215758062741423,0.00029683839986414115,0.0002566858084082557,0.00035333417379026757,0.00021727775831345873,0.0002118688035405892,0.0002691340702778296,0.00032424430576460033,0.00021399255268290853,0.0002630604631928572,0.00023306526936260204,0.000209402344933462,0.00021743165790698039,0.00024765983680083046,0.0002235785828326437,0.00026523899152423863,0.000284987272698323,0.0002638074143823369,0.00022844037231333934,0.0002787958846475827,0.00024632071768057124,0.0002832599381875701,0.0003924511116706886,0.00031608298729191096,0.0003380068786990633,0.00045530158125335244,0.00041028558625251147,0.0004768373013748189,0.00056450919152396,0.0008073139005584032,0.0011373179049617027
0.0003015679698446644,0.00033541713224025425,0.0002517892676640838,0.00023571391358862679,0.00023177386851513997,0.00023024031591058607,0.0002459970417955736,0.00024758571628979775,0.00022150880556204348,0.0002496483439755918,0.0002357885601453065,0.00018176911187877775,0.00021757161840685633,0.00016797496901734343,0.00030028161364179326,0.0002495657119594332,0.0002697710499180021,0.00022986772081732187,0.00020584505315946255,0.0002567655715566137,0.0001584380009278063,0.00017325327648995062,0.00015500288744083033,0.0002683634794357429,0.00022323039277203385,0.000151672184825815,0.00018216348754806485,0.00015127176443571256,0.0002565348942068191,0.00017486633755455828,0.00018705643977472353,0.00018821678683133764,0.00022692900175449126,0.00023829017206296183,0.0001586028239335015,0.0002026879440665399,0.0001809501774182708,0.0002537018563381703,0.00022246178363556613,0.00021415105087386647,0.00023471941685533976,0.000223177678772792,0.00029060724149566647,0.0003792064911285331,0.0003898138689314141,0.0003605626016590235,0.0005459719561828135,0.0008471276525108503
0.00044448759861114397,0.0003976758269076249,0.00045784833853280293,0.0003501181056602376,0.000270185428615528,0.0003206480358764132,0.0002494279299116895,0.00043566461984347217,0.0003055552156888801,0.0003048962841772019,0.00037659353793347277,0.0003996652022623047,0.00024547079466804834,0.0002653415975198064,0.00033766530363611014,0.00022169672384505837,0.0003008541341907622,0.0003178602997417461,0.0002127904782658869,0.00018218376272223795,0.00022724868052343683,0.00018708105487490946,0.0002310527389801427,0.0002786180626761219,0.00023366370510585503,0.00019956910552289915,0.00020063198070951164,0.0002644681134817231,0.0003244924881287426,0.00020281638752860077,0.00017700364714804778,0.00025142808742359293,0.00030068102300465977,0.00023375022281005894,0.00024920534771124864,0.00020322179805126614,0.00021511068016396174,0.0002118209370244234,0.00030772167105301535,0.00031328654086498455,0.00026076568188403945,0.000376087785131611,0.0003061977872483559,0.0003367837102239403,0.00040887795333401544,0.000494714931879604,0.0005498815239219712,0.0010253876875087173
0.0002050282744170944,0.00021709352773990892,0.0002463503844349795,0.00022970916023523725,0.0002860194891360624,0.0002076654700035501,0.00023681297514131303,0.00029113317127400936,0.0002034453520660056,0.00025106479444996497,0.00019334684980174777,0.00021364185517700328,0.0001788351548163626,0.00019604338593718127,0.0001718642069811068,0.0003024364174061757,0.00018911500944413594,0.00015613985760046129,0.0002579098467681054,0.00018391371475553464,0.0001939934858494515,0.00015969327594075135,0.00016082966166024125,0.00012502476100170133,0.00015670628642112727,0.00015868494724718022,0.00021656842799884295,0.000226400028660845,0.0001391238329208585,0.00015480070914081174,0.00021799359853573824,0.00019562106838891168,0.00017650665672558886,0.0001625609099688908,0.00015043431789718057,0.00016183788578318437,0.00017098633259340025,0.00017862131855111136,0.00018857474602415776,0.0002036908451299785,0.00020123598358778158,0.00027216591422582075,0.0002660934292708141,0.0002632550934734627,0.0003404589741192931,0.00043082205327757184,0.00048412241358184577,0.0008597524765951145
0.00045867432066653413,0.0004050577123607312,0.0003342986087760528,0.0003317965404999366,0.00021581522065908191,0.0002362667466124807,0.0001924992476770631,0.0002015297042606767,0.0002856332375038794,0.00028497186291515423,0.00024695670153449895,0.0002046227002832837,0.00030909837290269337,0.00034898135844601413,0.00016419008313675717,0.00022168177316508571,0.00019017448511945872,0.00019302740068307284,0.00015191403753915216,0.0001900334140111371,0.000232121014016655,0.00023265636732747782,0.0002424912717021387,0.00013351747441869236,0.00021594030301550298,0.00022558396452545154,0.00016813310839332638,0.0002123241646574889,0.00020696173367667792,0.00019997669991660323,0.0002275542747175823,0.00022011484071364498,0.00022221133584234785,0.00018208124803922906,0.00017038845176910316,0.00030439316323230736,0.00022085844677666847,0.0002261200401470141,0.0001957201847683517,0.00022036922692279202,0.0002534919501171525,0.0003042670384001136,0.0003310762479213514,0.00029905139852290624,0.0003648433061669372,0.00042815822972358183,0.0006826390539808076,0.0009725909945052721
0.0004696772091965465,0.00036054464166800884,0.00038031135086942676,0.00040995202153586635,0.0003121093831310024,0.00030483924510971784,0.00037184858144817664,0.00026236509402147835,0.0003417641984398146,0.0005118967926710282,0.00026728399148305006,0.00028103497593042306,0.00022272063670642444,0.0003258195832912875,0.0004958703027296216,0.0002504593896671032,0.00034458074422298476,0.000296328697893671,0.0002903431573783883,0.0002533102767398385,0.0003631274989461082,0.00021525291696873725,0.00021263269734333732,0.0002644417883348712,0.00033225580920292374,0.00021852157007666483,0.00026736502092546523,0.00023289612057249533,0.00021304735317663782,0.00021966923385519438,0.00025080021804000757,0.00022112786810762092,0.0002629018761983912,0.000284578111508564,0.00026086223953481505,0.00022778906090441107,0.0002790430756794235,0.0002476913522159889,0.0002813629877538794,0.0003960695266062465,0.000317327218841399,0.0003372038650651016,0.0004593665835108535,0.0004083708961284714,0.00047856191138286573,0.000559079528663927,0.000807907470637657,0.0011191148351253825
0.00034548429246773093,0.00033750465781298786,0.0002451829696719339,0.00025262823948814776,0.00024313483058504927,0.00023755166365834515,0.00023153021151185813,0.0002592337937637385,0.000218561492734712,0.0002533023368380033,0.00022319110983838434,0.00018114270983328356,0.0002168330678556713,0.00016786828597267645,0.0003052389929966414,0.0002549501345474512,0.00027053824850747975,0.00023175962173347075,0.00020431798578266101,0.0002617889210452884,0.0001615436822742891,0.00017103178009595776,0.00015472037301762607,0.00026874664358939737,0.00022567818946808536,0.00015115526991238583,0.00018326795152241837,0.00015198463923556346,0.00025767442391876055,0.0001751522682700111,0.00018984829834811922,0.00019101082146131645,0.00022787378858473085,0.00023902201470958357,0.00015948290170351832,0.00020481259262253898,0.00018147362548606065,0.0002517774242714194,0.00022008789992606633,0.00021262611177080203,0.0002345447301486844,0.000223096253045325,0.0002906803255774038,0.0003828474049574631,0.00038736012957142217,0.0003646361060195054,0.0005414405983536265,0.0008778759921145441
0.00046053113135144407,0.00036804044612753333,0.00044036119171951587,0.0003515305228417484,0.0002868868423663598,0.00032998224709945026,0.0002549679642912609,0.0004445220233072714,0.0003143426064340444,0.00029521635123647583,0.00038375520891855997,0.0003897642436209843,0.00024482340469077966,0.00026489163994623474,0.0003364632842232968,0.00022193708237768487,0.00030472800787286375,0.00032170324104834085,0.0002235331860231836,0.0001842467614776164,0.00023554015440877077,0.0001890413694610567,0.00023397907869420376,0.0002879523879667385,0.00023389386505096277,0.00020283082924811265,0.00020270876946972726,0.0002547976515225618,0.0003217355664394974,0.00020678882992835077,0.00017803012644706303,0.0002550317924307871,0.0003175949108527528,0.00023478459304936188,0.00025525538331570445,0.00020974514672711215,0.00021434563875362853,0.00021515429622129883,0.00030555459479367464,0.0003121314759036323,0.00025931472346406027,0.0003732180802976612,0.0003063210372647982,0.000337941190467265,0.0004078132574335833,0.0004925167424802588,0.0005506906148211588,0.0010275759015718933
0.00037052648678472194,0.00044714701888691423,0.00048029447490311687,0.0003508324417366447,0.0003655890860019674,0.0003856781702757011,0.0002760011527807402,0.00038754332194468387,0.0004087098526826704,0.00034287525649235933,0.0003800311298152376,0.00032947203503666295,0.0003112148761267871,0.000290298240663104,0.0002576967369852109,0.00023517184644103884,0.0003740394848950447,0.00030122623511663843,0.00023457404443798206,0.0003075673676953027,0.0003080518306638833,0.000293484771574566,0.00031433915491658896,0.0002522740543371452,0.00030358946956078186,0.0004331629295264667,0.00020171206753492397,0.00019527972527954616,0.00024422737703253054,0.00026525057955575205,0.00021525055822186774,0.00029597567983150465,0.00035083623413103063,0.00029742572956894896,0.00038335012849655353,0.00024182523721304997,0.00022501732063006473,0.0002959029362234745,0.00032976949437594875,0.000290845818385839,0.0003135986104259147,0.0003383701957227862,0.0004370748472979737,0.0004285591208601725,0.000491237530889194,0.0005327325014222796,0.0008621270915259539,0.0010350430037566129
0.00039154713218667226,0.0006762707989524153,0.0004572842790867136,0.00038977466152974067,0.0002506247319102745,0.00027488130098105674,0.0003189888741737769,0.0002664685144226548,0.00031084828984895003,0.0003004051918984986,0.0003526988916730995,0.00023040351896180046,0.0002453591595520271,0.00019470401968715772,0.0002728761779794984,0.00031972084524061736,0.0001885600929666804,0.00026194319247528977,0.00022777661084813275,0.00021237387727472448,0.00021699092563742003,0.00021938779024317716,0.00023876411644995,0.00033697702918071516,0.00021064959287692375,0.00017873876626387417,0.00018620526204867323,0.00026583478455143527,0.00015980737100072706,0.00024327773778477264,0.00025082617764240946,0.00024280322937538103,0.00019574915952335237,0.0002071297888708141,0.00023498403278062445,0.00020965612605770208,0.0002765496975082862,0.00025664532560381296,0.0002666863672312618,0.00024608536438746416,0.00022496350000440136,0.0002733007781608794,0.0003263239790021596,0.00035868426126728435,0.00040767840917349047,0.00043508021524417184,0.0006211321846197207,0.0008616359745110044
0.00034255065764871696,0.00031188666461178026,0.00033240404916375446,0.0002910956155591967,0.00044967959031561126,0.00038367128549483186,0.0003164315125613643,0.0002920208962674172,0.0001888677184371897,0.0002540481577572924,0.0002662818632133497,0.0002271142508091159,0.00024333828373742102,0.0003681561974997004,0.00040602529966515837,0.000256846495991077,0.00020260517426080445,0.00021566181535048946,0.00027203072611167554,0.00030109178627349436,0.0003294576381177488,0.0002240657833624451,0.00023439696542593022,0.00021408067811588474,0.00028795927908228534,0.00026077828302294295,0.00023520770513541314,0.0002648720310045012,0.0002838631811544733,0.00039969547663863453,0.0002061570947163212,0.00030302078458537224,0.00020727405439240144,0.00025460978484797756,0.00017147481523045876,0.00026632947986888876,0.0002524323441985436,0.000261065026060303,0.00030457500366376023,0.0003358718183777058,0.000294775296527788,0.0003126771887168928,0.0004618731407570146,0.00048244507664067777,0.0004375794847037561,0.0004690930505153061,0.000662067928132414,0.0010185140088049666
0.0003586677503125152,0.0003193475102165257,0.00021345226966934636,0.0002519696519218586,0.0002760334921606978,0.0002646111519336046,0.0002583174890246672,0.0002819047026953704,0.00018291306603474493,0.0002432716766098301,0.00020023350213361344,0.00037671723041848506,0.00017399146868074335,0.00023462196607257617,0.00021499478974079404,0.000276826752733188,0.00034043926870629636,0.000272157890829677,0.0001590115500023008,0.00016291624523745248,0.00016784202911692688,0.00017076385783634402,0.00023072549660782952,0.000203531545718942,0.00017390115429289464,0.00017735733352248454,0.00017858030425142897,0.00022892759734530402,0.00015227254357623855,0.00022416380426164517,0.00016286064351090306,0.00021044495587616273,0.00020552127025761613,0.0002094428887261253,0.00022995240464890684,0.00016995190413289328,0.0002773868986527374,0.00017102991754517545,0.00019395700790708577,0.00019075314103011976,0.0002321073105751414,0.00028295497013200026,0.00032480161904746135,0.0003333579185287002,0.0003064601820669781,0.0003694521935511375,0.000618953928022749,0.0007398844235755482
0.00046401676743605013,0.0003601219612388882,0.0004175651852641809,0.00035151454524079125,0.0004063259988031537,0.0004421175460388865,0.0002917058080606782,0.00028267247760058927,0.00027120987620478983,0.00031956829888379456,0.0003015492166935027,0.0002945193928773624,0.00024160130494091449,0.00023392758640252442,0.0002985442566299344,0.0002574360678187532,0.00022652363381869055,0.00024758487474949915,0.00023409475342090996,0.00018169860147751875,0.0002913773444633914,0.00021817315698347965,0.00021445717303781946,0.0002816985343640087,0.0003214021724259447,0.00019935528727570723,0.00019787923392316722,0.00021909852200937817,0.00023783691587629134,0.00023990172065946406,0.0002884458359487115,0.00022568738615019878,0.00021868135064542467,0.00023596609351225778,0.00018942616026062126,0.0002181642453113033,0.00022843367071845145,0.00025861670413685064,0.00031493966734110656,0.00031967397099394787,0.0002555878827862053,0.0002907765988822011,0.0002966906645579891,0.00042692749332498,0.000456644879988864,0.0005222398220195503,0.0007746487851594008,0.0010388984653532855
0.000344451658623201,0.00036824371033672215,0.0004917245088542255,0.0003657979658423403,0.0003297464240487461,0.0003744496248059547,0.0002695033955852025,0.0003666514458337276,0.00044208457733530427,0.0003613376030073237,0.0003850929092813558,0.0003295604284850368,0.0003280192141265065,0.0002833745788944345,0.0002672219243222116,0.00023475544960938782,0.0003511642597941322,0.0003081083695382107,0.00023035300619617778,0.0003323760400970235,0.0003175082100677869,0.000293622962645572,0.00031460741981960525,0.0002547126792425112,0.00030601003878159865,0.00043589235859649354,0.0002035842187146514,0.00019452131751514654,0.0002440184240618089,0.0002669355875147844,0.00021385167494353372,0.00029558833391566693,0.00034875218732609715,0.00029542456378878917,0.00038482992741516495,0.0002438644416738685,0.0002235248024577919,0.00029307035534353523,0.0003271555434328795,0.00028986910844720835,0.0003137491790032319,0.0003400989165620634,0.0004419219099646263,0.0004291183760481511,0.000493454801740057,0.0005387907100816764,0.0008406397515027196,0.0010448813634179575
0.00045680730286732415,0.0006344600128881835,0.0004207354658782887,0.0004330894649916083,0.00024286449809198766,0.0002643736307449091,0.0003702572121574838,0.0002611753107487706,0.0003277519595188307,0.0003183573949288186,0.0003369858022029623,0.0002482520049327493,0.0002288235764362918,0.00019097162542593133,0.0002706301086197602,0.0003227944281598056,0.00019012289028421395,0.0002881998626197783,0.0002299893663190741,0.00020314113000796026,0.00021417315664244135,0.00020606183789149667,0.0002394964575874655,0.0003276124832946366,0.0002118977173282903,0.00017905511817828328,0.00018352062917480574,0.0002667810651479057,0.00015924522485693233,0.0002465417196696246,0.00024555677585686526,0.00023890595134692697,0.00019558040687809255,0.00020729064545441106,0.0002483601323702834,0.00021115564812481053,0.0002728312008430365,0.00024129742093601984,0.00026849891458610335,0.0002510454114238034,0.0002234104082653827,0.0002701381969656114,0.00032713447543167415,0.0003571488469674529,0.00040818179149734745,0.00043153760611006823,0.0006238832763503285,0.0008628939007203222
0.0003695742168343666,0.0003017750153322934,0.00034750978106085306,0.000305347962150089,0.00038083124569999983,0.00036140733844512626,0.0003275850437942533,0.0002976177570717655,0.00018677518661598056,0.0002491488814602523,0.00025890660456826675,0.00022906219966406657,0.00023929497022375548,0.0003598596020537315,0.0003845542654415096,0.00024912739121516256,0.000205165453964877,0.0002162414985843247,0.00027390034087820803,0.00029385801985556633,0.0003256695799540141,0.00021999240491217756,0.00023214147020326293,0.00020874747294174941,0.0002948208453526117,0.00026813924936919123,0.00023506842348507308,0.0002706699488278737,0.0002889600400042477,0.0003991062231379371,0.00021191513663857198,0.00030313583231160663,0.00020312462723211832,0.0002647538950035369,0.0001723242790597834,0.0002631217419916617,0.0002531356474838743,0.00026083660701469564,0.00030142171000344483,0.000337646435025081,0.0002907329179763028,0.00031476886850495566,0.00046418353505254216,0.0004832283931573678,0.0004351070559537447,0.00046753301951022775,0.0006634570418077374,0.0010048731688463324
0.0003658909280693399,0.00032181711622330855,0.0002515052860956478,0.0002588053114951607,0.0002682764165295805,0.0002565717346637417,0.00025086815564935827,0.0002683628115665518,0.00019771629726696952,0.0002498976168631626,0.00020327985551631797,0.00037808319447213136,0.00017554423367163973,0.00023671307493759714,0.00020761925822836743,0.00028283982652217346,0.0003424159857091482,0.0002732987190335644,0.0001544102020302467,0.00016213442114230975,0.00016376324260176104,0.0001739825888304656,0.00023100923571723955,0.00021004324386440768,0.00017542946450538498,0.00017550925309087125,0.00018602898018350413,0.00023257627611767722,0.00015045930548189375,0.00022034322327837164,0.0001570222751871817,0.00020275825951243003,0.00020120980613589178,0.0002076072730248447,0.00022794261225223892,0.00017077835447949763,0.00027677237312663896,0.00017291862663914578,0.0001940610317093925,0.00019140309547767474,0.0002312860890353105,0.000284366420426242,0.0003226789371198576,0.0003312987162018044,0.0003045901680148843,0.00037188943696611756,0.0006084005924798671,0.0007489048126542352
0.0003788299088478968,0.0003929713893905132,0.0004493399340232228,0.0003373356692599757,0.0004515499481978681,0.000425670254082344,0.00029887008153288685,0.00028426423792518243,0.00027803497709774595,0.0003138040650818587,0.0002600373767914052,0.00029366090347453456,0.00024873516624102874,0.00023254958455091006,0.00029406795892093925,0.0002545857294093341,0.00022639506687302028,0.00025032016075527417,0.0002268205845120314,0.00017952181913718357,0.00029483421893833914,0.00022471763337252702,0.0002156958252546285,0.0002833589098185121,0.00033002986813768427,0.0001995203175153047,0.00019749380116883985,0.00021901190244197436,0.00023658439472716114,0.000237640324146178,0.00028947082997106145,0.00022579187550576848,0.00021890136811449946,0.000235494680691698,0.00018952534978843323,0.00021738783845542012,0.00022950117383226053,0.0002592981752867227,0.00031462428127885833,0.0003190599608688457,0.0002561994711192615,0.000291453188964879,0.00029616023622328704,0.00042669001748872176,0.0004577059976747385,0.000520211913766991,0.000774735174015525,0.0010320818016290609
0.00046731432879843605,0.0005118538871303614,0.00036055790784966357,0.0004924306658714397,0.00042952336331922417,0.0003666161625623578,0.00024873538391924176,0.0002615576538826292,0.00031049165276884183,0.0004011131129397262,0.000273418984976125,0.0002436365598869021,0.0002748649102195097,0.00031548742600940514,0.00023215316495433556,0.0003585102254867723,0.0001980263715997114,0.00018579709866504992,0.00025741113771644267,0.00026292249833527714,0.00038582889834787537,0.00021598996329869231,0.00026697277457942174,0.0002690492272512961,0.00024643815214416714,0.0003032443766671377,0.0002276379104082393,0.0002507129699071636,0.0002375987025880796,0.00022226363316099824,0.00023460102925874885,0.0002649972163108736,0.00029120782491259524,0.00024698364056640037,0.0002759028714859344,0.00022587187386798133,0.00025983278706652495,0.0002651772405959917,0.00028536380874108296,0.00034207085656858726,0.0003771126042908114,0.00031694080258546183,0.00041031307971659545,0.0003551443163431466,0.0005677724441478159,0.0005658163690017842,0.0006649379953269322,0.0012804288592247017
0.0004348350139130545,0.00031413681851089455,0.0002536567058420438,0.0002404126930960948,0.00036247197320703076,0.00025928706137634707,0.00020159288103193564,0.00025081608991985846,0.00021322484192595257,0.00025080781527917455,0.0003589726414555589,0.00019248030437316616,0.00020495168907801658,0.00019513960655869275,0.00019184981888934916,0.00018009727034179235,0.00022462423435143426,0.00019392638565917191,0.00015350271606071224,0.0001466613241992637,0.0001738888957612218,0.00021617051121964212,0.00022148817366722236,0.00014741977147669357,0.00015741964462764483,0.00016191901000089327,0.00018901714532417743,0.00022185068333786565,0.00019874089861387186,0.00017871098085559122,0.00017892952867807244,0.00018480462749112265,0.0002006269753040125,0.00017104805883206748,0.00018791693890423135,0.0001705501214074228,0.0002290200583709465,0.0003175006756387587,0.00019322872514799613,0.00031935010666605786,0.0002690905364819931,0.00026935584273230125,0.00028426231635051205,0.0002926686754611064,0.0003984879809900152,0.00041639450546047935,0.0005587427677237388,0.0008250518644609435
0.0006249890329355019,0.0002908552645408832,0.00034852495585470345,0.0003121409578474355,0.00026432464836790757,0.0003396000963950763,0.00028278045656682406,0.0002424091285922263,0.0003117026113963793,0.00023839497958503332,0.0002187346322332308,0.00024574816989175264,0.00037986309588304546,0.00021726868160406242,0.0002366661219163041,0.0004230534163240622,0.00021263719570767167,0.0002532330155892033,0.0002092263766459932,0.00029729188221601117,0.00032690118150494274,0.0003311277395002227,0.0002283324198865154,0.000248632769964132,0.00017869869549654979,0.00022469161978154478,0.0002487435221203189,0.0002099505127338738,0.00020251360946154745,0.00029185712602260817,0.00022432813810002053,0.0002126394727916533,0.00019982508604944726,0.00023988565662466364,0.00021526865395642413,0.00022204061676919394,0.0002396544051322226,0.00022854015848717854,0.00028118958034272775,0.0002245197395716051,0.0002835260165643531,0.0002955261661074947,0.0002927727065722877,0.00034687297749556883,0.0003764174507734021,0.0005646328963159068,0.0007087571417244716,0.0008840163109720715
0.00043847189109372773,0.00045341449807236603,0.0002504385670623178,0.0003375733508683388,0.0002495766531899979,0.00034982654946705044,0.00018243221803755687,0.00027968044553472677,0.00036380042252806284,0.00021883585754671147,0.00021921187823462703,0.0002069188059175582,0.00022118084766086603,0.00025945435887796576,0.00028421540522125156,0.00024189493042669496,0.00025538418407726883,0.00018522697941171157,0.0002087635753607101,0.00023788681800428942,0.0002261241431016855,0.00022577129184193985,0.0002682170034201877,0.0001779218543178221,0.00016763631870167167,0.00020236347028939494,0.00019921202107280378,0.00023020631185070842,0.0002748218457239655,0.00024213023215013659,0.0001873033661454216,0.00015791747438549466,0.0001984206068477942,0.00019571280641299485,0.00020806309914781998,0.00018697428357389344,0.00021260692921604542,0.0002442897428770995,0.0002444236167756316,0.000188692667956831,0.00028014955293804945,0.00032275902819183563,0.00037022031032957117,0.0003793490678106962,0.0004056482597274487,0.0004005154486874089,0.0005748823373377211,0.0009138037092690087
0.00021706107287633485,0.000135427263191598,0.0001616215317723872,0.0001360298668626727,0.00011393775468593747,9.993824129474245e-05,0.0001109219294174987,0.00013621566858478128,0.00013418531696100921,0.00011573220103985856,0.0001478169898920992,7.797085002721797e-05,6.953477256753181e-05,9.841729051961931e-05,0.00012539140233788735,0.00010046642757567742,7.456071040184353e-05,9.033034506567852e-05,0.00011443721602129536,9.52055946901232e-05,7.333372786670548e-05,8.822620359598853e-05,9.742646690512799e-05,6.355753650755316e-05,7.298288197214397e-05,7.295096560017549e-05,6.180922875663906e-05,7.967681993099605e-05,8.63352519587114e-05,6.445679804824727e-05,8.436376663482476e-05,6.115071065015889e-05,8.927713359905384e-05,8.755238868391072e-05,9.77364398353156e-05,0.00012099053051365768,9.489853426207018e-05,6.983334702193263e-05,9.432844710163928e-05,9.851119400681238e-05,0.00010204216717405755,0.00011400419598332881,0.00011254433353760891,0.0001272261560562955,0.00013888376646972882,0.00020189167516488705,0.0001970553593997926,0.0002961078505264899
0.0005078147468780375,0.0006044761242938385,0.00036296593362004296,0.0005280586747071723,0.0004227751112372127,0.00037615091284713345,0.00025090970441199353,0.00026220056820040787,0.0002884941584588797,0.00039647510448927593,0.0002604405839609185,0.00023778520846786213,0.00027886058256342005,0.0003067688360903573,0.00023000254050799926,0.00037132962684431153,0.00019779420899261537,0.0001879622678674747,0.0002610098396493201,0.0002631801825479542,0.00038869713396154663,0.000215044986057811,0.0002655217962047257,0.00026833491285127234,0.00024760153357748066,0.0003011976175903117,0.00022742426965651646,0.00025020095620060547,0.00023888166026669183,0.0002215732763858471,0.0002356005713658117,0.00026537452874632355,0.00029034915248458385,0.0002464656376527704,0.00027722956217836304,0.00022537367262706736,0.00025849488170729535,0.0002654855443137432,0.0002863214512792404,0.00034111409487427467,0.0003785552463597208,0.0003163206062799367,0.0004124828694103476,0.0003566984644790487,0.0005679230782977471,0.0005671468699430632,0.0006656916377483463,0.0012836272690022047
0.00045524232714303924,0.00036477508661573457,0.00029216618120947755,0.00025241765540660036,0.0003273906631384849,0.00026797412732108947,0.00020158608898342354,0.0002560343812864694,0.00022162964408000633,0.0002365971527604633,0.00037879615024280386,0.00020340838221819338,0.00020493096336358094,0.00019269198902647963,0.00019390832817371123,0.00018423317638209546,0.00022430512161408838,0.00019849181891398718,0.00015440330115719928,0.00014684743351016876,0.00017499328638476608,0.00022071902540766333,0.00022226032729903334,0.0001469211496080396,0.0001556197775232862,0.00016183680413468167,0.0001883255678163491,0.0002245923596468642,0.00019749004194663742,0.0001782945400467172,0.0001796250810902167,0.00018433436653781575,0.00020194519873290806,0.00016923815976074301,0.0001876983665972489,0.00017198510212687278,0.00022858696638817375,0.00031953133686060415,0.00019330650192011912,0.000318708893512151,0.0002690484997042031,0.0002696900011316362,0.0002875655073830001,0.00029336897335846714,0.00040117944594972115,0.00041867548311173294,0.0005534232502445755,0.0008257881571634316
0.0006614173922809998,0.00032301464720402154,0.0003970756431975146,0.00031946036402171276,0.0003004710323657313,0.0003265968437849934,0.0003019921285180651,0.00022517571405458723,0.0002903085692497524,0.00024118283308896505,0.00022581075261855665,0.0002542995303013235,0.00039828322427196697,0.0002194897465325406,0.0002418800553991398,0.00040427335949894686,0.00020959010627108417,0.00027339800878494115,0.0002175851932935854,0.00028003143455093433,0.00031631581059832225,0.0003254545557610907,0.00023006829674448344,0.0002491092645632453,0.00018167733052383792,0.00021785585460819295,0.00024116679183227874,0.00020871356722604382,0.00019589810336343696,0.0002874511455392465,0.00022301015494183732,0.00020975755998901152,0.0002014821893606275,0.00024060961072636027,0.00021421720886257266,0.00021980333872211597,0.00023826646264169635,0.00023140379006667767,0.00028101109343286015,0.00022516371099501293,0.00028314959835960135,0.00029981660905361576,0.0002922606984219253,0.00035036105068024975,0.00037515718764714043,0.0005728596968946103,0.0006976639903681919,0.0008843824710059652
0.0004779648358449178,0.00048794408896854567,0.0002508741071427647,0.0003014288134327095,0.00031216662518463063,0.00033943027626378235,0.0001841163563189188,0.0002561078047611521,0.000339253407562932,0.0002393957998214197,0.00022666463317245328,0.00019814230429706278,0.000214439524317813,0.00025987141316227333,0.000282252561023389,0.0002363101650140883,0.0002560770050913483,0.000188550057792372,0.00020944461539565095,0.00023664568737932626,0.00022455457517289574,0.00022124650103999208,0.0002676486096582655,0.00017353997701506318,0.00016697864209680598,0.0002017080304438819,0.00019666762466517243,0.00023215826837860243,0.0002743706888957146,0.0002420144624465465,0.00018573123142511582,0.0001585553829829235,0.0001982183492351241,0.0001953384566659004,0.00020719625886645644,0.00018754892879024946,0.00021304556037156144,0.00024341742868129633,0.00024351947287727066,0.00018841992136009415,0.00027920726227856113,0.00032268228148622243,0.00036950412209234827,0.0003791143365069602,0.00040561605079316495,0.00040153777221243813,0.0005751257976492882,0.0009086934432209002
0.00019357889225688415,0.00014004108319176257,0.00014746695039503935,0.00011748780313764399,0.00010223072048175358,9.724110068265305e-05,0.00011475251778620077,0.00011745364838083947,0.0001354460776511443,0.00011165521602989933,0.00014243412878653256,8.147145505482483e-05,7.506054230768935e-05,0.00010129141055965831,0.00012313568115291233,0.0001133871171210646,8.095253914147412e-05,8.598333345383725e-05,0.0001339804162362478,9.554714503987415e-05,7.358359352318592e-05,9.158556282651864e-05,9.645934665822406e-05,6.13290826742973e-05,7.245262183260471e-05,7.487447621291909e-05,6.291911917533233e-05,7.74726883733033e-05,8.642972452136647e-05,6.449275082240974e-05,8.636881603841994e-05,6.132727094049025e-05,9.113848270758242e-05,8.632234169903256e-05,9.756727090304664e-05,0.00012004046165421805,9.458469136201535e-05,6.937336543345634e-05,9.396925686691234e-05,9.780895685681623e-05,0.0001028947605372166,0.00011438249677628777,0.00011384269187642942,0.00012726547382869362,0.00013989961954487577,0.00020481935434920478,0.00019672251493167502,0.0002955426472020326
0.0006044327331071129,0.000550960801802348,0.0005227888244641833,0.0004427888036859643,0.000326104686409682,0.000473021735261703,0.00030527284512075066,0.00041887931762875873,0.000473817790127788,0.0005282573068559289,0.00035910601174308625,0.0004438314937361165,0.00034923377760583845,0.0005194090233986294,0.0002946424541339929,0.0002949692933924261,0.0003494028045173646,0.0003981779627228875,0.0002968650442700568,0.0002681271681066777,0.00028861549025507546,0.0002482740145610679,0.0002957550872252308,0.00020927408530905888,0.00020959027741246114,0.00024381942778100977,0.00018933127525058127,0.00022430281620933277,0.00021151944778136566,0.0001867406478750676,0.00018871323904422863,0.000198154564501603,0.0003147526750286228,0.00022353757589121167,0.00021779842197483472,0.00025594771557482956,0.00027258085444701165,0.00030960722889515824,0.00035781087413207935,0.0003125339117088553,0.0003214589843498024,0.0002998911633905794,0.0004224795210487863,0.00033035208727828037,0.0004444223174081276,0.0006474599294246891,0.0006761879162947646,0.0009638099834637007
0.00016135666896838972,0.00019987340835883166,0.0002640576432702274,0.0002623899841224303,0.0001855260650171797,0.00016196979703687235,0.00017210275723296482,0.00011502367276844722,0.00018539513507153047,0.0001149639048156103,0.00019544610135011032,0.0001361776951934979,0.00010235036918618097,0.00013735487177024317,0.00012487927489036478,0.00013727819906453746,0.00016390493421175777,0.0001191993563846946,0.00011340568978429493,9.994455779981582e-05,9.267645722756071e-05,0.00011350454637462002,0.0001101755066898968,8.802068691534465e-05,0.00011811250740307928,0.00012026612271145354,0.00010189013672013112,0.00016053461437478606,9.406108894896174e-05,9.517251876414731e-05,0.0001034988783066246,0.00011098305640857467,0.00013199796989018443,9.731067328114479e-05,0.00010277738066475428,0.00010651125827680794,0.0001249959355957318,0.00013523726117647473,0.000133089516254521,0.0001259521642566389,0.00014802479569064308,0.0001400234406950984,0.00014938619573067857,0.00017705522038757962,0.00018116710304389949,0.0002500724049824014,0.00029900426819876426,0.0005035721005433499
0.0005022930701578085,0.00038703223718668245,0.00046655506097731533,0.00034079091747642464,0.0003541488273219408,0.0002744670451823907,0.00023018375437435326,0.0002948683576960132,0.00021437531440710516,0.00026209689230693593,0.0003194503928158606,0.00038048453947306686,0.0003526853373119586,0.0003871392088108823,0.0002504068113764185,0.00027814378223920316,0.00032258709480628434,0.00018771014842097994,0.0002554468517905021,0.00034911548352977996,0.00026513030298327636,0.00030000288815674417,0.0002620788745691395,0.0002223970487281677,0.00023459967525611643,0.00021524004302142765,0.00021210023584195358,0.00017696621055625082,0.0002462151984283869,0.0002477481080211408,0.00020045628054130403,0.0003395547135892945,0.00021800218345184477,0.00024027254140234996,0.0002559137401861482,0.00027464495506798194,0.00021227476967961072,0.00024133172882195405,0.00033615504957840473,0.000260546238507611,0.00030085875211567035,0.00038010079645975586,0.00032297608208667447,0.00034337033911050895,0.0004975157250263671,0.0004967150287662354,0.000638132193206893,0.0009815449185073377
0.0003108095567054836,0.00030238485306208126,0.00019785276265171626,0.0002042252829947612,0.00018876258056020953,0.00017892475016312277,0.00017009916297398942,0.00018872619467484459,0.00013938683812998354,0.00013852934973543357,0.00015662496783411494,0.00013723562886779118,0.00018801432071867148,0.00014103121988408917,0.0001190352481506927,0.0001550490190835621,0.00012145148409912611,0.00025209611865659556,0.00011880452398647469,0.00011573844298066393,0.000148881661956281,0.00012426474525446457,9.805383812853007e-05,0.00012359374343982275,0.00011236591648597229,0.00012850325008769664,0.00011736555439584886,0.0001484076907107437,0.00011160963146831119,0.00014908219585998663,0.00015325065604681454,0.00019715459013543144,0.00012685987963583867,0.00011863026427473948,0.00013907433517767364,0.0001288506964500991,0.00015129819282125756,0.00013330047264932003,0.00015326268277647092,0.00016285135047564792,0.0001593460961946294,0.0001625817904151359,0.00025241483082418144,0.00021663323493904252,0.000280717771531069,0.00031012096252045835,0.000386831868773606,0.0004906057778420015
0.00035230969472201156,0.00028225050395934404,0.00020995243268479843,0.0002481570919511447,0.0002551207957361648,0.0002963067022865862,0.00017200685478989993,0.00021070401771650798,0.00020142461716187221,0.00016427836112365592,0.00030001092538783713,0.0002553184742301649,0.00019557942381304608,0.00020281839210321744,0.00023240583500327183,0.0001955162454891426,0.00015440620981200883,0.00021166352957520873,0.0002503571001870131,0.00014366654894782765,0.0001248186141511076,0.00016446780285085373,0.00021122951593104716,0.00013333534062656674,0.0001286661336078395,0.00013265457995006443,0.00017345887675073728,0.0001395868641912821,0.0001763214033933176,0.0001686970175163801,0.00015156658672047988,0.00016649885881405815,0.00016032071142638708,0.00015985714110153672,0.00016254434020775732,0.00016674751227628966,0.00017074891137405484,0.000170531795772562,0.0001691944913966835,0.0002296642766994702,0.00018002229078127295,0.00020833601163844787,0.0002524445385504894,0.00024510867355268483,0.000341754664872856,0.00031495927372037917,0.0004243295909768563,0.0006840373292261803
0.0005444975260638453,0.0005142706579007823,0.0005784553700270658,0.00041685777830133107,0.0003054086469770644,0.0004101915805288494,0.0003228384036698052,0.000436827411181627,0.00048680782629963865,0.0005387819574353629,0.00036002537683010394,0.00042895255686693475,0.0003454184001996702,0.0005307369179490886,0.00028897068448065195,0.0002726106915685554,0.00033957034833977914,0.00040105947892998757,0.0002737315734331386,0.00026616710110982373,0.00029509797302034607,0.00024360562738769053,0.00029859621072650177,0.0002083748141595208,0.0002113830084984556,0.0002317937816741639,0.00018966920223209866,0.00022582693806111987,0.00020872926680636726,0.00018658767130899653,0.00018768511225384602,0.0001993030094849407,0.00031355125501044995,0.00022515367537765923,0.00021759949407573666,0.00025383780068895153,0.0002732144635085097,0.00031103521947987696,0.0003589153303656757,0.0003147507289739655,0.00032056211073423166,0.00029941445975826327,0.00042557087546914337,0.00033273371281283983,0.00045079858086128954,0.0006597273156313904,0.0006874193803132205,0.000986049361913958
0.00015123560860485358,0.00019293155756727975,0.00026387274925897985,0.0002527603772845728,0.00019184282689564976,0.00018422230191784408,0.0001622400851598345,0.00011998750423433343,0.0001820309992500265,0.000122789273444842,0.00019558711490779362,0.00013181293845884257,0.00010376156924207589,0.00013768509718230842,0.00011678844376110847,0.00013278724710054853,0.00016289420372767393,0.00012095807525188037,0.00011358542153007699,0.00010052112762978992,9.294881732516285e-05,0.00011347025271444087,0.00011147851840333571,8.817761354899555e-05,0.00011804602141378536,0.00011961569300374727,0.00010280244145060347,0.00016039090761056375,9.363431728337875e-05,9.556220462179229e-05,0.00010367909717184178,0.0001112906612288139,0.00013228839250510886,9.712451856493183e-05,0.000102476564584063,0.00010632692732969696,0.00012493433696714214,0.0001353332836864877,0.00013325991166349233,0.00012581520242120741,0.0001482075176894416,0.00014011816946087288,0.00014935234443064983,0.00017705503204087412,0.00018132721786242494,0.0002500404658095073,0.0002989991955133161,0.0005051046511730574
0.0005211730183349069,0.00044600699535918406,0.00042890198880448613,0.00034518589364155265,0.00037855655151519587,0.00026117919125227747,0.00022868156502827997,0.0003086111246059869,0.00022333719241902342,0.000267750649117288,0.00029008971391339514,0.00037637937820751563,0.00037171237122916997,0.00039607730741311205,0.00025900933173043586,0.00027198280858726565,0.0003133395567592954,0.00019105865461101787,0.00025100545680592414,0.00036364010645068055,0.0002567457682672382,0.0002984619960379003,0.0002568725667088012,0.00022468900365205216,0.0002329047589353599,0.00023700673294254395,0.0002132323508389103,0.00017642203772315522,0.0002444773921770652,0.0002547108685462085,0.00019484958249801288,0.00033712688668108683,0.0002155631922265432,0.000243945404324601,0.0002600767511996273,0.00027727009563397614,0.00021610018259804594,0.00023973390202558544,0.0003288585036766304,0.00026547021684450873,0.00029422193325319125,0.0003744941782833249,0.0003248560900490613,0.0003428416938004819,0.0004996987757036931,0.0004983668788678779,0.0006399925622556381,0.0009710494436760061
0.0003130868894052314,0.00032269635785924286,0.0001784449914432079,0.0002018811829486001,0.00019680240844704793,0.0001983456417360164,0.00016203487524876054,0.0001925092396771288,0.00014941569450275377,0.00014155404988479688,0.0001606326130858209,0.00015951102471723944,0.0001876119179386624,0.0001449745375173665,0.0001187370127007933,0.00015899503487184745,0.00011867728962445391,0.00025176863657225366,0.00012081848227024229,0.00011609053339771457,0.0001507166258673005,0.00012212128952113923,0.00010057561065684206,0.00012464213872794466,0.0001122507960418379,0.00012821655257591434,0.00011745698334452086,0.0001478721709363491,0.00011192177272989534,0.000148998179984022,0.00015249895540339484,0.00019700526750394615,0.00012557438721209248,0.00011896204821787197,0.0001396123793796782,0.00012882231051681122,0.0001507117301028101,0.0001331342639522425,0.00015330402735867202,0.00016298971252067437,0.0001594148055255363,0.00016271901122557993,0.00025218429996606514,0.00021706283775708011,0.0002800609601269518,0.00031063279480059917,0.00038742581200462847,0.0004894885616935805
0.00031243546150700754,0.0002731998096443941,0.00021321661101593106,0.00021293051152021495,0.00021869518072404796,0.0002955619033826644,0.0001655596156439863,0.00020120868588703687,0.00020674370539894518,0.00016512138250236136,0.0003270167932654046,0.0002556017868751016,0.00020287878526784964,0.00020163260106307828,0.000251110303522983,0.00019832132928078965,0.00015230986587530973,0.00021771842384741644,0.0002515162034079678,0.0001432405641422536,0.00012408036851954048,0.00016524437441845774,0.0002095690571957402,0.00013527197222339303,0.00012752648075644403,0.00013330345624218003,0.00017454776254926884,0.00014083732164609002,0.00017626699537077363,0.00017107945033166357,0.0001481385003082681,0.0001706850990652255,0.00016138846325838396,0.00016130649308463622,0.0001641202062339799,0.00016966720375153013,0.00017271187363310619,0.00016993822311680862,0.00016968391160244298,0.0002301345031412642,0.00018069612565607625,0.00020824643611843356,0.00025227116068951886,0.0002471807724087026,0.0003425279245593871,0.00031429380078033716,0.00042533747877040686,0.0006844061515486728
0.0005501027156162296,0.00041852845383147044,0.0004835127322250462,0.0004958482126701311,0.00042776564091828164,0.00035560305591889215,0.00033962004986166645,0.0003397198271507895,0.0002568726843246522,0.00029074506183320525,0.00034243155378807874,0.0005102062212394024,0.00033998454340771145,0.00034889812393063734,0.00031488430359202845,0.0002829948848460283,0.0003561279141484803,0.000322329370869725,0.00018966237699350271,0.0002571682696854625,0.00030972574168133886,0.00030790178099171153,0.0002527471072188794,0.0002287806451268616,0.0002416843577251321,0.0002074120357810672,0.0002889497581199946,0.00023327615786233462,0.0003120774539559987,0.00022854608960909103,0.0002329558728452905,0.0002190994218141613,0.00024483948509907983,0.0002760943300497719,0.00024660786535519964,0.00027258026077030424,0.0002658962360681393,0.00026330603859625595,0.00028997274783716583,0.0003427555557798502,0.0003083955625354935,0.00048114939230943163,0.0003484371987106426,0.00042937369779761736,0.00044185096509886723,0.0005028070695355661,0.000677036556651079,0.0009738218795786272
0.0007426739425862756,0.0006320510113103932,0.0004232316239331638,0.0004954842667417906,0.0005329402237686062,0.0003604502644135464,0.0003986458015552515,0.0003386699218878108,0.00033228017087086077,0.0003404035168055366,0.00037400071010936425,0.0004484222522840622,0.00041742192800108604,0.00042397762090198084,0.00026678008448303606,0.0002621299641089943,0.00047197193698592284,0.00042069177713455674,0.00031110148618702005,0.00035425850846108284,0.0003531357644193367,0.0003815105983308678,0.0002999955841422117,0.00034246267754268036,0.00031773686862841865,0.00029208416195734073,0.000308619613976481,0.00025336098740524443,0.0003262886741452684,0.0003063688659099696,0.00027628541136240153,0.00028286031708399666,0.0002739582240087128,0.00029392337122954734,0.0002976092865206059,0.00035233850652210096,0.0004404587965015176,0.00029921834842114027,0.0005452109535093543,0.0004364400260553272,0.0003441879816084034,0.0004364765434420988,0.0004166269575465224,0.00048195143352616564,0.000648011915204546,0.0006308390805291089,0.0008873824211449038,0.0012857371814527286
0.0005715583121245173,0.0004777715193171463,0.00044977262743546006,0.00035751481267326865,0.00043087348090763725,0.0004939817336032039,0.0004401215830563254,0.00030941136647972113,0.00040834446768526524,0.00035772350818061207,0.0003336905938093193,0.0003147229121556071,0.0003297680615375098,0.00029123349906215294,0.00028341623815810883,0.00025055788601386443,0.0003677180626953719,0.00031356097957811643,0.00026589413336750907,0.00024224828491448052,0.0003196136283993417,0.00025580654657187285,0.0002849234195744452,0.00020711957528753432,0.0002473367954211308,0.0003269529070229988,0.0002208293877029177,0.0001876969501848685,0.00028751104285740914,0.0003699359043247059,0.0002617511597609489,0.00025549507450424105,0.00020219023774641664,0.0002192119049086305,0.0002750647275762268,0.0003141848730690533,0.00023074205572160065,0.0002862247569642186,0.00034788040576961985,0.00029465705888952914,0.0002724652939140027,0.0003528537156832723,0.00033382798849424677,0.0005954872723570964,0.00040326579744546983,0.0005984011915986378,0.0006896406831806369,0.0011805071529875943
0.0005070673792558318,0.0004221071675837952,0.0003621234230042826,0.00045302190943203056,0.0003786338061148428,0.0004369442565912872,0.0005260465477769513,0.00034546958631674965,0.00040355901327835926,0.00041268284023775377,0.00029253397957533685,0.0005169693111222769,0.0005378348563111567,0.00032383164908835794,0.0003207533773637119,0.00034326934008841137,0.000366618963673748,0.0002591290027912406,0.00034024313052964433,0.00027405900560734364,0.00034733048761800817,0.00033911704249780204,0.000328530313431059,0.0003683559632617938,0.00023289776191249775,0.0003165341783922914,0.0002945374539337955,0.0002639400582650906,0.00024558118735025557,0.0004088076926811406,0.00025407224317379744,0.00039072624727488073,0.00030584380125858724,0.00026271570310264724,0.0004054560259770729,0.0003032015180122779,0.00026275286943513835,0.0003355131954957829,0.00027863740139065957,0.00046020534379991637,0.00041079914737031197,0.00037172786409663433,0.000368791414062069,0.00045791097465629075,0.0005438352362583115,0.000562218095447838,0.0008117622709980387,0.0011890402552054329
0.00031652093527351503,0.0005801672928765236,0.0005321767404338546,0.00041587884349899993,0.0004323874065239843,0.0002962717581030971,0.0002703564216394789,0.00031609244629861365,0.00031219942810979917,0.00028803023942138316,0.00038857693876347463,0.00025922796987000706,0.00033675926664380264,0.000238072785324885,0.0001996889745244194,0.00026147222983013946,0.00026930002642455963,0.00025624829458560763,0.0003347916110729335,0.00026392092945466065,0.00030348334364174186,0.00023994775686149702,0.00025213093424032224,0.00035889709654241924,0.00024265228417645878,0.00022390347626169226,0.00021759908730592035,0.00023410503646069614,0.0002781365550679092,0.000250848978661873,0.00020667118963345189,0.00019738873743716903,0.00023184807663174576,0.00023313848148848117,0.00022224614590989942,0.00025387109771424346,0.0002484752380770085,0.0002487308195405812,0.0002581330109320864,0.00024800693911693634,0.0003769925668629871,0.0002815252611089061,0.0004183209322904204,0.00038419374925097914,0.00042360876162043183,0.0005816786896339436,0.0007449293742662542,0.0011524796249282963
0.000531730795917022,0.0003835485189083971,0.0005051726613426609,0.0004937143670374705,0.00039608770374947595,0.00037073099915434357,0.00031735012660345953,0.0003124279573840168,0.00027854708254338914,0.00028917570302142923,0.0003503525687806425,0.0005101996444685041,0.0003401365030031504,0.0003492058829009069,0.0002980712973380837,0.00027865172605686083,0.0003553122564517546,0.00032379925624585466,0.00019087856748247492,0.00024845096831723016,0.00031406852137528006,0.0003107907321195215,0.00024902765925707295,0.00022844227286886488,0.00024000869888290746,0.00020801394951670485,0.0002876952736236231,0.00023575493268417297,0.0003123166578188275,0.00022742237406007097,0.0002348848071436407,0.00022028450771050765,0.0002451845014604679,0.00027593157958765325,0.00024592305652225714,0.0002729106309731386,0.0002648333793905107,0.000263122918591307,0.00028832263022226677,0.0003464392896453249,0.00030681084842655934,0.0004792677486283827,0.00035045196040298294,0.00043162933206217306,0.0004460211180784143,0.0005028763775552857,0.0006798934319280077,0.0009771446146283433
0.0007074881263353768,0.0005799017203081675,0.00043398954561680247,0.0005500854582277003,0.0005433281427515875,0.00038209889155943965,0.00037212765823531314,0.00033928769648487923,0.0003627018023208641,0.0003293819026617145,0.0003867263870231957,0.00043843447386776585,0.00041167038879765655,0.0004217415453571858,0.0002655606488552657,0.00026265342497961276,0.00047988209901307584,0.0004225782759801359,0.00031914993750727566,0.00036144595182132933,0.00034594692388691464,0.0003829391294597161,0.00030159750266268894,0.00033053412958734677,0.00032097818731708207,0.00029657902124669017,0.00031440067655791445,0.000253897622156879,0.0003207715478462526,0.00030981425047816804,0.00027942484804492965,0.000277965942699407,0.0002746718168519311,0.00029460880767119676,0.0002951569039772938,0.00035747527561155506,0.0004453209283384808,0.0002962452446872611,0.0005439374840500776,0.00043432654080983514,0.00034113200115475095,0.0004460499939782611,0.00041822770747504526,0.0004814285722169338,0.0006628386234773568,0.0006270736756936712,0.0008726449877772645,0.0012849597221880312
0.0005907795182613185,0.00045325990563841297,0.00042500109790266687,0.0003859678536770648,0.00045322340283352207,0.0005066358968632079,0.0004475344524769684,0.0002936240418712243,0.00039794674844096327,0.0003795912295963307,0.00034154062695776287,0.00032101692895437624,0.0003174031347317739,0.0002839687198003629,0.0002782237469944399,0.00025370342910324516,0.0003682414274719645,0.00031112914124225926,0.000265711414074751,0.00023719845349808768,0.00031819965986951116,0.0002620778367077742,0.000286705879820521,0.00020248265107177205,0.0002460912901494155,0.00032458959353590274,0.00022451429885238412,0.00018944578836081015,0.0002891547252272918,0.00037199533842337647,0.00025821648928926104,0.00025717912374064296,0.00020294845454311872,0.0002192128390223937,0.000278900601434539,0.00031373163862053556,0.00023005575489843286,0.0002855797238319441,0.0003481540028502356,0.00029522407548591,0.0002737672211266319,0.00035259921693497225,0.0003331086652841486,0.0005958578855790381,0.000403870889558163,0.0005982268703503214,0.0006895884962365522,0.0011828595501456776
0.00044525949933632174,0.00042777797219762536,0.00038443402315858785,0.0003972098225011012,0.00045909869574425834,0.0004486535565104259,0.0005169486557888779,0.0004042376360203894,0.00038946877531053503,0.0004101563954072349,0.0003071442258790692,0.0005270686798717473,0.0005494895861175335,0.00033723746404121474,0.0003136546083819758,0.00034607612803536585,0.00036505541624675184,0.0002507748123039856,0.00034169526818575235,0.00027140218588985387,0.00034236990300821966,0.0003354094780714406,0.0003323131038095873,0.00037497076040752966,0.00023149109795295373,0.00032424259491930265,0.000296567988007682,0.0002642332901099914,0.00024918617961708025,0.00041334415438005475,0.0002554483329504835,0.0003945211057047309,0.00030047709994100014,0.00026392475298939264,0.0004052119691034292,0.0003042155471609285,0.00026368754741711335,0.0003382934942831385,0.00027702329606909014,0.0004606120408159114,0.0004116058326616301,0.00037357587482363136,0.00037018698838417675,0.0004594903349550227,0.000548493757697472,0.0005619493375069486,0.0008211164987891814,0.001198148647500049
0.0003127304410636909,0.0005690328471012722,0.0004981922355396844,0.0003669960957406796,0.0004669022249732705,0.00030519171025692355,0.00025590489228000845,0.0003287044599725822,0.0002898017703755211,0.000311846057649281,0.0003930372239151071,0.00025682505684688237,0.0003412975987606126,0.00023249774378563402,0.0002021616242543482,0.00026059340047514127,0.0002707485910476684,0.00026667342172172193,0.0003338515450918275,0.00027777509524612703,0.000304196528748565,0.0002433427650958416,0.00025904532151214683,0.00038011758800949984,0.00023207241873314673,0.00022556050600014966,0.00021550777941995542,0.00023783391510588688,0.0002849745009710342,0.0002485831882827755,0.00020800590954150308,0.00018861323500832787,0.00023529249913722372,0.00022395619598611672,0.00022429837592872272,0.000255744466496501,0.00025003426937892113,0.000246293548287711,0.00025586247295811146,0.00024674627872559203,0.00037635874553884385,0.0002814648505589618,0.0004226841439115224,0.000383944752957459,0.00042294452083827834,0.0005785216918686177,0.0007295739457875628,0.0011327524157646958
0.000407315284971189,0.0007015157296797911,0.0004799056634394673,0.0005900120902273729,0.0005200396902695595,0.0002880253656212381,0.00033149726028694867,0.0003042648563037579,0.0004033066778907964,0.0003302868897942745,0.0003235629487548937,0.00032013065128684446,0.00032696157252996546,0.00027865724592902424,0.0003536475166951341,0.0002928531038832366,0.00020974684590133202,0.0003998267091066685,0.00020960366747151024,0.00032514578531907945,0.00024876332666652715,0.0002638411357485078,0.0002390548073754955,0.00020789878105227676,0.00026441919459796703,0.00033824069759566766,0.0002459135921048947,0.00033326493342168754,0.0002428055300082064,0.0002522304617764208,0.00022934405689495864,0.00028001433763228555,0.0002461308378900418,0.00022916055395266887,0.0002088203927531134,0.0002549140942289546,0.00027090627621641656,0.00023067253125428434,0.0002606576697343466,0.0002754144751025309,0.0003141392661899658,0.00041795020246781735,0.0003445247469956609,0.00038925440876642886,0.0004757529245421533,0.000557536432459893,0.000642684125669704,0.0011556735344192082
0.00048236297117181377,0.0003012290672755299,0.0002940360210834163,0.00040897238718548876,0.0002850620963766927,0.0003153289261303343,0.00040090437569342184,0.0003231446190839522,0.00030348220826441216,0.0002736598847755666,0.00020265942099892894,0.00015771300128771868,0.0002872382538273477,0.00019325467668967163,0.0002344391295409651,0.00014116663101782244,0.0001509669456002212,0.00021594346711968388,0.00016056108438732328,0.0001887625026443578,0.000145219303035978,0.0001397269145448978,0.0001262994569837146,0.00016869472565610204,0.00019868219608788843,0.00018625124779992453,0.0001718845715831771,0.00014751968545955943,0.00016947481281586306,0.00014524370962616502,0.00015116398809248682,0.0002387237476629701,0.00021438750976722853,0.00015473059883946286,0.00019370444492512108,0.00018047792011257396,0.0001714160645218416,0.0001566755654924715,0.00018388719310301766,0.000297357652746792,0.0002379570854632514,0.00022254306995234677,0.00025574775949125837,0.00028435869154736464,0.00034091074411901514,0.0003532038564338708,0.00044426990879248616,0.0007505863798857157
0.0003089961910637736,0.00040916944201434616,0.0003544022091848517,0.0003081897415584689,0.00032399121591732594,0.0002495339639549953,0.000243901150257641,0.0002475448595685744,0.0002033921290813841,0.00019601368980140464,0.00028944473126680034,0.00020241008261248658,0.00025622701359519727,0.00022814310986683523,0.0001916313474688012,0.0001800039684351414,0.00025682550708848434,0.0002256077843668792,0.00024066381286865865,0.0002562131104723863,0.0001766863016930307,0.0002632598555397079,0.00021603801445585185,0.0001531778134321104,0.0001480785053671922,0.00017280562870034325,0.00014976319644596794,0.0001314050155089839,0.00020581165460717115,0.000175229670849171,0.00019373832388997603,0.00020438116699420704,0.00016670580048551342,0.0001820344704832517,0.00016826243986269759,0.00023027930887419603,0.0001983427754559779,0.0001646274323585471,0.00021358666512256083,0.00018801860656868113,0.00023552539790922702,0.00021776939318418688,0.0003198590731370258,0.0003180968133645105,0.0003995497492387171,0.0005065681803691919,0.0004588351282729449,0.0008274627869271524
0.0002705625449403329,0.0002757867637251654,0.00022175522209622771,0.0003198981824939427,0.0001914593067801684,0.00017955840630207544,0.00017059171496738203,0.00021750997032762942,0.00018482301912160082,0.0002241623484926663,0.00019828229264038486,0.00016554823698280193,0.0001711120990645947,0.00015986719479401396,0.00014454387055524873,0.00014510123957765553,0.00012145604606035362,0.00018207087799458572,0.00013983240834198444,0.00013263530458939736,0.0001458675945193755,0.0001329896744738754,0.00019043309651846986,0.00013676493814276055,0.00016991716281168615,0.0001292341128323146,0.00014741953316112688,0.00014907786432451128,0.0001332326165976093,0.00018414854583181632,0.0001435818451555476,0.0001615085543726234,0.00013988252038951268,0.00016132615366798745,0.00019117848646602156,0.00012924143889614517,0.00013432956904296548,0.00016032872973899834,0.00015684202054493573,0.0001978501164286622,0.00017240429852572527,0.000187301439593129,0.00021660791667182323,0.00024031013708872997,0.00031791305301588445,0.0003510530618826262,0.00039730339117960195,0.0005934199595305829
0.0005411512857058351,0.000588488995449094,0.0005142197080622654,0.0005400967869543968,0.00040852787894208226,0.0005988044133629033,0.00034528142729292464,0.00044004487317176016,0.0004081762334876381,0.0002685161677608786,0.0004996399702418395,0.0002813210805262541,0.00041034183159429646,0.00047433256753737126,0.00028723020746756957,0.00035760666181917694,0.00052762415622987,0.0002781065846005043,0.00026293396543926946,0.00025230007031373477,0.00034115824915868705,0.00028469709028414023,0.00028303015958132,0.00038787288421059427,0.0003341289255161979,0.0003112035968917282,0.0003265895671886663,0.0002719431451548087,0.0002928259588263946,0.00029906292709294934,0.00025053893401340977,0.00032842003299654826,0.0003479355706049919,0.0002608990192873874,0.0003166111724858618,0.0003172344903816097,0.00026737520322213235,0.00029195177981607265,0.00029571135138414887,0.0003088438600915099,0.00033388816452245096,0.00044315017921129203,0.00047714944255112255,0.0004839522900639863,0.0006760839979206355,0.000735271772031133,0.0009045687545659295,0.0013214189616799373
0.00035934982901887256,0.0006645612181211944,0.0004919493078220553,0.0004847689739472117,0.0005084440843677234,0.0002880982617163871,0.0003702544170030324,0.00030316699216791803,0.00041131550413130223,0.00033055559547407436,0.0003176633417207413,0.0003533316167608919,0.0003339114977756738,0.0002683941730054888,0.0003326871341758443,0.00028134959816492766,0.00021231092040427437,0.0003896374687775006,0.00020005884174785927,0.00030974121961194467,0.0002493383455163795,0.00026599722141995493,0.00024743787666308374,0.00020742858525114652,0.00026240237537917567,0.00034063907411689264,0.00025214036509867523,0.0003390368920574912,0.00024460035280137143,0.00025341215057333115,0.00022781405729177564,0.00027977560201654524,0.0002458233704111449,0.00022635835600353553,0.0002097243507531634,0.00025624035874645304,0.0002703446291379573,0.00023101354767204415,0.00025822943845119696,0.0002776273623877914,0.00031489676277180845,0.00041450310603277326,0.00034468254941351405,0.00038843215684093783,0.0004751224958507767,0.0005601443794624311,0.0006495958117299708,0.00116267370072477
0.00042814674558932993,0.00030524792393919303,0.00031386263050112075,0.00042748036776866095,0.00030440121896895813,0.00031310981591000715,0.0003749253366105952,0.0003187725444652945,0.0003138581437768426,0.00025778837499655134,0.00018766343860621764,0.00015913112991302177,0.0002703232657702329,0.0001880225802362592,0.00023409211317533448,0.00014095008299753713,0.00014378205335739065,0.00021487088559259433,0.00015125570337044646,0.0001855932798632205,0.0001457331584735353,0.0001403742215581711,0.00012708044710736335,0.0001692802402955207,0.00020457348089299033,0.00017996683002026882,0.00016894606239917914,0.00014593703669662673,0.00015298611018364777,0.00014975148925763692,0.00015170153417578077,0.0002302868520075664,0.00019648831645266738,0.00015233768179886067,0.00019197223202113201,0.00017911841677722233,0.00017354352094218822,0.00015840067869134697,0.00018359850019177235,0.00029777861146336194,0.00023959350842487622,0.00022264171040704874,0.0002524128199826993,0.00028378041941324466,0.00034299734153590687,0.00035238201821171565,0.0004456801851988937,0.0007530614433837504
0.00030551462883272667,0.00036450138776032123,0.00030289389501053345,0.00030666136825423045,0.0003579281949307012,0.0002505026027766973,0.0002300523181872074,0.0002498969994354012,0.0001986111537155727,0.00019887680343325494,0.00026017639396324444,0.0001842491514290007,0.0002626173835413999,0.00023247816396183304,0.00018901626865913657,0.00017445400120480952,0.00025385961797671033,0.0002200350252904879,0.00023762266267184898,0.0002541475528991718,0.00017770140507510277,0.0002622633137189836,0.00021931807455374838,0.00015522332640242932,0.00014663465567437287,0.00016190548542610472,0.0001482704918078824,0.00013173931679148838,0.00020539605096996409,0.00017479989345709821,0.00019178749316850342,0.00020428248133471462,0.00016857638322039593,0.0001814724929219941,0.00016841317669117012,0.00023123623259340616,0.00019755518974403545,0.00016433209831634513,0.00021350514893789138,0.00018785543249277587,0.0002364268712519576,0.0002177225609131178,0.00032144634848463527,0.000316820924505867,0.00039878468375285973,0.0005109107556608142,0.00045990949458497957,0.0008368782851115509
0.00027981114156122404,0.000246171440477013,0.00023978698975380644,0.00031867660421698775,0.00019350047219026753,0.00019608766311127494,0.00016964370665420924,0.00019379623360582293,0.00020399908213013224,0.0002019955436553256,0.00019328918645259083,0.0001743999521740194,0.00016892087115816538,0.00016025255567756762,0.0001541814773956097,0.00014279978525264658,0.00012819981339603912,0.00018382970280134226,0.0001395161249858278,0.00013298371381183517,0.00014565158027288072,0.0001338156943089785,0.000185734060606104,0.00013764758751331154,0.00016916066107363514,0.0001284727903820627,0.00014700371580569352,0.00014859663384026779,0.00013493239466819893,0.00018344860566784174,0.00013857345103425315,0.00015787739387943577,0.0001397164836780458,0.0001609253669362054,0.0001911672919422325,0.0001294977115470019,0.0001345429312295389,0.00016014137223659093,0.00015654047621287162,0.0001973384746967837,0.0001721077321556935,0.00018798027014597227,0.00021712127934643308,0.00023975888927065127,0.00031852736852392474,0.0003507070164556601,0.0003975071663902003,0.0005945521532068081
0.0004756356474862461,0.0005862211742381209,0.00044089589097725455,0.0005233129628749584,0.000394765974663881,0.0005949695086538607,0.00034933459934880445,0.0004202243543613648,0.00040847217541157253,0.0002785757221821748,0.00047451040039933964,0.0002810780329483018,0.00040880119441038783,0.00046430091334447976,0.0002852317002586539,0.00035969688048556776,0.0005171608506101216,0.0002813161841123292,0.0002655172277218447,0.00025228679788519975,0.00035078273427523605,0.0002856581936701719,0.0002834080629983802,0.00038805868653171585,0.0003241283233478437,0.00031418522592797536,0.0003264804515469963,0.00027475643253108367,0.000294530743410173,0.00029862081792721536,0.0002483538739029371,0.000327163245792474,0.0003486495789234777,0.0002620173693275178,0.00031661362953676965,0.00031300178682682904,0.0002684895142121955,0.0002919010176017173,0.00029638777724185037,0.0003087148590087131,0.0003338576173568684,0.0004413521076853776,0.00047732923160815526,0.0004847159073016834,0.000675645761683575,0.0007351455615547436,0.0009050705459863425,0.0013221025873232128
0.0003814550732761193,0.00036198218091989414,0.0003310881712956378,0.00024418923764289323,0.00026815294863287046,0.00022420812018063253,0.00037431513326409085,0.0002255496927742986,0.00024612688727302485,0.00031388822700021367,0.0002802241623971992,0.00027376501743899304,0.0002666027442913342,0.00020497486486187517,0.00023624104731151537,0.00021328910062294945,0.00017934047978388648,0.00019847189229069983,0.00023521773678493308,0.00014506634632200583,0.00016278942840215518,0.0002493966355690505,0.00015465120816826318,0.00013375917773129204,0.0001972695465061734,0.00017450822162610774,0.00023802930533802673,0.00018787550727406455,0.000258526810608344,0.00017545804776516967,0.00019020186333903557,0.00015069598009507745,0.00014617010838834712,0.00019638195256116447,0.00017718921963611736,0.00022298676256461255,0.00020801093223969853,0.00022190487174073554,0.00023069353950440756,0.0002588637198845403,0.0002769362885222847,0.00023400798779981812,0.00037111132134857685,0.00027570418136518723,0.0003051040018027664,0.00045246775449804717,0.0005444863456173385,0.000866794414152203
0.0003932601767287734,0.00032907809870267484,0.0003711248936437951,0.00031643494889619923,0.0002220346012766245,0.0003135967929434658,0.00021341140441887124,0.00023303945224397335,0.0001794974838751543,0.0002230534635667255,0.0002563751717660258,0.00021394579459578343,0.00020103221247658328,0.00021869597410670657,0.0002868467070071416,0.00021572959360608392,0.00015852913403246994,0.00021655409794085618,0.00019073106441149304,0.00013995239888534594,0.00017425926640869923,0.0001826870412263855,0.0001801289255550283,0.00017414617821393576,0.00018681327631999317,0.00013316886089587566,0.00028770961263296707,0.0001593653790077214,0.0002654312723059234,0.00015664234358652953,0.00017644745136139733,0.00018861423733272298,0.00020859460159409327,0.00019207586010942717,0.00016182968134244137,0.0001895245186445428,0.0001952600390530711,0.0002286995201689375,0.0001826202194479907,0.00023018154757873595,0.00021077148526528128,0.00025297118684985135,0.00029121154723308625,0.0002684480440827712,0.00030295921113877925,0.00035480504998287,0.0005636444939682738,0.000871454328095288
0.00048216047776102636,0.00035560273397591087,0.00039393034625615224,0.0003018950705192106,0.00034174515480962206,0.00030105446643937934,0.0003528751237301701,0.00028126015844921883,0.0003251576656458456,0.00024083704305542886,0.0002636018218139623,0.00023133962800600603,0.00024131962962690542,0.000306955316888904,0.0002573803535828926,0.00026638505239558543,0.00026844410392933243,0.0002771201879024687,0.00030356964655548337,0.00020230161255434056,0.0002555791771429905,0.00020392450613999897,0.000230086118449406,0.0002444920905489806,0.0003042935687495392,0.0002704778615677814,0.00023664913632582548,0.00035106220853722825,0.00023288824544664022,0.00028254487886886735,0.00022037844325650336,0.00025770114744981347,0.00021050216823978972,0.00023426515117228023,0.00032165668839503685,0.00022516310909331344,0.0002792462688601395,0.0002826369091373231,0.00032922072310489104,0.000304145485915447,0.00033203934553108905,0.00034259370903597395,0.0003304377603285325,0.00043061965707336537,0.00042867349141677676,0.0005353078734962129,0.0007842701434526679,0.0010033378255841642
0.00037106077999808916,0.00044519941714968786,0.0003850929827552513,0.0002571731074513569,0.0003211044924383355,0.000489301228170651,0.0002955418443010438,0.00025582251842291376,0.0004230359592295068,0.0004330110604793601,0.00029068979518612366,0.00021632311996613702,0.0002200262957107831,0.0002583485383385021,0.00032881695299836165,0.00028255524815809415,0.00028514780108861507,0.00023609816152132373,0.0002747214148856194,0.00022855673875830189,0.0002702335864781718,0.00022501421021806217,0.00020357147278056632,0.0002412174644831047,0.00020425687749170402,0.0002074846025200801,0.0002440959046651728,0.00030351734720475166,0.0001917565774039048,0.00019881896462996715,0.0002535635186471703,0.0002724096058631643,0.0001856984668911909,0.0002530666069321651,0.00023871128016087392,0.00022307056459548206,0.0002396684982554027,0.00024043966524417418,0.00028763149682755067,0.0002588256682067856,0.00029927055011956023,0.00034982249517944753,0.0003610691490336146,0.0004147826652751992,0.00045242693739850617,0.00047668557062238335,0.0007278719900685241,0.0009988487655215948
0.0003048582304678512,0.00027832496251047127,0.00018406250459042335,0.00018641787742928212,0.0002980943753625926,0.00024583935070355336,0.0002025723916957234,0.0002129751005080515,0.0002523582199498028,0.00019244247471007455,0.0001893429526850864,0.000193769489167765,0.00018036472324860778,0.0002239107686062931,0.00016601203283385374,0.00018788032896926448,0.00016095545483032822,0.00021461130581755013,0.00017094664171995148,0.00021151580055380265,0.00015466724034065646,0.00015186201175000652,0.00017826218448920578,0.00013313845187502482,0.00015621703619443447,0.00012836174443897342,0.00016183231355460827,0.00020614729891592983,0.0001996953069895568,0.00018539458553730543,0.0002251687462091722,0.00016643018972966464,0.00019163569708995692,0.00021196336190698508,0.0001609447875554455,0.00017987621791536003,0.00016219753781456645,0.00024099242526692596,0.0002024628133706224,0.0003181536409086248,0.0001961782209144361,0.00022734785449497164,0.000248762084486261,0.0002893790421924243,0.0003623260187941707,0.00039506143107334774,0.0006017606463034044,0.0007059221999355286
0.00036381363869141475,0.00035227193637073944,0.00027867838169486525,0.00028506071221132877,0.00025066577482097015,0.0002184501715740987,0.0003449135705447958,0.0002478520881622818,0.00025651144480539636,0.0003192456703610267,0.0002907933100182211,0.0002759589580638994,0.0002594871244943455,0.00020260482404287373,0.0002272998104073923,0.00020955134765848597,0.00018188051176670097,0.0002084543104305454,0.00023760863584765151,0.00014151045013261255,0.0001658779980041706,0.0002483289892653766,0.00015504921914981858,0.00013557166496958845,0.00019093559200882362,0.00016919028646734718,0.0002306574308250874,0.00018482616368604426,0.0002506102142225249,0.00017001833124278407,0.00018597603215374033,0.00015018529356266704,0.00014911263016406345,0.0001985643565460931,0.00017831325373522048,0.00021422483722934269,0.00020755441865225543,0.00021568617009221043,0.00023522567219801734,0.00026383260042135633,0.0002731708990633085,0.00023696945969138756,0.0003818273094169611,0.00028079505003587786,0.0003043622153139899,0.0004479656305325079,0.0005308026468640961,0.0009271808314287389
0.00041245714478581216,0.00034155274630613165,0.0004172113819297029,0.00030261777885813454,0.00022575200396831384,0.00028530852756654797,0.00021033729453722092,0.0002156161785134564,0.00018007896264313244,0.00022369354302134145,0.00023542677741974553,0.00021590628016623386,0.00019273003692017054,0.00021451163392320418,0.0002987817792729155,0.00021605593403597285,0.00015219196496650032,0.00021282092409523456,0.00019335853788575235,0.00013902563961126947,0.00017544983835479793,0.0001821628830995096,0.0001750132640898176,0.00017367596060346058,0.00018436058419462825,0.0001346336185478932,0.00028735016168656433,0.00016119402443896347,0.0002671826851720889,0.0001581815208257105,0.00017874642575914978,0.00018363512128465604,0.00021289449776017936,0.00019417830552907747,0.00016274242895378846,0.00018977804642118825,0.00019442061268416306,0.00022166384185655605,0.00018505760716968514,0.00022387866402668664,0.00021295783755939784,0.0002560460715826484,0.00029664877214814154,0.0002664903753300792,0.0003034955480225808,0.00035016787381399715,0.0005768756989927793,0.0008874281031332144
0.0005149163650951011,0.0003844184247026617,0.0004003596577668277,0.0003144508436162093,0.0003570478262244498,0.0002859906606516082,0.0003476773295578717,0.0002738441299689656,0.0003371208701628783,0.00024412019934890412,0.00026965492854895775,0.00023192622623768557,0.00024144813545123482,0.0003065700801519858,0.00025701686696634213,0.0002693875109205589,0.0002679281409207532,0.0002808830694122966,0.000307027651594237,0.00020264283440269793,0.00025320308883781885,0.0002047724567336993,0.00022898902212871187,0.00024360139920227627,0.0003040923914799692,0.00026736801676717785,0.00023721058550593002,0.0003504404956825935,0.00023291399934881335,0.00028426510121541774,0.00022233859965690376,0.0002594709648897709,0.00021235319013898713,0.00023605056813452355,0.00031990406958076295,0.00022669469793014374,0.0002784284461631205,0.00028074872785211104,0.00033149729581397346,0.00030581076431942687,0.00033379568830686676,0.00034598971118919217,0.00033232155249139547,0.00043356587074394745,0.00042985768144992813,0.0005371978278467596,0.0007787788549815276,0.0010150039424878532
0.00036976616388930723,0.00051422731015444,0.00037357500604912085,0.00026422375690383844,0.00033544711728464174,0.00047612788058752853,0.000284789186387135,0.00025950972052329944,0.000412998245013527,0.0004026958440322218,0.0002914833870419863,0.00021551509862814935,0.00022368251581538276,0.0002572375081711814,0.00031914782086474265,0.0002711239765439105,0.0002862999377193627,0.0002458020191307163,0.00025856994787758133,0.00023209306095955097,0.0002639507272395823,0.00023068280672324188,0.00020650961185327097,0.0002357369811757794,0.00020167681689494535,0.00020739073625173634,0.0002286886861005921,0.00030744218890978197,0.00019051774499209996,0.00019794066826309635,0.0002494164807937335,0.0002782690209037947,0.00018390859582157997,0.00025145407518306065,0.00023700644098307826,0.00022369927453100402,0.0002413014012808212,0.00024005041618994414,0.00028369661085715474,0.00025941785685292375,0.00029760951597559185,0.0003487036345798716,0.00036375283764098436,0.0004142182240127242,0.0004482107116847743,0.0004767034211646197,0.0007242155331431747,0.0010087261128073773
0.000379264580606016,0.00025634787185292165,0.00018214910013693075,0.000175984804439191,0.00030578775050899796,0.00026688467540309267,0.00019723974142589408,0.00019952172528712984,0.000261705438269534,0.00018966767339975547,0.00019396068956481464,0.00018359031929963604,0.0001930916419165689,0.00022281521581332407,0.00016549515548537025,0.00018573676211655708,0.00016210402094472476,0.00020968237479781655,0.00017066338524884895,0.0002096018765596531,0.00015336470953712178,0.00015159393620710262,0.00018050341280056932,0.0001322909421112074,0.00015875176800938962,0.00012865757028630753,0.0001623687278898923,0.0002067277529935699,0.00020032357238173302,0.00018633431168141572,0.00022268265212845812,0.00016656331078317567,0.00019022705890490798,0.00021237342215472274,0.0001604466601331864,0.00017918958696337898,0.00016252141961689274,0.00024166765212898028,0.00020323461581261629,0.00031806525193609614,0.00019653612937056654,0.0002268369424724065,0.00024905644921671027,0.0002880982105514701,0.0003614505749885869,0.000396486742518296,0.0006008805319755242,0.0007126297377791953
0.0005366881583927707,0.000553119269496981,0.00042990152780665694,0.0004435910103246034,0.00045836664967579275,0.00027442197987991815,0.00040921397393588784,0.00042841730120941646,0.0002779568297943513,0.00028533496038170276,0.00039779035475466,0.00036411926761200774,0.0002914561603403461,0.0004124510111037098,0.00037425356348174684,0.00023360889248220587,0.00029297561169404644,0.00024590743249137124,0.00021744454736520838,0.0002681664317887014,0.00021445913148372,0.00022185245722018817,0.00031936798555288744,0.00023636128021779562,0.0003698645152116937,0.0003418170739274807,0.0003211119073788922,0.00024225380752454254,0.000254600025175469,0.0003008105050659774,0.0002591436945968445,0.0003056859441894317,0.0002885048664200516,0.00030785447152952705,0.00028961332014937433,0.00025684397618544713,0.00033260195173001616,0.000332670402380281,0.00031243980289106924,0.0003159551432275823,0.00033932629377617,0.0003901403249445554,0.00039484063778525856,0.0004350607941475274,0.00043497789272158244,0.000586690188678355,0.0008782431063161101,0.001309949784798007
0.0002698701318511985,0.0005130532154190798,0.0003349271729513434,0.0002184572763002324,0.00020123354785085384,0.0002446926871730759,0.0002706418678654761,0.00017660527274181436,0.0003131340418125422,0.0002986344848683574,0.00018796218981517745,0.00031712084366409475,0.00023037791317759992,0.0001843941811409073,0.00021240403133296622,0.00019882877927393581,0.0002542998797226371,0.0002575969008433347,0.0001701292823650791,0.00016583465390530752,0.00020245630049557737,0.00024244356214200792,0.0001355038261493394,0.00020797935731737692,0.0001822321567993764,0.00016375318742746866,0.00017746672833424804,0.00016859090432481329,0.00016601740066893417,0.00017253062698034216,0.00012868267701581578,0.00017733118093274117,0.0001695761810128348,0.0001728893458808586,0.00018505387743115247,0.00017880900187141084,0.0002476893194157487,0.00017697822991876328,0.00017196122298425786,0.00021585610797493737,0.00027098352714939453,0.0002637282637711588,0.0002605899202193554,0.0002869588179723984,0.00031970865367237234,0.00041702544542355184,0.0005523395817042742,0.0007564618868008731
0.0004176462290052991,0.00022738370384938305,0.00031403916477593173,0.00022161791431513198,0.0002115510725482497,0.0004617439588189237,0.0002304826288609231,0.0003223416653190268,0.0002529024760751418,0.00020615255554924612,0.00022693273886157539,0.00021140529256025736,0.00027632867109718515,0.00018624416261478022,0.00017461659538761133,0.00020208417544497265,0.00021303620079089742,0.0001768838223900022,0.00016370831879811859,0.0001979268555632561,0.00014064011403874127,0.00013488076108050595,0.00021895747121961426,0.00018261664282899845,0.00016356166949881262,0.00016202265534358642,0.00014407274331260236,0.00019587742714832396,0.00017325111154662353,0.00017172265356655013,0.000136096702467493,0.00018956734166153115,0.00017570388225618863,0.00014649493882784278,0.00016231243762421637,0.00020524834180773896,0.0001608644281242725,0.00016143422857558238,0.0001834220548608472,0.0002626111403637586,0.00023283539098417202,0.00023270183654246568,0.0002513090861906074,0.00024010372526301845,0.0003334183128070841,0.00035245629870017263,0.0005197790007217362,0.0008082495338269465
0.000612557831082538,0.0004972796132259226,0.0002995700517110039,0.0004540883491572113,0.00033525975919064196,0.00031531644720286464,0.0002995934477965731,0.0003129019741797267,0.0003196433100282689,0.00023361892458480642,0.00039758863730878803,0.00026108852332644357,0.0002902379810498646,0.0002567173873390329,0.0003464797589150876,0.0003374333600606739,0.0002350503222575756,0.000253137538139174,0.00023232660176565904,0.00020747415667650424,0.0002186214527428454,0.0003232916535019255,0.00019826270396845885,0.00029517119701847987,0.00024203362986849696,0.00020115558921969163,0.00020591103281521287,0.00018833536440162393,0.0002714624685350333,0.0001822057418540242,0.0001880629157291978,0.00019920961937880242,0.00019535690415824016,0.00021404882022601154,0.00034134440390216913,0.0001990672152657513,0.0002516043281045153,0.00026816381708584633,0.0002729629539640062,0.0002832488381348321,0.00025228978924243236,0.00030395382506605913,0.0003181533441745033,0.000448417101267134,0.00044860239754401386,0.0005000905041277632,0.0005689467856040776,0.0010104579841986605
0.0006371805676202469,0.00040673205070359115,0.0004181598359738895,0.0005329214172721505,0.0003421413210254614,0.0002750723172183034,0.000495550203783662,0.0003612379000864643,0.00030143067889040287,0.0002317276801438394,0.00023963647020624318,0.00030729881982452187,0.00024139330877681516,0.00037378363956275685,0.00029258742266299377,0.0003597033295180694,0.000244752157213443,0.0002835567368371058,0.00033612806869024164,0.0002587272898253628,0.00028299275249687176,0.0002834461472469368,0.000260143128609379,0.00021587584514353223,0.00018936721829467684,0.0002925260307503446,0.00023894854530038439,0.00021024362750370507,0.00025057609089245087,0.00025222616563170814,0.0003691996205888182,0.00024203795932482245,0.00020307718403640262,0.00023482935992263148,0.0002459434841152963,0.0002986131228015118,0.0002569954673342578,0.00021659333567143849,0.00036349476881024996,0.00035468253022155854,0.0003583170090911524,0.0003441692418167644,0.0003198519678358187,0.0004022005226208755,0.0005026190887479195,0.0006649906341414023,0.0006916066413440872,0.0011876011220314326
0.0005200709469609993,0.0004241279511324024,0.00044965709905936245,0.000492657342299516,0.00045785528655807763,0.0002543386259243698,0.0004059637872115888,0.00043588820470825143,0.0002610210075684759,0.0002926220041450062,0.00037022744711840197,0.00036371215010473553,0.0002962568987445245,0.00041638154696079974,0.0003901452203688952,0.00023021031834075565,0.000288676982484317,0.0002517761667147135,0.00021942918126277523,0.0002605053827126478,0.00021440268859403166,0.0002293331753165233,0.0003193976361742432,0.00023985279442635473,0.0003803897733346679,0.0003573463005808299,0.00032124456824389247,0.00024171688960558248,0.0002540701482860621,0.0003006389173313783,0.00025072297102519936,0.00030187890615683506,0.00027668957692664377,0.0003043157176157262,0.0002943385952465225,0.0002603043580940208,0.00032251700621614286,0.00033274973891568257,0.0003085485065727476,0.0003140619136661204,0.0003413460660009537,0.00039151625991969965,0.0003963564122430989,0.00043510881485849906,0.0004354763370330097,0.0005868107200812273,0.0008800648771489362,0.0013023384987968995
0.0002970864264226784,0.0004294494111809434,0.0003163664170005823,0.00023672563802683234,0.0002169257408753719,0.00027832895859036783,0.0002835154189368982,0.00017561876717649111,0.0002840984271426681,0.00030050848331748397,0.00019228139388594134,0.00032009754124488835,0.000233826352585285,0.0001842922577102465,0.0001975674163738615,0.00018535833428407652,0.000245696922638068,0.0002520570811894322,0.00016827097489333936,0.0001614145577559964,0.00020186731548209753,0.00023320123191781865,0.0001341580925721828,0.0002037360925093873,0.00018023690073348453,0.0001621421343746846,0.00017849065700845007,0.0001661387302534876,0.0001690598020874973,0.00017306168947690988,0.00012758061122099002,0.00017573974833102584,0.00017079662689372082,0.00017436943195518414,0.00018541493122924482,0.00017967048147992594,0.0002492136323070189,0.00017672080294646607,0.0001725288387205414,0.00021397908951112761,0.00026848189985961184,0.00026245444299518954,0.0002595538003303276,0.0002892312683113905,0.00032031055060909415,0.0004161381149795487,0.0005515926424917273,0.0007461636083441191
0.00040279037838666454,0.0002182708740857031,0.0003546377557440026,0.0002166906340533808,0.00019908164523986952,0.00044746567647513836,0.00019947669111920792,0.0003159983771592748,0.0002247977175399787,0.00021434562912313692,0.00023706863534277053,0.0002096274298631075,0.0002749125766491029,0.00018397014578267466,0.00017160998888742881,0.00020065585781317438,0.00020689826324258367,0.00017708575392273628,0.00016883828195029646,0.00018883633938552826,0.00014135098255478368,0.00013238343710093902,0.0002193278264501524,0.00018430013782404472,0.00016306025181893243,0.000161195170711676,0.00014501580510808179,0.00019591137404879758,0.00017121888416646847,0.0001739959650510759,0.00013430018861799417,0.00019070754738915595,0.0001747199440496858,0.00014723109954275314,0.00016200050605392856,0.0002012429175862095,0.00016130551424828975,0.0001622528709042889,0.0001851217676407076,0.0002623073548900655,0.0002326381355944616,0.0002337917917369827,0.0002505841516848552,0.00023939116482761392,0.00033250399966253683,0.00035184146786302575,0.0005165338200527984,0.0008101102916020064
0.0006660676069556354,0.0004500433032683995,0.00030498816233216346,0.0004343121381357484,0.00032660448377350344,0.00030428641827151244,0.0002849635827425597,0.00029509892850031877,0.00030722590262927417,0.00022924629307613967,0.0003992033729453487,0.00025262801533826047,0.0002917545559035428,0.00026044849529786624,0.0003373350940852353,0.000339216707298953,0.00023445201885526672,0.00025267035904468177,0.00023143691891898036,0.0002040225503315848,0.00021973018882236861,0.00032779274580334257,0.00019335242396327295,0.000298045201841084,0.0002391441444502142,0.00020218190315437988,0.00020917838827545088,0.00018975384254393693,0.0002714741727937955,0.00018198437388152925,0.00018870870583007833,0.00020167888654449632,0.00019419041978168162,0.00021499347919513764,0.0003415893910775633,0.00019950236336146348,0.00025184347890254937,0.0002674270300701586,0.00027307277897414166,0.00028160648820319895,0.0002527178373024524,0.00030502842758966885,0.0003176559871158486,0.0004459860626063294,0.00044702754550758915,0.0005015964347603372,0.000572099842106405,0.0010233813634956113
0.0005144268290916625,0.0005201044678582337,0.0004260266988606302,0.0005799374038690612,0.00031140963247914004,0.0003686339008357581,0.0004918798886760666,0.00035462257608995446,0.00028581421825552066,0.00024849264730466436,0.0002482053481674095,0.0002992916638602293,0.0002478221033796719,0.00037892047866470226,0.0002909885410536344,0.00036266406020115657,0.00024487230257167966,0.000290984923597034,0.00033193720624336806,0.0002662631045784908,0.0003159584972022367,0.00028296808824325865,0.00025251442375663765,0.00021289962423905848,0.00019128475999124822,0.0002965827625218886,0.00024159138003176432,0.00020855952551356672,0.0002558131233632613,0.00025447802070579004,0.0003692740210265705,0.00024410447426334095,0.00020342106856168095,0.0002338391799015423,0.0002463091131113279,0.00030033022654832027,0.0002600029971235161,0.0002164505437000782,0.0003612264894216646,0.00035131952791964805,0.00036011823381620325,0.000342739999396314,0.0003201371607932473,0.00040661036950139266,0.0005045753031574695,0.0006550701081512618,0.0006907790325541688,0.001194314491551086
0.00048364787374586464,0.0003319554380947933,0.0004824894788206651,0.0004753170257500996,0.0004704135550565258,0.0002636039772873033,0.0002670719271346529,0.00030767191675054725,0.0003288450140459893,0.00023102527764884632,0.0002477778128074998,0.0002381511838222363,0.00025895198414200904,0.0002789982698805205,0.00021965085409294668,0.00023287366004335266,0.00020490419397483451,0.0002862113678694024,0.00026561116183227497,0.0002731917486498229,0.00021117614904974982,0.00017741507167492838,0.0001995019261793309,0.00019792225784222268,0.00018638340492013665,0.00030945540730332923,0.00020921966135888627,0.00019265108297379785,0.0002473895481823019,0.000289132996166887,0.00021456140017811007,0.00028756414391771696,0.00021001023807925477,0.0003011536153881498,0.000186901478147782,0.00021591756058837147,0.00020310917305767478,0.00021594294210364884,0.0003348779200222964,0.0003298098356765092,0.0002891926225223638,0.0003253985162045123,0.00034769019433767865,0.0004754825006120367,0.00043875150087351923,0.000513677642055615,0.0007308217047685663,0.0009345259459008476
0.0004920811240630228,0.0004648332438456363,0.0003050416986606952,0.00032539858752750724,0.00032334666159672935,0.0003349598880379816,0.0002501158780811761,0.00036615729570721434,0.0004751260044835614,0.00024823920896903704,0.00021153505561821712,0.00024014406170416171,0.0002339687544586189,0.00026391757680524773,0.0002849130595346723,0.000266305043800866,0.00023989528279931894,0.00022517116929499813,0.0002128779810551301,0.00024367788374368287,0.0002363175063699523,0.00020702008624412974,0.00019382602759416846,0.00029443741801083036,0.00021821032577378603,0.00022268414912273666,0.00021698530536924814,0.00015324858213647139,0.0001779419108979143,0.00018985787727124115,0.0002415771296211103,0.00023004241615439956,0.00020419503902488844,0.0002327680199307966,0.0002655413741299777,0.0002020781197999605,0.00020522615958803054,0.0001949614229962463,0.0002936991877384196,0.000260192681798579,0.0002683455504560894,0.000381138125493305,0.000331598253980889,0.0003556086820527614,0.00035090802575848273,0.0006059503021178754,0.0006152173952636125,0.0009025692738085285
0.000345919550631265,0.0004239364623561139,0.00036177840681086976,0.0004279864742897794,0.00046916099032275516,0.0004371432219554952,0.0004358854698685609,0.000447774200413323,0.00031046231529409385,0.0003713757135288877,0.00041340892722857033,0.00031665634941005917,0.0003550693103229382,0.00030161288340228116,0.0003576460325974133,0.00030810477859821337,0.00026853985524475526,0.0002857757555710821,0.00033502211329213515,0.00023967760095864232,0.00023090819256899883,0.0002513454118233412,0.00021604384287433418,0.0002585235623640085,0.00023231942381488998,0.00031207757242224016,0.00020459100771870388,0.0001980618437929488,0.00026163312370930614,0.0003450146052762015,0.00022093117352112488,0.00023858439510460693,0.0002367408458295611,0.00022213276221701164,0.00034776204443235986,0.0003758271522691556,0.00024022890549844526,0.00023481990436262273,0.0002534776433414174,0.0002901449548516115,0.00030212914155691446,0.00030439274270717886,0.00043772386345971014,0.00040447733688458103,0.0004339080215497536,0.000536129797392179,0.0007140070377911862,0.00117655860696511
0.00030528898020725924,0.0002961366273539694,0.00029578337332843895,0.0004550975138295952,0.00028888703492465387,0.0004093640354736348,0.00037948345364172234,0.0002834894268418075,0.0003221779784737908,0.00022802776812824997,0.00025528682573128806,0.00024380029934607673,0.00022946816857431166,0.00022236576599972454,0.0003310783362960834,0.00029356177879475743,0.00021481075993196283,0.0002029753959055242,0.0002760260810616735,0.0001899419398923469,0.00028109162135068425,0.00019199427399391297,0.0003238606628030828,0.0001992439628248472,0.00022256906878327467,0.00016672330755516373,0.0002970495516363918,0.00018861974634393818,0.00021445569933036505,0.0002913647745958254,0.0002075400289372388,0.00022756836173715535,0.00020940195351327066,0.00025880383695997045,0.0002129514920007155,0.00025599867360994014,0.0002615468000202555,0.00024216932594764036,0.00022208917659133093,0.00034322185163801174,0.00027016810670538855,0.00034714332511920744,0.0002872278634913097,0.0004354104382019649,0.0003820890308145389,0.0005260958183022022,0.0006577967240062034,0.0012030744143349138
0.0004537349493653694,0.00031313452014120936,0.00028732470656352155,0.0002537087861017185,0.0003266717166036551,0.00021860278614158106,0.00023095272440380423,0.00029772662491671755,0.00022560268661901865,0.00022050044205619557,0.0002396323200626238,0.00022968622578616098,0.00028715538253140736,0.0002760666683987864,0.00021246643328211672,0.00014670007616166114,0.00016336565115941727,0.0001993672013293213,0.00017098049251444228,0.00021855621389739097,0.0001858084440752381,0.00018738219079708849,0.00021340368934099052,0.00020969151138687823,0.00013810622662894533,0.00016705389737296024,0.00020289548392331787,0.0001679687585149346,0.00019840262279330315,0.00017718863997390162,0.00017996357684624243,0.0001482368380795225,0.00015161358808986222,0.00019300919077180434,0.00018671994930849297,0.00016852950777064871,0.0001839287630119093,0.0001726307309194164,0.00022178935227638418,0.0001828078285771824,0.00020973163788133196,0.00022058367701600567,0.00029694838181335215,0.0002769843848286023,0.00037665753450228284,0.00038859563254037483,0.0004486171531949946,0.0007834382054094976
0.0004318393077988277,0.00034780760148049974,0.00048756912146586507,0.00043241906378793416,0.0004957147708643542,0.00024126155020715771,0.0002843085102690057,0.00031775959832214674,0.00032150567130152276,0.0002252218678526992,0.00022736226281089473,0.0002272596493140107,0.00023747596898369391,0.00026681782033911324,0.00021390085969803677,0.0002224109754311822,0.0002181782425624555,0.0002847709118320581,0.00026838820996015884,0.00027343850142386617,0.00021250354118743247,0.00017687496712604671,0.00020254517157480582,0.00019632557057563984,0.00019148182368990723,0.0002959402228130095,0.00020677664298119892,0.00019643016086138299,0.00024336815518577083,0.0002838991821281692,0.000217201543548307,0.0002915292022779863,0.00021519141557791593,0.0002987953506582518,0.00018664425322382957,0.00021469697297066883,0.0002022805184507741,0.00021773407550305606,0.0003337114973854063,0.0003282873364287632,0.00028922998644925724,0.0003292844371248316,0.0003494710462810522,0.00047331360612992273,0.000435767756317762,0.0005107606441462839,0.0007261204397392244,0.000950073175783039
0.0004640596521037611,0.00035994706161783616,0.00028282377162208125,0.000335077941558543,0.00031117817230808437,0.0003285557376476257,0.0002354144903591537,0.0003732945704736581,0.0004958642329200227,0.00026958829113153535,0.0002235733862229182,0.0002421713645657431,0.0002329726901729505,0.00023699472558349856,0.00029337227060749444,0.00026676783378900757,0.00023907393418922944,0.00023087329034496547,0.0002200114586689247,0.00025520687735438544,0.00024104620721909014,0.00021089271382621476,0.00018583229598643158,0.0003046841159841854,0.00021305897134465368,0.00022412963316589883,0.000214491174143004,0.00015398920115744874,0.00017744597426194155,0.00018903302293832105,0.00024153089737694695,0.00022937988540079932,0.00020345138102237769,0.00023287752596927105,0.0002670422542777002,0.0002023471700324884,0.0002062124341870306,0.00019531150320615945,0.00029254373529704686,0.0002593671814031771,0.000268133304524636,0.00038050647208135715,0.00033064979200924315,0.00035480468263811895,0.00035074398577739926,0.0006096542432290835,0.0006149579625878318,0.000902750642461763
0.00039817383828066454,0.0004723346897736747,0.0003579282043523225,0.00040955076519648577,0.0005286186600393344,0.0004219134843237358,0.00041211895997308724,0.00046047701971786,0.00030564565755610836,0.0003404812298241185,0.0004306202194819273,0.0003114589958759133,0.0003636611268118773,0.0003098245722231645,0.00033835327315040996,0.00030863771648458776,0.00027814284548462913,0.0002919267385595196,0.00032854447532979853,0.00024140455449396428,0.00020219133699471436,0.00025578102756605513,0.00021559933507077632,0.00026209559223754655,0.00023806145757108914,0.00031822275186559745,0.0002061310347219479,0.0001983151787088506,0.0002621386752916492,0.0003498782394882898,0.00022392436192979022,0.00024303717826069541,0.0002396243393671023,0.00022547261946964382,0.0003438601859265706,0.00036947608288156883,0.0002413334427029848,0.0002355494280979394,0.0002556637007068527,0.0002897241112184755,0.00030069316754472504,0.0003051939524970047,0.0004376232746871739,0.00040100080968490494,0.0004283410203065585,0.000531048906531089,0.000727492743179438,0.0012003003420654622
0.0003412135619296433,0.00028277384466831825,0.00031653343217304033,0.0004283226605591582,0.00027740937160432544,0.00037947513512128845,0.0003727416361729013,0.0003368814338239376,0.0002944049357850528,0.00024160471025288884,0.0002670816466525727,0.00024804003650983,0.00021638115063638298,0.0002252480612708358,0.0003116339048785802,0.00030601024394596483,0.00021548225653716564,0.00019456696503945202,0.0002637313951918147,0.00018771110783856226,0.00027942058522669377,0.00019105187906978224,0.00032206355426836757,0.00019968743602839076,0.00022230206365749755,0.00016753886131044856,0.000290963726058078,0.00018817299306704585,0.00021557756576989583,0.0002901396483989107,0.00020691183526202962,0.00022759788293514149,0.00020781838644062385,0.0002598482840154105,0.0002120330994734187,0.0002569231748865355,0.00026073410254346817,0.00024098135829803935,0.00022226050089410636,0.00034545487374653273,0.00027030195757288044,0.0003493055197516749,0.00028751846809762225,0.00043357336688360984,0.00038190379252666014,0.0005269977140956464,0.0006580453780370017,0.0012089916287326237
0.0004183864521845406,0.0003194152744657118,0.0002908579293306232,0.0002998403761922528,0.000306350586001412,0.00022032712120747202,0.0002276804903899449,0.00030399199566248414,0.00021744447036253886,0.00021115476165180493,0.00021451175356475462,0.00022870898751332176,0.000288380307190369,0.0002714753117066151,0.00021040307167361828,0.00015057798094435097,0.00016319594747060104,0.00020224891605255654,0.00017261678274900927,0.0002227796669874006,0.00018646611372398844,0.00018661052416953731,0.0002180367977947238,0.0002131051937193575,0.0001384760157254789,0.00016869803158514967,0.00019852059360080823,0.00016773916456214438,0.00019606627536908696,0.00017997278249733134,0.00018407860189011442,0.00015063424353426038,0.0001526721991034954,0.0001899936302187617,0.0001852724661662364,0.00016567018908475597,0.00018203636346433632,0.00017228836680202082,0.00022168989934442162,0.00018325937257973,0.0002105893696522359,0.0002200967445734623,0.0002965505920440442,0.00027687840861453385,0.00037626398307950463,0.0003889009606220316,0.00044890454951755903,0.0007879093534985136
0.0003389405463083731,0.0003251794610899982,0.00021515265718028784,0.00030913792724419323,0.0002621972339632078,0.0002570477682218589,0.0002100975148375201,0.00022360494343482237,0.00031874006418292707,0.00016964036898909114,0.00019811098655692238,0.00020676895550010682,0.00019824227117561357,0.00018385995614672704,0.00020974538451318513,0.0002626314984743739,0.0001763915851969985,0.00019847494808210387,0.0002094519305040385,0.00014271285338924943,0.00020866991120904816,0.0001427630349375109,0.0001229226826839068,0.0001270820564570194,0.00017983867604904266,0.00014333193615895926,0.00015571371122442083,0.00015403862898036148,0.00023847113813329997,0.00013023979356988584,0.0001478517665158694,0.00019302553703978134,0.0001648719173237502,0.0001661894810201759,0.00022259265355013046,0.0001581099267604106,0.00021312557023440523,0.0001555936209765465,0.0002874524096383457,0.00018407021835972762,0.0001930598300256136,0.00024028648767786636,0.00028100038061740456,0.0003403938068834282,0.0004001465422453748,0.00036361129645203497,0.0004618931915346189,0.0007646426735059981
0.00020199273498382913,0.0002920237562461,0.0002924600752271681,0.00022939794707279126,0.00021095817127386154,0.0002273380143716639,0.00018136038494023817,0.00016686018900797356,0.00014245053307387635,0.00022959476176407192,0.00017988695360382384,0.00016130929578812178,0.00013758546529763838,0.0001911605837255224,0.00012120583015716209,0.00016216709673419938,0.00014476817337562886,0.00015466520810046474,0.00012314933140071847,0.00012626763813038136,0.00010759732342530732,0.000119861340688365,0.00015470621299410936,0.00014533010110186854,0.00012702956116016314,0.0001375623620396247,0.000132074913471066,0.00012151307905454523,0.0001194024420392524,0.00015985871704550227,0.00012086129485699508,0.00012901075462818808,0.00013837785020042134,0.00014121895537037984,0.00015617156445693422,0.00016259249519307077,0.000195201440607029,0.00022590806561112133,0.0001678439715404514,0.00017139134310283394,0.00018095087884848228,0.00017598132533163058,0.0002718706264159307,0.00023856274997540827,0.00023653936432355087,0.0003590603116308636,0.000401570775355584,0.00067281449770654
0.0003344846913288509,0.0002726529565915388,0.00023430243638562228,0.000256629668460545,0.00030522736754556607,0.0002984121430574614,0.00017902648439655628,0.0003422708867893079,0.00031174787948127873,0.00022389342775682475,0.00031343501406864266,0.00028097115897335496,0.0002004813010596314,0.00025739873255848777,0.0002146533285122479,0.00023717120119732545,0.00025064472584727075,0.0001710287658240312,0.00030002622355566406,0.0002542423040602331,0.00022298565609426158,0.00021133684640938253,0.0002660958364721716,0.00021334311730563906,0.0001542954871590993,0.000150930220552696,0.000160591894156828,0.00015359398512250543,0.0001822738028367309,0.00021787503523613424,0.00019888131945857256,0.00016871030137217976,0.00015357851621190831,0.00017613613400518018,0.0001847969695490685,0.00018219272913117527,0.00025581091744568066,0.0002003631021348541,0.00020243526400033908,0.00023363760333677813,0.00022645761227823793,0.0002882028794277007,0.0003021490451615245,0.0003361188012105127,0.00034858184082679284,0.0004329744028371251,0.0006308978110103807,0.0010089350392327937
0.00025760999285317745,0.00033270304680189206,0.00017377531821569436,0.00030817363575939225,0.00019965857057974262,0.0002565340416443699,0.00034514345210173166,0.00021226348889942927,0.0002593810301494242,0.00023744544982926122,0.0001758114143695036,0.00018432276136331379,0.0002037761214912722,0.00014732284008836695,0.00015242547547715483,0.00021785785726625138,0.0001571181487762177,0.00017053712725377543,0.00020798515048841095,0.00020336388000359769,0.00017433902774216897,0.00019246431767914085,0.0001701351241663336,0.00015359744761411925,0.00016499330850624792,0.000316046088966185,0.000156594146330827,0.00014044879587497012,0.00011822715744730991,0.00018406048104890668,0.00020407932376866286,0.00016699931310300625,0.00022527525238840798,0.00013500097431603232,0.00014845831488480822,0.00013265004101800114,0.0001763155417388771,0.00018443421594599189,0.00019710620849234677,0.00017625706017315357,0.0002373593070542889,0.0003164995997244903,0.0002230289341416859,0.0002494842923495957,0.0003741185038693704,0.00034749294788389694,0.00046846691687210044,0.0007395912089242248
0.00032309550172094275,0.00039789731063729917,0.00031780088302752206,0.00026054592585944954,0.000276221066759783,0.0002746491019131753,0.0003047599027991825,0.00021486804427708466,0.0002640430253897558,0.00023363414942405124,0.00025587341532001855,0.00019523423586282392,0.00023047418128847774,0.00023911595980896967,0.00024237173578667845,0.0001855305097336913,0.00015999740959328463,0.0002444824426940867,0.00018573837441412228,0.00029049820268032015,0.00022656855429216427,0.00018204343544424376,0.00016538667144430522,0.00023301022656968938,0.0002137152021684856,0.00020386325570846158,0.00022982584342586245,0.00016894966496443895,0.00019979951469572654,0.00015126155211459864,0.0001925814324783108,0.00018739593165735706,0.0002088992491887347,0.00017489777184484414,0.00023814177786351,0.00023318953549011928,0.00018726543864520525,0.000274835057409459,0.00023626267702572966,0.00022779636591620947,0.00030651667619916654,0.0003515817752509026,0.00028313221709424266,0.00032922427483853906,0.00040947818780559265,0.0004328719067779974,0.0006133305092443084,0.0009740158542420884
0.0003626168508032747,0.000314332263249772,0.0002155294421787026,0.000293696052003734,0.0002469519727183127,0.00024518180396190174,0.0002042388757370492,0.00023010031707063392,0.0003537733208420211,0.00016524394716049373,0.0001962812527819404,0.00018313909208926443,0.00018718637523934173,0.00017083416360445949,0.00020871719204023062,0.00025505780209955013,0.0001786448578058913,0.00019264547368196165,0.00021210606039030416,0.00013984822525380197,0.0002097032317188808,0.00014530490941712555,0.00012184240058175307,0.00012808319404247518,0.0001803568758379778,0.0001416234455668956,0.0001553972517306376,0.00015311859750393621,0.00023810449115767694,0.00013063071356165783,0.00014877617162051786,0.00019312028658034197,0.00016476400238170965,0.00016641087591167875,0.0002215165982450859,0.00015800671873293152,0.00021223496902251086,0.00015550096120186047,0.0002899149266213093,0.00018218234973284538,0.00019388356733911525,0.00024181909098039536,0.00027822728710025533,0.0003367842373073099,0.0004034150518391291,0.0003674676468081594,0.00046430854255934893,0.0007728785174652607
0.00024445585655887177,0.00027927282873259644,0.0002324613902671105,0.0002282662999961219,0.0002226717100485327,0.00019603432624868075,0.0001781643190681229,0.00017064863012504654,0.00015161519953670746,0.00022918661133286563,0.00018329603583571897,0.00017511067333075963,0.00013810311917559107,0.00017307845229293416,0.00012002713630411754,0.00016235186865794983,0.00014703569116972739,0.00015737541198880905,0.00012031021575489884,0.00012650609991581686,0.00010557259442646114,0.00012088625397149217,0.00015465387681830938,0.00014509584292899793,0.00012695717605279338,0.00013678680868241692,0.0001308130475338335,0.00012154288742698676,0.00011957324530286046,0.00016040827416494366,0.00012099617530593251,0.00012953221520734922,0.0001383362310896811,0.0001408980016172123,0.0001557343023102331,0.00016296416193216533,0.00019461714528468647,0.00022574423274078145,0.00016777047413760036,0.00017052847279469075,0.0001814961229644356,0.00017599758602302668,0.0002735610814981565,0.00023712513147165976,0.0002359757504850057,0.00035909027537380303,0.00039997095201694784,0.0006769858119131592
0.0002894440723639094,0.0002595091283124886,0.00025136902366978454,0.0002502245904094129,0.00028384536593480233,0.0003050569951834389,0.00019453529329965783,0.0003375751209458728,0.00028554919077505256,0.0002081562610512077,0.00029962728140434927,0.00026692686091903025,0.0001976043625330999,0.00026017482864586927,0.0002353847420890184,0.00020997997748323094,0.000248267995060036,0.00017264988663995672,0.00029865006243630474,0.000254129127106855,0.00022370748737472862,0.00021356515289115582,0.000265838482399328,0.00021156425789898683,0.00015408325789333137,0.00015057273112444115,0.00016024026934857187,0.00015358318765263133,0.00018167107684979343,0.0002175127491761416,0.00019956243976493884,0.00016949098160851166,0.0001535033364401718,0.00017621565432608663,0.00018426970504321444,0.00018257252534324827,0.00025640536763742665,0.00020061796761564496,0.0002017838264379758,0.0002348593179040854,0.00022630901597406845,0.00028768390609570064,0.00030273338651102806,0.00033535422421797795,0.00034901944593592024,0.00043178673614108085,0.0006305416504547247,0.001005670015458947
0.00024060292951676022,0.0002676046162300555,0.00019908050919255075,0.00032183470047715394,0.0002030680534000356,0.0002673151054385688,0.0003478417423839798,0.0002161993204558232,0.0002374757101043865,0.00024671134501827316,0.0001886812157187207,0.0001744460280480035,0.00019070285710033824,0.00016000811281758197,0.00015396944300090742,0.00021272852124291211,0.00015549375639421724,0.0001738852847063827,0.00019624379930524848,0.0002073670128430044,0.00017693297375675804,0.0001786154353073783,0.00016438661194951055,0.00015652377522587096,0.00016798363273236685,0.00029964767629153156,0.00016473172909659163,0.00014640038516474215,0.00011919184312351956,0.00018772659260316143,0.00020608157874719003,0.00016845318971893197,0.0002181260689756221,0.00013485088465902903,0.00014874663948652689,0.0001325273115086102,0.00017542106794684863,0.0001796263433986138,0.0001937396289040892,0.00017962005923841907,0.00023220913912468206,0.00032085950192827493,0.0002197695287109854,0.0002451819032020511,0.0003789231335913364,0.0003465166601725276,0.0004682162682537863,0.0007295687262111027
0.00034678224649625604,0.00039171583248303693,0.0003119463098852813,0.0002894023631095006,0.00028547146284707596,0.0002690949596383489,0.0003002756846603292,0.00021559980333641802,0.0002464954521119303,0.000241425682265282,0.0002524185124567504,0.00018694940843183675,0.0002373209239215192,0.00023282165989712842,0.00023550120055596395,0.00019461644598951745,0.0001630782404419905,0.00023417972537768136,0.0001810756776865786,0.0002726178873629313,0.00022902413910629515,0.00017940745382585588,0.00016930871671512305,0.00023745734943251165,0.00021059053502751296,0.00020067720995733357,0.0002286870167216657,0.0001685391162719147,0.00019563538425800778,0.00015284839013386502,0.00019550631304081606,0.00018705105133812788,0.00021187150788800412,0.00017676594526886845,0.0002389474115212885,0.00023775956231306478,0.000186094105367647,0.0002740664290291356,0.00023192622446005306,0.00022741032290031236,0.00030634663595638167,0.00034853600052175363,0.0002812921937913634,0.0003314287698677212,0.0004056391203490879,0.0004340871318156006,0.0005965959005832408,0.0009855403805820637
0.0003997984496024905,0.0003059532766427405,0.00029758924463325675,0.00037130615056678166,0.00026906079859572265,0.00024741900326715133,0.0002096565439008739,0.00021511669356660566,0.0002989197885139445,0.0002292155594730993,0.00022198835584371374,0.00021591865206086266,0.0003584760752953132,0.0002677673289837635,0.00024491208592900194,0.00027060121415079663,0.00023313052798118494,0.00024201297931671268,0.0002265416178508949,0.00017260809739069158,0.00018533605063852322,0.00023413079486481268,0.00016400485203411534,0.00016394993980146442,0.00015853120583219764,0.00021474073399235783,0.00019312786689157013,0.00019789317425376643,0.00016098035844880874,0.00021090345061206085,0.00015178994386961777,0.00016309152084630326,0.00016827657450461776,0.00021322221780476327,0.0001723884431501831,0.00022269454667777483,0.0002602714880940555,0.000210943392113337,0.00027332686592659015,0.00021128806352696547,0.00027156593488850914,0.00032765354290077264,0.00033794166570690954,0.0003187244236831662,0.00047811141226647094,0.0004789544487852708,0.0005846795504688835,0.0007491166298661754
0.00038300149497288305,0.0005646733508350585,0.0004104263255171459,0.00029926053841285746,0.00029491791056758125,0.0003466792973587465,0.00036362105357343866,0.0003753194429113635,0.0002779667538216491,0.00033985549254570807,0.00037845469144878876,0.00024979766096984993,0.0002647720532965416,0.0002095055504459431,0.00022724812316784806,0.00029906563755880046,0.00025788762050761495,0.0004140057809797627,0.00026122020434806543,0.00022564146387164474,0.00022214199489234437,0.00022807471365462735,0.00021687099858127312,0.00022717025554640165,0.00034640305091567696,0.0003087922259036812,0.000233688439469031,0.00024287632794420307,0.0002646474565713461,0.00025348434029252506,0.00023821486607819768,0.0002169994717602458,0.0002510206446730128,0.00023749485649903686,0.0002876684682012822,0.00030314088100092946,0.00023714031294880397,0.0002514144903567494,0.0002642632435856893,0.0002634572411889705,0.0003136454190179727,0.0004405943441086387,0.0003795978479383423,0.0004364214398700462,0.0005100787026831141,0.0005963804010749861,0.0006747822472075466,0.000988013664063542
0.00025057157328272207,0.0002484150555011455,0.00021862946396453546,0.0003018969633704396,0.00018519716825486323,0.00029061599164575714,0.00024023064610866125,0.00028069611795630806,0.00031110706328969204,0.00023619465591483304,0.00020508563151096917,0.00024264259612847858,0.000231281611463708,0.0002068497896612596,0.00018615459962567667,0.00020341807759535928,0.00025518656879423027,0.00017730253253123626,0.00027035711470799786,0.00017370991988424205,0.00013469484364141571,0.0001222960573165642,0.00012032391835929682,0.00011907332907911341,0.0001319527796735777,0.0001817403078875158,0.00017243767880298483,0.00012018776373454165,0.0001706094017531051,0.0001361414834806599,0.00016075840382772053,0.00012201246964972481,0.00013957353848826858,0.00014274113785496558,0.00016194198512717444,0.00015050401793558873,0.0001460445354238985,0.00019771636020410072,0.0001407288873048149,0.00015939267136447544,0.00015579811225897768,0.0001766689311174361,0.00019072076342818337,0.00021695880254550987,0.00025399140956189266,0.0003792281353092347,0.0004509909309726954,0.000636301911645856
0.0005780306862511296,0.000274829316015319,0.0003199398778385201,0.00032988408081267905,0.000346375506970459,0.0003285722420271373,0.00027969312899533017,0.0003764870209383849,0.00027404428897598375,0.0002210286898635148,0.0003279270357178204,0.00026774432942570535,0.0002108040068402047,0.00023288637830964782,0.00026350394741779293,0.00021320439958735676,0.0001861438021157545,0.00021482521456629388,0.0002156724154678413,0.00022028727146621382,0.0002466235083890707,0.00026600443159009404,0.00020005426840792094,0.0002757666805615276,0.00019317753356018158,0.00025899059815244366,0.00018509752543183924,0.00018646516586750088,0.00018834721985663225,0.00023521211861496352,0.00023071536948873774,0.00020788737651560377,0.00022168427316940066,0.00020062284266852788,0.0002022515921414452,0.0002530607787215667,0.0002947721130342444,0.00023521537233508837,0.000242364712434752,0.00030377698108548896,0.00029386254779446,0.0003947908605075663,0.00032931662236654585,0.00045500770012976114,0.0004574209476546009,0.00047762016061532827,0.0006542932597903646,0.0009715938361231031
0.000651159551309894,0.0007057695255011901,0.0006780648985444501,0.000562284101952123,0.000496942244959059,0.00040937103213073856,0.00046348710057607476,0.0006521650912659393,0.00040615251462501693,0.00039747363658569103,0.0004680775151806499,0.00039467383751605744,0.0004984884473376958,0.0007301155823477353,0.0003130818812139687,0.00045484376953896263,0.0004453330426973484,0.0005592101812223186,0.0002706054989892853,0.00028360835963480124,0.00039211443641713284,0.00048439904145471173,0.00030182852827339364,0.00025507481805843316,0.00028904942941676527,0.00030037709947346397,0.00026162190841996476,0.0004034702498172244,0.00036129157357034825,0.0003756980168284043,0.0003576167711341737,0.0004128818594131794,0.00033553133851894033,0.00032051867308351107,0.0003704184969028799,0.00037997955059084355,0.0003026911507671401,0.00037818034780566886,0.0005469397514972067,0.00042394430407588274,0.0004130964368267965,0.000527583661721062,0.0004527217497237403,0.0005247793852590402,0.0005909193101353017,0.0006795678696341983,0.0011144518361793038,0.0014926274496351623
0.0003890932781075509,0.000298592474426626,0.00028913089517947955,0.00037345907361505744,0.0002687733564123348,0.00026589771083421795,0.00022618334325009634,0.00022618069205450656,0.00031533992790062676,0.00023262708868043215,0.00022351426700168006,0.00021813059078247706,0.0003544683290225016,0.0002648611295806355,0.00024488175318223643,0.0002696154257034146,0.0002267938678383779,0.000246151220934527,0.00023284316986353667,0.00017157457205710464,0.00018505658211967686,0.00023343415331294044,0.00016195725775191644,0.00016282041095035305,0.0001585246192473527,0.00021447763105343656,0.00019171850301007495,0.00019626084585537093,0.00016085051482786185,0.00020967331814261244,0.00015179900340553504,0.0001608847854883973,0.00016736185918408644,0.0002137423629422475,0.00017266741842497305,0.00022172595722109198,0.000259816770249466,0.0002118831764593673,0.00027337333014023854,0.00021165619134201917,0.00027205854310102286,0.0003267410633940185,0.00033808175486704523,0.0003180771704971715,0.00047840802472713906,0.0004783634732808329,0.0005834503992542746,0.0007478995648175214
0.0003218794720190471,0.0005184581363098062,0.0003575131168450534,0.0003016970505367845,0.00027701015525700523,0.0003450994637141982,0.0003417828805022549,0.0003884801517908083,0.00027558173335177536,0.0003461207668542382,0.0003731485665235498,0.00024516311039719357,0.0002821836171040174,0.00021608016214545714,0.00022818167772748531,0.0003055640464268495,0.00023809646054331744,0.00041035159395442675,0.0002658411706156398,0.00022532552185119476,0.00022449209947885378,0.0002262020924350425,0.00021484600264195787,0.0002284064878377156,0.00034354569531700656,0.0003051742680134339,0.00023137113357416222,0.00024229745455933702,0.0002692606542602649,0.00025280580848827014,0.0002443636385369403,0.00021794961221640902,0.0002459506352390706,0.00024223900054693223,0.00028822824212786135,0.0003001055942397365,0.00023720743985117503,0.0002526429103879257,0.00026617152621415157,0.00026690115410734407,0.00031356869789594103,0.0004407876727610491,0.000378100675912612,0.0004360546333051051,0.0005104359670299241,0.0005957038078397464,0.0006757187790684836,0.0009891447769391172
0.00022066831811764,0.0002669994767468338,0.00021495168273896913,0.00030386610216385227,0.00019498254802351132,0.00027005877154802365,0.00024656324403107084,0.0002611969579599161,0.0003126191983813245,0.00024346230742419472,0.00019482202982344177,0.00023703101829431603,0.00023132149335493624,0.0001957506512891321,0.00018631577718371188,0.00021235275978773928,0.00025635122691623546,0.00019339010111358887,0.00025770603609945596,0.0001947573315856088,0.00013683541037941432,0.00012284148626905367,0.00012090058853660248,0.0001203918600538036,0.0001334654819753309,0.00018830481230295966,0.0001714862024461595,0.00012042614977805785,0.00017173074727303293,0.00013625955128474294,0.00016182486724866736,0.00012186178762285422,0.0001390456441398852,0.00014200179225320087,0.0001615356087307341,0.0001497227931274616,0.00014610178071237692,0.000198708734874383,0.00014110124899574303,0.00016035032061984466,0.00015557830432876997,0.00017608437890698697,0.00019059251476877693,0.00021744769805915245,0.0002546850054627178,0.0003759045755709793,0.0004507375470244957,0.0006358346964891807
0.0005463895776071163,0.00026771103820206213,0.0003142888094704453,0.00041211720181319033,0.0003687016207319316,0.0003325296242911875,0.00028759042975288275,0.00036165826849413247,0.00028348749678767937,0.00022509409168328646,0.0003308080042420892,0.00028202563297659116,0.00020370398015585786,0.0002463762586025612,0.00027944298175076583,0.00021361865362522236,0.0001885815799362411,0.00021633207946638444,0.0002172863300856432,0.00021721398788520795,0.0002521683579331727,0.00027477093783193865,0.0001990813264493769,0.0002691386024661571,0.00019459997962699898,0.000267312901357294,0.00018300873672003545,0.0001941203980658341,0.00018775283431678733,0.00023380009970772094,0.00022986294082069362,0.0002066071263264378,0.00022271563107258212,0.00019885196140349834,0.00020854941822593474,0.0002578866807955433,0.0002959739692813024,0.00023913317225048145,0.000239040419489136,0.0003007462938124603,0.0002954979920253331,0.0004045577205712089,0.00032517516709055843,0.00044767783778326204,0.00044662335297525845,0.00046985213530963696,0.0006795080495822664,0.0010239424097784374
0.0006073607917998642,0.0005907804624867943,0.0007370895760702719,0.0006552792053436781,0.0005027062431374719,0.0004093756494080872,0.000458458640447066,0.0006243323778734062,0.0003964224739047644,0.00040252624864403977,0.0004545796041495692,0.00040205025873803847,0.0005027675660709103,0.00076693771221276,0.000308219786986449,0.00044768196632380386,0.00046082381024363164,0.0005309576343576058,0.0002704696509561064,0.000292637256539868,0.00039445214148942933,0.00047427557826449577,0.00029817333916552357,0.00025537342522068677,0.0002931662499423079,0.00029715987471066834,0.0002607245711678879,0.0004035422162011226,0.0003619281076442606,0.00037269001599938835,0.0003575697598974968,0.0004131168526776756,0.0003385365565969868,0.00031715018770796835,0.00037348223912768826,0.0003802238788769477,0.00030327403387064703,0.00037761598489143304,0.0005505772292706849,0.00042454854837472737,0.0004144980468887356,0.000532738783535138,0.00045449817710721633,0.0005241419286168115,0.0005908653672118052,0.0006793211672446412,0.001122951957318463,0.0014966369987001172
0.00023330400148015624,0.00024643958692241783,0.0002297547698297479,0.00026851838895798754,0.00037620321681858135,0.00023096912988670009,0.0002255709287238339,0.00019712492154439442,0.00017453550118578186,0.00025949968698279466,0.0002239399828150555,0.0002676308955915637,0.00013780263754747151,0.00015233756702157176,0.00016666147572771254,0.00018698898045292893,0.00015655467684732343,0.00015744199831391095,0.0001831848798143056,0.0001447973116124241,0.00015610779379742,0.00016988010099115613,0.00013381181612940116,0.00020257898671324182,0.000162112295857168,0.0001756640914668128,0.00021338502890950908,0.0001339877619871367,0.0001382603227264653,0.00018425254314528237,0.00013620906563309318,0.00021023734533855514,0.00015986896496358811,0.0002114485519387815,0.00015538636517268753,0.00020897322125434912,0.00015350902892665542,0.0001824907539405458,0.0002050442639563529,0.0001675992661509301,0.00020227705588693573,0.00022625665756650777,0.00027784568087446134,0.0002563594450605308,0.00032857424225770217,0.00035894673550901243,0.0004418966203538061,0.000803990090251229
0.000610304498110089,0.0006283774676284211,0.000551242763318238,0.0005001749581182562,0.00037511028927451917,0.00033183788329831023,0.000341469324562708,0.00035522995007832107,0.000276348195333716,0.0002562036670684349,0.00030434152628742186,0.00041349099021245123,0.0003537752667409435,0.00033706632190278884,0.0002862274578614133,0.0003591762128796337,0.00028819503629049024,0.00026151521538900777,0.000244215210070342,0.00024018822703423168,0.0003164946845824321,0.00037103919102659714,0.00027792645306980054,0.00035651282929851806,0.0002471744987901566,0.00032559818326190437,0.00019120570021725273,0.0002708772250502658,0.0003046223885944286,0.0003359611842780078,0.00027804166489280144,0.00022975380058599322,0.0002226247327671049,0.0002447161672101955,0.0003282140074120552,0.00034933640990120223,0.00026592991132171637,0.00025275760392700383,0.00034318685091189844,0.0003474572738000369,0.000382166498219517,0.00037248428930725433,0.00042637102372907425,0.00046914137835022323,0.0005781780070583641,0.0006077218730326425,0.0007336271703513354,0.0011679373513962597
0.0004565616542603481,0.0002683334330981174,0.00029404539203247923,0.00020099098963631556,0.00033518617731517666,0.0002640768996672736,0.00021569276138715232,0.0002458160001987644,0.00023775246473025218,0.00016750785601658794,0.00022915038911123397,0.00023138376162721138,0.00017999182123932118,0.00016048115464875162,0.00021391522169073585,0.00024774159854013,0.00017164715535689733,0.0001746461573230836,0.0001892327149187869,0.000200830629521616,0.00022443320212691109,0.00018572627453247584,0.00017294245379041582,0.00014461250503796145,0.0001774413422376112,0.00014917455150663834,0.00027211076812555605,0.00013561411215257108,0.0001600642858161825,0.00017577550348649162,0.0002337048212643024,0.00019166345929660415,0.00016354226308568648,0.00020471119582889696,0.00017170429699932225,0.00020382607733530054,0.00016562627801368758,0.00018532604942506827,0.0002416276633989857,0.00024316955234021087,0.00021101065046970235,0.0002498049379935124,0.00028677473879137937,0.0002904946446453131,0.00034408325329221936,0.0003772556804629878,0.0005281666563252633,0.0006865800632213714
0.000701915013257839,0.0005053695303918192,0.0005707771598192745,0.00042773488577140743,0.00039243190884130527,0.0003327470904037381,0.0005707318211343091,0.0004046369842435662,0.0003556949592865364,0.000400854939368629,0.00032393863457589304,0.00032419875699625755,0.0004474221305952602,0.0004333968660082999,0.0005128988865277653,0.0002920598181392422,0.00033078954211709964,0.0003266627234836295,0.00029989634666302274,0.0002606531159740482,0.0004022473785380087,0.000253963682546506,0.0003729501241445263,0.00022919378835851376,0.0002938336469090238,0.00046531273314669744,0.00030502987444311954,0.000340681177444948,0.00026857569081907204,0.000262555971979624,0.0003158425188883104,0.00030216542736294654,0.00028071992457562566,0.00032466667939443403,0.00027195808550807603,0.0003530902250636052,0.00030580730930961704,0.00026113449011680825,0.00037494206024794586,0.00031191320414491997,0.0003853814005084831,0.0003928827524243222,0.0005981889297779023,0.0004831553929826854,0.000838729002694757,0.0008449676720835096,0.0008185072036704545,0.0014247275738223642
0.0005140262691978807,0.0003089287265449816,0.00032655349706422256,0.00033745906841007136,0.00030607032439362506,0.0004167677564718393,0.00027291329908525115,0.0004129546083690993,0.0003091220373494434,0.00030411558445305506,0.00027948798035920384,0.00032867320725632455,0.00020571723521579398,0.00025812657105888547,0.0002670400653483557,0.0002361527416395103,0.0003106657706168378,0.00018854967091849149,0.0003700100450524093,0.0001882251226641276,0.00022610205561270425,0.00026099621509530067,0.0002746146482217075,0.0002906885583804599,0.00023324558009615683,0.00019935175236256795,0.0001673048277682504,0.00019562586976866364,0.00022851267944670804,0.000190979232204984,0.00033170842991872633,0.0003099417310401743,0.00022006433304987626,0.00018457738556572632,0.00018508919844655128,0.00019462939149780188,0.00018147187759623787,0.00023752529919302595,0.00023242047612494413,0.0002359049706189654,0.0003895775947458948,0.00028870814697437184,0.0003668836302209614,0.00038895348951845636,0.000408414822736336,0.00044589233696183304,0.0005985160752692784,0.0008786895691901838
0.00023238496654093545,0.00027561371781199655,0.00020657107879269626,0.00026992091478505905,0.0003400479957757756,0.0002422863847286927,0.0002246772039699521,0.0001982862004846793,0.0001818644996230519,0.0002637487973529856,0.00023021348056317337,0.0002592812097567872,0.00013963704822075296,0.00015306880019158968,0.00016593269247330462,0.00018376837093339005,0.0001498713938462542,0.00015417838245721478,0.00018721839840888898,0.00014700528169433127,0.00015541795129154733,0.00017212680428028437,0.00013376489491970695,0.00020295413535780616,0.0001634371195975812,0.00017797383032580377,0.00021423371742352798,0.00013409562067231209,0.00013817545032720574,0.00018362568108590136,0.00013578036206883618,0.00020933454419107378,0.00016039338811469115,0.0002129656870313217,0.00015590679246231109,0.00020855500893902042,0.00015334982992634742,0.0001809472821938877,0.000205585431095189,0.00016827325297856527,0.00020190872734368682,0.0002259817760856637,0.0002772805018868917,0.0002552036935549962,0.00033094816697898003,0.0003600883532129875,0.00044329209246725203,0.0008025434730041488
0.0005605349397364095,0.0005764685122446754,0.000536944991872723,0.0005371498904870271,0.0003580719807011581,0.0003460767271129352,0.0003565407254408114,0.0003630959118309113,0.0002827829019955111,0.00025540552311677917,0.00030601946872447545,0.000428757826832686,0.0003621740739728846,0.0003267528816038115,0.00028316631977441897,0.0003611780773231805,0.0002902175151707675,0.0002607522103586175,0.0002457297000374447,0.0002403944054465235,0.0003071426546703221,0.00037733501491621406,0.00027222393591965085,0.0003528308482915823,0.00025268592273843937,0.0003207486770302627,0.00019594674323238835,0.0002696393746013623,0.000307498703868255,0.00034140632014435335,0.00027789526955960533,0.00023152734142339315,0.0002267506952740484,0.00025018215139636446,0.0003273819500443784,0.00034738076222897406,0.00026596630367334756,0.0002543595852118824,0.0003400275607411145,0.0003504640358826375,0.00038579102132186937,0.00037348770203937334,0.00042836046641467633,0.00046777618468683005,0.0005787616429897517,0.0006053528631328162,0.0007329068501128666,0.0011707533841873586
0.0004079861675844332,0.0002792689649300295,0.00027986741440888443,0.0002077332204346997,0.0003547818119011524,0.000248874637128761,0.00022076927843470793,0.0002536317115497912,0.00021828608419583682,0.00016703989854268217,0.00022734218389768195,0.00023281969855945106,0.00017744529839011148,0.00016131276003630125,0.00021692040832839625,0.0002527381466207213,0.00016954734789733053,0.0001770009044645522,0.0001905978093927924,0.00020847185352290286,0.00022464188294501594,0.00018683794694067415,0.00017573529045049604,0.00014277260171105245,0.0001765758267470864,0.00015095950702620546,0.00026964348659210626,0.0001359503106797951,0.0001612781602922751,0.00017589013887169948,0.0002345241596829971,0.00019092377151100874,0.00016420583436692763,0.00020468748180547648,0.00017101194687110742,0.00020376146895734957,0.00016570827267762167,0.00018554463825441872,0.00024106500315246543,0.00024207058102305556,0.0002115462223205831,0.00024942610869955497,0.0002868310178376005,0.0002911104253278078,0.00034412534003044757,0.0003769076772353981,0.000529644909583581,0.0006852744724458155
0.0007286338973039328,0.000483230018063158,0.0005101167690609802,0.00039859119769483544,0.0004255971389422764,0.00033475166493526483,0.0005818524433263676,0.0003726548009480335,0.0003461391511811732,0.00039324548890674855,0.0003343927554244425,0.0003133292476808728,0.0004344588413784612,0.00044177905986254895,0.000506132503761732,0.00029252190884265897,0.0003413832848785552,0.0003334097348672276,0.0003079236056153339,0.0002646109397838127,0.0004059820962867936,0.00025509273384950704,0.00037271102881348227,0.0002305715619118077,0.0002919441798704852,0.0004674039046775757,0.00030309824132350633,0.00033370132598104266,0.00027129633695551126,0.00025822099027948854,0.0003104065546679872,0.00030877588271881044,0.00028392059461887525,0.0003253639689160148,0.00027218438655654206,0.000340079603709557,0.0003055385237495212,0.0002598996125841656,0.00037418643899151,0.00031189303656933067,0.00038503820897815844,0.0003935635566359755,0.0006107159617816055,0.0004818607926335024,0.0008374904877810881,0.0008475975027815366,0.0008169359726065242,0.0014304951441563793
0.00043291558515206534,0.0002823808462497616,0.00034424462980408086,0.00033222438881308036,0.00029476960861116066,0.0004424770640393545,0.0002744407378792339,0.0004302980153340866,0.0002948329610778715,0.0003038753632627509,0.00025466090870095116,0.00031899197135382303,0.00020203998653493146,0.00026520100926994236,0.0002648000401914343,0.0002422908350020152,0.0003103756908561069,0.00018853124588581662,0.000363187773505496,0.0001829416144088672,0.00022680949427540786,0.00026123842546934813,0.0002743563442871643,0.0002896964608606662,0.0002320557719654898,0.00020186546624810872,0.00016759500212744428,0.0001960366447075094,0.00023225516618784634,0.0001908246407591785,0.0003339720258504356,0.0003073868691893342,0.0002205884214902411,0.00018460064613207773,0.0001840386204701505,0.0001934367811568919,0.00018123512379276396,0.0002380724142119539,0.00023316486086858403,0.0002360759482750646,0.00038944485170306937,0.0002893552038656495,0.0003657733082360145,0.00038884207884174794,0.00040764987874059206,0.0004478884730478797,0.000600419274192564,0.0008794564728050276
0.00020373196561533914,0.0002403079514646765,0.00017767154559443477,0.00019853404412562662,0.00020035100614193443,0.00018652899209886637,0.00014528986134760828,0.0001824356169130333,0.00015148210635993237,0.00021107111302004687,0.0002224149067522983,0.00015729759214125376,0.00018109334795633988,0.00011645517844352726,0.00014913165145659618,0.00014763023591132725,0.00014064349512501046,0.00017142286069632024,0.00017866055476139695,0.00010116028713508567,0.00013455213541675772,0.00020552092653842606,0.00014458187836972354,0.00015385947697803214,0.00012593062288889786,0.00015428713509497006,0.0001514990435320248,0.00014327373445948463,0.00011996811490034743,0.00014837750446304744,0.00011237824845089508,0.00017092614243462018,0.00012516000918624798,0.00013228386530771973,0.00013001033933693313,0.00016229956226669222,0.00014375218521680828,0.00015715449044469143,0.00018070889950153922,0.0001696264202451859,0.0001679708000968249,0.00022605876455875562,0.0002236281510213883,0.00030338372436983,0.0002405632240289185,0.00028706064415534143,0.0004352611506081496,0.0006573836102598947
0.0005459970699739962,0.0006257553788617277,0.0002758447872331608,0.00026702719204686553,0.00029742576777421793,0.00032064673521354755,0.0003907825950781848,0.0002450387707080065,0.00024935776817230606,0.00031811871803601074,0.0002854124398530811,0.00026275791533598704,0.00023779661190711428,0.00024206947986774838,0.00029639113559172374,0.00028744192416435007,0.00024996147955061047,0.0002694001636882239,0.000224750542716403,0.00022431827798148054,0.00024745377677211735,0.00022596219933357207,0.0002823877845459738,0.00016833168761881911,0.00020492202716193791,0.00018811890296704684,0.00027407533881727034,0.00016987968978232214,0.0002364901361233586,0.00020639443056521972,0.0002057124591929056,0.0002055114381538708,0.0001982324325701657,0.00023445212858632966,0.0001958324081796781,0.0001915196393828735,0.00022454243445753713,0.00020955172473291524,0.00026707133682357865,0.000217219905008762,0.00029033007368110635,0.000308836116680572,0.0002946822285528287,0.0003747904690222835,0.00048489813820885657,0.000501287702049605,0.0005511236638059856,0.0010115342096620082
0.0004360130195622538,0.00025853405856931383,0.00026826893437749926,0.00030276577393689925,0.00024437956694954956,0.00033073706272238154,0.00025878979090816805,0.0003268003407905476,0.00028252339956957943,0.0002338605976991309,0.00029446193435534986,0.0002573304382028471,0.00020710315842933317,0.0003228227792138934,0.00021413385474965002,0.00025745560212332144,0.00018163845099809352,0.00017870654017771405,0.0002052306881638244,0.0002605872913226706,0.00025531195036533936,0.00020882950337993333,0.00017862281406485188,0.00018795334839798687,0.0001830057143914107,0.00018618839843964372,0.000180106601530653,0.000204519534540755,0.00019508671277749436,0.0001695128434660917,0.00016467642348276464,0.00021889527178108208,0.0001873934515656054,0.00021915163534273781,0.00016043717347047383,0.00028042982195877693,0.00018084473568178875,0.000222152734965957,0.0002719371279047202,0.0002795286037783005,0.0003111272773025889,0.00023817818427937772,0.0002761502740029899,0.000337830588328725,0.00035939594860965137,0.00040578865584740267,0.0005133412995626278,0.0007492985510044608
0.0004371926593816429,0.0004096998246533714,0.00032115217464469964,0.0005113633273358876,0.00040377217964549986,0.0003781801673767117,0.0002874724694220056,0.0004887320402223492,0.00042365855301398594,0.0002964072122865423,0.00035067351001621656,0.0004022658353148578,0.00036225805920842615,0.0003433942533310162,0.00033601699011581124,0.00033077484361841583,0.00023277650612983785,0.0003699498455796698,0.0002686209252118444,0.0002690458206504917,0.0002855845009913807,0.00043478344313097663,0.00022677882919115312,0.0002223632695061334,0.0002457626826862715,0.00033516621379495724,0.00027356447727698623,0.00028991366351455665,0.0002438406440970763,0.00030478012179829003,0.00030548705674309336,0.00021994155996858344,0.0002597453408971976,0.0003317547589003017,0.00026954644372787184,0.0002660290638826126,0.0002535026933733947,0.0002988089078567323,0.0004025530865867804,0.0003786659796813708,0.0004481207484293493,0.00034659306946570133,0.0004054397121915963,0.00042944158656383095,0.0005378883838623092,0.0007148036195333098,0.0007542500663654272,0.0012793705584313848
0.0004366233833336803,0.000298680959415355,0.0004561196023790192,0.0005054288996238121,0.0004598226218002008,0.00046875158064381113,0.000394114495412873,0.00028710718222251137,0.00034991012728335463,0.00030929193348309866,0.0003246369951299151,0.00026029122095931677,0.0002362014597884881,0.00032325646366438847,0.00021112410369955302,0.0003082189383757463,0.00026240801823854045,0.00024386669460770848,0.0003077923220688563,0.00025688041260156784,0.00027900685301630895,0.00026897046418079633,0.00022639085951827243,0.00021003913692614048,0.0002690398875842822,0.00034876062471906764,0.00024248608105772006,0.00023783711489614972,0.00022904616218792948,0.00027997275211522966,0.00023845400440662364,0.0002475324867286961,0.00024071525453331276,0.00020243563522283342,0.00024158318347305773,0.00020750065932749153,0.0003319648840729688,0.00032745644508510576,0.00028356865526281454,0.00027642905078305394,0.0003350957015780027,0.00048014755987131147,0.0003449420119465869,0.0005107583117879067,0.0005328366407684117,0.0005519797618323076,0.0006373445775785794,0.0009973129448849639
0.0002092865838214226,0.00019424472859233896,0.00018453846584143762,0.0002083707325199453,0.00020036295804115494,0.0001982615022318385,0.00014552798678438942,0.00018075877357867596,0.00015645785422268769,0.0002204713229905936,0.00023123630684882066,0.00015131467755048178,0.00017818764970835505,0.00011443703691430366,0.00015020532412736225,0.0001458276194657294,0.00013863076782034598,0.00017431134494675372,0.000177724369033503,0.00010157354509753206,0.0001344083514395117,0.00020369586586497794,0.0001424938012437387,0.0001540369987418546,0.00012540883035248016,0.00015475501883563698,0.00015109730984947853,0.0001430796679075491,0.00011975580644705815,0.00014852817015296267,0.00011306036455443058,0.00017001998984622347,0.0001254231869928435,0.00013309705403917365,0.00013116691813760324,0.0001623320669847576,0.00014498219662377414,0.0001559725862531473,0.00018122756454532624,0.0001699206389771165,0.00016862922635709393,0.00022686255509549034,0.0002239471744016099,0.00030328082104195454,0.00023943622842372656,0.0002873529541786018,0.0004352428093933989,0.0006563197452097828
0.0005111527548861425,0.0006814645845675297,0.00030138002281586857,0.0002723274173236176,0.00030184104581089074,0.00029551646079891113,0.0004071032159728818,0.00024739888437731814,0.000239778310967383,0.0002977487065247339,0.00030614309581949235,0.00024313028486313122,0.00026025702264233556,0.0002964959375584244,0.00027271076173844864,0.0002786762286888869,0.000267582376669449,0.00026765387303190883,0.00022469854739894706,0.0002382954744147227,0.00025397519099604367,0.00022883890784875058,0.00027725290648694103,0.0001673053386446924,0.00019551169609509605,0.0001937571178832332,0.00027160145201227744,0.00016830237115431177,0.00024437579235922073,0.00020897726334708194,0.00020336193458030038,0.00020711336163751345,0.00019982897627374364,0.0002329236944544803,0.00019628288351317583,0.00019074990139441846,0.00022883688874871498,0.00021007566091258307,0.0002650990028088354,0.00021844531006839959,0.00028436017686228604,0.0003048636189655693,0.00029158975962816476,0.00037670678862206336,0.0004883322080363134,0.0005007537410258746,0.0005511904957297167,0.0010185148164273423
0.0004901165285903304,0.000298486738292211,0.0002841135940862461,0.0003187425963427898,0.00023661634281902454,0.0003633817609916719,0.0002607954745551659,0.000355320405239925,0.00028154594985532646,0.00023248726224154865,0.0002956160494077716,0.0002499094244217557,0.00019224484510308812,0.0003207170996016877,0.00022215463962736636,0.00025311713440609674,0.00018152187093395017,0.00017947738553513495,0.00020636687959256532,0.0002607868640335214,0.0002567203000978081,0.00020883204670734767,0.00017927523162332328,0.00018778710136764951,0.0001835025170048686,0.0001855393630229905,0.0001798876281856883,0.00020379916173498216,0.00019382966704877797,0.00016996994783056822,0.00016534239655363408,0.00021628395366606759,0.00018689165113545706,0.00021875696859108545,0.00016012517104238498,0.0002816810846092536,0.00018141951531471393,0.0002218018179966812,0.00027265041634156565,0.0002799337597100169,0.0003110998314731002,0.0002383151342697371,0.0002762484710133042,0.00033703775339646993,0.0003590223249002611,0.00040626657166947805,0.0005152519423664102,0.0007502927096886287
0.0005153294863340629,0.0004243913143090543,0.0002876287425308073,0.0004485749560527314,0.0003943575513658185,0.00038900303739289755,0.000284759295470713,0.00046375368296892335,0.00039629957021000293,0.0003027751193192928,0.000349198106997431,0.0004087391637793082,0.00036038812851624377,0.00034250800405690905,0.00034494374140911683,0.00034162031093018015,0.00023742330542742611,0.0003556254484351039,0.00028596204121460834,0.00026900382212032605,0.00028196925999462985,0.00042752301446923274,0.00022584232575592278,0.00023419830954911998,0.0002446375508477339,0.00033465658261738865,0.0002707717998820371,0.000286511865832364,0.00024442100023982106,0.0002976187569172363,0.00029985906691469793,0.00022055168772630948,0.00025506528932017536,0.0003320868206399695,0.0002687982732072614,0.0002627703495474261,0.0002533732937397584,0.00029887375882419734,0.0004030026860862251,0.00037834126913927627,0.00044568530469818636,0.00034643852943636526,0.00040645936864893844,0.0004300952172810583,0.0005391486540554959,0.0007202083940732836,0.0007578565427823683,0.001289371938221737
0.00043174337395048397,0.0002971418805295781,0.00043075010921423166,0.0004608326971055861,0.00045501297434747724,0.00047508821078418777,0.0004398365886480526,0.0002973120434601734,0.00035472343180413833,0.0003009919472899858,0.0003329970137073507,0.0002776687605338809,0.0002274841780924156,0.00031054082180247193,0.00020656146049017354,0.000310878447921461,0.0002572023980059111,0.00024411286106740672,0.00031399706892183,0.0002586272381971875,0.00027784887265136634,0.0002655572849849124,0.00022709180187105774,0.00020742862888134067,0.00027176961301288204,0.0003508174544928343,0.00024791185250729427,0.00024293718159555747,0.00023084407920627513,0.00027934966109667336,0.00023899145300151515,0.00024720862027068584,0.00024186886327246898,0.00020267366093491395,0.00023988642581346354,0.00020647211071155955,0.00033010067730898115,0.0003265849911856022,0.00028401055214657316,0.0002760829724742793,0.00033679660085634677,0.0004785790248773958,0.00034496118571039256,0.0005097488472400264,0.000531854271409668,0.0005490129173512316,0.0006375056761992857,0.0009958998153562022
0.0005258651168134013,0.0004312243014035485,0.0004057495150844737,0.0003183376177451402,0.0003642694700162408,0.00035197246498360797,0.0003196145231496678,0.0003796939010539138,0.00026858260147315504,0.0002561819284251281,0.00021723157894709013,0.0002478225918130818,0.00026354886444965704,0.00029333159608359077,0.0002028957226336767,0.00023493178676024231,0.000263480857915909,0.000252842555608708,0.00022092695757323564,0.00019688548175111572,0.00017427660899082466,0.00020518165729035685,0.0001790828522406108,0.0001602888629760679,0.00021203366368582915,0.00022388643290639751,0.00021010790990884663,0.0002929801097236712,0.00017425014115038484,0.0002254329358165731,0.0001809195954220299,0.0002698114855702638,0.0002881636010731369,0.00019993139098498143,0.00021096752133154976,0.0003110753217411289,0.00025020238774807246,0.00026322269957891994,0.00029103618627460555,0.0002388522894692801,0.00033124591095496216,0.00033678215089579254,0.0003774121879760176,0.0003594737527948338,0.0004077242383987446,0.0005848765046575148,0.0006924548189823328,0.0008665721052900006
0.00029956431947683235,0.0003189556441851411,0.000248537064840353,0.0002488102278990361,0.0003156532813907434,0.00023261995645572727,0.00034867423177974193,0.0002942530624588476,0.00022975983352620374,0.00024880383974994696,0.0002573075944002859,0.00018940851140573323,0.00016960349491172637,0.00017317656008664957,0.0002358569205384327,0.00022299787533558942,0.00015616178134550987,0.0002961769610499416,0.00021796215870652376,0.00016414944236456996,0.000163487467025689,0.00016163587068351466,0.0001914391497137408,0.0001724269490025754,0.00014699690031049167,0.00017765528750336867,0.00016914045598893942,0.00017614899747376835,0.00015050759286619686,0.0002082876722638199,0.00015697551544872776,0.0003130008691832562,0.00018430264032589494,0.0002105515687927434,0.00020836503673691675,0.00018958307710493155,0.0001761872041196731,0.0001649871426988465,0.0002141129130427964,0.00019957624899748995,0.00020116517212067714,0.00024281812076877912,0.00025157916982818237,0.0002895229473100142,0.000314664227606281,0.00037791633160361393,0.0004644165809698794,0.000886954432583493
0.0003146192129125224,0.00040546294960206955,0.00037149586998797105,0.0002363226890607243,0.00034752493210470824,0.00030817560793826304,0.0002091903089420976,0.0003328368431584068,0.000245563729137619,0.00019703178112227636,0.0002461009490797336,0.0002440661486895501,0.00020226985502729022,0.00030382308203243206,0.00019461635706166674,0.0002632123407117464,0.00019245277969195452,0.00014584676883932466,0.00015580533027560799,0.00015418002457535064,0.00024038303404817614,0.00025132618057454014,0.00016813993715414946,0.0001414715046666903,0.00016004065311325553,0.0001489373887937352,0.00014444910168159966,0.0001992495893667493,0.0002008240880724049,0.00019090148148060782,0.0001543174253638857,0.0001728462912999999,0.00014695920251965597,0.00018990295496553524,0.00020544824284799028,0.00018145974179453826,0.00017193595030890474,0.00018806503131697265,0.0002468262200950258,0.00020410451342468093,0.0001936378213243842,0.00019613325377689772,0.00022956503547658731,0.0003057094159451298,0.0004116434220959321,0.00047140863085316255,0.0004621134800289244,0.0007080140508650169
0.00026766561847257886,0.00022631836917251635,0.00016447739578696766,0.0001811907155771357,0.00021329962873794774,0.00015098883544874183,0.0001879432675269501,0.00024770077217320646,0.0002629412530664057,0.00018410434042627334,0.00020026075516512627,0.00016796352182623698,0.00012888454067309842,0.00025479467957512846,0.00016070076539361297,0.00012377898863896839,0.0001201851097381668,0.000129331955146752,0.00013556160590663563,0.000126526957413963,0.00014458619403069729,0.00016978569298005936,0.00014520366478442664,0.00014298202711886176,0.00011573081203456938,0.00010979876652778354,0.00011365132463809956,0.00016178944946186358,0.00011719443500186296,0.00012063025858016008,0.00013298567718993313,0.00013344946166282405,0.00013222757767367274,0.00012002768741031779,0.0001133375633844684,0.00011463992659711848,0.00014968385093828886,0.0001414892280520993,0.0001242307733312423,0.0001480547166728453,0.00015446687649698087,0.00017981230664382335,0.0002285771570171408,0.00019420945533391536,0.00026201190005787056,0.0002802359718346286,0.00035478157789639716,0.0005369574306415908
0.0006539083578977463,0.0005191571516504882,0.0004201838064098571,0.0003595770546833701,0.0003989432662289089,0.0005194481162026635,0.0003462325235249881,0.00041924084790085514,0.00031793710061066673,0.00035563732378168713,0.000299810462308508,0.0003163910411315886,0.0005163767211550419,0.00046410191749767985,0.00030538537197606635,0.00024852167610806117,0.0003304998559538736,0.0002545093448487838,0.00034242964050503545,0.000334643508140028,0.00029482160617452276,0.0002458497477711486,0.00031247508270231347,0.0003760232606821606,0.00030224754512471886,0.0002649826121640062,0.00035604108367941114,0.00033258527535543034,0.00025378291331975796,0.0002805315656057468,0.00035030773090950193,0.00032659193538523004,0.00027914948369316665,0.0002695044821938808,0.0002710540412630198,0.00038012827662837524,0.0002658517589655664,0.0002710462189580493,0.0003788818261014327,0.00034994718531684474,0.00036434319021266375,0.0003972927539544148,0.0004543526146876834,0.0005532930444514288,0.00056386913794329,0.00059634373921577,0.000707510663497276,0.0012148340559425858
0.0004891060629103982,0.00043115894952701795,0.0003982248264164306,0.0003168460492605092,0.0003658214212500502,0.0003427133572036837,0.00033674935747053864,0.0003753473884793718,0.0002537873671298564,0.000262410783567091,0.0002306713407787442,0.00025812355553280847,0.00027312504479998684,0.00028140667854234546,0.00020680550401799602,0.00022718357091416005,0.0002681683784208991,0.00025855296587647597,0.00021895058835302608,0.00019783379796411358,0.00017548013416911773,0.00020392802792941505,0.0001782301315984139,0.00016010459660084368,0.00021276549487590326,0.0002241162257815226,0.00020973957936994706,0.0002921317205127601,0.00017459420503189587,0.00022596416171012277,0.00017989949316032138,0.0002675092999138825,0.0002890472252796974,0.0001996802899824727,0.00021172374577406282,0.0003114158350578781,0.00025015343063821224,0.0002617362433880861,0.0002890157988163866,0.00023861071457392617,0.0003291661770605017,0.00033455630660227874,0.000379998484400329,0.0003611018294746897,0.0004062663097237083,0.0005902214891000408,0.0006947672545579447,0.0008705101234534981
0.00030520122864614814,0.00030718513507166617,0.00023546646390373065,0.00026942964918707466,0.0003214524481894896,0.00022648479031914427,0.00034596366424799067,0.00026986645796155817,0.00023165636663140965,0.0002434318192828956,0.00025807640032309763,0.00020039281440997544,0.00016257547696508582,0.00017107862623907808,0.00023074103093215004,0.00021808265647064778,0.00015421539077875983,0.00029209751876454625,0.00021250327770410345,0.00016280748218854346,0.00016426533527572456,0.00016236214864839995,0.00019142103062051727,0.00017226180556629764,0.0001491374198655157,0.00018027778449337408,0.00017087647195098183,0.0001723133360709229,0.00014937999431589307,0.00021207298219412283,0.0001584361358205815,0.0003137916560157244,0.00018496766942033887,0.00021100523368370612,0.00020774499059816824,0.00019153407741231794,0.0001757088982966256,0.00016406256774912224,0.00021449661560129054,0.000198074736818417,0.00020222217949997592,0.00024501343030419677,0.0002512710686680199,0.000289739045108946,0.00031501041300152237,0.00037891874097554064,0.00046307475542403757,0.0008866848197389483
0.0003162317838799049,0.00035674135948254073,0.00037578214635166897,0.00023754856717502154,0.0003497884932308357,0.00029238630184601065,0.0002062911472009674,0.0003292156574279439,0.00025168283843980297,0.00020383608132688616,0.00024389152236673866,0.0002527093230319622,0.0002031023434098766,0.000303481741028527,0.00020260625277871187,0.0002591980921709195,0.0001857144312669993,0.0001455290558885408,0.0001560030993441084,0.0001543721036111606,0.00023857582009406531,0.00025376785988184017,0.00016795058234288693,0.00014210910905772682,0.00016025729773553536,0.00014998842957131473,0.00014460540522199798,0.00020003608509486814,0.0002016091220970745,0.00019179451525617802,0.00015320071419823997,0.0001737204989348978,0.0001466005568352526,0.00018928507299155188,0.00020570889140706074,0.00018187561585988172,0.0001716011083020975,0.00018773896761372394,0.00024675084622710847,0.00020425034184115464,0.0001938488078011512,0.0001963288181228317,0.00023008079924537257,0.000305721891892047,0.0004115131948389526,0.00047157152063747676,0.00046307284351264306,0.0007055727193210095
0.000261605279673046,0.00021777509996108506,0.00017077666233894794,0.00018188029113311028,0.00021359622207677812,0.00015442481596949654,0.00019190193542637573,0.0002544343765360432,0.0002574241023541246,0.00018698969651109016,0.00019952702840783765,0.00016681148811947613,0.00013109477102387238,0.0002570298385004949,0.00016079668402489114,0.000124977736200519,0.0001217553950049019,0.00012859599872109,0.00013515678670000876,0.00013071165318060234,0.00014401192710553954,0.0001712150812420861,0.00014776300637892956,0.0001449906813695133,0.00011842612990061498,0.00011012708586569335,0.00011505362919176084,0.00016048817728334564,0.00011681098210228265,0.00012019654724238971,0.00013370221908372802,0.00013326622697368664,0.0001339225225610211,0.00011853501425625529,0.00011268546860557079,0.00011484410045078785,0.00015017486339778587,0.00014213982178885447,0.00012447489098629488,0.00014872697176553941,0.00015454746774202504,0.00017936914202539415,0.00022814780988112852,0.00019515730598743377,0.00026172951159020367,0.0002814467727973674,0.00035583495681471667,0.0005377096036922532
0.0006593188101722004,0.0005211403109657351,0.0004612282546746916,0.0003471690988602622,0.0004085409260016663,0.0005249977458490553,0.00036498306883461735,0.00043390112871074583,0.0003144483405125276,0.0003617599093092106,0.00030821803557612627,0.0003176669852140636,0.0005067793487375559,0.0004583667879128325,0.00030727725889418924,0.0002472265539339823,0.00032683149969595093,0.00025514647240954794,0.00034920317582223597,0.00033360374107390507,0.00029265431707956285,0.00024664664407465255,0.00031413820066874827,0.0003759589009331149,0.0003038874943044778,0.0002638323162671285,0.0003567795120667652,0.00033876598275958686,0.0002508478266114272,0.00027818658854636625,0.0003489306090054911,0.0003230066712977395,0.00027971218914354875,0.00026986923130743105,0.0002694738218469796,0.000381735260819891,0.00026713196011152,0.0002709146578034002,0.0003815744485273979,0.00035479242121607926,0.00036641798306157644,0.00039868865044010777,0.00045754539380480795,0.0005508708403037817,0.0005620775985278211,0.0005951759845243104,0.0007124759793753866,0.0012143898807794758
0.00039354438289139433,0.00041824184853392755,0.0002784221582143797,0.0002993872886559363,0.00044544940650451315,0.0003885411950107758,0.0003389255648413706,0.00034479355461514665,0.0002830864400687775,0.00031334893162622806,0.0003458760996840675,0.0004600097574011804,0.0002904988399662523,0.0003957023704241212,0.0002772498074118157,0.0002620625334552413,0.00028147643480728345,0.00034464946250592406,0.00020544050422821708,0.00029407200223778086,0.00020805258139123303,0.0002478717861482719,0.0002472879587464052,0.00018763997993399433,0.00022704621986231727,0.00016723303664779036,0.00019142196352801141,0.00021976610924359953,0.00029361222571962936,0.00018120432435431863,0.00023541411377613796,0.0001921417057894557,0.00021620788876949441,0.00023145338006066155,0.0002555825849905128,0.00030065057278458866,0.00026464736513167524,0.0002815556207710284,0.00029513772629254385,0.0004049505700918376,0.0002752615664718109,0.00029293131043311635,0.0003575435089405189,0.0003565336998368993,0.0003930581415502235,0.0005219552484238168,0.0006037186658098269,0.0010923687900697468
0.00038648374609157065,0.0004249898659796805,0.00043184155815893766,0.0004259949083461659,0.00032597827565137693,0.0004563462918961975,0.00032756222076617806,0.00042098766127720514,0.00034820606134676593,0.00024237181601764073,0.00037509163340874167,0.00028426069527946334,0.00027945457643983217,0.00037090026808166946,0.00028654364480454813,0.00029190170070566765,0.0003424117860810939,0.00035850924133100056,0.00031811187613456094,0.00025994806653782513,0.0002911328017525829,0.0002555648912371752,0.00027905870031270767,0.0002873691124919259,0.00022385429756871422,0.00018487570686682523,0.00023337520211908364,0.00019258812961521938,0.00022390795179843374,0.00022181028062430756,0.00022846167259047922,0.00024404778070625607,0.0002679369357327886,0.0002382031905799822,0.0002251257061256957,0.00032418803483136825,0.0002509360628170247,0.0003035952262662527,0.0002519890260993768,0.00033150727259431413,0.0002893473774845671,0.00032280990922616475,0.000437378856602953,0.0003413748320889963,0.0004307245880198275,0.0005523572736682905,0.0006349226845315708,0.0009992134617197554
0.00038263449092719123,0.0004516218014640352,0.0004392906018696487,0.00045878660886758713,0.00039429407951542756,0.000496940686960967,0.00033084174379814017,0.000603744491273405,0.0004573882089049039,0.00046007149284656146,0.0005362641503891115,0.0005537168470636426,0.00035583273240647595,0.00037128305398815263,0.0003766432162579648,0.00030584730010899884,0.0002993899206412505,0.00038961914430622486,0.0004405391556587593,0.00031675766645508234,0.0003196386164636046,0.00030943289818032666,0.0002779035538346234,0.00026900916381972613,0.0002449431855506003,0.00033421004620419394,0.00030811747425947447,0.00024546966273360346,0.00023680656481786308,0.00024312547330996928,0.0002524350607556748,0.00036192814261616765,0.0003115093701698681,0.00032575742646143374,0.000236401388977486,0.00023804456610143285,0.00027129346163544247,0.00026426170173433677,0.0003500098611324316,0.00037574517542272813,0.0003281888601493133,0.0004620038055019733,0.0004268319070246635,0.0004539882883625312,0.0006297746001714593,0.0007818397726311521,0.0009130591480333917,0.0014314721735659503
0.0003166171509091383,0.00039303084232188146,0.0002643778285012021,0.000276071164951327,0.0002024574033995936,0.00026137294979603235,0.0001904356138762257,0.00018128293092895236,0.00018804705378205896,0.00019727236962736617,0.00017267483276196742,0.00015862632362474542,0.0003063511392579718,0.00018357416896766233,0.00019229585395852348,0.0001637812004770166,0.00014406809939563722,0.0002178466575600689,0.0001468916366578569,0.0001265326712205978,0.0001753556094851163,0.0001408058348188115,0.00013716469206831135,0.00013064932509924233,0.00014478197498629517,0.00011132691836086477,0.00015826134289744612,0.00014277964571073268,0.0001754189447641751,0.00014740945133835326,0.0001307743501936244,0.0001435948984075118,0.00014105197107484318,0.00015629932886971894,0.0001434569681329696,0.00014508729724825361,0.000207360716726237,0.00014787245179257697,0.00020259462731098975,0.00020367652859695323,0.0001935768267313902,0.0002247378660170234,0.00018840698504475473,0.000244989995727761,0.00026700304888122625,0.0003232505768341427,0.0005109032290683304,0.0006372955161540347
0.0004201346698421203,0.0003371917567139522,0.00044683887550273267,0.0002785245940723739,0.00037711734388572117,0.0003807731746231848,0.00033799596376042634,0.00026725482732128535,0.0002814032576883756,0.00029663191870033694,0.0003062739775754987,0.00029141715755743106,0.00040001071461999205,0.00033934636553786286,0.00026776600011242885,0.00027886863125469455,0.000249077268581246,0.0003358848019532338,0.0001662283623296878,0.00017903781954081008,0.00022609808729057547,0.00020658743106484375,0.00024605550764889597,0.0002141158235922108,0.00022864155091398993,0.00015976507691963047,0.00026039116055791696,0.0002659052030015943,0.00019333352847946273,0.00019461965654543167,0.00022257964016895432,0.0002681885515884508,0.00022683125070779316,0.00018772817828947662,0.0001896739928500513,0.000166062711348077,0.0003138485809318254,0.00025080318875674273,0.00028319830364063734,0.00022429471590126082,0.00035826844817031853,0.00026130439277431054,0.00032144672789952486,0.00032290510606288093,0.0003437031428080362,0.0005139819581545269,0.0005720857005525907,0.0010007335225639027
0.0004897865631489723,0.00039925490823772866,0.0002800348626950823,0.00029317894340796715,0.00045380589988669874,0.0003575971133328593,0.0003674255873894624,0.0003480940817710494,0.00028853208809862874,0.0002779748698665697,0.00036433974161328243,0.00045687631797334063,0.00029650896256742997,0.0003842691405816521,0.00026725742434261434,0.00026547597744046216,0.00027324296675590275,0.0003497226613006433,0.00020852977243591246,0.00029577906381277725,0.00021597958969528342,0.0002582491855357234,0.00025066451719564357,0.00019100186685621306,0.00022918970887397837,0.0001670429297640989,0.00019139294660077983,0.00021871219481781317,0.00028976580915196146,0.00018204494893565515,0.00023653861349567836,0.00019130799874430342,0.00021880193885590984,0.00022724289016506094,0.00025897735817523884,0.0002978792157998982,0.00026731486919298,0.0002835918045681255,0.00029639960366960023,0.0004076537119090719,0.0002749601563554577,0.00029124643085818257,0.0003570506666322549,0.0003573119126318473,0.0003954682438150575,0.0005212531304308536,0.0006041274323242224,0.0010929571636396618
0.00038719886481956167,0.0004368910454992089,0.00044677698085519467,0.00042005605025388464,0.0003578583931161263,0.00046604901041906026,0.0003105191776696794,0.0004307105457536568,0.0003376120479076303,0.00023970727599571202,0.0003651654903464131,0.00029368473519291317,0.00028394133649000834,0.000366232760091619,0.0002732739191283612,0.00029700524044330847,0.0003451838922545036,0.00035851686391252086,0.0003161071210417602,0.00025687071646390055,0.00029200389265100665,0.0002561250461983942,0.0002793381892564567,0.00028865796024143286,0.00022274787078443528,0.0001857825224047571,0.00023647035244063637,0.00019169254659288918,0.0002360259197973515,0.00021899976275967646,0.0002283251894309281,0.00024288678282213987,0.0002696352956134655,0.0002410515865172079,0.0002260802822762646,0.0003207365110212227,0.000249382141177965,0.0003046362350188793,0.000252498552708683,0.00033023378810492613,0.00029105032511989834,0.0003230927379504322,0.0004392328920157706,0.0003421460199513292,0.0004287412147316329,0.0005612775402488953,0.0006326556738188335,0.0009994941317708031
0.00041210083262497454,0.0005153841911299264,0.0004433363770279106,0.0004434237937906936,0.00039862299684274334,0.0004975001457741769,0.0003520460602834156,0.0005782775394667253,0.0004222708318072687,0.00048129466324365775,0.0005213063631139313,0.0005548328990037817,0.0003793299593643167,0.00036318647290637117,0.0003854798029580387,0.00029722189173951417,0.00030899047625651587,0.00038929278255449555,0.0004542507883698055,0.00032505145888095675,0.00031249951973065125,0.00030694033929436166,0.00027919058510415985,0.0002629475891936257,0.00024615763153059274,0.00034031679448190465,0.00031171515997029326,0.000244342226659594,0.00023578784886267505,0.00024334045631758987,0.0002505754761552604,0.0003612434642710182,0.00030994471967287916,0.00033521477833059097,0.000238068554889811,0.0002379356940293872,0.0002712545725572924,0.00026623908633255583,0.00035005311173524564,0.0003722594406953609,0.0003271628137675346,0.0004645410243298609,0.00042577173515755205,0.00045704738115492737,0.0006211930717148341,0.0007784647672245813,0.0009123597438734579,0.0014548820828218043
0.00036661578867291326,0.00044457025798399043,0.00024068076349323766,0.00026847126845796603,0.00021419066483862988,0.000272336774192493,0.00017231628336560309,0.00018490775892224495,0.00017352509284283366,0.00019046170629509067,0.0001689528203365242,0.000156248200128766,0.0003044138022366053,0.00018625850516160305,0.00019778846951194387,0.0001681072068425729,0.00014681625821114842,0.0002162836197431947,0.00014962605915202657,0.00012255376537186855,0.00017408186391805082,0.0001388032100682815,0.00014193093880276962,0.00012915318755598608,0.00014119349406553592,0.00011390717695853962,0.00016001466619100703,0.0001412326426026762,0.00017355061284095053,0.0001474838434774879,0.00013350861197511534,0.0001423472502342529,0.00014475697330532846,0.0001550798883602754,0.00014321371780114976,0.00014247173510260942,0.00020594878466103126,0.00014675988984848206,0.00020422717714594426,0.00020608634653509767,0.00019611703995666668,0.00022736646133753342,0.00018668870694466225,0.00024307245757720377,0.00026236444836071115,0.00031872225974954356,0.0005296198479042746,0.0006111110701885444
0.0004748362213690025,0.0003419334793944788,0.00038642251508677925,0.0002989779983943899,0.0003139816840450307,0.0004107892942335567,0.00035522723312065354,0.0002603232596336817,0.00029856214269345063,0.0002848104837148609,0.0003290488642032994,0.0002851970559980005,0.0003983205236372502,0.00035428898944704705,0.0002535625173441848,0.0002731738984794781,0.0002483381052557093,0.0003410359780858623,0.00016889127148441755,0.00017950604112871018,0.00022237056266850012,0.00020126052909176636,0.00022960749239341112,0.0002047384295051929,0.00023656214979226835,0.00016125854399753518,0.0002580725809676815,0.0002648446058276214,0.00019290100485908865,0.00019549643104613135,0.0002209697932027989,0.0002683881925728803,0.0002282436041956219,0.00018816057336207973,0.00018750253584351564,0.00016607837951320223,0.0003155555076974701,0.0002459172374644597,0.0002809326273943965,0.0002251337597615002,0.0003610277818071967,0.00026215153257719867,0.0003202382716404309,0.00032260946202008665,0.00034176404583480214,0.0005087024133866935,0.0005870722907591405,0.00103688760545501
0.0004940801616053925,0.0002967090771030934,0.00039337831953042317,0.0003397255084136311,0.0004285870344135907,0.00027317918313998887,0.000252818327140986,0.0003652700023349266,0.00023566594660414395,0.000304101098834311,0.00022280531804674456,0.00029451926633390684,0.00026507290332271593,0.0002771182900818596,0.0002847922557158017,0.000430286205079909,0.00023565117287534197,0.0002231856697658064,0.00021618437278161584,0.0001870215058168527,0.00029926848589169753,0.0003778028848518686,0.0002994582021039282,0.00029691213534022127,0.0003087984590504022,0.0003877433753435414,0.00022288375685127593,0.00021410952244846956,0.00017431908725024317,0.0002550943586852086,0.0002490093944539273,0.0001616899238895423,0.0002239204249332806,0.0002051637521967312,0.00018641237859403956,0.00026854588710052143,0.0003186465393079768,0.000222002348686363,0.0003370657938258225,0.00030578755226549155,0.0002569524810557124,0.0003222887392111286,0.00035964238207070393,0.0004367835798594852,0.0005779996314348802,0.00043308058582873537,0.0005906651655345868,0.0009547832297373336
0.0003996381522086649,0.00026074555844786683,0.00020863165470291252,0.00018930560904332163,0.00018321939521434216,0.0001652711569077522,0.00020668679481986312,0.0001589714332496801,0.00014260110059224434,0.00017565366641463214,0.00029467944036242513,0.0002024933934063258,0.00020609466433791628,0.00020665911782838817,0.00020427929127522922,0.00012004514726726763,0.0001411090893325304,0.00015148711626560384,0.00014551330207056133,0.00014363015242518733,0.00012840896875650337,0.0001586635395806506,0.00015073711449710306,0.0001832347505363382,0.00012882840152992074,0.00013205598695973666,0.00013904167601880657,0.00012764950250896914,0.00012262191425841445,0.00015960434161854683,0.0001567626800666985,0.00014552024076866963,0.0001667781362872349,0.00016824610663229204,0.0001780805330985892,0.00013236921203034914,0.00015209812516649908,0.00020311562043706584,0.00017479984551734286,0.0001834736399739866,0.00018810176662145835,0.00018669244169160256,0.00020263139001861668,0.00031181701381190413,0.0002688336488888441,0.000396600802972102,0.0004444521855873847,0.000644848929102294
0.0003439495821292437,0.0003714026714455309,0.0003245173077219469,0.00038119385286430966,0.00034873299499015383,0.00022774475880325303,0.0002827981955696145,0.0002096241195599868,0.0002900293696202853,0.00028419143589624666,0.00031085753030683517,0.0002540618862861678,0.0002535232864569683,0.00022673355519019786,0.000260061971524676,0.00021158597056329645,0.0002402048676601797,0.00028643979396521794,0.00028011000053666113,0.000296565656990157,0.0002823533947101336,0.00027893693666644116,0.00020655328419195428,0.00020687385463666,0.00020052036556346417,0.00020832141010689059,0.00019864600683589158,0.00018402363450240505,0.0001925117203778802,0.00022329542532842172,0.00023882171110186994,0.00019788421775729343,0.00022102737535166695,0.00023828051165485027,0.00021535073566153725,0.0002116150413907425,0.0002805535717535062,0.00027686795162504957,0.0003023847524855526,0.00028760971817161693,0.0003113931517429494,0.0002535143989771213,0.0003408540572400364,0.0003574653562242309,0.0003515535677832212,0.00041754268215139035,0.0005450606072601209,0.0008677008277148744
0.0002612357932083746,0.00023016970803559956,0.0003424613132923158,0.00024325857284885358,0.00022001072914383,0.00025179520659554365,0.00022500987518832394,0.000160763276965492,0.00021101213599216342,0.00014130838476989654,0.000150070089706598,0.00017879372631136688,0.00022667824909329258,0.00019587624036915562,0.00013436957794116437,0.0001637405570025457,0.00013251109795479467,0.00014334963201506675,0.0001750958616972123,0.00010751567072401072,0.00011523066177464637,0.00017025145455642801,0.0001405192113643065,0.0001186187905009856,0.00014388903732062648,0.00011856128378090243,0.00012975467886722276,0.00013988609767191668,0.00015785951454596076,0.00013153682409971173,0.0001484464189386011,0.0001436323947270588,0.00014217802955904997,0.00013082652310489337,0.00013123773359515782,0.00014328125738232936,0.0001569141525191605,0.000183395684777326,0.00018486925364265586,0.0002330614718852482,0.00019125866451177338,0.00017861271249485514,0.00021434346405705193,0.00029950523695242934,0.0002515521130995224,0.00031328402383347766,0.00044512312943537254,0.0006115159147566207
0.0006594038303472271,0.0005542928367144984,0.0005095470122433386,0.0005054369724211195,0.0006351287949161508,0.0005169278311310832,0.0005327241676152505,0.00039793149812964113,0.0003328778404188243,0.0005100359946164455,0.00034608557431255454,0.0005730593658358452,0.00037595397826347093,0.0004283285616441244,0.00039965842454779774,0.00040198378463178827,0.00038685073056875355,0.0003146219835936766,0.00039599915326847085,0.0002728044733436923,0.0003258049750441649,0.0003638412566275099,0.0003023403404747219,0.0004432605577937863,0.00026984801201221473,0.00027328539420827964,0.000448577375728756,0.000447802242899378,0.0004148923869404677,0.00038731573184297836,0.00046522515140525914,0.0002913512661677591,0.0006432322248434884,0.0002702065267652672,0.0002965721470057245,0.00033693639876902304,0.000430185122707378,0.0005185956545485015,0.0004239113053193076,0.0003626957331401825,0.00038975332271439005,0.0005390939020837077,0.0005411721623211446,0.0006169825973633404,0.0005917250253019097,0.0008577735258215279,0.0010561954747778663,0.0013671093522031159
0.00046797931055017443,0.00027242068564243936,0.00035369384526804905,0.0003252468480165198,0.0004419090194164736,0.0003043269481564899,0.000248954268857884,0.00035174208221871496,0.00023102205829288216,0.0002949809745012554,0.00023351484260369942,0.00030134021389671266,0.0002850948325244888,0.00028809141695420985,0.00027673826508348333,0.00040374821235138295,0.0002331538761309994,0.0002307367090963784,0.0002202490299502118,0.00018461581943817753,0.00029720622937690294,0.00037477110111823844,0.00029513991438793715,0.00030066899050789855,0.0003027505099151662,0.00039005744855145116,0.00022057997564596098,0.00021823970199492818,0.00017323515154841576,0.00025479447630862565,0.0002501383838231589,0.0001613823244511339,0.0002214156795898057,0.00020673792953946737,0.00018619592605447462,0.00027111570804604903,0.00031986580317408037,0.0002210699721987729,0.0003380598717341171,0.0003068010994718126,0.0002575092127752546,0.0003193907311095273,0.0003583725754198787,0.00044205604156369717,0.0005818044942759945,0.0004337885146702612,0.0005853417346490123,0.0009563197576334921
0.000446579621631776,0.0002535360957128309,0.0002168087645336746,0.0002033903968669381,0.0001857683069741175,0.0001614708747696981,0.00020104687614010458,0.00017526978258223608,0.00014274949286816323,0.00017160736466612116,0.0002968245156749671,0.00020202998682110974,0.00019870595943829265,0.00020704927214020163,0.0001942803691119234,0.00011931115642581452,0.00014507793261339525,0.00015390812491172012,0.00014099976868305544,0.00014383712851486594,0.0001296501357979052,0.0001614185781164038,0.0001482777944065805,0.00018581702532915038,0.0001311224698832469,0.00013189977599879028,0.00013719597082870243,0.00013280086928631212,0.00012453860919009512,0.00015772456387470364,0.00015978624741253946,0.00014427696926884738,0.0001686977281629286,0.00016977157332169067,0.00017730007121163593,0.0001319992047809256,0.00015082095519430386,0.00020273731796507938,0.00017351405722559716,0.00018278841337474164,0.00018726018440157468,0.00018556229964942532,0.0002013197709748649,0.0003110077378194453,0.00027081354432503314,0.00038971042543607535,0.00044367151983766985,0.0006590794956856863
0.00036046164897406634,0.00034403904653673744,0.00036535226159737716,0.0003468852634231208,0.0003327353964288743,0.00023386345724149394,0.00029532302786927243,0.00024519587053187724,0.00027779789561946887,0.00029814883646757975,0.00030864288346344945,0.00023978510134968993,0.000249771702229396,0.00023424009594808125,0.00025465098554104,0.00021006277384181445,0.0002400499133035051,0.0002853855059576077,0.0002769182180340562,0.0003082342922795663,0.0002684850928875647,0.0002773031109598525,0.00020659407052188902,0.00020876253227465293,0.0002016288759138565,0.00020800945860800885,0.00020218991653788644,0.00018480863396145233,0.00019290118043495963,0.0002244293668169502,0.00024023364755799005,0.00019766990505178876,0.00022115523577219295,0.00023816418082098955,0.00021770734870540546,0.00021105831864053396,0.0002788205147027034,0.00027521015544697996,0.0003005882492047873,0.00028674489383991454,0.0003138296631614613,0.0002528210862506646,0.00034432044736301085,0.00035776476772851455,0.00035347757410685563,0.0004183414378984891,0.0005491734377558341,0.0008743907884544048
0.0002536098341725785,0.00023784768602264634,0.0003162671603397645,0.00024298622237094844,0.00021725010571721612,0.00027110935405978476,0.00023570778586263903,0.000176570013093054,0.00021006705677837904,0.00013827476025874569,0.00013869233732456164,0.00018014515347271394,0.00020562871277275146,0.000198387188255961,0.00013092290102643438,0.00016527996510048984,0.00013080117652474051,0.0001378495723564542,0.0001785914972911916,0.0001090163262462873,0.00011329043337925124,0.00016854858076374422,0.0001374836603550683,0.00011862950046098407,0.0001464438517416925,0.00011839706583117249,0.00012969161353313877,0.00014041770328244427,0.00015635809750980562,0.0001311135813487135,0.00014688731618162196,0.00014536276927057986,0.00014075974356385606,0.000131438950652156,0.0001306632739878825,0.00014319678762380803,0.00015448715234638337,0.00018453749191369172,0.00018713432827361713,0.00023088717355616563,0.00019098762948198942,0.00017856888332833516,0.00021295883218485254,0.0002984494019044987,0.00025455896883934295,0.0003112879099329695,0.0004406537139083312,0.0006079615896331599
0.0005735262113603342,0.0004207645944345496,0.0004923860158192281,0.0005097797320192117,0.0005758996254935461,0.0004766316772056337,0.0005341584105231631,0.0004110013658468697,0.00033342160324178734,0.0005071201610997619,0.00034617608214924375,0.0005832974416315126,0.00038074813209434304,0.0004203781594362871,0.0004120876251574578,0.00040388582884225496,0.0003903971725148551,0.0003085131597039693,0.00039777286064883504,0.0002736995880364719,0.0003269441246173958,0.00036542840093445073,0.00030508101406847616,0.00042282761684009443,0.00026844382196541223,0.00026579680532787763,0.0004602266672346544,0.00043847565948036156,0.0004198866394498687,0.0003844365504009809,0.00044967566027397874,0.0002880840443402347,0.0006498051239966727,0.000274603968415635,0.00029620188237848544,0.0003338090225525137,0.00042777574576999364,0.0005170651522599193,0.00042318097548401176,0.00036079979114216255,0.00038974147941815354,0.0005339676931594856,0.0005343527140274742,0.0006204376005689052,0.0005948416110653803,0.0008594163461546678,0.0010496663563485298,0.0013728810802671144
0.0003666686863834414,0.00025406546836651835,0.0004957744717316185,0.00029134342468152086,0.00031306246494782397,0.00027941339517893916,0.00041441542108407495,0.0004230152163885739,0.0003306058753002839,0.00022032179120144528,0.0002422288263007527,0.00025839136675463227,0.00026797050054702464,0.000178722806966026,0.00020983086795741738,0.0002642080911520098,0.00023130032315789528,0.00019873695156854337,0.0002028653987115605,0.00024262770019694,0.0002111274148378284,0.0003198616482351371,0.00019129403906494903,0.0003238405527238667,0.00015856232829795626,0.0002074780810513135,0.00022353919677617449,0.00022139418764768884,0.0001989876054099649,0.00023561572651241997,0.00016357034939258117,0.00018943996080588354,0.00019181299484949,0.0002703712643952624,0.00025383580874705094,0.00021646919159176454,0.00025684312532991965,0.00020790155224353066,0.000294495971576885,0.0002451590777750605,0.00025960686584279097,0.00032987612278481427,0.0002660066374993987,0.00036724676353198205,0.00038242578279995397,0.0004767179895546274,0.0006269101892153298,0.0009431431351910075
0.0003200720841719339,0.00030339540422626447,0.0003597683426819847,0.0003786339135000323,0.0004248674294515792,0.00026133492083273374,0.00028555078402775583,0.00030521535686815673,0.0002528072336161057,0.00024767198170067494,0.0003444561841970855,0.00022737324264088477,0.00026050274005731184,0.00020759596180036812,0.0002690495549278715,0.00024277429810557437,0.0001801907378972776,0.00020584445837669844,0.00018695040411431123,0.00018389798463505362,0.00024990352035274494,0.00016425443105765766,0.00020809678348101453,0.00023384005999385068,0.00017925217408008615,0.00019676903278564628,0.00017042450977251765,0.0001726311693751839,0.00015639508922378793,0.000185615109612234,0.00019750274610955604,0.00022795754490295407,0.0001905153571868679,0.00017477928132096702,0.00023178721613278456,0.00021514394569617154,0.00022066349482324337,0.00022241236711772756,0.00021965984431125018,0.00023677799077943148,0.00023530838849050367,0.0002477610932454886,0.000253605789651651,0.00032648070042802713,0.000336731872114925,0.00043914909069275014,0.0005137077850567365,0.0009218265450508219
0.00042316445471316026,0.00027726405781927817,0.00028968366978743997,0.00042663905571928024,0.0003293546594271592,0.0002326067326505386,0.00038182824133903563,0.0002534048843869105,0.00029915517814707246,0.0002496383880182322,0.00020982400978777934,0.0002126648212472629,0.00022101801332917513,0.0001866583198693214,0.00023378182296037648,0.00020594864763911957,0.00023569876532995187,0.0002395805857564083,0.00017385857737114153,0.00024349226376529592,0.00018466439738105479,0.00015488197306877762,0.0001581209092578079,0.00021867599737070457,0.00015361690551852204,0.00017760788357734528,0.00017085078465454675,0.00016073791642299773,0.0001951150264474258,0.00022717710597602387,0.00016591480208480114,0.0001508591007930929,0.0001921510051504068,0.0001948414332616423,0.0001703133011257187,0.0002297530510702499,0.00019007200566994957,0.00018102810090678682,0.00022842152030596956,0.00022079517514135327,0.00033038897359885175,0.00023204312524058242,0.00025208169549898536,0.00033837466749023014,0.00039054332558255867,0.0004114280639463387,0.0005095955726763016,0.0007694830174516278
0.00025185416312675633,0.000471105959600444,0.00024824311625527433,0.000336212958683235,0.00037643741576227473,0.00024325429131060304,0.0002749257088417477,0.00034775340612436825,0.00029427412571995183,0.000369429144048041,0.00022940923708998488,0.00021194659342380727,0.00022436208071277113,0.00018887999017272453,0.0002777782381055338,0.0001826458169659735,0.0002527996325966191,0.00020067416357668269,0.00025832517178130473,0.00022082273231401094,0.00016346016535707285,0.0002556479577066436,0.0002531167239630886,0.0001642848050547422,0.00015263006967138165,0.0002306863601995734,0.00018137849767888223,0.00022286553563816196,0.0001695225429016279,0.00017885423136975375,0.000187421128966527,0.0001560248475508778,0.00019404950433945798,0.00018597486422026994,0.00022809501265335722,0.00015198176640567865,0.00022820046060532508,0.00025663373048278275,0.00018993728838060167,0.0002131043792003332,0.00027367837967326724,0.0002505337971475118,0.00024272217477112648,0.0002757835956835502,0.0004899170380663799,0.00038359911502107376,0.0004952362463718705,0.0007541639260469731
0.00031058433913216444,0.00022984566676273444,0.0003114200385919045,0.0005270386325423477,0.0002603153388447401,0.0002842741645677891,0.00023119232293163802,0.0003567017735433359,0.00024216481831818032,0.00030941743436704795,0.00022023127885431238,0.00029381781946125296,0.00027281425620020295,0.00024641237468278144,0.00016434760664578142,0.00020698676733134857,0.0002533270349534052,0.0002468227506368149,0.00021314109689563206,0.00019229262866578766,0.00014675095665793857,0.00017359040718781054,0.0002492946935234489,0.00016724870411077036,0.00018264593461064508,0.0001611257499761995,0.00025101900766447317,0.00022570183213767897,0.00016536740475202915,0.0001388311691008954,0.00015957614593521533,0.0002151471931755175,0.0001713556972773902,0.00019331665171771884,0.00019741418524822738,0.00016632107179487623,0.0002097013405747209,0.00019375430474829358,0.00017547020636740984,0.0002583801354762928,0.00021587541483220426,0.00022231547941165344,0.00029112872184704154,0.00027363287525012487,0.00033577846945591187,0.00036984219655846715,0.0005099072728855666,0.0007176558957182048
0.0003506846201008859,0.00026409366277058117,0.0005384490878024538,0.0003012450567609208,0.00029673104717883604,0.0002733674538318386,0.0003997527508044547,0.00047917899090627926,0.0003424008811589487,0.00022710540263499272,0.00023932856513956527,0.0002632622109174392,0.00025441714588279055,0.00017830971930716201,0.00020959631796963057,0.0002541120611070642,0.00023338158368284336,0.00019769011196693704,0.0001992950945267118,0.00024708234829662665,0.00021105750602870975,0.0003204934394347574,0.00019295614225009678,0.0003229804668382535,0.0001578145303274274,0.00021095682125286746,0.00022372026024861615,0.00022265810486624615,0.00019904701444099546,0.00023659292903442503,0.00016351912159034455,0.00018855562197970176,0.00019114417220615545,0.00027495201905589116,0.0002564974752440473,0.00021644942848896137,0.00025558504863132365,0.0002074634397089002,0.00029466295533605403,0.000245308345588077,0.0002610538931427381,0.0003296836644029242,0.00026534886132246083,0.00036767630350749414,0.00038357542474092764,0.00048205923555672215,0.000622839033522518,0.0009404781075278634
0.0003692198201645012,0.0003081810541968886,0.00028511478743536723,0.00042776810362319295,0.0004462178896753443,0.00025504347859356695,0.0003012527634260087,0.00031748120996655314,0.00022947448471146434,0.00022723128864784328,0.00033924690639096345,0.00023778629718467076,0.00028833578678240005,0.00021832815083315567,0.00027134072891222617,0.00025702932944099524,0.00018883637930942808,0.00021215144455502853,0.0002032889881464456,0.00018975599635352258,0.0002476700585361696,0.00017397323867719529,0.0002045031346252317,0.00023137729192966683,0.00018399577952159734,0.00019079862789607717,0.00016962806932115814,0.00017236037136561215,0.0001572130399357262,0.00018501319286536388,0.00019716936860725105,0.00022938660137354462,0.00018454031578431186,0.0001741233458715273,0.00023401150017365302,0.00021421626778572958,0.00022120541069126797,0.00022241925966645092,0.0002197195461088619,0.0002367276633202464,0.00023588104701415105,0.00024770665918949947,0.0002536834730867932,0.0003273462583251632,0.0003372660696512375,0.00043904153639149723,0.0005119307413019708,0.0009193440107306106
0.0003995231362041486,0.0002893504111081598,0.0002956095121440376,0.0004319747707733413,0.00033429649050638127,0.00023442355037196086,0.0003874845969770614,0.0002626552168214798,0.0003000235511694577,0.00026624512981268314,0.00018726918525206458,0.00021600354554596182,0.0002036434231734212,0.00019574860740567625,0.00023486245011524582,0.0001951363528047844,0.00023353584507655278,0.00023873528352129467,0.00017861715669125418,0.00023670504825833014,0.0001905100405161743,0.00015426576263444353,0.00015579966542929942,0.00022074735146522485,0.00015424559849108014,0.0001781776997523391,0.00017457426559910707,0.0001621038727049694,0.00019389566284800074,0.00022700876909115023,0.00016787530324511153,0.00015268269973822498,0.0001928033346743805,0.00019499606466368607,0.00016838654841982255,0.00022885817044635787,0.00018660078928724465,0.0001812565697486309,0.00022858592757941685,0.00022016087695551188,0.00032993428201969166,0.00023180613535942843,0.0002522872231600097,0.0003393933420242878,0.00039218652251797457,0.0004126683515351266,0.0005087029331852146,0.0007688896289254736
0.00025822102549031005,0.000514639627486172,0.00022981496155168317,0.00031059013743155173,0.0003385746757360386,0.00023681142601952285,0.0002827601991921484,0.00035229760553066256,0.00030500720994874214,0.0003794366739437084,0.00022746660400653428,0.00021262416642114942,0.00023987025045764992,0.00018503643075839425,0.000275854916756259,0.00019997189025806596,0.00024620896731493517,0.00020419273373215637,0.0002523642778070478,0.000216596235814327,0.00016416324359348479,0.00025411754134413417,0.00024879145579695004,0.00016204303198322987,0.00015191233538522272,0.00022839093202786745,0.0001818362411189059,0.00022483013228335034,0.00016786949099263922,0.00017756506387776958,0.00018766386664059817,0.00015684433813518414,0.00019277831560383745,0.0001859009701653459,0.0002244510757587564,0.00015097144481306438,0.00022749656421552005,0.0002543258633897095,0.00019041767817861067,0.0002128319544158697,0.0002780746502207456,0.00025023264484627027,0.0002426856741933667,0.0002754857021151867,0.0004889898571164551,0.0003835042507123523,0.0004945561972286974,0.0007537209044110681
0.00037142676990873475,0.0002502360887476096,0.0003531268711959259,0.0005062276276871519,0.00025106162670811397,0.00028260570661409954,0.0002645899674149519,0.0003234146772000037,0.00022683999762049216,0.0002922177504066616,0.00022153450648574138,0.0002899114878166714,0.0002751226078261821,0.00023708839760850747,0.00016787757857828818,0.00020244777037636163,0.00025203751845260267,0.00025429594040146994,0.00022727213069163022,0.00019780754613017644,0.00014654962668071074,0.00017317898095598863,0.00024976892084011183,0.00016798136196144396,0.0001834423717874532,0.00016083873927612703,0.0002511928329433992,0.00022711422181616181,0.00016486695221020668,0.00013879037980116642,0.0001599797802935407,0.0002141884249978618,0.00017190977409281002,0.0001929130339549239,0.0001972615099906911,0.00016636629631899694,0.00020908808469466834,0.00019375968328925214,0.00017540792207485263,0.00025895586202172625,0.0002165886239725636,0.00022210688506877477,0.0002912261036050517,0.0002731309225275647,0.00033643331737812164,0.0003706250366364102,0.000509726586525854,0.0007125898377325687
0.0004589106161329957,0.0004883004814878442,0.0003339496190677108,0.000395587572653209,0.0004099585709494086,0.00028033854775247157,0.00041130565571409196,0.0003205267211031461,0.0005216970010489965,0.0002430111461559199,0.0003428441299822914,0.0003086693461920253,0.0002401380305570622,0.000227859370817491,0.00025592297303102805,0.00029662537953102636,0.00037321901914255694,0.0003178262213796563,0.00022699005400111496,0.0002455215481872081,0.000249433347352921,0.00028621782764886526,0.0003474037612797053,0.00023984180138562065,0.00022983392827887118,0.0002719355551694713,0.0002994298165362166,0.0002524208217633917,0.0003154381870044137,0.0003174257833672941,0.000304968331283583,0.00022196794493016203,0.00024661164983724135,0.000291643249927421,0.00039514192964669004,0.000234385957025304,0.00040199604502599265,0.0003107340192656314,0.0002992388787038723,0.00029573618734579746,0.00033885441363407293,0.00031960340367067063,0.0004111613746745877,0.000528069613379216,0.0004939277321679386,0.0005622477001014273,0.0007000493227110136,0.0011507351381785124
0.0006260060362563802,0.0004595343187950632,0.0005987443078097663,0.00040161645145123207,0.0003028320026536716,0.00032845948717697484,0.0005034223887091588,0.0004703211747602503,0.0003234351649334163,0.0004161163451644188,0.0002958104877300466,0.0005067620108372995,0.00030409323214716864,0.00034735807746185657,0.0002369713097713573,0.000255795634926608,0.00029540599156151003,0.0002521236764333538,0.0003078541453972604,0.00025028665963436965,0.0003589465119620224,0.0004122952092479431,0.0002997137193883664,0.00021064408111893173,0.00033022832968862775,0.00021591913952777122,0.00033915161745296413,0.00025859522049444174,0.0002187830316289603,0.000300837275896,0.0003723469424117461,0.0003337393095325095,0.0004151774160789145,0.0002535283923193595,0.00029140115194835266,0.00024954311530811523,0.00037271987441643805,0.00030771161233876987,0.00032166120742915577,0.0003523523527777005,0.0004641801971282118,0.00031026853212107213,0.00036522062779640506,0.00042546886096907704,0.0006663415947973272,0.0005428894105447483,0.0007433380450868609,0.0011809529673253824
0.0003800402018294902,0.00023082595017921313,0.0001932985367920147,0.00020927197437241242,0.00019346017723492187,0.00017790351294283164,0.00015654096027325527,0.00013598848711689565,0.0001474431893827206,0.00020421149678511572,0.00015041352142117922,0.00017934437601645504,0.00013859450410696775,0.00013588188654828327,0.00014214589393149078,0.0001754343156845138,0.00015176474091372304,0.00010973158594857063,0.00011629647801977623,0.00010632289651256265,0.00019292977258831374,0.00012871479886892415,0.00017783419967521387,0.00016862374664091968,0.00013506009755549742,0.00015223371399301802,0.0001318473613493613,0.00010865417707494827,0.00012061707977308217,0.00010376772557470913,0.00012474560390294328,0.00012154595578178627,0.0001205799369414275,0.00011939477551754083,0.00010656260833786347,0.0001247552316145263,0.00012215675927570215,0.00012049249157317488,0.0001324610351662876,0.0001798373030278588,0.00016438166282003284,0.00017976649041077832,0.00018906697756411646,0.00023527547543674438,0.00023505833324185627,0.0002813546335442066,0.0003590126017004973,0.0006746667459332803
0.0004750775537947713,0.0003369928456710422,0.0005310342925170947,0.00032252129540954794,0.00029038759221369597,0.0002557178911706176,0.00031987438334660613,0.00038711375983675565,0.00036971937540327993,0.0002701338345829654,0.00036263753026250607,0.00035514986960601965,0.0003610088612433194,0.0002964998441173177,0.0002980207009361437,0.0002487069176999595,0.00033786089384631196,0.00023021141618401398,0.00023468795808777537,0.00024966360560151296,0.00031090637524821435,0.00025181310631402717,0.00019846492929791822,0.00029588277570168005,0.0002476872574363413,0.00022443313284981658,0.00020703359712695186,0.00022245974172642246,0.00018571947832015512,0.00034714611055309196,0.0002140650986128027,0.00021313357081834312,0.00022862599306970236,0.0002244924424495394,0.00031567644321122323,0.0002297657014727427,0.00040873668988242775,0.00024765758968174764,0.00027715585096421366,0.0002810605600680311,0.0003347750552818793,0.0005025375948377682,0.00034747749952207996,0.00033620693895258097,0.00038870615982343254,0.0005508349890263099,0.0006685444373138333,0.001027759925207809
0.00016734936289040215,0.00026741742513700616,0.0002077746092682742,0.0002106179766227474,0.00024337536536268208,0.00015809062958653037,9.90610933532352e-05,0.00015553697086972124,0.00013238535242394032,0.00011704369549048452,0.00010557530410931606,0.00011734563276598781,0.00013822644277908494,0.00011760098168581723,0.00010461358147500047,0.00012903165713357284,0.0001269552139299387,0.00013206829884633743,9.936391714316329e-05,8.467300027066242e-05,0.00014510358053589187,0.00012279876753252,8.55516140748163e-05,9.36262716597289e-05,0.00011242785316247349,0.00016750795984454345,8.151591494740764e-05,9.212822826104775e-05,9.081015468514603e-05,0.00011641284464788693,8.509721418853861e-05,0.00010741414568202485,8.778345457021704e-05,0.00013914195023359888,0.00010102722832980948,0.00012848210921749916,0.00013913596085809204,0.0001429489476763539,0.00012172811363756264,0.00015271417203620676,0.0001587326425909058,0.00015224978297455978,0.0001750382673006164,0.00015156575523182263,0.00019052280678961514,0.0002644024653255431,0.0003172482423786953,0.0004434088491687421
0.0005238636878056312,0.0004950881442950495,0.00036176600223496354,0.0003907506122995607,0.00042372935925734313,0.00028228578256109797,0.0004084029426753129,0.0003178650412757008,0.0005169552148465349,0.00024472099310139856,0.0003484524735876853,0.00030930180931455434,0.00025250981899828146,0.00023508395904858,0.00025660800436358097,0.00030668049676458014,0.0003567155829444459,0.0003230547485606063,0.00023141703371512296,0.00024655516013538545,0.0002534860372826671,0.00028874298925316244,0.0003485816894189038,0.0002406587080558144,0.0002288380010579985,0.00027179204591667495,0.0002956701701621341,0.00025659537735829514,0.00031529900607804573,0.0003186067937126923,0.00030086351697999593,0.00022122185253924053,0.00024673409146414667,0.0002915886224506189,0.00039470469710458966,0.00023337929770469757,0.0004031032830292272,0.0003099770528389738,0.00030140206411887626,0.00029688766637116036,0.0003396276476231118,0.00032018445025454567,0.00041309388799575555,0.000526286480930773,0.0004941220335137363,0.0005636592427812312,0.0007030143744766621,0.0011527178286317732
0.0004966116507898029,0.0004171516300028127,0.0006605888243023014,0.00040373170642474547,0.00031975209908290835,0.00034198644930606573,0.0004679824373987586,0.0004497299909771896,0.0003537315323824943,0.00042584600523193366,0.00030507291268016786,0.00043167491113137835,0.0003150168505266324,0.00029914384273641747,0.00024585395671537254,0.00026160317110173094,0.00030420666659274683,0.0002485502752263393,0.000290703072226248,0.00025827462509586446,0.00036213106803812377,0.00041422397713152177,0.00029558041090784067,0.00021121801940837313,0.0003350891286661997,0.0002153442289425325,0.0003471610136438405,0.0002447281843581095,0.00021723710052388564,0.0003052112308584148,0.000368152078263031,0.0003290604604683589,0.0004038260092628433,0.00025433147620935683,0.0002948845334124188,0.0002486852016469764,0.0003872018795287664,0.00031338093870169617,0.0003259991175396762,0.00035490230887355915,0.00046449932482269484,0.0003131715453234444,0.0003672899100586197,0.00042317258920137723,0.00066089899256297,0.0005415195532502159,0.0007409044283980346,0.0011767048133054401
0.0003694328749419183,0.000216743977412832,0.00020987727037978193,0.00020914614120201848,0.0002059180824531527,0.0001792358399762236,0.00017603329880440548,0.000144657444977597,0.0001469847197632149,0.00020563822307195513,0.00015391146615856337,0.00020698612433813884,0.00013218991541193506,0.0001310323317860588,0.00014234452940836906,0.00016693175848953276,0.00014984059558010147,0.00011804654769679331,0.00011528463183777968,0.00010615739331528741,0.00019338464953071288,0.00012744006422600005,0.00017572790982329999,0.0001662775568183003,0.00012634519073265695,0.00014859129514000017,0.00013769114047237804,0.00010905451266562514,0.00012708442827525013,0.0001090712603934195,0.00012872410006902648,0.00012177375328709344,0.0001181345793579802,0.00012134508451840635,0.00010578125822961608,0.00012462211114086855,0.00012055137484815821,0.0001226826406994793,0.00013363895481730508,0.0001829932034621264,0.00016523864167962142,0.0001763821106380179,0.00019161421100068128,0.00023944577545478117,0.00023192125937691706,0.00028862279490654634,0.0003599849864353974,0.0006582810527305892
0.00047726351797066166,0.00034715046863918807,0.0005243981400655062,0.0003188794898331668,0.0002935087081411263,0.0002686550246320743,0.00032583100109642417,0.0003873233607584715,0.0003898750934772312,0.00030847996592037766,0.00035381809124805907,0.00036458883356823354,0.0003848421784849125,0.00027106476515017955,0.0003023807398894937,0.0002583539560336756,0.00035972860189466114,0.00022228750905858158,0.00023738483953593653,0.00023568363552475236,0.00030710500109309226,0.000255122898408691,0.0001987546235215789,0.000293701339836641,0.0002513401145953247,0.00022316830492844628,0.00021211299854803712,0.0002245295555912871,0.0001849369999746002,0.00034545898925119543,0.00021256781523833196,0.0002144188198584093,0.0002267053139312191,0.00022262367733830114,0.0003197499518262659,0.00022887554189026432,0.0004106569713910897,0.0002503709472306709,0.00027420618702459333,0.0002809161854232872,0.0003381659143241716,0.0005092457739936774,0.00034201205007056417,0.0003360913578216629,0.00039215792955013605,0.0005529220591317677,0.0006744701230078012,0.0010248245287133972
0.00015606642671325895,0.0002338318017045816,0.00022263149886569438,0.00020635989051952176,0.00023106619501138688,0.00018814250812718914,0.00010659037544858336,0.00016411956881947699,0.0001348046848781959,0.00010888613471774923,0.00011581608787202924,0.00011748625027030327,0.00014017835945149415,0.00012443091105208924,0.0001041912930716042,0.00012815272405290834,0.00013015191893697012,0.0001372427513714505,0.00010178891527378196,8.435897730107707e-05,0.00014025000328616902,0.00012725488225308424,8.869821314696302e-05,9.069701388955884e-05,0.0001135679491747047,0.00016505628345748216,8.310591433500267e-05,9.129163618795201e-05,9.451614046317707e-05,0.00011913134038851548,8.369143481760912e-05,0.00010850193278718531,8.820195544191394e-05,0.00013892871328303728,0.00010250926753492351,0.00012722980647190507,0.000138500011421125,0.00014123192884706918,0.00011802970404117501,0.0001551968027599694,0.00015864632586285284,0.00015111441077376566,0.0001728928688489187,0.00015103748559470098,0.00018833679205599465,0.0002608948527177791,0.0003205619564974121,0.0004460471007406694
0.000357338142271394,0.00044946865106657995,0.00026499704840055087,0.00022763478307114338,0.0003028675422443505,0.0002300491694198191,0.00018811319361121257,0.00015801003027418454,0.00018012434956472074,0.00023615880392032073,0.00016857511189242202,0.00016080577230321032,0.00016083687811619182,0.0001383950910656053,0.00018081982710026702,0.0001890860451592956,0.00017349793624600227,0.00028126886256994607,0.00015032088109366446,0.00013571036198132912,0.00013900060458119426,0.00018603028504892837,0.00015956468361863133,0.00017254417131108826,0.00013611309617528458,0.0001756846262429902,0.00012018181259123609,0.00016950665696194357,0.00013023036598178611,0.00021533680309885936,0.00019388600243201056,0.00018067016623941778,0.00013104970465297494,0.00013145417924880905,0.0001279356908069239,0.00017107023372841108,0.000158402541355482,0.00018732803699114426,0.00019708195475472346,0.00022704527598361147,0.00022396626691260595,0.0001999884231743858,0.0002520568074649228,0.00026579975303937017,0.000295201557398026,0.00042162234544221387,0.00041569318505066356,0.0007306197893555004
0.00033221526477638687,0.0003818979269109043,0.0002288887546538685,0.000235319571637218,0.00023402912905112384,0.00019296757572178928,0.00025855425832786483,0.0002730565830678412,0.00022909361024495126,0.00021417648714869457,0.0001639517425617975,0.00021909543550383798,0.00015428469282679312,0.0001682520831835815,0.00015406135741877352,0.0002105143230294306,0.0002438132031151401,0.00015693188159735696,0.00017566305382560375,0.00017116536388217714,0.00014903202699255596,0.00019146199612575903,0.0002062311463306933,0.00016519545413163915,0.0001531737379064227,0.0002218990442835609,0.0001671428224323105,0.00019921013826025252,0.00016087014953163672,0.00014066244789070546,0.00014419989934105,0.0001382235082344231,0.00014471396859794554,0.00013759262685030056,0.00015432079253816487,0.00022695852153500535,0.00019116240946651637,0.00014789154300178545,0.0001933753496261591,0.00020567865861686742,0.0002346123010564182,0.000255841093205257,0.0003113410818817103,0.00026056168626802074,0.00033729116940948756,0.0003483654230816784,0.0005413342175481436,0.0007635355440801323
0.00038589537371728827,0.0004140385014929157,0.0003353281628059308,0.0002650404809602982,0.0003295033448775925,0.00031299705746678147,0.0003251907301341854,0.00022224868067588282,0.00029811426286631903,0.00020583229958708342,0.00026790756744329044,0.0002591467529761408,0.0002579774003170041,0.00024995663748931515,0.00018239614222721577,0.00025844449665266087,0.0001992573620885457,0.00024145743388924402,0.0002530719690336216,0.00024336734378893276,0.000213834941866858,0.00018335046177660197,0.0002446189209322624,0.000255969037084738,0.00018381043402140894,0.00019359860511697135,0.00015079102392640396,0.00015576720490771164,0.00017118884874380285,0.00016377458518419724,0.00020345908736521228,0.00017616063962252172,0.00021473055291425466,0.00017664522865892658,0.00020876173869209782,0.00021749915584037835,0.00020867387355229643,0.00022202545402623256,0.0002405591702621454,0.00021690090914591216,0.00022704556830755647,0.0002915592703445893,0.00029553292543961734,0.00028250171359383094,0.0003973078917665225,0.0004567736175383125,0.0005655863394720668,0.0008111743181444867
0.00041624769546466433,0.0003506682755150986,0.00030066589659502,0.00031271183609571173,0.0003900065286422139,0.000296685709771118,0.0003429376238544932,0.0002983855613879151,0.0003680404270162925,0.0005218329540348912,0.00032259829534948614,0.00040415269953226557,0.00034081159936586196,0.0002362851088840841,0.00027313739855599784,0.00021990012889291956,0.0002836771532920906,0.00023336184404815382,0.0002166966763047086,0.000206833062449343,0.0002133370909863608,0.00023462817768301432,0.0003484203484482472,0.00021056548567774077,0.00021401480447953824,0.00022733067440761957,0.00020645912479682504,0.00023860217516266609,0.00038747363701116847,0.0002682031998199115,0.0003317503820493346,0.0002962472814927713,0.00021980016350752393,0.0002439782410713183,0.00023225862462749618,0.00021078963066568985,0.0002077056099182153,0.00025374831589001953,0.0003319944494837372,0.00026360250074060896,0.0003269629722994583,0.000352549657225171,0.0003561428724331909,0.0003748028043464667,0.0004366162748069503,0.00047485575485257015,0.0006810769564629898,0.001056300624732809
0.0004954180353167985,0.0004976071220052898,0.00030436457355865993,0.00047754542231561885,0.00035386561004974995,0.0003971935986144282,0.0002471043815472408,0.00026357312134760446,0.0004735174731224522,0.00034619337909293956,0.0004944766980809193,0.0003183037749235482,0.00023491182352711583,0.0002774564209361974,0.00023085837352340214,0.0002816122243253601,0.00030573361509148814,0.00039846387958281695,0.0002879537620018784,0.0003454022244905703,0.0003028736859183545,0.0003277303025886921,0.0002164502901531466,0.00028553132139114373,0.00041433665034135543,0.0002928163672636694,0.0003001968290478441,0.0003344213703850622,0.0002538292841574388,0.0003200738411875939,0.0002506685668187511,0.00022321354050469262,0.0003545305765602387,0.0002848182884658821,0.00038685350838531073,0.0002793996361121912,0.000362364692453014,0.00036594263774910994,0.00025664075194171455,0.00033242626059078054,0.0002999060116429993,0.00033102002600562594,0.00037197910465595684,0.000509651499487041,0.0005276368767084487,0.0005363945148918097,0.0007708236681331983,0.001397128944021075
0.00041556977465047036,0.00042987340617699,0.00024342780553494983,0.00021596812738773762,0.00031517865027609653,0.00023071531510531154,0.00019543180224267283,0.00016273234044961366,0.00019964739661181295,0.00027435706781247994,0.00018591093783951445,0.00014903285568146016,0.00015965794659158512,0.00013845689694310013,0.00018590421744855748,0.00018056842777122421,0.00016069864707752543,0.0002547058667423523,0.0001572687942544991,0.00013744844511079949,0.00013644176175460086,0.00018309013647404548,0.0001656767942738676,0.00017077943330392345,0.0001482166221477304,0.0001704532182016929,0.0001208825781306071,0.00017438001863011288,0.00013231521040527508,0.000218341883425426,0.0001970824409756558,0.00017533106547069474,0.00013654668415506819,0.00013172368002881027,0.00012890269857723829,0.00016945116827107049,0.00016090468277441686,0.0001915862136696414,0.00019558672332697192,0.00022726928571569147,0.0002258513067202727,0.00020205097028847202,0.0002541804622017983,0.00026349387779038254,0.00029265315516306537,0.00041945650239979984,0.0004114523120350022,0.0007356414007512871
0.0003725052908029497,0.0003849547561584983,0.0002075702887174971,0.0002609803846355423,0.00024363855919088033,0.00019101185503973933,0.0002497852837595069,0.0003063565963476662,0.00024320350497319224,0.00020608142152186558,0.0001664508942519594,0.00022169460731276346,0.00016078101383909518,0.00016881453756138406,0.00015584711194231496,0.00021218917858879588,0.0002435501157279612,0.00015435968212033793,0.00017395215104732081,0.00017491411255781862,0.00015158686265378531,0.000191630177014431,0.00020796678569812285,0.0001631338106685561,0.00015277412795153717,0.00021886613575061053,0.00016773315272702478,0.0001978019319848186,0.00016022122708633094,0.00013908433620583,0.0001431200693063011,0.00013862464425624086,0.00014433470348357934,0.00013757556219804384,0.000156075516304723,0.00022527376879817902,0.00019195357694366618,0.00014792029782276778,0.00019455120234065394,0.000205855395183349,0.00023507378133565506,0.0002577711238855198,0.0003150106419436116,0.000259773732772435,0.00033991309664869573,0.00034567795713371074,0.000549701787400571,0.0007697261760432367
0.0003536582902657246,0.00038733079804509406,0.00037367917050465296,0.00026932989661847257,0.0003491859177411437,0.0003149827313725173,0.00030849227356638347,0.0002174342352629756,0.00029610932192927964,0.0002000254008265393,0.000286754951197629,0.00027237443710737767,0.00025230718888292645,0.00024095395461554606,0.0001833053619344712,0.00024820157021725474,0.00020555916565134913,0.0002369195939270922,0.00024296933258336913,0.0002635804321013544,0.00021391752479455923,0.00018444848979150928,0.0002406697714322527,0.0002563767665358591,0.00018872487362532955,0.00019315806749879968,0.00015031843427929425,0.00015494631062060757,0.00017160729069532973,0.00016029348306154453,0.00019986731736918538,0.00017394037682187254,0.00021709247419133157,0.00017620942517379752,0.00020741455300341398,0.0002159679661086611,0.00020775705770545582,0.00022175819869172663,0.00023539156395524952,0.0002172115005525081,0.00022921980204338322,0.000296140124607481,0.00029262197129365723,0.00028191087995655485,0.00039867304400479216,0.00044985651069103986,0.0005615373931170753,0.0008156459880010015
0.0004372479580336312,0.0003382721991147687,0.0002982458713431951,0.0003451969051824997,0.0004428394541174579,0.00028876841593992574,0.0003527008538503157,0.000291471475619632,0.0003714894821978539,0.0005110669004739793,0.0003271306368806824,0.0004065592639173397,0.0003421937304942204,0.00023280030637996973,0.00026367760645073216,0.00022290644983717474,0.0002837624595662131,0.0002319824622610915,0.00022106401683764682,0.00020435674412095248,0.00021373001699964987,0.00023136032366838762,0.0003436340444567989,0.0002151678760050566,0.000217334402603936,0.0002335984871367211,0.00021175623767578087,0.00024189482851790357,0.0003857849087674538,0.00027098571985499593,0.0003268059203241385,0.00029599652110630197,0.00021850593807109096,0.00024309880182780413,0.00023223792932895628,0.00020959975055592685,0.00020790515090560462,0.00025193525334937886,0.0003334913359745184,0.0002642560557033815,0.0003298731921610141,0.0003548716425063815,0.0003578700053967226,0.0003729800370724453,0.000435569074871014,0.00047361024782685313,0.0006847557768550353,0.0010634491593088712
0.0005361688506295253,0.0004744080424419315,0.00031425007305863696,0.0004944453569872467,0.00032744686119353544,0.0003697686145453156,0.0002473582259190017,0.00028226747757360295,0.00047306929292028564,0.00033597212720673064,0.0005142097198943097,0.00031161970196726975,0.000232513677288425,0.00027298034968286207,0.00022938746616898157,0.0002838490707252295,0.000309595793420692,0.00040110851892931695,0.00029334267506119334,0.00033498831153681163,0.0002986933943913881,0.00032992840766910225,0.0002149716142290671,0.00028186473369544386,0.0004127050434780732,0.00029395415248888895,0.0002940832198706488,0.00032714481158309963,0.0002530879489480414,0.0003206128837599051,0.0002486958677078225,0.00022013570078401254,0.0003559280456990861,0.00028473407209970845,0.00038931260253477625,0.00028120883676183134,0.0003623726818747239,0.0003627468523140185,0.000257555865435015,0.0003330759882650633,0.0003003731038964007,0.0003328534483757428,0.00037474149156888493,0.0005109115215681893,0.0005320888951549089,0.0005420134395999866,0.0007706996715814589,0.0014084555191258483
0.00046777663974942926,0.0004873020406579193,0.0004621590394144351,0.00032811345492191984,0.00025133733955107684,0.00019895562726728142,0.00036042664031592974,0.00021335011159595942,0.00023877027324172698,0.00033224934108556784,0.00021666728312766541,0.0002789114658934674,0.0001856362553805716,0.00029746112783929807,0.00017403039701424108,0.0002740422714276519,0.0002065342163314941,0.0002606460276690063,0.00017248134617964936,0.00023006972841826118,0.0001723915497971728,0.00017250310096260634,0.00019627795284238726,0.0002796844472607444,0.00019842556700626031,0.0002188354455103034,0.0001407135540846452,0.00021262970585075527,0.0001739659254901289,0.00016170015886156678,0.0001885335293053584,0.0001567089083245647,0.00022816314176805734,0.00021431416034016246,0.00018465359283040508,0.00026205950296569885,0.0002009830809871004,0.00021774605117288114,0.00025575406195341757,0.0001924962666445889,0.00021725613092157247,0.00028557305726522307,0.00031140607927334664,0.00030463328888349645,0.0003503665710805903,0.0004331462059705332,0.0005733366892959757,0.0008109851538741176
0.0002628610418330735,0.00022965292079177223,0.00026507811471674595,0.000311273494415329,0.00017477160177718318,0.00023067074433886706,0.00019319624587036256,0.00020254502636944354,0.0001514134011037305,0.0001674991808537693,0.00015805558718965678,0.00018785267704872805,0.00023342134225467324,0.000161968236061403,0.0001769070373733149,0.0001480985408055281,0.00022289585923136482,0.00021748702537291166,0.00015893112168442684,0.00022579385609834246,0.0001879860570167221,0.00020302296047028845,0.00014711786472583547,0.00015004549869694655,0.0001651446000843135,0.00014360939044216542,0.00015329115185123315,0.00014004161170666106,0.0001575952354791426,0.00012451254101769106,0.00015012571627117207,0.00019540043471626684,0.00017172356765093337,0.00016130616594480456,0.00012679310520071315,0.00016613929865664793,0.000264058372945541,0.00015980002268840382,0.00016311425727080463,0.00018637996816876104,0.00020188861080922094,0.00029202123498586947,0.00023781635377684304,0.00030821289593156796,0.0003278040102397249,0.0003436878008086,0.0005253537534872094,0.00066606417200296
0.0006187435035727347,0.0008182592980190032,0.0005163487292495778,0.0005085509325400459,0.00030775713363849494,0.00046080481050750577,0.0003973602533055582,0.000439127780931976,0.0006714561657975721,0.00044130367660546603,0.0005157572403694179,0.0004241311980240309,0.0004612910817002212,0.0003424995472705505,0.00042455762401853134,0.0003591900501844681,0.0003936535154203118,0.00040919657460869365,0.00036522208393116866,0.0003259329167000691,0.0002999772896597956,0.0004084572456616963,0.000375072093896092,0.0002912404803667648,0.0002839775693319634,0.00031638194626095026,0.00043684909462423646,0.0003450259168434604,0.0003057335951994299,0.00028239406241724135,0.00035450883830217937,0.00028364534093729767,0.00028539924023855283,0.0003321836187879237,0.00031710358805820185,0.0004174459792339211,0.0003599362409660468,0.00035951721901792707,0.0004980984975771977,0.0003396949585394509,0.0003399136538985937,0.00036442590880311776,0.00047334048867820597,0.0004964330812189492,0.0004649902136679376,0.0006711628380401234,0.0007457716111349276,0.0011205457735359325
0.00026484827940161055,0.00032143832236197957,0.0003032990188201257,0.00021302184589242317,0.00029080168276809454,0.0002287765974007215,0.00023410549937075319,0.00016100738620247388,0.000256661783216768,0.00015737836531261434,0.00015815605749015425,0.00014397119945666235,0.0002723157659164463,0.00015923713139765787,0.00017692277352757588,0.0001538588313391091,0.00012836220148536805,0.00012600184970310916,0.00016102485411267225,0.0001633536475352025,0.00011861397083564183,0.00013927215156547357,0.00016030850663152624,0.00011256039875881285,0.0002031527216134278,0.0001149833387089461,0.00017405072781057844,0.0001312806853983497,0.0001422447408902446,0.00018262682925754783,0.00013133430174296963,0.00013745391352844693,0.00014429931403414726,0.00018484607736594596,0.0001336894004692958,0.00014380601741298998,0.00015191024489925647,0.0002027431520245933,0.00023872102859470368,0.00019895884024830537,0.00022443268805324298,0.0002001757336445401,0.00019412250041839048,0.00021892898392060297,0.0002471905248243585,0.00029828178019214484,0.00037030357009844436,0.0006742820650664215
0.00038024542141162904,0.0002450972778296581,0.00020425385482914838,0.00024740819155011893,0.00022966545988447278,0.0002706636182379212,0.00026120668677212885,0.00020235650473010306,0.00025549481065646556,0.0002741234371579517,0.00015854740224673184,0.00017651971950224542,0.0002072892601277575,0.00016129640902676662,0.000294867175217144,0.000167079108243683,0.00027940261435134583,0.00016778058003953335,0.0002138863870049792,0.0002150574780620316,0.0001828874473638697,0.00013225398778747243,0.00016527831058148678,0.0001444987194314956,0.0001616486198490458,0.0001229292521741629,0.00015511926646850173,0.00018048625435191634,0.000135786433167907,0.00013198429519744762,0.00013213091159954596,0.00016440600289123133,0.00020800965810455663,0.00016146642761160504,0.00016622907560927584,0.00020202108094794538,0.0001787465008198544,0.00015825234220334932,0.0001622548897071938,0.00018944278552484751,0.00024948604714189454,0.00020333179510742284,0.0002181234485111718,0.00029765422352609044,0.0002827831319513764,0.0004046345785226744,0.00046815196373491396,0.0006885243365424272
0.00046461911382895184,0.0005198776463874621,0.000449279477111735,0.00032130837798698646,0.00028410073698003843,0.00018950273157380048,0.00037242215926859594,0.00021774154804023936,0.00024598792861376,0.00033376638689427946,0.0002085639081881018,0.0002685525140427882,0.00018413767804956687,0.0002933085237138172,0.00017772071861445407,0.00027514960012853967,0.00020472234083312603,0.0002659998360339672,0.0001742340379499013,0.0002313740365418562,0.00016560776646294345,0.00016939363847735635,0.00019841847988838257,0.0002756047599789482,0.00019832725497707175,0.0002216107076480465,0.00014172476578453713,0.00021684426907932135,0.00017981214491208413,0.00016354113250200032,0.00018812878299787688,0.00015548828674116877,0.0002313333956527263,0.0002149924739349389,0.00018499722170398458,0.00026229284429607334,0.00020674826850096805,0.00021544868920497716,0.0002535252775105973,0.0001922981340925819,0.0002195425084321191,0.00028153148754219803,0.00030754555179223413,0.0002987447181939446,0.0003442724183617572,0.00042756233257396466,0.0005780082021353015,0.0008312689179983241
0.00029605988994347085,0.0002556365156796949,0.00025731806240668527,0.0003299477064357998,0.0001705540259797416,0.00021260943909203102,0.00019666215579605204,0.00021514815355476368,0.00016421446254416723,0.00016176825742983725,0.00016025408944289653,0.0001952204722715966,0.00022711696445388145,0.00017645897377464384,0.00017877457213462451,0.00016579846345162426,0.0002153068000226892,0.00021660921963259628,0.00016515566575557795,0.00023148977223484286,0.00018949779738755643,0.00020319597905505725,0.00014656906254143922,0.00014804983170643555,0.0001668031530567706,0.00014286310419423166,0.00015332162595053621,0.00014160518356199684,0.0001578399703499101,0.00012457375304634723,0.00014845529913837157,0.00019314365453299337,0.00017021053977981743,0.00016371637334077198,0.00012735294221767209,0.00016818944930066618,0.0002665293714595039,0.00015415392466617967,0.00016315519214303104,0.0001872265324344889,0.00020172513998075568,0.0002949126977153779,0.00023880010791362148,0.0003017041629045308,0.0003219539662167776,0.0003376519360957066,0.0005111073503802013,0.000676169751302053
0.000614707053681271,0.0007938409246542886,0.0005694705273445805,0.0005082684451111676,0.00030690066208674354,0.00045319268365397343,0.00041413026084848807,0.00046968559283665467,0.0006951197651631246,0.0004478957996884259,0.0004859192455463437,0.0004218166416651794,0.0004848368522292319,0.00032667767781501076,0.00042417142317112085,0.0003491951383859925,0.0004110680998573712,0.0003894682256951856,0.00036466245384931634,0.0003184084088395889,0.000316844467178108,0.0004334809392158606,0.00038346389150731747,0.00028834225558375454,0.00028211622868395584,0.00030653442132233283,0.0004586262828759909,0.00034427185548507205,0.00029688547676226334,0.000280408924273363,0.0003472891381028866,0.0002806291391789898,0.0002821814078207321,0.0003270652016898765,0.00031709752504605515,0.0004230305847575195,0.00035873834382129933,0.0003614538058225762,0.0004976994713438592,0.0003397893820940693,0.00034102626388362353,0.00036709861601447045,0.0004696837946190197,0.0004992126593050801,0.00046758222099365184,0.000666959773868651,0.0007469136031686025,0.0011266338411873823
0.00030407065945492885,0.0003659317232624532,0.0003195711788500802,0.00019789106483493398,0.0002950291213549575,0.00023223918578221342,0.0002450556402975634,0.00015760120840583976,0.00026026919974024863,0.00016104814231729622,0.00015163571769722032,0.0001427937172433309,0.00027033587571832573,0.0001467217956753681,0.0001991566209003789,0.00014868548655987157,0.00012911770624109362,0.00012749153271543562,0.00016402308707655857,0.00016257739481320075,0.00012017827546551589,0.00013743638172465788,0.0001580296896044572,0.0001125947767131573,0.00020619726058084372,0.00011640241485798095,0.00018114362351566912,0.00013177855054565159,0.00014095351596261755,0.000181112490211044,0.0001305719710029077,0.00013545507459308855,0.00014429927921612003,0.00018090774452143892,0.00013231057492388664,0.00014425532919383493,0.00015431903519879278,0.0002006771263206019,0.00023622028221925687,0.00019891842100968046,0.00022463523985011933,0.00019955721086872176,0.00019412993102330952,0.00021733919493646247,0.00024707899424095505,0.0002962671697077589,0.00037128887114663546,0.0006809018449093004
0.00037690214998079333,0.00023057987372750405,0.0002034249777282655,0.00024785912963572616,0.00023352205375650194,0.0002815396140706829,0.0002613380397504676,0.0001931279174716731,0.0002495549173961851,0.0002721562148541585,0.00016213913078897717,0.00017263084064466735,0.00020902997970305415,0.00017152867528842582,0.0002821900870446389,0.00016845190023730136,0.00027515896352288085,0.0001722137416804182,0.00022149098938359623,0.00021721397660326444,0.0001894623287528048,0.0001320920196931536,0.00016448143167173505,0.00014404954209387092,0.0001627536246683444,0.0001227431368737351,0.0001540008881651406,0.0001787932413714395,0.0001354105503899236,0.00013168136306991105,0.00013232182465431602,0.00016505406597079432,0.00020806382811729585,0.0001614933950339755,0.00016532826639103782,0.00020203453334461868,0.00017886199140218292,0.0001580019632605506,0.00016237372838184412,0.00018968508316885102,0.000249551717878902,0.00020344042904634396,0.00021797454636827618,0.00029843282006930414,0.0002828906605624362,0.00040427731946993437,0.00046695150028072874,0.0006926640296916318
0.00042164139077351993,0.00027573599760697667,0.00040964540413001335,0.00033080692024992856,0.00034507060101158,0.00027118548903763104,0.00027408194621156507,0.000215644870814399,0.00024154692633435483,0.0003046099050933247,0.00026980424815496897,0.00018740454881407555,0.0001980446694247944,0.0002843381875073087,0.00025467540108315497,0.00020378528201863308,0.00021691592018390407,0.0002828740997221498,0.00017350440007212527,0.00019401673186791982,0.00019824019229957692,0.00021594055660468842,0.00017444924344462947,0.00018322378481202666,0.0002618728556968264,0.00019210277235102988,0.00015711543454434104,0.0002452548357375058,0.00019998297133266374,0.00017762206343063322,0.00016129884144325512,0.00015024723094672875,0.00014906054743809332,0.0002062292542323648,0.00020052800888415497,0.00019068984753633865,0.00021918671650320452,0.0001899265375697803,0.00024471210523697583,0.00019688418065152207,0.00020525770050553715,0.0002720068231838783,0.00022484542579002923,0.00030088386990594204,0.00036185146414453466,0.0004456483360219056,0.0007554504543508999,0.0007108680650039541
0.0003368052482749826,0.00039837633249401597,0.0003233634601260687,0.0001944478611279903,0.0002543878969913296,0.0002487386035267037,0.00020192876918799046,0.0002083325866105741,0.0002483822132318992,0.0002211945830760839,0.00022817721012845035,0.00020089792164312853,0.0001981792451245126,0.00017839365211852842,0.0001295742976509573,0.00017560215913877935,0.00014470955421462656,0.0001604668670713396,0.00022667575161446727,0.00019290920130492125,0.00019439474477627401,0.00018053121275432297,0.0001641094672721947,0.0001521729805975744,0.0001542994644540248,0.0001342432742434488,0.0001867968227496917,0.00019034098174170496,0.00014391389097147579,0.00015312728199448427,0.0001446377103481406,0.00024202702645646814,0.00015600254879585644,0.00023549277572851987,0.0001675298240011153,0.0001660976972693667,0.0001672074458790906,0.00018645821094732178,0.00017962165508199278,0.0002444169508856451,0.0002166314723834951,0.00026137042928155743,0.00030599290641216136,0.00025350642745340174,0.000345168165587267,0.00033353272069411045,0.0004547089776457502,0.0007297689035658642
0.0004135343858719361,0.00029276766373024756,0.00036203638517453673,0.0003962052786010204,0.00039291511716989106,0.0004932750021485369,0.0003854729675065375,0.0002616391415062584,0.0002721239530042211,0.0003373491581166447,0.0003307954443001358,0.00028010812438136604,0.00023893989573706807,0.00032346780190121223,0.0003476939319888096,0.00027425741314846783,0.0002082517995244923,0.0002390208203130986,0.000225906559986182,0.00021758319358691224,0.00020024862756110143,0.00018654811368955075,0.0002462249590061055,0.0002259574521180497,0.0002958413076074381,0.00024639871149983707,0.00019860615723613908,0.00021248319350638484,0.00023863969187799076,0.0002735959121769326,0.0003000094139653637,0.000259391899161226,0.0003011225929470701,0.0002586221398860159,0.00019685643121273157,0.00023912979747630115,0.00021375620502047947,0.0003121409435054386,0.00027070291773289765,0.00025042833374055816,0.0003370450715662613,0.0003866483984756279,0.0003527102411657885,0.000416822998627606,0.00041555059970579435,0.0005390728645875734,0.0006662149034651686,0.000996918713649716
0.0002932972103847623,0.00022512326027284706,0.0002311960045081426,0.00020835918116618774,0.00016576974692914263,0.00018159903736121875,0.00021912771661528575,0.00017630225055141545,0.00016009171206789828,0.0002591555919653606,0.0001586058607744006,0.00016126232729211413,0.00016743708929999694,0.00015403374278383832,0.0001352543508521599,0.00010797876872309148,0.00012517381493258513,0.00012537272891634504,0.00012727542813749712,0.0001255863198241216,0.00014946348285880414,0.00024198769611514037,0.00012028686433007119,0.00018086911520194827,0.00012975296659941603,0.0001341970310778921,0.00019909917379870833,0.00012855223275969253,0.00011758021857544649,0.00012762397537102453,0.00013848945075523278,0.0001192901525339063,0.00010720482371528448,0.00012624643045656408,0.00013027447501462542,0.00011506543688346025,0.00014315974373779852,0.00013600583844026564,0.00013031978448814184,0.00016871350170764705,0.00016896028681107148,0.0002058271557447251,0.00021115880576489285,0.00017961057847854932,0.00021333497944765373,0.0002627405330592579,0.000388828803573595,0.0005571449882801278
0.00023956676497800643,0.00037335720099431087,0.0003983134774931907,0.0002109270885597762,0.00020281683429896079,0.0002738788993627293,0.00022889532382490443,0.00018488827541835291,0.00018423243034460464,0.0001722958750704882,0.00015076994692483139,0.0001472988101357665,0.00017197490048178278,0.00015414486659308843,0.00016914644161965494,0.0001740361058402811,0.0001657826775895965,0.00012870326654708278,0.00018408877899072978,0.00015248572153801117,0.0002237561791135676,0.00016812641311794054,0.00018511833152658384,0.00013031918511185398,0.00012793380491318685,0.00014670679397122115,0.0001346479983776131,0.0001597219029573733,0.00016188039010320884,0.0001579537163909469,0.00015841952570978826,0.00016191056666659247,0.00019554703346956538,0.00012816567834631802,0.00015268944286822757,0.0001738708550504731,0.0001580265285136006,0.00015219606792207484,0.00018122971481454396,0.00016198089662520157,0.00018638260192900346,0.00019429003167481998,0.0002654056175174269,0.00024428287456380074,0.0002864911301007341,0.0003504784058395294,0.00047186406861428337,0.0006890788196919667
0.00036518603230678185,0.00030347679826952514,0.0004139527393995616,0.00030868685806695144,0.0003648995114223112,0.0002559177966969237,0.0002753181799114328,0.0002199978258352258,0.0002324193691702898,0.00030024031867668764,0.00026917276721340807,0.00018832380352175912,0.00019722931205356028,0.0002926642516705471,0.00025656005278495655,0.00020313574424998256,0.00021848501936024285,0.000275507386840402,0.0001794883092130763,0.00019697297361795195,0.00019635666789392594,0.00021544243344048924,0.00017287128844013165,0.000184441182602287,0.0002624725582854215,0.0001913064140430672,0.00015670139977972528,0.00024376315641531208,0.00020326854102391232,0.00017799008343574106,0.00016263133156997498,0.000151128766484595,0.0001498188770280304,0.00020472529584568693,0.00020117704527874142,0.00019217861864192565,0.00022098284539083963,0.000190778789050685,0.00024666473188647743,0.00019760518198403228,0.00020403489140314706,0.0002747722194019568,0.00022502861084079537,0.00029817590057957903,0.000357963216370159,0.0004456855658640835,0.0007697948862683555,0.0007176068415678573
0.0003361177288079738,0.0003930759696180369,0.00033280164885238347,0.00017943047181959908,0.0002712402131301861,0.0002651264731357227,0.0001976835651871676,0.0002094905863697904,0.0002624515651877415,0.00022000373596965073,0.0002317711553554319,0.00020711132443505809,0.0002005789469317524,0.0001710901050956951,0.0001291120220378758,0.00017336975873669626,0.00014551632870588079,0.00015709799405708088,0.0002286292411291093,0.0001954567361770097,0.00020035022111294893,0.00017903051936028855,0.00016517563756726568,0.0001538638411112678,0.00015621634684806176,0.00013450280719995707,0.00018812440243937289,0.0001873804820576688,0.00014535947953027222,0.00015357666272948088,0.00014494087720775148,0.00024194221828395925,0.00015717192130754846,0.00023506343647564955,0.0001675982423802125,0.00016622767142736316,0.00016776902077877466,0.00018663587667004463,0.00017929972642548306,0.0002454579274356299,0.0002176252728110179,0.0002627969757715121,0.000307781621691879,0.00025277080055686194,0.000344619038925868,0.0003334075507042313,0.0004557669862175498,0.0007263368624781121
0.0003863945492963426,0.0003122618321622304,0.00037769654299653024,0.0004140707057575266,0.00030779958518588416,0.0004931629182460385,0.0003863599448772682,0.00026441298703847553,0.000286176515682932,0.00031829627246328807,0.0003184977161189046,0.0002804686415182466,0.0002312187228643152,0.0003205873853248766,0.00037465454480120814,0.0002734214725832611,0.000209823571160494,0.00024698595334409786,0.00022651994874131888,0.00021642947565254122,0.0002001038005660908,0.00018805648706056902,0.00024393201574186648,0.00022309145499375342,0.00029450592732850633,0.0002534083214736317,0.00019973554252986623,0.00021296028257759456,0.00023895108240054109,0.0002714224360565441,0.00029952014865780916,0.0002594286488043792,0.00030114982580805113,0.00025918420142132827,0.00019711601370025138,0.00023850553510794214,0.00021335947053930244,0.00031354805164040254,0.0002709060387025172,0.0002497366579850089,0.00033606334885584026,0.0003897791917047337,0.00035475516807455287,0.0004169523445497357,0.0004159301224822933,0.0005393841477953576,0.0006650123837524202,0.0010001728575059102
0.00035183147209228414,0.0002059775597419404,0.00024351401213535743,0.00022235788817323378,0.000161352028873686,0.00018955530155772543,0.00022706733179655617,0.00016956458902945293,0.00015942948982061248,0.00026258923850083196,0.0001562921281051104,0.00016426657791329514,0.0001670328750529317,0.0001614042313656009,0.00012959082581952326,0.00010698328408991423,0.00012738567095316308,0.000130383992393729,0.00013248977654461183,0.00012830650869330538,0.00014633460018448992,0.00023953123013492394,0.0001193887542344657,0.00017781311195079222,0.00013099923012276893,0.00013352041357704613,0.00019796816029582696,0.00012759660150986888,0.00011653060501629204,0.00012948526887242317,0.00013914222201446644,0.00011813187806709173,0.00010689346692919126,0.0001253126325333482,0.00013099616568306889,0.00011583916586881102,0.00014414117881296628,0.00013534265016958488,0.00013025879332453745,0.00016981293797913916,0.0001701881662999087,0.00020409001542340315,0.00020997034494530794,0.00017913955304334436,0.00021354840562756976,0.0002643254731776681,0.0003857986730665334,0.0005577830643568877
0.00024300621153147046,0.0003171018454651371,0.00041544285638413686,0.00021787614571375114,0.0001944290004421821,0.0002803489943351266,0.0002239208828162316,0.00018247261060683892,0.0001831497369996972,0.00017070698340373463,0.00015288940511560013,0.00015587036465639943,0.00017005382130741515,0.0001532221648727245,0.00017163353477446655,0.0001736361290522352,0.00016677298368406406,0.00012563754405180567,0.0001819668674608769,0.00015348911345451142,0.000225585302146179,0.00016520437480798748,0.00018492929259084057,0.00012910435710602292,0.0001284211117923971,0.00014528306825406037,0.00013538118263596422,0.00016291758624371544,0.00016380139342525755,0.0001617632342689455,0.00015658794711451268,0.00016158649784326335,0.00019692591544069856,0.00012696027416597916,0.00015441278584690555,0.00017302343099435738,0.0001587876463969704,0.00015385639195595688,0.00018148018847650562,0.00016107403513480079,0.0001867937052157613,0.00019528070931945152,0.000269961252366485,0.00024304370058507018,0.00028894991788686747,0.0003543689554172135,0.0004636026102619185,0.0007102645503787837
0.0007666095812369723,0.00032903431648660994,0.0003681469562172478,0.0003378990008547363,0.00026854113688912776,0.00023134098845581773,0.0002558740749080387,0.0003517887226685886,0.00027949883993851066,0.00027811994996320127,0.00025152970645283304,0.0002193837340232007,0.0002804780390986969,0.00028472689599745154,0.0003311719977445714,0.00026121454620351434,0.00022751372850974218,0.0001945817754563386,0.00026706735548513895,0.00023269462192756143,0.00021731426920014116,0.0002028457967044067,0.00023841056606258904,0.00027318458912340207,0.0002590374116550142,0.0002177978951554549,0.00021658270973681974,0.00025362255597092984,0.0002227315444864179,0.0001642517946940667,0.00023532911686598967,0.0002177117207605025,0.00018850789929955957,0.0001999848372734584,0.00016981828885229784,0.00020964016993143395,0.0002769850363957272,0.00020626262047416822,0.0002604952991429445,0.00021283163274718106,0.00032988657272213723,0.0003675935818673995,0.0003499168540731854,0.00039170610326103424,0.0003578831673033175,0.00044873382240563853,0.0005727277738951919,0.0009789604098093927
0.000615879399811093,0.0006451403979392225,0.0006735969100743344,0.0005076770090652081,0.0005200906281855569,0.00047222310059783044,0.0004106345218696002,0.0004722551895420502,0.0005194116520705719,0.0005693723261365094,0.00042515231816773764,0.0007262077389997229,0.000399210122377136,0.0004814990662279959,0.000417524968570497,0.00045924070360917795,0.0004226642917626302,0.00031353281612801705,0.00029048457054861587,0.0003032704721247578,0.00032886469402150964,0.0002796542802683551,0.00031323328393607127,0.0002796154697246148,0.00039643240636678956,0.00031283483908402536,0.0003161896701936867,0.00038340828451141157,0.00027135421000720744,0.00035425623839563245,0.00030274757675600154,0.00027303452646401064,0.0004783752017970726,0.0002977800721610952,0.0003422526247076103,0.00035885689757536235,0.0003286885780950511,0.0003147851583021335,0.00035344508245158785,0.0004638484500103361,0.0003428692692397642,0.0005561070752497101,0.0005589006084765841,0.0005066439109896149,0.0006593561545652984,0.0007541112410255513,0.001084950142980362,0.0014354850493978487
0.000298211503929458,0.0004560120036693279,0.0003349950345324286,0.00027666518141355583,0.0003266219271741003,0.00032026627426214065,0.0004318377218298546,0.0002331916611970278,0.000219360310238345,0.00025165974177422586,0.0002448868713853842,0.00024178641331627538,0.00025159818661424035,0.0002197385243290643,0.0002482698408449869,0.00033091139217208217,0.00020174824667646557,0.00016771652340988124,0.000189067569346012,0.00024145885365362078,0.00018400931493870484,0.000253320780313767,0.00021770665837482224,0.00022641358738216639,0.00018314719820310845,0.00014983779579562132,0.00022072794591178663,0.00015873656726813693,0.0002372173466625553,0.0001836973216045127,0.00027097081944625417,0.00015837079466279088,0.0001796274921416905,0.00015706822090092706,0.00017322528583936094,0.00025203369749232445,0.00023247776415215234,0.0002164660544247148,0.0002058601938530062,0.00020102507032975655,0.00023048169704517683,0.00036061098286928886,0.0002714385997757589,0.00028950909524712624,0.0005184249055140959,0.00044996582163968075,0.0005424550485256275,0.0008151071946586829
0.000266734389859694,0.00032661478440978905,0.00033022526942039774,0.0002603821924371326,0.0002296332116189072,0.0002052318024299629,0.00024297217231859016,0.00036023799475000027,0.00027585612482469143,0.0001832486182116628,0.000173933188806145,0.00019336141657487965,0.0001901411612098881,0.00018281858107229077,0.0002651037225578253,0.00015179220075135018,0.00021460922712378117,0.000142085389370791,0.00014915739352559242,0.00017137785847414744,0.00022893413771479367,0.0001691791194898239,0.0002587338923513061,0.00016904375141005613,0.000140769659343062,0.00017501292820719402,0.00016590463216454212,0.00016046758692317352,0.00014222061266694794,0.0001516623293394331,0.00016551365847036095,0.0001483160039073274,0.0001656178796659214,0.0002006855922615323,0.00017852364457048066,0.00015848720705531448,0.0001412188154651413,0.00020999664284179726,0.00020657696184092885,0.0001885185771347586,0.00019143704786436924,0.00021686127140347985,0.00029546922684613614,0.00028633769095098393,0.0002983729308909445,0.0003368149784914788,0.0004936070602644139,0.0007013190575359677
0.00031486150823031704,0.00031689448174698954,0.00024320084277901335,0.0003441044981153965,0.00021783617777296072,0.0002319171586960535,0.0001902158223884643,0.00032915694482325424,0.00023818496534341036,0.00027100662258216455,0.00018229161077264145,0.00026297198499032897,0.00018551666028602298,0.000208204905583795,0.00031570333885479977,0.00022162240093548646,0.0001858563161632926,0.0001706519855068446,0.00020540797840288904,0.00018983571483630854,0.00016082721963291287,0.0001992770386877335,0.00012747254857765417,0.000154414542820487,0.0001469642957167524,0.00013906879886065637,0.00017512757415568493,0.0001507419394055304,0.0002116931318471219,0.00019171109338523776,0.00019471716558306786,0.0001236867018598766,0.00014192553799339042,0.00019393223038511437,0.00020180305526046018,0.00012916445517257986,0.0001401442369131204,0.0001706337077927079,0.00018799704346247542,0.00019447994790618546,0.0002425903692470023,0.00021870058346722075,0.00021662335110573887,0.00024370164705084485,0.0002892733289206903,0.00031475642419992136,0.0005218040626794623,0.0006951100694723145
0.0007852491674024253,0.0003712619590983504,0.00038188859714309093,0.0003887639127523534,0.0003016920030611934,0.00023603973899691364,0.00023681528729491925,0.0003378736001641628,0.0002824790191708212,0.00027219548500465523,0.0002537086714468814,0.0002237155042921861,0.00027398955095430527,0.0002903893993913256,0.0003191023792997593,0.00026588242691997816,0.00022514078644245072,0.00019659437685945661,0.00027390000698349906,0.00023708165021673803,0.00021637877803616092,0.00019896440473262192,0.00023413427389156708,0.0002676621644663562,0.00026019285583822317,0.00022049899698170443,0.0002102775500578885,0.0002460353285494327,0.00022123338380428915,0.0001689446904176065,0.0002408860491220224,0.00021513850678182224,0.00019020820879680876,0.00020065843647082288,0.00016983964823023557,0.00020908437225246212,0.00027613635496496493,0.0002049902669450792,0.00025994878574699327,0.0002123451202205646,0.00032785267785786213,0.00037165060844881044,0.00034937266594359603,0.00039087779200728146,0.0003526376363044817,0.00044420527330291706,0.0005711411472285139,0.0009500676242722916
0.0006169851642253019,0.000669745952546683,0.0005933812984850411,0.0005605054035165622,0.0004902162573815752,0.0004811744566478425,0.0004345697710049501,0.0004815463613994926,0.0005345729301323878,0.0005548504603835965,0.0004374700220454332,0.0007266445070019411,0.0004022949331171541,0.0004963809467938295,0.00041538509604483256,0.0004594880678244787,0.0004232574636145571,0.00030568224229047516,0.000289144381494019,0.00030102645439255145,0.00032414622602706543,0.00028073883062930454,0.000316089223695484,0.0002819841243465016,0.0004056367948661089,0.00031261765313836425,0.0003167033334041476,0.0003841549472790946,0.00027203954624219526,0.00036797338821580603,0.00030165630591869004,0.00027216603746253764,0.00048115846159713137,0.00029841909364915973,0.00034185469922254466,0.00035855779250624635,0.00032891426855176923,0.00031448515973575705,0.0003540987571270914,0.0004663457514277268,0.00034492207868891953,0.0005529533715879372,0.0005567614185688062,0.0005093975044582029,0.0006641329381742107,0.0007429742380341944,0.001073735346360131,0.001483656166830215
0.0003066500151116435,0.0004130885538670215,0.0003308012224300589,0.0002885799189359432,0.0003133417563072578,0.00028869651746996907,0.00043302980803884127,0.0002274374484557936,0.00021414463543448732,0.00024962509289108774,0.000244512107961122,0.00026319286588350697,0.0002626529256804188,0.00023154341729338096,0.0002440782572410576,0.00033517238878635045,0.0002060865060938086,0.00016684402507200334,0.0001865808118831505,0.0002379632074074217,0.00018125805775320473,0.0002537538787501501,0.0002187999020106348,0.00023040466958232857,0.00018098464559165417,0.00014948412003120768,0.00022123540725229915,0.00015915481970562301,0.00023873278898083243,0.00018115600061221142,0.000273566100597208,0.00015818888940943512,0.00017906567554801066,0.00015705989371045742,0.00017396312786847206,0.00024789561280492636,0.00023226256489099792,0.00021554231352735297,0.00020612455483602182,0.00020118077468693965,0.00023069024343187958,0.00036074425746179177,0.0002718622098370721,0.00028920870087262865,0.0005176008611401685,0.00045047371059279414,0.0005428666326512543,0.000817380290011842
0.00028697823478571937,0.0003252798366425586,0.0002960536003409748,0.0002688688020441647,0.0002173168913842674,0.00020474458457235702,0.00023649045722823453,0.0003511561604522523,0.00027562681335536955,0.00018734330717843034,0.0001719036123198408,0.00019439269381075951,0.00020585714426647257,0.00018018297836321258,0.0002482913914677987,0.00014735691401796216,0.00021253251587699735,0.00014143347718864805,0.00014964788579901558,0.0001701968286462659,0.00022687275672348225,0.00016968381996976077,0.00026040060159324347,0.0001692318677197116,0.00014071050682765854,0.00017376931453277238,0.00016581790363727396,0.00016048725592193155,0.0001421938138910605,0.00015158356952625987,0.00016546144871944424,0.00014855149194116502,0.00016561422911711972,0.00020080655135509476,0.00017845299708481134,0.0001584140016276872,0.00014123931238601274,0.00021008589452199534,0.0002068899498526398,0.0001883613163261792,0.00019144381788035217,0.00021694115346965586,0.0002956643208864976,0.0002863930476300795,0.00029855361231599783,0.00033676285069542464,0.0004938847274417264,0.0007002304939673255
0.0002952688943309579,0.00027631112746253776,0.0002460573924223623,0.00034710093686941455,0.00022854478389472969,0.0002089292859163849,0.00018949541486994878,0.00030529752252783974,0.00024668046943779174,0.00027465416022022456,0.00019125136480327063,0.000250584459733728,0.00018787016165722518,0.00020904710487133408,0.0003176995797883704,0.00021996824358561323,0.00018353003787269,0.00016677543049964911,0.00020190927072225717,0.00019372838326944705,0.00015922116064556133,0.0001986617428549138,0.00012824439877592614,0.00015385395740901962,0.00014666980049477703,0.0001400232413012977,0.000170919501453083,0.00014893855774106196,0.00020837388681633709,0.00019138031689885625,0.00019412301537327523,0.00012462913706775278,0.00014256475547403795,0.00019053915187264596,0.0002008892321598665,0.00012910261609849844,0.00014015237343309412,0.0001715482927774341,0.00018789190598117897,0.00019343320766344573,0.000242369260547875,0.0002195656823435685,0.00021639521485205325,0.00024496127085336787,0.00028930208626326906,0.000314832496792576,0.0005204944893315112,0.0006968549527332036
0.0007018167108444215,0.0007733654056636469,0.0006192210646884342,0.000490380679789061,0.0006546825873401866,0.00043068098499143614,0.0005644342621713152,0.00043409370778725625,0.00037386320013699535,0.0004011806236191469,0.00047583801830860167,0.0005173976180836427,0.0004836336336414813,0.00041475174930971295,0.0004705550313945925,0.00044200116971549673,0.00042610290699876476,0.0004986897331725961,0.00032333560916029686,0.0003348737210105976,0.00030310884889498215,0.000333678390920466,0.0003543112641615073,0.00036763161851397316,0.00031562270944929266,0.000493431356571403,0.00027223718943000124,0.00034804676078870484,0.0003087441738021953,0.0002904296855302313,0.00033223421114025365,0.00034264600182702556,0.0003376018313950963,0.00032255131488392375,0.0004042523996829487,0.00041213446042266623,0.0003247780377173216,0.0003583629591442832,0.00047913592307178757,0.0003674494001761086,0.0003925340647971388,0.0004148497221635456,0.0005735608388719053,0.0006768153553948403,0.0006909168658844083,0.0008872299914064462,0.001393955226124735,0.0015117756882723472
0.0003516682097698765,0.0005419054470753494,0.0003277426405896993,0.0004381530740120425,0.0003540703558639933,0.00037585403883010554,0.00046469948796139314,0.0002855903259761249,0.0004060437923374429,0.0003068409305474595,0.0002685608360983359,0.00046009613940931385,0.00028850552639659113,0.0004096962736547443,0.00033811086754751313,0.000394038989066042,0.0002229007165224388,0.00023175635161352655,0.00026602263006012846,0.00021962187274551223,0.0003628930429769444,0.00024456176521297227,0.0001896460526235939,0.0002645218675853518,0.00018077309498541513,0.00020887235013846458,0.00030718328625037636,0.00020996332802461677,0.00018957603857316439,0.00023677432379858038,0.00022879496542869163,0.00024233160730260687,0.00021037812576545903,0.0001949857043291422,0.00023089496276718107,0.0002279958349474971,0.0002375886811024916,0.00021651167828741445,0.000217970560899055,0.0002924480381929117,0.000333307780550334,0.0003034288807864192,0.00037113508572464323,0.0003830340722128959,0.0004150111342576491,0.0005259720439566747,0.0006213781520139141,0.0010997855967656703
0.00040920653560530627,0.00035737598915755724,0.00033330361748065235,0.0006557028762774441,0.0003531794376034343,0.00043227366126425673,0.00031813089683539107,0.0003482732309862844,0.000574827083701673,0.00041937209427675014,0.0003011011958569858,0.00031054523661200876,0.0004015823217845526,0.0003900789088145875,0.0002491564779748905,0.0003023588273276616,0.0003762711062986091,0.00037478733334993204,0.00029424390348818235,0.00023192222246727138,0.00029899846608842537,0.0003705299992571796,0.0003279442261763659,0.00022788710679466545,0.0002447046361751825,0.00026468863475027286,0.00025922635533901645,0.00030673595551127273,0.00025433376455637533,0.0002577374907896265,0.00028703273975410265,0.00026396358037117775,0.0003058457137476657,0.00027465868878970555,0.00032471246913802975,0.000331939316598205,0.0002800672079590539,0.0003246385432338989,0.0003256392817740374,0.00042498232483354544,0.00045301971742723544,0.00036738628357532054,0.0003979379963344507,0.0004097604747467595,0.0005250078102461196,0.0006486042670384865,0.0008304593919729265,0.0010962009717353297
0.0003177330235060063,0.00027975138815893887,0.00044978861216410555,0.0002605089859307413,0.0002949135424232125,0.00029937851053247105,0.00020498762955210758,0.0003109785287943215,0.00023451093234107818,0.0002490834218759486,0.0002274755526621677,0.00030269527572811185,0.00018634408535806314,0.00022702918934576906,0.00022504120886256642,0.00015242287153709495,0.00022843554191418194,0.0002080519951296072,0.00022837645193110774,0.00014561390195330661,0.00020287605601596842,0.00014910010985920354,0.000202436599813822,0.00023333342517129068,0.00018868804551232574,0.00018681385386540747,0.00015703780218016686,0.00013850513736036316,0.00020647025829935705,0.00015439366314255398,0.0001688239883287627,0.00022087618519909123,0.00023302760814387135,0.00019013140920797394,0.0002289693816235862,0.00019089240263020797,0.00019076885871653575,0.00020842283688264689,0.0002167204462701726,0.00021465418808698262,0.00026815326292690397,0.000282599042357579,0.00025648380668296143,0.00032304043432652784,0.00042281029711903925,0.00037166604671520147,0.0005068441848981193,0.0007753407919556112
0.0003899501307033295,0.0003402510316283654,0.00043752407625001385,0.00027264129163239413,0.0003937913026768497,0.0002912885194266742,0.00024302331087997143,0.0003316106953663905,0.00028971611211587233,0.0004740526217858651,0.00034535605533213753,0.0002801377248020565,0.000301811453952903,0.0003350795588870888,0.0002968242737928619,0.00023224215477401448,0.00026652403640656827,0.00022060261866441644,0.0002600112013577327,0.0002533900640101631,0.00031258653546315543,0.00019821338960471037,0.0003038804864676872,0.0002015965907123238,0.0003287460271528408,0.00024592346249577583,0.00020222632604845604,0.00022290717719424972,0.00028255679318712617,0.0002493902896880057,0.00020967421882540736,0.0002924126997289013,0.00022658789300026262,0.0002123885966288467,0.00021559492665212647,0.00022870826356270263,0.0002633423511851259,0.00028469055741026827,0.0002450063516064589,0.00026217031361158765,0.0002724059305784086,0.0004514708330268192,0.0003454654219794167,0.0003461125416274197,0.0005358167753645315,0.0006194198689405043,0.0007671886679376717,0.0009978214276881768
0.0006689714827379597,0.0008478541990027693,0.0005971720342776523,0.0005484015710813384,0.0006887660986646084,0.00043637300089135155,0.0005626946000553077,0.0004542070457972053,0.00037966808976668855,0.0004273260523251528,0.00047728720944012113,0.0005303214510233337,0.0004677392848656252,0.0004152445746401374,0.0004760102732683704,0.00043996088518238625,0.00045013516811775295,0.00047749747580578454,0.0003276296811283141,0.00033324573569885294,0.0003255711938919733,0.00033136220827214755,0.0003549116022950184,0.0003638559840995026,0.00031846081324784966,0.0004885667765040151,0.0002684194355877171,0.00035099553202239684,0.0003082559331946574,0.000292421782195637,0.0003299096300842046,0.00034453706391237334,0.0003353759838575568,0.00032320120229644664,0.0004070704852089788,0.0004118701785952037,0.00032435291731410453,0.00035954889765903235,0.00048392827316704807,0.00036682037284828297,0.00039214649551905744,0.0004138078051693264,0.0005716660169847516,0.0006775712578756702,0.0006997573800948575,0.0009002372799782628,0.0013770532602808059,0.0015311705906275864
0.0003708127916059155,0.0005828514561820559,0.0003223089743693824,0.0004700542412348049,0.0004031586079437413,0.0003494443278588496,0.0004469682879164491,0.0002798442851937448,0.0003612150959780055,0.00032214961723835074,0.0002668533871589719,0.00047223371134202106,0.0002617262576016847,0.00039034632447498856,0.00033099731048176804,0.0003842735334062697,0.00022134156190440282,0.00023485987869184966,0.00025234977776736794,0.00021406796051058483,0.0003740749110938188,0.00025075364023699557,0.00018406907916655946,0.00027034879727339667,0.0001776177288535116,0.00020951733762432395,0.00030043249475218063,0.00021192801004590807,0.00018749454322560747,0.00023706803170824164,0.00022739833139891845,0.00024160112202112655,0.00020975864279932093,0.00019785560614134502,0.00023040802254266024,0.00022818649722123054,0.00023787836321338262,0.0002160986958632069,0.0002180750030882507,0.0002922680481665313,0.0003336489459927781,0.00030365617686855417,0.00037419053064127023,0.0003845998943863654,0.0004149908693256875,0.0005257346480788357,0.000621289950125543,0.001097669448009763
0.0004240594813922846,0.00039016153035208764,0.0003460889967944716,0.0006236467622507917,0.0004086380566661226,0.00042393574682042095,0.00033378205160556365,0.00033504142821309075,0.0005839558592213409,0.0004234745649206576,0.00028786910452207443,0.00030019219899714864,0.0003980420389738458,0.00039394153997091604,0.0002521928431226089,0.00030887809487513906,0.00037528764716813497,0.0003830298348663163,0.00029906479038567963,0.0002359876553767089,0.0002971983817131265,0.0003668929929504634,0.000324988493052804,0.00023037708995119735,0.0002568733760040846,0.00025968661660902845,0.0002545441637622043,0.0002928931927068622,0.0002575554521463328,0.00026372892825566295,0.0002821185849308013,0.00025232960206462215,0.00030509236086902767,0.0002731338473855476,0.0003242930275315593,0.0003345126630087702,0.0002789292968458255,0.00032739482891982986,0.0003178301482055942,0.0004322139319093534,0.00045502021110925756,0.00035977543182119046,0.0003988133808671204,0.000409979047214123,0.0005254127222078061,0.0006445385085840598,0.0008514161946303882,0.0010996225267463063
0.000349593707916512,0.0003400049281632082,0.00043596875540809633,0.0002441737601852719,0.00028892954550531843,0.0003213245029772833,0.00021222798037538463,0.00032460135911943785,0.00022779124024420317,0.000267994146296153,0.00022589725933210475,0.00028142467789070967,0.00018722987886246793,0.00022617493953453266,0.00022868317300720078,0.00014858092715886668,0.0002330533120749784,0.00019410319535582418,0.00023833335254643957,0.00014829483322168104,0.0002016492238043323,0.0001514281942218842,0.00020569048950119115,0.00023248488073056485,0.00018814977777892417,0.0001867537378690807,0.00015704192140166858,0.00014031851096632194,0.00021098939650445532,0.00015375904452842555,0.00016991054135371457,0.00021991587885898529,0.00023388404980411524,0.00018864502006842956,0.0002290944212317324,0.00018937682762668425,0.0001926665449324766,0.0002072376329996818,0.00022031443463251698,0.00021604821877220634,0.0002648394776663788,0.0002848062366762998,0.000253140904681426,0.0003200903504985748,0.0004315471111539583,0.0003734303814015087,0.0005035329342618203,0.000756336646395879
0.0003781501756163056,0.0003611371284719555,0.0003906966966016684,0.00025605786316528823,0.00043510623906845437,0.0002722688335821761,0.0002413777729158433,0.00028556294280716134,0.00028659946573237255,0.00045513073510272537,0.00035028734474623776,0.00026029030442517706,0.0002787644755836363,0.0003413129903484922,0.0002894256504563535,0.00022652836924064862,0.00026055552931688187,0.0002292745124845622,0.00025445023546833686,0.0002533340627909445,0.0003135251980961764,0.00019443021241640848,0.0003018660762262413,0.00020825827354571514,0.00031289293608485275,0.00023935925335665935,0.0002052228109568914,0.00021869579036695296,0.0002826790580061381,0.0002462992651899052,0.00021230566448218047,0.00029226742469743426,0.00022357814338003565,0.00021347252263931752,0.00021797695904626795,0.00022928285666930914,0.0002621577179443455,0.0002856261999086497,0.00024686166341202645,0.0002610091452564092,0.0002733194157664166,0.00045105958751997843,0.0003487848304769163,0.00034591178096139474,0.000538443098989807,0.0006243743344265244,0.0007722057374537287,0.0009992830055315083
0.00038812281886462234,0.0004002459452607503,0.00029225805174432437,0.0003542989679322804,0.00028234897847945455,0.00028741270696948937,0.0002370975416494446,0.0003947138884470628,0.0003046735684812563,0.00027393274106370205,0.00047322284796151153,0.0002317030317360387,0.0003893579101301402,0.000292767501589601,0.0003167610138766041,0.00031674965897753266,0.00023723372845089286,0.00028687775058609306,0.0002127911131709578,0.00017875531361153838,0.00023671152296796742,0.00019452824731726426,0.00022839115904799208,0.00023831473272167928,0.00019167128884201492,0.0002158809731832581,0.0001780126185035274,0.00018919156629594472,0.00020304905979679974,0.00023820442071447538,0.0003085975170352849,0.00020330840749166264,0.00021875942751064156,0.00023769089828342118,0.0002673712088393496,0.00024545136918987175,0.0002444977723598632,0.0002460084999228267,0.000343804519401823,0.000329973509129056,0.0003058374973848945,0.0002938255481228529,0.0004907797651169711,0.0003807359468358615,0.00039787985780270676,0.00047825018062734327,0.0006152789647712199,0.0010579518784476689
0.00043054320963315895,0.0003329511021232343,0.0003166817637783371,0.0002966800513995732,0.0002676421636162174,0.0002438625628820253,0.00025365205241833046,0.00021949922596515745,0.00038231907806203123,0.0002604834396044518,0.0003611950203233986,0.00019742161214614828,0.00025634740874846046,0.0003117712428619514,0.00031985944645366465,0.00022072936975173235,0.0002072878212785001,0.00021740947163141028,0.00024471194104234815,0.00015461790581357434,0.000234449426812223,0.00017465286412863496,0.0002019388595705452,0.0001625569303419703,0.00018283350768166052,0.0002725707601025572,0.00014412373598102977,0.00023795930414958626,0.0001853635599747188,0.00018121128948940906,0.00020900732052294086,0.0002193377061455005,0.00017842417328161461,0.00015333005980851363,0.0001970206890008117,0.0001794060516422003,0.0001853872453375926,0.00019080595794464418,0.00020119423343087635,0.00026093504574475267,0.00025860402083145067,0.00025135176662626906,0.00029900867615107146,0.0004354526019735818,0.00037856832538383535,0.00048665124984483314,0.0005619438887746316,0.0008949273638158032
0.000205193101761089,0.00016564519054054782,0.0001594602062756828,0.00015209836586624882,0.000138264782794455,0.00010988432764764119,0.00019473886981791617,0.00013700290458523872,0.00016676518206991425,0.00013057127477068882,0.00014220840799267662,0.00013003612484142104,0.00012690575345877055,0.00014290921605016144,0.00010317969703321328,0.000132406531461205,0.00011361116963626725,0.00010403694860038458,0.00012628492924043232,0.00012690941866734193,0.00012930796537374777,0.00012874811809739532,0.00012020035686836804,0.00018410254581892153,8.640724045459175e-05,9.084336364791813e-05,8.477558770557396e-05,9.158943578992467e-05,0.00011534753992105099,8.849018129587289e-05,0.00011782527046337596,0.00010574667549484722,0.00010749178575149289,8.953447691802647e-05,9.246216886725126e-05,0.0001095490303646883,0.00011756123620963961,0.00011515482073138672,0.0001367762528323652,0.00013209896548310339,0.00013013608767576505,0.00016783982516342094,0.00016456325605584534,0.00018554508163056118,0.00020181461422745517,0.0002622761518600497,0.00033109404481082653,0.0005219132569953778
0.00033127701788469535,0.00040696302996897726,0.00030541815892381953,0.00025331709534277087,0.0002303868851448335,0.00023816048051072714,0.00030395082262529816,0.00023406164395963757,0.00020683071833667128,0.00019121174995944372,0.00022815209747095456,0.00018582590234870932,0.00019464572056624729,0.00019537439322114272,0.00021777566260408718,0.0002024253698304918,0.0002877910490119125,0.00020244403200063443,0.00015729134355240516,0.00021205664096856635,0.0001863684922340161,0.00021546503462518613,0.00018307867625717798,0.00019300754073133837,0.00024236393723773035,0.000196791337000805,0.0001374381764744386,0.00014213182834195868,0.00017719847043412226,0.00017125470374101465,0.00017109930910435964,0.00016083892747618616,0.00017804963429387985,0.000215907366274075,0.00016809844779331335,0.00015512785557629337,0.00020626886825881,0.000216318129446958,0.00021243639764276335,0.0002227442782881645,0.0002097042782173365,0.00023757832141377212,0.0002565858808968432,0.00027247354667013604,0.0003029621728664586,0.00038428922583169314,0.0004679468141119455,0.0008502903813380995
0.00029204169887948807,0.00026667447588305855,0.00024904958129264975,0.00025594401025266485,0.0003562405504216008,0.00018993385992446997,0.0001846083505154943,0.000208136294985805,0.0002050003155352151,0.0002082572386346286,0.00023955414592354766,0.00016102815349001987,0.00015836041342789998,0.00017626735686176897,0.00014767220596883965,0.0002302863078510029,0.00013793223648864207,0.00011856504815754093,0.0002044328618933949,0.0001552913883098971,0.00014686449046554223,0.0001728725265728791,0.00013510004237912024,0.00018702966497987747,0.00012770965870459737,0.00010510877923653241,0.00013086126539150886,0.0001658752631985986,0.0001307594380629673,0.0001842417957004677,0.00013499325481873575,0.00018459726892223037,0.00014734148721950213,0.00017578367480864431,0.00014496032703359332,0.00014819413018524852,0.00016783561881232188,0.00019597378660967207,0.00018589857385436565,0.0001662021885210534,0.00018836128575292632,0.00018540318496182176,0.0002282446723211482,0.0002476601222870045,0.0003355652377962119,0.00032061923658726504,0.00040857923705463824,0.0007573134332407701
0.0004224029145423542,0.00038461936911949685,0.0003311463766517324,0.00033395105961993223,0.00027417789789360985,0.0002678024335488298,0.00023131391617746698,0.00034065230368561695,0.0002863437488217957,0.00028343237917724474,0.0005012207090209609,0.00023345242842584177,0.00040245123139150363,0.0003096382264360863,0.0002999507377657506,0.0003188173483927112,0.00024032277970600086,0.0002957762123385209,0.00022102630716270094,0.00018928767142080047,0.00022614470155305736,0.0001936866813211662,0.0002328091381526636,0.00022917505208725297,0.00019761232603497387,0.00021541261638894437,0.00017626022048442127,0.00018626687291781313,0.00020024819890638587,0.00023948676731755709,0.0003105874421539198,0.00020187688359502525,0.00021941759213808034,0.00023530124023676602,0.0002723156331800795,0.0002507670701658979,0.00024597251462009633,0.000245627856930975,0.00033762225343864994,0.00033398879418042093,0.00030785994912473834,0.00029226327861054297,0.00049353946469928,0.00038414469077623575,0.00039828185977424903,0.0004793577662117361,0.0006168385215719382,0.0010592074407331858
0.0005720989136098633,0.0002631822974661126,0.00024807499975443477,0.00024108802913487242,0.0003727116214149573,0.0002274277009179835,0.0002225656329029579,0.00023866929857178356,0.0003087292334104734,0.0002552115180207584,0.00030324122199159816,0.00019361717755424066,0.0002735329520934338,0.00030866793506761594,0.00029955283217742844,0.00021130942995873134,0.00021251951021982393,0.0002171921827414244,0.00022608579623038425,0.00016426839774820527,0.0002362458825848666,0.00017874960476644178,0.00020807365163061137,0.00016176895401299213,0.00018564027376381676,0.00026831396481037846,0.00014715837160703566,0.000241703208113921,0.00018892951201594058,0.00018613681262488282,0.0002082171446867948,0.0002193417092254487,0.00018206960123103887,0.00015295681975640814,0.00019548651533448155,0.00017937049517150646,0.00018656690938434036,0.0001938826586808884,0.00020421368612465117,0.00025857714791524783,0.0002534757720997167,0.0002500813495816944,0.0002918448124569764,0.0004274798649633652,0.00037599624795177367,0.0004904399977191458,0.0005778251628154396,0.000898497403196916
0.00020388929755805495,0.00016930290885262174,0.00013851283738730626,0.00014892493792218448,0.00013987442960119726,0.00012935261230881309,0.00018659524736902797,0.0001291339889980336,0.0001713240797336545,0.00012735120307740423,0.00013142328818968184,0.00013631261664816082,0.00013331451651524506,0.0001432081951231392,0.00010317535236874941,0.00013693630688446783,0.00012276376355375767,0.00010780619215623442,0.0001302502260669443,0.0001315846601037875,0.00013395134189684871,0.00013088785039428168,0.00011713767247830987,0.00018361583560321426,8.527834924311318e-05,9.016718085868349e-05,8.565015884339205e-05,9.019776123398744e-05,0.00011531037439961275,8.827736016408146e-05,0.0001156843854627714,0.00010777457300554273,0.00010785640105315982,8.95009862738716e-05,9.21780784762365e-05,0.00010945844523499936,0.00011800407126262456,0.00011493066245463788,0.00013833872917832463,0.00013002613204279322,0.00013076736233611692,0.00016440242855350905,0.00016796129678334462,0.00018677802953696876,0.00020332912361955123,0.0002632864096180895,0.00033066230552977874,0.0005200797504725991
0.00034579599175261984,0.0003762993496125568,0.0002632834802872408,0.0002452957669947709,0.0002274836921575362,0.00023944862120149092,0.00031163486953915236,0.0002252437252053077,0.00021241608503311073,0.00018412667696842428,0.00022826859315834298,0.00018111200502447182,0.00018139957368638746,0.00019823318862214275,0.00020766704279013336,0.00020664002400855598,0.00029952608921085945,0.0002108096885581321,0.00016017968897007295,0.00021285039850315872,0.00018922011064119999,0.0002055870565297838,0.00017588168840161335,0.00018946471342399338,0.00024620136485415425,0.00019154065629969132,0.0001429682862377286,0.00014169056116910915,0.00017325828569043645,0.00017190566385004078,0.00016877396955377623,0.0001582698220471693,0.00017409727091802481,0.00021989352013263835,0.00016928409237247535,0.00015544836731299803,0.0002069606274073161,0.00021517296019257575,0.00021282539325752941,0.00022431396679733126,0.00021117404859823598,0.00023569042368325874,0.00025672777573771375,0.0002729011762476319,0.0003027527640716046,0.0003849944200506685,0.0004694901047527932,0.000855162996962898
0.0003347709031318655,0.00022182827283689634,0.0002761866758178917,0.00026689413342306887,0.0003182678664602551,0.0001814601844169978,0.00017996481477299719,0.00020318130636026892,0.00021515160629839377,0.00022074275339751856,0.00022008237155000552,0.00015619543638609125,0.0001605268761434274,0.00017849001025285445,0.00014589958818295637,0.00023728030135768973,0.00013943037749523634,0.00011764269951291294,0.0002071522241030091,0.00015660603378074103,0.00014660022266150104,0.00017362861180993675,0.0001353359168304356,0.0001853864746857252,0.00012627707247092325,0.00010542053650522226,0.00013176806500600865,0.00016535849792402094,0.00013402497223520752,0.0001837453459371763,0.0001347740696453188,0.00018557051519517052,0.0001485219842678281,0.00017423051238444785,0.00014562307038299275,0.0001522423272886438,0.0001674973564480065,0.0001956322042634596,0.00018492368481157646,0.0001675429306072906,0.0001873770749036832,0.00018454087025420528,0.0002304563355249959,0.0002494516719468236,0.0003332403680574577,0.00031997934536432185,0.0004094617686629473,0.000744058913972394
0.0006335585666193339,0.0004243222961002708,0.0003392806463622152,0.00042059353423398277,0.00040074368167507615,0.0003824386486645138,0.00030466180539020886,0.00029605762161578615,0.00035178834653397996,0.000367539409435774,0.00023880394044951158,0.0003731205482576901,0.0003013543023418511,0.00032737224478601165,0.0003014220395256139,0.00024215735708896333,0.0001916088601452114,0.00039001312413277663,0.00025255516496464666,0.0003270776546091991,0.0002757174732540348,0.00024260776731075214,0.0003155728019146427,0.00023720594196991536,0.00022503050901782366,0.00021541322438979856,0.0002271321481015091,0.0002454671108587266,0.00021605668084184732,0.00025365032579337477,0.00026476466788794933,0.0002350176944548972,0.00019068438918102114,0.00020273210997751587,0.00020054783495541053,0.000350406274981753,0.0002303637159300338,0.000225635577871371,0.00030612216093562836,0.00029100115980126916,0.0002964448837677577,0.00027608079619641544,0.00031440823546692245,0.00034254113436498775,0.0005199159202442483,0.0008757730246942163,0.0006686994547409717,0.000998724768665188
0.0004959147075030496,0.00038097855563313707,0.0003088180456404995,0.0003179341367288059,0.00042548310729721814,0.00030663206996093585,0.00023926250408916658,0.00021767212830790046,0.0002787161818052257,0.00020622827296118114,0.0002618003477550428,0.00018460876026919512,0.0002120501501691243,0.0002658725492508762,0.00021139924435637931,0.0002192610538376385,0.00023649631685520225,0.0002444031472413361,0.00024231919782640316,0.00022076640869133775,0.00016804399482384208,0.000227091422646137,0.0001793170792666167,0.00022827157407293323,0.00018390824581698636,0.00016415658878377664,0.00021395192744721816,0.00020229442218645187,0.00014547452629726142,0.0002271051222098835,0.00014641654090053008,0.00016475681674320324,0.00016432408842003608,0.00017202826416323362,0.00017339004120415502,0.0001725676809041303,0.00017886891633908398,0.00019953404654376685,0.0002480915993997426,0.00024035073718582062,0.00021831337496345333,0.0003178639463407214,0.00025759930507746715,0.00034045378075510776,0.0003544434290573089,0.0005261001450190335,0.0006267846720184322,0.0009244821288954967
0.00044276929015848245,0.00042347941535647566,0.00030335200636408114,0.0004247615905087083,0.00041121675930555723,0.0004607398928399571,0.00028025118279557487,0.0002406999117206873,0.00033713917390377986,0.00029437944852503904,0.0003592378307877457,0.00023868437009604172,0.00031854109608914894,0.00038748310267893425,0.00046588031715473683,0.0002773100604081748,0.00025566458157673833,0.00024205728797466086,0.00025891084222870773,0.00022064460781502586,0.0002948102204353372,0.0002451825340388908,0.00022859179196616243,0.00021682367464576188,0.00034656638341678696,0.00021635327003140448,0.00018868497366544753,0.00021424103327467934,0.00019886988280158843,0.0002769722880259748,0.00021173964015965569,0.00022639623585398862,0.0002225551489663135,0.00021681066273340882,0.00025111837721653637,0.00020296418539837217,0.0002699471130640475,0.00022023289641964433,0.00027468920335283555,0.0002771602928354182,0.00034079712610221775,0.0003347767927625606,0.00046609961136642334,0.00041945313165190967,0.00039295779951047615,0.0005936427203995084,0.0006721599132336601,0.0010118814572904332
0.00034062735969572674,0.0008934165746277385,0.00034946976174085907,0.00036502741520889475,0.00031574945272077617,0.0002669310102983978,0.00032861748858284266,0.0002621540806951136,0.0004391619329232718,0.00026106820268342206,0.00019966905627953567,0.00023305961348354115,0.00024834682825046077,0.00017509613367432648,0.00024665295896109487,0.00031747625242337807,0.00024043263601732486,0.00024059737161369758,0.00026878740841536667,0.00018791500938607192,0.0002527602558809139,0.00021287177743149969,0.00021663849392200058,0.0002589840462957978,0.00018823228552335673,0.0001860451995380144,0.00019680899539338355,0.00020782551736828347,0.0002897925596263035,0.0001895161933011235,0.0002105494360217074,0.0002402615187067466,0.00021181084969029492,0.00025444010196394525,0.0002184719210277046,0.00031464573671190823,0.00018813754197483952,0.00022623232496014978,0.000325397947455175,0.0002454037923905026,0.00023432518735590124,0.00028481745174577635,0.00032407799768982364,0.00037518373739854486,0.00039417334800184435,0.00048627259244728106,0.000596283842320584,0.0009192547421821104
0.00034704460463943446,0.00036257418602288357,0.00041623938828457875,0.0002822131637843526,0.00032020412677588703,0.000264647147695397,0.00019635153255172157,0.0002704749265821191,0.00016182454158115463,0.00021134605668837565,0.0001867969205928815,0.00021262722426111706,0.00020441145173412948,0.00020819627152099675,0.00024179818203491724,0.00023247285971933726,0.00017633501020377162,0.0001527988902918044,0.00017127314870357544,0.00022982555154613286,0.0001613049226928954,0.00016347359742633027,0.0001668919244456968,0.00018176632697822873,0.0001626333374249207,0.00017671325798189228,0.0001845221783869849,0.00020237709972683414,0.00019741722965282155,0.00017367309354214918,0.00013725586268664857,0.00015093317467118457,0.0002419820300929381,0.00014648017036879296,0.0002139621790054718,0.00017926036764972264,0.00020094925547718752,0.00017752762708007818,0.0002229555430296036,0.00024393792563653645,0.0002451970266284492,0.00021397522446923507,0.0002878879421425166,0.0002708075051820804,0.00034359902910678555,0.00039902583603755105,0.0005261880793417244,0.0008223496394004668
0.0007117363461951936,0.0004405818516953017,0.00036006300470893326,0.00039034877517032197,0.00040153366549475894,0.000420251047575066,0.0003129496450909377,0.00029960806028497496,0.00038868661155595427,0.000391214382377904,0.00025211554638658324,0.00038536744880753417,0.0002814076998142994,0.0002982334340815886,0.0003188548628188497,0.0002440533010835541,0.00019168505954868825,0.0003844196698347157,0.00026192467171471637,0.00032891021719175896,0.00026549781487629406,0.0002500380959557099,0.000313779790266448,0.00024755101102179317,0.0002229004814762037,0.0002199247743470268,0.0002304344180047528,0.0002495464552810544,0.00022445137957336682,0.00024598913772054976,0.0002730562568806027,0.00023077871978856388,0.00019378249958630853,0.00020319346712015398,0.00020692573376191245,0.0003438895567713074,0.00023584473766140638,0.00023085833581211988,0.00031747659550724954,0.0002821709370058184,0.0003001676947580666,0.000274868831093878,0.0003251382728908304,0.00034290720736643293,0.0005144029087375995,0.0008685677709340774,0.0007091856070791189,0.0009980504089650245
0.0004946254117772804,0.0003312948508475689,0.00029431334668401796,0.0002549979445685288,0.00041575787968875505,0.0003474001615613479,0.0002515074326371021,0.0002303209375695851,0.000276809910831403,0.00022654563875521453,0.0002512834138722689,0.00018307645469415332,0.00023085354936000534,0.00026117978042758085,0.00022327827970710886,0.00022380408343390434,0.00023667617349008285,0.0002591253559774856,0.00024054621845315792,0.00021847453120210427,0.0001630271543151532,0.00022018644665460527,0.00018874830444668992,0.00022785094386641998,0.00018714100366773996,0.00016349848374932398,0.00022348460755432413,0.00019241862981942098,0.00014726922092584663,0.0002142130285124149,0.00014878625422642494,0.00017015225102609888,0.00016011459303792572,0.00017605174446318225,0.00017611007117022105,0.00017434143589388823,0.00018214937054742648,0.00020549523392942784,0.00024190956920117177,0.000234482845235153,0.00022220544317050168,0.0003164045583100926,0.00026233832502401593,0.00035346484644571674,0.0003536382856418026,0.0005582080527152697,0.000665755223478606,0.0008666575037919738
0.00044187229105509555,0.00046402518827383274,0.0002812721670137223,0.0004530007306253127,0.00046204443910198535,0.0004676590888373446,0.0002850071990090818,0.0002255284213786909,0.00034503960893103407,0.0002985262329612275,0.00034839768850044325,0.0002416043854635863,0.00031652084654712996,0.0003941328951585992,0.0004707402840302198,0.00028377278884768114,0.0002614637465147623,0.00024164339025685156,0.0002598721439867668,0.00021780249572630767,0.0002976605855424254,0.00024435253054365044,0.0002292732096286181,0.00021584262033418807,0.0003499039098050422,0.00021642002494205706,0.00018746239076981402,0.00021430488198619858,0.00019886297612324049,0.00027692811326785263,0.000214048819358789,0.000227109409185641,0.00022541196251608513,0.00021702450755944937,0.00025134183721233107,0.00020165514886537998,0.0002691778398924349,0.00022003302748440623,0.00027300907220976286,0.0002771189507060979,0.0003396626842773549,0.00033213317658471156,0.00046682688722293406,0.00041961005301847075,0.00039232924277670593,0.0005939140646902452,0.000674560551405991,0.0010148403925182468
0.000340703489528185,0.0008838023110023213,0.00035672632389145123,0.00036138873441064214,0.00031413419290902663,0.0002857890908707169,0.0003619901963994857,0.00025747620271747527,0.00042875833473962654,0.00026140037598885855,0.00020351386450571552,0.00023575372699890428,0.0002566519239196048,0.00017641058252476478,0.0002462150544994813,0.0003251450033338523,0.00024004217914939133,0.00024086800072842005,0.00027264729702608796,0.00018722474963094615,0.00025474810820494214,0.0002122753965367843,0.0002136551519568222,0.00025957579235754395,0.00018580558243286465,0.00018612781616445168,0.0002006851320601182,0.00020519217300131486,0.0002878093176945292,0.00019244562912646963,0.00020823060871473924,0.00024381255625601907,0.0002133343914124078,0.00025477685722954756,0.00021726486814270798,0.00031456384385005447,0.0001882657560101242,0.0002226434317314096,0.0003273782674875952,0.00024404879674672528,0.0002342755003752942,0.0002844309858659156,0.00032231179207447424,0.00037655354351572224,0.0003949526418929315,0.0004850586252234237,0.0005974403350923433,0.0009248954907970384
0.0003322186122048698,0.0003308833415363336,0.00038820657252107015,0.0002903010311284084,0.00036988673708946844,0.00027459611411015334,0.00019656767905523148,0.00028176704218858134,0.00016502460700677766,0.00022349619895346896,0.00018988483515172057,0.00022067849501671374,0.0002000097702214159,0.0002183848541537846,0.0002398649349118468,0.0002409443904468017,0.00017515526552661662,0.00015729120427019,0.00016627066005667858,0.00021849234631896158,0.0001635229534803776,0.00016378161480054483,0.0001642477352597611,0.00018394865116939412,0.00016051078565911466,0.00017810245132054511,0.0001837827347216581,0.00020540589151318224,0.00019769887682207892,0.00017225766252047765,0.00013733432212662555,0.00014799082227369336,0.00024350749366147784,0.00014624120409243167,0.00021376536723700273,0.000179580840954744,0.00020225929698247398,0.000176941011479993,0.00022364774350820788,0.0002454708298777666,0.0002443838932865654,0.00021364414674648901,0.00028726967573292414,0.00027227544873913975,0.00034393666086922884,0.00039777232058682733,0.0005280600076221245,0.0008178958705856574
0.0001824225354604205,0.00013192779953826884,0.00012225495797895555,0.00015756865341300314,0.0001342119791292407,0.000125626122922339,0.0001352406329370595,0.00015904595215682145,0.00017423076673472724,0.0001248721780228946,8.857402530390857e-05,0.00011213652660428696,9.371154256635717e-05,9.256387891356053e-05,0.00015384698628854952,0.00015885150093583865,0.00014557896395183526,0.0001389893242125854,9.77231261176302e-05,9.50523787723764e-05,8.30837785542051e-05,8.613192663115541e-05,9.449804681565766e-05,0.00010878714117229278,0.00011455851996341538,0.00013809438765186808,8.701671488870232e-05,0.00010876402263793323,8.628701809812411e-05,0.00011422974007908742,0.00012614070092246125,0.00012451372384536186,8.542611574309693e-05,0.00010112417575733843,0.00011101413298492977,9.744753922069245e-05,0.0001088182412587897,9.315866716274565e-05,0.00011170091972848389,0.000146098786665579,0.00013171416154448849,0.00015532548775798146,0.00013596900978269681,0.0001953240844247698,0.00019847177520099422,0.000238212957285168,0.00029764610524862117,0.0004384372238902955
0.00032824687051243923,0.0003858315597361373,0.0002846498717909118,0.0002843340522689141,0.00019186347192646293,0.00029360486076625123,0.00022088325684290342,0.0002925080408961288,0.00028262245738815324,0.000457935631296356,0.0001951360742133963,0.00018382773248151068,0.00015333651365709517,0.00020706842179826326,0.00023482565949966492,0.00020586843321877035,0.0001932008616920895,0.00014242687963714884,0.00018412387490324383,0.00022859314035224371,0.00018876180633943727,0.0001574643523743574,0.00013691225509483156,0.00015858630647992046,0.000212503343854871,0.00013025642045680146,0.00012045895545514814,0.000128934297701219,0.00015161955435550256,0.00012924625568226243,0.00020885080187949258,0.00011835367357506267,0.00017396990746777887,0.00014623134693719718,0.00019086993563062027,0.0001657787726028658,0.00017523589939061272,0.00020826066644886716,0.00018444233167133614,0.00020254352318954858,0.00018064231300405522,0.00018129767479399834,0.0002551301656519153,0.0002671776788624391,0.00025661038080115347,0.00031282622967219895,0.0004777610293001516,0.0007016762068279097
0.00040722071892288674,0.0002625250159378234,0.00020458957187750336,0.0004893208777278721,0.0001911237990130822,0.00023794828146191698,0.00023584813766522154,0.00019806369215203594,0.00016938608899520782,0.0001715922638212332,0.00016782012295928967,0.0002236897311552712,0.0001729951734263714,0.0001844363136688081,0.00027301007284906116,0.00016692243620355964,0.0003168675506853807,0.00020079461163248293,0.00014727091940634881,0.00017050828768423284,0.00023173833627212473,0.00014483598528421945,0.00015428684029659197,0.0001816216153009106,0.00016205996733969274,0.0001881409039892637,0.00017249450755561294,0.00017566218997064724,0.00017343243447965877,0.00015648289510674689,0.000147496317858633,0.00014078298304188546,0.00016692290431260216,0.00016158887445315125,0.000200500356514797,0.00018225628672723717,0.00017108647510957,0.00019482386474882577,0.00017176939335312874,0.00026900855857245716,0.00025158454021065085,0.00021723201430497727,0.00030807933361780537,0.00026219810536621304,0.0004226229044620911,0.00038340135753899267,0.00045925171926654437,0.0007891848491720055
0.0003882153396254391,0.0003322270789110295,0.00046474959154699084,0.00044584189116175674,0.000286107986737747,0.00031503130203436883,0.0003314187740091761,0.00031378533328588453,0.00046297163108989276,0.0003488653128748522,0.000283534532920939,0.00026851027503880284,0.0002558752103866655,0.00020601929537860205,0.00023687040542643285,0.00020319713973648328,0.0002850143557790579,0.00020892173886448694,0.00017753369616007775,0.00018912703184710504,0.00023047200525529561,0.0001649094471440926,0.0002472613519329007,0.00019540937651172096,0.00018674922912461966,0.00022818136873697207,0.00026846523550786707,0.00020330348231559575,0.00027882768747439587,0.0002159974833933764,0.00019552790402763484,0.00023606218569679536,0.0002518408284288807,0.0002840170666958525,0.00023945487862143348,0.00023803399331145025,0.00020997149158689127,0.00023795352816686336,0.000250214956156383,0.00025062611755911576,0.00023772951498096336,0.00036710129653684347,0.00039459348351900787,0.0003338869790896426,0.00041981529408309374,0.00044620965758865517,0.0006031824171062808,0.0008559848641410487
0.00041530857555892173,0.0007559755806476854,0.00034536618579788337,0.0003949264924980194,0.0004645776434561452,0.00041397555031561845,0.0002544649758576246,0.00023553018652169196,0.00027380328065003737,0.0002570629729496854,0.00023760159828805868,0.00020916618065655387,0.00020057471924929908,0.0003012270298354719,0.00021174600290328828,0.0002670350137196832,0.00022550215452271034,0.0002773420568513742,0.0002767674296533715,0.0001916659349141781,0.00018699863724409523,0.00029916791204415063,0.00026053150367644006,0.00018247414704578203,0.000244918447869865,0.0002672166150426401,0.00027176079694061464,0.00019161872561606754,0.0002624065336197045,0.00021815394662153236,0.00017065757146319266,0.00022125934205279995,0.00038559612777697134,0.00021997038063020224,0.0002975484252200265,0.00023860174681961842,0.0002138113129394098,0.000240999535926282,0.0002519269087913119,0.00025148646418846765,0.00027742898390835976,0.0002698733887393195,0.0002971990301153882,0.00033469089585629633,0.00043197777554411515,0.0005700621412230109,0.0006802525264775416,0.0012079737345739373
0.0002025779063366831,0.00014289875549767316,0.00013009039033740018,0.00016222092550836133,0.00013360467670701627,0.00011227460760725871,0.00014010414719181825,0.0001599431095008324,0.00016625910457194665,0.0001128962571765934,8.669666581600568e-05,0.00011585275188306114,9.236112108528333e-05,9.190070431833622e-05,0.00015229788555963598,0.00015494259576232606,0.00013925821158760943,0.00014207347623374322,9.681228310095408e-05,9.673409458088178e-05,8.317091723012705e-05,8.630672193090237e-05,9.450386634344575e-05,0.0001102992895372942,0.00011256354486073119,0.00013720654671402292,8.722958370059532e-05,0.00010800940748492655,8.628314159966949e-05,0.000114405161555933,0.000127352174817335,0.00012598757889837952,8.430270046053079e-05,0.00010022048024849532,0.00011058325108383669,9.732875166572085e-05,0.00010907121463019739,9.35982097752615e-05,0.00011208086047326469,0.00014801378165694905,0.00013214875535672927,0.00015807082993784104,0.00013637715726389808,0.00019314590326204918,0.00020175889679532,0.0002411275650300945,0.00029558936131844995,0.0004293383911405372
0.00032664752903482084,0.00034423472885287737,0.00032458868082204073,0.0002939068782259895,0.00020763974447703416,0.00027528120966914115,0.000222437733272943,0.0002942814513073585,0.00028170563408616036,0.00045051248584105486,0.00018573389540601495,0.00017803717666636475,0.00015695696000361564,0.00019572612102715517,0.0002301794350336241,0.00021061789401710567,0.00019871443465082923,0.000141448203715084,0.00018465275593371706,0.00023175471935935312,0.00018528362828744614,0.00015947025390269145,0.00013714138427502767,0.0001554943852681565,0.0002107501482373517,0.0001316949566073254,0.00012115937403242897,0.00012816975243051432,0.00015238984402491157,0.00012813259136333917,0.00020964807489280002,0.00011845271672423783,0.00017547270646852997,0.0001464546904851758,0.0001900095459789324,0.00016787415993033478,0.00017766654426032712,0.00020833077436870155,0.00018562580156146363,0.00020633349947910129,0.0001797853966158837,0.0001819197232897371,0.00025819828057206565,0.0002665105515837457,0.0002576319648292881,0.00031293324474903836,0.00048365452327187367,0.0006901427198902901
0.000391089268844716,0.00022933924224476766,0.00019474416952578447,0.0004768208934879494,0.00019303838809704078,0.0002180798142816418,0.00022713544073629067,0.0001985105509456688,0.00016419083144406912,0.00016982152507674035,0.00017654527992949515,0.00021721132220751257,0.00017992252132112982,0.00017973704156235357,0.00026027340701472937,0.0001703150471820276,0.0003141411590898731,0.00020142348641420663,0.00014848456514117002,0.00016687305334061488,0.00023005417077843988,0.00014359426145571597,0.00015269952747543026,0.00017960769622010577,0.00016310134385734803,0.00019108309220089892,0.000171738294161376,0.00017372666765368006,0.00017559559137724892,0.00015706300400950042,0.00014475996772585366,0.00014129971057111015,0.00016855726683171694,0.00016527659668581166,0.00020099340939868732,0.0001819843591999592,0.00017105949856106094,0.00019605940723328057,0.00017312685131781337,0.0002689663428103574,0.000252824168151592,0.0002187746644711588,0.0003075479224325019,0.00026224324667103397,0.0004222587408303769,0.00038258375050495417,0.0004569151291435819,0.0007927978047761952
0.0003480087979115948,0.0003378125078454233,0.0004809617498954012,0.0003969616030179308,0.00032170078884530447,0.00030376386530898963,0.00030525039087869575,0.00031791756138916494,0.0004620279125114239,0.00033928847938674,0.0002730061332593997,0.00028829658820437085,0.00024586532913775167,0.00020593487243382412,0.0002391154712353832,0.0002077424207409397,0.00028579456779532727,0.00020680697979325534,0.00018178536187344905,0.00019086180826125704,0.00023300935559670012,0.00016520366771910627,0.0002475519258605584,0.00019570213327424206,0.0001876818950901876,0.00022469895879642665,0.0002679437905981859,0.00020616503332351361,0.00027857164184463996,0.00021485102767639417,0.00019103659464053048,0.00023522937764234558,0.0002508724055478435,0.00028340344407750166,0.00023875602466666174,0.00023832999086644173,0.0002096873693724345,0.00023781685434079482,0.0002501095169485622,0.0002503341896451477,0.00023818497251849435,0.0003679356172257001,0.0003949672438326866,0.00033392563293381636,0.0004199304518598482,0.00044605265038938526,0.0006033715613887059,0.0008559262535212987
0.0004184495078625479,0.0006659936894640583,0.0003735293710429239,0.0003795165693275764,0.00048072691624160934,0.0004181650738443953,0.0002621285369490917,0.000251008753716346,0.0003306310732937431,0.00025957581644895386,0.00023712165381347436,0.00021053984679969128,0.00019683327950529135,0.00030203195897715395,0.00020970969240421223,0.0002718481966889417,0.00022813437643119162,0.00026909888037911125,0.0002823126328241995,0.00019163472471978488,0.00018775338291213598,0.00029638093484085263,0.00026783995079789736,0.0001785658321577694,0.00023891398488829027,0.00026912615217075143,0.00026669875102699423,0.0001913417818136925,0.0002616190833303799,0.00021903330029883345,0.00017052986524130207,0.0002263021215075852,0.00038366174405630933,0.00023033101266021274,0.0002967941778353431,0.0002371519344461054,0.00021378320444067264,0.00024331606653980677,0.0002504111807921432,0.0002517870392725537,0.0002803093878918779,0.00027071291296546277,0.0002964965541500672,0.0003341188807929769,0.0004281991909887944,0.000576902387432654,0.0006777058170558739,0.001194699955909045
0.0006939740173634941,0.0007008289973521051,0.00038405695124191973,0.0006001501267579585,0.0003460721967814109,0.00041843862196486376,0.0004037410869989749,0.000415732524564933,0.00031871459541247345,0.00033130918155138385,0.00042530075363791356,0.0002667474768037595,0.0003233347624459553,0.00037931762302257895,0.0003251007902396316,0.00026799826764105773,0.0005311069230300383,0.0005015085775659615,0.00027873397960423684,0.0003619428942406968,0.0002335181983997226,0.00031724371942097606,0.00032453084692524295,0.0002982690244243891,0.0002414895688028204,0.00022916511657229894,0.00019393170029774977,0.0003220460494203747,0.00023411181459585692,0.00023268849824970646,0.00025164227648066687,0.0003726690289618153,0.0002384986485405047,0.00023806220790985918,0.0002631959700500271,0.00023036472829017016,0.0003061622102000419,0.00042325716455568507,0.00028607613018404124,0.00040689903552762886,0.0002985564709938481,0.0005195568480005466,0.000537986890288979,0.00043320033418965665,0.00048044443862314064,0.0005865462292230372,0.0007694692038629588,0.0011061777087366666
0.00026985835719612526,0.0002774360493833379,0.00030301161119922627,0.0002341539452393974,0.000240674008578805,0.00029974309091540194,0.0002951347673842678,0.00019890376361721463,0.0002860506470759521,0.0001994189468364545,0.00024146839965683548,0.0002059311501006258,0.0002138935030415259,0.00021222041152716846,0.00021206563145597342,0.00017012100674777117,0.00013355297168025177,0.00017735852378612506,0.0001875924565432396,0.00013113035383463236,0.00015129593935563163,0.00015637683163521193,0.00017976586762648544,0.00015626444025016744,0.00016827248976907612,0.0001369580876103494,0.00014644228641768898,0.00019336553429460566,0.00017632160204635516,0.00019436793984294352,0.00021342711006051948,0.0001326222102687039,0.00015356521409804638,0.00013649679702264342,0.00015428231853105505,0.00014393825515961677,0.00017010845566037242,0.00014538719406175212,0.00018180322132676165,0.00022307013566345358,0.000273965077415527,0.00018980605692079183,0.00021739792462486968,0.0002657983759378925,0.00031151974538999057,0.0004086287504259403,0.0004341258058048808,0.0007056482265546593
0.00033395433435157705,0.00042050493674775655,0.00042714254864546596,0.00032639660525889905,0.0004621521527371043,0.0004488374658313082,0.0005842890034628719,0.0003435782689921356,0.0003623911522096482,0.0002745205046499714,0.00024059663202450702,0.00024668938368069087,0.00030636849428621136,0.00023367339798004158,0.00024596781486551614,0.00020989037843809576,0.00020184649115501362,0.00023075968142161854,0.00022371421589110194,0.00029251622201645686,0.0003405723181950639,0.00023294636215128657,0.0003004405846219182,0.0002778661595565937,0.00019254638238980042,0.0003668777172114627,0.00019882252672602014,0.00022834148341793309,0.0002515139831558894,0.0002645615770930799,0.0002423840611402457,0.00021213384277535095,0.00024506674539228197,0.00026534240523354237,0.0002666953576781597,0.0002818606086302292,0.00022963056377304863,0.00036718763710595284,0.00028466695603031344,0.0003176364749084701,0.000391131654703506,0.0003247778093826199,0.00033878722441179303,0.0003810062937124859,0.00048267338479609096,0.0004920542065358851,0.0007226297657637205,0.0009746094879712255
0.00021640525289686867,0.00021790645126534134,0.000366664880976775,0.00031652100986489666,0.0003588351870394535,0.0003014691468867884,0.00020862554667058704,0.0001935200300079741,0.00023673668386425454,0.00022530482659893503,0.0002988045287880286,0.00018400703089444385,0.00020598277222560216,0.00017094799140188424,0.00021593370075696392,0.00014140560619550088,0.00015013987483077296,0.00015127534402085532,0.00023714040919185813,0.00018779162929043381,0.0001290123489723931,0.00013918994282865956,0.00013694601577895135,0.0002822680747489298,0.00016322251232653298,0.00015868324885166634,0.0001300347393131881,0.00014734995558977537,0.00018312963713282022,0.00017427962123137957,0.00013119949486278874,0.0001817994702578118,0.00020813614634625213,0.00017402849887270512,0.00021880993600552882,0.0001968498535397215,0.00017413522781956688,0.00017631812108981424,0.00023927043230560492,0.000194940995601484,0.0002521713524724136,0.00020332680372291603,0.0002824678403280954,0.00037324558715878434,0.00035198362258775413,0.00040668969353430167,0.00042849034185058377,0.0008851291599028498
0.00039989422459276293,0.0002945870099893362,0.00033900886961935365,0.0002501555413279005,0.0002975690628896913,0.0003950670964310798,0.0003060138959110116,0.00022259454713717007,0.00024153119033772178,0.00024969013413281716,0.0002396694545273757,0.00020246892382004425,0.00017260768887067095,0.00022157480988819906,0.00022271619016797357,0.0002861317424002485,0.00023768421553454932,0.00026728763431019405,0.0002676882204372256,0.00016671729862216745,0.000172417447743508,0.00016741264334518445,0.00019484135826346413,0.00018730963924200954,0.00025068511982908405,0.00023625068773206688,0.00021182432323091317,0.00023611665645528287,0.00021245106828825423,0.00034298142778781544,0.00019542500563506413,0.00016643891063843001,0.00016416873586472852,0.00021126299619048908,0.00022293760924755918,0.000227015094859791,0.00021668764556765312,0.00025397968988282924,0.00022521458198706293,0.0002533964787222967,0.00023363668149861718,0.00028135023720785306,0.0003484758205570179,0.00043333279228139157,0.00032426884855592963,0.00041798495217198713,0.000548164464432885,0.0009545974254250468
0.0007580358621190416,0.0007234489564656828,0.0004349154750016472,0.00056462512651295,0.00034956766386592134,0.0004362302678867884,0.0004242070317476444,0.0003846574401288197,0.00030933548179632684,0.0003259549451777375,0.00045773446255246763,0.000274377659085343,0.00034191297128293677,0.0003680076054500441,0.00032615886191117736,0.00027069512178503084,0.0005255234199031736,0.0005004135520233511,0.0002814994001819855,0.0003569659834338648,0.00023059489686440708,0.000321313578483626,0.0003219739086995188,0.0002888267974914012,0.0002431917638073027,0.00023326457050981174,0.00019290329666904037,0.00031284174229061684,0.00023424502302295507,0.00023314421578011585,0.0002494263398788679,0.0003789112337092287,0.00023880520412009547,0.00023997810027595566,0.000263453444263497,0.00022972238646048603,0.00030560636327554093,0.0004253460560604978,0.0002856026157911652,0.0004075259694939615,0.00029868259435667833,0.000518827756309176,0.0005401193061765917,0.00043277711186013554,0.0004794086728006087,0.0005885547929931868,0.0007680171897264848,0.0011122243706108215
0.00025799155924707845,0.0002835299700009317,0.00028894969513516806,0.0002464254578834012,0.00023627326281996775,0.00028288984371428033,0.0002827201087833036,0.00017416579791293895,0.00028962473916131505,0.00021965229823102012,0.00023897856220963013,0.00019258300394693997,0.000197771420536455,0.00020992300177769514,0.00020745041916319978,0.0001604514831213022,0.00013374229490476492,0.00017675454397298032,0.0001884163034003445,0.00013201414314749715,0.00014843960297363954,0.00015179641206181817,0.0001856095555564205,0.00015847567528389758,0.00016573095095519255,0.00013430033950622596,0.0001449931031480883,0.00019196231630532747,0.00017665665379527573,0.00019510081911589208,0.00021158321334228502,0.00013320370327691363,0.00015206869153957346,0.0001375500605048161,0.0001531166245991921,0.00014468257836409618,0.0001719389980383791,0.00014557613949461144,0.00018191755252736444,0.0002237782583523642,0.0002740918069348139,0.0001897495924298603,0.0002186375642791523,0.0002685292603644037,0.00031506858903835173,0.0004148346123767096,0.0004324686159516053,0.0007154707572832308
0.00034407926594752557,0.0004923256552368312,0.0004477331896461106,0.0003498807009333143,0.0004557955758342051,0.00043638585428480573,0.0006079631916753687,0.00031023045670855687,0.0003624201855993342,0.00026203503178188694,0.00024515835136347937,0.0002422353076353143,0.0002867152296760794,0.000232902665529537,0.00024955937127125544,0.00021004303835198753,0.00020408230415080986,0.00022871740338439582,0.0002287257871669869,0.000288791200980909,0.00034283537922067796,0.00023481595059459667,0.00030240647227644665,0.0002801851800900268,0.00019283271584313457,0.0003689355201165241,0.00019890175977746655,0.0002296362512446199,0.0002538901963528719,0.0002627035693461465,0.00024295740108649445,0.0002147259058552286,0.0002477311304334429,0.0002647303567150964,0.0002633706172201098,0.00027818367813911283,0.00023129037974337394,0.00036373008604648985,0.0002812865788285669,0.00032172641271357733,0.0003979579617570795,0.00032216068737060086,0.0003377674770589471,0.00038093844346430054,0.0004927342686119884,0.0004860889106163505,0.0007348688020102361,0.0010065893688357061
0.0002442465957801911,0.00021314032633115525,0.0003603689485368921,0.0002821522106967544,0.00036642504267802195,0.00031715782403047183,0.00023730398103144346,0.0001938595259098462,0.00023914895855289237,0.00021958226790681632,0.0002882626211389691,0.00018894025660415951,0.0001991569278124441,0.0001648541090535722,0.00022862151738182947,0.00016429776100608713,0.00015054296916338858,0.00015307924025857706,0.00023967698103789233,0.00019111491266585276,0.00012742611281674473,0.00014024240541244727,0.0001342606420779091,0.0002823775071292146,0.00016136618265098155,0.0001581840498428265,0.00013079747486639522,0.00014779289656113403,0.00018510169734646864,0.00017568461673375728,0.00013237267237374675,0.00017838676794552002,0.00020805068174742911,0.0001754853709843797,0.00021973995542235103,0.0001944330919600836,0.00017488625874060443,0.0001764519856517107,0.00023659470941825335,0.00019577815593517435,0.0002568946075988214,0.00020272798872786525,0.0002806294433247043,0.00037636597593191696,0.00035197033688470655,0.0004075462599730463,0.000428969350105293,0.0008928847928385785
0.00036926053943428055,0.00037454407433629324,0.00033222076029220895,0.00024982908476539037,0.000268784261344885,0.0003525608369272919,0.00033546423764379846,0.00023308507880779342,0.0002485023566598482,0.00025439478472693975,0.00023709949109338387,0.0002094848985316498,0.00018431146790327013,0.0002512203873649365,0.00022174530952206046,0.0002952450999005036,0.00024782622877280754,0.00025995619922970786,0.0002724232583404268,0.0001682273919691186,0.00017320035176473942,0.00017185229279380107,0.00020258109247482214,0.00018607236591640464,0.0002549825163519451,0.00024032267934642382,0.00022482029016692606,0.00022771409406356326,0.00020602776883965672,0.00034350914048114314,0.00019928001792161957,0.00016843353896952605,0.00016406828470037725,0.00021163855030064798,0.0002274251889749282,0.00022777264191234953,0.00022139077160672049,0.00024745886414215257,0.00022877803072329843,0.0002565718518398577,0.00023636801996875813,0.0002834593969888096,0.00034157521707120763,0.0004359012747598497,0.00032601279592842824,0.00042487829492810213,0.0005566590662193816,0.0009911522228948629
0.0004885631768644637,0.0007557687161006192,0.0005122197819547308,0.0004063565787252793,0.0003843919516715159,0.00033566662170305935,0.00029590481332376754,0.00034685370528814163,0.00027655334802305126,0.00025913573554743293,0.0002490870975601938,0.00024878838041578,0.0003789163012843341,0.00040091507031058787,0.0003726104471546783,0.0002509403395946516,0.0002799879170395851,0.00033264702270950386,0.00019215599605161283,0.00018430410573933915,0.00019067340111143203,0.00027817087079312424,0.0002092251169218715,0.0002822127809249146,0.0002526900274192012,0.00020155721444092454,0.00031517807043125035,0.00020053779918255516,0.00025130838546927277,0.0002379953944691757,0.00026092145093177185,0.00019432260298070882,0.000320498552109431,0.0003083566026217266,0.0002429716067521464,0.0002729374913649167,0.00032012692085128125,0.00028697395104497426,0.00026266338053770687,0.0002614119335594439,0.0003833327214139787,0.0004110131711005485,0.0003791095756737844,0.00037619096186975766,0.00047759191567358153,0.0006226668047621233,0.0007058985470523118,0.0011919032008878944
0.0003471798924499338,0.00034376942972350256,0.00030066584025334545,0.00043748892594915663,0.000344406806443157,0.0003234073856496479,0.0003151740099936013,0.0002476322874035696,0.00026365512663901504,0.000218568628087602,0.00022480131977425504,0.0003096632564542411,0.00022207536839493865,0.00026307534987578474,0.00023315400873383872,0.0002460422636222145,0.00024929504300759197,0.00021519990676680299,0.0001962928159458398,0.0002469329279874755,0.00020119794521617689,0.00021335098339557958,0.00029216240712989116,0.0001632793503466887,0.00019825452072203906,0.0002227870296641715,0.0002467915520409131,0.00027627796973837284,0.00021532771370476312,0.000177161414335466,0.0001748053577370587,0.000259333681857579,0.00015524735394057646,0.00023782712111867696,0.00023215605922405585,0.00024238850468562116,0.00022575420260463624,0.00020139500329492268,0.00018702502870887252,0.00023353464862410053,0.0002922450252943902,0.0003111619717952822,0.00033809166300152255,0.00040802424633284485,0.0003783678642985647,0.0004872218157339833,0.000788422163030334,0.0009230919662361674
0.0005962165466361404,0.0005248812686949182,0.0004603067559134094,0.00038981829291991565,0.0005840783327735929,0.00035010403432543394,0.0006454053369859932,0.0003708064585615552,0.0005005526668587629,0.0003497841362755873,0.00039368904523877065,0.000383121816979434,0.00031319589889774926,0.00032567097425327464,0.0003303235387267209,0.000269236505729637,0.0004174064269957774,0.0002237754785033408,0.0003707259137268726,0.0002561487435041108,0.0002453062660425907,0.00042056692391211813,0.0003009757389355617,0.00033626153239083527,0.00030975522106099237,0.0002342847286733318,0.0003356866566574897,0.00021547974438770718,0.0002690189703928753,0.00027729461585895707,0.0002025970884463875,0.00027051232440054206,0.00023169862334313347,0.00029488590288849904,0.0002307647455682879,0.0003734665278728729,0.00031625730763984623,0.000294449303125907,0.00034390082326078144,0.00031041336891461343,0.00036056013132351657,0.00036369896692224217,0.0004732356857452135,0.000486043433725548,0.0005293384930778143,0.0006250133041808402,0.000828546185802583,0.0011928981863242774
0.0003980711243089606,0.0002669097573376234,0.0003124459569806254,0.000241287066622645,0.00022088793856046097,0.0003118276353167633,0.00020885160489370248,0.000175531308123037,0.00026714967237722345,0.00017095615280097212,0.00021646032454579014,0.0002195902551552453,0.00019713798653693028,0.00015702432768712577,0.00013495608648706275,0.0001651501470562225,0.00016680541097294717,0.0001814637184444776,0.00015686111325227724,0.0001391001692913271,0.0001301080531828666,0.00012157356247355113,0.00018930893807187448,0.0001553433553954875,0.00013789566347920096,0.0001539181541998411,0.0001636423751936992,0.00012434274854765837,0.00015817996729945976,0.00021321101113703003,0.0001623842790819318,0.00014696718438142085,0.00021245935549616334,0.00013527383147782842,0.00028481584424416915,0.0001688363084056553,0.00017228104508679634,0.00024497378523814236,0.0002030574613417571,0.00018165797395836293,0.00019947003479432024,0.00019407559196295816,0.00026185105155472453,0.0002616791214020295,0.00033039974790341817,0.00033525913090296617,0.0004681712892330576,0.0006569481871898554
0.0002688417951614433,0.00033923470952225713,0.0003303395942896326,0.00023872333239461057,0.00023243114324798992,0.00018952127249974453,0.0002236460465159805,0.0002709654110953238,0.00018377590445475502,0.00018958059178514458,0.00023113436806094967,0.00018809414638025756,0.00014609516390284803,0.00018187946916695783,0.00022881079307777768,0.000158215169504388,0.00014979072585182058,0.00014354214230707587,0.00018291265007437898,0.00020782816304025249,0.00020917910646271214,0.0001484655787571372,0.00014341860560548164,0.00012431625781588284,0.00015027597938232142,0.00014803345560548202,0.00014283221703018475,0.00013514696406412575,0.00016699640172346437,0.00013378584069470833,0.00015206348758357602,0.0001477931932255835,0.00019812662927712698,0.00012878366283931386,0.00016241157738491538,0.0002321213296365399,0.00016007480912090248,0.00032514874760746214,0.00026140163395385786,0.0002231535631975633,0.00020341434118748106,0.00023761169576059642,0.00033933449644219345,0.0002835186025866676,0.0003344494484848839,0.00040452375610082545,0.0004971992929008279,0.0008127414695486267
0.0004756917285327081,0.0007188027043124687,0.0005675015029795332,0.00037747096415830124,0.000422023281996914,0.00032713645866395394,0.00027580645518241343,0.000336629728721477,0.0002781266812044943,0.000258945250087123,0.00024821827583831055,0.0002439241225660606,0.0003868492689488504,0.00038280879341539594,0.000349018801099333,0.00024841644911484395,0.00028460920677387695,0.0003278464675528865,0.0001894158574605508,0.00018570192849938347,0.00018716977831047802,0.0002774629051545751,0.00020864277336543166,0.00028526556168566617,0.0002467197844865851,0.00020213237748517698,0.00031562105563660137,0.00020181216730041598,0.0002535071684121466,0.00023761981578123266,0.000261963244060896,0.00019514431790820596,0.000318237292560793,0.00031362192694435237,0.0002417611020538202,0.00027241298903190713,0.00032311972060335094,0.00028968629763109587,0.0002613614061724015,0.0002632442914649459,0.0003817421251608039,0.00040727608419660236,0.00038096718591604825,0.00037959558376316263,0.0004797454250869952,0.000621310982332094,0.000711364397819889,0.0011658730883926007
0.00034321471248633387,0.000354313776433731,0.00028806500315189915,0.0004599075716983699,0.0002841591070952722,0.0003181467468144043,0.00029914130352721866,0.0002461633680271705,0.00023966125583276207,0.00023304630232561744,0.00023661686005987668,0.0003109616357289914,0.0002196227138746116,0.0002809741291494693,0.00022552659586140105,0.00023253685760182065,0.00023637942100440478,0.000211818789666666,0.0001898016841397249,0.00025518283204303436,0.0002019693032824755,0.00022072798926862304,0.000293300855747587,0.000164530390396702,0.00019684265247338492,0.00022260288712872697,0.00024306614432539385,0.00027400978039931226,0.00021748062386059633,0.000173175291335238,0.00017472308147208787,0.0002579246656194502,0.0001543248909077326,0.00023574381558277076,0.0002323967243369433,0.0002395308447476878,0.0002261807732636802,0.00020245870979137247,0.00018692904037649808,0.00023465622948765514,0.0002894123900479238,0.0003112122798138452,0.0003366991334813771,0.0004035934327278543,0.0003801703947717978,0.0004880983823925395,0.0007871107354796874,0.0009128615757418777
0.0006383360764005307,0.00049752786224715,0.0006067930295117324,0.00041748206194741443,0.0005351813786409245,0.0003506436446614827,0.000602442896393663,0.00037842293286112207,0.00045645430466254423,0.00035707718656169846,0.00042663724479583145,0.00036758543789368987,0.00031431161819571354,0.00033118977316575973,0.000332548160724609,0.00025772917887514045,0.00040347943286595325,0.00022118868361128413,0.00036112638019387906,0.000256478182357449,0.0002491814856624304,0.00042176751292922934,0.0003072320329288247,0.0003374498708663415,0.0003117049706464783,0.00023241557517893058,0.00033163932116739005,0.00021643304399986225,0.0002715038525975998,0.0002787948637345538,0.0002044225122363765,0.0002639139683381859,0.00023292018133968574,0.0002954928345699073,0.0002306897591308866,0.0003749458050601792,0.0003163928363908395,0.0002912340609079131,0.00034420814803102443,0.00030775701426340136,0.00036125948467218233,0.0003631389408522571,0.0004727353511895097,0.00048735112594269227,0.0005290903525875533,0.0006242349319457013,0.0008250874510326093,0.0012044561047932696
0.0003427485561483012,0.00027643999264828227,0.00032781948187223886,0.000253629400657064,0.00023679031488015522,0.0003098627542720222,0.0002083307219497736,0.00018524240400185518,0.00023851664379253724,0.00017627271519182495,0.0002176517747955079,0.0002280731956386181,0.00020970480247234247,0.00015488704886082398,0.00013292667267923939,0.0001684361490797182,0.0001644494000133462,0.00018432440355351155,0.0001589293158904294,0.0001400751995815283,0.00012849144863292551,0.00012201434706498296,0.0001891229391700739,0.00015577053740982786,0.00013812767730203446,0.00015306949279684007,0.00016254805228421452,0.0001261051212912871,0.00015826036772854745,0.00021286734325862865,0.0001615589711430046,0.0001474784494055556,0.00021197200020073135,0.00013438665582185265,0.0002838817762463363,0.00016722719490068025,0.00017250273839019761,0.00024362155374654592,0.0002041899420955569,0.0001807249931432886,0.00019980088188991925,0.00019301197080703978,0.00026110956397096166,0.0002622023704917904,0.0003301236351835511,0.0003361102782311178,0.0004643908934403672,0.0006600852495488712
0.00026075739332815056,0.00033842288913010516,0.00036499054602266386,0.0002420811229283354,0.00023042406369196662,0.0002192260951822582,0.0002218816885643304,0.0002818533557480556,0.00018201867155165496,0.00018665783998650463,0.00022969228072013245,0.00018871246393957207,0.00014712606855063118,0.0001829961348191737,0.00023074533117503366,0.00015722959646188706,0.0001470797024647963,0.00013998729258448336,0.00018176411627297517,0.00020700634515602367,0.00021365636449806295,0.00014717913654149615,0.0001438840779164943,0.00012502394500894486,0.00015033478764399578,0.00014775240805403386,0.00014336865785926684,0.00013518901463117794,0.0001673558328610922,0.00013391755532159586,0.00015203187792281505,0.000148880721414283,0.00019750640412711143,0.0001284194464597669,0.00016258320681760663,0.00023183751283934137,0.00016004277804208274,0.000324064261368548,0.000261118283891638,0.00022407994116228046,0.00020319109082495094,0.00023792084316397858,0.00033930131582080166,0.00028382327206410036,0.00033471726958145146,0.0004050638276738234,0.0004973729221268718,0.0008150481095156196
0.0005988440229929132,0.0007290096548019453,0.0006538238897191854,0.000648459579446769,0.0006985776722235803,0.0005990259782275639,0.0007161513001285094,0.0004118951482377234,0.0005706272317301464,0.000705631370084785,0.0005482046127551473,0.0004965630621449472,0.00037564427308351794,0.0006639863877259986,0.00046174021610477034,0.0004300599858922511,0.0003756761801639185,0.00040345022578679087,0.0004435835889889262,0.00039989042440216957,0.00038559097568206184,0.0005057300029305267,0.0004451915128201929,0.00035673378501545875,0.0004151965678494848,0.0004086039866443679,0.0002990928417401052,0.00036133332470865333,0.0004202769559108694,0.00033953770816689107,0.0004726304699223549,0.00032547366769267405,0.00034301781701142025,0.0003375580913683133,0.0002936074121576447,0.0003078210553146905,0.0004112477274342897,0.00033951650835843347,0.00040848524083490377,0.0004588061148880774,0.00049816765413629,0.00048328221718102075,0.0006361160157790273,0.0006007193724990474,0.0007779733890518517,0.0006963079057563191,0.0011976327821954607,0.0016743455392415612
0.00048034939944434856,0.0003122036661838543,0.0004484082416816607,0.00035584072378188697,0.0003514842608897809,0.0003247224743697551,0.00039136012286323477,0.00036346339020784565,0.000324660685870242,0.00030528651646908006,0.00030504121440901125,0.0003144840177286796,0.0003581926510003718,0.00037998219009383294,0.0005109346489806907,0.0003042970914145811,0.00021071733699524816,0.0002798553853684827,0.0002975782127808028,0.00020729818972273144,0.00017254443591004857,0.00021054237704349135,0.00020978338495862325,0.0003834438231592161,0.000171746403268951,0.0002221018331855143,0.0002419218790651375,0.00021983038577180153,0.00021220879851086068,0.00017461937673645588,0.00026639190549298446,0.0002622296817619764,0.0001960149136057597,0.00022067766394694445,0.000250260820981706,0.0002856804968127746,0.0002186272035231808,0.0002475350649295867,0.00020846303310211037,0.0003281497251378314,0.0003504663992867471,0.0002601862137119381,0.0004199650806353111,0.00034799939934022613,0.0004169941979594892,0.0005026347585420099,0.0006097907260969883,0.00098832626443785
0.00047495443082091457,0.0004388968047030629,0.0003153735572980723,0.0002773455289446677,0.00032871188467372884,0.0003894952391454382,0.00038760659332759883,0.0004129311584221886,0.00024617492775818114,0.00022943193970354124,0.00027876073447417654,0.00023163862072837595,0.00022618864523403747,0.00019886888714075568,0.00024375317401029848,0.00028723267751283653,0.00021966468423082595,0.0002414872852375189,0.00022991490252714707,0.0002258272826014771,0.000293375214260172,0.00017927250523383625,0.00018852031792544323,0.0002212645119010089,0.0002560468612699265,0.00024957643002065645,0.0002289422740445736,0.00021794491889405777,0.00018167360250112802,0.00018884364878653164,0.00019133955697475048,0.00021443960447308462,0.0001814911085613249,0.0001947473612617933,0.0002621357682914042,0.000352965404056134,0.00020286602613521696,0.0002677830649661054,0.0002333093510319829,0.00022762374790393172,0.00025210570716898686,0.00027305373598602255,0.00031554061723626964,0.00030322910831897414,0.00035584258434529496,0.00045965361968392177,0.0006633740101230083,0.0009283058257715167
0.000436565115322255,0.00048319560204775346,0.0004766506358658962,0.0005206863921748866,0.00036170275171061486,0.0004370689151704823,0.000492088059828198,0.0005589276307032513,0.0003665200024513745,0.00047157470664170153,0.00025906253414291697,0.0003687103360882347,0.00022968124527698912,0.0002806930687966333,0.00036792984745420644,0.00042569989882181746,0.00023760142755714257,0.00023023409316806493,0.0003475397447843132,0.0002674366798566413,0.000241574546753445,0.00031780358797918885,0.00037747785188339746,0.0002657034896837703,0.0002060668912836708,0.00027768097395942823,0.0002189772795983342,0.0003310408057161263,0.0003261036320398614,0.00021377801582567456,0.00029943593209137036,0.00022304352103161924,0.00034886508793812696,0.00028411382903005826,0.00021368260410212472,0.0003047424605900652,0.00027093722218732893,0.00030749829177404873,0.0002815061020723376,0.00034327291244313915,0.0003039264353900503,0.00038640346400150465,0.0003826957562311615,0.0005329054461384731,0.0004450204005989086,0.000556890466776165,0.0007543357469274555,0.0011872342736733116
0.00044710450674781177,0.000273340397971187,0.00026082166140337895,0.0002413770386685675,0.0002784245824623443,0.0002019747444821633,0.0002398643090611109,0.00017835926574865014,0.0002089468769353972,0.00018770728525194225,0.00017971870138382124,0.0001608133132940652,0.0002072840257748094,0.000192858472394801,0.0002919495418405434,0.00019168274215645878,0.000129544107863653,0.00018595491126802626,0.00024118992309679765,0.00013942117122826126,0.00019026935815129667,0.00015977379610304768,0.00015045773713720783,0.00014417570566552622,0.00019345792798318152,0.00017781080850881616,0.00019319075963826463,0.00012885223984749803,0.00014710109803379567,0.00014067369211642763,0.0001571342523161473,0.00015460001303530007,0.00013705542981991498,0.0001596234009795087,0.00014072893182074216,0.0001309790730475526,0.00017748642408719215,0.0001742534641256349,0.00025867320916782397,0.00017677299414801408,0.00020241127055051672,0.00019438054946172622,0.0002097707895826059,0.00022835134541063798,0.00034721235625544995,0.0003346447158612011,0.0005270368625448054,0.0006728833463987775
0.0006314061846594317,0.0007486212469578164,0.0007213107662121421,0.0006177635388716414,0.0006905143191859914,0.0006234541702854409,0.000742991937479765,0.00042171425473273757,0.0005406532447615588,0.0006837544892157963,0.0005624652877175771,0.00046992707458575123,0.00036558574155519044,0.0006500301319054067,0.00048151536942696386,0.0004319295581278418,0.0003836828189486063,0.0003946153974261108,0.00043918170764691684,0.00040325700555286483,0.00039454854964213063,0.0005092425022679559,0.00044771319313944717,0.00035754855026949334,0.000425391279227705,0.00040619931318502305,0.0003040103848184654,0.00036252321240679795,0.00040476497880730675,0.0003408079907773346,0.0004735215632542598,0.00032987520170771697,0.0003420819821545238,0.00033751965853089344,0.00029349193187400195,0.00030847812514644263,0.0004079616741657473,0.0003397235630527411,0.000412762999657029,0.00045956840336679243,0.0004944360141791382,0.000486057014676779,0.0006398645726347575,0.0006030137334811326,0.0007809437924934196,0.0006996267581054562,0.0011942292640085884,0.001700898106210092
0.0004896825632158601,0.000333294718721371,0.00043999379993459037,0.00036747348816400916,0.00035606626998559756,0.0003098019937803185,0.0004002488529015292,0.00035377637148963873,0.0003158441741094016,0.00030914998148280593,0.0003076221420860294,0.0003247473778766896,0.0003715686216022309,0.0003662456132478411,0.00049314824499245,0.0003168096720991897,0.00022855626277440858,0.0002923502352118073,0.0002953927525080802,0.0001996883499735368,0.00017072032129005632,0.00020826461948512696,0.00021457688396020653,0.0003818037813016845,0.00017573406163878333,0.00022932421222162302,0.00024209783526365624,0.0002197798634330564,0.0002122167306391382,0.0001717981598152184,0.0002657350511233346,0.0002592867802784976,0.00019255761178744142,0.00021675292377317513,0.00025912981622219387,0.000284619901872811,0.0002269952428853278,0.00024726540161003075,0.00020799748125119858,0.00032899823852872905,0.0003453345643890974,0.000260765073291746,0.00041876826806772993,0.00034872454780589143,0.0004177617008967105,0.0005026913077693236,0.0006121793857478904,0.0009823541529295052
0.00043852605600462277,0.0004610699007394027,0.00032606642840263847,0.00027759475728440433,0.00032898339718178505,0.00039373417862736,0.000386549226615543,0.000381662498053604,0.00022490653932795375,0.00022661583996678653,0.0002879149981868966,0.0002245283764639493,0.00022322282910856598,0.00019736521408551913,0.00024094227067179757,0.00031299810151104435,0.0002258899105696659,0.00023928109851606332,0.00022287473553916535,0.00023036682384515908,0.00029322284092117074,0.00018205205899560507,0.00018896923060976513,0.0002258550537273897,0.00026020505830062106,0.00024990649038108826,0.0002287857289047279,0.00021683921045838073,0.0001822456910897232,0.00019071885586592147,0.00018925275358358225,0.00021141627807771585,0.0001837985687244372,0.00019430914792380898,0.00025792678643819724,0.00034837795739987577,0.0002022691018683934,0.000269333074233596,0.00023376628509835313,0.00022840219425581488,0.00025122978987695595,0.00027290094938969183,0.0003148903693073391,0.00030342145205812483,0.00035577549267615374,0.00045882172469231147,0.0006638096266275929,0.0009259979962017892
0.00040735989175934105,0.0005050060418977189,0.0004957706431901209,0.0005414959898648822,0.00038585580324331604,0.00046490009294212657,0.0004924800497135282,0.0005655095148174567,0.00034226059507843314,0.00045818999793604593,0.00025015894208525844,0.00037601569211732704,0.00024189753686428619,0.00027771904431211995,0.0003601580753116226,0.0004106526932881476,0.0002461002883745107,0.00023432775239140113,0.00035265058316402524,0.00026667212873013535,0.0002561967894797575,0.000319641755174199,0.000382258328908129,0.0002594226686217781,0.00020880097277365702,0.0002782823748532982,0.00022432839563009114,0.00032998777984775615,0.0003251821894892,0.00021598426706438974,0.00029235311273650353,0.00021249988154379735,0.00035659513214758305,0.0002875710870665485,0.00021426757729750898,0.00030329670171188645,0.0002675758294809454,0.00030602860885891903,0.0002842054164511752,0.0003443459357869356,0.00030457654329588536,0.00039210805510320174,0.0003846115721409392,0.0005379026305484603,0.0004449997574269528,0.0005549601703815184,0.0007465386800572486,0.0011834295564812712
0.0004320081494462893,0.0002472893874789491,0.00026570911966721064,0.00022516095804283437,0.00028217810922943334,0.0002011597093118276,0.0002388432207133119,0.00018005867502286226,0.00020105066874411155,0.0001760824276184235,0.00016817518837406354,0.0001573951231659621,0.00020402268381467,0.00019266240659555613,0.0003078857682044056,0.00018237803518300527,0.00013333968442605138,0.00019025270579447578,0.0002191564846816896,0.00013680072710338286,0.00019653028916045406,0.0001495394971982672,0.000150815587711144,0.00014019832584832005,0.0001969929028391063,0.00017943050018357344,0.00019125732455018056,0.0001325335406579238,0.00014784987437218666,0.00013749688940927567,0.00015650658307905083,0.0001550959381064888,0.00013467646680685613,0.0001635798967186947,0.00014083367927240833,0.00013113958998075038,0.0001771602576385315,0.00017273470064707122,0.0002567288921587088,0.00017704921177372736,0.0002018522868203528,0.00019669217310662888,0.00021011974602384314,0.00022905805408742966,0.00034387388420652627,0.0003336182989227609,0.0005274369742225726,0.0006695272200313997
0.00034047790412597217,0.0002687095077106785,0.0003729136238634962,0.00035717590971450977,0.00032278493775144594,0.0003573791090805591,0.00019211347319584448,0.00023295628769112964,0.0003300007952391261,0.00022910271196130094,0.00025196311593383514,0.00024952820832834725,0.0001680256535154922,0.00020501730913719343,0.0002461462909047287,0.00016984468962588864,0.00019002053492460285,0.000257167650198264,0.0003074799325696421,0.00019549279770247056,0.00017117230286229493,0.00024530738819766125,0.00026483904654995714,0.00030857993878371197,0.00014214812705136865,0.00015861432850136783,0.00020462965154366075,0.00014700857498927813,0.00017519340194940413,0.00023961065798116732,0.0002656472422952927,0.00016948273049375857,0.00021010840818795696,0.0002537719524999997,0.0001881859092335605,0.000241431519378486,0.0002178123662091113,0.00019071257723242126,0.00020080678514667596,0.00026893195068419665,0.00022685725126592027,0.0002960743582969418,0.00029943995271538605,0.0003137846492366405,0.0003338243034235125,0.0004672894366593894,0.0005114834996396904,0.0008115356894718399
0.0003597511895512996,0.0003947399765241486,0.0003510859775882757,0.00023901952627572074,0.00026929569605160027,0.0003144080901886193,0.00018439809743599095,0.00018558442530744435,0.00022895914179096936,0.00021425791554481062,0.00020753600335752216,0.00019771936411726402,0.00019180490492411105,0.0002451416670695161,0.00017421001874501577,0.0002242319402125971,0.00021464125134852498,0.00016567630379951415,0.00014267725273862911,0.0001526258673141633,0.00017128088637275243,0.00014562760240511592,0.00020776355443531406,0.00015931069082095078,0.00016980229823853536,0.00018369305713940488,0.00015187315917451668,0.00013563491853099452,0.00015515515494299203,0.00014488172409234896,0.00014771619478424092,0.00014293208927093902,0.0001499059686866546,0.00019619106726874276,0.00019711606878441133,0.00027402489578316736,0.00016355303291364022,0.00017281588802593815,0.00019575773460132927,0.0002227609898210223,0.0002173287289084337,0.0002171495700452103,0.0002400716246928251,0.00025354321863657175,0.0003651468174505453,0.0006155196438942,0.0004810640234541312,0.000744559006040334
0.00034909856941920704,0.00038276025813498263,0.00035814141206893537,0.000468753630180411,0.00030645978670929854,0.00026337425770941205,0.00025166503565254844,0.0003698374819462316,0.0002488893857624937,0.0002903607609629035,0.00025115402857701615,0.0003157627698151913,0.00027148204152841046,0.00022096385561585173,0.00031041682310267184,0.00027606064892471394,0.00024036226697289067,0.0003366431364302074,0.0004427167390249445,0.00027939921125747977,0.0002568113292793605,0.00021017605810957188,0.00019515913155454125,0.0002294518233114681,0.00025226937302468157,0.00026408206317856536,0.00017670399069754918,0.0002058438565779191,0.00024658084999289284,0.00017867769109611466,0.00026593479980679637,0.0002089459499315309,0.0002066091090006299,0.0002248258545150666,0.000302903218087905,0.0003037738873869588,0.00022912911396569575,0.00025332397268864205,0.0003635717284162236,0.0002444588945526595,0.00029886490682168586,0.00028811368194115805,0.00031173570583541035,0.0003761999679298648,0.0004493323385225236,0.0005592089064937356,0.0006827068003849963,0.0010967351919267865
0.00020931627620337376,0.0003026689186542258,0.0002285190471346622,0.00018892578014772008,0.00019998461236895324,0.00019400534628680218,0.00013077719896312012,0.00012653272698522693,0.0001495445248371854,0.00013248604330476734,0.0001770154298320127,0.00020332076668697652,0.00013512256684617465,0.0001881307613791482,0.00015567271469615955,0.00012017218603820626,0.0001410296610618048,0.00012962719413887544,0.0001647686097711257,0.00011098053417285726,0.00011303917890747048,0.00013357780682015565,0.00010975077275096551,0.00015637271857037687,0.0001243172307050623,0.00015588207122702285,0.0001554729219641829,0.00012992292423940577,9.368049904818105e-05,0.00011925790465594408,0.00012512890685340404,0.00011844000148779707,0.00011760767714684798,0.00014351502258695874,0.00012518459634839092,0.00013878003804773962,0.00010727526964961136,0.00011803798530790644,0.00013862656974160026,0.00013958900319027288,0.0001828540551592057,0.00024164472683718704,0.00018548161745231165,0.00026112689611903334,0.00024981971878095725,0.00026862190321712086,0.00033562401090224945,0.0006898952883746408
0.0003249036974196723,0.00021944859233190205,0.00020166434264080473,0.00024352083387976648,0.0001581742403622546,0.00018611032344188042,0.00013774227410668572,0.0001505741169328387,0.0001657221752892157,0.00014606411632152734,0.0001716352015067594,0.00016405805750809366,0.0002045273273326821,0.00014415483674685116,0.00014430207749405334,0.00013685322356952987,0.00012005401709378923,0.00012106581763302297,0.00014746138538631375,0.0001105948103663825,0.00012312891997433295,0.00013047034541477563,0.00011210335201282118,0.0001399457178334123,0.0001976305234628172,0.00012459523604878067,0.00011575212391438782,0.00011126959360936992,0.00011207045915926014,0.00013360253843957588,0.00011715476241536868,0.00017483929531304185,0.00016251258691151894,9.857117908480084e-05,0.00012164041058653947,0.0001128185010111788,0.00014847257293886128,0.0001295073108218518,0.00013581783477203033,0.00015331748464496054,0.00017311635069271875,0.0001608199446337464,0.00018607338869497319,0.00018503231072410523,0.0002508041895410298,0.00033490998004643326,0.00038782467637135486,0.0005915196381255868
0.00037659679143714904,0.0002895516236215084,0.0003312377451401113,0.0004129876595086206,0.0003191710984677556,0.0003495434962556057,0.00019548301031626096,0.00023442434022400186,0.00034957177503710716,0.00021975587442846833,0.0002618742234439824,0.000256128286122287,0.00016429717884635557,0.00020353362828880728,0.00025966058802695286,0.000173101166428004,0.00019990911591405685,0.00027350615313545106,0.0002919346537637472,0.00019846587912472461,0.00015727291198598518,0.00024025166893821455,0.0002607313406569803,0.0003089372436341875,0.00014663073092546162,0.00016490468373026523,0.0002084516124459466,0.0001507967676781515,0.0001903282547659834,0.00024411883660692562,0.000259070166289195,0.00017433709647582388,0.00020559688050244602,0.0002551073353247082,0.0001840016459143193,0.00024010302578942233,0.00021611519758545504,0.0001957602463474353,0.00020042798815139408,0.00027094280598877543,0.0002225941741773365,0.00030482587312993494,0.0002929818828965008,0.00031133497942913184,0.0003407446285705745,0.00045835974636228863,0.0005065420853729542,0.0007712642493740215
0.00032430585988869057,0.00040046166095889456,0.0003733786089432854,0.00025008924757725573,0.0002645964820804631,0.000310194209052091,0.0001950260050760208,0.0001885934142001896,0.0002490139632400824,0.00021020934841146598,0.00020557533001558877,0.00019799845565277434,0.00019497404383196485,0.00024217184358956017,0.00017479543223422207,0.00021046279697466578,0.00021630201012770117,0.00016776177454536458,0.00014143391823106041,0.00015792203011559427,0.00016581081742976422,0.00015362313908697206,0.00021279040511760862,0.0001605237845562574,0.00016878856948837438,0.00018408055669762906,0.00015225468721435034,0.000134026323324048,0.00015560480177837213,0.00014459438114043603,0.00014673872633985677,0.00014201849869744317,0.00015105449649029305,0.00019983698270756336,0.00019544094827527296,0.00027457175780073637,0.00016380977830182623,0.00017208876275611753,0.00019277279295737055,0.00022185509962505796,0.00021779788343815492,0.00021606837186718497,0.00024083586098354721,0.00025438111043436817,0.0003645076620524918,0.0006167456541015867,0.00048359518937541365,0.0007496955328051343
0.0003768020394848909,0.0003327946948275742,0.000425577679987266,0.00042457878377123064,0.0002935800378343812,0.0002696259256303113,0.00023939796759759124,0.0003299268283140162,0.0002405069475036734,0.0002768134999257929,0.00025206465190185404,0.00031504399305130757,0.0003041010946551374,0.00023374979468256335,0.00033642627609000103,0.0002945928762638274,0.00025683437522808396,0.0003446192101740905,0.0003985598661931961,0.0002971867880726299,0.0002621239275968253,0.00021327734686831144,0.00019002513536968684,0.00022968153593499457,0.00026588711628025417,0.00026435159062973687,0.00017588399781330385,0.00019766833676800115,0.00024487276778465544,0.0001842459073172257,0.00027123894533502134,0.0002069571641804035,0.00020610015334396908,0.00022555172595712053,0.00030571444170165974,0.00029673956952871815,0.00022995111980124075,0.0002525995376097856,0.0003690666221978494,0.000245011090685377,0.0002933271446343673,0.00029465356721981135,0.0003130695960049008,0.00037844959933392087,0.00044998653030076504,0.0005539029207320372,0.0006820654127794881,0.0011070417491005555
0.0002098618444428193,0.00036681165557327517,0.0002380829284450664,0.00019123745836820532,0.00019146301147397176,0.00018687519782299283,0.0001224770525367309,0.0001284917483949589,0.0001520263419898585,0.00013177956779664211,0.00016716001719958257,0.00018461404230961606,0.00013357295737308583,0.00018048268975602084,0.00015900628138942923,0.00011782699675692826,0.00013042888371491107,0.00013097547990434508,0.0001514019733349212,0.00010620926436867054,0.00011248828859055598,0.0001325768988087712,0.00010651084568506749,0.00014318956188912404,0.00012000220990470212,0.00015482393526765573,0.0001531298903603235,0.00012872082585106752,9.685253766959469e-05,0.00011818291766571876,0.00012329715712475184,0.00011862943455317757,0.00011926441542817758,0.00014718826033926686,0.0001240930338037942,0.00013579671696634278,0.00010691494390097928,0.00011936051889866974,0.0001377562287228738,0.00013592542840851627,0.00018191070680492245,0.0002430711177089366,0.00018546159595866395,0.00026188716108153817,0.00025028549118940143,0.0002690278940639766,0.00033878407871630747,0.0006936059080611044
0.0003307607505277856,0.00021655539487229405,0.00020145240131528658,0.00023756303190757767,0.0001515643574267302,0.00017073681770172735,0.0002096740266046382,0.00014939181513270644,0.00016344418645019966,0.00012907784462015578,0.00016458378806172286,0.00017131855401096395,0.00022784430284440802,0.00013831085851298216,0.00013565482968583918,0.00014168202952061828,0.00012452062522688638,0.0001252687760487949,0.00015472229392481357,0.00010714366899361954,0.00012319185479008456,0.00013265145239138646,0.00011555914567293358,0.00014014599654965358,0.00018710202399398944,0.00012460382257421833,0.00011317204642037512,0.0001096620548603092,0.00011213071227508752,0.00013328629269798584,0.00011295881051582,0.0001806603254532929,0.00016016715786801474,9.934710090057622e-05,0.0001179930626613035,0.00011531483576873066,0.0001486790204115927,0.00012624466451694667,0.00013300209184154415,0.00015166131997735335,0.00017533142455402733,0.00015910628899926655,0.00018689338744442196,0.00018552477833168045,0.00025257690127967536,0.0003421639825522773,0.00038828779454193324,0.0005988824922594193
0.0004918404286200923,0.0005747175525411539,0.00029826820297124406,0.00033946183144502795,0.00030038181263977064,0.00028242200683001713,0.00027845298321550255,0.0003174862507631492,0.0004394389546251223,0.0002762083146026183,0.00022737676282885106,0.0002441896765806828,0.00025671918674087063,0.00031373718791616903,0.00030045669172348985,0.00017817123160552163,0.0002604039984828996,0.0002073713292070518,0.00021355609757390927,0.00022317775709768117,0.0002153324187031003,0.00019757412223819285,0.00023803493813626825,0.00026912432431161135,0.00016976669777331408,0.0002068796434248056,0.0002315908596445934,0.0003220792535775305,0.0002442514721251187,0.0002071026235538878,0.00019554534967633524,0.00018236160057189606,0.0002146297944026404,0.0001941877885228122,0.00026843833843179904,0.00025112327175513214,0.00019312708677087417,0.00027620417052414304,0.0002586603094581732,0.00021266575204264337,0.00025388354385445604,0.00027177501155883156,0.0003261585465065745,0.0003939148364581886,0.00039697304609371745,0.0005373725814137601,0.0005854884228256956,0.0009312827757231765
0.0003673742053598065,0.0003378482025048617,0.000255914978481358,0.0002598236422469648,0.00024502099822431173,0.000239391638270913,0.00040564106130791273,0.0002274094674022154,0.00048135246991047343,0.0002128376704208306,0.0002357208695188775,0.00023070515695708117,0.00023419193465985284,0.00028119956166972607,0.00018158067786084613,0.0001897754484604372,0.00025703601187974495,0.00021145764468350243,0.0003213036129377344,0.00017622784982289713,0.0001993227841056452,0.00017703720185891362,0.00028708552495342065,0.00019418417628274618,0.00018456268623630252,0.00025432586353349093,0.00026290855694962776,0.00028384588306383117,0.00017754926604706067,0.00023293372639448268,0.00015660302374365491,0.00022993044356744814,0.00018806464230901855,0.00018196373495033683,0.00020118141940413594,0.00021854585536328826,0.00023162409276329432,0.00022326686273127386,0.00020390463299362947,0.0003055054963102461,0.0002477760635633707,0.00022097345272120022,0.00027673755054637855,0.00033958465937216465,0.00035329333527769604,0.00040441791352390633,0.0006176460876669846,0.0008836282125679404
0.0005109765301702705,0.0006760161390467336,0.0003230421856879454,0.000491694789020286,0.0005375739256154147,0.0004400404329105701,0.0004035438615422432,0.0004640769174648132,0.0003346096680851046,0.0003844490958788596,0.0003127377849266884,0.0003938838261363484,0.0003388876543280358,0.0002827957120170415,0.0002394139996544565,0.00026961446135907865,0.00025280849827451576,0.00035098873156755257,0.00045823573157412493,0.00026368308025217797,0.00025217356334730426,0.00027906496341323746,0.00038087088033301287,0.0002662996567991335,0.00026716599720361296,0.0002623685980581326,0.0003020475019026094,0.0004013747329750554,0.0003272443554354726,0.00032465726313538464,0.00022676619068438196,0.0002480050153078661,0.00025845612936064547,0.0002510747651735458,0.00036613912308573716,0.00025267635522460127,0.0003814033607169396,0.00025414587124200367,0.0002874808571344755,0.0003435426758904651,0.00033968667978010516,0.0004752466885986016,0.00034791139258451097,0.0005422855738672142,0.0005882428977874466,0.0005462182145996914,0.0007482104436265706,0.0013569869232034025
0.0005498121030533094,0.0004447425702894986,0.0005090728963226818,0.0003891201088882139,0.00037145559409518616,0.0004253833775670275,0.0003027930235964557,0.00034210758705619995,0.0005404873904475447,0.00031580584825664884,0.0002340652829249512,0.0004206523262289479,0.0003779819556708635,0.00029887890925738714,0.0002845070138214544,0.0002587860767105932,0.0004313491635768539,0.00034728612945981416,0.00028091017946292146,0.00028034588146355404,0.0002322363148278455,0.00022868696592631522,0.00020442289916674535,0.0001999054832359119,0.0002390129534099671,0.0002747584512631006,0.0001947063558206409,0.0003073584159250775,0.00030324893015991057,0.00029815337954155503,0.00031050640433671005,0.0002307845171791531,0.00022427259142937934,0.00026611209915475287,0.0002528988101295607,0.0002499320792075605,0.0002688408180654675,0.00047856509573635154,0.00031698096965118396,0.00040196711807372564,0.00045015548652536615,0.00032908629744263197,0.0003353628632799011,0.00041332178934760634,0.0005659750054264535,0.0005748401707721042,0.0008148958220414456,0.0011280731244711296
0.00038199042327812394,0.0003786781145460267,0.0003447448412385642,0.00023913127450837158,0.000241232624430493,0.00039673538345436006,0.0001836900140969172,0.00036928994091933845,0.00024045823822634423,0.00020663462188972887,0.00022637271073460403,0.00018007318892981325,0.00022633492043750192,0.00021572419281251415,0.00017193826837111562,0.00022986986236474854,0.000274827965281753,0.0002133791909107584,0.00020807600423153048,0.00023511339551732466,0.00019430201231712295,0.0001846510917564341,0.00018421502780803503,0.00020887207903824988,0.0001502356749385308,0.0001494851962441595,0.00016416303700054853,0.000149074238091468,0.00015885880553241245,0.00018789209108853474,0.00019586464387101528,0.00018297671757641892,0.00024391267940817001,0.0002920446935137731,0.00020436719757757589,0.00019552987140907893,0.0001876808423979484,0.0002227897604964512,0.000251049860135937,0.00020518331791460933,0.0002570878408298056,0.00024143640092716214,0.0002935289702577567,0.00031358075367821537,0.00034216408015458924,0.00042757191735189477,0.0004954778695105569,0.000741696413074569
0.00045595424612738676,0.0005508299521051213,0.0002919397788856562,0.000291888362967653,0.00029623093759020705,0.000301786162359454,0.00028213191212170285,0.00027965796331403357,0.0004347325163869961,0.0002621223245346646,0.0002193073903027662,0.00023176149823511455,0.00026290944781361646,0.0003020308377603039,0.00029195060048496006,0.00017933686527370996,0.00027285762907858615,0.00020406315733214798,0.00021648682805782142,0.00021855629149433766,0.0002270194524631601,0.0001968939359847543,0.000242961935997442,0.00028097181034306026,0.00016930631737355125,0.0002150233827539435,0.00022529183380951985,0.0003280968126586572,0.00025043743331609096,0.00020280719401724728,0.00019153253896746772,0.00018595485112223506,0.00021328476530288432,0.0001963737293600478,0.0002682551489831288,0.00025028379174373624,0.00019326952741846316,0.0002821261328063154,0.000265019636213847,0.00021026385780934225,0.00025281429723355046,0.0002750500212689842,0.00031898870507609677,0.0003992036826289023,0.0004075327104471882,0.0005420583843100017,0.0005754236835828904,0.0008967782629178273
0.00042102299621189077,0.000335879858930821,0.0002921545653699351,0.0002548822324711453,0.0002580455248432659,0.00025201965728066075,0.0003933752877131973,0.00022597127864515322,0.00047566514404749513,0.0002192241493391615,0.00023150045219856214,0.00020837060697102806,0.00023059290438593304,0.0002918057237416383,0.00018565225707232864,0.00019578153437981423,0.0002372277832450352,0.00021225660002774678,0.0003206724560841217,0.00018023429952692348,0.00020575628289493724,0.00017606036105703347,0.00027807427701994996,0.00020367952160998788,0.00019409383941070715,0.0002578487681796358,0.0002638622230514324,0.00028254716402668933,0.00018647317364801986,0.00021243836021191513,0.00015680567245334942,0.00022786219586042592,0.00018403903173065043,0.00018549611069821725,0.0002000505411750581,0.0002112283708450342,0.00024018531621835848,0.00021889978308708955,0.00020315454046177745,0.0003036283438969422,0.00023741050163896246,0.00022023180073138993,0.00028506224232520134,0.00034378441022380314,0.00036948580201237694,0.00040225920363036184,0.0006468641122912951,0.0008704679113881347
0.00042247204528561685,0.0006463099255512527,0.00032874992677193673,0.0005220083260861581,0.0005302565976638126,0.0004415071310532206,0.0004191899109469299,0.000435795235367008,0.0003184381255038702,0.0003897703667408949,0.00029696964016847315,0.0003450512141882654,0.000321878783703153,0.0002744204978266686,0.00024147931534971694,0.0002654109885611972,0.0002450041189471115,0.00035351146576326334,0.0004610013226375818,0.0002622369831388939,0.000248070605549378,0.000289057987817224,0.00036478883809792977,0.00026897834066701046,0.00026914321865558177,0.00026538083471491043,0.00030114334486791637,0.00040445735399584847,0.000343499386893388,0.0003230335615102547,0.0002265309330489727,0.0002503449269529918,0.00025417455060783,0.00025082735687362117,0.00036104101544844384,0.0002543411867159557,0.0003761453943803024,0.000254707007977584,0.00028761241776787864,0.0003419361058953732,0.000335314193518084,0.00047231859684265646,0.0003486717672039057,0.0005521550755456724,0.000597063576454159,0.0005480352751031865,0.0007628569714137437,0.0013951021868458138
0.0005092709769612125,0.0004622872389392826,0.0005300381854002666,0.00039723659245902756,0.00039529700307574893,0.00043815936493553224,0.00029515790851239037,0.00034539544251940325,0.0005341529410606986,0.0003209441796728081,0.00023384240348886415,0.0004065519265662726,0.0003635234075731048,0.00029280402247539765,0.0002775122675941463,0.0002559751788834903,0.00043097159443834945,0.00034923100819259605,0.000274620241243368,0.00027874454459370356,0.00023359206031824416,0.00021350063509626942,0.00020680339312491967,0.00020532063812950046,0.0002518876537897122,0.00026677173833702125,0.00019371570573148826,0.0003048239756357684,0.0003008818923643141,0.0002905365704407025,0.00030767666860836697,0.0002329548243152498,0.00022442611576094522,0.0002671795451634154,0.00025774745511526146,0.00024861840216117734,0.0002701741885826239,0.00048121846326120956,0.0003177170160569006,0.00040173842194849086,0.0004503929337139557,0.0003255736795588213,0.00033662293901412824,0.00041418110978919766,0.0005695030807908194,0.0005749544410679314,0.000812876955600435,0.0011341308530137516
0.0003898251379140116,0.0003596859963419947,0.0003806612173154086,0.00023917013666287207,0.0002647627255400634,0.0003967935462750493,0.00018530555580251792,0.0003849009467432061,0.00023863432960669124,0.00021165832274641871,0.0002474342182743181,0.00018165484071513464,0.00020988599910952573,0.00022597223192229117,0.000175861818567287,0.00022730856441795466,0.0002762403640000782,0.00021922374976611456,0.000209118041441595,0.00022884280050352617,0.00019800216457214882,0.0001836078032117917,0.0001848915725488672,0.00021163989601281297,0.00014917053988591075,0.0001479524407345628,0.00016279640332129551,0.0001496368956215492,0.000158360245788884,0.0001823728059066577,0.00019088495699332977,0.00018364504155011965,0.00024408089648450624,0.0002914722056998627,0.0002034012140225559,0.00019314644515619947,0.00018629734564665334,0.0002227698809097101,0.00025184096177727417,0.00020452472041344107,0.00025695894964491165,0.0002411158934846594,0.00029442286631879006,0.00031380864124882634,0.00034311532364604617,0.0004271834371655349,0.0004956113085424792,0.0007425147008529658
0.0005334758330506217,0.00040432325760477914,0.0006872328379549231,0.000602041194589668,0.00036421405846758176,0.0006632176231236436,0.0003601428371876766,0.0003133238928156852,0.0004156404483435338,0.0007002718802562918,0.0003066441599893581,0.00027897898904401426,0.0003482206163672971,0.00025017814021019446,0.0003505878757061246,0.0003608199996841549,0.00027291695982345764,0.00023287466997923018,0.00023298464370272233,0.0002708275602511492,0.0002892891058675276,0.00033595177128176233,0.0002304030817216306,0.0002786857571818502,0.0003183390195951018,0.00023749781395441275,0.0001950700929519693,0.000308084077923267,0.0002988423561443673,0.0002256128913411729,0.00024243139974469086,0.000334070299055938,0.00022280398099734904,0.0002394898616501497,0.0002817690394856612,0.00025262440813705227,0.00027387916386130266,0.00027090078843643135,0.0004237125872808965,0.00030355553813889695,0.00036867671721170985,0.0003595292375735426,0.0003529071478191595,0.0004870556921428295,0.0005136495485308836,0.0005544076384496565,0.0007228204075379152,0.0013778581313017182
0.0007433579873600799,0.0005972639829343111,0.0011821951471563815,0.000512015615868521,0.000451552847735348,0.000488592859488436,0.00045824198256118944,0.0005632270296655402,0.00037421545159562587,0.0003989626566175055,0.00042363266141165674,0.0006119603915691996,0.00046316757604776657,0.00035652020920752796,0.00038726002738812546,0.00045209833577788586,0.00033078941678612043,0.000386429551992819,0.00030127599879720346,0.0004830204726693147,0.0002937433810734851,0.0003982997831859139,0.0002753713059211642,0.00032242187498345704,0.0003613997245496445,0.0004519138210563358,0.0003507318926243366,0.000273585260805719,0.0003025222387802844,0.000331425338137238,0.0003544270291941945,0.000491027774993419,0.0003128666158214887,0.00043915199318761617,0.0004904629055100718,0.0003903891303321452,0.0002886373197159793,0.0004342090842741289,0.0003876244535499981,0.0003737646135777571,0.0004941322622924382,0.0004648597990630312,0.0007208080365047202,0.0005457682364266161,0.0006323598378560056,0.000822052015933136,0.0010733278163329257,0.0016458325618676972
0.0012835968523451423,0.0007435091904549416,0.0006593805034620604,0.0005618689331908937,0.0005266605952382352,0.0005007056358574722,0.00047166450188966584,0.00045127295774814063,0.0006641305280554171,0.00048825881760433557,0.0004030999599815784,0.0003838227439378129,0.0005655304295432179,0.0007916474320049312,0.0004376295679256312,0.0004135194079549723,0.0004887311256809288,0.0004739796490647747,0.0005051549517156938,0.00036982256852561153,0.00040182170949216127,0.0003496282260122081,0.0005024143405350753,0.000379577496892574,0.0003608731222562877,0.0004901941210707576,0.0004334133899951883,0.0003130399036369508,0.0002974468806024862,0.0003127307628322593,0.0003630533841906686,0.0003396822034071058,0.0004186354195095793,0.0003320418687874579,0.0005006307482967466,0.0005116734785866604,0.0003728740704635598,0.0003989463261212859,0.0004819372132573537,0.00041313239556940473,0.0005633379093023355,0.0005689168296206036,0.000530494159748431,0.0007244505555232668,0.0006823974237283106,0.0008046261931683224,0.0011416232278572895,0.0019141638268707524
0.00021637108424815812,0.0002527663328384247,0.00021079646290140733,0.0002385051018961834,0.0002532704322151755,0.00021338724983943795,0.000250269843986299,0.00016011356465340173,0.00014071932519556596,0.00012637199097750328,0.00012366815252327158,0.00011742096182714264,0.00011164742819853916,0.00014521789535496278,0.0001526973551037405,0.00017468821026653895,0.00017977663032566255,0.00012051818068141253,0.0001901070399271269,0.00016611466859255797,0.0001137617281785605,0.00018640298888363216,0.00012587798990250829,0.00013240766024965597,0.00011154610460598412,0.00011453825890775057,0.00013861866796795527,0.00014728310341512963,0.00012478399235987098,0.00012001297451402949,0.00011002766342481222,0.00010293921620645534,0.00011613806545348988,0.00012205888810625464,0.00014605446874419822,0.00019329404568635007,0.00011890823865986243,0.00012657320194655043,0.00015380542163086604,0.00015135277857927416,0.00018421274973008276,0.00017558603155165003,0.00016444386693728927,0.00021448379840734237,0.00022975687814225112,0.00024658648273667797,0.0003867263212043323,0.0006892066376858366
0.00019878948136832126,0.00019148610408459214,0.0002679697782031979,0.0001600111670187417,0.00013897823766090078,0.00015762736004547594,0.00014277144162045159,0.00013072953642059282,0.0001940013647515637,0.00015909722308362433,0.00018288144526855355,0.00016082267748266692,0.00012122183211476339,0.00010778888659404298,0.00016345815789308075,0.00015596628008067808,0.0001098391165043588,0.00015819180366594436,0.0001603658070632713,0.00012018060380408028,0.00012559782325320467,9.590137168963778e-05,0.00010251232287317619,0.000126193305400311,0.00011152111618899505,0.00012641554066941744,0.00010715181314781113,0.00013198150785140192,0.00010141088757939139,0.00011881645267485257,0.00012907837281057305,0.00011056654350627488,0.00010596274094939411,9.94247108071907e-05,0.00013217764259416766,0.00014363652590320878,0.0001581841243732451,0.00014549742471526417,0.0001449846982995609,0.00017102304831323977,0.00014286098748177725,0.00014992819697912698,0.00016983540810275438,0.00020778130934720108,0.0002655915590388717,0.0002653988132765593,0.0003935495926830515,0.0006524368930334516
0.0005480524125630736,0.00043124525010666034,0.0007250254033051307,0.0006298525731112563,0.00038036442448219853,0.0006602810750309574,0.0003818335423143494,0.000312399577100123,0.000390401198070756,0.0007192205419515419,0.0003042062680703478,0.0002819197983982701,0.00036183279853682263,0.0002459791872759051,0.0003503491846019852,0.00034492572618524995,0.0002763841043802264,0.0002358699042203802,0.0002316922297008079,0.0002709426445867564,0.0002891982203229035,0.00034068771957443796,0.00022872223794021348,0.0002797086526742037,0.00031727010504531563,0.00023965068759885304,0.00019527566696243658,0.00030751419265823837,0.00029754476633294004,0.00022513653820725637,0.0002430080988286527,0.0003349990914757016,0.00022297411676083104,0.00023933200327261734,0.0002809219808370305,0.0002527775772986772,0.00027243351299714865,0.000271768574276691,0.00042452776569282626,0.0003042165932976545,0.0003691389941968248,0.0003590478401476784,0.0003540318190494186,0.0004856808571762912,0.0005141362616224148,0.0005538686873701106,0.0007205193698566115,0.0013873411243224712
0.0007094098190887928,0.0005898749080410227,0.0011450893559298695,0.0005633571348362913,0.00043028566227300735,0.0005035600044358544,0.00040955640234836447,0.0005475617872288486,0.000375219646282478,0.00039608593360786887,0.0004279706424347988,0.0006137401493650789,0.000460002671917545,0.000355677395135028,0.0004019041696862689,0.0004113892360223062,0.00032740851840839185,0.00039387055943917234,0.0003095087300987494,0.0004850253092193396,0.00029309066127798194,0.0004090977343479137,0.00027634884369756054,0.00032443687458884795,0.00035848765798945226,0.0004570179934767054,0.0003531885944863325,0.00027331602885081714,0.0003002741201571661,0.0003304292266370922,0.0003514238925930873,0.00048365177267955736,0.0003097880404175794,0.00044180200648190413,0.0004916893597482152,0.00039053161159430044,0.0002889953251323409,0.00043454825844580516,0.00038968393523470694,0.0003737708261681921,0.0004921636427907602,0.0004646802481555626,0.0007170824215653179,0.0005449149759017291,0.0006369994193413995,0.0008202627200834614,0.0010786881931148444,0.0016356601018330044
0.001262018120693978,0.0006979605191350125,0.0006728420047666916,0.000504080959487132,0.0004859346883157335,0.0005174635585066064,0.00045968449059283396,0.00043933841999055243,0.0007396761438572749,0.00045539146754011137,0.0003836901156904693,0.0003833059778956662,0.000597625450872908,0.0008263270679430418,0.0004336164923486821,0.00039050603334036166,0.000476679408019873,0.00046868915344281157,0.0004945482060782644,0.0003728962511156207,0.0004030350985103144,0.0003537726708735229,0.0005030122489093644,0.000380334470365008,0.0003589399345549815,0.0004846383611289423,0.00044069119635534355,0.00030949201833737,0.0002996042928434368,0.0003146255470165698,0.0003618673599043086,0.00033750926175224975,0.0004157883820914205,0.0003329846306261205,0.000497787302483061,0.000515893983750268,0.0003798423586485381,0.00039807096140431715,0.0004837302578145189,0.0004152880151545739,0.0005674669858627571,0.0005640250595557828,0.0005273910546108323,0.0007267035806175575,0.000688138234155237,0.0008072451639334899,0.0011516685911505825,0.001954773505323848
0.00019150545945308497,0.00021510753891039388,0.00022076205118824315,0.00025766142606465677,0.00023280263009306545,0.0002478749664399817,0.00024607429252977654,0.00016108421336628913,0.00013389608862149463,0.0001188742688790443,0.0001308159460150174,0.00011212458397667341,0.00010942165560486014,0.00014187225808898112,0.00015176362333677027,0.0001745693095523506,0.00017892723585823236,0.00012035387241238805,0.00018946260306955894,0.00016284473526581643,0.00011249848519051021,0.00018282140593585145,0.0001267246249158222,0.0001281124260885637,0.00010762512973845448,0.0001122069199491484,0.00013725326772906832,0.00014658978265460573,0.00012446161090722886,0.00012000696787480003,0.00011037013307857874,0.00010244180877236656,0.00011435395497813801,0.00012258989715754646,0.0001458659835134929,0.0001924148151742748,0.00011885902729561325,0.00012728378791847494,0.00015307766709981498,0.00014880742212179047,0.0001845668449232633,0.00017588189687575416,0.0001653589559033037,0.00021674578332269085,0.00023107443705472293,0.00024499172778195955,0.0003838574104292517,0.0006943262393342664
0.00021596284155853883,0.00017646349583235802,0.0002277303629966727,0.00017162405156086142,0.00013612549762951793,0.00016287540425394048,0.00014527659377372665,0.00015631354998648682,0.00023344596417173958,0.00016211383058098908,0.00020051249496155722,0.00014732560640216775,0.00013657597984423572,0.00011286133115155998,0.00015886150864807868,0.00016927577952250962,0.0001129343814700742,0.00017380702656456858,0.00015935922133490624,0.00012200789899811659,0.0001290795424726602,0.00011515100729236839,9.789454072257526e-05,0.0001256022915405715,0.00010696837008323627,0.00013197835251275292,0.00010268585094162318,0.00013055491597684676,9.84195231480312e-05,0.00011652367042100232,0.00013048505685584735,0.00011509219418111479,0.00010455257853029517,0.00010001714369843664,0.00013677557882931125,0.00014492424385202546,0.00015977214629225622,0.00013902253524996955,0.00014028859450037742,0.00017203982752455026,0.000138636988134815,0.0001514254548756934,0.0001739378080484408,0.00021433649770309806,0.00027776853920358674,0.0002716163740269589,0.00040338843484786406,0.000600889636730362
0.0004411297954142335,0.00042116201615020383,0.0004009149298823126,0.0003995753045980768,0.00031774242836990203,0.0002986580977346882,0.0003454249544305486,0.0003245278434285356,0.00035709436077184016,0.0003238649766412247,0.0002938527665623019,0.00027808261360338086,0.00028863199465053985,0.00026274446332802057,0.00027824712150818483,0.0002885191567044375,0.00023830092608476935,0.00027024170736578265,0.00029622980466788204,0.00030807695976045005,0.00027308205777483316,0.0003920362201183585,0.00023187457545217926,0.000340820314381291,0.00017281425673286186,0.0002538052901873379,0.00023344629948446178,0.000190303308868193,0.0003147485499275977,0.00021190353578100937,0.0002131503886525462,0.00021669833818737953,0.0003271750844631956,0.0002360639578777074,0.00021123557773968725,0.0002841327214936717,0.00028982138362678984,0.000277101301324404,0.0003024361153132599,0.0004363069472561957,0.0003654531373840077,0.00032318589446195495,0.0003591616576206516,0.0004016116533374784,0.00047451210381947343,0.0006024294278576121,0.0007012268058046366,0.0011774373472785253
0.00022165317771368298,0.00020884132737466752,0.00019464325579641366,0.00013648550178013032,0.00016104815201070825,0.00013458523953073135,0.00018255353082471997,0.00012462931153410555,0.00011764105233744107,9.960577003877299e-05,0.00012817868185315242,0.00010861089742783528,0.0001282248392797904,0.00011580131282970486,0.00017184584573665986,0.00015052802785940576,0.00013995980489614623,0.00011941514550812285,0.00010234587474773786,0.00010002895317046457,9.388811472178933e-05,9.710422760367202e-05,0.00012415171919183786,8.907910727714977e-05,0.00012876500140407602,9.270958471087096e-05,9.353206924307239e-05,0.0001092942817793678,0.00011051318657362328,9.10945292404268e-05,0.00011751540731566023,0.00010230741626028325,0.00012732693654741436,0.0001438866403344574,0.00010365738129822714,9.843843549208197e-05,9.697733558458278e-05,0.00012077513935487395,0.0001106449006437703,0.0001267734110373189,0.00013152112529434508,0.0001530119670294444,0.00018193722496698752,0.0001568464274493143,0.00023156235680656445,0.00023184876255646764,0.00029749201279031254,0.0004876470425349742
0.0002833961200127361,0.00032013578337027466,0.00023173872722444797,0.0002731284416400345,0.00028640886848835294,0.00032690839714125174,0.00022147843382628926,0.00023054921098746595,0.000192515969672397,0.00017581507066236592,0.00017026947148256595,0.0001590752625792864,0.0002131829158486697,0.00014207900960187665,0.00020911768402553598,0.00021785078426381926,0.00026469555758047985,0.00018503177416488823,0.0001614712237577031,0.0001768363658574566,0.00015693276965132356,0.0001893391095255385,0.0001221700053003692,0.00016337632040850386,0.00014567144226551034,0.00023152957867409902,0.00011646853554221987,0.00012711110867297696,0.00016677234382097498,0.00020987613584957284,0.00013360078818700123,0.00012664242683734208,0.0001654335335553739,0.00017125643853304045,0.00012698434156190866,0.00014793549089444654,0.00017177060031878445,0.0001884722952724828,0.00021083669526407778,0.00020129251036647897,0.0002495185068454517,0.0002084381357752557,0.00024569007156270527,0.00033461078969706577,0.00024250098471255513,0.00036843584895268904,0.000410529666811666,0.0007548458601104218
0.0004282100594745745,0.0005060360463508146,0.0003562408083406707,0.00032269518990539925,0.0004490645243320248,0.00035753839562581766,0.00041188701374153465,0.0006351217614413596,0.00035087183263165676,0.0003766365411273903,0.0003159705892257126,0.0002779765626389016,0.0002843173832422822,0.00036169759396277595,0.0004177665300760918,0.00027683100313094505,0.00024692034023764023,0.00026352167460325733,0.00027559537838596,0.00045341818937529396,0.0002623520155911098,0.0003722440746232184,0.0002496026175006535,0.0003264494870875032,0.0003126383244078122,0.0002704812227830946,0.0003193756796136131,0.00029904398044528277,0.00022809890676695095,0.0002023677807287089,0.00023590823334538807,0.0002622311439410918,0.00023983248353191296,0.00023080811208709982,0.00022601375903797435,0.00027941138205324735,0.0003090689434376528,0.00029195378153640397,0.00026482654178318485,0.0002781759270959878,0.0003628581851815778,0.0003502280137746374,0.00036306234566400614,0.00038871389789555,0.0005121957569098141,0.0006056087670774915,0.0007658471258215546,0.0010789881248183403
0.0002797850311031457,0.00041763790460068044,0.00026481457187743575,0.00037935198713217596,0.00030493492262597283,0.0002893845549146916,0.0002000819037053976,0.000199772341615906,0.00018897514715052207,0.0002821907263133937,0.00020252769550009277,0.00026150593701245237,0.00021234781819390831,0.00024433007123170403,0.0002571513618559719,0.00017400047956922678,0.00017515830222571,0.00017023267385980054,0.00017918616985136845,0.00014320443084640255,0.00022955671488827806,0.00022071761947903973,0.00019088526193258284,0.00018797525140246588,0.00015380550354312915,0.00018619374688285658,0.00018711159780201113,0.00014603856827740907,0.0002482497696274383,0.00016681322088575893,0.00017820321408775784,0.0001520768377661834,0.00020358346020539557,0.00019378590675554435,0.00022810276144432208,0.00018837371802731705,0.00018974923049363952,0.00018371345316050907,0.0001943196970172975,0.00022668535084558077,0.0002118364505247195,0.0002065564750777068,0.00024621534696617334,0.0002911706597104022,0.00031059581939001964,0.0003807209792050405,0.000494682724523293,0.000990528570797602
0.0004153956034380662,0.0003654132230996124,0.00036023968632091784,0.0003979068155754499,0.0003245079048256526,0.00031579643016225605,0.0003307404194029803,0.0003313162600461859,0.0003277491923890243,0.00029642055589034817,0.0002818487839315387,0.00026041613040784194,0.0002926143950246243,0.0002670761337536408,0.0002845699307625226,0.00028685179661541244,0.00024056833610741775,0.00027084768085225864,0.0002988379152054654,0.00030684265142260226,0.0002787380175581943,0.00038786178074559207,0.00023094654725007324,0.0003378761893986388,0.00017192254944313915,0.0002529882583897612,0.00023547855291306585,0.000186687683795972,0.0003119120870504999,0.00021331784368042617,0.00021357574408082444,0.0002177156611310096,0.0003268043375672629,0.00023576470760792588,0.00021009818100052528,0.0002874992784751722,0.0002884346296915959,0.00027951955661164734,0.00030009385020730677,0.00043942652576545865,0.00036385934375553,0.00032550323616361865,0.00035641403751734274,0.0004062365627104506,0.00047655836124547155,0.0006112418301969896,0.0006944434080979017,0.0011711538238704186
0.0002671847723920915,0.00019553366268935704,0.0002157706616915922,0.0001482444294798125,0.00017540941638171596,0.00014121398503738145,0.00016728576967243278,0.00011906365540869555,0.00011001951405571579,9.506024548139659e-05,0.0001298126539280148,0.00011352674100991929,0.00013133791741767325,0.00011787861581848345,0.00016535749840564543,0.00015627416061181237,0.00013362802424307852,0.00011480139729908835,0.00010951351903980242,9.296985174311743e-05,9.583791129510455e-05,9.535474185299125e-05,0.00012803719392180503,9.282088171725531e-05,0.00013599129239873448,9.342669081469058e-05,9.373204707972162e-05,0.00010752360604025384,0.00010875771335012146,9.322177018238596e-05,0.00011641590225361315,0.00010303419418552378,0.0001240121942564402,0.00014567597406963463,0.00010465863067993562,9.62282400449901e-05,9.521876084064297e-05,0.00012027420231411829,0.00011117811962925629,0.00012593265897719658,0.00013054982987675617,0.0001510573375296073,0.00017536129032176437,0.00015454429964614191,0.0002403237647188291,0.00022964481206527886,0.0003088459059719459,0.0004794269440213077
0.000271498470860841,0.00034471179073922875,0.0002620843398285918,0.00028034877190730086,0.0003034371714122135,0.00031662935352085107,0.00022679480077860705,0.00022352184209569533,0.0001876350065196638,0.00018531661571121241,0.00017215087877151648,0.00015978330042101897,0.0002224951161920758,0.00014382196430557404,0.00020595338905354365,0.00021761909851403035,0.0002639593421588077,0.00018439083767193392,0.00016411559336206358,0.0001788807450251179,0.000162900531279797,0.00019391157424350746,0.00012194113631225378,0.0001615067931889596,0.00014633443120845222,0.0002325334206001157,0.0001167042573737497,0.00012753412688260436,0.0001674637181296174,0.00020559917179944917,0.0001348139680543361,0.00012736295783271433,0.0001634565868981925,0.00017018583571231716,0.0001272790909450573,0.0001471654672586737,0.00017165732456482115,0.00019024520171343677,0.00020906824290583138,0.00020502818092217446,0.00025040172914912707,0.00020812816499590314,0.0002444278922031808,0.00033662347059729023,0.000243307302723892,0.000370024899518124,0.0004112897194018419,0.0007686735175939173
0.00044330203148396124,0.0004962694815676898,0.00035060923549695,0.0003205223633739967,0.0004594822757525118,0.0003295453266235291,0.00042628339729167694,0.0006535060049749438,0.0003647760189013739,0.0003666389196854691,0.0003279434372879332,0.0002797634012659487,0.00029446996719921135,0.00037750660275574554,0.0004437168085866968,0.0002719777618326556,0.000249208495080028,0.00026848233307407083,0.000273144338228038,0.00045142665501606255,0.0002590488148935803,0.0003729706551759785,0.0002436809335947012,0.0003201264014230158,0.00031628203462346743,0.0002599367639138274,0.00031261680023598895,0.0003068829677414954,0.00022976419376626232,0.00020283484241857252,0.00023907882883445917,0.00026461607692556175,0.0002436047691635579,0.00022824735118465563,0.0002238697476052898,0.00027154601707586183,0.0003122639391423229,0.0002906049898095973,0.0002613224627664222,0.00028213784950116577,0.0003631920291606861,0.00035280070363275315,0.00036257027723226443,0.00038858216914251255,0.0005262464962787098,0.0006072865168210574,0.0007492717773895265,0.0010951891925605512
0.0002897911881097371,0.00041382707122796745,0.0002597207389426393,0.0003755676904961724,0.0003065874453975986,0.00028938575095877853,0.00020724275025070418,0.00020117038964773877,0.00018808244684221333,0.0002903329169179936,0.00019691020424918542,0.000262731533105898,0.00022525685485047327,0.00023937198719595063,0.00025389046431757825,0.0001743737234097216,0.00018014462912475783,0.00017149413319516367,0.00017805949510528514,0.000143616454916217,0.0002293194546709235,0.00022074332109282903,0.00019031557632732864,0.00018827051726422325,0.00015370086639941586,0.00018637967552919657,0.0001868569606294475,0.00014670264255976117,0.00024799383374998627,0.00016713506154411378,0.00017825911860638023,0.0001523805833593243,0.00020347606437488036,0.00019415847207458563,0.0002288970766534017,0.00018929069465121356,0.0001895199404837291,0.00018352078009125443,0.00019308371779653034,0.0002266832046775876,0.0002118611077329264,0.00020656122244329113,0.0002460274806957611,0.000290951007153014,0.00031033746445192673,0.00038138778159194005,0.0004942889008650216,0.0009888327828395534
0.0003515582538519351,0.0003508020798567163,0.0002058942267133948,0.00029342878984869197,0.00018323691335777752,0.00027362475205443547,0.00026973604859700497,0.00022706021837223784,0.00014815473920209472,0.00019919623276928479,0.000205043002814248,0.00021975755397648706,0.00019956838357771637,0.00015101258209192534,0.00018196000984937202,0.0001737272213082695,0.0002362790450111167,0.00016218480913503575,0.0001490393175934413,0.00019962513741956912,0.00015728916272182358,0.00019010276153475793,0.0001579849145263488,0.00013448637854521778,0.00022810234136862927,0.00016268868920980237,0.00014524033954118161,0.000145834841238087,0.00013747897290379072,0.00014056820970357494,0.00018424922072039491,0.000181397788909057,0.000264134007959932,0.00015578263181418437,0.00021058200963643733,0.0002007670786457449,0.00017144365469137082,0.00018947756473579715,0.0001806101559261986,0.0002166397616294905,0.00021462516357431834,0.0002644332807542084,0.00023575715445769488,0.00030424000021714314,0.00037972194951808516,0.0003583652354426573,0.0004907120669898486,0.0008074711497474519
0.0004701576085203827,0.0005977887127516683,0.00044548147130575816,0.00031901763298154034,0.0003770707593871123,0.00028225625379347364,0.0003894142030787193,0.00024971646837610573,0.00028829232010126504,0.0002530101910681449,0.0002648828899166874,0.00021914467758611607,0.0003985323160559076,0.00022253286195617327,0.00022232887619223285,0.00025063021845024363,0.00026554237460363453,0.0002679098505899991,0.0002512936534361434,0.00019302460901765442,0.00024694381344181413,0.00031812948186569633,0.00020033829748442185,0.00023194446281251052,0.00022108769349615085,0.0002193919554269359,0.00031171457720989294,0.00039203639609611176,0.0002905698169823922,0.00020497735639663162,0.0001895672545610568,0.00020124453285095837,0.00021769315584388378,0.00024334459362786826,0.00033668393988636763,0.00033606606765995917,0.0003042800343966718,0.00027707390994849803,0.000275335569875328,0.0003488509568416348,0.00033785698720278316,0.00032734907228719706,0.0003270193371416833,0.0004321716593599437,0.000591058648561937,0.0005447023134297298,0.00065015811411756,0.001044035345236215
0.00029441149210349626,0.00035132859891027953,0.00037658718960662435,0.00027426331421342905,0.00021723677916488966,0.00019660387665193117,0.0002530847184816822,0.00019067310702417992,0.0002549952777300231,0.0002416651038362688,0.00017686440175707714,0.0001705009779139363,0.00019782240742748214,0.00020876435141275665,0.000194839871576388,0.00017754218117904596,0.00015112530468360734,0.00017749492596140533,0.00018503865873865585,0.00019568895495464586,0.00020396141471281794,0.00017334007187712848,0.0001389539865947994,0.00015004925491597684,0.0001593979481423567,0.00016970800417022726,0.00015620138883450327,0.00013154798112417204,0.00014555893063792792,0.0001523915183919455,0.0001864906426641465,0.00014079756637641822,0.00017294645394476177,0.00018008015984614933,0.0001655365568056233,0.00017329982007821386,0.00019521792124823576,0.00016083003902663125,0.00023633529901166285,0.0001952202645301412,0.00026532350350194167,0.00022855351923825435,0.0003222958717136887,0.00032354931639477563,0.0003525970096405935,0.00039956149009103247,0.0005085830872855387,0.0007491469331831141
0.00017536501686861132,0.0002015762166468911,0.0002954760464910173,0.0002643583616680115,0.00017791631653096008,0.00015874064174667085,0.0002113207905656706,0.00018637570771708688,0.00015613942470485824,0.00016874511098963338,0.00014897778553393126,0.0001940103846419008,0.00016089870926330646,0.0001301754438225263,0.0001253479923656001,0.0001502726674238329,0.00011816347785291533,9.455055718299556e-05,0.00020036276240392454,0.00014208173262328743,0.0001283138290262936,0.00011040077804022071,0.00010589156130841572,0.00013432019022587775,0.00010279750423547915,0.0001273815996234777,0.00010264043580963464,0.0001029985176909357,0.00014410802568223712,0.0001690090525229496,0.0001013089777555888,0.00010116291716119294,0.00010074276739516608,0.00012511414905197438,0.00012136885236372758,0.0001507979167751456,0.00013669902258349679,0.0001349502347438722,0.00014432689830543618,0.00014169394376339762,0.00014741862209142686,0.0001862453426345681,0.00018942240904016469,0.000183718432682996,0.00023950828125017323,0.00024011917087990418,0.00033012180694194497,0.0005090883362387194
0.00040502926292862413,0.00039939394866775395,0.00025155031710829423,0.00029539266621304703,0.00027343357375026085,0.00024392711984633336,0.00022587381071000772,0.0002704815968366257,0.000260491533997983,0.00024192052743169298,0.00028703113100458406,0.0003989770755905474,0.00027797380908073377,0.00023650886052289846,0.00017329340902017722,0.0001695883687218658,0.0002569030746267336,0.00015646698991976426,0.0001779272338702681,0.00017721786397560066,0.00020162196466116554,0.00015394478491943632,0.00023842217578633814,0.00023273340223505263,0.00022521602199601526,0.00018969595559815725,0.0002085121555604876,0.00012934771857306735,0.00019783522620199306,0.0001617130286848358,0.00015467696662301584,0.00018124122341311012,0.00014734760571815392,0.0001477093191043567,0.0001938657026723972,0.00020214351324488375,0.00020252521632037373,0.0001745518229926041,0.00016530067485849003,0.00023163017074172393,0.00020819845665948062,0.0002516462944601778,0.00035137179833728523,0.0003008756684860377,0.0004440668690144967,0.0003642079778184859,0.0006894286853485952,0.0008643368409278808
0.00038862859385379233,0.00034784811966379287,0.00021612496238977534,0.00032169484669178073,0.00018703772462001298,0.0002722429754840501,0.00026981545292448304,0.00023069988755999827,0.00014926326697787016,0.00020204303931479854,0.00020386027895757345,0.00022917044883918926,0.00019929219292293794,0.00015203204127320021,0.00018892296509809826,0.00017169366590145317,0.00023701720716839055,0.0001494766953524635,0.00015090047690301627,0.0002060059564263396,0.0001624787885087399,0.00019459571945529183,0.00015646404804672606,0.00013392119494973345,0.00023015321521871885,0.00016278850229084404,0.00014517386980257918,0.00014030373315874407,0.00013637339311368122,0.00014083321978550055,0.00017933179531643656,0.00018125210796362694,0.00026373500575347676,0.00015584990317142473,0.00021401602114836022,0.00020091743327193393,0.00017166734440312106,0.00018867448933258192,0.00017983444892990117,0.0002174405195965328,0.0002147319772138809,0.00026364204736711416,0.00023503092419913284,0.00030487540520592244,0.00037956350096664607,0.00035804355862060615,0.0004921618162101096,0.0008113775268577961
0.00054063239792131,0.0005082246312508515,0.0004166254418299206,0.00031390400111334,0.00037311209484577575,0.00028121648899077743,0.0003913782472454006,0.0002539902330670944,0.00027613552292171743,0.0002538640628147718,0.0002637273143776379,0.00021634257194819398,0.00039511762977247235,0.00022252382608391468,0.00022127950977320692,0.00025397719973731757,0.00026738199553033793,0.00027902662526067996,0.0002521712848622462,0.0001897002359923474,0.00025222116859463175,0.0003218894395286878,0.0001964841882820772,0.00023250918211535564,0.00022282678593020698,0.00021978921123384494,0.00031224370450773337,0.00039444909670314024,0.00028883762923011925,0.0002055389156920644,0.00018923198975655134,0.00020265608075750513,0.00021616504481552227,0.0002424044202724795,0.0003388397271933087,0.00033703108534771946,0.0003040746835651051,0.00027727219605204196,0.000275681819677718,0.00034649505265504595,0.00034015074282927097,0.0003254603359332616,0.0003259878032020173,0.00043104360117309914,0.0005943415638267964,0.0005467047013845778,0.0006502656545693951,0.0010459367974055692
0.00026964387118624594,0.0003572032441086264,0.00036786356043634394,0.00029394857400790836,0.00021533753020903156,0.0001951997870087354,0.0002628240394344267,0.00018750860880136752,0.00023304296766809508,0.0002491550646012854,0.00017007838869559954,0.00016517249257313863,0.00018706921481083177,0.00021554251067246034,0.00020253963727750253,0.00017415000437528825,0.00015279495295381703,0.00017743025564831818,0.0001889230843883784,0.0001931030620336806,0.00020833867764711846,0.0001714466279793263,0.0001366784226193353,0.0001472836362573478,0.00016905316184488754,0.00017024547847365178,0.00015585600694180648,0.00013158240845149378,0.00014578666546135834,0.00015188801374137266,0.000186878830510017,0.0001408714810016791,0.0001705704932383104,0.0001818584264266486,0.00016543597437251664,0.00017255146741447264,0.00019670149794788768,0.00016080372299526557,0.00023632179254072045,0.00019427455430602676,0.0002651524240230619,0.00022809891635078273,0.0003219990255577589,0.00032524220997875883,0.00035308899658314445,0.0004012841686601636,0.0005085512739402581,0.000750992536787195
0.00016768590298755936,0.0002420647761006531,0.00028961066670074256,0.0002591824790640355,0.0001757514189071685,0.0001627750129689617,0.00019822042097139794,0.00017317162919446995,0.0001716253350185561,0.00016698142188764604,0.00015263583015734115,0.0001750754644834516,0.00016670578937461056,0.00013108316829713536,0.00012458301058694448,0.00015339713529775187,0.00011756702539002928,9.716924444306775e-05,0.00020476081403364993,0.0001546224599563538,0.00012282841828387752,0.0001141979018532612,0.00010503770360952864,0.00013417369657136503,0.00010216915931552043,0.00012450822964991202,0.00010014370195079211,0.00010156477631095204,0.00014522999824875593,0.00016987813424337685,0.0001010782679327746,0.00010138876094724475,0.00010217648299062771,0.00012535063823927473,0.0001221376061738453,0.00014886866313298954,0.00013722123458549874,0.00013545124077691203,0.00014257604201237676,0.00014066210714359443,0.00014704927141084926,0.00018625728062584665,0.00018923221310289837,0.0001834685662630035,0.00023895095459716597,0.00024024492326431643,0.0003322073344520833,0.0005088394813416619
0.00045547316165133486,0.0004312041007641151,0.00026940008096698674,0.00025039619678083165,0.00023097607596052932,0.00023232002512462333,0.000206321281289083,0.00024406264604712557,0.00026835873581450184,0.00024853784063038367,0.0002730934784227739,0.0003938366691333601,0.000306371591239345,0.00023010520612066368,0.0001683201188614696,0.00015887115876740896,0.0002493287015931649,0.00015493512720833635,0.0001729425356191444,0.00017999081865966481,0.000203154996034944,0.00015190224967191694,0.00023721517481779656,0.0002354134675739252,0.00022368441963273192,0.00019246436328355408,0.0002088655829131275,0.00012864429661743414,0.00019786707046704898,0.00016134833123067612,0.00015437137435034496,0.00018091238568932228,0.0001478219066215965,0.00014781992063756669,0.000193202642406109,0.00020163482140202833,0.00020216337010679872,0.0001746079770496155,0.00016489041206304238,0.0002321063591763091,0.0002080906928764869,0.00025134304878522413,0.00035154660885657805,0.0003014828958404796,0.00044344779050861253,0.0003647170282291457,0.0006918970600644611,0.0008642920379760045
0.00025090838528201613,0.0002932386656957732,0.00026255356761634613,0.00019000023542194218,0.00029122017632454944,0.00025873899349226166,0.00023754561543313867,0.00025504687207806106,0.00016569105130798356,0.000232271933990498,0.0002544392579565695,0.00020353001916362403,0.00021025243674375305,0.00020190678399098215,0.0002064478030702506,0.00025249689644184047,0.00020192360232634287,0.0001958077680306081,0.00012400759044040385,0.00016513688565170602,0.0001948181747142824,0.00013795969597094857,0.00014734476222650497,0.00017226682699931462,0.00017589706008519864,0.00017940759218442248,0.00014966421637486684,0.000142579710321409,0.000154578267571577,0.00016344602452674265,0.0002277693272835662,0.00017390217085743356,0.0001566386178812339,0.00018245493291332596,0.00014020494465365676,0.00016643999993302662,0.0001758746778004777,0.00014685112715722614,0.00014008903201166568,0.00015008589356143732,0.00020950059804813667,0.00018151134088926251,0.0002882378197507379,0.00025733529937488906,0.0002617052820941841,0.0003305105925301106,0.0004905946308557532,0.0007060393941581957
0.0004047929328786751,0.00030243611723515323,0.0002648357762815248,0.0003138708441646546,0.00031337625767736044,0.00026620003204114336,0.00031645206656709255,0.0002542563630761151,0.00037026538055492947,0.00020759166404425835,0.00025846115310872896,0.0003067508765655959,0.00022116764240031052,0.0002702887022848724,0.00029762234892588427,0.0003277865932316708,0.0001821887416279618,0.0001945162545307994,0.00019717205705921314,0.00014408294576392604,0.00016385147670144052,0.00014841048820420097,0.00016831253801747768,0.00019113861439606813,0.00012210482896215613,0.00016102513142438157,0.00021721147117928735,0.00020781122437439476,0.00014696143349070257,0.00017989204375474635,0.00022174823860678076,0.00018341443369294876,0.00016589478941498906,0.0002122952331557802,0.0001655988973338774,0.00021424533505638797,0.00020229876833567338,0.00020183843914290414,0.0002501614610478656,0.00019819069089880624,0.0002554224057155377,0.00023009433557944942,0.00023940194296268657,0.00028903557222062336,0.00033693394771439495,0.0004189331209625807,0.0005155217962062632,0.0008205150915455192
0.0005403767609154395,0.0004331673901757727,0.0004426326309231647,0.00039551645473650756,0.0003395156378913915,0.0004992382693950663,0.0004475270765275861,0.0004226874098818906,0.0004456787172742654,0.00025559857689377966,0.0003381434848775167,0.00027930836838286065,0.000327918158416265,0.0003860819014371665,0.0003150759870221676,0.000359693503650051,0.0003040570603139266,0.000327248076094714,0.0003933731310801352,0.0002874240073892412,0.00027942710151892543,0.0003510426472429692,0.0005751403494104597,0.00035138174924687727,0.00026312050492104545,0.00039602112411026203,0.0002506041204905027,0.0002538510896254156,0.0002902987861392489,0.0002814091762780505,0.000274019183050139,0.00038707776520847216,0.0002795578916928581,0.00029401974034749123,0.0003899627493652877,0.0003359158378441477,0.000279010691998757,0.00038279926242104764,0.0004360056503411767,0.0004036831378983488,0.0003559245107275793,0.0004463067728827828,0.0003743509629603982,0.0004969152302376088,0.0005677115225616536,0.0006658783037756821,0.001029375709887868,0.001211284799683852
0.00040649953038532073,0.0005625266085810851,0.0003146538205029672,0.00045927956566342045,0.0003433379862934631,0.0003815419904918782,0.00029417632835298846,0.00033525080668238776,0.0003641875584579455,0.00021999935945438015,0.00026828750020704807,0.0003119554871375754,0.0002321601393503726,0.0002547736151673045,0.00030608155484773263,0.00033669437344765465,0.000319920983084266,0.00022846263569637764,0.0002689981100915855,0.00022189921291369263,0.0003575032504365481,0.0002744384204886481,0.00018571021314831536,0.00028273682445647635,0.00025366675864209066,0.00023383759827906673,0.00024520353840412883,0.0002860714625267674,0.0002822644051170637,0.000279637886447551,0.00024318906838457726,0.0003662352216534313,0.00027203030204041236,0.00028158155229123996,0.00027844702465201537,0.0002738085413992805,0.00024042858995086534,0.00027359140617579954,0.00032587446751148697,0.00028161609025990724,0.0003679884251686182,0.00041012888951783314,0.000365022352484438,0.0004010785751500445,0.00047477025937443703,0.0005837804088823172,0.0007119572502035956,0.001165279322888857
0.0005014722590280487,0.0004587267212495301,0.0006346767222770323,0.0005093320049433171,0.0005253478262062395,0.00041063739953595303,0.0003095793056712087,0.00029137927207587016,0.0002715185356852502,0.0002483135887388879,0.00034105035949316757,0.00025702523608569366,0.0002680279801300612,0.0003120485475971098,0.00024065070603390622,0.00022495080079782258,0.00023195292867861074,0.00021568908214120776,0.0002706027932246679,0.0002947229156284972,0.0002235875885533886,0.00024578116277864813,0.00035539539984036405,0.00032905350328693404,0.00023623515467312942,0.00021553693705908864,0.0003028354067366471,0.0002202373091450109,0.0002566286894146809,0.000283038776394099,0.00026528205320718246,0.00025181655400681663,0.00021913161304170018,0.00035834980569274266,0.0002811641045030203,0.00022089173688587436,0.00027067090162314516,0.0002953528252706918,0.00028222010295000704,0.0002607029533722171,0.00029366084502034623,0.00037643198132553953,0.0005323681155215378,0.00038898269466253096,0.0004975854049183272,0.0006178068499459017,0.0006475627921583878,0.0012592771198590813
0.000253349513852249,0.00028114445953663064,0.00025537486727262085,0.00020807821700937376,0.0002757014598165911,0.0002453754650615632,0.0002496188122953373,0.00024582378528443274,0.00015661758648654407,0.00022990320311574219,0.0002519841923767372,0.00019605982680368536,0.00021134449868850933,0.00020240020072608746,0.00020602337687566035,0.00025858694815901554,0.0001965954100260312,0.00020157205402022895,0.0001216920220417715,0.00016701517952043358,0.0001962888630425965,0.00013893332324960988,0.00014656954160442012,0.00017583840407327093,0.00018344497037781524,0.00017670855169333005,0.0001492757442072211,0.00014519310117081904,0.00015536968872744718,0.00016183816465493783,0.00022501170044935325,0.00017349726415110715,0.00015754894974570263,0.0001879031914018411,0.00014214031473481803,0.00016300572217414278,0.00017674776137158285,0.00014670859115823974,0.00014059752264904347,0.00015029128967706195,0.00020985184865430617,0.00017918650561692673,0.00028571525857233224,0.00025792582346855815,0.0002643547573832517,0.00033457548802286527,0.0004741231540070191,0.0007353396734571925
0.0004417018265698114,0.00028765777935206474,0.00028703798063501885,0.00028994566045986605,0.0003385258730466537,0.00027840852422245934,0.000317554883393293,0.0002660541690427691,0.00037668906371206046,0.00020206115056109307,0.0002706668574018209,0.00030113017454271745,0.00021669171932378628,0.0002783211050444796,0.00030103465987444436,0.0003271884199692353,0.00018436173054584828,0.00019964531138304386,0.00019220193110540187,0.00014604622896112224,0.00016343883498893058,0.00014978077159921282,0.00016807248031252748,0.0001903069597855456,0.00012283293159862354,0.00016075696711496877,0.00021664840152044436,0.00020846388017256318,0.00014794892520841895,0.00017915418381327067,0.00022194309541710304,0.00018446421903223374,0.00016601392975625298,0.00021195291702083173,0.0001655779246501526,0.00021529369224894117,0.0002022763211679481,0.0002015661498312134,0.0002502210846333672,0.00019822052123138958,0.00025530099769539236,0.000230191211045968,0.00023936708855028601,0.0002888983630522648,0.0003368001824327012,0.00041892447915435567,0.0005157146884857447,0.0008229153790052359
0.0005616750158782442,0.00045983229803926967,0.000461477310118002,0.00040605709365706114,0.0003588439492896681,0.000515485177095738,0.0004453793405178282,0.00043189950821613684,0.0004395540404941794,0.00025959237713022495,0.00033233904443780545,0.00028062730100383485,0.0003290802549470626,0.0003886514340973896,0.0003165964761416925,0.00035567629473506977,0.00030210802613328856,0.0003245756032271602,0.00038955781496887695,0.0002872022418403361,0.00027914431047033916,0.00034907503320107634,0.0005718196228192233,0.00035435891651627995,0.0002615125823550747,0.00039546707195503756,0.00024990122558829535,0.0002531190055844972,0.00029235090470612765,0.0002833052524413859,0.00027387422198815547,0.0003851588272176567,0.0002787411406629854,0.0002938649814606821,0.00039156765056649125,0.00033498413682512277,0.0002781202647452773,0.00038314269054372946,0.00043746151658431584,0.00040474802670339765,0.00035595077927754414,0.0004470646866994042,0.0003741963080024591,0.000497799502485327,0.0005668301825158713,0.0006654483501669694,0.001024755737901366,0.0012175404033689893
0.0003984894991110347,0.0005769037196836259,0.00029416106429372733,0.0004643232922836588,0.00037038016066386715,0.000369349095940881,0.00029180645514672964,0.00032347747257745316,0.00033748029999548123,0.00022153904099922895,0.00026834186652850163,0.00031752803900608187,0.00023390070948129814,0.00025600639812946134,0.00031078700584462066,0.000331345748650207,0.00032967981762044133,0.0002234705037681789,0.0002698663180087232,0.00022097409722845326,0.0003514019671888684,0.000287870347982507,0.0001849760920586334,0.0002811011978985997,0.0002560305593820086,0.00023423028974462013,0.00024271236368577357,0.00028794239762482306,0.00028561920747752553,0.0002800583386954453,0.0002472469911624701,0.0003665253283016044,0.0002662014575680335,0.00028684427618756226,0.0002811980152011916,0.0002752530226614486,0.00023975170502627774,0.0002748829125161215,0.00032759898195912276,0.0002817270509895378,0.00036925699357299947,0.00041120775122128263,0.000367856635216433,0.0004046738029602729,0.00047526512089608904,0.0005854984536985784,0.0007118289361024062,0.0011691148774531255
0.0004252046387607968,0.0004719826475115908,0.0006205036321906558,0.0005208849872225969,0.0005452745109282613,0.00041914863739770194,0.0003248278002428635,0.00030523748510600813,0.0002877272352872254,0.00025298321640751455,0.00035056142204116514,0.0002565960446947005,0.0002711510112922226,0.00031044046347592804,0.00024032990399837576,0.0002251036435823687,0.000225888073583582,0.0002169055349134186,0.0002530147525854832,0.0002907305848742776,0.00023015614347551957,0.0002577383404544844,0.0003583514147975313,0.00032774473423532227,0.00024376295438394616,0.00021435841219281305,0.0003006173235313806,0.00022092221755259874,0.00025497721832003304,0.0002913126107011552,0.0002643439088858607,0.0002503740900475884,0.00022025043647580595,0.00036059870416847885,0.00028061390479756584,0.0002209155090206479,0.00027075507277798824,0.0002966160012447216,0.00028328940062438847,0.0002612040027652675,0.00029341151989573946,0.00037325891925900226,0.0005338237807435899,0.0003898603643695182,0.0004974434183377598,0.0006198614400335766,0.0006528705680847776,0.0012501908015365394
0.0003355177516405142,0.00022067294295156228,0.00021190263164021106,0.00025666688222215206,0.00018143907782463263,0.00029475197483286276,0.00022452462938326727,0.00029694483203231706,0.00024509313401394354,0.00017588058839905634,0.00017003296396802872,0.0001379428364630203,0.00023205785473896876,0.00019430888599446066,0.0001508829266688396,0.0001935372229809194,0.00018054919020409798,0.0001636808280377209,0.00017585685215023837,0.00013714218595224265,0.00015049608047451132,0.00015134977648582307,0.00016557784395389817,0.0001276744332749399,0.00016679504279298356,0.00014996451791725467,0.0001422245653109788,0.00012568429226657545,0.00015942553446375335,0.00011885297268385198,0.0001227623891939805,0.00012698956425419986,0.00018256069895557692,0.0001290141146396024,0.00015786884613619009,0.00013896555196239195,0.00016243332674221444,0.0001625194216199416,0.00014253723874522512,0.00015283172243320937,0.00016102579766234763,0.00019363638102244207,0.0002553293967058184,0.0002569160167683376,0.00025853270805337305,0.0003007440544777162,0.0004229801632006271,0.0006206745534506368
0.0003189582817325894,0.00020802965761300142,0.00021151090082140492,0.00019933309672904746,0.00024839981186662146,0.0002635988154563926,0.0001922553112875941,0.00019777207364673395,0.000194129367453958,0.0002085371126525522,0.00019602395284616113,0.0001787520549872038,0.00019553843496903975,0.00015228592461014742,0.00021570649108867103,0.00019381297179916934,0.00013442924702289168,0.0001527309546229738,0.00012765838667382252,0.0001339542121582598,0.00020709853948269313,0.0001647215700557029,0.0001535207574584515,0.00012705372097159516,0.00012785784709711348,0.00017227733251756706,0.00012553125146793723,0.00015680194983746845,0.0001626326922032462,0.00017856479559375804,0.00012695378150618893,0.00014741262463885673,0.00020975797222415064,0.00014452296279409167,0.0001653660803709074,0.00013937803482696345,0.00015991005253826191,0.00016059390214477105,0.0001554349331351698,0.0002124417293367968,0.00020637831394078554,0.00022270171201899613,0.0002484680683312677,0.00032657044050722123,0.00030268823877510056,0.00039238853715458006,0.0005761073651887585,0.0006291869286455191
0.0003476057729251739,0.00041293038913484283,0.0005546177287632987,0.0004340686778202314,0.00037595813164930823,0.00027362744428386206,0.00042920429896243535,0.0003387218142182948,0.00023648814859442128,0.00034968356025892643,0.0002625411933613627,0.00025570788829890187,0.00020990416356133788,0.0002612014895128813,0.00023437095873006059,0.00021762770368612204,0.0002811404564165917,0.0002965494259400195,0.00031583098994833426,0.00030005661014659166,0.0002758560554914953,0.00024031268486337924,0.000258545141442557,0.0002062043512664226,0.00018898013324237495,0.00024010105476416363,0.00020843224773316359,0.00019696420822394454,0.00018962716205086165,0.00020145137411526698,0.00018516985538330754,0.00018937630973093258,0.0002156853610772329,0.00018783290915628826,0.0002199078967936169,0.00021492862874498086,0.0002169777947803022,0.00023754860696670286,0.0002408235764000653,0.00022590581473664253,0.0002580273282704336,0.00025544287986259667,0.0003403296609361855,0.00035378421197946697,0.000427461319916141,0.0004935891143102171,0.0006896494149536409,0.0011165366284717085
0.00018707507106186948,0.0001903988044305861,0.00015060650213264754,0.0001538590233742554,0.00015679641936431303,0.00018388007535158848,0.0001415698519879991,0.00015421652252103413,0.0001689199290484042,0.00015043763861821567,0.00016001306152828851,0.00016249270114128222,0.00014523843281096318,0.00011088627998575616,0.00013407529949361038,9.774033014612396e-05,0.00013095054894921766,0.00013944468239013866,0.00011213455609429917,0.00014983048468845397,0.00011119368569506756,0.00016652968430831894,9.167957042422087e-05,0.00013979915569471737,0.00011304913989978008,9.751166859918396e-05,0.00010969171108783396,0.0001279701302019776,0.00011745101492081645,0.00010090571780612661,0.00016374324997095696,0.00010405881933204204,0.00011973614239272431,0.0001268751562910871,0.00010765748438932743,0.00010233722466883538,0.00010701204606658486,0.0001506874337732722,0.00019214090301773772,0.00017549663072182668,0.00016359210976534116,0.00016161611687133564,0.00016214199800858694,0.0002179033240012825,0.00019598948511623474,0.0002676115954454437,0.0003433142998335454,0.00043732650125668344
0.0004694018196710814,0.000601114118604686,0.0004208712140803933,0.00040113688559197553,0.00045347948910526043,0.0006212684468969355,0.0003667275207325234,0.0004921099892763861,0.0004404283656508437,0.00044969655671891573,0.00043838304847404545,0.00033628698450914726,0.00028490576237395765,0.0002798811572976914,0.0003251243570429212,0.0002899919950560507,0.0002751320410308748,0.0004020056230579042,0.00027006081029369453,0.00021583851007725755,0.0004507534829623369,0.00033357407597618823,0.0003248970809314228,0.00031329784321120337,0.0002615961223294871,0.00023571065340441654,0.00022183113775584397,0.0002811077994190189,0.000266024018306382,0.00023101501323008545,0.00025036007364449885,0.00025539716130533425,0.0002759575777954119,0.0004930528850376971,0.00032913495504086635,0.0003008806502281811,0.0003072335148544157,0.00033074550228670937,0.00031640772688806286,0.0003326940638952249,0.00038709793637389935,0.00045803877674768686,0.00044301043146548853,0.00043464407818427647,0.0005908788562849904,0.0005807531547445608,0.000762991804564775,0.0013389114214821956
0.0003070734527414448,0.00021134913599893325,0.00021519305464820282,0.00025098378765522374,0.00016423167622846757,0.00030593144134819167,0.0002180704664541215,0.00026534592139526846,0.00026614841652238046,0.00016977235609691143,0.0001594845220675615,0.0001298412275498835,0.00027102837286569224,0.000224191084507744,0.00015506468067539266,0.0001759574502990033,0.0001833194843377163,0.00016412346050575228,0.00017823555907527233,0.00013615310412312012,0.0001417174871829525,0.0001457279966081392,0.00015560007539892258,0.00012444523339013612,0.00016991103930410228,0.0001536268477163035,0.00014919560796895212,0.00012682755823925437,0.00016071625493360177,0.00012204739958464569,0.00012542283613063378,0.00012764773666991162,0.00018571349983909796,0.00012514650550473857,0.00015939674557821325,0.00014046709818605024,0.0001625404368217492,0.00016360791943622404,0.00014433436596057364,0.0001543555646156294,0.00016310968660014307,0.0001986786137694781,0.00025062381230935856,0.0002602483809158209,0.0002534518319134845,0.0003091810445709862,0.0004446535891201654,0.000620915569664679
0.0003030661733328517,0.0001990940147198933,0.0002124438073355107,0.00020637460546400047,0.00025578011664240086,0.0002390991075854337,0.00018767675468066606,0.00019573093156891725,0.00018540367664830008,0.0002029481121033095,0.0001829149409225534,0.00018204172010086956,0.00020885554052743673,0.00015031880670800398,0.00022492497672835647,0.00018918622063902323,0.00013757290807423376,0.0001582424336399487,0.00012548374092925666,0.00013570529164924102,0.00020576580457786224,0.0001618341891282881,0.0001450323420561274,0.00012385966386406169,0.00013497033926648596,0.00018053772274672055,0.00012960222959983715,0.00015424630332156372,0.0001499172002156842,0.0001906029635969885,0.00012856775670631052,0.00014559109838953546,0.0002131751176395627,0.00014232690993712719,0.00016262547647626506,0.00013874880688673492,0.00015837895230070867,0.00016185980538710527,0.00015852138618918933,0.0002106492585015882,0.00019726982900869524,0.00022105035496880192,0.00024515939149717274,0.0003235193756485356,0.00030072019354451216,0.0003870281338772902,0.0005804776878252669,0.0006268735381212519
0.0003276466104160576,0.0003978144863116314,0.0005282491799132931,0.00041222331438724847,0.0004035101051169741,0.0002557981382912821,0.00038675902109106187,0.00034678528771901675,0.00024230876462285898,0.00035134891832358116,0.0002616009533434927,0.0002511149667769881,0.00021220774912092345,0.000262345049114774,0.00023478297691236774,0.00021126174412688137,0.0002734745366573489,0.00030566316805802997,0.0003256316355923605,0.0003011084867445749,0.00027493597173725216,0.00024267726532403765,0.00025770924453027006,0.00020485392575474954,0.00019507847206168806,0.00024092929412364755,0.0002075685227925415,0.000202464828906312,0.0001888776681894682,0.00020381892128610663,0.00019010941572493805,0.00018937454609829134,0.0002197383617979024,0.000186772293200154,0.0002186091220423518,0.00021855929647626203,0.0002184553083393892,0.00022906857872117233,0.00023975767362522572,0.00022574534142042613,0.0002587489624916894,0.0002589450048852892,0.00034478526977742215,0.0003570324013166939,0.000431231103261639,0.0004944435014120277,0.000699054649057771,0.0011344700025735384
0.0001897330995264947,0.00019376498292170052,0.00014028753232363093,0.00014230100940598858,0.0001573697401101629,0.00018224248854037742,0.00013756214248691125,0.00014939172452249774,0.00017382334113399828,0.00014870998737181757,0.00015862504239730539,0.00016430983371489426,0.00014744615982968174,0.00010967585686912597,0.00014389396327687471,9.997814763424303e-05,0.00013977494296916893,0.00014012426671892184,0.00011063009528913616,0.00014866854036547548,0.00010932249578054418,0.00016865699286756704,9.352791042878706e-05,0.0001399632035235209,0.00011442251241973426,9.871948798394785e-05,0.0001103406540399526,0.0001279193814328105,0.0001176540125392709,0.00010130468378343765,0.00016206148231283474,0.00010216702954994172,0.00012000600420282692,0.0001266030170790998,0.00010851236037474366,0.00010274611744575068,0.0001070118589448671,0.00015135986355424582,0.00019200497465333445,0.00017668092356864625,0.00016287543929297877,0.0001615705862727979,0.00016223029065839863,0.0002169390338686371,0.00019595374189226606,0.00026763378045828565,0.0003433592403308208,0.0004382404940600313
0.0005685292723881134,0.000643336680845294,0.0004342181794067972,0.0003834944130714848,0.00044289266323002506,0.0006218919976223256,0.00040778109025774666,0.0005052325740592355,0.00045953681144660807,0.0004505385195486376,0.00042769705184972123,0.0003373152602446965,0.0002923028843708833,0.0002731925838154225,0.0003300666811723521,0.00028934727692722553,0.00027885311678912483,0.0004019938383756187,0.00027174921751806845,0.000216547376385009,0.0004487064180532024,0.00033729014047185183,0.0003319197624230101,0.00031241460225007095,0.0002628497444860179,0.000234130754695082,0.00022012577373275706,0.0002835843042146986,0.0002648659490019234,0.00023031174953626262,0.0002502545696099376,0.00025761146678684034,0.0002787987787235354,0.000491459805300794,0.0003270746057162979,0.00029980966723838694,0.00030781428824130984,0.00033182591872086214,0.000317659210173796,0.00033375708076794855,0.0003875738208326458,0.0004596547756247818,0.0004415378335644762,0.0004354535841156124,0.0005898189893371453,0.0005818131235139277,0.0007662074434082191,0.0013578499243938082
0.00037142485702191505,0.0002294659428924548,0.00028501162259124874,0.0002579221500388937,0.0002503168985180603,0.00027109265986838694,0.00020788046904564116,0.0001925436112009161,0.0002752662371285112,0.00021278700052997348,0.00017387606485288302,0.00016041184481595315,0.00018913082432754608,0.0001761112946236346,0.0001895660894822483,0.00019678645819880272,0.00024013553795903693,0.00018624673500728176,0.00017448602392936436,0.0001460326062279321,0.00017863251261811386,0.0001478684486471727,0.00016514741679668878,0.00017667606527497871,0.00013373132700361876,0.00022209010234359026,0.00015331608316741116,0.00016290494335059454,0.0001485829045987895,0.00014271838882729698,0.00015367531872525334,0.00014314752651280584,0.00015770564818255362,0.00013859019891525722,0.00019526473817737478,0.00014901935205997128,0.000186521106909852,0.00021854606684463515,0.0001859342956372659,0.00023778620495068268,0.00021373643580665366,0.00022832501371391345,0.0002684525011467686,0.0002639190554035428,0.000350324220410971,0.00039163368152476036,0.0005256903693457879,0.0006958577627286258
0.0005528617209012599,0.0005950193266819658,0.0008812993822431259,0.0005182309923133709,0.0006575353419617794,0.0005002202229743236,0.0003537378465021405,0.00037642134731268013,0.00043590980707353626,0.0006930255192302431,0.0004987996770219228,0.0006354296644763917,0.00034877933956628434,0.0003433495522603124,0.0006116493632016402,0.0004330949442397074,0.00032786478302402857,0.0003180463619125187,0.0004394728921312548,0.0004911938870986472,0.0006262062186229597,0.00041122090004146406,0.0003938364414255072,0.0004623360508544057,0.0003915845065595132,0.0002898976203181473,0.000394054117525796,0.0003027856927463407,0.0003081020380519814,0.0003091419796798694,0.00032027463581457433,0.00032506327603168514,0.00030661117941336647,0.00029575510139130077,0.00030416449575392635,0.0003527439087753327,0.00033675177959392293,0.00031355709588492853,0.0003927937592657495,0.00036458938008653637,0.0003998854029559613,0.0004938351832127798,0.0005467035796546688,0.0005755979474836523,0.0006395929957156542,0.000868990160780705,0.0009511334184699556,0.0015983147576784688
0.00042398656196506276,0.000570360737648049,0.00034122333238835396,0.00027899163986054473,0.0004210283852445886,0.000386826012975847,0.00025223468143794177,0.00029267120169663616,0.0003840290510968176,0.0002860478638520403,0.00021214063291553943,0.00025920585277857734,0.00022698867619835473,0.00019944771015210078,0.00022929924392147,0.0001970443929326542,0.0002166649625723038,0.0002344254397083127,0.00019246540568452016,0.00019877911624057763,0.00019759343414383677,0.00017604333758932216,0.00014934885506553787,0.00018652129264397693,0.00023449132241447988,0.00020625914744257543,0.0003020455818993563,0.00019567969717734746,0.00020013169825106576,0.0002484929572761441,0.0002706207060092619,0.00019679355612506309,0.00021558791697701387,0.0002730661461273277,0.00024405299245499316,0.00019662689044273404,0.00031782144431816834,0.0001895621793973987,0.00022643245414827082,0.0002663899372892689,0.0002972925866050616,0.00032495792238077605,0.00029183157252108956,0.0003569879055078921,0.00033897323142900693,0.0005150424929564854,0.0005783051991170117,0.0010660063941629989
0.0001873150213301284,0.0001635776493670391,0.00017421444894733987,0.00012425651443355052,0.00017896353887573334,0.00010566097039915293,0.0001348801485875059,0.0001410687689038773,0.00014814678523971143,0.00014340000265616987,0.00012814567592207032,0.0001084821996134351,0.00013729939405081166,0.00012079203874908263,9.451279290152049e-05,9.253901141591103e-05,9.859843450390918e-05,0.00011109069420292328,9.372165475612481e-05,8.750748929749438e-05,7.173025584752987e-05,6.363215297625314e-05,9.613744394271007e-05,7.19196310573285e-05,9.445650709901918e-05,0.00011376193611521675,8.159990106530505e-05,8.891245791307384e-05,8.987281033250708e-05,0.00010041925600779615,8.830096054570959e-05,0.00010320339232584868,9.901101374762816e-05,0.0001112678914071419,0.00012006414164496279,9.838569578706189e-05,0.00010360265898351899,8.775568875534715e-05,0.00010484523121161126,0.0001635674441575582,0.00011119832951284946,0.00017139169133109763,0.0001287856144461235,0.00021420454658207153,0.00016587033267788232,0.00018508281673257959,0.0002655848574596292,0.00041713588902236826
0.0005149890083944769,0.0002588150003120974,0.00048192100921392445,0.0003209450050795883,0.0003178832352183632,0.0002885895454092491,0.00041008662955343227,0.000323644825708093,0.0002605655883632478,0.00029078664023346305,0.0003256016014881615,0.00028896780745455775,0.0003388202674642245,0.00023063813464267515,0.000225938327603532,0.00021805628996633095,0.00030206778856039644,0.00022408539491437765,0.00018204464667122554,0.00030648281134001276,0.00017196798446598313,0.0002805539793597031,0.00018599698250936866,0.00017665690893486086,0.0002330806745336895,0.00025964488119839177,0.0002738789994807304,0.00018192259837029607,0.0002049275126111033,0.00019627579238542205,0.0002545942882758561,0.00019403069188773052,0.00023058791625261933,0.0002076815029458927,0.00022053610529370273,0.00020607542518200235,0.00024724191016068856,0.00021481207586250922,0.00033552830941040835,0.00026711699435833793,0.00023414188175618095,0.0002986751217226504,0.0002970422056720155,0.0003360396578029508,0.0004591113939525174,0.00048077900612688803,0.0006286005133791563,0.0009358760659632782
0.0003823412287894689,0.00023555730899994795,0.00028167049134515757,0.0002755611677973833,0.0002422234197487328,0.00025975597031185443,0.00021499310883408548,0.00017807060192318622,0.0002585217318253342,0.00022691715245460293,0.00019900175548602072,0.00016764614780582005,0.000217167791598691,0.00018028743671316458,0.0002014628236030223,0.0001891354211505862,0.0002480137400450286,0.00018089472365753352,0.00017414173608795589,0.00014669779473088542,0.00018716797951859624,0.0001478789519021247,0.00016511569252818965,0.0001837968714783017,0.0001360641312306041,0.00021820152462665167,0.0001529963452114678,0.00016049699949887474,0.0001489290358646108,0.00014482537380421776,0.00015563824795211033,0.00014484950563033427,0.00015896321757271305,0.00013855341875092518,0.0001907419642376671,0.0001516693545341358,0.00018464228288803198,0.00022135982467997765,0.00018953381867665745,0.00023997036035975695,0.00021165265413564447,0.0002259097916839105,0.00027311149127592314,0.00026398266870182894,0.00035752516635823896,0.00040028055141303284,0.0005055182871741006,0.000692857637690761
0.0004905610449415183,0.0005873860229209516,0.0008219178535200843,0.0005583044002028768,0.0007001164002866053,0.0005535153361606829,0.0003448047806188773,0.0003833256647942991,0.0003966924071717964,0.0006540011152411823,0.0004795563431500071,0.0006564721129108319,0.00036306693367252297,0.0003696216083432632,0.0005983190855214079,0.0004247568493479246,0.00033330005870433775,0.0003277305526427739,0.000445097997495491,0.00046185423353820466,0.0006416081159111261,0.000411297762862582,0.0003828398241932377,0.00047032660205275696,0.0003933763628789448,0.0002854024513512375,0.00040702564170387747,0.0003139087237018312,0.00030594042892098623,0.00031107755021081494,0.00032761331337723034,0.00032115030937179655,0.0003085094513084249,0.0002999476919953753,0.00030105385820773564,0.00035356203527651394,0.0003383757680438519,0.00031126475620980995,0.0003868246557556661,0.0003673972728972396,0.00039743930020319946,0.0004885483299304251,0.0005655098948773701,0.0005747435875335883,0.0006354828638948256,0.000902261692860697,0.0009283860255798969,0.0016380926310915033
0.0003926273594459368,0.000540707139475685,0.00032839569634785746,0.00030013703079839553,0.0004260006654157663,0.0004609201018366228,0.0002426657589810534,0.0002536989779879576,0.00037414793518405603,0.000265375418490462,0.00020433728098670205,0.0002634323542085134,0.00023097474968558163,0.00019840252744972257,0.0002352158900076236,0.00020400410363321345,0.00021357277029953315,0.00024578372012820367,0.0001987699958893119,0.00019827320134399023,0.00020219667529455983,0.00017149139894726359,0.00015343059859463775,0.00018212234667701688,0.00023373145336650025,0.00020514860741700214,0.0003027847555700207,0.00019302584516926478,0.00019895588775918583,0.00024466266516976593,0.0002689662492665162,0.00019956487613254103,0.00021363615573986004,0.00026969484534701424,0.0002483423097491352,0.0001968110545847816,0.00031722853534879597,0.00018853211413479305,0.00022582230344809104,0.0002652873201000503,0.00029509917231248313,0.00032830217555528156,0.00029039535951440245,0.0003597190406193013,0.00033701185953894367,0.0005263234768229349,0.0005970773779613096,0.0010930332515444736
0.00017377320491857688,0.00018065828262801658,0.00017074332785489186,0.0001201500497096985,0.0001704911339331841,0.00010512633707153919,0.00012402841139920882,0.0001532533030392224,0.00014141404640266884,0.00014515541763971196,0.00012738578012245282,0.00010967165597641984,0.00013524857001527186,0.0001240173620688858,9.601084363396681e-05,9.130582303289521e-05,0.00010087590254823213,0.00011029662846204986,9.522330445907902e-05,8.73053666261638e-05,7.164292513921279e-05,6.382365912612166e-05,9.579508246999e-05,7.141154131433236e-05,9.599477704204703e-05,0.00011421093807591995,8.190394867214163e-05,8.82258471962958e-05,9.06966877974416e-05,9.874461401686134e-05,8.919897211824558e-05,0.00010387111170259315,9.978805401041136e-05,0.00010969268340213846,0.00011874901403449921,9.991615176234925e-05,0.00010492633869102204,8.758755155154445e-05,0.00010516700893401029,0.00016373269577915313,0.00011167441292928967,0.0001731346129422526,0.00013051446301318902,0.00021483128056189874,0.00016640303978259519,0.0001851008457671268,0.0002655003423357081,0.00041637628786210046
0.0005876245780584532,0.00025130657910205317,0.0004408474140945491,0.0003292040096500282,0.0003156813898840728,0.00027752010121027314,0.000389676583718803,0.0003391626313103963,0.00024748302557816584,0.0002696898918136785,0.00032203581399271804,0.0002820325666222348,0.00033719088645230204,0.0002507276691585214,0.0002195088050890109,0.0002207666875154194,0.00029520358591174155,0.00023150792915213055,0.00017852343806699252,0.00030862522690658226,0.00017387039793820798,0.000259559931003851,0.0001834157011469294,0.0001788992782944142,0.00025128524438433164,0.0002663449532749029,0.00027342188607379364,0.00018446763463433817,0.00020334194541224237,0.00019693670113496182,0.0002605512128781037,0.00019404464708357348,0.00022888305351650295,0.00020350312098581436,0.0002201614822601011,0.00020855541960600969,0.00024892527407173383,0.00021598686619104805,0.0003325410746521943,0.0002646860910250279,0.00023417533477431432,0.00030061931055318523,0.00029908171267098015,0.00033537392499074885,0.0004617138320427041,0.0004849256674026619,0.0006291903827844277,0.0009442599357735062
0.0004940200748084633,0.0008382996793782339,0.0006256079008184243,0.00047108201102805846,0.0006491528178368655,0.0004286084350982772,0.00041372966609591003,0.00038774070553278755,0.0004625763759292892,0.0004296514854491414,0.00041600352141192836,0.0004413925651776998,0.0005089780214097729,0.0005762682508746424,0.00038624054049798116,0.0004181065094779047,0.00034260835454006126,0.00035494581469399197,0.00046636714954507004,0.00027771883111591365,0.0002951386462601283,0.000350286978263129,0.0003600761352432609,0.00035695446862012213,0.00046353161634735325,0.0003877970065885487,0.00044237803953614687,0.0003238275570518082,0.000302088338235076,0.0002995896220817568,0.0003133109707996183,0.0004602925736720218,0.0002765210999310362,0.00033051176093221624,0.0003852360304501595,0.00040027646234497684,0.0004384811457621111,0.000368908880370646,0.0005568395225756019,0.0005554612884945977,0.0003840426902530372,0.0003966603599482722,0.00048532588501790374,0.0005111217599664976,0.0005966398215268842,0.0006555397735059432,0.00099851224057334,0.0014882533787790835
0.0007248052765594132,0.00048167762763042427,0.0005308978361760384,0.000536912681273031,0.0003193977017275436,0.00034410782596715217,0.00042474120641548287,0.0003710753955383363,0.0005816924348257809,0.00043471684851809084,0.00034998951000113126,0.0002620518269867598,0.0003401692816433436,0.0002453005015189835,0.0002828788484110827,0.0002796731212808316,0.00024887800992481565,0.0003354975286180474,0.0002929027014529096,0.00028557710325206415,0.0002337981480103087,0.0004137483297400113,0.00025200742791041056,0.0003360132531551218,0.0002632807246947232,0.0003122197583956597,0.00022994727843628378,0.00022040388283868308,0.0002604700632306783,0.00030847509307564496,0.00024108455038739703,0.0002684649383067758,0.0003383177333399638,0.00024099185475353306,0.0002676142730164095,0.00028728819387484615,0.00029342530736002094,0.0003295748341292951,0.0002649198466319705,0.00034490021995195686,0.0003591847797263014,0.00043846214106015523,0.00042323377007736013,0.0005579574496069449,0.0005367332309297466,0.0005216853363333377,0.0006861085697610927,0.001186224961043136
0.00022182461900588347,0.00025711659875747074,0.0001608833028640902,0.00014355173821375738,0.0001796643678416324,0.0001795173950904389,0.0001920058610143478,0.00015495973117708592,0.0001994269085030996,0.00023658898367727834,0.0002090097396148433,0.00013786816304789826,0.0001495740117336211,0.00015132939307525191,0.00012389143925945105,0.0001344438163653277,0.00015843518687474865,0.00011872628458134661,0.00016775490276065613,0.00011855295790583049,0.0001079315893528694,0.0001400393522547813,0.00011751520775143968,0.00010293098284474662,0.00012671181228549196,0.000176682959815702,0.00011742470513221063,9.624629636636041e-05,0.00013172876693054092,0.00011544280986292753,0.00016071270186295862,0.00010855988898135003,0.00010596441043279516,0.0001089251132794932,0.00017797282615853564,0.00011179868143629875,0.00014761218787530983,0.00013877329988061206,0.0001154472633403706,0.00014174688984036458,0.0001852134647650551,0.00016865133463406652,0.00018191514652938012,0.0001910497518914867,0.0002217548571260556,0.0002504560660583392,0.00036545246173284217,0.00047996248283469574
0.0003389284679047185,0.0003931328481053581,0.00035471911810537376,0.0003298771998742128,0.0003024269149229334,0.0003515936969392956,0.00031525844700835737,0.00028401575667492995,0.00034024181466689283,0.00033091615949176967,0.00045832185441577764,0.00025172172816156625,0.0002752796391936181,0.0002958780366485192,0.00025783509101272274,0.000373523959812865,0.0003350890049380245,0.00034097055203109874,0.00023721522742755485,0.0002667301498336651,0.00019354841474019278,0.000250984575474676,0.0002974957207060325,0.00025369753315631493,0.00024386915881363175,0.000288258564108008,0.00023665054874350572,0.00021338833115322567,0.0002939032897686205,0.00022834417630753778,0.0003777748956300776,0.00024234183820425248,0.00022729795293386008,0.00022545004343144651,0.00021487105790217968,0.00023378282704786556,0.0002287700329631332,0.00023828371294269918,0.0002553581507886203,0.00032312238522815316,0.0003163578613477316,0.00031872200119847363,0.00039700926548561297,0.00039071920057099404,0.0004608698279829044,0.0006559053141341473,0.0007599989158048565,0.0010021902665677046
0.00025570336256147084,0.0001698403084856858,0.00015503157881484095,0.00019483683475433297,0.00016496599109946448,0.0001665856119920835,0.00019911323904744162,0.00014546145156788524,0.00012955161975589482,0.0001801459116643465,0.0001342885574453973,0.00018233417083061415,0.00019422593666535502,0.00017578210093664078,0.00013137124034694344,0.00012097957327715361,0.00015033947955238292,0.00012044313411138882,0.00012956338531131342,0.00014547955090583333,0.0001376393005413749,9.71819662579629e-05,0.00011436341018631024,0.00015835986910552096,0.00011941941593371097,0.00013049958131556197,9.727130918204409e-05,0.00013225565412292544,0.00012297960114414128,9.973409262463351e-05,0.00011052074916922165,0.0001180608808092712,0.00012859409385904572,0.00014969301437916656,0.00011678713685941871,0.00010571828643672755,0.0001915527146918557,0.00012060010418392125,0.0001372969917264755,0.00015613740757574847,0.00016020211882654238,0.00017451590922215634,0.00017018134681946766,0.00022819532812537064,0.00022037869959057598,0.00027357439377811825,0.0003819389889229102,0.0005903161382322982
0.0005367568858350411,0.0008064942750154142,0.000626308982165058,0.00047081904241951477,0.0006506850320212671,0.0004258289945844883,0.0004062378633872992,0.0003591717734178871,0.0004394749139262583,0.0004763437752069557,0.0003751024370284613,0.00044211047755945477,0.0004872897732233817,0.0005435008759481658,0.00037727897368655813,0.00041779513893115195,0.0003629913391759071,0.0003495749333433315,0.00045966522955805214,0.00028952994616081063,0.0002982386172686274,0.00035444129537336123,0.00035686272649032965,0.0003705828746038261,0.00045631913270001895,0.000388200827156781,0.0004392561781679948,0.00032482493121591675,0.00030176072671642975,0.0002979433311489878,0.00031084011077346484,0.0004545542774944471,0.00027548967470580074,0.00031821226102390665,0.0003734821831583225,0.0004189339293327285,0.0004421833245818834,0.0003588582847004139,0.0005535136050779032,0.000538844477084574,0.00038733247332755895,0.00040426705246063494,0.00048530510893372923,0.0005071645551379273,0.0006000295964394815,0.0006577178699014769,0.0009981927418564393,0.0014930672893709077
0.0006734223965947432,0.00043265875207152375,0.0004954929255322737,0.0005076933082471221,0.0003219418142181976,0.0003097198211327264,0.0004405666099728279,0.00037246065647908336,0.0005774644373362764,0.0004272489395285307,0.0003498492131650829,0.00026168454894905433,0.0003388970264367077,0.00024007367637148157,0.0002848018525545131,0.0002754727180759392,0.00024685024370368485,0.000337367162896133,0.0002948239723245775,0.00028321721173776653,0.0002308343876123692,0.0004155835187830581,0.00025457597310635157,0.00033525123732457834,0.0002647242998506352,0.0003149640296473439,0.00023354672481773557,0.00022134570629476564,0.00026238695367503947,0.00030515316868703045,0.0002427689584546648,0.00027427583479924117,0.00034147217577890716,0.00024413679102405764,0.0002675279098279032,0.0002851057739132453,0.0002928098983921443,0.00032777060484521223,0.0002649242372271646,0.0003447569298602551,0.00036022126181877633,0.00043875383934973593,0.0004254604195834891,0.0005637813961358948,0.0005395970893633832,0.0005225210991328593,0.0006824058851222038,0.0011980115440229369
0.00021054087440461355,0.00024175915152811097,0.00014912482182038748,0.00013327150031918427,0.00018595152838149015,0.00017775722797128157,0.00019695972538454615,0.00015178216780282198,0.000197635444279134,0.00023550993801354876,0.0002275476910243217,0.00013733796042693638,0.00014934756872070584,0.00014240837499901481,0.00012074703089739327,0.0001321431879007077,0.00015053760253313706,0.0001176705428807849,0.0001655363544953169,0.00011862959476490884,0.00010854455770254006,0.0001391855350477697,0.00011767533863336106,0.00010207592550697862,0.00012826281896174437,0.00017635715651660272,0.0001195175491845193,9.543974821941922e-05,0.00013464943203404464,0.00011125602165667809,0.00016200349721761154,0.00010713259966136984,0.00010562016323692866,0.00010962257886652923,0.00017678347482044123,0.00011271932378429219,0.0001487185915352552,0.00014021361559384557,0.00011499637170651666,0.00014265024768101984,0.00018879448644791382,0.00016712261986786512,0.00018275685191723436,0.0001900981315662269,0.00022602130973763888,0.0002537657017519408,0.00037439827113145877,0.0004810743520482033
0.0003361523569615477,0.0004379124438902145,0.0003835767970203483,0.0003039523806502769,0.0003255915318373183,0.0003557205234609276,0.00032257958626783574,0.0002890359424006322,0.00032603424126455754,0.00033701350806551885,0.0004455465106532539,0.0002559277631333471,0.000273979993853637,0.0003014124399722631,0.00026110213247682355,0.0003856992414196599,0.00033418098445035435,0.00033840579359107644,0.0002375384949324542,0.0002739588920848278,0.00019371045166635583,0.0002475678524526185,0.00029755378137653497,0.00025455124370237273,0.0002398356357984224,0.00028527162618641714,0.00023267263171796972,0.00021358414947441568,0.00029235804646715846,0.0002283057118032916,0.0003767386433292639,0.0002442105628257835,0.00022576630204667938,0.0002215022550510945,0.0002141438292894834,0.00023449369159360582,0.00023017477729795954,0.00023783825953488806,0.00025844973423045205,0.0003211088840286939,0.0003164797909947503,0.00032069793859134223,0.0003999674590268382,0.0003875835684477683,0.0004586025935204059,0.0006544771412772532,0.0007609628812553197,0.0010052440035788054
0.00024402448247699856,0.00017965387153841608,0.0001496783285682663,0.00018944060203759643,0.00016311525454311797,0.00017083017388168725,0.00019152983879835916,0.00014769100192030209,0.00013095977620456613,0.00018239188366094082,0.0001312952688090105,0.00018328972612293213,0.00019458998683403707,0.00018273865968092978,0.0001323955442114545,0.00011855608597229449,0.0001488168192397522,0.00011862650835953382,0.00012651389701113475,0.00014848325346536852,0.00013486003247435084,9.667773492928321e-05,0.0001159452311467081,0.0001594242870482488,0.00011542156898431693,0.00013297895806010194,9.789814741707986e-05,0.00013241643289781192,0.00012202082973960973,9.786959667243898e-05,0.00010940946321971655,0.00011566552480037788,0.000130825768603707,0.00015138691066324259,0.00011961076664032929,0.00010547685937123062,0.00019253112981778393,0.00012122350393739782,0.00013569542851477355,0.0001532229552439638,0.00016209371112916728,0.00017566074684406056,0.00016987816094195666,0.00023237812969873202,0.00021918773882832063,0.0002710994575380553,0.00037790006905115376,0.0006044623404415028
