grad_inc_mean/t=0,grad_inc_mean/t=1,grad_inc_mean/t=2,grad_inc_mean/t=3,grad_inc_mean/t=4,grad_inc_mean/t=5,grad_inc_mean/t=6,grad_inc_mean/t=7,grad_inc_mean/t=8,grad_inc_mean/t=9,grad_inc_mean/t=10,grad_inc_mean/t=11,grad_inc_mean/t=12,grad_inc_mean/t=13,grad_inc_mean/t=14,grad_inc_mean/t=15,grad_inc_mean/t=16,grad_inc_mean/t=17,grad_inc_mean/t=18,grad_inc_mean/t=19,grad_inc_mean/t=20,grad_inc_mean/t=21,grad_inc_mean/t=22,grad_inc_mean/t=23,grad_inc_mean/t=24,grad_inc_mean/t=25,grad_inc_mean/t=26,grad_inc_mean/t=27,grad_inc_mean/t=28,grad_inc_mean/t=29,grad_inc_mean/t=30,grad_inc_mean/t=31,grad_inc_mean/t=32,grad_inc_mean/t=33,grad_inc_mean/t=34,grad_inc_mean/t=35,grad_inc_mean/t=36,grad_inc_mean/t=37,grad_inc_mean/t=38,grad_inc_mean/t=39,grad_inc_mean/t=40,grad_inc_mean/t=41,grad_inc_mean/t=42,grad_inc_mean/t=43,grad_inc_mean/t=44,grad_inc_mean/t=45,grad_inc_mean/t=46,grad_inc_mean/t=47
-7.512312095325559e-12,-3.153129943981221e-12,-3.119886728349131e-11,1.482847791397702e-11,-1.6601266042069992e-11,8.244114475243126e-13,1.0004520366819543e-11,-7.59995804624196e-12,-1.617277220534156e-11,2.8450209597858807e-12,-1.0634468603436747e-11,-9.495455859287678e-12,3.012205954056429e-12,-1.7433826607042868e-11,8.337286842505193e-13,4.5375130867053725e-12,-5.667229462934974e-12,-4.939795730427019e-12,2.258778210840689e-11,1.0503441996663186e-11,2.432158431165835e-11,-1.1470856154923353e-11,-8.375626828457272e-12,1.8239319378322977e-11,-8.016512804454793e-13,1.4839489549730542e-12,-4.3980729772916455e-12,9.969633554387195e-12,-1.1424440979622558e-11,-1.2678695996215064e-12,2.0600712537977684e-11,-3.2387742131905346e-12,-7.632317578893814e-12,1.8356462014613543e-11,2.1438750550071196e-11,3.933239615642552e-12,-3.560246197293015e-12,7.57757921603259e-12,3.83142859006563e-12,5.059715703598251e-12,-1.2398482980407467e-11,-3.820684893837633e-11,2.3716860113915233e-11,1.7532381133654445e-11,1.633211094974606e-11,-9.735445332095754e-13,-3.2422101372157114e-11,-1.2104234918215665e-11
-2.953635120431447e-11,3.7749476284936975e-12,-1.2070460781491636e-11,1.2287820945725937e-12,2.7833679494713453e-11,-1.3577400783190847e-11,-1.4519244122062594e-11,-1.4054299952671362e-11,-2.2486618822732388e-11,-3.666728039345201e-11,8.775374582395032e-12,2.7945728178059403e-11,1.1434358819314832e-12,-1.5668514384017563e-11,-4.880987200364872e-12,-5.592961640576129e-12,1.6149987015638117e-11,1.2121423331384737e-11,-1.551814612839489e-11,-2.91545817285979e-11,-8.927087558745581e-12,-8.805779432697167e-12,-1.9862025613081576e-12,9.196907948944525e-12,-4.160298269521999e-12,-2.3309448264284008e-11,2.181011841961947e-11,-6.875219584918472e-12,4.148144193266122e-12,-2.341135770831711e-11,6.275834966974342e-12,-6.634984391638365e-12,3.954753984183711e-14,-5.010324268053059e-12,-1.3507960985482451e-11,7.805786111077393e-12,-3.9025853258801965e-12,1.2192079046990917e-11,2.0684203129260816e-11,-2.216916880567547e-11,2.494459433431311e-12,6.583917128724637e-12,4.8658654365279826e-11,-3.415897009625786e-11,-1.3498325708306368e-11,-4.118842961709543e-11,-4.664719579256122e-12,-2.1255065401855364e-11
5.311573626980221e-12,-4.4607051285689707e-11,1.4311394376654821e-11,4.8846517500192094e-11,-1.9253415604424882e-11,-2.7238346657825137e-11,3.148169608264623e-11,-6.128451914816778e-11,-8.736835688217802e-11,-1.5851356444523383e-12,1.0862274668870494e-11,3.216714463550241e-11,1.031994170898805e-11,-3.404237285344422e-11,7.473066367998499e-12,1.1353044491846572e-11,-6.235474726438353e-12,4.256093844870511e-11,6.103753913793574e-12,1.9440528392211982e-11,1.0268190927100411e-11,-4.1671211154943166e-11,2.3895136979705324e-11,-2.860394665205354e-11,-2.849035991553612e-11,6.8871029165366584e-12,-3.571565305611222e-12,9.233751191021504e-12,3.3235807112262946e-11,-2.479221936746595e-11,-8.114657504525725e-12,1.76653908107584e-11,5.368145088710646e-12,1.5239395517907903e-12,-1.1605049298500995e-11,3.903817830504554e-12,3.911791260330752e-12,-1.7565792394756118e-12,-6.568734217455632e-13,-1.0655756150877305e-11,-1.846468556604886e-11,5.9648472407351e-12,-1.9043060061884838e-11,-3.6870330119236e-12,1.0030439978817147e-11,-2.979479664627482e-11,-2.312256259982314e-11,-3.725060253372645e-11
-1.8208973281628457e-11,-2.4733452930132032e-11,1.2440497088224887e-11,7.58319231435456e-12,9.49510650846585e-12,-6.176512612838402e-11,-1.3093855457941578e-11,3.702308291769914e-11,3.1634774235530213e-11,-2.814588202973528e-11,-3.2599209946406295e-11,-2.140658709847654e-12,-1.185792315050162e-11,-1.3462720522360522e-11,1.448583229450971e-11,-3.4226656270201866e-12,-3.0832273164513414e-11,5.445641111446851e-11,2.8102929633207855e-12,3.695272932797227e-11,1.7097753982975127e-11,-3.471475737756148e-11,2.1661656095477712e-11,-4.058226757230939e-12,1.828521046474788e-11,3.7497082948524127e-11,-1.1522806769585996e-11,-1.144030143507517e-12,-3.536141988267736e-12,8.737010451308773e-12,-1.1968559114149913e-11,9.198306652683637e-12,2.575804395713114e-12,-1.7041404706016782e-11,3.831215061504326e-11,3.1039384196661565e-12,1.3063778011027517e-11,-2.315283292125256e-11,-3.907143825346429e-11,2.609777844073182e-11,-6.282084214871097e-11,-1.779072280895134e-11,1.7427807046149016e-11,9.47478679685014e-11,1.7697379803102093e-11,-2.4969588337494198e-11,5.830800037680465e-11,8.071755973492489e-11
-1.258294955879512e-11,5.2371744536874514e-11,-3.660058607806202e-11,6.593184644190063e-11,2.0574871846912687e-13,-8.270471030692315e-12,-1.7881913359666744e-11,4.6035879779058556e-11,-4.173357764401707e-11,7.969561277990597e-11,-1.1461982626543113e-11,3.8571951640960844e-11,1.2220857184977365e-10,3.034970794928763e-11,-4.341677057129725e-11,-2.6136042510749974e-11,4.009569549382056e-11,-8.506473642736634e-12,-1.0387098145422291e-11,-6.8438736790909e-11,1.8573144931073424e-11,-2.3840467733659902e-11,-8.556425021583196e-12,8.451266561513612e-12,-3.320085502270915e-11,1.987441689772382e-11,-4.1228417141818675e-11,-3.5308548911269164e-11,7.832682870796288e-12,-3.998152255296875e-11,-1.5568983091170618e-11,2.6788664396712312e-11,-6.498801168218144e-12,3.5931183999254624e-11,-2.7430246262180416e-11,-4.3303522713822934e-11,-2.13745901445776e-11,-3.989121562259005e-11,-2.4301472877482638e-11,5.31592118109495e-11,1.8898616878857894e-11,4.291408900686497e-12,-7.418096289746454e-11,8.431223616346926e-11,1.2153685851433584e-11,-1.6950021913744614e-11,1.4796480957119708e-11,1.428153291169354e-10
-1.8937445982869597e-11,-5.892601460058864e-12,-3.248220280297353e-11,1.750193704723471e-11,-1.545150559243541e-11,-2.1433901824294786e-13,1.3035767981858547e-11,-1.085877186858436e-11,-1.766858432304269e-11,1.6819748344920572e-12,-1.2315293055443648e-11,-9.788297790081793e-12,2.224218334289414e-12,-1.829972507206488e-11,8.463482745002304e-13,3.5536375041193368e-12,-5.556674748115506e-12,-5.4514191958690945e-12,2.22636420965867e-11,9.997808567646447e-12,2.363668520037128e-11,-1.1878786690321275e-11,-8.995471331576484e-12,1.7914015807585076e-11,-5.087711055615783e-13,8.527255594861332e-13,-4.3624332615972296e-12,1.0028424175307436e-11,-1.1484192876220946e-11,-1.2022902940094906e-12,2.0395667109398353e-11,-3.6272641381388173e-12,-7.78317203057821e-12,1.820848432684534e-11,2.1321095725811327e-11,3.0033788876229618e-12,-3.774326406009888e-12,7.6008779696342e-12,3.799325752349198e-12,5.102013922378626e-12,-1.3079727469265798e-11,-3.873562334558487e-11,2.3426195598599497e-11,1.693350415688609e-11,1.5556918039108657e-11,-2.2840449771689924e-12,-3.4037863942690524e-11,-1.6527424014327827e-11
-2.1334233159680377e-11,8.986778020926525e-13,-9.999187681401546e-12,8.383921015488063e-12,2.8482491596423774e-11,-1.720980144146357e-11,-1.3926971880742543e-11,-1.5196340983997956e-11,-2.2133514007849354e-11,-3.353282794728017e-11,7.040007512355533e-12,2.7059647692168184e-11,-7.493883681022622e-13,-1.7191098538997357e-11,-6.29661611328026e-12,-7.005730942397049e-12,1.5535715219962777e-11,1.1177794654349163e-11,-1.304181462797788e-11,-3.043814777302665e-11,-1.0230882273919365e-11,-9.737889210971625e-12,-3.0378803859960966e-12,8.170136486241696e-12,-4.8467418592181786e-12,-2.5110096862647586e-11,2.212351939585547e-11,-8.222839666189283e-12,3.428421674707385e-12,-2.3349331459994674e-11,5.938121098695627e-12,-7.322994986566951e-12,-8.475540147620261e-13,-5.794005729705137e-12,-1.4333514788975507e-11,6.9382183427474086e-12,-4.794555128331256e-12,1.1172289650472876e-11,1.997153535645063e-11,-2.3128572542093107e-11,1.2701320915677977e-12,5.540087308800704e-12,4.7098469094455676e-11,-3.583914770648639e-11,-1.5590559894231964e-11,-4.4252971246600065e-11,-1.075300476992892e-11,-3.747308387544108e-11
-2.265172226588043e-11,-4.297442212609575e-11,-3.9739028052372555e-12,3.2870667893919873e-11,-4.219706640678265e-12,-2.1418057715492416e-11,3.241948251551033e-11,-4.90722823898808e-11,-8.344106721634519e-11,-1.164226350148964e-13,1.1062274104249076e-11,2.235188489495093e-11,1.2975015709777123e-11,-3.091789930266197e-11,8.040831758361312e-12,8.017267729722232e-12,-8.42730724812507e-12,4.213346602810649e-11,3.973959041901138e-12,2.0190017514372438e-11,8.560604762205004e-12,-4.3049368254712485e-11,2.02284092154823e-11,-2.909514960008963e-11,-2.953109299071471e-11,6.58892021872032e-12,-3.7529173275877584e-12,7.169153900134828e-12,3.367468187635286e-11,-2.5072156447166282e-11,-8.447152675882186e-12,1.7473963572320064e-11,5.230231931589333e-12,1.6967806760049073e-12,-1.146666691374556e-11,2.710373066603694e-12,3.922065824896513e-12,-1.6387542918245383e-12,-2.893475106669989e-13,-1.011803300080371e-11,-1.7980670667133786e-11,5.876432617021677e-12,-1.9735694883305612e-11,-3.5415094277819982e-12,9.666194885844046e-12,-2.944367837858281e-11,-2.2259582284624106e-11,-3.5731124240933244e-11
-1.1111932549908875e-11,-1.6514876175970794e-11,9.430653616738781e-12,3.597461458986661e-12,4.2615434441990294e-13,-6.065305971105657e-11,-1.0585188470038816e-11,3.5967422370477353e-11,3.396468074175989e-11,-2.3982341790074956e-11,-3.12033729137463e-11,3.6112079224184185e-12,-1.3631736286378048e-11,-1.270261883198555e-11,1.8996241849960753e-11,-1.6925916059261734e-12,-2.955935577390897e-11,5.3210109674232204e-11,4.1267384356038364e-12,3.750185418383904e-11,1.8362069712422406e-11,-3.255270538051849e-11,2.224948510264592e-11,-2.8095395631766013e-12,2.0086318503945522e-11,3.574282255122385e-11,-1.1570026337082262e-11,-8.26844199737707e-13,-2.47532030608361e-12,9.023217077192188e-12,-1.1042610269758803e-11,9.85806462570047e-12,3.645928255625706e-12,-1.65699344596557e-11,3.859213193196666e-11,2.4877404257694507e-12,1.32941008201916e-11,-2.2342675465600948e-11,-3.8174805036463864e-11,2.6896765942407556e-11,-6.139870483725168e-11,-1.586755141325126e-11,1.9449011079440532e-11,9.80799440107982e-11,1.9734642687362177e-11,-2.0889500274382156e-11,6.615978703882892e-11,1.0447560961193473e-10
-2.6103590402745074e-11,7.860310519797272e-11,-5.242268585270877e-11,3.30660070097376e-11,1.014847558343344e-11,-9.747710498106346e-12,-2.3086371229664542e-11,4.865721160681402e-11,-4.367423931460615e-11,6.572065641360148e-11,-1.201413343933078e-11,3.206177392557594e-11,1.1859477513672476e-10,3.051821517424456e-11,-4.524747839591022e-11,-2.7589794957491075e-11,3.644450048706681e-11,-8.383322468103395e-12,-9.930158927670485e-12,-6.771873570832496e-11,2.0055166829629976e-11,-2.4267428997487167e-11,-9.530574546602023e-12,7.245046233493701e-12,-3.306100605978423e-11,1.9910625787775025e-11,-4.467187285996895e-11,-3.6460468620407594e-11,7.035540233837379e-12,-3.9184530498155984e-11,-1.5106283051039335e-11,2.4381801349746083e-11,-6.5456765990417804e-12,3.4768672537899295e-11,-2.59363721515591e-11,-4.287945883667115e-11,-2.2181353393855264e-11,-4.0313322508277845e-11,-2.451176630027173e-11,5.339633504616492e-11,1.8798849254711603e-11,4.142235807565698e-12,-7.392283304507054e-11,8.398241889207832e-11,1.1886480362305615e-11,-1.7388418641769195e-11,1.4018408451886719e-11,1.3890098811957654e-10
2.322533092467712e-11,3.088887046522315e-11,2.3372359360997382e-12,2.9495466574130116e-11,1.7800638628674135e-11,-6.767156366698736e-12,-1.9704592506131007e-11,-6.106114609630436e-11,5.141578358035919e-11,-1.4354573917446978e-12,-5.512283438009715e-13,-1.6271866836949354e-11,-2.0141039446187506e-12,5.065201252353088e-12,-7.768149664469426e-11,9.605456438072e-12,-3.6829058894145274e-11,-1.7435709637323357e-11,2.5253422885247358e-11,-2.9811353819030225e-11,-5.577903861743882e-12,1.0690986658559371e-11,7.529962389971561e-12,-4.522399348684463e-11,4.992880213235465e-12,1.6646807452975843e-11,1.348623555813797e-11,-9.96427563468479e-12,5.655310236763926e-12,-2.6301835476259805e-11,1.946194093986527e-11,-8.422955051817316e-12,-6.321057291077224e-12,2.775466871518147e-11,-2.2309326137177594e-11,8.232501533690905e-12,6.536274691129891e-11,1.1972436558868235e-11,9.165135599319695e-12,-6.458151240129518e-11,-3.2490813797441815e-11,2.2396831491470047e-11,3.719880434286299e-11,-8.501248850635123e-11,-5.07717569322163e-11,-1.0630849418396787e-11,6.16267537359518e-11,-1.1348425190362367e-10
-8.105940637084542e-11,2.0252286278702112e-11,-4.269760089275917e-11,-4.3190477934799065e-11,-6.914472795656397e-11,-2.8222423612985146e-11,-1.3855604930993316e-11,5.587301373392288e-11,3.1336321603068906e-11,-1.0348755109666548e-11,-1.752653246847935e-11,2.008275872386231e-11,1.4690774918069432e-11,-6.859027739772242e-12,-2.7698085559143865e-11,5.127729158311926e-12,-4.3313664485893297e-11,8.415614596836876e-12,8.928436548704192e-12,1.511230477954208e-11,-2.200504655470946e-11,8.897959007463188e-12,2.020697822800216e-11,-3.0622835647971056e-11,4.633359637946956e-11,1.9430001714338328e-11,1.3731235369266277e-12,-3.201733938885633e-11,1.8419781175432296e-11,-4.759100175743195e-12,2.6880601458915658e-11,-2.4266730910199524e-12,-6.5587947266018806e-12,-1.4918328682171886e-11,-2.6158303343699538e-11,-1.2730933069818386e-11,-5.0888807287089505e-11,-1.5252610454606193e-11,3.325586807686537e-11,8.377854792608032e-12,2.4824713816079155e-11,3.7958738390628e-11,2.8388339774380785e-11,-3.3455047710189205e-11,3.5126749547370075e-11,3.711343549444965e-12,1.0036250912501748e-10,-9.886561503627697e-11
-9.54734087568575e-12,-1.6683397563959887e-11,-4.03129537009745e-11,6.242011970670802e-12,3.4643883285132985e-11,-4.559981862718917e-11,-8.447472425638253e-11,5.776881292597401e-11,1.3032157648154855e-11,-4.605574254299503e-11,-1.4890856814108292e-11,5.4550114790557375e-11,-1.6103236655857806e-11,4.076572087120159e-11,3.5820570156095126e-11,8.211952744538914e-12,-1.529828245163205e-11,-3.8760478180779976e-11,-5.0615269977640887e-11,-1.5805329690397593e-11,-4.8399046396935875e-12,5.533818528192496e-11,-1.3061471676111419e-11,-2.3117443115061855e-11,5.141087534626344e-12,1.2715480214205358e-11,-2.3603434998856694e-11,6.130783745995513e-11,1.7058808407341836e-11,1.7083660733811994e-11,-5.4329866817391274e-11,-1.3010889613111317e-11,1.1730833151545644e-11,1.1062235676283623e-11,-1.2755654958836763e-11,1.2220494439833563e-11,2.635935349503061e-12,5.063633297227039e-12,1.7240106893256036e-11,1.2240033779249138e-11,2.279210027536069e-11,-7.457669862715682e-11,1.2788602504992548e-11,-3.897441089439669e-11,-4.41307927830666e-11,1.7330550916858628e-12,-1.0851258201901967e-10,1.1721591764286319e-10
7.655062658722858e-11,-7.481814049206284e-11,1.2328021797167278e-11,-1.0293454989566249e-10,-4.96351556503059e-12,3.2532793067049363e-12,-3.105235040989512e-11,-2.042457810934244e-11,2.6879121547946938e-11,-2.667862559666104e-11,1.0535812654758388e-11,-5.831100894500487e-11,3.949599141974776e-12,4.594077772867019e-11,-3.24826837440806e-11,-9.365622362912138e-12,2.997609603286995e-11,4.704270255246836e-11,-4.3045062542194424e-11,-4.8923992122913496e-11,-1.968538407180805e-11,-1.2773984997783697e-11,-2.678079202255855e-11,-2.2132539568649252e-11,-9.184344549732383e-13,2.1320032821661288e-11,-3.6419747945866004e-11,-5.6281819350866146e-11,7.764386737032042e-12,-1.8434251266048123e-11,-4.820817425887505e-11,1.5092917443948223e-11,-3.8297058849910076e-11,-2.255990209039569e-11,-4.116001902530136e-11,-3.132430986947824e-11,-3.6541217728560885e-11,1.9448573305784838e-12,-2.2639842502974243e-11,-9.317941712682334e-12,-1.0190109402311014e-11,6.135646973789398e-12,-7.707270524506551e-11,-4.2196609676593236e-11,-6.247076051213839e-11,-4.1591042145522036e-11,9.546624317077639e-11,-1.0372546993514194e-10
-1.3359742453594799e-11,2.91065236283106e-11,-2.604994913076967e-12,-4.465490257151204e-11,8.66778589864679e-12,-6.701087697279568e-11,1.4647059472804833e-11,-3.5788945504157505e-12,-4.6589202606293076e-11,2.5434723371447188e-11,-6.403396275252192e-11,2.587351149159174e-11,-1.4545670242553692e-11,-7.2758962028804715e-12,8.250394906455716e-12,6.359939253530483e-11,1.2828827414549791e-11,-5.0803422251384446e-11,-3.917001819298965e-11,4.414842411869835e-11,-2.905946481756446e-11,-2.5628127358710405e-11,-1.0047232129231203e-11,1.4710480790644157e-11,2.232692886228243e-11,6.314180559411087e-12,4.766037008371034e-11,-2.504078335181795e-11,-3.2360701866167033e-11,2.181518653636618e-11,1.1063887570029285e-11,2.7848476824298992e-11,-2.1053722233946608e-11,2.22391947382003e-11,-1.8288405089909856e-11,-2.4888367610392324e-11,-6.2546179224069215e-12,3.228386283335275e-11,-6.826512166763188e-12,-3.02891753859259e-11,2.0782610389662016e-11,-5.1615218760774475e-12,-2.5057837471477482e-11,-3.1232564898823054e-11,3.229279495162781e-12,4.8545295530216596e-11,-8.069089740839307e-11,-1.2007303079832825e-12
2.356867046334599e-11,1.6986002466574982e-11,-1.1525971501649344e-11,1.782052530456492e-11,1.6455818733245514e-11,-1.3197984007115512e-11,-1.0877907616903558e-11,-6.016430081554884e-11,5.052574951187704e-11,-1.9618403265785073e-13,1.1837174229090282e-12,-1.815446673799936e-11,-2.8659690100187562e-12,1.598777570709113e-12,-7.913852400161649e-11,1.1518647797835676e-11,-3.7630054539496284e-11,-1.8278590172298145e-11,2.503331733719168e-11,-2.9491358359321825e-11,-4.848633776497857e-12,9.871567234685564e-12,7.394270509917978e-12,-4.489560010403443e-11,4.858089152028762e-12,1.732864103824036e-11,1.3964230551229527e-11,-8.190026073926385e-12,5.80080178928243e-12,-2.6667677951982502e-11,1.9512586525033774e-11,-7.863535227306223e-12,-6.0754444419425835e-12,2.8125496146539458e-11,-2.2095751742850935e-11,8.26801838257222e-12,6.521810391834781e-11,1.268094096295988e-11,9.426662950464843e-12,-6.469047099224459e-11,-3.1975969286608546e-11,2.2424677523208175e-11,3.7704807025605944e-11,-8.447196926135848e-11,-5.0174175950303015e-11,-1.0203768289261104e-11,6.240457101695636e-11,-1.1271554814633307e-10
-7.012633805549808e-11,9.523358235071883e-12,-6.113704617067949e-11,-4.6449149658689685e-11,-7.414836830303406e-11,-3.130047875505694e-11,-1.9998699106494952e-11,5.313630501965137e-11,2.7317173676941377e-11,-1.3655947219956971e-11,-2.010208308662595e-11,1.7237225583793068e-11,1.0774276122372843e-11,-9.87558728132751e-12,-3.046078047947141e-11,2.5120634210403366e-12,-4.595705917569818e-11,6.037357612319269e-12,6.689854444837729e-12,1.287726427765039e-11,-2.4067187416554332e-11,6.730042685276926e-12,1.818019746932039e-11,-3.256226257402966e-11,4.435557604797151e-11,1.7532380418307963e-11,-5.657383743589945e-13,-3.391133293097854e-11,1.6646929357593452e-11,-6.622108247741398e-12,2.507324337408288e-11,-4.120590166371466e-12,-8.27659890886549e-12,-1.6819056454720167e-11,-2.7895849989578045e-11,-1.4623316806726144e-11,-5.297520721874649e-11,-1.7364081659792288e-11,3.116379989898615e-11,6.1506219994871664e-12,2.2454159894579354e-11,3.503573498618822e-11,2.514909483004939e-11,-3.704580464115849e-11,3.0816174934936214e-11,-1.7920943022330215e-12,9.237857698156247e-11,-1.1343962220354733e-10
-5.19425498498649e-12,-1.975211685633849e-11,-2.540099816798274e-11,1.3073098130052268e-11,2.5546645218999577e-11,-3.980082382430378e-11,-9.365860497339081e-11,5.075030076559948e-11,4.751818198511265e-12,-3.711955242562633e-11,-1.4822850711816567e-11,5.2983726743963205e-11,-2.1928472655862737e-11,3.647795831308516e-11,3.374193527617328e-11,7.69389391988683e-12,-1.753769718212003e-11,-4.0318966100240545e-11,-5.0678482661359046e-11,-1.601034151956904e-11,-6.797525024659583e-12,5.2955865136091446e-11,-1.4234715555828651e-11,-2.2643089101634023e-11,2.904901631361827e-12,1.2727883379393214e-11,-2.4699333815944623e-11,6.199892525265118e-11,1.730706694380443e-11,1.5243907044534655e-11,-5.395858535709571e-11,-1.3352757605680417e-11,1.0425007935453008e-11,1.0754692820573864e-11,-1.2770874225530878e-11,1.0927823053593775e-11,1.8453432869951567e-12,4.199910794566757e-12,1.6728381997412143e-11,1.1494228672503858e-11,2.2383627343302105e-11,-7.551339658745296e-11,1.1592075232740135e-11,-4.011826181746831e-11,-4.582406788213183e-11,-7.704755624400882e-13,-1.1145233793804259e-10,1.1309752002576821e-10
3.8042437472442614e-11,-8.535171657724802e-11,3.0506828793469033e-12,-1.0265790785043483e-10,-7.614185857347244e-12,-6.0600621676465485e-12,-3.261079983463193e-11,-2.983021844687433e-11,2.5498968366135185e-11,-3.533083407149928e-11,8.351552831154522e-12,-6.179242449110215e-11,4.14745603503608e-12,4.523839302941011e-11,-3.632580957025236e-11,-1.0233417814142722e-11,2.6191580438322586e-11,4.512255961430502e-11,-4.423581613353724e-11,-4.8466388756796426e-11,-2.0076083316701162e-11,-1.3338498441443928e-11,-2.8426113437977524e-11,-2.504310691581086e-11,-7.473773427186041e-13,1.9170771142967347e-11,-3.647528719807997e-11,-5.3179479003176e-11,6.0066927175383915e-12,-2.0129620579094632e-11,-5.082074575697518e-11,1.526559732664563e-11,-3.906932052907618e-11,-2.3314551709179355e-11,-4.109446668650796e-11,-3.221821824395498e-11,-3.712328457615237e-11,8.267466382271959e-13,-2.3733032223024793e-11,-9.601810099096718e-12,-1.097048073008036e-11,4.652395975877373e-12,-7.84114393141002e-11,-4.39041196945514e-11,-6.382844441700635e-11,-4.3439809123756275e-11,9.421651441748979e-11,-1.0331568689196875e-10
-9.680859375826404e-12,3.268509615533371e-11,2.0010066162931998e-11,-2.4307563725990077e-11,1.7580520945731507e-11,-5.896435441810528e-11,1.004239190675217e-11,1.5627148334180504e-13,-4.6436576938182936e-11,2.5090536628928206e-11,-6.342855457465243e-11,2.7887685141467118e-11,-1.1389314644314331e-11,-3.5216952344524626e-12,8.253873868900572e-12,6.504684870296785e-11,1.421655595018241e-11,-5.0129618005507664e-11,-3.7674953063328716e-11,4.4976814756748353e-11,-2.821484235348936e-11,-2.484136422651946e-11,-9.409412219643596e-12,1.5628211810495846e-11,2.301183082900712e-11,6.955638451330563e-12,4.832006416389739e-11,-2.4386866881637166e-11,-3.179919386744081e-11,2.2708082502146304e-11,1.1989501128977311e-11,2.8286723755636154e-11,-2.0315529781977345e-11,2.3008354552426245e-11,-1.7571381148585674e-11,-2.4107467969830568e-11,-5.177920969132523e-12,3.2984023987733514e-11,-5.822990617834427e-12,-2.964542962843908e-11,2.1988459325744806e-11,-4.579121645647941e-12,-2.426524112809597e-11,-3.0380326329906056e-11,3.911414582131077e-12,4.9249292814084976e-11,-8.074079761396866e-11,-3.580292402230978e-13
3.6717163231412204e-11,-1.840391092339001e-11,-4.9244790640481995e-11,5.127092697788546e-12,-2.3031088392764144e-12,-8.160419465983642e-11,3.996455655513668e-11,-3.398026799499156e-11,1.0380413126340741e-11,2.7365574940956306e-11,-1.0402195323113236e-11,3.047006412746269e-11,2.323748440327611e-12,2.3881841674049825e-11,-2.7597428021931827e-11,1.9418127032991825e-11,1.069341924596828e-11,2.8675671024707656e-11,-1.5854674831065485e-11,-3.0315660624254914e-11,-1.1924623253435387e-12,3.248322249237215e-11,4.090780316005162e-11,-1.2416078781081634e-12,1.3596381389452205e-11,3.749850666582245e-12,3.274607087900781e-11,-1.614220910218733e-11,-7.615786012855688e-12,-2.5932856036235146e-11,-1.745829451828043e-11,-1.4596814312836602e-11,-3.849879819798441e-11,2.608012146852146e-11,1.956241721581122e-11,2.143700800023491e-11,2.8377497417016297e-11,-1.3042985439911316e-11,-7.094785020852199e-12,2.863886328603861e-12,-1.3142882977915111e-11,1.692020402848298e-11,-3.92891715647306e-12,-2.091745235748883e-11,6.023867072032216e-11,1.5558558998758038e-11,5.713124186848282e-11,-8.333609538721659e-11
-8.893496374387569e-12,-7.664974657976223e-12,7.251656044014658e-12,5.165026823774958e-12,-2.2745899467053626e-11,-5.911915820357793e-12,7.46897442492514e-12,-1.336103293329154e-11,1.6335851131065798e-12,2.8382945832920012e-11,3.588019354889516e-11,1.328152224009499e-11,9.97747400296773e-12,-1.762380287563659e-11,1.7154896005563747e-12,-2.2237205236206718e-11,2.913189706508016e-12,9.348176663002311e-12,9.431351635092712e-12,-1.0339949231187585e-11,2.5499701519427782e-11,4.996295534014519e-12,6.821407448760558e-12,1.6689203036639097e-11,1.599777590428844e-11,2.3904810765914702e-11,1.9722774672801086e-11,-1.026353633346926e-11,-5.386604125035102e-12,1.4779677585236388e-11,-2.56962157973652e-11,-2.2539922844982206e-11,3.857552338198069e-12,-2.1004909206048007e-12,-1.71109190417528e-11,-1.3090344393878982e-11,-2.401928912400711e-11,1.6964019053119454e-11,-1.1090225604009763e-11,1.0054208610842039e-11,-2.9109897053187884e-11,2.918838006421074e-11,-3.6702395128063217e-11,3.0411494299731305e-12,-4.1834645646377463e-11,9.294207826592204e-12,1.032956460837623e-11,-1.6161867076069472e-11
-9.273392048752114e-14,-7.97742749620226e-12,5.655191480570463e-12,7.479533909652532e-12,5.4260829202200774e-11,1.6328017779425145e-11,1.4430384005516134e-11,9.977042325728234e-12,-2.32546043068406e-11,-3.065691795862144e-12,-2.4948529863620015e-11,7.515099083428034e-12,-5.434166035622884e-12,6.246202832196784e-13,-8.393502367505622e-12,2.975739787970441e-12,-1.6693864836499817e-11,2.8319370718494836e-12,-1.0950842995316643e-11,-1.1902600368417783e-11,9.983370934150759e-12,3.0908506438957134e-11,-6.3391689260289e-12,-1.2953858553012025e-11,-1.2298676500948518e-11,-1.272972483981225e-12,-1.919873933102849e-11,2.389594185089398e-12,-1.8280048748289938e-11,-1.3455783494172254e-13,-8.2888036627191e-12,9.81257303687697e-12,-1.4681132759339355e-11,-1.2512955805123856e-11,-4.837183678480867e-12,-1.3058188118409597e-11,-8.358462533890978e-12,-1.2778166060926411e-11,-6.064702146620895e-12,-2.6080681097016625e-11,-2.8937551762093645e-11,1.2779745457904687e-11,5.112795387725422e-12,-5.848571911829443e-12,2.948764831874897e-12,-2.6767819275430302e-11,-3.330826216369098e-11,7.253912014900772e-11
-1.1766465709613041e-11,-8.619950128330067e-11,5.409269935930722e-11,7.364185697564692e-11,1.2258616632804358e-10,2.9935723474465476e-11,-4.191674985140982e-12,3.897213070374223e-11,6.897218623445138e-11,-1.5252698082555048e-11,-5.017172268705223e-12,2.180576721386529e-11,4.6215496614581884e-11,-4.970010852106587e-11,3.660965983636855e-11,-1.5368223248305147e-11,-3.9589336806916956e-11,3.8348774646228715e-12,4.755739297315944e-12,-4.326245750207665e-11,-3.668753637726943e-12,2.2596642671765633e-11,-5.366566462602377e-12,4.134692606376327e-12,2.9730708089482394e-11,-1.7241939515605885e-11,2.139785395307783e-11,1.1966998273347857e-11,3.642390320546827e-11,1.0841751210068069e-11,-1.9264117535222086e-11,-2.325702672551904e-11,-1.6867041961663976e-11,1.5180189183096408e-12,-2.7802821423247895e-11,-1.212856274810929e-12,8.911446491795487e-12,2.3449406718199418e-11,1.0380645071216703e-11,4.3658529556843085e-11,1.0715088677086438e-11,1.375780070713494e-11,-3.461993996175387e-11,3.140781833559863e-11,-7.158901893474299e-11,-7.943126661285147e-11,-7.427972526649758e-11,1.2172480915212066e-10
1.1474745150844116e-10,7.562773214669694e-11,2.499090555026621e-11,2.588573373044603e-11,5.259556835731233e-11,-5.31107537216721e-11,3.8672605160449534e-11,-5.1782380163134756e-11,-3.902851588971458e-11,-1.5260046998655515e-12,4.037491783182998e-11,-5.021077867664964e-11,-2.5724418192776426e-12,2.3920323860559472e-11,5.7768310355701846e-11,6.986737041695264e-12,1.8216461171575375e-11,-2.228825375135583e-12,3.7173216826348884e-11,-2.3933667928446085e-11,3.770119422722358e-11,-1.9313716030509913e-11,-8.45032184508513e-12,-9.958687030499059e-12,4.102570657701659e-11,5.319019920418943e-11,1.71595980924982e-12,-2.2273777716572238e-11,3.194624967862073e-11,-1.934239563697324e-11,1.1527830762488898e-11,-8.443579184383719e-12,6.159853247880757e-11,-1.118503127022171e-11,5.91579116937291e-11,-1.0630119746064995e-11,2.998614203833659e-11,-1.2844003524397095e-11,5.124524065913417e-11,5.930236436052699e-11,1.763781144658293e-11,-4.3828933803572846e-12,3.2711470118731733e-12,2.421686459184109e-11,-5.409214322745955e-11,1.105348203110637e-10,7.873446922597968e-11,9.371275945534705e-12
4.9823161923553666e-11,-7.95251591504467e-12,-4.7106938883538356e-11,1.2274444490373905e-11,6.439808060069708e-12,-7.897642632339657e-11,3.854543306442599e-11,-3.4228067947411725e-11,1.0474121430202949e-11,2.820950756969859e-11,-9.449231884665784e-12,3.231661397560359e-11,2.577639812852088e-12,2.434123636441662e-11,-2.7208120674142547e-11,2.0132636125533e-11,1.0942403402403138e-11,2.92659444031689e-11,-1.554506540723842e-11,-2.965846901683149e-11,-8.961578600739726e-13,3.288005590537879e-11,4.1138841943939834e-11,-8.899671717305794e-13,1.3208625747723394e-11,3.547177237943529e-12,3.292253044731233e-11,-1.5842498464531783e-11,-7.449757708398977e-12,-2.5524464259734064e-11,-1.743106402580693e-11,-1.4480564727371983e-11,-3.848680885828214e-11,2.6205358416091285e-11,1.992356701645763e-11,2.1410724412377205e-11,2.835414245635651e-11,-1.2784806112843038e-11,-6.716454097105931e-12,2.884825052373139e-12,-1.2598436442563594e-11,1.711974962550396e-11,-3.655905533982322e-12,-2.116070148913345e-11,6.001969719417229e-11,1.5413333316015945e-11,5.598726692302251e-11,-8.570996316140725e-11
-5.942958602382597e-12,-5.548607342003595e-12,1.8676541307803393e-11,7.365543698082469e-13,-2.6853106217877046e-11,-1.6876267773237692e-12,7.2479172091058195e-12,-1.864414177868863e-11,3.544974842392784e-12,3.172021970486806e-11,3.331009560375828e-11,1.1973439601551604e-11,7.97102488840642e-12,-2.0659996678812374e-11,1.0545648087442467e-12,-2.4075772924587422e-11,1.9217977854411665e-12,9.579831354749213e-12,9.80825551972262e-12,-1.0997622331495267e-11,2.4762297136064062e-11,4.039656696264178e-12,6.923391991447985e-12,1.6259048120882298e-11,1.628712281498757e-11,2.3837901902130742e-11,2.029024132783452e-11,-1.0543371450716866e-11,-4.900050454054576e-12,1.451918599988381e-11,-2.5663080948692765e-11,-2.249117278668045e-11,3.9585004002331046e-12,-2.0457786333511474e-12,-1.713974421178614e-11,-1.3028991934021422e-11,-2.3941246887056465e-11,1.7034401786594724e-11,-1.0943923586692426e-11,1.0228698722194749e-11,-2.889003606827718e-11,2.949354540539193e-11,-3.6322504674069366e-11,3.325677860554221e-12,-4.115933991220856e-11,1.0402491385578285e-11,1.2265781500123222e-11,-1.1413297235760413e-11
4.599941098634351e-12,-1.1281950026490092e-11,5.0234976676142275e-12,6.44187588972487e-12,5.6060069087323944e-11,1.873384416041473e-11,1.3130483750671943e-11,7.443456481412718e-12,-2.447174949923636e-11,-1.985162477998345e-12,-2.415356586788694e-11,6.133062695027093e-12,-6.835159436644409e-12,-1.3375016358264984e-12,-6.388984529756992e-12,3.2583424015449967e-12,-1.653651773993282e-11,3.0130491394541587e-12,-1.09033780504373e-11,-1.1724158691851075e-11,1.0429800321610639e-11,3.1399098071468695e-11,-6.3219445588327576e-12,-1.2937246469215982e-11,-1.216883435600877e-11,-1.1168405496519838e-12,-1.8944130240419558e-11,2.5452253392520883e-12,-1.8177994321923266e-11,-1.1943968977259413e-13,-8.193049327673803e-12,9.868342567158807e-12,-1.4516553185733888e-11,-1.2400762105852223e-11,-4.688436366844764e-12,-1.2878279641457306e-11,-8.164422467052221e-12,-1.2507153315024991e-11,-5.971647424720211e-12,-2.5936920065352864e-11,-2.826714089911642e-11,1.3003712115007655e-11,5.554179849822724e-12,-5.261080510989927e-12,3.639169731696222e-12,-2.5653484291195485e-11,-3.1658452193296466e-11,7.772224286782113e-11
-8.338647019512575e-13,-8.586191937205912e-11,4.563175539302325e-11,7.185411719857827e-11,1.2395127921683091e-10,3.0531986507109556e-11,6.812856435308668e-14,3.637884766686418e-11,7.00726471407495e-11,-2.0974733212002457e-11,-2.771505323883334e-12,2.663319800224972e-11,4.594606662526964e-11,-5.02360196200887e-11,3.804490150843565e-11,-1.4528784627593136e-11,-3.877569468666055e-11,4.686087063092689e-12,6.49568610288241e-12,-4.290643403466629e-11,-3.4913793787290563e-12,2.3218232034085333e-11,-5.187251972810294e-12,4.65403787086102e-12,3.018571944193749e-11,-1.691849259895535e-11,2.2127290250021904e-11,1.2483159672308295e-11,3.687572184506887e-11,1.1368860697049342e-11,-1.8782460688017718e-11,-2.29064541971127e-11,-1.625661450017218e-11,1.7569576481442709e-12,-2.746769279044256e-11,-4.97714194452077e-13,9.525725422231853e-12,2.4055360641665223e-11,1.1129769076783703e-11,4.4097842711939745e-11,1.1613685619569835e-11,1.4644997406895245e-11,-3.318626054146364e-11,3.2873507290869675e-11,-7.041480882663054e-11,-7.65964625382896e-11,-7.020043110718375e-11,1.3317820180130745e-10
1.100150543628783e-10,9.203377260888858e-11,2.9448613225830795e-11,3.024958273784867e-11,5.248227579932405e-11,-6.051472938149087e-11,3.146387895157338e-11,-4.5039729710587016e-11,-4.147045733035568e-11,4.5635011604648024e-12,3.468587840870611e-11,-5.1442006326181957e-11,-4.870144725556914e-12,2.303222491332836e-11,5.6724473320223725e-11,6.1875737043557604e-12,1.738747818557853e-11,-2.9532820910142042e-12,3.5952740928892215e-11,-2.4896302321307346e-11,3.666283487655954e-11,-2.00963672437706e-11,-9.263827947937711e-12,-1.0910632212517226e-11,4.0258285952218104e-11,5.186372127245477e-11,7.615055580667796e-13,-2.282067921114576e-11,3.160682741744705e-11,-2.0006454993710955e-11,1.0949440634528647e-11,-9.181323265232003e-12,6.102706787751298e-11,-1.2347834432668251e-11,5.869502961811169e-11,-1.1370068671359826e-11,2.8607721716720143e-11,-1.399461390323212e-11,5.0138844387282647e-11,5.845224759767709e-11,1.6559064531339852e-11,-5.7113597341693474e-12,2.1939789653796287e-12,2.1902907365485884e-11,-5.746733315498724e-11,1.056630386012984e-10,7.023885621365056e-11,-1.2802510780511614e-11
2.938517194606168e-11,1.711067920040068e-11,-9.043727326537918e-11,2.4780954974156257e-11,-1.454082164584203e-11,-3.641795877978352e-11,-1.984389719077266e-11,6.2407440750799e-11,2.4806881519273966e-11,-2.8155586356929653e-11,7.442646264032959e-12,1.4768597353498606e-11,6.146885377222583e-11,-8.607232072817664e-12,-8.057375575537077e-11,-1.732167591684521e-11,4.349477943430444e-11,1.7704269047828097e-11,-2.415828864995127e-11,2.9711405058664925e-11,-1.6958690319474567e-11,-2.1168276527371174e-11,9.236104375295432e-12,2.3093600937639218e-11,1.0180979098549664e-11,-6.236085322180929e-12,1.2046892981978548e-11,-3.934410693335021e-11,-4.417841891104111e-11,3.9510981055182187e-11,4.786067278692783e-11,-2.4392963101120908e-11,2.0741258941676407e-11,-2.142546860020343e-11,6.012643135825851e-12,-1.559659468408251e-11,2.854172356062371e-11,-2.31177599533092e-11,-2.936872059682861e-11,-5.498926099503005e-12,2.087082176565209e-11,-1.6041647208407562e-11,2.7044463779977686e-11,1.5462773926336503e-11,6.509435408579976e-11,-5.7683276414619577e-11,6.542670465765904e-11,2.422880912480219e-10
-1.4677941457886172e-11,2.5418874720292053e-11,-2.977228093401057e-11,8.142615308115737e-12,-5.838486608439827e-13,3.7519301239788693e-11,-3.5650286559316684e-11,3.855183889270898e-12,-3.088747678363392e-11,-4.214671616648333e-11,1.1368097542614181e-11,2.3342181879556864e-11,3.235853519098415e-11,-1.870819986128185e-11,1.8814882228888713e-13,-3.1911593232357036e-12,-2.9529406666893056e-11,-1.2370792873593652e-11,3.053417537560896e-11,2.5203241826722013e-11,3.4300517407555276e-11,7.701975183588781e-12,8.019419567956527e-12,2.7066178028379403e-12,5.014268172798574e-11,2.079049675708605e-11,-1.1862685930983445e-11,-1.872836927769547e-11,-1.771127177406294e-12,3.167738429151041e-11,-2.4731667320887365e-12,-1.326371332280795e-11,1.4534538940773224e-11,-3.567230145947822e-11,-2.3208238787515248e-11,-1.5957914750344326e-11,1.712816059709224e-11,-3.826644815739311e-11,-3.828516268537801e-12,-2.5856586220401426e-11,-1.7635409010300934e-11,-1.1139696048121381e-11,1.7485387208329743e-11,2.975170173403643e-11,1.939187995981496e-11,-2.3344225432688326e-11,2.9951077116468166e-11,-2.887480359541868e-12
1.6424283208824945e-11,3.894455469884753e-12,2.2252819663481052e-11,7.89189769438994e-12,-3.317601217637615e-11,2.367363352710795e-11,9.891310589468515e-12,-1.7049897119289678e-11,-2.0216856895614486e-11,8.529235816224563e-12,7.056790943860869e-12,3.69535960072633e-12,2.190176726140616e-11,-8.484924961026979e-12,-2.991569297907103e-11,1.427311057136608e-11,2.261776388886106e-11,-1.6804390756678946e-11,2.3583260421248405e-11,-1.0494295293369298e-11,-1.4566476110045336e-11,-1.3019396453574977e-11,-1.7163710085390166e-11,-4.7061102884020664e-11,-3.692939416922068e-11,2.4992481124415955e-11,-3.2973890081598834e-11,4.3126242808083155e-12,7.007192744297478e-12,-7.27978661853277e-12,-5.4496139264052535e-12,-1.0900927184299448e-11,-2.243278662802923e-12,-2.3058521143269115e-12,-9.040474603969752e-12,-2.5091709912728994e-11,-2.8113497597539474e-11,1.5750623436144017e-11,-1.3938458233711753e-11,2.1183679071713653e-11,1.4819206062794822e-12,2.4432738058616397e-11,1.3584307198869089e-11,-2.9357343989726237e-11,-3.318866761763342e-11,3.5998198900659104e-11,9.197216750501923e-12,1.1073914894490866e-11
-1.800460302724685e-12,-8.333546897772953e-12,1.3167064698188731e-11,-9.611317109174818e-12,1.675292764623012e-12,1.722783040147485e-11,1.3420770403049472e-12,6.4446637299147734e-12,1.4597746768940895e-11,5.384367527295008e-13,7.437813545389775e-12,-1.4988589718604298e-11,-4.171769108891047e-12,-1.6334352614030895e-11,1.0436168802369345e-12,2.8787727367177798e-11,-2.2237484529677063e-12,1.983965867716943e-11,1.0071422711549376e-13,-4.587760688564044e-14,-7.46412287661302e-12,1.2896823956821948e-11,7.339618700426851e-12,-1.1298570814211135e-11,-2.8969208330082277e-12,2.4809536224533774e-12,-2.2305055744580205e-11,4.002054801252677e-12,-1.6170533740347299e-12,-8.743069938250937e-12,-2.423314058332139e-11,-4.0375017029685397e-13,5.413421308303443e-12,-1.4618391482590161e-12,1.6337177667041633e-11,-1.0114041346822763e-11,3.9635486866819875e-12,9.512705507700422e-12,-1.867979871645112e-11,1.588896570533551e-11,2.726224249856939e-12,6.515526301746355e-12,-6.645254809416544e-12,-1.6873005020565695e-12,-3.256250931313083e-12,1.927299241858449e-11,-6.727054378032286e-12,-2.9311913336608206e-11
-8.1839501591949e-11,-1.0577156440237117e-11,-5.3445863041672736e-12,-6.582310697592237e-12,-3.198303988232757e-11,-1.9309523419392993e-11,7.563315068619804e-11,7.334100800933059e-11,-2.702944602451614e-11,3.727546193565275e-11,-6.644837885662889e-12,-7.561775428646063e-12,5.050282614771643e-12,-3.4000913193652574e-11,6.640669783744942e-11,1.8516327880923352e-11,-4.898451683883205e-11,-1.7782910253936928e-11,2.2894405526638687e-11,-3.4346223087384523e-11,-3.684913457846174e-11,5.6738055386208144e-11,-3.87130972838914e-11,-4.289128633559796e-12,2.792253068851799e-11,2.946258705784333e-11,-4.633817329727565e-11,9.883499629780216e-12,-2.5495574858708033e-11,-2.2086425519161764e-11,5.569555993911903e-12,7.837443193352193e-12,5.692953603792534e-11,-8.080422521317211e-12,4.6077165460849735e-11,-7.200183355189898e-11,9.114224259390862e-12,4.071006284449013e-11,-1.2027098542438248e-11,2.0813167380893543e-11,6.420678692096009e-11,-1.020825536100506e-11,-1.1180329727348181e-11,4.3433657534569604e-11,-1.183417222612667e-10,-3.414405485431217e-11,-6.604857887283328e-12,3.720683562685518e-11
1.3271541012426099e-11,-2.401591168711119e-12,-8.917464164748153e-11,4.396960740407973e-11,-1.867797891657983e-11,-4.4660913789136225e-11,-1.6593825914837746e-11,4.073974122133656e-11,4.079408837184104e-11,-4.352606996311076e-11,1.0637981656117058e-11,1.1660445669018784e-11,6.976071124349205e-11,-1.1074500874368275e-11,-7.915276933777504e-11,-1.5068645709233306e-11,4.1940742301387917e-11,1.7755587089350128e-11,-2.3718701548940642e-11,3.0218494120529065e-11,-1.5816507739820465e-11,-2.126979754975388e-11,9.496706672256963e-12,2.3189111758006183e-11,1.0304359148183108e-11,-6.157327655306379e-12,1.2128312904105234e-11,-3.9297758064694475e-11,-4.396772081697222e-11,3.9621349399148564e-11,4.7744117653003886e-11,-2.4212298156197948e-11,2.0859884822223013e-11,-2.1291424248648883e-11,6.14049519004343e-12,-1.5504882900520163e-11,2.8569188665100612e-11,-2.309623263759606e-11,-2.9214257089937555e-11,-5.461108900908769e-12,2.0797141250810344e-11,-1.6082129759002783e-11,2.725553793089527e-11,1.588815455094691e-11,6.49892190716461e-11,-5.7105356541434984e-11,6.541318755727814e-11,2.431256954124766e-10
-1.4787211387631747e-11,3.3462120368710326e-11,-3.3625832222980915e-11,-1.3820680613434124e-12,-1.3243138451426901e-11,3.433054794706162e-11,-4.234726312103131e-11,6.662696404709293e-12,-3.0122327683548545e-11,-4.547556892882051e-11,1.278346255949198e-11,2.2624176163281413e-11,3.3293254599384494e-11,-1.962601879896832e-11,1.9766233504862477e-12,-4.069368898363665e-12,-2.5519193545943468e-11,-1.372708423161554e-11,3.073067812790093e-11,2.6030654523652424e-11,3.545205513652305e-11,9.810223524278536e-12,8.101213139954298e-12,2.950100546755415e-12,5.0042175660589795e-11,2.0802168321058555e-11,-1.1550118303287555e-11,-1.8324677209590823e-11,-2.176765749848837e-12,3.2022656222191626e-11,-2.2297251176540655e-12,-1.2384920989246162e-11,1.4312028745089906e-11,-3.550517931435761e-11,-2.2755548820241013e-11,-1.5701410067648715e-11,1.7649283001320705e-11,-3.80640111669374e-11,-3.5080997017606994e-12,-2.4904906659793094e-11,-1.729995652436855e-11,-1.0654252491388425e-11,1.789329874761933e-11,3.0543253966010434e-11,2.0470051240118504e-11,-2.2587067452238175e-11,3.150372854004466e-11,-1.2452186406403763e-12
-1.9995749221007377e-11,-2.5262285195827183e-11,2.0678435793103716e-11,9.294063085727836e-12,-2.8899055714870943e-11,1.460504838512462e-11,1.64465866039027e-11,-9.891725206328487e-12,-1.591904810492621e-11,1.4491413285464034e-11,1.0600063163140068e-11,3.5730396915591337e-12,2.7489062889854047e-11,-9.740330447737992e-12,-3.0822877236767904e-11,1.0994483442970621e-11,2.3004989900444645e-11,-1.805116577437592e-11,2.3241171960029347e-11,-1.08385804462804e-11,-1.4098896639090244e-11,-1.1674690523150528e-11,-1.8365232205873733e-11,-4.691665864154751e-11,-3.6844820269502296e-11,2.6595909695445946e-11,-3.4525925974158325e-11,5.720165025069554e-12,7.168773841551643e-12,-7.27764842195649e-12,-5.447050788371735e-12,-1.0741428364285219e-11,-2.5003074029304186e-12,-2.0600719749027595e-12,-9.33600849389731e-12,-2.5508663915635525e-11,-2.829420080084475e-11,1.569360579716937e-11,-1.4029642998289907e-11,2.11818964048438e-11,1.2512994513803752e-12,2.4379507220282414e-11,1.356564373633047e-11,-2.913440637570829e-11,-3.339732036752802e-11,3.588909661414464e-11,8.696288899294082e-12,1.0810969919450865e-11
-3.192782407281276e-12,-8.00354506505187e-12,1.3061127381353755e-11,-1.6837785213317758e-11,6.122198551584885e-12,2.3702496812501365e-11,8.178860509079001e-12,4.8054740846957075e-12,1.0093833070734786e-11,-1.7555994634846493e-12,8.649379774818916e-12,-1.4795569833906193e-11,-2.633135524717271e-12,-1.670406910925711e-11,1.2679287213125592e-12,2.9199465109650294e-11,-2.9835061190922157e-12,1.987191112871491e-11,2.2370920803959206e-12,2.574272216186419e-12,-1.17701122658507e-11,1.231132933523573e-11,1.0364023097532497e-11,-9.665213271379244e-12,-3.3686062623679257e-12,2.6082979768510034e-12,-2.01452927629256e-11,7.468376753514646e-12,-2.4472895320404354e-12,-8.702641695707735e-12,-2.3387593448203876e-11,4.854549606147902e-13,5.439218235343097e-12,-3.1748635979058415e-13,1.5430204383022393e-11,-1.1043317406755142e-11,1.8109753783287963e-12,9.073891743074175e-12,-1.623452776244436e-11,1.4101568655249895e-11,2.57256064689121e-12,6.359842101160968e-12,-6.491768680485606e-12,-2.3254470612921308e-12,-2.2052117152923548e-12,1.9527122649997813e-11,-6.7390608212654676e-12,-2.9265682459820023e-11
-7.964001027459742e-11,1.5635707082504963e-11,1.8199244340122474e-12,-2.2453502279371702e-11,-3.1172322542335854e-11,-2.1399887371461223e-11,6.855287727394174e-11,7.844956175348262e-11,-2.408689549125356e-11,3.723637998656063e-11,-6.884655686223862e-12,-1.3985144536686572e-11,4.5499565725614705e-12,-3.610724271464975e-11,6.823175785856227e-11,1.7510415963529785e-11,-4.967378112657902e-11,-1.5924005983806835e-11,2.0764393622312087e-11,-3.4148620831809087e-11,-4.1356495433865704e-11,5.3406921111480837e-11,-3.930153920872468e-11,-5.012971633816579e-12,2.7277326586763414e-11,2.909925574307909e-11,-4.6587119686487525e-11,9.483539242245665e-12,-2.544217740689931e-11,-2.256316177704322e-11,4.385072423869285e-12,7.402719965143068e-12,5.86525058296608e-11,-7.827496492338309e-12,4.823121343191473e-11,-7.139240194103656e-11,7.960047082124739e-12,4.036363856777691e-11,-1.2698813812018817e-11,2.058017197062819e-11,6.403887420464105e-11,-1.0883627999228944e-11,-1.1774210008364247e-11,4.345254532006682e-11,-1.184650669857946e-10,-3.6181783445404894e-11,-5.963577832522982e-12,3.675024255786583e-11
-4.073502965021882e-11,3.557368583102268e-11,1.6609930188389554e-11,-3.386503881606394e-11,-7.503351909100557e-11,4.057365543329754e-11,3.853166583380358e-11,4.44247075917302e-11,-1.982819496176475e-11,7.762458056478271e-11,-1.6623282557221098e-13,4.076394379308707e-12,3.871755091182823e-12,-8.694916495663035e-12,4.37667262364428e-11,-1.748386907364587e-11,-5.161347850364523e-11,-1.0778982511344441e-11,-2.4638438186059217e-11,-3.4704686964184104e-12,-3.0584155721365226e-11,-1.0123990657701762e-11,2.2156021473746733e-11,-8.846167885036828e-12,4.483853203117711e-11,-2.2528289566436e-12,-2.8736519043002757e-11,7.50027752293819e-12,-1.0361535246052999e-11,-1.1243671259320102e-11,-1.049302050815219e-11,-3.185793307993221e-12,2.5935425456890816e-11,-8.906050228850547e-12,1.3533511266729093e-11,2.3175847601910714e-12,-6.35575721531626e-12,-2.7769286343850398e-11,-8.762025171534208e-12,-3.103480935691972e-11,-4.414061561228255e-11,1.2108871711081347e-11,-6.118522663543629e-11,3.707498134740552e-11,7.752040254197316e-11,-4.43893831343423e-12,3.292775379128749e-12,1.5516075449029198e-12
5.3693675926623057e-11,-3.6991396343004275e-11,-8.39936366712094e-12,-2.2464739437860065e-11,3.3363642610760596e-11,3.788988906037804e-11,3.6655441998539934e-11,-7.938970034741366e-12,2.6186667774945883e-11,-4.4676890718453415e-13,-3.164727423138199e-11,4.491465372895335e-11,1.9768525439038427e-12,-1.3023858178673203e-11,-3.6438841210198687e-11,1.9058046484225385e-11,-2.299232583289383e-11,-5.0272016983888724e-11,-5.818037927721683e-13,1.3480466002814176e-11,-1.593985658364033e-11,-1.1718059542236445e-11,-4.971912110905799e-12,1.842987933550256e-11,9.45741276526819e-12,-3.1502534127920454e-11,1.2345670199209544e-11,-3.0957170125858765e-11,8.05496078930746e-14,1.7652219508501233e-11,-1.2346364004122774e-11,1.6478849116448e-11,-2.4929692073102847e-11,-5.18149116869245e-11,-2.0271584326055845e-11,-3.96360906777519e-11,1.1492824407105021e-12,-1.8096703473072923e-11,-2.21940187018285e-11,-1.8078764036318135e-11,-3.784805893958948e-11,2.4360293225664886e-11,-8.040050435534394e-12,7.013974392184989e-11,-2.0463807274735752e-11,2.8949775404156292e-11,4.6904018140598325e-11,7.36079340854774e-11
-3.198210501140599e-11,-1.1757241753566177e-11,-3.006330225750519e-11,-2.525110923351209e-11,-1.275522528674076e-11,3.9751949559665254e-12,2.5429002719880744e-12,-1.7490432753372194e-11,-1.820700663409164e-11,2.9065954116127793e-12,-3.185530157944997e-12,2.3621826968334165e-11,-4.7071848791867057e-11,-5.58394285984217e-12,3.834886307322996e-11,-1.689176832702398e-11,1.0431424947314897e-11,2.1954569874433185e-13,-9.124256868819196e-12,-1.2492681574301585e-11,1.5457079701440724e-11,1.7274386636453066e-11,1.6124979901482977e-11,1.0181549586396651e-11,-8.162310357191233e-13,7.546383852504451e-12,-1.0668012159935666e-12,5.8364520865967755e-12,3.4306020525068927e-12,6.6894007904241184e-12,-2.9589171492721397e-12,8.85684959043141e-12,-3.911481564789814e-12,-1.77447796792809e-11,-5.8155073150062714e-12,-2.5655349372254484e-11,-9.707527540093233e-12,2.369315275601242e-12,1.0166736379543633e-11,-2.505233743569004e-11,-2.445266820497054e-11,3.505240043777404e-11,-1.0772506493994134e-11,-1.9545121508594527e-11,-2.458645885056587e-11,7.798304820240577e-14,-3.468839716266303e-11,4.807396008864417e-11
-3.629199894918129e-11,-2.3772570735754995e-12,2.8209369077308326e-11,-3.2370992994867247e-12,-6.973404183769828e-11,5.034630357512393e-11,-7.376357699021585e-12,-9.558864564589779e-12,2.2177248866314552e-11,-5.102916838487515e-11,-1.3799980575961586e-11,4.3801879441483836e-12,1.4053544956212886e-11,-3.842079277549723e-12,-8.517406029418641e-13,1.5225963560382868e-11,-1.94429142324439e-11,6.515194676108954e-11,2.1437270530513827e-11,1.6160215971624546e-11,-3.4353566039121184e-11,-2.615308631946973e-11,-5.272640192062705e-12,-6.990479723187655e-12,4.8568125688824e-11,-1.777535697177259e-11,1.0049632573855195e-11,1.0885370987238202e-11,1.8857552383639287e-12,3.621462548494379e-11,2.2796286970276005e-11,2.4139655549276666e-11,-3.3303814993090678e-12,-6.379236351307634e-13,1.6068162235153814e-11,1.79278626634079e-11,3.744028019255549e-11,-4.4446522318795797e-13,7.833195185144479e-12,2.9616706525531265e-11,-4.426711250242847e-11,1.4815445855737363e-11,-7.97753293194454e-11,1.9969404854478518e-11,6.898024042758986e-11,-6.545792425288737e-11,3.874146636416668e-11,-5.843774708867207e-11
2.5827320968225118e-11,-3.517501758651161e-11,-1.1504035025047113e-11,1.4402198465672245e-11,-6.150894466388746e-11,-9.163685718492681e-12,-1.594501417998359e-11,-1.4572329417668738e-11,-5.418063358977469e-11,2.3282183510372625e-11,-9.73974427427817e-12,-2.6472754890049677e-11,8.150332828893757e-12,1.7303110575371066e-11,-3.821858841896187e-11,-1.8148697201803364e-11,1.2724090638028327e-11,3.00044241618999e-11,-1.7146592597078128e-11,2.6905600379034387e-11,-1.0326658801994355e-11,8.768055070681762e-12,-7.128683084288297e-12,-1.9478966864780848e-11,-3.539722153196637e-11,3.253063033295671e-11,6.705478647832952e-11,2.1700398547873945e-11,-1.0095054200343407e-11,-3.364489893562348e-11,-3.373453573349475e-11,3.0983642812066577e-11,-1.3408651215289378e-11,8.499153323493895e-11,2.7920602499559553e-11,1.63087438031058e-11,-3.385393349809794e-11,-9.818710382623669e-12,2.5260993884390744e-11,4.3450400465788895e-12,-5.477328091747269e-11,1.618770538517911e-11,-2.5909823169647162e-11,-4.792351532791588e-11,1.0203372755603638e-11,1.876286540422625e-11,9.567632387664054e-12,-5.4510740740447354e-11
-2.5212638626879196e-11,3.8344447907564016e-11,3.166964053275264e-11,-3.057370633863068e-11,-6.698054484574821e-11,3.229955053504386e-11,4.3173513061485404e-11,4.807924916002767e-11,-2.0763582486351764e-11,7.50453246136363e-11,2.602643430066563e-12,1.846522633459304e-12,1.0530172900690568e-11,-8.344210946107768e-12,3.642026517374577e-11,-1.902177760151449e-11,-6.412502029721111e-11,-1.42053414136583e-11,-2.9291454041150545e-11,-7.564366058529151e-13,-2.7560097956002475e-11,7.926283301767789e-12,3.0997895311493054e-11,-1.9324841281267672e-11,4.125995172803865e-11,-1.977963539908622e-12,-2.7485521757547117e-11,1.1492685899530381e-11,-9.743620240675186e-12,-1.1665567610569928e-11,-1.2287458445960095e-11,-3.6189620837325968e-12,2.2961492192730798e-11,-6.902658448845528e-12,1.1431334938366971e-11,3.864366717416303e-12,-7.05827411628818e-12,-2.8321482982295035e-11,-8.581861595754101e-12,-2.939526914578509e-11,-4.522288460584164e-11,1.0616496934085247e-11,-6.047758034226509e-11,3.6950518906524224e-11,7.593649690926693e-11,-6.5031929592821684e-12,-4.564767848986077e-13,-8.745526523827223e-12
4.3311258518658483e-11,-5.022874249719702e-11,8.950095931825279e-12,-2.82887900695648e-11,4.2359075590052765e-11,3.3520589909519626e-11,3.60469710663544e-11,-8.932169255639488e-12,2.662758269001541e-11,3.768063533300821e-12,-3.041700381030559e-11,4.15373670451198e-11,9.66462253317994e-12,-1.2178585641107774e-11,-3.469481210477399e-11,1.7761392796269216e-11,-2.2697402640430898e-11,-4.992764068571612e-11,-1.7993870854310266e-12,1.3257978440314207e-11,-1.5079603065790154e-11,-1.1196214017979046e-11,-5.153203442791162e-12,1.8624976492865777e-11,9.421684101293248e-12,-3.122502456561933e-11,1.2303130316096899e-11,-2.95771651301763e-11,2.003066797917168e-14,1.7882752865278438e-11,-1.218888235226117e-11,1.6407025457800373e-11,-2.529969844296472e-11,-5.1771265054445396e-11,-2.0447370591718444e-11,-3.99709527463281e-11,1.07368501232448e-12,-1.798267181029369e-11,-2.2493783132818863e-11,-1.839056494592577e-11,-3.830985707201303e-11,2.405744987437545e-11,-8.595027684795437e-12,6.951637024506821e-11,-2.1198322741033512e-11,2.7425958792474905e-11,4.4215004783640354e-11,6.969911917265116e-11
-2.44656585655297e-11,-8.598561527348371e-12,-2.6926748046911795e-11,-2.8401922611271016e-11,-1.0611080154589296e-11,6.243630825975162e-12,5.133176459037175e-13,-1.6609258270985703e-11,-1.5860542436319688e-11,2.2089555574208422e-12,-3.5451374503324932e-12,2.4390098494024368e-11,-4.7455138310262615e-11,-4.898160325355319e-12,3.896584974487843e-11,-1.6420357369468643e-11,1.0497404422588356e-11,3.1272602010491896e-13,-9.001811188838958e-12,-1.2385698386792259e-11,1.5702897409775007e-11,1.7352379508262142e-11,1.6220917390044658e-11,1.0273316189662028e-11,-7.419181936552986e-13,7.653051173450958e-12,-9.647839766788837e-13,5.892035406555145e-12,3.4867730583740516e-12,6.7150513996721765e-12,-2.931886797311529e-12,8.951944140969973e-12,-3.831436525322984e-12,-1.7731718655102494e-11,-5.7309759166864095e-12,-2.5570410990509224e-11,-9.623471092674301e-12,2.426864790470818e-12,1.0148957496479751e-11,-2.514687271859713e-11,-2.4604933644946855e-11,3.4919210097020224e-11,-1.0727503216738282e-11,-1.9660398830197092e-11,-2.4842510157253477e-11,-1.5456535515094736e-13,-3.538348483266594e-11,4.54504589932135e-11
-3.971481849400383e-11,6.44336737693326e-12,3.6607178369842995e-11,2.345700842722169e-12,-7.171802607213714e-11,6.301186636561297e-11,-1.2853407747944434e-11,-8.859190643474053e-12,1.7783634250547033e-11,-5.496034535114191e-11,-1.5608679617669433e-11,5.03803828181916e-12,1.4249497093410149e-11,-9.868208685177304e-13,1.136865157490323e-12,1.502803120250659e-11,-1.9277609136780095e-11,6.516670126714229e-11,2.0783247816106792e-11,1.7021927541985692e-11,-3.3031526169003465e-11,-2.6188906914359395e-11,-4.58221571446612e-12,-6.488458785853961e-12,4.914114000862772e-11,-1.7172555148995923e-11,1.0462577853111284e-11,1.1206721164472612e-11,2.2851071737257922e-12,3.656002034055855e-11,2.3076653721038004e-11,2.4616176251875105e-11,-4.012328431153773e-12,-3.7824055512469835e-14,1.6131108102902596e-11,1.8296165474246727e-11,3.775166153674099e-11,-4.336878365807213e-13,8.371355954974533e-12,2.9786315805356157e-11,-4.412410692026281e-11,1.5314925014098363e-11,-7.948069396707161e-11,2.0493411277671035e-11,6.906937507242868e-11,-6.464739866424614e-11,3.901194505383914e-11,-5.743364372333656e-11
3.640040157744442e-11,-4.1031891190059724e-11,-2.6799307185733255e-11,1.4806595697354144e-11,-6.012737503099172e-11,-1.0442046734561476e-11,-1.1794566725940163e-11,-1.8143174213764526e-11,-5.443076680438712e-11,2.401536239499799e-11,-8.459194814387092e-12,-2.699921260508048e-11,8.080926673039455e-12,1.9138747922816028e-11,-3.7806265135710275e-11,-1.7986027118343087e-11,1.4529705215472173e-11,2.8406619837343795e-11,-1.502189881163456e-11,2.4643334028275677e-11,-9.403180948298535e-12,9.496294968416047e-12,-8.246696190322051e-12,-1.936764677338919e-11,-3.569198545664789e-11,3.335167060885722e-11,6.768979844993733e-11,2.1532821168514432e-11,-8.961462707668636e-12,-3.422727773011429e-11,-3.395086280830961e-11,3.0878676092584076e-11,-1.3308556918151171e-11,8.471399939309171e-11,2.7723155041816786e-11,1.6301035517966574e-11,-3.391363045345683e-11,-1.018202504492257e-11,2.491579383737121e-11,3.8580928855224775e-12,-5.524448086241078e-11,1.58484047624855e-11,-2.6951080772669628e-11,-4.858056577416775e-11,9.478801626045874e-12,1.794597696869661e-11,1.0182716571901423e-11,-4.942294427735838e-11
-1.9953086020350395e-11,-5.760633307975693e-12,-1.6111030801677022e-11,-6.253826892025848e-12,1.8950577182349643e-11,4.785046701808874e-11,4.345302198249968e-11,-3.429516068394596e-12,4.476134761300792e-11,1.897184205391956e-11,9.029153507347495e-13,-1.0292229234792259e-11,9.721007466121882e-12,1.7956931724123357e-11,-6.825173086273584e-12,-1.308123010678406e-11,3.5307336541074e-11,-1.2104703582666067e-11,-1.2191977472626443e-11,1.568710882796921e-11,3.3698552300355993e-12,-8.642910883129298e-12,-4.404447089124017e-13,1.9541750360433806e-11,1.0743789825262713e-11,7.125364066771037e-12,4.785255540729602e-12,5.12415540489848e-13,6.802027002420036e-13,8.966203708340897e-12,-8.449276688851714e-12,6.635106421104852e-12,-3.2951733921805384e-12,-1.1625012721378768e-12,-1.4097017172384033e-11,1.0654955009416963e-11,-1.3198422537657996e-11,9.73301320636427e-13,-1.8898880378501858e-11,2.7488336413893945e-12,-9.020758211702652e-12,2.8035093644729338e-11,1.752105430890095e-11,5.907611687873023e-12,-3.5596088305277243e-13,-2.847338066034662e-11,4.625217750420938e-12,-7.065410503450463e-11
9.152884769886865e-11,1.2228247188012139e-11,-5.0187441101869575e-12,6.096769697559522e-11,-3.3421788702575816e-11,1.5618441566872685e-11,7.53563856550039e-11,-2.349987288728966e-11,9.653976516539171e-12,-2.931020490633625e-11,3.6238253882890725e-11,-4.7722865021522946e-11,5.652459886177797e-11,8.201695028586818e-11,3.353920303696888e-11,2.1330112294344656e-11,-2.1792618257994733e-12,2.587631940078359e-11,4.275587091561241e-11,-2.0223930133690103e-11,-1.7680464501431424e-11,3.935005373564335e-11,-4.3138852942463445e-11,4.018239586799448e-11,-8.69621572016889e-11,-7.552114860574112e-12,-4.1864260460401615e-11,-2.1615369934270114e-11,-8.136538493748155e-12,-1.0608580835910022e-12,8.727871377279272e-12,3.1475527767507135e-12,1.436674484258483e-11,5.717933067581999e-11,-4.420337090062939e-11,-4.544178308636954e-11,2.493371179053737e-11,6.58956920145211e-11,-2.270243468180968e-11,-8.637145201239144e-12,-3.3156061532428216e-11,3.5514161975741515e-12,8.22637875278435e-12,2.7333583885411273e-11,6.12541580203046e-11,3.085828504698859e-11,-6.684009474379029e-11,2.4606750016020447e-11
1.0636916426469189e-11,1.3884277439830262e-11,-3.7451861225446475e-12,4.956723752405796e-12,-1.0866128822688448e-11,5.617280735097327e-12,-2.3821022814425417e-11,1.7179438774368424e-11,5.6142942078217434e-12,-1.4034253625885049e-11,-4.85774371822031e-12,1.1742625865615947e-11,-6.1423457243994365e-12,9.839999365593549e-13,-5.235848671415267e-12,-8.510946440920187e-12,7.789728298813462e-12,-1.0396948064545755e-11,1.4005940074151872e-11,9.522815042985548e-12,1.518998179804766e-11,3.3091088321615407e-12,1.1969243100007704e-11,1.4625645566072594e-12,9.676678310453384e-12,-3.759596061884843e-12,1.26619276310829e-11,6.263530561772874e-12,7.615816894927497e-12,2.868418429369981e-12,-7.985432733828803e-12,-7.664453032480736e-12,2.26716320141549e-11,7.0563644687811004e-12,3.411196793887574e-12,3.844878382198076e-12,1.7300259553679792e-13,1.792410044875665e-11,-2.4406135768874905e-12,9.351577650188705e-13,9.40736958406963e-12,-2.996512617003921e-11,7.504179407701448e-12,5.4170560322237045e-12,2.3673120481980742e-11,1.3068321019041654e-11,1.6689145295075487e-11,-3.0935340937634516e-12
3.682376001768773e-11,5.8235757497617995e-12,3.050019630076601e-11,3.056768238104848e-11,-3.3366156129130514e-11,5.599665256339818e-12,-2.0778290431683047e-11,-9.597241848285442e-12,-2.1903660261039806e-11,-3.3111657472414974e-11,1.1106243058441123e-11,4.133485360970938e-11,-1.4886326770057195e-11,4.997070030885765e-11,1.8953982351484928e-11,-2.3934613286542174e-11,1.062364684464891e-11,-1.0797872499861257e-11,4.01937047741063e-12,1.1282740176320708e-11,-5.933024630248386e-11,6.722116201806301e-12,-1.2077461574743669e-11,1.7110768966674283e-11,3.981833337724538e-11,-3.056699164918961e-11,-2.0543378441098077e-11,-2.0837875090694477e-11,-4.2817822650059656e-11,1.874101956216519e-11,2.265237063595581e-11,-3.0085637119143946e-11,3.026207299217385e-11,2.710228127138386e-11,2.953343315976272e-11,-7.179618932524996e-12,-6.912779518582653e-12,-1.5568079238168996e-11,-2.068350822319024e-11,-2.4575832845065962e-11,-7.463434768251491e-12,-3.114900892354943e-11,3.5718273940648285e-11,2.466280226437684e-11,-6.182007435148174e-11,-4.966555334915778e-11,-1.348038872507944e-11,9.721488352409944e-11
6.276321173767157e-12,1.8763829663720866e-11,-8.649348034431715e-12,2.4342311298460546e-12,3.520419401140464e-11,-1.3002088868910643e-13,-6.214180280064741e-11,3.120818129198259e-11,-3.574447677993928e-11,-7.379226950950273e-12,2.5562841518629118e-11,-8.16009591282899e-12,2.633193450408411e-11,-3.679461907779986e-11,-1.1436899895989354e-11,5.8786206806018305e-12,-4.109741460252754e-11,-8.850624138770444e-12,-4.295167516302065e-11,4.347375877488071e-11,-1.508592632850021e-12,-3.2405486196517834e-11,1.928752461636093e-11,-1.100029546670258e-11,-1.4968661978144865e-11,-2.789131983528399e-11,2.5173975434928454e-11,4.775540934339312e-11,-8.729039736078634e-12,1.61720457937405e-11,-2.3316052472409332e-11,7.36445959812334e-12,-6.044667164684442e-12,6.979130427063247e-12,1.2239337914335323e-11,2.488519072592377e-12,-1.1101193370464277e-11,1.0778875689386957e-11,4.163551102289146e-12,7.283380023408038e-13,-3.6278747098608275e-11,-5.6952245043483445e-12,1.3056586288913527e-13,1.513556579731224e-11,4.621042135098617e-11,1.3028640069478204e-11,-3.036582909327614e-11,2.0484023616912263e-11
-1.7810258718067966e-11,-1.1434729703249645e-11,-1.170090841920043e-11,-2.1366673046088873e-12,1.8134537097686226e-11,4.5431010047323126e-11,3.8240937311343125e-11,6.983667385310507e-13,4.92309877267396e-11,1.9837116069768134e-11,-5.227942503204603e-13,-9.55133302961417e-12,1.3974720916271489e-11,2.019655895107497e-11,-6.5959234590383424e-12,-1.1191814322118029e-11,3.540265678713735e-11,-1.1992457323185792e-11,-1.0700158530184443e-11,1.6186052015792784e-11,3.8103787648948675e-12,-6.182272604844561e-12,8.731070347211256e-13,1.9243965219657463e-11,1.1499771320331752e-11,7.903673231346483e-12,4.817058692951725e-12,5.955534244893768e-13,1.2550696870938774e-12,9.852833347419008e-12,-7.538091041535274e-12,7.136486771101885e-12,-2.4931132105204476e-12,-6.598756412756962e-13,-1.3454411599095522e-11,1.137108542688365e-11,-1.259630328330563e-11,1.846093674752008e-12,-1.8042299125096323e-11,3.578248885247778e-12,-8.109948457331353e-12,2.890876551141837e-11,1.8270113131162365e-11,6.559184326646435e-12,7.368053657366242e-13,-2.6826842860291734e-11,7.328037771060573e-12,-6.617476898442253e-11
1.016936850533296e-10,4.425722316196179e-12,-1.0223373657053632e-12,3.939955106755793e-11,-3.506088568260972e-11,2.3129393860766863e-11,7.001532555345633e-11,-1.8891023895936736e-11,-1.7931250342920125e-12,-3.3687212794518276e-11,4.3482359764693114e-11,-4.7526095497104837e-11,5.384800392318615e-11,8.13654167113827e-11,3.0634305274989324e-11,1.9643303796444258e-11,-1.873975326366227e-12,2.56090549365621e-11,4.2802171954707994e-11,-1.8353345560336585e-11,-1.860022758622055e-11,4.0429802685238376e-11,-4.254311304570516e-11,4.062058929756135e-11,-8.83095128224122e-11,-8.340543832628227e-12,-4.161521033782899e-11,-2.1773230116431842e-11,-8.295922694821371e-12,-1.1885447789915399e-12,8.688052948442983e-12,3.1703484499685466e-12,1.3983782205141897e-11,5.689621909710386e-11,-4.527484144315653e-11,-4.563976411321733e-11,2.484272334938543e-11,6.646840833831682e-11,-2.2090538252401697e-11,-8.59642263406598e-12,-3.265082985657008e-11,2.9629318402436034e-12,7.90522347188789e-12,2.7110413816824822e-11,6.057432440551474e-11,3.0972747102831985e-11,-6.783428230075799e-11,1.4938452308875577e-11
5.181912964811501e-12,1.3365942732604205e-11,-5.503240717159051e-12,5.205267269794506e-12,-1.28603875180037e-11,6.42287921388019e-12,-2.0635034519794744e-11,1.8059923867945115e-11,5.708877767556031e-12,-1.4961417569377793e-11,-4.290679889314149e-12,1.1691749225839372e-11,-6.2523697435127e-12,1.1143825890225917e-12,-4.9799916368936465e-12,-7.777015296474852e-12,7.912719168748823e-12,-9.950001928906392e-12,1.3169660532619655e-11,1.00410023141745e-11,1.6816408417016877e-11,3.2680640268295482e-12,1.2066594410373467e-11,1.0003717356728593e-12,1.0008859891206117e-11,-3.619983405312369e-12,1.1994363083414751e-11,6.2797992664849e-12,7.341326007274542e-12,2.9323510576947567e-12,-8.083627034865021e-12,-7.660636243077437e-12,2.2975108692957938e-11,7.239312112659075e-12,3.30807173229318e-12,3.6312682822069278e-12,1.1020047432878717e-13,1.7805198607270457e-11,-2.5356179201562865e-12,8.107055472182602e-13,9.408657970186191e-12,-3.006065039691494e-11,7.417150145061887e-12,5.3143787306717326e-12,2.365941248043246e-11,1.3060559475523623e-11,1.6676834208187717e-11,-2.6770472007640303e-12
-2.1191608969570337e-12,1.2248513290804695e-11,2.8801527325111258e-11,2.690848408127551e-11,-2.892801630419537e-11,5.652496707599822e-12,-1.3443412717844063e-11,-9.822431562279171e-12,-1.3212535213538016e-11,-3.5255680597343836e-11,1.0518518947986112e-11,4.459361417217415e-11,-1.052199054960141e-11,4.700108770144271e-11,2.519686951123756e-11,-2.3605575369306027e-11,1.3540544048517006e-11,-9.956128396483863e-12,5.9034423493016304e-12,1.6226611040579235e-11,-5.85530098866971e-11,7.597946157132664e-12,-1.3541967098329561e-11,1.5445165970790695e-11,4.326653255445223e-11,-3.4389621596579813e-11,-2.1174974691088307e-11,-2.0590082794573905e-11,-3.9288165081651665e-11,1.6944591788992462e-11,2.2327309944296527e-11,-3.0669092923484497e-11,3.1871936110261665e-11,2.5852893867587264e-11,3.008560516367343e-11,-6.697919109103043e-12,-7.145737493081472e-12,-1.594344739730419e-11,-2.0470019282119108e-11,-2.45032385913693e-11,-7.2713230251031616e-12,-3.0668497569096895e-11,3.5874080424023624e-11,2.4533884095409065e-11,-6.171151182165117e-11,-4.97331493005805e-11,-1.3327119362602992e-11,9.577800530322655e-11
9.75785031209293e-12,1.884716052820193e-11,-1.3558777997098814e-11,3.851001282379876e-12,3.583562970507293e-11,4.817957793934288e-12,-6.873496523733091e-11,2.1680353603132814e-11,-3.7015241863429836e-11,-1.183633671397102e-11,2.0147097803022897e-11,-1.11884817630853e-11,2.8935658172848414e-11,-3.907999540986213e-11,-1.411400527930513e-11,1.0211019853407202e-11,-3.0821129822132144e-11,-1.120984901260842e-11,-4.3923042571535494e-11,4.2568315436462456e-11,3.4132518547513443e-13,-2.8913561220482987e-11,2.020172949537091e-11,-1.2990760427729184e-11,-1.91856059892212e-11,-2.703830793558462e-11,2.3881790631744412e-11,4.6982448966056845e-11,-8.698917351568026e-12,1.390596606068846e-11,-2.6270999227643463e-11,6.4390158107978725e-12,-6.773697324300947e-12,6.025636023483139e-12,1.1462498905000513e-11,2.118794531627027e-12,-1.3303631231436934e-11,9.414382892427426e-12,3.73016699862907e-12,7.466614393328924e-13,-3.818970321531831e-11,-6.2892976386880144e-12,-7.070174747034488e-13,1.5222919733520375e-11,4.53307454910098e-11,1.2778201432923565e-11,-3.083412017215955e-11,1.7270005031628694e-11
-8.659688849983721e-11,-6.028185038398972e-11,-4.663969317204693e-11,1.6012751794613907e-11,-6.686418194640989e-11,1.906010147439117e-11,3.6246711806984945e-11,-2.3014558051844964e-11,-2.251914133730776e-11,-3.453692898122647e-11,-1.511051001344477e-11,2.695747880290869e-11,-4.3693860940319726e-11,-5.321545597954384e-11,-6.893567707195951e-11,2.8430761310562318e-12,-2.032246833461238e-11,-4.658624748204963e-12,2.6773508023757885e-11,4.2653544630418604e-11,2.0508818258670934e-11,1.963076615913955e-11,5.474535126793896e-11,-2.976932800513557e-11,4.851988435515303e-12,4.0665858210979414e-11,4.937289827055489e-11,-7.1743702576740466e-12,-1.0651633950929184e-11,-1.629938655759257e-11,-8.434202611554049e-12,-9.691725561461184e-12,-4.2454663052820616e-11,-2.2197607880805035e-11,3.921516722413532e-11,-6.148517591401399e-11,-7.95623908170642e-12,-3.326759223589874e-11,-1.9940896949112923e-11,2.1982421954828343e-12,-4.4972436871379126e-11,2.6265187913180203e-11,-3.6698138022030415e-11,3.1425712296359544e-11,-5.132285790499487e-11,-1.1787008891162255e-11,-4.177563175985093e-11,-1.63589109581149e-11
1.3105989129404182e-11,3.518763838688441e-11,-1.6071516866166506e-11,-3.376299085845913e-11,-3.280402982371809e-11,2.598128463387159e-11,-3.761416860760271e-11,1.1112959208933865e-12,-1.7387480142332348e-11,-6.709623275483939e-12,1.1344596885301865e-11,7.130247878227062e-12,3.6934335470421915e-11,-3.473973866412524e-11,-2.27226174890577e-11,1.387743487261906e-11,-1.4011594123566795e-11,2.041213359560309e-11,-2.8225253832541918e-11,2.1008803666828437e-11,1.4168826002004642e-11,-3.348300430918203e-11,-2.1755879340384457e-11,3.0170617939433996e-11,-9.002559166939993e-13,6.760668202048011e-12,-4.4037338374880546e-11,-3.076681294152141e-11,1.4766756326807026e-11,2.8812879462586307e-11,1.19402907390764e-12,-1.9931828661087096e-11,-3.4502033341505465e-13,-4.0849208986911207e-11,1.3176234254886765e-12,2.9293328601695725e-11,1.394633328869136e-11,3.513590716265917e-11,3.3337023135843366e-11,-9.840849222890586e-12,-2.7687709512448838e-11,1.2658222128488213e-11,-5.780051322603112e-12,2.1647983957177222e-11,2.050091894229248e-12,2.176480884049351e-11,-1.9400581687222023e-11,-7.863758186392558e-11
-4.074100199354716e-11,-1.5936333250552166e-11,-9.893377286446133e-11,-4.733021229376891e-12,6.433235947476377e-11,-3.926758712352484e-11,-8.753574828229678e-12,-5.1224602804585366e-11,4.410856808999406e-11,-1.453264288300957e-11,-2.9249284511044166e-11,-7.09977740952485e-12,2.2053102749622735e-11,1.997146904687994e-11,1.1696934041065585e-12,4.3798260376104947e-11,5.4106952810662293e-11,4.123214727010899e-11,-7.293124191549776e-11,-2.969810713568812e-11,9.159736710987113e-12,-1.0956518174277282e-11,-6.589873633901813e-11,-7.427000420805696e-11,-2.5316868323678527e-12,-1.8724532888760025e-11,-1.0901481077167821e-12,-2.7194845074470425e-11,-3.582340879478166e-11,-2.5686215553227496e-11,-4.370038725890087e-11,-3.0947367633571635e-11,-1.5829116704533136e-11,1.3316411991286086e-11,4.317198371652404e-12,2.5488248148783843e-11,-5.997120524517188e-12,-7.970885033288213e-12,-6.024396637458596e-12,1.541598949784017e-11,1.28779172797301e-11,-5.589275814377819e-12,-9.35091388654833e-11,-7.53401843460334e-12,8.829967928936772e-12,1.0836584975179124e-11,2.2218002468158502e-11,3.5818578602312615e-11
-8.299221047442791e-12,-1.71612466823073e-11,2.0252422443690365e-11,4.681999948335535e-11,-5.3475327920838806e-11,-6.865284055582403e-11,-8.57436658796337e-12,-3.754482518706073e-11,-1.4670038599084814e-11,-3.668781493598493e-11,3.993545336578481e-12,-2.247444726243001e-11,2.0136095376140414e-11,3.757415367645047e-11,4.289710621795801e-11,-3.557874987828532e-11,-4.467001540480931e-11,-1.2898476400877811e-11,3.095904174988893e-11,2.9482313274622887e-12,2.7681397464512944e-11,1.8764597042526172e-11,-4.54920973584209e-12,4.9506159757647e-12,-7.047462381539242e-12,-6.576238629487052e-13,-1.7173730060392332e-11,3.991790224574639e-11,-1.7746714470520177e-12,-1.905238786889628e-11,-3.2414455062120233e-12,-3.22650185643397e-11,-6.6247366324163176e-12,6.576445567990649e-11,7.189426522758726e-12,1.6556813339099352e-11,-5.978287923064386e-14,8.415580667582997e-12,-1.4110191740715109e-11,2.6919369353720715e-11,5.181858609560964e-12,2.077175328167689e-11,1.2083263846689769e-11,-6.808603915774906e-12,7.88694258631075e-12,4.493047559527888e-11,-1.1255544391168622e-11,-3.4792311270147896e-12
5.749784501090189e-11,5.379090442618628e-11,-5.0369501975693414e-11,1.7544214965657014e-11,-5.0691487631653476e-11,1.0792855640045557e-12,1.3682346114583287e-11,2.7182850215311637e-11,-5.580569676453776e-11,-1.6225908340915644e-11,6.117454142776149e-12,-2.2535592077086472e-11,3.562667231392043e-11,1.2485606352664625e-11,4.088509995870932e-11,3.832458053262013e-11,-3.421166691765314e-11,-2.7830926289015016e-11,3.5319236493278695e-11,9.054001154647084e-12,-8.389004844040498e-12,1.1359054757555486e-11,-1.9217190838994652e-12,-8.196303332700219e-12,-2.7189595653242023e-12,-1.754392052505046e-12,-1.4769408888248525e-11,4.421088883611001e-12,-2.3156766893468067e-11,-3.109517724203242e-11,7.13473631991369e-12,1.3036070299570505e-11,2.685453126087327e-11,-6.559853969238313e-12,1.7731860935745548e-11,3.1591605968129106e-11,3.518834914471561e-11,3.165927288523681e-12,4.7309160866657855e-11,-7.1291451225055866e-12,4.234510671338479e-11,7.202999543135739e-12,-4.04042078949388e-11,9.655017990304051e-12,-1.6120541429792975e-11,3.363033125757368e-11,3.753554879132578e-11,-1.0076345383910297e-10
-9.599986371698857e-11,-7.715766571709254e-11,-4.3818710472503423e-11,1.5759921439689233e-11,-7.25634405215569e-11,1.7819824312882435e-11,3.270554969267245e-11,-2.2548329113673994e-11,-2.3233894528527523e-11,-3.674355815101906e-11,-1.2120796460900727e-11,2.780352783887589e-11,-4.061601680527232e-11,-5.830559320768769e-11,-6.650690165074398e-11,4.8338189542007344e-12,-1.7201155263168792e-11,-9.275735174331811e-12,3.000706543621444e-11,4.1196362691682067e-11,1.613679214190736e-11,2.092132264271924e-11,5.676497662858561e-11,-3.1327744473466033e-11,1.2053703767871428e-11,3.9136141165602866e-11,4.9493974057677794e-11,-7.550810800844687e-13,-8.219651884488164e-12,-1.825087041382764e-11,-8.323187024631472e-12,-9.760451270360068e-12,-4.2972493613534775e-11,-2.5163947613745565e-11,3.844150271686926e-11,-6.067811558340658e-11,-7.485091130463805e-12,-3.1245975909865314e-11,-1.9009097691589195e-11,2.074238302345403e-12,-4.334964008081835e-11,2.3877444288390844e-11,-3.819333070843521e-11,3.0798280749123425e-11,-4.887788251959345e-11,-1.0887265186933025e-11,-4.097075538118494e-11,-2.229189593983215e-11
1.9605365278834342e-11,2.992752847716455e-11,-1.3818903763658491e-11,-3.749242191340726e-11,-1.5210186815417376e-11,2.261106101291725e-11,-4.541472518451896e-11,6.371223772342635e-12,-2.798039203172306e-11,-2.935734673203035e-12,8.677687475607864e-12,9.164387888446488e-12,3.372839729448539e-11,-3.106465201110536e-11,-3.077157103911191e-11,8.54988454446602e-12,-1.7128543903969966e-11,2.2170635751792332e-11,-3.172811475885154e-11,2.851641203447425e-11,1.1431732136157289e-11,-3.5522712677987486e-11,-2.7054303283281958e-11,2.5635385604698483e-11,-2.556534479927617e-12,7.205849677687117e-12,-5.221656690132737e-11,-3.0467557706177244e-11,1.7502215879776407e-11,3.005967674096463e-11,-4.797443195906608e-12,-2.0371192822475977e-11,-1.3196979357986437e-12,-4.302236775997411e-11,6.67562372378309e-12,3.076546765147362e-11,1.241396543123256e-11,3.445733184418881e-11,3.053007598900535e-11,-6.98579247410323e-12,-2.627010361113235e-11,1.2172101275470807e-11,-6.433244289469778e-12,2.007206329587321e-11,3.363979713622469e-12,1.9961867301549532e-11,-2.009704777418826e-11,-7.820594525747922e-11
-4.466102536793329e-11,-9.953108468141744e-12,-9.603557042319442e-11,-5.545259966105049e-13,6.696771696597484e-11,-3.751377657523371e-11,-9.9563527590785e-12,-4.855435613249341e-11,4.1510727266719284e-11,-1.3580238405044282e-11,-3.094549013263185e-11,-7.353117825545086e-12,2.6004250045739668e-11,1.6951175510973456e-11,5.625828500690057e-12,4.3051216574932247e-11,5.597533268916108e-11,4.084023805223624e-11,-7.552509228002329e-11,-2.8951934289941244e-11,6.262161653255398e-12,-1.1081268157620226e-11,-6.61327205602056e-11,-7.416209952634391e-11,-2.614107379916038e-12,-1.8717315962306885e-11,-1.1076631202895432e-12,-2.7094938260220976e-11,-3.59592900173416e-11,-2.576699031178846e-11,-4.303449370870396e-11,-3.023593940720853e-11,-1.5594688373488005e-11,1.3122384852962671e-11,4.341739939800335e-12,2.5473949168607632e-11,-6.0476412229756715e-12,-7.98733614553242e-12,-6.215120253410108e-12,1.554051990949721e-11,1.3063241197006344e-11,-5.598890111060101e-12,-9.348745620150264e-11,-7.0528324034762444e-12,8.934115916549704e-12,1.1289833535187425e-11,2.32729630665848e-11,3.6328705622204166e-11
-3.9945277490722154e-12,-1.5475908851750883e-11,2.4338782343067558e-11,4.7389004540555904e-11,-5.456653790698262e-11,-6.938125673363946e-11,-8.834129869293739e-12,-3.750261055533257e-11,-1.5137340823760006e-11,-3.8622700751102866e-11,3.84915066772145e-12,-2.36178129479222e-11,1.8762060491201072e-11,3.691698463482572e-11,4.2107586257066214e-11,-3.578581908612773e-11,-4.473046161291102e-11,-1.2982345249036984e-11,3.087524139367912e-11,2.8694037188537423e-12,2.75960889709318e-11,1.871861792497066e-11,-4.729903949789434e-12,4.969330920681624e-12,-7.127763977795115e-12,-7.642157568540327e-13,-1.7261398899565446e-11,3.9837022737838936e-11,-1.953801415420468e-12,-1.9058919860292665e-11,-3.4136338731987222e-12,-3.2378604759531595e-11,-6.805330421397473e-12,6.559512524702267e-11,7.073981231265472e-12,1.630197146675906e-11,-2.4266217541116343e-13,8.078260926635362e-12,-1.4333035437740104e-11,2.6617173404576698e-11,4.763711036637273e-12,2.0277740097455765e-11,1.1514329617695667e-11,-7.326889853820335e-12,7.447687629180063e-12,4.410494853123657e-11,-1.234141064559912e-11,-4.933758578523221e-12
5.3142493302875375e-11,6.937286750765015e-11,-4.1024803117066585e-11,1.408765015348733e-11,-5.146514450080527e-11,7.140456726579624e-13,1.2958613820930923e-11,2.9993847709450984e-11,-5.5035284778824464e-11,-1.546384660997422e-11,8.41958334700229e-12,-2.261888922691113e-11,3.50818608436559e-11,1.4376298352105412e-11,3.9040440550057385e-11,3.7705126942622297e-11,-3.437590454332706e-11,-2.725894527975629e-11,3.504591300819249e-11,8.785668890237668e-12,-8.429070942253462e-12,1.0952997945509721e-11,-1.4278946479034784e-12,-7.336321963312928e-12,-2.480898127425278e-12,-8.083760605963431e-13,-1.5638052958603363e-11,5.330416587437826e-12,-2.2465409774890323e-11,-3.123425843410856e-11,7.477418840945418e-12,1.2749436019234268e-11,2.707854250663182e-11,-6.792596331229896e-12,1.7813765299388297e-11,3.192521980784363e-11,3.5105933183094296e-11,3.44345549164705e-12,4.747855661361113e-11,-7.0913961335759126e-12,4.272463429241469e-11,7.665721189745173e-12,-4.0293479811143677e-11,1.0231400514084116e-11,-1.4963686232637133e-11,3.455765829954963e-11,3.9459114241742976e-11,-9.432317124900802e-11
-6.296403951224148e-11,-1.8718915431943297e-11,-9.03417116664442e-12,8.753966067032622e-12,1.611020290882609e-11,-2.436203607805984e-11,-8.61055592337976e-12,-5.454900891887056e-13,-5.21702642522616e-12,-2.0101070798107105e-12,-2.8935832075014693e-11,4.905389984797222e-11,-4.382421136331464e-11,-2.6115310331721352e-11,-2.0214509754483007e-11,-2.427841486042609e-12,-2.1348003395989942e-11,8.34938112983519e-12,-4.42615161940468e-11,4.1308053568196216e-11,1.6601904101312868e-12,3.098948727027085e-11,-7.169670069322367e-12,3.7001725331664744e-11,2.8148199336412913e-11,2.103845550805267e-11,5.817989981902237e-12,7.537851660686987e-12,1.4111925062662615e-11,-7.878978988196267e-12,-1.9372707577917424e-11,3.849840000773365e-12,-1.0672042600523706e-11,-2.1832184479652976e-12,-2.197461706671251e-11,-4.684347870301716e-12,1.3465432555016395e-13,1.1705773601993307e-11,1.9422921980299934e-11,-2.6463407653143858e-11,1.703508339255932e-11,-1.735998665750636e-11,8.821273618866348e-12,-3.606125644935633e-11,3.286912402320353e-11,2.081201298961953e-11,-6.380271467258346e-12,1.1578573915814052e-10
-8.898985774374e-12,1.855300009054257e-11,9.098646052837406e-12,-4.428490053026275e-11,-1.5341622644679994e-11,5.046931170870916e-11,-2.3991631167008455e-12,-2.7246089537869366e-11,-3.712765755806982e-12,-5.608337252080285e-14,8.149845649534084e-12,-1.8092442875873368e-11,-9.233757499995141e-12,-1.6821099445918558e-11,-7.89687300049601e-12,-1.5401619223264619e-12,-1.1744834470892906e-11,-1.0443656920071943e-12,-6.4554830634924794e-12,5.8012549740032435e-12,-2.67636062708775e-12,-9.015460976451561e-12,1.0493647059113022e-11,-2.9077970648140657e-11,1.1779171928573783e-11,-1.3485682191633117e-11,-9.075085718234259e-12,3.6661013489505545e-12,-3.775975746601067e-11,1.8528424838474876e-11,-8.319409269611707e-12,2.249861822284605e-11,-2.2004348706504207e-12,-8.660018702468958e-12,1.4128620244231153e-11,5.754549262424863e-12,2.4767814425427373e-12,2.5011434819307986e-11,-1.5648135177472507e-11,-2.5408922272967335e-11,1.8683823291227886e-11,4.919290636614938e-12,6.804624325738493e-12,-6.4478826164412625e-12,-4.0032670157765386e-11,-6.277596085508174e-12,-3.69694292663525e-11,4.894456909321456e-11
-5.93857954307876e-12,9.443040017707354e-12,1.801542233712964e-11,1.852448495349043e-11,-1.4397136504858275e-11,-4.372950504935885e-11,9.003862310042022e-12,6.25029365619961e-11,-3.0438456667449795e-12,4.588127981133283e-12,-2.166670538915141e-11,3.601480348413461e-12,2.3619630838246155e-11,3.3038989439499045e-11,-1.9708756701259514e-11,-1.8057426319473403e-11,6.6072157920257355e-12,-5.3086340618418495e-12,-2.2232670029199812e-11,-1.9493299033769833e-11,4.06235919490002e-12,2.0744874089524317e-11,1.3330498971136233e-11,2.659140784981178e-11,-3.4204154334795145e-11,1.0232100785950955e-11,-1.788572181150312e-11,2.5966020813929798e-11,2.231746672150724e-12,9.606457758498707e-12,-6.329685118378322e-12,8.709233920870585e-12,-7.831471463964907e-12,1.383183345358469e-11,3.095242742195986e-11,-6.913379051926183e-12,-2.0802221557172808e-12,-1.2891325158976274e-11,1.0947307861751566e-11,-7.554471525575152e-12,-1.303304560717077e-12,7.503861270197527e-12,-5.5500874124998063e-11,-3.8757926344250065e-11,-1.2569949286228152e-11,-2.8628846666078776e-11,-2.3001034464728784e-11,-3.9057988549757094e-12
1.2772609657844847e-10,4.269764588422727e-12,-5.1966486456458525e-11,1.2664371500520673e-10,2.1309890291965246e-11,1.0019121738619785e-11,3.1587333573147995e-11,-5.211608299164832e-13,6.257728730082874e-11,-2.9128320472700484e-11,3.200485225016368e-11,-5.3797237731892727e-11,1.4604400357890856e-11,-1.5709933609681946e-11,-2.045945367359844e-11,-1.6849537153345138e-12,3.349332580912932e-11,-2.092290085730155e-11,1.7488016807409094e-11,-1.0316293480886233e-11,3.887630462262981e-11,-1.9130490514778682e-11,3.2368324269268714e-11,6.945729229070935e-12,-6.459968774050075e-11,4.4761319808267737e-11,3.377670216006525e-11,1.0051331534171086e-11,5.306185720953841e-11,-2.0182864861897884e-11,4.392438298831733e-12,1.3929272361682481e-11,4.353315962030275e-12,-4.624096230241782e-11,-1.079190314146187e-11,-5.6501598556644605e-11,2.2016866719424995e-11,3.067117359484269e-11,1.1432582764135343e-11,2.402396505373568e-11,1.451860985274398e-11,-7.389883338558813e-12,-2.1877530600154178e-11,-6.32593713110151e-12,-2.529817007255929e-11,1.1800878123433993e-10,5.622867534018969e-11,1.0590744366683263e-11
1.206721078968461e-12,8.16002233926147e-13,1.889416226458258e-11,-2.2133081528811534e-12,6.91867929719258e-11,-2.1896409936581577e-11,-2.6471891721920422e-11,2.515535779701984e-11,-8.107837778386186e-12,5.7902707812610654e-11,7.274931451480765e-12,5.0432689187353504e-12,8.128282741883233e-12,-1.1942255337078624e-11,1.6715705415766183e-11,3.5580949616723104e-12,2.2324550354634934e-11,-2.5226890486812642e-11,7.025776882673776e-12,-1.0787460405927697e-12,1.134388213609881e-11,1.824386079221769e-11,-2.4037683199566905e-11,-3.441572662124481e-11,-3.562026370332456e-11,-8.540450775188797e-12,7.442209055472108e-12,-8.088190085749856e-12,-2.111675612717598e-11,3.622146627005786e-12,-3.52313388296045e-11,-4.146940382260665e-13,1.6360167669260255e-11,-1.0089192987223769e-11,-1.808419675084765e-11,1.344474291662202e-11,-2.0829211751969413e-11,1.021210007960047e-11,8.401728912233036e-12,-2.4716850788914055e-11,-3.243692069504049e-11,-2.460174227724831e-11,-1.0929806999511254e-11,-5.82871516489954e-11,-2.0301422826802346e-11,-2.7517423524815895e-11,8.473054567060291e-12,5.157371027891663e-12
-5.768928746352784e-11,-1.2818781154251968e-11,-6.89170855884149e-12,-6.500741031908738e-13,1.730903915782203e-11,-2.8387608281586014e-11,1.871709059922714e-12,4.9001168112017405e-12,-5.049480258739701e-12,2.822316480918922e-12,-2.3414851768517014e-11,5.245351017566237e-11,-4.5729774563524126e-11,-2.6941927879396803e-11,-2.3218782551495005e-11,-2.799342336266026e-12,-2.4792800942343014e-11,1.3222488972301312e-11,-4.8368944996774476e-11,4.676321519669746e-11,5.723172005807132e-13,2.4765207369035067e-11,-1.1464260374688715e-11,3.7919954134803294e-11,2.5581708988524935e-11,2.7929447059750466e-11,2.2187462038739007e-12,4.9842116026565704e-12,1.6098954610732897e-11,-1.149858918826197e-11,-1.9114707325289104e-11,2.7037919968159052e-12,-9.915010179681486e-12,-1.9920545151453264e-12,-2.1618980026092257e-11,-4.870341722327578e-12,-1.4151317987842763e-13,1.2323199293482689e-11,1.9441662691035808e-11,-2.5804481066700616e-11,1.6952011774155816e-11,-1.6704471725454348e-11,9.45157807767632e-12,-3.585173243954292e-11,3.371604892323345e-11,2.309256934279857e-11,-4.7553054755062e-12,1.1868559938946763e-10
-1.4481846655135295e-11,1.488795009414942e-11,3.3313893289518344e-12,-4.393244466595026e-11,-1.7147525103266672e-11,5.185154146640091e-11,-7.881711250710678e-12,-3.248182813878303e-11,-3.645796715950999e-12,-9.733878875329652e-13,8.643639127432394e-12,-1.8462642224184777e-11,-1.0451164686410315e-11,-1.6481395600328347e-11,-7.378145052121335e-12,-2.0360328565416304e-12,-1.227731225893496e-11,-1.642893221190481e-12,-6.9118387968947804e-12,5.342040515766074e-12,-3.175992686730568e-12,-9.436165849397751e-12,1.0014198804907966e-11,-2.95091395447962e-11,1.133799153302903e-11,-1.3947748827858146e-11,-9.548233653245064e-12,3.2213510003740456e-12,-3.815255400387974e-11,1.808893884035158e-11,-8.698996218345272e-12,2.186345661189599e-11,-2.628317130433216e-12,-9.074561919566451e-12,1.3668732337837916e-11,5.268995096426153e-12,2.0168007021775494e-12,2.4541590790649735e-11,-1.617944935392206e-11,-2.6008657817051924e-11,1.8234834103924003e-11,4.124375116047299e-12,5.8289439118486985e-12,-7.643188164772574e-12,-4.15359944585253e-11,-8.323566554049775e-12,-4.057269695251319e-11,4.0515563251225955e-11
-6.767143438287647e-12,1.6304447611790407e-13,2.4669206725497517e-11,2.7165768408639948e-11,-1.880955043784465e-11,-4.368129057408913e-11,7.137234552634313e-12,6.079116516127742e-11,-1.744515843982823e-11,4.4549584626889346e-12,-2.3235396525481438e-11,-9.982899436553619e-13,2.3560702554450643e-11,2.49998552008952e-11,-2.2952952955942006e-11,-2.018871916428947e-11,5.123576964614015e-12,-7.274240112763777e-12,-2.211273991927379e-11,-2.202121104826743e-11,3.5844328117623547e-12,1.864513049765623e-11,1.2364598074863002e-11,2.4993532678218748e-11,-3.6088024106021295e-11,8.860211453103129e-12,-1.8073496997070247e-11,2.4722218344204352e-11,2.0838490383415166e-12,8.657160406757356e-12,-7.289152951268697e-12,7.745332417970075e-12,-8.679157629886536e-12,1.2517921484944101e-11,2.96971286977221e-11,-7.48288071811083e-12,-3.0517271678711106e-12,-1.39960510270818e-11,9.901037306185542e-12,-8.730605851429582e-12,-2.6758260040661202e-12,5.90164434965042e-12,-5.730527345791074e-11,-4.121525337027781e-11,-1.5493766677015516e-11,-3.3017186681449325e-11,-2.9961342407981994e-11,-1.9819556679748846e-11
1.1060593463716202e-10,1.6034152094928957e-11,-1.95368900225506e-11,1.273063097585089e-10,2.634377969357663e-11,1.6888684176919124e-11,2.7974823487847015e-11,-4.5546158312952955e-12,5.512749839512286e-11,-2.5700158517068397e-11,4.294213777002217e-11,-5.5300832930712426e-11,1.0012185666318105e-11,-2.073416966678281e-11,-1.6293548070615413e-11,-8.666747461831658e-13,3.065864206577711e-11,-2.2168507483083456e-11,1.4999507700831287e-11,-1.697526071906233e-11,4.279537092830204e-11,-2.217545556696325e-11,3.2173829556105006e-11,1.1756168611413023e-11,-6.242483613528908e-11,4.844436846839447e-11,3.391428716233365e-11,1.3565556487181646e-11,5.675800861344232e-11,-1.656750438326187e-11,5.405185799405402e-12,1.731931206553841e-11,4.9460456100238375e-12,-4.501469094678514e-11,-1.1125010774642022e-11,-5.4963354824786526e-11,1.999273255757039e-11,3.063231946722395e-11,1.0882828865174187e-11,2.3114928875631098e-11,1.3931317986588099e-11,-7.958254820317313e-12,-2.2977541668511063e-11,-7.670322989320567e-12,-2.644028512728958e-11,1.1653202660313e-10,5.275599309641828e-11,6.11017082409434e-13
5.381742513785985e-12,-6.718461798447539e-12,2.105438623409588e-11,4.219309283038262e-12,6.247083137474092e-11,-2.661603861691003e-11,-2.966202159273186e-11,2.0246508760849227e-11,-7.800915967074315e-12,5.643310311385583e-11,1.047105354484317e-11,3.500463957599523e-12,7.617025421191211e-12,-1.3538645944444554e-11,1.5879309790261047e-11,4.1103773168388606e-12,2.121711593094724e-11,-2.5954368159461238e-11,1.0067427456785227e-11,-3.653268944548328e-12,1.0898529649150655e-11,1.4416268597673815e-11,-2.7588035190390864e-11,-3.414285245646692e-11,-3.4821620417153426e-11,-7.363619785280722e-12,5.215627844275531e-12,-8.048485598644822e-12,-2.030004507905085e-11,4.4175035577404106e-12,-3.375818190454605e-11,2.4561539764122364e-13,1.7314468108698276e-11,-1.1494466212818584e-11,-1.8046458309590008e-11,1.3734608122048737e-11,-2.0750739753180763e-11,1.0437840719944383e-11,8.703779643971578e-12,-2.4560692355841405e-11,-3.2124527842684534e-11,-2.4413019282164827e-11,-1.0660175309216036e-11,-5.771361040018778e-11,-1.954674813476555e-11,-2.6613827792460118e-11,9.521412092284e-12,2.0455275793769344e-12
-1.2049377336545693e-11,-7.602861475234511e-11,1.0317495201228494e-11,-5.160262766668882e-11,-2.8609722626148116e-11,-3.841455953361671e-12,9.280841823132853e-12,3.1907863563778876e-11,-2.9118495523695486e-11,-8.826264776916203e-12,-4.911253335255287e-11,-1.2140800079973146e-11,5.12453731174868e-11,-5.738290617705259e-12,-2.4461197370703177e-11,5.6795662742575085e-12,4.33085317264135e-12,-2.820421919859481e-11,4.025233745019111e-11,-8.159227993726733e-12,-1.1934500125899954e-12,3.415706430120984e-11,-1.0281358677893637e-11,1.7039117157451785e-11,1.0085686136751136e-11,4.494277134691614e-12,-2.3371163089088785e-11,5.223578016127609e-12,1.9588840402057065e-11,9.678847426198515e-12,7.301134785206328e-12,2.1682674714154663e-12,-3.78101618644992e-11,1.4852101648698867e-11,-1.3978251297224856e-11,3.066105664538158e-11,-3.240628271892301e-11,-1.0523413237177271e-11,1.7103980708216108e-12,-3.300318891259561e-11,2.9255066928862926e-11,-3.092421802946683e-11,-3.903116462113674e-11,2.6420309553258992e-11,-2.675042945680897e-12,-2.8447373773450962e-11,4.9241356431290495e-11,-1.3836020094137932e-11
-1.1611867628616609e-11,-1.1622499092003163e-12,2.222956101832456e-11,-2.5607743655073497e-11,5.1359257186443116e-12,1.1009421983340187e-11,6.372807806207265e-12,-3.9869513529479886e-12,7.62350287346809e-12,1.3614631708641252e-11,9.031116408273317e-12,-1.0105786259050068e-12,8.705223113167604e-12,-2.868592968788365e-11,-2.2146587033784492e-11,-2.7941050316622897e-11,2.3485574386029187e-11,-6.667567008347717e-12,1.0563943571768276e-11,-1.1499041677707762e-11,1.3774603122459202e-11,-3.1983472534843703e-12,-2.1719712794266352e-11,-6.2809427813235345e-12,2.6781835701863712e-11,-9.635830003104818e-12,3.8232250110133735e-12,-2.4903027044900125e-11,4.0809648968159605e-12,-4.471859297641944e-12,5.594385937329155e-12,-1.5198051514847197e-11,-9.402874963784742e-12,-2.5771281270577694e-11,6.1402532428778175e-12,1.7138992232483089e-12,1.2104228404270782e-11,6.559982564320071e-12,-6.088494224218543e-12,9.132002043118326e-12,4.321682950740169e-11,-1.4573899134366986e-11,-6.826144817518002e-12,7.636277684391325e-12,1.7813560540956896e-11,-1.829418574880309e-11,6.387312369299971e-11,8.806665263032409e-12
-2.779474333849187e-11,-2.746730461126894e-11,-1.0812766740746265e-11,8.501664794973325e-11,-5.603923672372629e-11,-1.5273356650204233e-11,3.7953126502355604e-11,-4.09224286148033e-11,-3.414188138697366e-11,6.752057220050872e-11,1.7793113021200192e-12,1.2479876281335529e-11,-2.7187335438751785e-11,4.92990699862808e-12,-1.846174820231038e-12,-2.053707629029657e-11,-6.103632026602088e-11,-4.587295931696044e-11,3.1830661199138455e-11,4.521177368327227e-12,-2.929213202874938e-12,-3.5677986720310527e-12,-1.0948589844223331e-11,6.084464007833308e-11,4.2246921052782326e-11,4.6367222933829626e-11,-1.1229142583689702e-11,-2.028125887252418e-11,2.1494398376725778e-11,5.837182331153314e-11,3.1410053379189664e-11,6.157378518020029e-12,1.0779760681609059e-11,-4.6626891629171126e-11,2.1160174782354583e-12,-5.609525432945896e-11,5.351535983717688e-13,-3.0020352446092985e-11,2.1637345654237472e-11,-4.2295364242467456e-12,-2.1106081437085488e-11,5.0198680247584314e-11,-3.93607136214412e-11,3.722355903565937e-11,4.6024683490071104e-11,-8.478095769281622e-11,-2.9717672432306704e-11,1.3822618423586984e-11
2.4534267978161052e-11,1.2879784935221542e-10,-5.926472273711712e-11,-4.813195096617343e-11,-1.9382723454328047e-11,7.057458725423021e-11,-3.624858881285534e-11,1.4804059842658768e-11,-2.2715940018242676e-12,-2.324517643856719e-11,-4.143970515097127e-11,2.071636657358469e-11,7.938222149935192e-11,-3.555015590312289e-11,2.8217173922195538e-11,1.1798888871754123e-12,1.3551825423776308e-11,-9.661979680571491e-12,4.948407740060527e-11,1.6781842777005652e-11,-6.19629423824807e-11,3.163191973802197e-11,-4.197838014347945e-11,1.341394873925497e-11,7.821470319151544e-12,4.4468950809119864e-11,1.8694862233469797e-11,-4.0772521292032205e-11,1.8143385061558514e-11,2.8119541405072907e-11,2.3166479082921983e-11,-4.965583413330087e-11,-3.838380812913613e-12,-3.6865380454224617e-11,4.516857613388349e-11,-6.865080143020114e-12,-3.0816783564097875e-11,3.988565871479126e-11,1.3401307027863452e-11,-1.4308204741390287e-11,-2.42901975472525e-11,4.369701731313e-11,7.014077998905158e-11,2.695932499350414e-11,2.4903854229489927e-11,-4.051448872871904e-11,3.013343171540633e-11,-1.0369832944888508e-11
2.7470720339959692e-11,1.5537858487730214e-11,-9.19210988532257e-12,-3.660392497509715e-12,-5.121254211737442e-12,1.198956400846696e-12,1.2846957071127651e-11,2.367682670775061e-11,-1.1781560604705961e-11,-2.936576461872534e-11,-5.722268789614634e-11,-1.4551126768065046e-11,4.373177316917143e-12,3.233099712255173e-11,1.2968789732080425e-11,2.0945472539666887e-12,-3.464596780029345e-11,3.9830971526934986e-11,7.904439754711072e-12,6.815784168454224e-12,3.1799719264187305e-11,1.9490126122475128e-11,1.290121582700104e-11,2.055855598048476e-11,2.708048006174917e-11,2.020167762494989e-11,-4.2142334130046705e-11,3.804854278465751e-11,-3.101388735030087e-11,4.313493006684676e-12,-2.7531807242250858e-11,1.2243364777504019e-11,8.110823697167489e-12,-2.5352754358431854e-12,-1.2712239936012479e-11,-3.5811158797212925e-11,1.7404350689964105e-11,-2.3067214516328977e-11,2.6979893284857312e-11,-2.7715174069857808e-11,-1.4253448919771592e-11,4.523567404036332e-11,-4.5708938554190167e-11,-1.7926575577281104e-11,7.271188771882444e-12,-5.055653071233651e-11,5.7337599344482374e-11,8.686279589321051e-11
-1.0761543918828018e-11,-6.760066259249936e-11,1.434173464175858e-11,-4.696766526069479e-11,-2.8688792533653524e-11,-2.35320845335503e-12,9.91281923349936e-12,3.332588041394136e-11,-2.8998967778249427e-11,-8.250733987007063e-12,-4.879064605888334e-11,-1.207889045407985e-11,5.121200478226265e-11,-5.806275509632852e-12,-2.4620393974911682e-11,6.765979309508389e-12,3.6915943049561e-12,-2.814906364494923e-11,4.027674063389351e-11,-8.308128720452978e-12,-1.3600723214710587e-12,3.4012031493551456e-11,-1.0542412034759575e-11,1.686808790251199e-11,9.948221055394842e-12,4.3479095754075625e-12,-2.3559716157122778e-11,4.903825001570896e-12,1.9361185818673768e-11,9.432358262172374e-12,7.042148072012382e-12,2.002800426166975e-12,-3.8038284894123826e-11,1.4560868475588165e-11,-1.4212299173863284e-11,3.0325259549514974e-11,-3.2672671347297576e-11,-1.064731224528326e-11,1.4247233631166912e-12,-3.327869424667455e-11,2.878347790972864e-11,-3.1606319446282554e-11,-3.985495200442131e-11,2.5287526895591032e-11,-4.271960727955865e-12,-3.075542137516699e-11,4.511478470727367e-11,-2.6249074088712075e-11
-1.3218692472668442e-11,1.3239518433256817e-12,2.0394980679210124e-11,-2.0698405905370604e-11,6.370354977738308e-12,1.564975114569464e-11,6.437153226166733e-12,-4.341055360170576e-12,7.569218729193211e-12,1.424403991799111e-11,9.564278090552395e-12,-6.201450401218555e-13,8.473080029767978e-12,-2.8633528098924106e-11,-2.3762166012633553e-11,-2.505524715008987e-11,2.451118737931518e-11,-5.843827970396342e-12,1.1423943263850882e-11,-1.193801823178626e-11,1.3304056984090607e-11,-2.652453709836574e-12,-2.0912761903272243e-11,-5.847133928738948e-12,2.6632011546722402e-11,-1.0631495091526612e-11,4.259139792379648e-12,-2.275689236524527e-11,4.379145283726475e-12,-4.276291361090263e-12,4.717015753296491e-12,-1.620368514874272e-11,-9.795250515792536e-12,-2.612890974991447e-11,5.87511541979422e-12,2.6278500901721444e-12,1.246646208943743e-11,6.916346324974452e-12,-7.385674524690872e-12,9.106529673562588e-12,4.341270166013647e-11,-1.4453114986499155e-11,-7.367974145524012e-12,8.049709866352855e-12,1.7140039379688627e-11,-1.8358967735302166e-11,6.356314741843725e-11,7.891855235435386e-12
-4.967463725371398e-12,-2.4023846555358234e-12,-2.169351620420394e-11,8.231600243477189e-11,-5.450589501988775e-11,-1.907473878703702e-11,3.9590185370550004e-11,-5.507937807505051e-11,-3.464783019417069e-11,7.33626201781575e-11,5.787228614248005e-12,1.2182193112235931e-11,-2.3355998332862313e-11,5.34237686339647e-12,-5.550365971833425e-13,-1.9927405239008872e-11,-6.316190033248438e-11,-4.616790096704737e-11,2.9867312196089745e-11,3.5034032792505395e-12,-1.7834926364193863e-12,-4.1193890360333976e-12,-1.143664195225973e-11,6.045379386001111e-11,4.195136657247599e-11,4.6047517771602153e-11,-1.0768492789524604e-11,-2.1306224907920552e-11,2.173004858977073e-11,5.892964405795143e-11,3.244069494979039e-11,5.2982511199478965e-12,1.0830620793447525e-11,-4.7396321170125443e-11,2.212016882524827e-12,-5.719438333135566e-11,2.2454799914398158e-13,-3.100527471525687e-11,2.2367806352887783e-11,-4.17216528157015e-12,-2.1997961252227015e-11,4.926739040426815e-11,-3.943404870509453e-11,3.742588582866869e-11,4.589856927442584e-11,-8.447212077814367e-11,-2.8897645540802483e-11,1.711796353998749e-11
2.8462571727238004e-11,1.1276497512538498e-10,-6.486802509284809e-11,-5.029449003817156e-11,-2.092186772631045e-11,6.371269244191668e-11,-4.9345086706513337e-11,2.7601726047498155e-12,6.260277724150959e-12,-1.668533005325391e-11,-3.946712767748296e-11,2.024103689238098e-11,7.948480628174397e-11,-3.672001712341781e-11,2.7349293114346498e-11,7.768838392888304e-13,7.929606828664086e-12,-8.34765932002956e-12,4.6803597820675876e-11,1.1705021788905373e-11,-6.280923770705665e-11,2.793535013808662e-11,-4.0780033002648354e-11,1.4417443224605797e-11,5.601089246095383e-12,4.4500736311488657e-11,1.98070261536807e-11,-4.340681167920381e-11,1.7385867817755703e-11,2.828453425385178e-11,2.1361063166350048e-11,-5.016636427812825e-11,-4.925156141587969e-12,-3.743396533236309e-11,4.450891710346601e-11,-7.739783817545696e-12,-3.180006091233094e-11,3.946510838138322e-11,1.3057227315142624e-11,-1.4981489893983117e-11,-2.52370451964742e-11,4.311383930725553e-11,7.008829290838998e-11,2.6164384512140285e-11,2.347475712998366e-11,-4.143569517250001e-11,2.92520059504748e-11,-7.597882544983612e-12
8.042155033033717e-12,1.2363737154725674e-11,-3.33309150208153e-11,8.451139386813455e-13,-8.122962350769394e-12,7.955568590937954e-12,9.460783429786617e-12,3.0016432066991366e-11,-1.1944166678963935e-11,-3.5485884993072486e-11,-5.852592313467297e-11,-1.2901634327141947e-11,2.8630576658998827e-12,3.1758244048027085e-11,1.4904607311264376e-11,-2.201780578755028e-12,-3.678934461164017e-11,3.8206724590535883e-11,7.496525401912358e-12,5.6666497271433685e-12,3.1393848545186165e-11,1.806014091919399e-11,1.2151041074067093e-11,1.9661097647583316e-11,2.6287229499663225e-11,1.934857444256355e-11,-4.2884184016365965e-11,3.678177534806036e-11,-3.159555489947878e-11,3.358001592695041e-12,-2.825231374693264e-11,1.0378662424157285e-11,7.990042778327826e-12,-2.1107282950585035e-12,-1.3544718978412153e-11,-3.64468365734444e-11,1.6506664512268022e-11,-2.3719564304857948e-11,2.603294510447219e-11,-2.8647145390158182e-11,-1.52668965937291e-11,4.417444861153187e-11,-4.673878841929111e-11,-1.8689002441002608e-11,6.3903249823204275e-12,-5.156316941315378e-11,5.6048822240519353e-11,8.658007242335317e-11
7.032959554971293e-12,-1.2989903725375201e-11,1.9586099418154172e-11,7.19802403229499e-11,2.53058495763751e-11,-3.0690864800743016e-11,-3.313113891422056e-11,-7.235935656209443e-12,-3.6115675569849834e-11,-5.508370402561848e-12,1.4397185101947119e-11,2.1185538949120237e-12,3.2572479696258007e-11,4.713140282702224e-12,-1.3177203642739472e-11,2.8994591342742703e-11,5.3838197158824543e-11,-8.97625858211911e-12,-4.257266545060312e-12,2.5130400946481692e-11,2.960512746773029e-11,2.3164727610336943e-11,1.4478158374119152e-12,-3.783343615162184e-11,1.3698757496843203e-11,2.6814499136340233e-11,-8.314068884374813e-12,1.859178916931788e-11,8.310435129276191e-12,1.8129964466990293e-11,-7.297818196618263e-12,-1.044334233921227e-11,-2.021876694925957e-11,-1.2068422434531648e-12,1.477378944234643e-11,1.3513402621464124e-11,-7.875305257004829e-12,3.9929753236090954e-11,8.21877165837327e-12,-3.207820616780485e-11,1.8545234647339057e-11,-1.8699910381812306e-11,6.86149870862695e-13,2.402437983604809e-11,-3.354981324754685e-11,2.773226481663962e-11,3.198013233227337e-11,4.747835270647628e-13
2.4350572366675762e-11,-6.14371631186561e-11,-5.825829588099643e-11,8.35308780576923e-12,1.336698000628459e-11,5.4286935698597725e-12,-1.854082032804449e-11,5.672239413616367e-12,4.6074588148163804e-11,-8.428696718597397e-11,6.6522896901353844e-12,-4.079344097649962e-11,2.8251470851266976e-11,-1.2077686456012263e-11,-1.6825720100395337e-11,1.2373653092211665e-11,1.6444154408101942e-12,1.612496360144901e-11,8.701069176556843e-12,-1.7166714241881968e-11,3.765686804144535e-11,-5.5750572497197834e-11,-1.7164117273047535e-11,3.148716531176855e-12,-3.626440951123915e-11,1.0033276237125518e-11,2.870199119211286e-11,3.291588133658645e-12,-1.488987136850038e-11,1.5789288150178534e-11,3.166924537511389e-11,-4.680679944951992e-11,-1.595911363120111e-11,2.3924129822977962e-11,8.553965148023499e-12,-1.2741975548615292e-11,6.45861102447312e-12,-3.9919873150438447e-11,-6.988918384622383e-11,-6.766147659492222e-11,-2.5373032848021587e-11,1.4786415721039094e-11,-4.8463473420099457e-11,5.6988186569072184e-11,-7.037690182705979e-11,8.951679071424082e-12,1.1373240928084474e-10,-1.6907028341667205e-10
1.3156332369097544e-11,-5.431476720915562e-11,1.2557707130807794e-11,3.482143771836931e-11,-5.272166278572209e-11,8.15212339492915e-11,-1.1408961192917008e-11,-4.866991953958109e-11,-5.744990525642618e-12,4.27911931178481e-11,1.7654225317837738e-11,2.451097771050773e-12,6.631527871142847e-12,-1.0863665703538548e-11,2.1961997084711988e-12,-1.5573374534163022e-12,1.1379423893126177e-11,2.0896678940813097e-11,-1.1244963488911751e-11,9.184559607924406e-12,1.9606898134996745e-11,1.3431797287790964e-11,-1.5199762058645113e-11,4.1496323915565585e-13,1.292365527998044e-11,2.315029315094349e-11,2.204940850163461e-11,4.302880761005814e-11,-5.4933464009069015e-12,-3.260987016566861e-11,-1.7905660122975756e-12,5.381346825395085e-12,-3.8156146240044084e-11,1.9667711693193217e-11,2.3298236165458954e-12,-8.373640948322074e-13,-3.9412805684886683e-11,-1.7824045440590737e-11,2.342526461675333e-11,5.67878531816959e-12,-3.5182947414536485e-12,2.491454053610787e-11,-6.465990426702229e-12,-2.055203507844533e-11,-1.7035980910386707e-11,-2.044396951446481e-11,-1.2757198298888687e-10,1.0907961495488426e-11
-6.48062230465549e-13,2.358405745770159e-11,1.9612158751238934e-11,5.438480192876681e-11,2.7400903256012776e-11,-2.596690899196481e-11,2.4798763208307744e-11,-1.1078117681115996e-11,-1.6593568685741752e-11,-2.895758895688054e-11,-6.454002135311465e-11,2.1005618630309337e-11,-2.0332175735997612e-11,3.1589682995335e-12,1.8381924691477127e-11,2.464339717050489e-11,3.64606570936971e-11,-1.8377600744757354e-11,-1.624289022835393e-11,-1.490792119201079e-11,6.09014835269981e-12,-3.4275592441805526e-11,3.109148849189994e-11,1.2754420076484611e-11,3.1809909819078595e-11,-3.454288656361098e-11,2.9639707567030964e-12,-1.0260109779060019e-11,2.006476668273014e-12,-1.0923499730910334e-11,-8.512632822935676e-12,1.016474868898837e-11,2.927371328377964e-11,-3.041470657476433e-12,6.528281485867827e-12,2.6972774054444333e-11,-3.550130699447073e-11,-2.1108916482919024e-11,4.385868714580959e-11,-1.2109749749481915e-11,-1.6760459512057517e-11,-6.547818770650358e-14,-7.2718078308039364e-12,-6.103039478928666e-12,-2.43131920741998e-11,-6.319360373086232e-12,3.539310973577415e-11,6.389527380559166e-12
-1.4798603814134808e-10,1.069394935643743e-10,-2.089853897940472e-11,6.572352882355579e-11,3.363404402211955e-11,-4.234933189123574e-12,4.7506601709316915e-11,-4.7680569475530117e-11,1.7189246511379477e-11,2.4357878475973835e-11,1.246790911815949e-11,-2.8384313414836833e-12,-4.3132557626492346e-11,-2.5211376663856908e-11,-1.5649034115032037e-11,-1.6609249034671e-12,1.541152917762362e-11,4.001008658098565e-11,-5.73219033277369e-13,-1.275542469767957e-12,-1.3135460162846366e-11,2.4717656708749375e-11,-2.288608586849215e-11,-3.084256366139752e-11,-4.456607918117142e-12,-2.841876613224465e-11,-3.308704076781406e-11,-3.265917745861284e-11,6.083811798926036e-11,3.249962415758471e-11,-8.719058544740977e-12,5.455254456861583e-11,1.9545389793204892e-13,-1.6229153313852084e-11,3.799081181858297e-11,1.2079869052415286e-11,3.587431446378742e-11,-6.067938530097401e-11,8.615530322992992e-12,-1.6030671878848292e-11,-4.081850410677068e-11,3.2309967407315395e-11,5.702619270523912e-12,2.4988626398307706e-11,-6.154344153661416e-11,6.88894931719705e-11,6.028768640372822e-11,-1.1685901327870078e-11
1.691741283203135e-11,-1.9536252923247497e-11,2.2200530465033994e-11,6.922644472034445e-11,4.706405282029546e-11,-2.6802162674537615e-11,-2.8668789105901774e-11,-5.130073763098677e-12,-3.2725002696118914e-11,-4.8557744176969106e-12,1.5997705716879696e-11,7.460610808413698e-12,2.9782383171303546e-11,9.81296178769961e-12,-1.1290092930891413e-11,3.095195044568246e-11,5.322259241346625e-11,-8.793717985118956e-12,-1.720985014239502e-12,2.246661988239993e-11,3.53463303898192e-11,2.4222855485629668e-11,4.720544954864368e-12,-4.093496981108628e-11,1.2332651941099028e-11,2.9781184084104246e-11,-7.258991026576075e-12,2.0940578272671977e-11,7.604935919557084e-12,2.184919004896797e-11,-6.024977934288444e-12,-1.2797094743943507e-11,-1.9428014480123194e-11,-1.2231638723959006e-12,1.477293563227189e-11,1.2950130795212275e-11,-7.755583404930876e-12,3.965891037938429e-11,9.626092536400688e-12,-3.309306493846642e-11,2.2346295654439056e-11,-1.7544110961464085e-11,1.7561353954816296e-13,2.6033333002129542e-11,-3.2864682514807995e-11,3.001805790432651e-11,3.259010553276592e-11,5.824431198024538e-12
2.627888179837352e-11,-7.788408764780534e-11,-7.297040907605659e-11,1.5510294497891254e-11,7.41588054088852e-12,-5.090498981233298e-13,-2.3365425248847938e-11,-9.193643536563878e-13,5.1619061204600274e-11,-8.812482999438813e-11,1.0150632379841696e-11,-4.083736888245589e-11,2.8186211462235252e-11,-1.7778747065890082e-11,-1.7415647853307216e-11,1.599739224391511e-11,2.520710962735783e-12,1.316059524146835e-11,5.088003550598209e-12,-1.811226249004358e-11,3.661260323560641e-11,-5.973455527046514e-11,-1.490621019018888e-11,2.2734174579258534e-13,-3.8651212850445926e-11,9.864581648043623e-12,2.551293127862183e-11,2.1267155515718604e-12,-1.6629350459672378e-11,1.5591746180000115e-11,3.116264054385427e-11,-4.809161923556003e-11,-1.6097773614723378e-11,2.2745577195152995e-11,6.898569017867652e-12,-1.3690494267546093e-11,4.009970361199489e-12,-4.170222363718475e-11,-7.106493847398014e-11,-6.942928117182164e-11,-2.6467419439143673e-11,1.3315799604942289e-11,-4.933323407687259e-11,5.4523424785953545e-11,-7.266497898606558e-11,5.521074156922003e-12,1.094345893109552e-10,-1.7626753078166346e-10
1.585462704083488e-11,-5.66546376845861e-11,1.700446719402334e-11,3.748867655121078e-11,-5.4983884590543284e-11,7.488391976256938e-11,-1.324617145035612e-11,-5.457030517721249e-11,-7.015956509136029e-12,4.12182257799465e-11,1.5087040613751733e-11,1.223939014705921e-12,5.132921715770173e-12,-1.2702408686614718e-11,7.680153765742496e-13,-1.576135959500664e-12,1.0388925688465265e-11,1.9984963011764525e-11,-1.2562486299481285e-11,7.756745910807426e-12,1.8654483658192458e-11,1.2368974217828449e-11,-1.612330645819649e-11,-6.804268671653963e-13,1.2029813918353699e-11,2.1898437582407002e-11,2.118214280476854e-11,4.240826148257226e-11,-6.4856239626598715e-12,-3.382229485589105e-11,-2.4284983622558406e-12,4.558036707029551e-12,-3.93306858374266e-11,1.874243023342168e-11,1.4858196230685955e-12,-1.7171855081919558e-12,-4.039637124486461e-11,-1.8726377860538915e-11,2.241598886218421e-11,4.52883137484746e-12,-4.7800717160669474e-12,2.3777818453364305e-11,-7.834312546344967e-12,-2.2401242842296415e-11,-1.9064563425758476e-11,-2.3031794458650293e-11,-1.3098944894211663e-10,5.33393528598845e-12
-9.579801744922329e-12,1.3595894814617427e-11,5.2616779453839896e-12,5.0455236776327515e-11,1.3168989909561203e-11,-2.2368552600137917e-11,2.5200761029562538e-11,-6.743602605301723e-12,-1.8153751503997244e-11,-2.7909085518490365e-11,-6.153594279807361e-11,2.1062187578216117e-11,-1.8684550367076903e-11,1.6182984533371083e-12,1.8891739986363063e-11,2.540670404984568e-11,3.543433168521137e-11,-1.754066664065869e-11,-1.5932434827655873e-11,-1.4581849189227398e-11,5.889827770567776e-12,-3.3522577582035246e-11,3.067827883068065e-11,1.38596107440124e-11,3.155747443645115e-11,-3.285841362255839e-11,4.284697977988509e-12,-8.929615312487363e-12,1.8672055094549154e-12,-1.0135856720295784e-11,-7.319489337025242e-12,1.1160094621032406e-11,2.931627300526702e-11,-3.1151648996991613e-12,6.750450392065621e-12,2.7192939142148787e-11,-3.5367436414395195e-11,-2.079437243711978e-11,4.394033758856589e-11,-1.1976491173238546e-11,-1.6360832087678254e-11,8.717355298168037e-14,-6.85080249085838e-12,-5.876974310212568e-12,-2.3772712070369435e-11,-6.025506031754003e-12,3.548383324995323e-11,7.924214485948773e-12
-1.619233384280707e-10,8.498534665531309e-11,-3.169607452140805e-11,6.817165305521078e-11,3.7469029007611576e-11,6.855373526303803e-13,4.512574894008539e-11,-4.980629223676416e-11,2.531596956974712e-11,2.3584072540259956e-11,1.3898219585499268e-11,-1.2186445951587439e-12,-4.626798249506967e-11,-2.4738810999606513e-11,-1.6198652881334024e-11,-2.351760596003643e-12,1.7586834371204084e-11,4.0045359066418916e-11,2.014908945199888e-12,-1.7465383832409099e-12,-8.937711788338956e-12,2.475591226333255e-11,-2.3334692366787234e-11,-3.048185243337778e-11,-2.9933235971858674e-12,-2.658952508734292e-11,-3.560894501810199e-11,-3.2560871847142084e-11,6.049691517899151e-11,3.2375559716300384e-11,-8.440603645916687e-12,5.473531178358859e-11,1.3807980335817632e-12,-1.712236142590754e-11,3.7464384315639064e-11,1.3362588621295062e-11,3.712902660286344e-11,-6.286314390534533e-11,1.0288901385421468e-11,-1.5535554105546296e-11,-4.0458628977846415e-11,3.2715682797376106e-11,5.110229270806269e-12,2.6510146235730756e-11,-6.202809042412819e-11,6.997184949768763e-11,6.077934137215926e-11,-1.4005146629191267e-11
-8.984070988613921e-13,3.1473641942350285e-11,2.4805968775898557e-11,2.1285259028158044e-11,1.6415589841517417e-11,1.2369759832514536e-11,2.3990097413249353e-11,-5.987585266025818e-12,1.513872393957882e-11,-5.691003399910055e-13,-1.0418804664814279e-11,-1.3408399714402823e-12,6.389046718360706e-12,1.1954706209994112e-12,4.683398769764047e-13,7.73393873306261e-12,7.645438158280043e-12,-6.055565904754937e-13,2.2458116177977942e-11,1.7114746460794265e-11,-7.76542412169696e-12,6.065392108186869e-12,2.6630831505649185e-12,-6.48160397045923e-13,3.329542632762501e-12,-1.952350544650136e-12,-1.2521480641707953e-11,-4.7845923463170406e-12,-2.4052902295601747e-12,2.6661830950141184e-12,-3.3195659460586535e-12,-4.350361908972875e-12,-8.557622094260424e-12,1.319202492240749e-13,1.6530324968740202e-11,5.311511996693545e-13,-1.2468141131704177e-11,-7.402905393247922e-12,5.128617473107368e-12,-4.2962313084436154e-12,-1.1956068869120664e-13,2.3491224697504565e-11,-7.012330094502146e-12,2.5757547564449415e-12,2.3874063973110606e-12,-2.136996695746848e-12,1.369197028392101e-11,-2.005668897045349e-11
1.0958896697091281e-10,-9.441819311090542e-11,5.072935357546825e-13,4.547355431619583e-12,-5.822089624366626e-13,1.0358215270513128e-11,-2.3984745552794347e-11,-3.255160489193323e-11,-7.743667387633782e-11,6.00843958538595e-11,5.652269509272896e-13,-2.3910791309626136e-11,2.896593219895048e-11,1.5632208538424918e-11,-1.5991954875685086e-11,-7.600548667657152e-11,-3.1436488876121844e-11,-6.176593524427577e-12,-4.179747621275319e-11,-1.4466104575610776e-11,1.1349330611791453e-12,-4.904281695931957e-12,1.8602843950595752e-11,7.819349491401049e-11,7.00827584742488e-11,-1.9595065839968217e-11,1.8612659525876508e-11,-2.0983293155809898e-11,-5.7112701168683284e-11,4.831133214604978e-11,-5.695065032357894e-12,5.784317747006204e-11,6.447702785594736e-11,2.6256639136074678e-12,5.906069081335421e-11,2.051384477069282e-11,-6.772248119940588e-12,-8.643441726465728e-12,3.6464565770340517e-11,6.01676778987325e-11,6.997495332022576e-11,-5.3088412690724493e-11,-1.1126862940703962e-11,2.3927044281908075e-11,2.6438842075677993e-11,-4.5394000038268755e-11,2.0680750827360818e-11,-3.449445708863361e-11
-2.181629082655464e-11,3.2717990941488786e-11,-3.828527607378466e-11,-2.2269547204150464e-11,7.348952596557479e-13,6.129264544382567e-11,-1.642985753125063e-11,3.607856801926146e-11,-3.281025738052131e-11,-2.3403492135241585e-11,-1.9207612214659617e-11,-4.900029706123474e-11,-7.05731257145596e-12,2.9359290433261747e-11,-3.373586068178486e-11,1.16336414126653e-11,-6.162258306228324e-12,2.309880701600629e-11,-2.8692459153437474e-11,2.1121506345921366e-11,4.2585213871204226e-11,-7.287866168667291e-12,1.4464242729052106e-11,6.6447334355704284e-12,1.1047380250531609e-11,-1.288231861038519e-13,1.8762079440473023e-11,3.593837631815861e-11,-7.492616872674683e-12,3.619387050089925e-11,4.908539690862913e-12,-7.633502629493889e-12,1.638066269561403e-11,-1.5642975659649593e-11,-2.1068805449337756e-11,6.774930359414757e-12,-3.010554059226038e-11,-2.6141184754564386e-11,-3.802596603025767e-11,-3.792870515881439e-12,3.061426593726087e-11,1.028246577582535e-11,1.1191666736948383e-12,2.200494704204251e-12,1.3415717239897482e-11,4.2859077685456e-11,-7.47386763838935e-12,3.4899771405223394e-11
2.0851055128954568e-11,1.7460982282444024e-11,3.236397438283538e-11,3.206705788935637e-11,5.920220977674615e-11,-6.462293391528168e-11,-2.1912811104672158e-11,-3.057288559488047e-11,-1.4156147013719752e-11,-7.856458625981721e-11,5.071344912825439e-11,3.379103458638299e-11,-6.246858564071724e-11,2.824677654466825e-11,5.135460257919733e-11,-3.697302172140996e-11,3.654775827368373e-11,5.033879446440979e-11,-6.584183381870321e-11,-5.5424752868116984e-11,-1.3651088194914603e-11,-1.4722581885901443e-11,-3.0657564348673923e-12,-8.87372275786599e-11,-1.2240775063801353e-11,5.351793920807203e-11,2.1407735117509877e-11,3.7214755011752215e-12,-2.630972105860841e-11,-3.501770978431347e-11,-1.4047901524094396e-11,3.874143842362298e-11,-6.722178012149494e-11,2.5095081845914723e-12,6.844049764257768e-11,1.3263175789578889e-11,-2.5285004011788492e-11,-3.690853788000721e-11,-9.644819982161025e-12,-2.6938001642177638e-11,1.8970546678822893e-11,-1.547754935733948e-11,3.37864345230038e-11,1.068691113416244e-11,1.1124260039707729e-11,-6.313305906991387e-11,6.252138058816166e-11,1.215573611424615e-10
8.60752210102772e-12,1.2092058033504535e-11,2.8500635349064425e-11,-1.0623441697228198e-12,2.6259716169672385e-11,-1.7057533025132017e-11,3.816635559059344e-11,3.2743785241214186e-13,4.203183562620439e-12,-2.2136206810245364e-11,8.299613437213639e-14,9.349997787967294e-12,1.2622955383780163e-11,1.455988275330374e-11,1.9980826776992324e-11,6.152360336916213e-12,-1.613937183688039e-11,1.7653487057042073e-11,4.699018993651585e-12,4.443383843185331e-12,2.5939012870203225e-12,1.5697158421044724e-11,1.532393206530171e-11,6.43171731275854e-12,-2.7502202213523886e-13,1.3177519646411573e-14,-3.882246925412611e-13,-3.6365919023841706e-12,-1.664999306097698e-11,2.1880709643377434e-11,1.0624388726744536e-11,-1.1458329606167911e-11,-5.136876990630066e-13,-6.5819953012385484e-12,-1.2796671229331924e-11,6.120640034809079e-12,1.4447303734627588e-11,1.2683535806683405e-11,-2.956896015558245e-11,-1.3539051615785465e-11,1.0132785739647195e-11,-3.0307931680872865e-11,-1.0640138627211181e-11,1.6971360074987568e-11,1.1380248730852491e-11,1.6864148447101342e-11,-6.603484163814318e-11,2.468488803344811e-11
-4.96515120121987e-12,2.8119931735454533e-11,1.8075716227672238e-11,2.0310053676507894e-11,1.5760343227422e-11,1.129751112013186e-11,2.1957809755467236e-11,-9.18959135392805e-12,1.3766003401068439e-11,1.6511717468523249e-12,-1.1151155104848396e-11,-2.387093129325228e-12,3.72552927073935e-12,1.3834387700880271e-12,-3.660107644485074e-13,6.154581222773282e-12,7.031388498808392e-12,-1.1446263081671129e-12,2.1147462926858133e-11,1.6685159704445217e-11,-8.162253138451673e-12,4.934168216386262e-12,2.158093688143601e-12,-1.053418473917571e-12,3.0526372269675265e-12,-2.3821692962128183e-12,-1.309969308374733e-11,-4.9520359472852575e-12,-2.68397599212718e-12,2.221247582730395e-12,-3.914418730895054e-12,-4.7939292029683064e-12,-8.96291498857622e-12,-2.325604486036453e-13,1.613322996684715e-11,1.5764248022435952e-13,-1.2997583607773258e-11,-7.754939319455928e-12,4.512178630055702e-12,-5.1815216113777575e-12,-7.060404460906254e-13,2.2810589963031387e-11,-7.79684611362622e-12,1.682359029461097e-12,1.2868637613219863e-12,-3.656504636812458e-12,1.1181619696937882e-11,-2.4428231244733145e-11
1.0140719998189448e-10,-1.0491753822941592e-10,2.5053216742183625e-11,3.723466063883455e-11,1.6385048938880406e-11,2.3006333014826992e-11,-1.760962201881968e-11,-2.3546382909704908e-11,-6.836805839354574e-11,6.240569131566561e-11,6.91381368724799e-12,-2.0384283784752382e-11,3.334337617547156e-11,2.071719258146663e-11,-1.232148729188347e-11,-6.870668448203007e-11,-2.3816110423083466e-11,-4.661644877256497e-12,-3.486165134399063e-11,-5.0739241649288986e-12,3.421015785517429e-12,-6.083680262378539e-12,2.0742192776641302e-11,7.924968129745021e-11,7.623870492999331e-11,-1.2234776747331592e-11,2.0428656723941904e-11,-1.5579239513371197e-11,-5.583956901466209e-11,5.342062955703172e-11,-2.3199828338058635e-12,6.267740938309202e-11,7.097770560820624e-11,5.025185456151955e-12,6.118560162499658e-11,2.2961600523760153e-11,-2.7490999867391474e-12,-4.987642236259733e-12,4.0869854451908895e-11,6.40751784506826e-11,7.418807515248819e-11,-4.8201296011963595e-11,-5.34563469309639e-12,3.1182593591611685e-11,3.642162578576006e-11,-3.334543050206214e-11,4.0067011416969575e-11,6.2823239700627864e-12
-9.840170599798481e-12,2.461145742439581e-11,-3.686912780180714e-11,-2.9535779113248744e-11,-8.392077050828029e-12,5.946285078336431e-11,-1.9210887964896458e-11,2.678334156799536e-11,-5.1231254363460066e-11,-2.4442950852004883e-11,-1.7326573594038606e-11,-4.863928816180541e-11,-7.809441748785642e-12,2.283151411060947e-11,-3.558763543087167e-11,1.0708849237800867e-11,-4.990002778677575e-12,1.8980527184206123e-11,-3.96159327135078e-11,1.1925635651324678e-11,3.903749489904755e-11,-1.1811603172160642e-11,1.239619589774642e-11,4.4901845290172054e-12,9.051670242645915e-12,-3.0153658392277686e-12,1.722395067564617e-11,3.4373087095943967e-11,-7.359681456226865e-12,3.638527849830854e-11,3.2687937899509216e-12,-8.899394047876368e-12,1.6702342734948468e-11,-1.6886037886405648e-11,-2.2551039784824284e-11,4.75160850120501e-12,-3.107897770046159e-11,-2.817310161573153e-11,-4.030864506777756e-11,-5.584200845214736e-12,2.812723639197306e-11,9.083638480852096e-12,-9.982752265024178e-13,-4.895155113643522e-14,1.0290591435574614e-11,3.9122958483424e-11,-1.4135414475670413e-11,2.1830677584149895e-11
6.804713835650771e-11,2.2898770400747087e-11,3.6656774062243504e-11,3.40578719790613e-11,6.412985355040484e-11,-6.84213451140526e-11,-2.0851547038542602e-11,-2.8318589079544695e-11,-1.4708098173401097e-11,-7.62257947718538e-11,4.898252157078894e-11,3.625640886114324e-11,-6.152217196867343e-11,2.824336066948646e-11,5.0252671571561116e-11,-3.60443576097886e-11,3.777466192675086e-11,5.292308096670514e-11,-6.711006509186736e-11,-5.4237136365859806e-11,-1.4025662354585648e-11,-1.4365070626487298e-11,-3.80268682499093e-12,-8.749274077741178e-11,-1.241962850796409e-11,5.4883410963736156e-11,2.2156938552520215e-11,3.909349622358326e-12,-2.5756911875524266e-11,-3.432532128413897e-11,-1.353278839582123e-11,3.97110450104136e-11,-6.660158042707276e-11,3.025656596210997e-12,6.926737213326278e-11,1.4042220837908217e-11,-2.4715651865954513e-11,-3.6034356185673585e-11,-8.662289996185653e-12,-2.622140000526425e-11,1.9495818698567505e-11,-1.4417760299247655e-11,3.565658924889862e-11,1.1924907665087589e-11,1.2769617415632643e-11,-6.1988478269165e-11,6.618979272056373e-11,1.297088680304287e-10
1.380272113847551e-11,6.335512063513378e-12,2.667827829872276e-11,-4.0440135235356995e-12,2.7507834793388334e-11,-1.4804041678366678e-11,3.780607216389917e-11,5.147236638161539e-12,3.0382096384679455e-12,-2.5610593862313037e-11,-2.396851027658549e-13,8.410178138595243e-12,8.060367541713503e-12,1.4995584156623046e-11,1.902663531479914e-11,5.693192658989316e-12,-1.6501883760587138e-11,1.7024791956050573e-11,4.161712981013237e-12,3.7682238462364915e-12,2.017103675993524e-12,1.507025422458119e-11,1.492833077378285e-11,6.038785966830996e-12,-6.753669917288859e-13,-5.408780210757911e-13,-9.375665907789214e-13,-4.0487756445052e-12,-1.693771496726634e-11,2.1492845989813836e-11,9.53311893676632e-12,-1.1944196874391639e-11,-7.733117657356286e-13,-7.0209251478746415e-12,-1.348881839214941e-11,5.607506097394046e-12,1.3879377409169404e-11,1.2010546666622853e-11,-3.0355699893278707e-11,-1.4308840830567257e-11,9.454599662102704e-12,-3.107487315183549e-11,-1.1750940742478411e-11,1.6041587997440444e-11,9.987531206317702e-12,1.5168935047691412e-11,-6.922996695273658e-11,1.89021187790791e-11
-7.228667713430266e-11,-1.2897547718116294e-10,5.7253057018551176e-11,5.879354328703675e-12,-6.282538130906852e-11,5.8152133931336466e-11,-7.47177431908405e-12,-2.8030319796738255e-11,6.539442237245728e-11,1.6376465216070847e-11,-4.477114950797586e-11,-1.2842142467936993e-10,1.8345331845593187e-11,1.74203376830978e-12,-6.071598079066068e-11,2.2467195714025055e-11,-2.866993170142888e-11,-2.78876162255989e-12,2.6408772294786466e-11,-1.2899015447745423e-11,-1.562305298404987e-11,-8.834954028311128e-11,-4.10212118478404e-11,-5.373766981884661e-11,-2.7131109564680427e-11,5.56834089267843e-12,5.364356020440192e-11,2.9091801983319137e-11,-1.8814859574177038e-11,-2.6342599231193696e-11,5.3357613344916425e-12,3.3288610796454815e-11,-1.2857916351838335e-11,5.759245144298963e-12,-2.966918601153828e-11,-5.753642266547591e-12,-4.214900872003231e-11,-8.037654476428321e-11,1.030695673019512e-11,2.1580206658113022e-11,2.0363914555594847e-11,7.163016514102733e-11,-3.857690470373828e-11,-5.0578629338921266e-11,-2.5213902053706313e-11,1.9793210875004885e-11,8.092852562929197e-11,-1.7722123183332817e-10
-2.6990499241967567e-11,1.8731933604851335e-11,2.1840435917989106e-11,-9.02451649877377e-12,4.707099396889486e-12,6.561392214277001e-11,7.769949537394051e-11,-2.523089334160731e-11,3.578228057929001e-11,2.4970645359237563e-11,-2.8296469209217972e-12,2.864394991881738e-11,-2.929710350588108e-11,8.757481910332358e-12,-7.225140046741425e-12,4.0955238804645793e-11,-4.2801432742091454e-11,1.4772396300246472e-11,3.088100067244131e-11,2.154533452927025e-11,-2.246305607588817e-11,-1.452082053272436e-11,1.9159939174550614e-11,-1.8423936476709186e-11,3.978744921867252e-11,5.5662602376871644e-11,-2.960682818359703e-12,-1.6765604257344344e-11,-8.089329941292834e-12,4.755656229096038e-12,3.482163482965464e-11,2.002630381272212e-11,-5.968951626428528e-12,1.9926983406821613e-11,-4.714423389079204e-12,-3.645659606265947e-11,-2.1062464883578288e-11,-1.3713731509442041e-11,-1.5337846132080904e-12,3.3493563422654074e-11,-7.941880846905667e-12,-2.246267426143462e-11,4.435084547927465e-11,-5.3388597746267654e-11,1.1431095958775217e-11,-4.585679638757963e-11,-7.633107857630346e-11,6.091407787020747e-11
1.660668846694366e-11,1.7961906920144844e-11,-5.535101596485105e-11,-4.945424989239301e-11,-1.3542078699065535e-11,3.7610478102387e-11,7.219571126555594e-12,-5.881326473728188e-12,3.4556317978632156e-11,-3.130835339730628e-11,-2.1989463710533683e-11,3.02605442428466e-11,1.303653390694444e-11,-1.1699749835365367e-11,-5.194612043629254e-12,2.3420132024496224e-11,-1.2555604545328655e-11,-4.57128983574841e-11,-6.987246454692075e-12,2.41358977863905e-11,-4.3007378298810357e-11,-2.120589835901561e-11,-1.2407884991553155e-12,-1.6292975712348935e-13,5.528005285881438e-12,3.47187219985425e-12,1.7407529336244767e-11,4.586643104114767e-12,-1.8198730071355895e-11,-3.137336258839043e-11,1.180520591962228e-11,-1.3736732961364499e-11,-1.7093944925756438e-11,1.1399958726525137e-11,4.807993795479794e-12,-1.2144591248753533e-11,1.847964114754857e-11,9.845039014574206e-12,-2.073546936415782e-11,1.8609329945737765e-11,2.9481592957549304e-11,1.0038717960602702e-11,1.6796726379106594e-11,-3.2390534210071733e-12,8.671229749053694e-12,7.1702033073867275e-12,3.3995703074486994e-11,-9.311566558537587e-12
1.8589799591566643e-11,-3.5699076710320226e-11,-2.4141114639535245e-12,1.365539183412701e-12,-4.832330631723193e-11,3.5382347151207197e-11,-5.7884289273186555e-12,-1.836881759681682e-11,3.08163880788278e-11,2.5614325458457784e-12,-1.522952308650902e-11,2.946735278461898e-11,8.44494854315783e-12,1.8051445631037038e-12,-1.1266253030139908e-11,2.7417586157982036e-11,3.034664539470727e-11,6.637058260734642e-12,-8.710690134481643e-12,-2.75824008815807e-11,5.8085825655124444e-11,1.6618393483117463e-11,2.6074965241991343e-11,2.0583856897934403e-11,-2.6074767840512055e-11,2.051342501226687e-11,-3.946981319803573e-11,-4.610027580271708e-11,-6.616807439101087e-13,-1.670690221190041e-11,-8.282027576276226e-12,-2.3869992254629472e-11,-2.913559736762174e-11,-2.637176975926139e-11,-1.5367559689694336e-12,1.6164696858212176e-11,-3.0014808778194794e-11,-2.0482303917585174e-11,3.5611789286102e-12,1.4335782978200842e-11,4.066441785477802e-12,2.8481412284634208e-11,-4.262367713591335e-12,1.6127136746754664e-13,-1.3867956310311878e-11,5.7276139615352165e-11,2.396697491753271e-11,9.075825473353748e-11
1.9224026523411684e-11,5.591686264207976e-11,-9.410182372304601e-11,3.6736747202872685e-11,-4.981447093239307e-11,2.117820255295111e-11,8.332324571768708e-12,6.247841701103866e-12,-1.6302003211012457e-11,-2.85058012129047e-11,2.0613889082177847e-11,7.900929564646491e-11,9.382344674140423e-12,-3.130915023225796e-11,2.0023870089572885e-11,3.87078975197578e-11,1.0609982980653348e-11,-3.0776797204030847e-11,1.7327316682761535e-11,-2.8123145430230374e-11,-1.7050411697586026e-11,-9.31840030472689e-12,4.479130447487852e-12,-4.381032038946094e-12,1.1507485634934871e-11,3.695733035249432e-11,5.116071335786969e-11,6.954005274495273e-12,5.674755789082887e-11,6.512477865054039e-11,9.452696377426494e-12,-3.787131918315136e-11,-3.5261106598853e-11,-9.015261275349836e-12,2.4158132910242517e-12,1.45543034718045e-11,5.396140207560682e-11,-2.5404852187326837e-11,3.02680441757714e-12,3.1250858017362643e-11,6.235119760225177e-12,-2.1821908027075588e-11,-2.8368600283095364e-12,-9.087867651435325e-11,-3.243993946037564e-11,-2.834895937380582e-11,8.941402962567065e-12,3.0047807677376875e-11
-7.821556314418028e-11,-1.1859421850933397e-10,5.078218900496943e-11,1.4067750913222343e-11,-5.478117667536437e-11,7.654130008650894e-11,-4.6301805873484845e-12,-2.645487408329996e-11,5.960467092754767e-11,-9.008270829600485e-12,-6.038342910262594e-11,-1.3659266163470783e-10,1.5773994116679712e-11,-5.055570468814793e-12,-6.167788090529815e-11,3.184297953918414e-11,-3.124603845569145e-11,-8.508895250504778e-12,1.5871864646070564e-11,-1.6056693639501395e-11,-1.900026194057174e-11,-9.416798126657357e-11,-4.730212602460398e-11,-5.511521566657711e-11,-2.926448854221612e-11,1.0104552209268297e-11,6.075012211072608e-11,2.7180418585134087e-11,-2.1705137554442035e-11,-2.9416877027739716e-11,8.881132923343353e-12,3.721221030627041e-11,-1.3144595922327428e-11,-1.717633444382234e-12,-2.913203004520427e-11,-1.6777185634185829e-12,-4.0257906152914235e-11,-7.868111178177062e-11,8.046116309467694e-12,2.1570047226319324e-11,2.2336265140687072e-11,7.145527708955087e-11,-3.9077675126108044e-11,-5.270536064963689e-11,-2.5690104714575885e-11,1.9713987463318043e-11,7.890376269177173e-11,-1.8224270394774252e-10
-2.4275584851547876e-11,2.005813189933013e-11,3.4251789842937224e-11,-7.067526590148008e-12,1.0347776453949131e-11,7.33884678219507e-11,8.516255758910996e-11,-2.03741305755639e-11,3.405342738055261e-11,2.553954697489619e-11,2.8933314081687476e-12,2.9073976910068857e-11,-2.4803512093453456e-11,1.0245361876977096e-11,-4.6527694125267e-12,4.328192618107062e-11,-4.0460801747816386e-11,2.032255442100366e-11,3.27868785893104e-11,2.2374157385020365e-11,-2.6023514776068735e-11,-1.3242091507457264e-11,2.0011401836046585e-11,-1.865155019770304e-11,4.1628995572407534e-11,5.701725432926322e-11,-1.6169926801545125e-12,-1.553291919021531e-11,-6.7310483378565766e-12,6.015838241557723e-12,3.6603997968899323e-11,2.1089829543456567e-11,-4.425911977414825e-12,2.1117739507085937e-11,-3.673057343715034e-12,-3.4974988617685536e-11,-1.964666260234971e-11,-1.1932813231829057e-11,2.394027904228747e-14,3.487962539171872e-11,-6.288975765971999e-12,-2.014614204667114e-11,4.674933485391509e-11,-5.056866716976654e-11,1.504193748841071e-11,-4.1037930459792824e-11,-6.972994853666074e-11,7.042408956832151e-11
2.637906183841834e-11,2.0064636392145236e-11,-4.882036371129547e-11,-4.08344725897667e-11,-8.697564597534399e-12,3.976434306349893e-11,6.5771729459106844e-12,-5.3730561797069064e-12,3.2491465087477356e-11,-3.013176992968475e-11,-2.035150440097396e-11,2.7459052238260312e-11,1.473184876270878e-11,-1.1483883194531672e-11,-5.724124037721312e-12,2.3983393763551765e-11,-1.2298211598832296e-11,-4.509434498564927e-11,-6.529317218569918e-12,2.4560788872717887e-11,-4.2394363036826966e-11,-2.100567672048799e-11,-8.193610274147972e-13,2.168566012943269e-13,5.8153338853038806e-12,3.733330537909047e-12,1.7655470332576026e-11,4.981886437711289e-12,-1.7717465870104654e-11,-3.026587884219788e-11,1.0552333691812955e-11,-1.3558023549680519e-11,-1.6205727765156003e-11,1.37799576120353e-11,4.385687180143128e-12,-1.25538755080379e-11,1.806007831920009e-11,1.0213174113656967e-11,-2.1201858704621554e-11,1.835940397275775e-11,3.00445800534957e-11,1.0588580513677663e-11,1.7156827869813287e-11,-2.846790768336219e-12,9.93275580868442e-12,8.937442241551073e-12,3.721009862908162e-11,-3.2043603033272493e-12
3.330963092816507e-11,-1.838131043873738e-11,1.1295948920984719e-13,4.816184899319271e-13,-5.346093564584713e-11,4.7119010151961316e-11,-4.4469325093620485e-12,-1.219504511697311e-11,2.2962076603096768e-11,-1.6160646253294276e-13,-1.915532537033679e-11,2.811964466509962e-11,7.141507481233942e-12,1.0909788952029896e-12,-8.983143904733321e-12,1.6163859635070814e-11,1.7426497779825562e-11,1.3832974215800297e-11,-6.104538503893206e-12,-2.4624181092868056e-11,5.6670847688863756e-11,1.4730251697279998e-11,2.4976824434276264e-11,2.2897546424427017e-11,-3.009749994767174e-11,1.8001595219228847e-11,-4.001225159913074e-11,-4.739483571724403e-11,-1.3889662274737441e-12,-1.775717518736281e-11,-1.1011917571399802e-11,-2.335454279839403e-11,-2.9471493966421636e-11,-2.519657423577196e-11,7.377612974530771e-13,1.5202036799046422e-11,-2.9779459355558336e-11,-2.051984986449511e-11,3.379758615849749e-12,1.4711246493787973e-11,3.8164379778290044e-12,2.878909960885683e-11,-3.3382011737759544e-12,2.865337324969316e-13,-1.3528453776534857e-11,5.732706110065813e-11,2.3885743264982966e-11,9.045077634032617e-11
1.504819174448371e-11,5.056088958852728e-11,-8.808340492946778e-11,3.067822204766927e-11,-4.316550150610516e-11,2.201606277778664e-11,7.940386808791729e-12,3.0682751255419587e-12,-2.5505660941635503e-11,-3.200651589384183e-11,2.4908397301893623e-11,8.064827987884182e-11,7.199113409428576e-12,-3.280719620412637e-11,1.4228863928110406e-11,3.996832942796275e-11,1.1953859011671885e-11,-3.2511937754892827e-11,1.5329978192362652e-11,-2.700067324209042e-11,-1.717984452482693e-11,-1.0351239915741994e-11,2.492702572458799e-12,-5.975736698623317e-12,1.0388667998644155e-11,3.719233337896678e-11,5.0521161768531486e-11,7.894998663120861e-12,5.7074914923709885e-11,6.565402584248513e-11,7.432909845691417e-12,-3.915057209523657e-11,-3.739382489130677e-11,-1.0292457530289067e-11,2.6769224218831346e-12,1.6056881557114065e-11,5.364889152511857e-11,-2.5869999816348954e-11,2.2540961907708794e-12,3.2673836107043685e-11,5.105508891946582e-12,-2.1726883579642012e-11,-2.023881242622573e-12,-9.12804773536007e-11,-3.182967370735308e-11,-2.9037110587910067e-11,8.783630280147334e-12,3.0936970238416194e-11
-1.1878123860139457e-11,2.7390011129146244e-11,-4.3625347417002773e-11,3.611662740683486e-11,-2.5682511343332003e-11,3.5100187638457745e-11,4.708503939144116e-11,-2.0245168636755106e-11,-4.428726762701377e-11,1.5782420834250267e-11,-3.078358605098885e-11,4.6132488815975806e-11,-8.832702988826426e-12,-2.4544932591759776e-11,-1.7613985427548066e-11,-2.0310355727497055e-11,2.11177639763336e-11,-1.2973041836048649e-11,2.818227111038048e-12,-2.2855172177395794e-11,-1.92170047237369e-12,-1.414023285852992e-11,-2.0766471663936197e-11,-2.6048202999572535e-11,2.260925712186747e-11,9.868233124739098e-13,3.865554279295709e-12,1.5859917906141824e-11,-7.415315458719252e-12,-1.8728384815819533e-11,2.0679706620264224e-11,1.456439279534003e-11,-2.228691794639754e-11,-3.974305264480358e-12,3.307442892411295e-12,2.56825678900305e-11,6.248293237108697e-12,-9.85096160633851e-12,-8.273493562999676e-12,2.291712307396356e-11,5.172523923300556e-12,4.146182100630417e-11,-2.7352411620422108e-11,-3.273403970809039e-11,3.38675491350955e-11,-2.0857582892400915e-11,2.777755245600173e-11,6.51344694213305e-11
-8.970427890282956e-12,2.2281232919179498e-11,4.872707318752033e-11,2.770503112825545e-11,-1.9056836556008925e-12,7.140973074238703e-11,3.301895170472568e-11,-2.718702122762932e-11,-3.4449933449642173e-11,1.5085328463588574e-11,-7.884596107476835e-12,-2.0867342476725944e-11,2.516921946170558e-11,-8.310634743717661e-12,1.2454026343937596e-11,1.2434676915911185e-11,7.800593014768423e-12,-1.914004141506526e-11,2.5063518038708673e-11,1.554016993967592e-11,2.192482864575849e-12,-2.9014717606804993e-11,-2.7454226528298188e-11,1.465565814622645e-11,-1.3071101245374053e-11,2.065105735242645e-11,6.597005414440467e-13,-2.3527154462213763e-11,1.1875795426805403e-12,1.3871783549045624e-11,4.589500110521973e-12,2.3926281190333164e-11,-1.040121212184068e-11,-9.746530602707114e-12,-5.044940832323281e-12,2.7922946428306748e-11,-1.4467063862136227e-11,-4.24776651397643e-11,-3.037380982207626e-11,-2.8014231860254685e-11,2.359874294106831e-12,-2.6791979637237155e-11,8.71926227435149e-12,4.962982346864017e-11,4.566462068692099e-11,3.4397726014512365e-11,4.3084551528011245e-11,5.74715869685853e-11
-4.0810990491411984e-11,-7.29965316412877e-12,4.3359631332128984e-11,1.2872937784830547e-11,-3.0728158963953366e-11,-2.1836910872656268e-11,-1.848161451428132e-11,-2.9735970044572442e-12,-1.989990530564434e-12,-2.0419512591993475e-11,1.4185284704238936e-11,-6.648559484711238e-12,2.826974110279431e-11,3.032914218114255e-11,4.586906955168495e-11,-9.117918051080917e-12,-3.7549653111953896e-11,1.9848607118849067e-11,3.1211188593323985e-13,1.6105688360480305e-11,1.8467678832040316e-12,-2.2429689596923372e-11,1.9837643683508574e-11,-5.623937904498131e-13,3.007584849938906e-11,-4.993856259627881e-12,-3.1978802977689307e-11,4.3130117815374774e-11,1.0956907553931805e-11,3.2868982456746606e-11,3.426936307383706e-13,-3.226729867291157e-12,1.2097558983007571e-11,-7.395578443753103e-12,8.469994375245152e-13,8.138917615842106e-15,-2.9765677073403143e-12,-5.070980919459964e-12,-2.020662028963114e-11,-2.1311395277123392e-11,-1.4780278690847317e-11,-2.4650766942349783e-11,-7.206128842652095e-12,2.7289502862743553e-11,-4.8540118444814014e-11,-6.421500713848277e-11,-6.945160905048846e-11,-9.439716669642984e-11
1.6742190193889952e-11,-1.5802748952800725e-11,-4.613422984325887e-11,-7.384582075271254e-11,-4.4193547590505954e-11,2.3558273642963773e-11,6.953974614955248e-12,-3.477420561110938e-11,5.981009624699905e-11,-1.5706727341508632e-11,-4.9044240328932375e-11,3.6675076303848265e-11,5.59406418669703e-11,-2.5926067386830253e-11,-1.242424686676029e-12,-1.255007541907732e-11,2.2072689537516217e-11,-2.3537354187226168e-11,-5.1047499324977605e-11,4.147928815756983e-11,2.4143672778588372e-11,-1.750910238809187e-11,-1.1359881832336853e-11,-4.046203208171461e-11,1.1959711928279208e-11,-1.891525158885047e-11,9.22768455052674e-12,-5.3656712667590473e-11,-3.548173656464582e-11,-2.8878710112463683e-12,-2.9568836853564115e-11,-8.308005514979466e-12,4.4394992298824186e-11,-6.705927558352192e-12,3.275258145426146e-11,6.657942327308059e-11,8.029050959133438e-12,-1.4368480285350219e-11,3.552338347282868e-11,2.9133524530306905e-11,-3.367011669393184e-11,-5.4621060305425614e-12,-3.161650178841071e-12,-1.4013905461343796e-11,2.0477115842742493e-11,3.101839722993786e-11,1.4596367912541779e-10,1.3399863191556734e-10
2.787621985047113e-11,5.42363001334146e-11,-2.1205407181885713e-11,-6.875886446395543e-11,3.991057821049655e-11,-6.971487469642527e-11,2.325115538365443e-11,2.6469636868434863e-12,3.883540946692015e-11,-5.712300419306202e-11,-3.6854745023187546e-11,-3.9444074227444865e-11,1.310174507673074e-11,-9.793614630187042e-11,2.0048338977488886e-11,-1.2134370609705926e-11,-1.174976156835458e-12,-5.1567507798324234e-11,-2.5134572746755965e-11,1.7648110452317206e-11,3.9665661237440135e-14,-8.670702997049496e-12,4.047633809619383e-11,4.9225633204815006e-11,2.7309625465700495e-11,-2.0537241371122115e-11,-2.8456638169383392e-11,1.089654059573965e-11,5.324137581639307e-11,-7.599525434870585e-11,4.745960595266521e-12,-2.5022617042902236e-11,-6.30717009225158e-11,-1.5905564746217445e-11,-5.560110395188786e-11,2.1097480824197537e-11,2.4022774951892918e-11,4.2862929864246226e-11,-5.629564482893503e-11,-7.024684394014446e-11,-8.416541460142999e-12,-9.937224617210853e-11,-8.099899396834399e-12,2.9097920160397916e-12,-6.606835181216746e-11,7.702008649743167e-11,-6.738830442035684e-11,-8.154763570152335e-11
-1.2593258364363683e-11,2.239934663430214e-11,-5.120639297365707e-11,3.962729616654993e-11,-3.0260610146733915e-11,3.624926813711704e-11,4.80554039284014e-11,-2.474448206723197e-11,-5.002030876332169e-11,1.3431420920602019e-11,-3.230357258764112e-11,4.534127800843814e-11,-1.2233472806839248e-11,-2.8707298863944866e-11,-2.127269543978979e-11,-2.4394712150070262e-11,2.1351705674258396e-11,-1.6868272015672788e-11,3.5944380703932606e-12,-2.1521361911585067e-11,-5.241008490789516e-12,-1.6896581447769686e-11,-2.3301585688556018e-11,-2.679646259079687e-11,2.116584469396644e-11,-1.648098446427815e-12,1.938149717646713e-12,1.6280124986519727e-11,-8.55454965007251e-12,-1.8730174406127124e-11,1.9404488317592492e-11,1.1723578761526452e-11,-2.2913325048665835e-11,-5.289818902478722e-12,4.57007758901157e-12,2.485681214784358e-11,5.263631997642842e-12,-1.2668394396456233e-11,-1.0732889679495327e-11,2.097439486378292e-11,3.477840096818744e-12,3.931578203508145e-11,-3.000928250932032e-11,-3.5856039836398766e-11,3.0070555548205495e-11,-2.5796220599141994e-11,1.9676724133848185e-11,4.8158521059578644e-11
-2.462479386202273e-11,3.870815625351051e-11,5.848270828015199e-11,2.8309722557160473e-11,-1.673636765967036e-11,7.490497377674304e-11,3.0364706037681594e-11,-3.281465745685764e-11,-3.086016336845323e-11,1.5533873331641316e-11,-1.891912609821566e-11,-1.990898605852489e-11,2.4735117066574015e-11,-9.303056893997567e-12,1.2217505456676949e-11,1.080622047593191e-11,1.5201925862449952e-11,-1.7725608138076488e-11,1.9062067929496244e-11,1.3432800107204509e-11,8.359600867859913e-12,-2.7339151077817466e-11,-3.0273405243990496e-11,1.621201165893764e-11,-1.3372142550125394e-11,1.5437993937511503e-11,1.3923619153760135e-12,-2.4687126669678803e-11,3.2136704562380794e-12,1.2183329677072012e-11,4.060007936891832e-12,2.3523271759600646e-11,-9.729782759385647e-12,-9.30106686515549e-12,-1.7620862093376694e-12,2.5909874792871105e-11,-1.1955190809087149e-11,-4.511909841743446e-11,-2.98998288435252e-11,-2.6510356072841954e-11,8.697108374871519e-13,-2.962831946550682e-11,1.0677135612122076e-11,5.064500584153465e-11,4.575000916605214e-11,3.4820258949171215e-11,4.224263366382711e-11,5.594461740162688e-11
-2.2851514869805888e-11,-1.7110965979598605e-12,4.26948391326083e-11,8.931045448888589e-12,-3.4206746150763366e-11,-1.3558500081036464e-11,-2.3687871480679572e-11,-4.665743513260895e-12,-2.894670339474496e-12,-2.068956197459224e-11,1.4561128353696108e-11,-6.249526444662961e-12,2.745923453864757e-11,3.169962404833901e-11,4.3432250350523386e-11,-5.6487888219241724e-12,-3.7032680165163246e-11,2.1272585300513884e-11,6.092537914365141e-13,1.46665201406429e-11,4.714607505590157e-12,-2.3477088224123064e-11,2.257944939768903e-11,-2.349135160363153e-12,2.9079698938537962e-11,-5.337717914624752e-12,-3.060148229624112e-11,4.2752325401186945e-11,1.3633471990565291e-11,3.371582295550278e-11,-2.4305132626294867e-12,-6.249446726657144e-12,1.3435649383998894e-11,-7.580536136836781e-12,3.38053825950127e-12,-2.663205746798037e-12,-1.6769099637546144e-12,-2.6305770649315223e-12,-1.8862751083918622e-11,-2.138432201188889e-11,-1.3382078025206724e-11,-2.4715715540688605e-11,-5.5257491730671635e-12,2.7690370642384254e-11,-4.812172429545314e-11,-6.359566286297127e-11,-6.843889641338261e-11,-9.390937962643773e-11
9.008474091101961e-12,-1.6831361990918416e-11,-5.240950117694339e-11,-6.919181203659166e-11,-3.9755426668824545e-11,2.3948309087199385e-11,3.2471071022959503e-12,-3.276040257352663e-11,5.957419868959989e-11,-1.3599683008766676e-11,-4.830687213126099e-11,3.858803537395535e-11,5.560383678013372e-11,-2.576827834088134e-11,-1.201969253232906e-12,-1.3672083207425888e-11,2.3528626647650037e-11,-2.1703982502758817e-11,-4.760137028179173e-11,4.312721451792089e-11,2.642632429602498e-11,-1.5648575318024725e-11,-1.2086006277138194e-11,-4.006933963026405e-11,1.3266355536357424e-11,-1.7844389400617484e-11,9.692825724973559e-12,-5.241733775540808e-11,-3.473801937652478e-11,-1.7334266584805407e-12,-2.8066497505224525e-11,-5.928082639411397e-12,4.50348770732008e-11,-5.2298431456821e-12,3.37980243269603e-11,6.789963167181193e-11,9.092879985181573e-12,-1.3342251856000422e-11,3.637579811273688e-11,2.976098986459141e-11,-3.349321489945628e-11,-4.139278926743469e-12,-1.7019930756237187e-12,-1.3033735073672998e-11,2.225475070658585e-11,3.3713169702344265e-11,1.490848233191455e-10,1.3900947155009972e-10
2.5526400122616654e-11,5.385212580357528e-11,-2.4691669761751006e-11,-6.774424936331151e-11,4.853922828626317e-11,-6.621464304243945e-11,2.041673150867484e-11,6.367555010872424e-12,3.628378002631939e-11,-4.534956132280405e-11,-3.560095335530853e-11,-3.700683630766977e-11,8.714156237264923e-12,-9.559371170634675e-11,2.0109901734666636e-11,-1.3235143967200793e-11,5.375627783696288e-12,-5.211220670349762e-11,-2.5621832453849383e-11,1.8123166578646682e-11,-1.004427508144099e-12,-1.9158256690893133e-12,3.980668198959832e-11,5.644019661437416e-11,2.7890247198862246e-11,-2.2540004108177436e-11,-2.544570096250864e-11,5.826789856607379e-12,5.4730826807516474e-11,-7.459825412815962e-11,3.9418313612100174e-12,-2.2677771188357735e-11,-6.032149118333477e-11,-1.4635508966253564e-11,-5.405297953489078e-11,2.0110983576372098e-11,2.360077730595503e-11,4.4837753186610116e-11,-5.656767584636926e-11,-7.030451000631471e-11,-8.397329987370963e-12,-9.945648525501113e-11,-7.017803739305096e-12,3.210124930971217e-12,-6.660939762841703e-11,7.66619513471456e-11,-6.661154987341329e-11,-8.322343656621556e-11
3.27796125351133e-11,4.5338440734254444e-11,-2.9058620003106163e-12,1.2198224828653028e-11,-4.0967142230983245e-11,2.5140754827227926e-11,4.074790532251335e-12,-1.1259041874325577e-11,-2.7848545772345384e-11,4.085635832085141e-11,-1.0748889289898962e-11,1.766819019296177e-11,-2.0897048213056402e-11,3.363070251981887e-11,9.205514450700125e-12,1.2694330994158589e-11,-2.4805896346142334e-11,-1.1781293724887637e-11,2.3279220103794835e-11,-1.30734785966556e-11,2.4462469305111197e-11,-8.084219598465771e-12,-6.6334079396216194e-12,-5.95426017366287e-12,-8.477723913707828e-12,6.505911620102445e-12,3.315299587762503e-11,-3.508705199756671e-11,-4.2671065938544984e-12,-1.1363690449411486e-12,1.3681228472497055e-11,5.033932836199496e-12,1.4214467946610998e-11,-2.7440686497003635e-11,-5.839313244233472e-12,-2.123130052195643e-11,-1.7889317053871378e-12,-1.625174765437469e-11,-6.418322202117382e-11,-1.9103974177676365e-12,-6.722838007807757e-12,2.5898311652833144e-11,2.6104385572844702e-11,1.9351252862828302e-11,-7.024968768945112e-11,-2.8628134925469028e-11,8.190006226408256e-12,-2.3114610647541987e-11
-4.454812213434167e-11,1.805897967432662e-11,4.173461936743535e-12,-1.121442989852926e-11,-2.5521564337327483e-11,1.4015170938000829e-11,3.3514016599297815e-11,-1.4530487808543641e-11,-2.359706278991955e-11,-3.475503027709165e-11,-1.5090751520124187e-11,-1.0097064142792114e-11,-3.4787168079696994e-11,-1.6954159461543873e-11,1.4437206102184193e-11,2.1825149545694457e-11,3.85237264698391e-11,-2.0706548902697646e-11,5.2794838541844355e-12,-3.442675094599157e-12,-1.8137940886379481e-12,2.7939949508096634e-11,2.982573534234601e-11,1.5381157101548187e-11,1.686559181046276e-12,-1.7790359377078542e-11,4.601306257933099e-12,-2.2285628826095374e-12,-2.6945457406453217e-11,-2.2520372319841496e-11,7.761005406067867e-12,-1.708457193578098e-11,-9.681274546295837e-12,-4.13768678087567e-11,1.0856624126573768e-11,-2.016227321015138e-11,2.194195797175606e-11,-2.3157787647960164e-11,-1.9577711738290222e-11,-2.0632670527234212e-13,-3.842645717926926e-11,1.7813804071806938e-12,-2.143752791099745e-12,1.5955090648177705e-11,1.8454409927129357e-11,1.6731282847693987e-11,-1.8822379915880966e-11,-9.888500196805042e-12
-4.342308864221334e-11,4.7887056669445886e-11,-3.3862936806171144e-11,-3.820955378091104e-11,-1.3156679305931276e-11,-6.061392165255571e-12,1.0479950000961679e-11,-5.788190801124344e-11,-2.7841758827320824e-11,1.6109968931529183e-11,-2.6237760383437515e-11,7.099468763218275e-12,-3.28387484893828e-11,-3.664978580153821e-11,8.554417859120419e-13,1.0798050332408981e-11,-3.2779052841352405e-11,-1.45483626967934e-11,-2.1255258875676256e-11,-8.691209792267785e-12,5.172157926532161e-11,3.098255255319886e-11,-1.2987583812708313e-11,-5.8335703002823945e-12,-6.482588327907342e-12,1.1801929054200476e-11,1.076866128863732e-11,8.301096676172792e-12,-3.7035579069949006e-11,-3.1795983169616497e-11,1.840596865765481e-11,1.2792418099982421e-11,5.340638700205344e-11,1.7106266432585972e-11,1.3965204229061882e-13,-4.9238405197344304e-11,-1.2488038463439874e-11,-3.120013404399849e-11,2.418141540761447e-11,6.386045510978409e-11,-6.8998415487883936e-12,-2.675290456034725e-11,-3.0979090357096983e-12,7.729508448595112e-11,-1.7842720842477482e-11,-4.100419521353461e-11,1.1136785683022636e-10,1.386345399100773e-10
2.1683693878308238e-11,6.451552090151367e-12,-1.1417120889235721e-11,3.861994004169286e-12,-2.12099174753845e-11,-1.8900734481260632e-11,4.033059747642307e-13,-1.3025204757263964e-11,-3.2875552323192356e-11,1.0613598953515128e-11,-2.832753953038205e-11,1.8093042183133093e-11,6.231719735038792e-12,-9.055046587714315e-12,-1.8281108266525788e-11,-1.1338191323013561e-11,-2.3629778230513717e-12,-2.3474529559504935e-11,2.6169077330219695e-11,-1.5563346112097295e-11,2.8580034673396194e-12,8.953609487188256e-13,2.1917747508549625e-11,7.36004838710697e-12,3.101208293981203e-11,2.9940767399063005e-12,3.225549735131115e-11,-3.5322655078525634e-11,-2.273749129342495e-12,-3.1952052301866116e-12,-6.14973015131124e-12,7.729551169406167e-13,-5.3622560296875695e-12,-1.0994408866227907e-11,-1.3620388490432605e-11,2.3045547662616263e-11,1.115155866786254e-11,2.5597718430378963e-11,9.767893865866442e-12,-5.080174834890298e-13,-9.20568710849533e-12,-3.7010802437961954e-12,2.4365820952980127e-11,-4.994823385332534e-11,2.3075732096108704e-11,-6.2274134897741925e-12,-4.3142912070196285e-11,2.440878057007515e-11
2.347529880030698e-11,1.0054579530494557e-11,1.8363745332077045e-11,6.4546055512639945e-12,-8.264361965583735e-11,1.1065617388659933e-11,-5.419202796141077e-13,-1.194493589443106e-10,-2.485124696623594e-11,-3.63461628615342e-11,6.058730341801125e-11,3.567671854569105e-11,2.0697242698771587e-11,-2.378716946735383e-11,-7.70370371595856e-12,-5.361354634450132e-13,1.0814338933424456e-11,5.641735106725717e-12,3.1769099009057305e-11,-7.866417310197147e-12,6.075061532684038e-11,-9.04413791442122e-12,-4.883057941181105e-12,-2.5706535449009793e-11,7.308722632833502e-12,-6.197148947833829e-12,5.4508145958762536e-11,1.4141681919290699e-11,2.548180225855217e-12,-7.590082384717674e-12,1.293904588523341e-11,-2.9988173496933726e-11,-1.7618918485526115e-11,-1.3390205090980467e-11,-1.1422787177104234e-11,2.2094853230315182e-11,-1.2201814211746014e-11,3.374959295608082e-11,-3.2392418454830677e-12,7.027986267281519e-11,2.814299792345022e-11,3.664872294527027e-11,2.268371028127443e-11,-2.4559979951347136e-12,9.055383671515811e-12,-6.477058657054779e-11,7.341047035965086e-11,1.5578774764639252e-10
3.460279384197268e-11,5.995904023140928e-11,-5.7615580785144804e-12,2.1910742359378343e-11,-2.8518127355647784e-11,1.51806535188418e-11,-4.00328608894016e-12,-1.227194935360266e-11,-1.876260667504742e-11,3.9953764230079257e-11,-4.3499466543676055e-12,1.665101795011156e-11,-1.854408716822447e-11,2.7868863932804445e-11,7.530592159531744e-12,1.542878907642837e-11,-2.849183645795493e-11,-1.3738709783418232e-11,2.2524617546767932e-11,-1.5294450239165315e-11,2.203586028473112e-11,-8.987141491048958e-12,-5.4033957300122364e-12,-4.8946130005448e-12,-8.806259815229199e-12,5.159291566927797e-12,3.395998199477353e-11,-3.5306292438761675e-11,-3.1483898498079297e-12,-1.6210765858955304e-12,1.4597577940739644e-11,3.0687336246957713e-12,1.3954952120376026e-11,-2.6469986102842954e-11,-3.848237593435431e-12,-2.2265663610219573e-11,-2.8568186000557688e-12,-1.5397974197428955e-11,-6.538803366861081e-11,-9.741306568598993e-13,-5.403610663582199e-12,2.4488849377562463e-11,2.6804620228890422e-11,1.9497069092662583e-11,-7.07214336844748e-11,-2.6428532703533934e-11,7.015003229771832e-12,-2.2291652877962402e-11
-4.1500827581960533e-11,3.129797831692635e-11,1.085048396760799e-11,-1.0811447758758201e-11,-1.7036139317752205e-11,2.29080697401582e-11,3.554550365533914e-11,-1.3942820617252072e-11,-1.3358549950382165e-11,-2.9916299714596085e-11,-1.6136854309703128e-11,-1.1621808053409766e-11,-4.2994233953751414e-11,-1.704866631061988e-11,1.3902554838147371e-11,2.1277983070820686e-11,3.7606971320852835e-11,-2.130226790962944e-11,5.668494661945181e-12,-3.9753829745020955e-12,-1.710514430076448e-12,2.7386171230599186e-11,2.970599008884899e-11,1.4633793880433584e-11,1.8200082999887433e-12,-1.7295971220336644e-11,4.268441720790696e-12,-1.9930733278643544e-12,-2.6932947768620154e-11,-2.2892248411764334e-11,7.410570284998084e-12,-1.7373604533079522e-11,-9.80424713689126e-12,-4.1372876852441314e-11,1.0313199218270623e-11,-2.0429069948041532e-11,2.165755207802783e-11,-2.3445917827016646e-11,-1.9757428460789025e-11,-7.731533540742385e-13,-3.881259889666572e-11,1.4919740714366138e-12,-2.821503716323615e-12,1.5238111652967486e-11,1.7316349201619362e-11,1.5051174180846208e-11,-2.1443544883930614e-11,-1.607151515942355e-11
-6.163058780350185e-11,4.7281172642558044e-11,-4.321442598543993e-11,-2.981724371892033e-11,-3.203929631708743e-11,-1.2210517832233022e-11,1.0687927417817144e-11,-6.439877940030521e-11,-2.0519449932447503e-11,2.145929516190274e-11,-3.091798660535032e-11,1.454750098523659e-11,-3.146312059982148e-11,-3.7223296496153554e-11,3.1854655815237562e-12,1.2126636321906712e-11,-2.942252720157221e-11,-1.2563400176709107e-11,-2.5063232834591204e-11,-1.2473147769539922e-11,5.6422931213526894e-11,2.6702439437611742e-11,-1.0256311063317823e-11,-5.686993974862408e-12,-4.767788901772277e-12,1.0633202751531701e-11,7.317593397103049e-12,7.956855927443927e-12,-3.5366551373205496e-11,-3.304803168786748e-11,1.787555613032097e-11,1.3657286065909868e-11,5.4132364631343954e-11,1.7880174213371094e-11,1.0752323202118674e-12,-4.859800127267691e-11,-1.2255509955182798e-11,-3.1358004456465546e-11,2.423812059427664e-11,6.4195495410263e-11,-7.354992840753585e-12,-2.6715352261110654e-11,-3.1451794728807457e-12,7.7277414398661e-11,-1.8132111158727174e-11,-4.184591382591562e-11,1.1000631743757339e-10,1.3612728846609718e-10
3.0160634015074675e-11,9.417990947112557e-12,-6.3883690200589986e-12,4.5846612456728085e-12,-1.910111760129486e-11,-1.7233742980650524e-11,3.827494311614775e-12,-1.2929434807271054e-11,-3.3400025611973624e-11,9.296012403088093e-12,-2.732404049448981e-11,1.8464922312353088e-11,7.352594197200363e-12,-6.856160072622682e-12,-1.8522978346745018e-11,-7.32131019568931e-12,-1.31799635636561e-12,-2.625162541007443e-11,2.8670987306504813e-11,-1.6812418324504477e-11,2.0599437612916712e-12,1.7311614896788023e-12,2.0878183667207344e-11,7.786183576718138e-12,2.96509498277379e-11,7.571643116736594e-12,3.147323781213242e-11,-3.721059212115997e-11,-3.879169096709614e-12,-6.0714324455944655e-12,-7.193326800307388e-12,1.7222454680189008e-12,-7.1490476074405336e-12,-1.11073083957182e-11,-1.3698018486393577e-11,2.333268957512634e-11,1.1174719950970226e-11,2.489678318010027e-11,1.0112712243452956e-11,-8.69897752038884e-13,-9.742261600677069e-12,-3.8545042000697495e-12,2.3623538579064717e-11,-4.909454934027725e-11,2.280683428228537e-11,-6.931649282702775e-12,-4.354802562343651e-11,2.1827258887836275e-11
1.685491831428108e-11,1.0382041975969048e-11,4.794636098432454e-12,1.4666699043494344e-13,-7.551498785478735e-11,1.1035722610741917e-11,6.123945309849707e-12,-1.2824312362483532e-10,-3.118894537792247e-11,-4.314250455171178e-11,5.917706460246954e-11,3.4728893401861415e-11,1.8736214124578047e-11,-3.51455931619178e-11,-1.1479723573115629e-11,5.11348400614449e-12,1.0846507721820579e-11,4.191079714220107e-12,3.0734630065544755e-11,-1.1266583779986917e-11,6.351138463871739e-11,-1.170852770152271e-11,-1.7562825822931284e-12,-2.684690800056525e-11,1.0097551261859616e-11,-7.919756537819068e-12,5.278338617707089e-11,1.360440792284087e-11,6.467855066332645e-13,-6.344147547264757e-12,1.27814397387279e-11,-3.215005574248568e-11,-1.8476979125198437e-11,-1.4274971338717688e-11,-1.1307181579584098e-11,2.154053190150158e-11,-1.2999545519226884e-11,3.308591308293282e-11,-3.4677368612489e-12,7.049582995919088e-11,2.7315661796737295e-11,3.5100734868922276e-11,2.166658021202443e-11,-3.350904022843522e-12,6.8757673995154014e-12,-6.708169667692164e-11,7.072390047049965e-11,1.5132516777882285e-10
4.1459382442748174e-11,-3.376538846700052e-11,-1.0634351023345833e-11,-3.089611642106309e-11,-7.694234877753246e-11,3.446522408417476e-11,5.5724602120581985e-11,2.8689582670125204e-11,-4.312233410739211e-11,2.671321642245356e-11,-3.281145079286002e-11,-6.072498947613319e-11,-5.093157772198263e-11,9.8530185661892e-12,8.15133991482599e-11,9.38232166687195e-12,4.615205914965805e-11,5.361481004843765e-11,1.5491950148257715e-11,-6.282256753201937e-12,-1.349922001106889e-11,2.9797372482713336e-11,4.123536868834966e-11,2.813693920461397e-12,1.6409064131743015e-11,-4.490945498550095e-12,-1.8406870239740244e-12,-5.238231379964788e-11,-2.064126403120641e-11,-2.2221777337083502e-11,-4.1523145463544056e-11,-1.8595645115190777e-11,2.6040926146805963e-12,4.0344349486675736e-11,3.5537492896855077e-11,3.1243607097779064e-12,1.5649271816117038e-11,-1.4727792394935214e-11,2.1677813253730642e-11,-6.421520034214601e-11,-3.4184697929829295e-12,-3.600886145201673e-12,-2.677941244561097e-11,-4.858142657005606e-11,1.0286069221243729e-10,-3.337200607632444e-12,3.624178914360602e-11,-1.8544212983977787e-11
-1.8702733703547877e-11,1.496029516502099e-11,-1.3101348428090003e-11,6.130348870944471e-12,2.0264549680812113e-11,4.7039908319613134e-12,2.5436258847604387e-11,1.4314230855249133e-11,2.4468276007574658e-11,-2.9668995949796956e-11,-2.3154340844476038e-11,-1.2300477312827955e-11,1.1292981933192376e-11,-1.8911097280593195e-11,-1.1914814945353229e-11,-2.139310385868041e-11,1.667854733673695e-11,5.362291799605791e-11,1.2860770222114923e-11,-2.0388786276455106e-11,2.1190431925088854e-11,-3.9490902132649224e-11,4.959050808995456e-14,2.94315869959161e-11,-1.95439206141858e-11,-1.6047073567194042e-11,2.192717668450422e-12,-3.26939960641018e-11,1.6651169372337056e-11,2.749707099921462e-11,1.4256532787729924e-11,-2.2470441938698544e-11,-2.404426807559616e-11,1.6085375276033633e-11,-3.27382724483859e-11,1.8998387080415876e-12,8.222809610215266e-13,2.0562598306828245e-11,3.812061817339557e-11,-2.6702744981539875e-11,5.036332447888972e-11,-3.415452567210933e-11,-2.4415755955199792e-11,2.3772237514531497e-11,8.048561311470434e-11,-6.52227833705169e-12,1.8559249352024644e-11,-8.03930258636776e-11
-3.91342498543403e-12,2.3471701315258575e-11,-6.0060787554621025e-12,1.9232931744079285e-11,3.532671077642891e-11,-1.1192847536064147e-11,6.06849003536308e-11,-3.694174970122382e-12,1.3582226416717492e-11,-5.808498048086952e-12,1.7109697139355386e-12,4.6008998300484745e-12,-1.982839492563619e-11,-1.2347304458176594e-11,4.127572215011466e-11,1.2667550590024699e-11,-1.4645621080298482e-11,-2.5782623051693362e-11,-1.8583762704233668e-11,-2.5851595175490658e-11,-2.4628121692930812e-11,-1.3265678323446881e-11,4.3639032876816594e-11,-2.93030343814504e-11,1.4575227658823173e-11,-5.0077423819233044e-11,3.4875404140130725e-11,3.179468661927687e-11,2.126582374805663e-11,4.170254889968174e-11,3.16207109236108e-11,4.095282735633323e-12,-1.2500354506416568e-11,3.397868910492509e-11,-1.1637318071172912e-11,-3.011289596978507e-11,-2.8542317357624617e-12,-2.380524264747012e-11,7.126080879340934e-12,1.3837499064029832e-13,-3.117192105613458e-11,3.684086431186034e-12,-1.540383176548246e-11,1.5107688122151354e-11,-2.322204916295722e-11,8.537113933991831e-11,-1.0739665253843209e-10,-2.442240488412271e-11
-9.013770223880588e-11,-1.0038447991201418e-10,6.597933014275857e-11,-2.9395933616161734e-11,1.4303693709911822e-11,4.90481721052536e-11,2.7186576469730304e-11,6.034833578756377e-11,-8.100415580704123e-11,9.308874319486395e-13,4.24856297208183e-12,4.1436221185264673e-11,-3.7338047439599586e-11,-7.318506952520524e-12,4.197525665664114e-11,-1.002715489506204e-11,3.448705558569702e-11,1.5493134843965657e-11,1.8871434581633333e-11,-2.269565220186733e-12,-2.6138580982867204e-12,7.318682285682544e-11,-1.1125944598470026e-11,-1.3470872852081664e-11,2.1164860505985594e-11,4.664022237102525e-12,2.757240398220102e-11,-5.746578505772085e-13,1.3588204702994057e-11,9.857843000018134e-12,1.069914479094219e-11,-1.2671772960191341e-11,1.3134289176554763e-11,-1.2218911475111434e-11,2.396603605461114e-11,-3.0278938326237577e-11,-2.2439293650081965e-11,-3.233257899903153e-12,1.2984300655517365e-11,3.728415582071952e-12,2.568705138918797e-11,-1.4661044068807338e-12,-7.270376970275297e-11,2.5425933007960778e-11,-5.0434616843734625e-11,-1.2535514641701106e-10,-6.658251342226903e-11,-8.397817521209782e-11
1.3684562261481049e-11,-1.822171488067725e-11,1.845887700528406e-11,5.168010734387892e-11,-1.2488229455505411e-11,-2.308909187113694e-11,-3.596880326170323e-11,-1.2942110041177575e-11,-1.767710310693908e-11,-2.2746447271927894e-11,-3.8833366960668675e-11,-5.7080218721870754e-12,-2.4183586089197195e-11,5.875787262717333e-12,-2.7000827414558993e-11,3.636218964125081e-11,1.183269124648491e-11,1.317124339227594e-11,-3.187788648260777e-12,-3.0771607718335106e-11,-4.614258066538537e-12,1.848935023704984e-11,-1.593684087533348e-11,2.6381590872582663e-11,-1.3146192909669138e-11,-1.9512403011021328e-12,2.4885466526251075e-11,1.619784057507019e-14,1.174488064247158e-11,-2.98062653694574e-11,6.579782361690076e-12,1.2304878965298433e-11,3.741197579500127e-12,1.169546690837893e-12,-2.567751811136371e-11,-8.604906746640482e-12,1.164846142909054e-11,-2.1309831859331903e-11,1.0468640919549289e-11,-5.221828985596287e-11,6.4407984859149775e-12,1.8501510800749517e-11,-1.213123408439904e-11,-4.047046818383938e-11,-1.710332065475634e-11,-4.367611929356422e-11,-4.248371499103998e-11,2.883028008595914e-11
4.313688349963933e-11,-3.1088718286753645e-11,1.3566026950357585e-11,-2.5923889646182123e-11,-7.214171974540568e-11,2.896075930661437e-11,5.564387077078676e-11,3.411573892792896e-11,-3.637636717934069e-11,3.425015863008208e-11,-3.7729126173456835e-11,-5.740391335938736e-11,-5.103014124393202e-11,8.429122935890286e-12,8.151921630407712e-11,1.176696563306119e-11,4.7334384942436467e-11,5.6670097684173635e-11,1.6540943760725908e-11,-4.3388263147068956e-12,-1.1175049961230889e-11,3.150475715495395e-11,4.349556686928561e-11,1.4303051267947689e-12,2.0101149807182224e-11,-1.4372661845074453e-12,-9.775605021197545e-13,-5.184250563010646e-11,-2.181849438540327e-11,-2.0532601679514884e-11,-4.0666906905215744e-11,-1.6480135643689168e-11,3.965923803294817e-12,4.098378952211761e-11,3.7233773722221956e-11,5.953827884799562e-12,1.8296334620009235e-11,-1.1173753521996274e-11,2.3176907283869835e-11,-6.190176082170723e-11,-1.5878186076136066e-12,-1.2424105884701085e-12,-2.4062400668685073e-11,-4.6218671603791556e-11,1.0624549513562488e-10,9.85090832042937e-13,4.1721353460487025e-11,-6.784120858860552e-12
1.2282345014156145e-12,3.356654162263095e-11,-1.6383783582765866e-11,2.8373477736586152e-11,2.8830867078066555e-11,-1.252287020799357e-12,2.836753191709438e-11,1.5180471908270834e-11,2.2696210020914214e-11,-2.4779264699697988e-11,-2.4228382572802502e-11,-1.0687517086655472e-11,1.2951207077445575e-11,-1.6683443105964655e-11,-1.0122116661883388e-11,-2.1930273427704138e-11,1.6236012520320612e-11,5.5729362346170716e-11,1.17428455926412e-11,-2.007844822899606e-11,2.183356114127268e-11,-3.796386023506664e-11,8.335086545675145e-13,3.0265124534505506e-11,-1.8868014502965322e-11,-1.4543992021983375e-11,2.854440083422501e-12,-3.438169706255679e-11,1.694716838705279e-11,2.8290174477447874e-11,1.4067298349916123e-11,-2.1762433708285704e-11,-2.3955088779836987e-11,1.6513927918022633e-11,-3.2634438993344406e-11,1.890277461858975e-12,7.768776872716278e-13,2.0686653762704315e-11,3.8187098753854384e-11,-2.637247210252157e-11,5.0390533597456495e-11,-3.390191580374726e-11,-2.429088663103188e-11,2.3406615969075705e-11,8.097011039665494e-11,-6.161703853533427e-12,1.903684244836286e-11,-8.055022500489024e-11
-1.8884825010585394e-12,2.186949194007135e-11,-3.6952623398416345e-11,1.203726359089918e-12,1.918560951212193e-11,-2.5444749407985592e-11,5.277398659468231e-11,9.04653015374281e-12,-5.7125065122378196e-12,-1.4631392677894608e-11,-3.217614819908798e-12,2.23935234132774e-12,-1.4107081305437065e-11,-9.022791810283845e-12,3.403917802235934e-11,1.2059110706835812e-12,-1.2542006125658969e-11,-2.619478608428023e-11,-2.0931661691075356e-11,-2.3036548972884054e-11,-2.5742217510329308e-11,-1.6161259979515796e-11,4.4681317012624804e-11,-2.77806986924853e-11,1.0526460476137712e-11,-5.153379192018499e-11,3.376786504789336e-11,3.5880176248204947e-11,1.536969333383999e-11,3.755731772376332e-11,3.0110099743777464e-11,3.2073382198423957e-12,-1.6000246015136778e-11,3.1471526330741917e-11,-1.1965888206680142e-11,-3.2049173645488164e-11,-6.072519408770181e-12,-2.6750900079401856e-11,6.1576248766083034e-12,-4.896958217139857e-12,-2.9988068792134386e-11,1.98059815935637e-12,-1.4612419991985065e-11,1.5744029355336055e-11,-2.309492299022136e-11,8.58294023164563e-11,-1.0640352521527289e-10,-2.2142611801821648e-11
-9.714603422555418e-11,-1.0076965608016857e-10,8.18097939769259e-11,-4.997334799033309e-11,3.645326365664104e-12,3.8471320126244205e-11,8.730844081801669e-12,4.1578971044508554e-11,-8.060941448438256e-11,-6.3770433945348266e-12,2.3168017537340854e-11,2.2421532416863092e-11,-4.657659314124432e-11,-1.683885996288519e-11,4.0065015956445175e-11,-1.6623809942650113e-11,2.3186044700264815e-11,-2.982496290081121e-12,2.5506102513474094e-11,-2.442741289724893e-11,-1.4541600344744631e-11,6.542676822049737e-11,-7.676887372682705e-12,-2.3598179276937045e-11,4.7737112789013265e-12,-2.4330126266089114e-12,2.529803960394269e-11,-4.040585555927043e-12,5.619237643980061e-12,5.688382152394387e-12,9.691750907199858e-12,-1.4895801239583676e-11,7.516670828614073e-12,-1.7055547126470858e-11,1.8526605524850455e-11,-3.3026983848453305e-11,-2.51220934114328e-11,-6.587475529535117e-12,9.826419778852384e-12,-7.048683385525392e-13,2.160765631092742e-11,-5.566296246848044e-12,-7.740592594736759e-11,1.8801080291126626e-11,-5.888406655398187e-11,-1.3492324656933196e-10,-8.979800918461706e-11,-1.5356191095457032e-10
2.5324037002494102e-11,-2.1227939565828006e-11,2.0352714561991396e-11,5.2555187733263125e-11,-1.4506156062992908e-11,-1.618697211249568e-11,-3.2678058223799254e-11,-1.8742032768308554e-11,-1.72945770743171e-11,-2.78428188184978e-11,-3.9044763879960104e-11,-1.1515838953667972e-11,-2.2867751756054536e-11,5.6932864837134615e-12,-2.6253449733593835e-11,3.097542570822411e-11,1.3581852451152734e-11,1.1565287911194491e-11,-6.159158983805286e-13,-3.159457635856039e-11,-6.052205020685157e-12,1.7752461963655567e-11,-1.8554471814038777e-11,2.8412997600844074e-11,-1.6530238618694652e-11,-5.638223572175109e-13,2.4317360171626863e-11,-1.7583211380083235e-12,1.0791235701715676e-11,-2.888760144997927e-11,5.9446631351074665e-12,1.2273362263418035e-11,3.769033212068252e-12,1.324406641178564e-12,-2.5375877517160032e-11,-8.32345973418649e-12,1.174725194699337e-11,-2.130545800361734e-11,1.0836499871990067e-11,-5.1845901676613714e-11,7.10408430403507e-12,1.8634475021109316e-11,-1.1653885893070738e-11,-3.9790093201081217e-11,-1.646852967853528e-11,-4.3081605179560016e-11,-4.206928040461453e-11,3.007664278138308e-11
3.233941988883356e-11,-2.263469537813903e-12,-1.7027636421863512e-12,-3.521103230368832e-11,-6.526650433882526e-11,3.58067561396077e-11,-4.972095159982804e-12,-3.0804956359800116e-12,4.1656537000666364e-11,-1.757307094479182e-11,1.4414753454489817e-12,-1.8146619279621675e-11,-2.9201159859902214e-11,-3.1829526814554876e-11,5.274423641994664e-11,1.259001836271444e-11,-4.124669038330025e-11,-3.7593888105883046e-11,1.422917014699464e-11,1.789099526141381e-11,-1.6543852778715185e-11,2.326192068925546e-11,-1.0311429361532268e-12,3.2810123027484975e-12,3.119684917716521e-11,-1.8363175232075227e-11,2.401005927659059e-11,-5.006718739419933e-12,2.291774564035092e-11,-2.425882389147022e-11,-1.3377461207797562e-11,1.330242759562488e-11,2.2605093316646588e-11,4.856987492435511e-12,1.4792063965019053e-11,-3.534162060538255e-11,2.050016291703769e-11,1.9213221946570413e-11,3.174047212716728e-11,3.2021137127535935e-11,3.006162480464268e-12,3.4359139400162656e-11,-1.0576459556946216e-11,1.2400049390634561e-11,-6.64866061115081e-12,-5.126924705079083e-11,1.0389121569261822e-10,8.33422098933928e-11
4.043133059771847e-11,-1.185785706720464e-12,-7.786716774891174e-12,-4.418509173477557e-11,6.633470217648204e-12,1.7561887948408815e-12,-1.650248747734727e-11,5.1165198157407405e-12,-9.631530301932704e-13,-1.2795634991259503e-11,4.255756012787526e-12,-4.137487371298489e-11,4.227844477070858e-11,-1.911513874083842e-11,1.603826290557162e-11,2.510491723103146e-11,2.2344551829056116e-11,1.0965817528260937e-11,1.604201872521944e-11,9.579118792008414e-12,-1.616360286722993e-11,5.233017128854189e-11,-5.880238408866344e-13,-1.573925182812528e-11,3.3334004561518902e-12,1.1035226839013724e-12,4.7337277657512744e-11,6.150671993758406e-12,6.780685996652457e-12,1.1858234612330328e-11,-1.841525497820726e-11,-2.1410644767086236e-11,-1.624597113706636e-11,-2.0781867810672437e-11,3.062937422272199e-11,-1.0360713009175176e-11,-1.5358153940602994e-11,2.3806229703361657e-11,-2.921940451898009e-11,3.5182853434055763e-11,3.54081275402762e-11,-2.4206237636501347e-11,-2.3871735711623194e-11,3.6092223127021905e-11,3.952163541872828e-11,-4.7808554338492485e-11,1.2534279891171204e-10,-4.3356196274404483e-11
7.979228744766009e-11,-2.7314924595146337e-11,-7.648040518478562e-11,5.9041394397655895e-12,6.4242680940912685e-12,-7.30705947464949e-12,9.971659372177493e-12,6.767622098985533e-12,6.066432664916695e-11,1.323164367283139e-11,-1.4143500973181309e-11,9.080250985515601e-12,6.2669130520462434e-12,1.102809901975474e-11,-4.48550429337388e-11,-3.716320017316984e-11,5.982928369317557e-12,-4.3289707025284364e-11,-2.110444713132233e-11,-6.931554416698981e-11,2.9023068126199977e-11,-5.874574337980674e-12,2.6788120306304948e-12,-2.4248992402586552e-11,1.9505259078620224e-11,-4.553714760264001e-12,1.4380789544177726e-11,4.657949296615956e-11,3.1536706771280154e-11,3.074028709438775e-11,-1.3936003654639304e-12,5.4082052900071824e-11,1.6662042266434126e-11,-4.0261514768812105e-11,-6.3362962867112225e-12,-4.20643152694836e-11,2.913472154802864e-13,3.719949526362139e-11,-1.1322572587646847e-11,-4.779269695386801e-11,2.035719915130835e-11,1.0509308787909653e-11,3.158015277896631e-11,1.2313821759310226e-11,-2.8161398991982864e-12,7.58003940668111e-11,-1.5605717427124153e-10,-2.6910299617505768e-11
-1.0609242858243794e-11,2.2839145335625737e-12,1.4485467282708406e-12,5.1221328073149226e-11,-3.2417567935983666e-11,-3.6699116143104023e-11,1.5043648518967633e-11,5.320887580159094e-12,-1.5295392048661685e-11,3.516516133440104e-11,-8.109202859647666e-12,3.3008464725784344e-11,-2.9131704282662287e-11,2.4641434536300368e-11,1.340243507614244e-11,4.201436075189017e-11,1.8068698607551597e-11,2.975389286651235e-11,-3.31988485605459e-11,8.989115893788363e-12,-8.595520770001325e-12,-3.467073067003237e-11,-7.037556961442398e-11,6.249301556117039e-12,-1.0056878892447251e-11,-7.433752188805417e-12,6.277785229144314e-12,1.751130470960193e-11,-3.9904521051255895e-13,-3.2050289579068966e-12,5.993525748563019e-12,-1.1313951629343356e-11,3.819407594181328e-12,-2.3194485081432823e-11,-5.049809404421135e-12,-4.653197090538542e-11,5.704529426869755e-12,-2.5419725957206174e-11,4.199969991650529e-13,1.650060272235282e-11,6.04091958347878e-12,-4.740568607401113e-12,-3.6273404733666095e-11,2.3856345766167043e-12,1.2883663048879878e-10,-7.102564576412874e-11,-6.448114821160744e-11,-1.187342202694702e-10
-1.7077723547770558e-11,-1.9921558744709635e-11,2.39317675385305e-12,-1.1973349821892522e-11,-5.838388025180103e-12,-1.1055913894409749e-11,7.97231895878855e-12,-5.967658413716214e-12,2.1411740074231543e-11,-1.512915249178596e-11,1.1929920089422703e-11,2.0020127550082977e-11,5.353631739094345e-12,2.0522191190996535e-12,5.093668839688453e-12,-5.701194367811615e-12,-6.877547780865155e-12,-8.63616371405539e-12,-1.9823998125490272e-11,-1.5330544428201525e-11,7.779879746706381e-12,-1.9554724856968843e-11,1.3108597368091922e-11,2.4891070613406447e-11,2.6091427276619375e-11,7.077517078507732e-12,6.444759090844761e-12,-2.2840628207486666e-11,5.527638364840517e-12,9.150698072822804e-12,8.427737837694691e-12,-7.881847837081184e-12,1.1878052008982162e-11,-8.484650132737694e-12,-3.283909715420163e-11,1.184069329973165e-11,-1.7914786241389623e-11,-1.904000574632381e-11,4.60702158574427e-12,2.0200182801816147e-11,-1.8734202022850996e-11,-2.1610825701029674e-11,2.262053871978513e-11,-7.784620305544353e-13,-5.5264658131273195e-12,-6.078485607127449e-12,2.2946976952392158e-11,5.425490484508296e-11
3.564292652501331e-11,-4.271251959174419e-12,7.098095890808575e-12,-4.420902686900663e-11,-6.471076961684881e-11,3.185549426825679e-11,2.9410375065631005e-12,-9.30160119010959e-12,4.1111915790986e-11,-1.1984122916231792e-11,2.6541730384201168e-12,-1.4298474544769522e-11,-3.39072699514715e-11,-3.0001899845934946e-11,5.572514831956067e-11,1.2693074711172208e-11,-3.9971012097160035e-11,-3.642281857724968e-11,1.4166025596983774e-11,2.024226270778749e-11,-1.5628421565164887e-11,2.4166376017720223e-11,1.871067095967199e-13,4.059296778216677e-12,3.174515214698663e-11,-1.7800334787968456e-11,2.4476873395695575e-11,-3.987053729990287e-12,2.376688572294551e-11,-2.3420661890038473e-11,-1.2690163908503397e-11,1.3783860264342223e-11,2.3172942525905133e-11,5.549438453443026e-12,1.553523619082468e-11,-3.455071347936555e-11,2.107581222756789e-11,2.0105309266595786e-11,3.255037652286755e-11,3.319338996279451e-11,4.1247502163825744e-12,3.51953325071806e-11,-9.407892061746683e-12,1.3850460319010494e-11,-5.50852982568622e-12,-4.923875386169417e-11,1.0682555877984947e-10,8.852664625327175e-11
4.6129523088077154e-11,-8.598044040796988e-13,1.9825912801998705e-12,-3.9855963066154985e-11,2.3543633549725506e-12,3.2765897691773575e-12,-1.6556336621423833e-11,-5.207284038377902e-13,-1.791748845377264e-12,-9.144581017710966e-12,3.942608385282505e-12,-4.123186924075049e-11,4.2752000754736133e-11,-1.643419214023561e-11,1.6828839774566426e-11,2.6745100389421362e-11,2.374543331966811e-11,1.3019576274857966e-11,1.748170320901096e-11,9.873462995058898e-12,-1.529442183062178e-11,5.373393967733014e-11,2.7923874361067723e-13,-1.4789485688162682e-11,4.165732474660241e-12,1.8723404539311047e-12,4.809590575776833e-11,7.106734934020801e-12,7.608056511819966e-12,1.2684296923005798e-11,-1.7675702877458238e-11,-2.0485106172503147e-11,-1.5250958021330005e-11,-2.0000234698763422e-11,3.1660957354421677e-11,-9.269877116663876e-12,-1.4307267512153553e-11,2.4855592693203843e-11,-2.7847349974512114e-11,3.672583769100911e-11,3.68314404249051e-11,-2.2532489285276154e-11,-2.2257563454147015e-11,3.818239603711496e-11,4.205946828925741e-11,-4.429857096044504e-11,1.3048849966566047e-10,-3.275114281466246e-11
9.30543614463005e-11,-3.0529671427017555e-11,-6.515064029331005e-11,2.0738038009576075e-11,1.938294359278214e-11,4.8033794638431226e-12,8.656832230797995e-12,1.4482934959646373e-11,6.278712962376355e-11,1.7406346126587167e-11,-1.5768604350181306e-11,1.9175774587307646e-11,4.5621580982439676e-12,2.1767196889523677e-11,-3.735968596752596e-11,-3.1985936826773695e-11,7.531359391349639e-12,-3.800353062711929e-11,-1.3192831200595658e-11,-7.033947993094213e-11,3.8809788225472465e-11,4.150656210042861e-12,6.526814030357709e-12,-2.3537657367044606e-11,2.0229223007255186e-11,-1.7947056761576724e-12,1.8378361016107232e-11,4.7575229818588065e-11,3.287200109215395e-11,3.1924116372423824e-11,9.227887897137943e-13,5.679539854181992e-11,1.6459741025677395e-11,-4.069399404677392e-11,-3.5626578617595244e-12,-4.155907819540605e-11,1.3279883541603907e-12,4.009136842452788e-11,-7.797005047884424e-12,-4.6184069154527845e-11,2.2803305532990438e-11,1.3855143054675847e-11,3.762336036989298e-11,1.8414589529244774e-11,3.1279167148739704e-12,8.409843268760608e-11,-1.426927132370527e-10,-1.2327918564892116e-12
-1.725207045406749e-11,1.6088672098241616e-11,-1.2141028134956608e-11,3.8004561326519744e-11,-4.0945573795198135e-11,-4.1867811010180864e-11,2.7909927442967367e-12,-7.530996002500471e-13,-2.1633252778916844e-11,3.88091224811845e-11,-8.922914659983937e-12,2.6962551909016617e-11,-2.7710960316152894e-11,2.1149524980215604e-11,1.0652329773209351e-11,3.888636432419554e-11,1.9063393055236518e-11,2.8100260844522024e-11,-3.462240935717396e-11,7.60651179659433e-12,-1.1047403522834998e-11,-3.773019516251604e-11,-7.199080083878168e-11,4.390396294289857e-12,-1.2244026764037774e-11,-1.0237437534622012e-11,3.79350833495605e-12,1.5169626822227234e-11,-2.1135265172593385e-12,-5.189439677299062e-12,4.388753309584857e-12,-1.326356837762582e-11,1.228739025761428e-12,-2.434100638982477e-11,-7.316937082985588e-12,-4.804904470772642e-11,3.668192090379455e-12,-2.73501175326788e-11,-1.9399879492034943e-12,1.4248735807711268e-11,3.4657778402420498e-12,-8.326158258903317e-12,-3.9989938678989014e-11,-2.1115906385703203e-12,1.237680652535228e-10,-7.76988599192745e-11,-7.566745599725149e-11,-1.3801182442040246e-10
-2.4189887327591584e-11,-1.3637025460251829e-11,-1.1269458366012502e-11,-1.9995586202953943e-11,-1.0955308212308823e-11,-7.844921459546385e-12,1.1718144755297435e-11,-3.1147606416701793e-12,1.7642460605851587e-11,-1.2804168294375202e-11,9.979143337570292e-12,1.7748378597483372e-11,1.1337590690663765e-12,1.5921363080930434e-12,5.569244558102443e-12,-5.378543515645094e-12,-6.027509358871085e-12,-1.232729585217891e-11,-1.755273227672081e-11,-1.5601651585032083e-11,9.752044262211874e-12,-2.0166703605649792e-11,8.882645592132417e-12,2.425929065272988e-11,2.6447599523416246e-11,4.503700428758169e-12,3.5177619830977994e-12,-2.4385293927260054e-11,7.820396527836283e-12,9.33757830819172e-12,7.104450408642808e-12,-7.716287853119105e-12,1.2586602619670292e-11,-1.0402902162320853e-11,-3.408982832005412e-11,1.270042365681749e-11,-1.6606094096110356e-11,-2.011653713086883e-11,4.306870401167749e-12,1.9360565434758082e-11,-2.038507295241481e-11,-2.2090549967060384e-11,2.0967838565120446e-11,-1.5562868590535157e-12,-6.7274117183062155e-12,-7.467728122766293e-12,2.0355832709060464e-11,5.085932782211547e-11
1.5871037695575235e-12,5.583000287890573e-12,-2.869818237274792e-11,-9.71277452206635e-12,1.3369793253441214e-11,-5.5281742080766845e-11,-1.1360748222566867e-11,5.977986492093347e-12,5.554648761989412e-11,1.9305802999752434e-11,8.117992689706345e-12,-1.222145974760453e-11,-1.5042696805418648e-12,-1.575321921539023e-11,-4.194929261249068e-11,-3.5436129725158945e-11,-4.746494501297494e-11,2.352278654444922e-12,-8.023160035035875e-12,3.489616870095536e-11,-5.249577477036415e-12,4.539021321995641e-12,2.9869212416305755e-12,5.84178903796321e-12,2.4293777233768925e-11,2.2264636142174854e-11,-2.978164039588327e-11,-3.2668732335404674e-12,1.437761754966186e-11,8.512816290503077e-12,-1.018062639729558e-11,6.021168100212023e-13,1.2302781707022105e-11,-2.211730491053836e-11,-3.596136642772577e-11,-1.8458070930185803e-11,-2.500324305086181e-11,-1.993061439723091e-11,-2.8925398494987722e-11,2.3699188384502874e-11,5.82362962750052e-11,3.384395685726917e-11,-7.508408336908495e-11,-1.762893641039686e-11,-3.812492121074521e-11,-1.0955439153464493e-11,-6.586150424694364e-11,4.003235443708442e-11
7.922177626798197e-13,-1.9013195678680758e-11,3.6617363853205196e-11,2.1223534105230554e-11,-2.7699665007768615e-11,-1.6008058956459018e-11,1.0473870675064546e-11,3.585613300130208e-12,-4.924841044128924e-11,-2.737457065519604e-11,-1.110228380308319e-11,4.592437358904262e-12,-1.822343544086822e-12,3.2828119383710996e-11,-1.5299437636248567e-11,-3.3925368110611206e-11,2.1356222259779178e-11,-3.001556392314089e-12,3.112797490881097e-13,1.895036177408006e-11,4.7722106046933807e-11,1.6470040928534054e-11,2.169610830501296e-12,-1.069386019732743e-11,-4.660269003481356e-11,-3.105829420634834e-11,1.1244315587303577e-11,2.5380606352810756e-11,-2.5210616919979485e-11,2.1288851974201017e-11,-2.917495088247106e-11,1.648464988587201e-11,-9.830665407708513e-12,-2.784015678187735e-11,1.295404559067462e-12,-9.362288726569632e-13,9.000346701832907e-13,-1.7834260916467546e-11,-1.6378119195699872e-11,7.49467583296442e-12,-4.6869582728892634e-11,-3.1593853531587283e-11,9.521990906909245e-12,7.255790731278902e-12,1.3464779743174265e-11,4.4895208519452914e-11,-3.545569021369183e-11,-2.6376322599908716e-11
-2.323628988768147e-11,2.9008754846924108e-11,-4.880691775678945e-11,4.015596602239493e-11,-2.978229712850425e-11,2.491946987400889e-11,-4.212906680404287e-12,2.8456767422436776e-11,1.7348478801199946e-11,5.2869745216778934e-12,-3.8808572172698687e-11,1.5372848632843123e-11,-5.3801084578498435e-12,-4.190300115493963e-11,5.265098613982194e-12,-2.3024501042075688e-11,3.483126913305132e-11,1.063165092844094e-11,1.7496178693380278e-12,1.8090974900193925e-11,-1.8224667120576462e-11,1.3085578961428956e-11,2.6986367321229728e-11,1.1458789745614165e-11,-1.3772210714279444e-11,5.7585157373535765e-12,3.0855189235923564e-12,2.340620461604711e-13,4.247559125285171e-12,-1.759842110215801e-11,-4.307844891161155e-11,-1.0280502653195019e-11,2.36447160764113e-11,3.2148904335464416e-11,2.828129122985657e-11,2.527110237738245e-11,-2.208540830034091e-11,9.370518962885348e-12,6.403978410823504e-12,-7.873636776497295e-11,4.8187064124694106e-11,-2.990064284033317e-12,7.6307695028934e-12,-2.3911680406408503e-12,2.527388557699362e-11,-1.361260631034883e-11,8.742941367105125e-11,1.585834224041212e-10
-5.042491557844325e-12,-6.517459668549516e-11,8.360187421934586e-12,-1.9139181788274777e-11,2.68977035184272e-12,8.444715444541243e-12,-2.972410318474521e-11,2.2201420830442548e-11,8.001812877736307e-12,7.446374133999832e-12,-3.616979309939618e-11,-2.2188525496792935e-11,2.72754583764535e-11,2.9457173501845906e-11,-3.4847349058312567e-13,-5.4808621696312175e-12,2.1115128442253468e-11,-2.121564581012069e-11,1.581537992189228e-11,2.848566710810071e-11,-1.7956982092361654e-11,-1.5623640208933655e-11,1.2564854118612938e-11,-4.568136738504057e-11,1.5740211759887778e-11,-9.866661632449954e-12,3.677978151001352e-11,2.2306501734550832e-11,-1.8690572269702607e-11,-1.7690604994465376e-11,2.2280528907895472e-14,6.759041101509869e-12,-8.335829074196734e-12,1.2857349168343006e-11,3.3104584036644397e-13,-6.7621541186343554e-12,-1.977467052679977e-11,-1.5665757712401078e-11,-7.322732224510217e-12,-1.2744014495828767e-11,-1.639251354454497e-11,5.550648157908835e-11,2.1377336575816214e-11,-1.9052308877380933e-11,1.1419282812167713e-11,6.718513465832747e-11,-2.2181263700634e-11,3.488693084491697e-11
-2.0288513943743835e-11,-3.0539558504797815e-11,3.209840638673271e-13,-2.6775103283224054e-11,-1.5706712183133592e-11,1.3255606647181648e-10,7.362356950380469e-12,5.05466484185397e-11,-3.1707470894440936e-11,-1.2538404948283025e-11,-4.4398394240291044e-11,-6.338313966303368e-11,8.894547530493878e-14,-2.013148774439019e-12,6.305334619748085e-12,5.08745615265605e-11,4.756124106367732e-12,-4.212907390140647e-11,5.7704399615971305e-11,-3.072657417413534e-11,3.658503661204453e-14,-1.835598461980082e-11,2.4043010951812763e-11,-3.441895914286984e-11,-2.885052325913005e-11,1.1987832668707418e-11,3.311124169919272e-11,2.1790139995005073e-11,-7.867791291306118e-12,5.734394973914295e-12,1.8496160156355994e-11,2.065469601242285e-11,-4.9227976855190204e-11,-3.64028288142977e-11,-1.385042768829033e-11,6.185352012093584e-11,-3.5493769677295786e-11,-1.0836481535605291e-11,4.863341364059845e-12,5.345358760106844e-11,2.267429775361689e-11,1.6271857993912047e-11,3.326864203700024e-11,-1.3985732028041675e-13,4.5303587838135267e-11,-1.5503841498864574e-11,9.336949267194082e-11,2.492915221768542e-11
-2.948935415309982e-11,-9.708253692579724e-12,-4.254225352655564e-11,-2.3683172117106956e-11,2.2376597906579148e-11,-4.7957946697132703e-11,-9.119110124466283e-12,6.728082662733435e-12,5.002576042184512e-11,1.84945685130557e-11,6.150868433928699e-12,-7.62445026372327e-12,-7.072830770645235e-12,-1.3138635240167335e-11,-4.020237721681038e-11,-3.637217055859729e-11,-4.546735712516467e-11,2.788300759495009e-12,-1.1252370414535685e-11,3.5123363508010246e-11,-5.123115917685099e-12,5.524234288283516e-12,2.755599582398006e-12,3.0656818460597407e-12,2.3894506675332467e-11,2.2137043746800583e-11,-2.940136215743594e-11,-2.9338285717143415e-12,1.456193122553759e-11,8.446224239246702e-12,-8.968950157933806e-12,7.072155932479897e-13,1.2436484049791907e-11,-2.2128231532470696e-11,-3.592726646689945e-11,-1.885976570679377e-11,-2.509981603596171e-11,-1.9578846510816903e-11,-2.890764425778235e-11,2.376590461056683e-11,5.83066361692933e-11,3.381536628461972e-11,-7.477257094290698e-11,-1.6975008941577542e-11,-3.7470304520206057e-11,-1.0227205746076376e-11,-6.4377413433643e-11,4.2035718680955787e-11
-2.2328417695164134e-11,-2.7163452411434475e-11,1.6988786236901824e-11,2.3419342916028447e-11,-3.797040613726756e-11,-1.343556975252537e-11,6.758232423432433e-12,1.2515595047378281e-11,-3.0894067700924544e-11,-2.1655038038447456e-11,-1.7310490345432942e-11,7.096876865025556e-12,-8.906407915955143e-12,2.3621389226142325e-11,-1.7432526115933482e-11,-1.6953204575798e-11,2.7658684621821504e-11,7.0386744890079875e-12,-1.1218139516989824e-13,1.2037318093949333e-11,4.4164558178718356e-11,1.5433353907475777e-11,4.531397128916612e-12,-6.905845371822579e-12,-5.0909356920311693e-11,-2.975398779969452e-11,1.211904739239136e-11,2.4668917248900103e-11,-2.377737932574541e-11,2.1525703713228654e-11,-2.9698623442576174e-11,1.6619837098192927e-11,-9.0031911866688e-12,-2.510847295660387e-11,9.541291721213994e-13,-3.341453033628054e-13,1.5926644808472785e-12,-1.84653295445172e-11,-1.6495822884890073e-11,8.157962978385494e-12,-4.677612147103697e-11,-3.17760527531299e-11,1.0738731935353384e-11,6.7468414880643565e-12,1.349121916462092e-11,4.66797936761561e-11,-3.403092188481501e-11,-2.2163413044035655e-11
-4.764225184479521e-11,2.0883250653690118e-11,-5.1049524586688755e-11,4.721975521993773e-11,-2.3080881527896774e-11,2.076204506397916e-11,7.362721734111853e-12,1.4534081396972106e-11,3.001718244529803e-11,9.782599117265116e-12,-4.334663693955893e-11,1.681597794706757e-11,-5.055222799550685e-12,-4.1115496348233164e-11,6.8670613126915545e-12,-2.415755935689664e-11,3.643543438674247e-11,9.246594100252913e-12,-1.4624191165357936e-12,2.0539085095700835e-11,-1.2216002141796417e-11,1.398825565031236e-11,2.6905919200337674e-11,1.0123402436734935e-11,-1.3867876208259001e-11,5.997688192468394e-12,1.92544679809945e-12,4.753159654634756e-13,3.939530255635249e-12,-1.593322752627678e-11,-4.280626077102737e-11,-9.801044122320313e-12,2.4120780234105957e-11,3.231485487357691e-11,2.80214358360683e-11,2.5724887693380526e-11,-2.242449747920372e-11,9.201985612177193e-12,6.016859777296832e-12,-7.895726511669109e-11,4.820976255649307e-11,-2.786995779969914e-12,7.579449007988921e-12,-2.446850524857044e-12,2.5425228335180597e-11,-1.347032252843063e-11,8.715698834945998e-11,1.5888870116747528e-10
-9.416373947620449e-12,-4.840336743628249e-11,-9.592846652498007e-12,-1.853743018182462e-11,2.6367097755990705e-12,-1.3255437730548959e-12,-4.657337222141503e-11,1.724268351724006e-11,6.667398456783021e-12,1.671071933083809e-13,-3.409282489385445e-11,-3.091416294163715e-11,2.545303021443488e-11,2.5830248187348868e-11,1.9956776937493254e-12,-1.0908813024040118e-11,2.129826249402632e-11,-2.205005254660499e-11,2.06590710341049e-11,2.756572327341483e-11,-1.814162355722315e-11,-1.8259118325004596e-11,1.1901620453286938e-11,-4.745679291864174e-11,1.6013526466033167e-11,-9.60545708549976e-12,3.737495460283392e-11,2.1711469163748422e-11,-1.9221714466445448e-11,-1.876852104939402e-11,-6.179550722447448e-13,5.555391115113498e-12,-9.355332059429234e-12,1.2071117856848636e-11,-2.954617666764588e-13,-7.007484786677696e-12,-2.099875572996736e-11,-1.646431624287768e-11,-8.519154178284643e-12,-1.3982815707954834e-11,-1.788605752260742e-11,5.42497813516064e-11,1.9555215008310918e-11,-2.1015658881845916e-11,8.923172282009945e-12,6.391348174198495e-11,-2.6993722107243422e-11,2.448081463126746e-11
-2.6963281836516138e-11,-3.512614775290851e-11,1.6358377669529415e-11,-9.892255328083755e-12,-2.463748254198598e-11,1.413440778565391e-10,2.225763018390836e-11,5.684545712427084e-11,-1.7837473508309257e-11,-9.100180259748859e-12,-4.206388736889788e-11,-5.927132618643493e-11,6.09418901839024e-13,8.66116053128258e-12,8.026485046434778e-12,5.639907198735864e-11,9.810423102957574e-12,-4.5546813506926726e-11,5.377632920672464e-11,-3.5687270792336834e-11,-2.2567665961413878e-12,-1.7335903308945518e-11,2.7748641979627213e-11,-3.649161326722239e-11,-2.7270765170385188e-11,1.1219570508253445e-11,3.292208411318827e-11,2.5292824403921734e-11,-6.636031515376416e-12,3.4563248355167084e-12,1.7305789320660783e-11,1.8906080805330367e-11,-4.7037258841790374e-11,-3.396146054212165e-11,-1.1382738834196918e-11,6.299440017860612e-11,-3.419400017197502e-11,-8.548896458372444e-12,6.823454250100704e-12,5.51896905973577e-11,2.4506674911596986e-11,1.706133284845251e-11,3.333270564036509e-11,1.356505959397332e-12,4.8107984578818227e-11,-1.2741641015793348e-11,9.871475203596256e-11,3.766333939586357e-11
1.3902769288924301e-14,-1.0900136161463265e-10,-6.327312266494142e-11,6.179287505042042e-11,-7.263237551026868e-11,8.457283421791956e-11,5.172328390455359e-11,-1.6997692096007605e-11,-7.076338997711272e-11,1.6464881796615088e-11,4.158767158676454e-11,2.3313005852165455e-11,6.434027990901462e-11,1.3730325150230878e-11,2.8126134263860374e-11,-5.083436958081757e-11,5.831342607550501e-12,4.858176796873179e-12,1.8556179085905317e-11,-2.8944237385688553e-11,-1.0124045395811187e-11,2.5744775472350668e-12,-1.9132107196655516e-11,-1.0109591253059573e-11,1.9798217815225388e-11,1.4810285445668055e-11,2.5979262399051248e-11,4.735396918172137e-11,-3.041346395490773e-11,-2.6781909174711884e-11,-8.017737820076516e-12,-1.0635266613527013e-11,-7.100746489346556e-11,-5.482824392431936e-12,1.93989868893492e-11,1.0231216572425497e-11,-6.82554855209953e-11,-2.5688091043425005e-11,3.4866874014874126e-11,-2.971990286454502e-11,-2.5334910057447398e-11,-1.9039067176849607e-11,6.668196006575532e-11,6.052133338338771e-11,-1.3102254976150497e-11,-6.234038254684047e-11,8.48885724177011e-12,3.9758521518929863e-11
-1.971494975013892e-12,-1.2837304103521181e-11,-3.070895760872038e-11,-2.6177706257379345e-11,-3.19409563059025e-13,8.874967627884254e-12,1.863539940114862e-11,-3.333449797169142e-11,-1.8295969014474953e-11,2.5717298465673983e-11,8.180192264431893e-12,6.0978962795425705e-12,-4.991938739910623e-12,3.423361912510594e-12,-1.3508987175912354e-12,-1.1715907237543557e-11,9.940680679415462e-12,-1.1627487277557128e-11,1.9963775251491075e-11,9.577340168138039e-12,1.512855670177883e-12,-1.5637585717851546e-11,-1.656263906319999e-12,1.337930218721139e-11,-2.7230416235856012e-11,-3.648917994269003e-11,7.1117862726731714e-12,1.047386148706395e-11,1.87214960862101e-12,1.7936574547266818e-11,-1.4732727071262396e-11,-1.133021036023189e-11,2.5156432444885394e-12,-1.2255294439051472e-11,-3.095728110022372e-11,-3.64092639139449e-12,2.0877255586288055e-11,2.177792802742635e-11,-1.73373595482804e-11,-1.992948820716906e-11,-3.4551580831802284e-11,-1.7730769973650244e-11,-5.913428176323074e-12,-6.822355783351386e-12,1.2259870775479809e-11,-3.2427665660618885e-12,2.821218954479035e-11,-3.110978089304168e-11
-4.053709990599447e-11,-2.6384927570332665e-11,1.451484321691873e-11,1.0415837613269978e-11,2.4501394059931368e-11,4.000831481191564e-11,-1.6411795503230283e-11,1.8574202855109173e-11,-5.731323390313171e-11,1.5659982639259376e-12,-2.702740317706391e-11,3.4472364240960626e-11,1.3999784315701617e-11,-3.8847640892059666e-11,7.336906538792519e-12,1.669013352264523e-11,8.281189149458952e-12,-3.9859337203445864e-11,2.3448404852241077e-11,-2.7504527816174107e-11,-2.991121783999005e-11,-1.0310519515026817e-11,-1.903521387518009e-11,5.779936273067656e-12,-1.7498530779906128e-11,3.729698721441108e-11,1.0115602779649925e-12,3.3829747628542524e-11,2.380156146657345e-11,1.5636586972585743e-11,-9.578562653808065e-12,-1.480220928564307e-11,-4.2501626803009016e-11,-5.680605318163722e-11,3.5739448108432104e-11,1.505989991451151e-11,5.439909236554439e-12,-8.267334663158773e-12,-2.251017169827374e-11,5.6595690972670706e-11,-1.4189548243472305e-11,-4.502992167211087e-11,-1.1664504100170255e-12,-3.138838754558934e-12,9.756581684853053e-11,9.55921450487714e-12,2.8738779226433974e-11,4.58489988063137e-11
-2.638637026642328e-12,-1.1676952980947668e-11,4.934153259047308e-11,-1.0520430232839806e-11,5.41078123607852e-12,-6.881003999387578e-11,-2.4027253040806048e-11,-1.5230871656829364e-11,-3.24922859003827e-12,7.242859149178875e-12,-4.549368163378982e-11,-4.332795068915952e-11,4.740697012136716e-12,-5.2551617947632745e-11,-3.4565821111715984e-11,-1.4211294334216344e-12,1.3434157200778848e-11,-5.140669541687137e-12,1.0154239330417656e-11,1.156038798367508e-11,7.60083452901352e-12,-4.438050919954353e-12,-4.117618275666225e-11,6.6180180634843205e-12,4.5210033765279465e-12,-5.4722480060219325e-12,5.8988539843109965e-12,3.5889635798980146e-11,-1.9369307482875278e-11,-2.579079532245447e-11,4.811651413962516e-12,3.5266706165890303e-12,2.5574146924249367e-11,-1.1287276712578031e-11,-2.6204496659056843e-12,1.4736511120976148e-11,1.1988474443385638e-11,2.6380745991007486e-12,-1.1743318271534406e-11,-4.354777296391467e-12,-1.709271356192366e-11,-2.997497201390603e-11,-3.7860783091390305e-11,3.027422472366958e-11,4.2644882934654996e-11,1.8271657305256502e-11,2.4106245156894552e-12,-2.059150166583968e-12
-1.1750540630930287e-11,-5.015020333711366e-11,2.2002679852847846e-11,5.213491230456646e-12,1.7590077324503678e-11,5.2499072445184244e-11,4.669371162207393e-12,1.0537670842617642e-11,-2.6297740150497628e-11,-6.280496072050727e-12,-2.1259928810944204e-11,3.706833285093007e-11,-4.217354334312837e-11,9.12577133492036e-12,-4.396327684965458e-12,6.823616591568546e-12,-5.103046687071688e-11,2.185251508134834e-11,5.372085887199708e-11,2.2273485910901724e-11,-3.7954880198451785e-11,-7.2668150532929465e-12,1.054584904573062e-11,7.172028471308903e-12,-5.5141969049276534e-11,2.2537287305524592e-11,-4.0072129624194695e-11,-5.068669897034891e-11,-1.3322114692911896e-11,6.568438947775597e-11,2.1969327149054106e-11,-1.398029661714472e-11,-1.6120004285134812e-11,-1.61484882554344e-11,-9.779922682494656e-12,2.3244578365347642e-11,-3.2627536538577083e-12,4.5070093395175684e-11,-5.7985468527524425e-11,2.213503245191668e-11,3.037718612655754e-11,5.958405393905592e-11,-1.435284399497067e-11,1.6046141290847054e-11,-6.300554982539019e-11,-8.006470229486531e-11,-4.184553907187659e-11,7.902959870807825e-11
-2.7529810912360148e-11,-1.0449520563264654e-10,-5.190311005348521e-11,7.092906537373583e-11,-9.004342715952813e-11,1.0344569198428363e-10,4.9013247933971744e-11,-1.8657250349736292e-11,-7.057968304353569e-11,1.1078883717767094e-11,3.649417821086372e-11,1.9188364304918328e-11,6.543767391136197e-11,1.3963675063388416e-11,2.953998411127949e-11,-4.7715036449375194e-11,1.2599419961396822e-11,4.152505539199045e-12,2.0861465359045298e-11,-3.0377784712324054e-11,-1.5169449580439747e-11,-1.3221630725777961e-12,-2.0322806060435953e-11,-9.293764513883132e-12,2.0380300892578914e-11,1.5395133606552458e-11,2.5401909468274936e-11,4.819240024187831e-11,-2.6926944618161896e-11,-2.8354314805435443e-11,-1.1815754435072331e-11,-1.1057410015412507e-11,-7.113663719718195e-11,-4.125532752667046e-12,2.1761318449634064e-11,8.002240238812368e-12,-7.19409097859211e-11,-2.577311605258952e-11,3.3703418701102855e-11,-3.074175016473717e-11,-2.7007847760115626e-11,-1.7370149379823077e-11,6.382697492274373e-11,6.171469011840805e-11,-1.2645179923439797e-11,-5.969646620549031e-11,1.0404482132168796e-11,4.273297125852672e-11
-3.3656639061275208e-12,-6.127431127739263e-12,-2.9088230144078667e-11,-3.5897231533443935e-11,1.9951294919142057e-14,3.893643504453502e-12,2.422491152250947e-11,-3.31682865552241e-11,-1.5759860193038305e-11,2.6658407358014118e-11,6.289831292406779e-12,6.094412529820118e-12,-7.71368340343207e-12,2.3566442255316974e-12,-7.989406423398067e-13,-1.3027560876673219e-11,1.0324403907872593e-11,-1.5645682648315724e-11,2.0143646093744404e-11,8.123129674884842e-12,1.2520329270343345e-12,-1.5862876879426468e-11,-1.977324198362363e-12,1.327863607476699e-11,-2.7603312749737068e-11,-3.6770022834234886e-11,6.863076881189707e-12,1.0206130857069561e-11,1.614107597720721e-12,1.7693668389734343e-11,-1.5074437174369852e-11,-1.160642528570239e-11,2.2547532920230694e-12,-1.2484446566935054e-11,-3.127939933767856e-11,-3.8515573437650234e-12,2.0632521072622256e-11,2.146864105927315e-11,-1.774871284439777e-11,-2.0366920869534424e-11,-3.495987333948984e-11,-1.8133699709810665e-11,-6.347110789196253e-12,-7.383144658156979e-12,1.14269308601372e-11,-3.981256030397649e-12,2.670528703785073e-11,-3.321658367485846e-11
-7.596204890455195e-12,-1.7254110054868117e-11,3.7113325626011724e-11,1.3789164669805703e-11,2.6284939594653816e-11,4.6639626212204026e-11,-6.230180748412486e-12,1.5826918225575206e-11,-5.0770572853902595e-11,4.843063764270482e-12,-3.4547611639181255e-11,3.0717625078847545e-11,1.5533311441688884e-11,-4.367604355016029e-11,7.732698605623142e-12,1.6654985308595632e-11,8.073481573822536e-12,-3.805046031519654e-11,2.1737655988647817e-11,-2.7162544843426483e-11,-3.209050625620108e-11,-8.80388147632333e-12,-1.8990781696257673e-11,6.058509088527783e-12,-1.6966561029052466e-11,3.722781478487215e-11,9.905872882514895e-13,3.395347062996231e-11,2.3791798673660376e-11,1.5712520349668675e-11,-9.46749995540079e-12,-1.461601846659489e-11,-4.244580967741936e-11,-5.677244526376475e-11,3.5774325705310347e-11,1.5244746743282246e-11,5.517361906259554e-12,-8.309072574051402e-12,-2.2470031046578294e-11,5.6698274183514194e-11,-1.4129701332851119e-11,-4.498067873336591e-11,-1.1166576219016131e-12,-2.752552074722544e-12,9.762585264376121e-11,9.498405209490052e-12,2.9046859894286456e-11,4.671475124191625e-11
-3.830223477207279e-12,-1.1888895767391192e-11,4.913084875692172e-11,-1.5063923469874687e-11,-1.1499994253777027e-12,-7.061077481761133e-11,-2.3329565635210432e-11,-7.776696128229466e-12,3.801537003012312e-12,1.1505875994058824e-11,-5.319167754387611e-11,-4.3841783049691786e-11,1.3300365094322067e-11,-5.241969923962241e-11,-4.698592840141795e-11,-3.0621650405071295e-12,1.5761380938640383e-11,-6.934058974405933e-12,9.883305085525561e-12,9.20190518681426e-12,4.8554490567475576e-12,-1.6212062665800514e-12,-4.0343440141844603e-11,7.1502239325451425e-12,3.909504709136361e-12,-6.6828620916301375e-12,5.9676325097901114e-12,3.660433852698006e-11,-1.953897452689854e-11,-2.5180728983825444e-11,5.3882948285548004e-12,3.993330589794659e-12,2.8454625432626495e-11,-1.0936044128907829e-11,-3.611975018232609e-12,1.4326802447360329e-11,9.220714218018055e-12,2.694114628501133e-12,-1.0543588632618065e-11,-4.079037631031544e-12,-1.6180337342045587e-11,-2.998304835995643e-11,-4.020149741678847e-11,2.8253733709253304e-11,4.1933693039156246e-11,1.613816337803409e-11,3.5473675427745566e-12,2.844312336513864e-12
-3.6373930064331995e-11,-4.8302820513719224e-11,2.3271610329389456e-11,3.3657768706058543e-12,1.9891077836569154e-11,5.065487478912073e-11,1.2017805959100592e-11,1.2001782294825501e-11,-2.3099563352550286e-11,-6.859642792275319e-13,-2.0605347656190062e-11,3.837737409176232e-11,-4.5030856020403116e-11,5.442642775701974e-12,-4.807370374929298e-12,5.187413328863613e-13,-4.759378408966151e-11,2.1345173239242468e-11,5.383942696641278e-11,2.2793866274465854e-11,-3.826892384529468e-11,-6.468158352843934e-12,8.894178015319295e-12,7.39456122286886e-12,-5.568326080677711e-11,2.23978275801107e-11,-4.088759084117793e-11,-5.005387148038526e-11,-1.5283095968672103e-11,6.252915299867218e-11,2.1257710165768e-11,-1.601592259181491e-11,-1.7347623787657278e-11,-1.6255234521348413e-11,-1.2309824451656244e-11,2.2914445789176654e-11,-4.272493403511741e-12,4.350955265470229e-11,-5.7649366268556424e-11,2.1499121486584216e-11,3.009928007692401e-11,5.987115844921467e-11,-1.4508466256523277e-11,1.5688939229850054e-11,-6.44614620999009e-11,-8.029102453386597e-11,-4.0735009420545054e-11,8.053340877556295e-11
9.453651734564726e-12,-8.182015851718599e-12,-1.7090448850345925e-11,3.0082544208936255e-11,2.995080286323106e-11,1.4342139728121708e-11,-3.670063681963463e-12,-1.64641734806473e-11,-3.7559357503373105e-11,-2.5081472237921558e-11,1.739501323423285e-11,5.293782669987162e-13,8.57523101385925e-12,1.6985777134497897e-13,1.1302727423887823e-11,-2.8597534012480194e-12,6.310528332788335e-12,1.0860039711675327e-11,2.69537757020495e-11,3.023129579888014e-11,-1.2840709594971366e-11,3.3317137405387496e-12,1.5216738847140194e-11,-2.3075919528150206e-11,1.364900138046623e-11,7.758417383702689e-12,8.62293908530256e-12,-1.6003531523538532e-12,-3.538210259457281e-11,2.001375422958672e-11,4.373084560296605e-12,1.4310333989395582e-12,-8.912321182964993e-12,-8.402870631655237e-13,-7.33094862313915e-12,3.708838995866318e-11,2.0962624330348036e-11,9.200132228754755e-12,-3.176947403025211e-11,1.1438008300855009e-12,-7.987081763664483e-12,2.156190428138427e-12,5.250690276247676e-11,9.971426978503014e-12,-1.2396712016542224e-11,2.637876494433456e-11,2.7807514383006875e-11,-1.0443822283402485e-10
-2.2864253901168715e-11,-4.4406416338567045e-11,-4.0691176722539815e-12,4.8476636240421906e-11,-4.5827366869728744e-11,-2.4275336877235807e-11,-2.9198358721565244e-11,-1.1012653192961135e-11,2.277784032672909e-11,1.0675847299537594e-11,-9.346602407996903e-12,3.88213366208712e-11,-2.657483111176365e-11,2.2272282407001328e-11,3.110857015969845e-11,-3.317201438089173e-11,-3.477501112946004e-12,4.067538841589096e-11,2.0343316668878935e-11,1.3807059894749997e-13,3.428912411793828e-11,-5.407223887907349e-12,-1.51661801182434e-11,-4.8995732247977966e-11,-5.18473761210167e-11,6.482166814680621e-12,1.7583754404759576e-12,1.3633673524831445e-11,4.201930785768892e-12,2.6912009351255384e-11,8.189768312069858e-12,1.5973784834277254e-11,-2.2892023152608593e-11,3.570972654195394e-11,7.095767339872817e-12,4.5593261128460286e-11,1.8196718306800177e-12,-1.4839055023946796e-11,1.7879039839785713e-11,1.660468797125414e-11,7.291289052823184e-12,2.0566057026257524e-12,1.590070981504162e-11,1.9966700225429463e-11,-2.2838601333251923e-11,1.478482525608241e-11,6.562423858748703e-11,3.737698482562835e-11
2.7372161523799475e-11,-1.5673669418911418e-11,-1.0145679105744123e-11,-3.701651001343455e-11,-1.8105965213073186e-11,-4.7992679725332574e-11,5.684173249027252e-11,3.357647745076617e-11,-3.4551277574601465e-11,1.3870209255438141e-12,5.6013756676348234e-11,2.3684973910013012e-12,-3.987510993008718e-11,-4.9932915346533254e-11,-4.3270739879361476e-11,-1.3443937205646927e-12,1.5906746726749136e-11,4.602970830688864e-12,4.006215970031332e-11,-1.2541355133829889e-11,3.2736229157402094e-11,5.7943552515496635e-11,-3.053520044057469e-12,2.6387335125900322e-11,2.4119909551939355e-11,-5.990599980305428e-12,-4.5603801576477384e-12,2.980670285272601e-12,-3.2947947457300705e-11,-2.6043312063919555e-11,-4.568105686029501e-12,4.395907562980172e-12,-1.0296207101453874e-11,2.529181641246878e-11,-2.3883238250727052e-11,2.1733615202425392e-11,-8.046379007674174e-12,-1.1222838166731928e-11,3.029250141626419e-11,3.2718992428475766e-12,2.9395886252557486e-11,3.1730074968133148e-12,5.303036131275211e-11,-5.0282844627072045e-11,-4.3311001988836287e-11,-6.438687956670065e-11,-6.000417577923163e-11,7.023001403995808e-11
-3.56368537168091e-11,-4.380330859077668e-11,1.023799713414542e-11,-3.9829257265730535e-11,2.1091405599254484e-12,1.0122960083178024e-12,-2.0433779260968282e-11,2.061821934408624e-11,2.8755579403947697e-11,2.4175556967588044e-11,7.590442534171917e-11,-4.448349493840062e-11,-1.0589660288577135e-11,-8.294162578258963e-12,-1.30971789110206e-12,-1.1333412896664386e-11,-5.774284234391762e-11,8.894903208998317e-12,-4.6924512085330815e-12,-2.130124690904383e-11,5.839772497534624e-12,-1.1885675857299738e-11,-2.606015228602728e-12,-2.7150402846746667e-12,2.4250084428852917e-11,1.0739940692405797e-11,2.8231297885047478e-11,-1.0229251630786219e-11,2.1207570541491845e-11,-9.250579915137534e-12,-2.4572158653931518e-11,-3.038021148026419e-11,-3.158444564011867e-11,-8.321576211638907e-13,-4.1315965633615195e-11,2.238781644225098e-11,1.6403386930253863e-11,-6.096018816874584e-12,-1.9942988303392498e-11,-6.122360720920378e-12,1.6906941274672936e-13,-1.0451992449449566e-11,-4.754600049736088e-11,-2.314563121977147e-11,-6.099064223996179e-12,1.0606319364945871e-10,-7.450465657429007e-12,2.1695912975473293e-11
-2.7579509159861643e-11,-6.781950037237484e-11,4.3494438321472636e-11,-4.7976537286257376e-11,-3.72760598204525e-11,-1.7876681727436296e-11,-5.583329557168449e-12,-2.4054607102894625e-12,-1.940089851434058e-11,-1.0387480907950909e-11,-1.7045284898055587e-11,-1.4381700291680864e-11,4.4949738627747265e-11,3.706184941541047e-11,-3.401245926599314e-11,1.0822093796446358e-11,8.6006451930533e-12,-3.4898541358895193e-11,5.5160878887624026e-12,-1.2041523434044244e-11,2.622236295108679e-11,-5.2214838022602065e-11,2.726968311440883e-11,-1.9943335994615246e-11,-2.9969771446060995e-11,-1.886444927308728e-11,2.0346540363329903e-11,-4.746516053391646e-11,-3.5222926431845224e-11,-1.895158281117937e-11,-7.091241784031394e-12,-4.448684269075132e-11,-1.8609790577793703e-11,2.0598320266305694e-11,-5.43124741201546e-12,-1.7938642697371055e-11,4.612688985492251e-11,3.865356332688104e-11,-1.0656463832980004e-12,-9.918824456658994e-12,2.6440663320147347e-11,1.7971454116658196e-11,9.71284990466374e-12,-3.7487687084082167e-11,2.7190435553047414e-11,-3.6803566448023084e-11,4.4712940664332464e-11,7.83403242851806e-11
1.7570073289299977e-11,-6.435841878027399e-12,-1.2767438710819981e-11,2.5365574289355342e-11,2.7360346291498615e-11,1.787123453648728e-11,1.8251647872060074e-12,-1.2097175919656096e-11,-3.7033417729663426e-11,-2.4578707293397012e-11,1.6327773574978414e-11,1.0028917223057635e-12,7.828598487118482e-12,6.922674569661003e-13,1.57829688036525e-11,-4.516770115987555e-12,5.676288781275153e-12,1.2426272202718886e-11,2.6532410876884587e-11,2.992290821604342e-11,-1.5524269615917612e-11,2.5721962850771054e-12,1.4861640778284898e-11,-2.1784350204507406e-11,1.3301151473729774e-11,1.051690960799426e-11,8.854230788390706e-12,-8.182702308070752e-13,-3.490278933643258e-11,2.0941070160986374e-11,5.9482960315030506e-12,1.1278207432495836e-12,-7.997055964706035e-12,-1.0762600155107695e-12,-6.595704159229479e-12,3.791041807811134e-11,2.2279701669879554e-11,9.215161900700395e-12,-2.9618801134532134e-11,1.2515763887813605e-12,-7.232779116419741e-12,2.940564676101216e-12,5.303736294750326e-11,1.1341981564283407e-11,-1.0595786856084849e-11,2.8807741627848516e-11,3.0117603432888987e-11,-9.916198599527348e-11
-3.664427527752971e-11,-5.639943356013037e-11,-2.162535422791527e-12,6.115393831762983e-11,-3.3933933963998594e-11,-3.0939089450740645e-11,-3.11313607780626e-11,-9.649589306085486e-12,2.1871290316402936e-11,6.903340728058169e-12,-1.0909731980532362e-11,3.77753602794362e-11,-2.554676739234196e-11,1.8780177043644102e-11,2.7098853435725193e-11,-3.3223081476519517e-11,-5.0803978397598526e-12,3.945484457402742e-11,1.937981727573642e-11,-2.897190070636946e-12,3.4139215693275585e-11,-7.0104533438396695e-12,-1.6613830594372832e-11,-5.082166750871126e-11,-5.2837764501457486e-11,4.8305307316264466e-12,7.86248636811785e-13,1.2483516487237195e-11,2.788213387427378e-12,2.5720600948790273e-11,7.490709350245725e-12,1.5846470857848602e-11,-2.4384952709137234e-11,3.521916337878708e-11,6.715509128562881e-12,4.430124390359547e-11,5.953564142802608e-13,-1.601642644096392e-11,1.7083708661908264e-11,1.5512862224315822e-11,5.7625234213575214e-12,1.0968606769941123e-13,1.4946894260490527e-11,1.7464404221882187e-11,-2.5170519979272258e-11,1.0490700350452319e-11,6.000404948684164e-11,2.478807636844793e-11
1.9817750127563703e-11,-3.0143065763652286e-11,-1.2693008488238406e-11,-2.8983286217292766e-11,-1.182015652825218e-11,-3.688908984676254e-11,4.761659053552712e-11,3.120763671370195e-11,-2.9886891693545205e-11,-5.76915461848123e-12,5.4494643022368666e-11,6.281174749828543e-12,-3.872892903081753e-11,-4.52330500691748e-11,-4.954167209551198e-11,-4.2788584016969547e-13,1.3875940885153871e-11,4.211433373191085e-12,3.872071689612507e-11,-1.5001985808764188e-11,3.5664406041982453e-11,6.125546341690184e-11,-5.931969983917535e-13,2.890981850836621e-11,3.184006864986641e-11,-1.6631400576548757e-12,-4.131977354561817e-12,7.817325787216838e-13,-3.238253788879821e-11,-2.0700151527911336e-11,-3.1191110432666442e-12,5.9575465576137616e-12,-5.148001777067494e-12,2.7488518138790952e-11,-2.162182688592292e-11,2.289068387955936e-11,-1.1244262561131833e-11,-5.896420599164378e-12,3.364014805968032e-11,3.1810550003217665e-12,2.943342008253082e-11,6.139941964268884e-12,6.158868908997844e-11,-4.5629915747454875e-11,-3.8481208860827966e-11,-5.88754573494779e-11,-5.22502613791093e-11,8.420486010137966e-11
-3.6145202644724805e-11,-3.533841555169016e-11,2.7917893274274144e-11,-3.196202024554713e-11,8.801741826642974e-12,1.703423688513455e-12,-2.461315910211995e-11,2.5669390889776336e-11,2.7854548403298452e-11,1.550039168039812e-11,7.27266123389532e-11,-3.9570955571761005e-11,-8.17960720079474e-12,-7.667213931333406e-12,2.5210791971481918e-12,-6.35290356741117e-12,-5.997294155514282e-11,8.957056405187373e-12,-3.893453055461542e-12,-2.047011887841967e-11,6.0390014196699644e-12,-1.0621879440557784e-11,-5.071197512214859e-12,-2.4006555741606523e-12,2.419587269475023e-11,1.1064696549139343e-11,3.066363169815735e-11,-9.242868000536292e-12,2.1083591658096464e-11,-9.032645633125002e-12,-2.4657061374839284e-11,-3.030448752100337e-11,-3.2482155435499326e-11,-6.624737078593148e-13,-4.1463464253040134e-11,2.3381089218511995e-11,1.628713888200757e-11,-5.847082741528547e-12,-2.0189785013879573e-11,-5.878028709576999e-12,-3.0542107308740256e-13,-9.612794967898929e-12,-4.719923122066196e-11,-2.233062728464315e-11,-5.792558483896267e-12,1.0644430079838286e-10,-7.52458371071547e-12,2.2171162998793837e-11
-2.7910366346685733e-11,-4.8265175958425843e-11,4.6546905920658614e-11,-4.435236458653622e-11,-3.5690600658815675e-11,-2.3557606389362944e-11,-7.018074075389457e-12,-1.0883060305361456e-11,-2.1670174516021657e-11,-1.3160679672280762e-11,-2.3987045899588807e-11,-1.9009786073438652e-11,3.9995259156734674e-11,2.7560799696941725e-11,-3.3888800239220644e-11,5.921622699572572e-12,8.061992048521522e-12,-4.062361876894589e-11,2.377316680359708e-12,-1.78691135472464e-11,2.5537195713243762e-11,-5.77675985328445e-11,2.8922817095901607e-11,-2.303409215603071e-11,-3.1688198530277137e-11,-1.902733101026582e-11,1.657938506582006e-11,-4.8718805681808967e-11,-3.870360114672469e-11,-2.2056801520042843e-11,-8.372540720804945e-12,-4.7380468738348996e-11,-1.9727205191262506e-11,1.886971379531867e-11,-6.513408655026381e-12,-1.7270602004180995e-11,4.4188640357538914e-11,3.593561444683389e-11,-4.133863187532866e-12,-1.1089160562762462e-11,2.5399012711077787e-11,1.6530948523535015e-11,7.397658655020336e-12,-4.053901455252381e-11,2.3822571941991323e-11,-4.142770316052963e-11,4.05365509774392e-11,6.82683926744299e-11
3.3383519672769876e-12,-1.459666969857004e-11,-6.2768984957738975e-12,2.0404311000901523e-11,1.5307026738036355e-11,-2.1161647411286552e-11,2.9116330706930976e-11,4.901516197729923e-13,9.608819154391663e-12,-3.6966914034989973e-13,-3.412207097913969e-12,-2.6689871167225937e-12,-3.511560116269603e-11,2.992939906656545e-12,9.880807005473583e-12,4.9624623855868524e-12,-3.1753709703228925e-11,-5.820752193794651e-12,-1.3292650686352751e-11,3.410604733268264e-11,-1.1231100600803822e-11,-1.2039739514124556e-11,1.2966979593595287e-11,-3.683972590863577e-12,9.62970990507229e-12,3.381269651975984e-11,-2.8122965335878298e-11,-2.4909108055442814e-11,-1.1043905187509825e-12,-3.4875697715112552e-12,-1.1690791064175001e-11,-3.7268351261094115e-12,-1.30454975645147e-11,4.857648699535611e-12,-3.4946403316952374e-12,-5.516406670154429e-12,-5.205452193377425e-12,1.1280261801484671e-11,3.4940078322334565e-12,1.20117999206819e-11,2.65412129459975e-12,4.6588161205498576e-11,-5.976122034184534e-12,1.8383290378134393e-13,1.9179460785903402e-11,2.150945795986345e-11,-1.91882859726497e-11,-7.759147114250195e-12
1.7045196093782317e-11,-4.0913758509949004e-11,-9.227294578668023e-11,-2.6423780705869285e-11,-3.7651495855852e-11,2.600709037068066e-11,2.7821802957970246e-11,5.579809128563539e-11,2.062158500407709e-11,-3.2269905289913523e-11,-3.629493450265282e-11,4.397678791841283e-11,4.485582507556454e-11,3.795595792314044e-11,-4.3655285478174074e-11,4.3712167921866976e-11,1.9254843594777737e-11,-2.835177022623566e-11,2.4357574614248987e-11,-1.279747797506055e-11,4.103708136101433e-11,3.709178489959313e-11,4.692916723385455e-11,3.4257185655863276e-12,1.7719734890244232e-11,1.7894637198966628e-12,-4.056666277461945e-13,1.771946678528098e-11,-3.175137710884148e-11,-2.3475880190921295e-11,3.8769721638812574e-11,-1.9527718941033904e-11,5.718681742777825e-12,3.3225791808204658e-12,8.833172954924146e-12,3.1958017365469376e-11,2.6740905565513818e-11,-1.8956190295167352e-11,2.8046026486118594e-11,1.4401787225946663e-11,-8.166065756329686e-12,8.95965167142399e-12,-2.1536779193646173e-11,-6.536603719720045e-12,7.578977531054589e-12,-3.454488722530777e-11,-5.708550677108842e-11,-3.548162976575801e-11
3.9049804786799995e-11,-1.5435807293255208e-11,2.0082619971691466e-11,-3.382540079685236e-11,-5.078659154432205e-11,1.495540156618748e-12,-1.2930670587103634e-11,4.87254102411006e-12,-2.4763741659550763e-11,-1.9504830991629896e-11,-2.5038662131518407e-12,-1.2307798540262719e-11,2.1527442163902406e-11,3.362019280325641e-11,-2.380955789019631e-11,-4.091427894862903e-11,3.234052694076518e-11,-3.639808203902268e-11,2.7246309237543752e-11,1.586817692923145e-11,-3.035517864841856e-12,3.375502634805742e-11,-7.388780592010083e-12,-1.1042391528203562e-11,-3.158176700241232e-11,4.514518407449704e-12,-1.5572041349325636e-11,2.050962734040275e-11,1.7437069402993248e-11,-2.31398887899209e-11,1.7573993548384757e-12,-1.6238049863852692e-12,-2.2005614469359645e-11,4.885497796576636e-12,2.490897483126937e-12,-1.1256722180243006e-11,1.3312159351323941e-11,1.178540716341223e-11,1.702264721538967e-11,-3.438220203948748e-12,4.016796449453698e-12,6.902154554335706e-12,-1.2858258989722353e-11,-3.5601680324360723e-11,7.078493039523306e-12,-1.4990871568384056e-11,1.4100457680345117e-11,-6.79935367348127e-11
3.656137569814676e-11,-3.1520961076283797e-13,3.5767530435128376e-11,7.734177016626177e-11,7.068600122924438e-11,-1.5286968839588274e-11,3.413989305468072e-11,8.106812316835754e-12,-5.642885301336148e-11,1.6798247985291277e-11,-5.730367415178711e-11,2.1622499993679597e-12,-3.6800199283989474e-11,-5.043558895187245e-12,-5.190305681162204e-11,2.8574271989040967e-11,2.0337928678153893e-11,3.329532256764513e-11,-6.973762976534413e-12,1.6869908093430558e-11,2.191432594430165e-11,-1.411077194797109e-11,-2.977528430042773e-11,1.0832070681271183e-11,9.991932628870333e-13,2.3820601800762867e-11,1.2050419379335931e-11,6.6634218872648e-12,-3.9475522698334025e-11,2.5079122955812483e-11,-3.934479630858662e-12,5.886767986844965e-12,1.7081478336784503e-11,3.186885673851249e-11,3.768053933224032e-12,-4.208034251132043e-11,-2.7956310866381725e-11,2.602104860924518e-11,3.309098356824448e-11,4.281941834490309e-11,-4.0328653998914374e-11,-4.952724964261764e-11,-7.2701176628588784e-12,-4.038871397579371e-11,2.982659233606072e-11,-7.729024179014266e-11,4.9705360785522484e-11,-7.680685015282164e-12
4.502613973905024e-11,-2.3538536855384326e-11,9.429213292758985e-11,-3.374967271463981e-11,4.812159235824635e-11,6.675957792650934e-11,9.339885953731076e-12,2.172663380745374e-11,2.972154538122365e-11,3.389861565668423e-11,-1.3774776488281407e-11,6.170673746194291e-12,-6.155028118964825e-11,5.219483151602012e-12,-5.582031728960456e-12,1.2388076863260301e-11,3.945488665816747e-11,4.159965135725159e-12,2.186153905342269e-12,-7.447705159366705e-12,-2.639371157591588e-11,4.099630505380487e-11,-1.0087355630218314e-11,4.072454417633504e-11,5.4705303829462305e-12,-1.5619285415099608e-11,5.148604101027649e-12,-3.4765942223988585e-12,-4.8568251782609935e-11,2.4850167979673193e-11,-8.179394368722941e-12,-2.289891653970402e-11,1.9681811242997274e-11,-1.9082728126212457e-11,-2.4901988588574794e-11,-3.3302959108792043e-12,-1.596407002377987e-11,3.6213338244654975e-11,-2.3091052614041586e-11,2.3873881742971266e-11,1.5161177685030503e-11,2.373983378698994e-11,-6.752910521761718e-11,-7.78774515627177e-12,2.1077565268274838e-11,-1.0435599021489607e-10,5.502124057468104e-11,6.476491185477974e-12
1.3691913275338837e-12,-2.663362373880498e-12,-3.645247583400578e-12,2.530415809206162e-11,8.77522530113901e-12,-1.6760835902002187e-11,3.486162029770374e-11,3.445054437261775e-12,1.2715933869486297e-11,-6.976888710369936e-13,-5.819243089476423e-12,-2.7413114690761002e-12,-3.3434017782337536e-11,6.8308157688687206e-12,7.33493029716358e-12,5.854550721336828e-12,-3.056561125687771e-11,-5.558352484147452e-12,-1.3130676017476552e-11,3.4685462823005505e-11,-1.0891666299628565e-11,-1.1617457490877773e-11,1.3884483262231437e-11,-3.7969370807209064e-12,9.953503684415211e-12,3.4066446615618503e-11,-2.859429924206779e-11,-2.5578829072530666e-11,-1.3454804398367326e-12,-3.2712846697534988e-12,-1.1234884267056674e-11,-3.150714785427156e-12,-1.2561149802855002e-11,5.735572797946228e-12,-3.0480483128388144e-12,-4.625087557566756e-12,-4.474156790135962e-12,1.1535492775547401e-11,3.662118549665908e-12,1.2635100261563846e-11,2.7259453576044085e-12,4.7602943839702726e-11,-5.348575386544755e-12,1.7978812473248752e-12,2.1374221426045032e-11,2.4247850800652122e-11,-1.4777779034240405e-11,4.755172795215251e-12
7.007986907816687e-12,-4.577994005780912e-11,-9.240767011559503e-11,-3.764569296320998e-11,-4.385022107864781e-11,4.117961157181847e-11,3.359459737067747e-11,5.46178919606445e-11,2.979240900382362e-11,-3.3381658982790624e-11,-3.6685794154739533e-11,4.8791031888511926e-11,4.290202811175282e-11,3.82709654829734e-11,-4.4281939422714453e-11,4.307637817220146e-11,2.0300634102036174e-11,-2.8205665650051556e-11,2.6255494946100697e-11,-1.070561992429912e-11,3.940112667099603e-11,3.5730389115316306e-11,4.79600819230404e-11,4.8466251932006375e-12,1.6627570133435126e-11,2.4116095979276337e-12,-4.706648386206332e-13,1.732569777339328e-11,-3.327387455356325e-11,-2.2939907751494344e-11,3.8767134720018885e-11,-1.986877180162179e-11,5.131451789130916e-12,2.676589822429724e-12,8.084806675529759e-12,3.163845013050111e-11,2.584133181308315e-11,-1.9740161602881084e-11,2.7292002530043503e-11,1.3784897168544628e-11,-9.892250136170145e-12,8.619587997501643e-12,-2.280633205286376e-11,-7.686748780651262e-12,5.429080131039133e-12,-3.741944928078741e-11,-6.301961916716237e-11,-5.172269103567184e-11
4.128846932213024e-11,-2.92575965711555e-11,1.5873354421694796e-11,-3.179737084271074e-11,-5.51035586493924e-11,-8.946471118958436e-12,-1.2835634410853322e-11,7.154535777206722e-12,-1.2114079662690909e-11,-2.4138435871453333e-11,5.3876379698515215e-12,-1.0317981675782531e-11,2.0438621819389804e-11,3.398420161126754e-11,-1.9726556939785865e-11,-3.8129124007596284e-11,3.779329693767635e-11,-3.811753629101697e-11,3.019916283554081e-11,1.646966921160888e-11,-3.4740040580536625e-12,3.115860030045163e-11,-8.499376657790996e-12,-1.1765083815440266e-11,-2.7788694186792314e-11,6.38127680280668e-12,-1.701069084246853e-11,2.198008180443102e-11,1.7114515558827352e-11,-2.3920339393012132e-11,1.7235700203158486e-12,-1.9851434305080823e-12,-2.2012570131062836e-11,4.497509179946338e-12,3.106617877411682e-12,-1.1337301518388523e-11,1.3462641126602557e-11,1.1687447436570494e-11,1.6882009377973703e-11,-3.475588606412932e-12,4.1588250353561384e-12,6.896668927500608e-12,-1.2934759139222956e-11,-3.591205741746635e-11,6.517640511956864e-12,-1.615384412562318e-11,1.1513636548153182e-11,-7.553014795324985e-11
4.0670757326399826e-11,4.968842627286729e-12,3.1782513543788433e-11,7.606934106510837e-11,6.757173677622512e-11,-2.0415641933908486e-11,3.772106464404961e-11,3.401700967955649e-12,-5.3022043291191756e-11,2.5827575486332807e-11,-6.432249414826815e-11,1.5628510517886411e-12,-3.691267484201447e-11,-5.344362198219382e-12,-4.6301017275215265e-11,2.6673052687014384e-11,2.0863991674653906e-11,3.732810979084271e-11,-6.0188941084601056e-12,2.0686599404028605e-11,2.5162628131376824e-11,-1.7267582542114853e-11,-2.877890647087033e-11,1.3052583718697602e-11,-3.7182010630496337e-13,2.427931027883103e-11,1.1694020540377597e-11,6.883940032929983e-12,-4.065776668878606e-11,2.6492666832986982e-11,-3.2871653606007236e-12,5.9330348867089344e-12,1.6636352413576765e-11,3.3857963027449666e-11,3.665530742048906e-12,-4.23472975498234e-11,-2.7666523574430412e-11,2.633838633863137e-11,3.310733370920498e-11,4.361679749738966e-11,-4.0102586882609594e-11,-4.9459362721630553e-11,-7.227166261075403e-12,-4.0452437840361637e-11,3.006552805845e-11,-7.833853470874057e-11,4.944387308179247e-11,-9.071083823502159e-12
1.280417508452265e-12,-2.4635392209525034e-11,9.157596567363141e-11,-4.8592447181917064e-11,3.1074105047403815e-11,6.955147425919138e-11,1.006840442676616e-11,1.745076644751104e-11,2.4869157629723077e-11,1.854195061255243e-11,-1.89479207129846e-11,1.0585942707190477e-11,-5.940545038792655e-11,4.9900518018734384e-12,-1.6768640943987543e-12,8.266556065181259e-12,3.4764008634900726e-11,4.945379450467492e-12,4.545683682901927e-13,-8.064740103271905e-12,-2.5882666871661125e-11,3.9740526735490217e-11,-9.473079054348065e-12,3.9914223517761144e-11,2.47784126322809e-12,-1.7030647614695743e-11,3.737405523724874e-12,-4.004329823194153e-12,-4.953611400354215e-11,2.377415434787329e-11,-9.39406820988938e-12,-2.433165132485409e-11,1.8895072537504508e-11,-1.9682549044396578e-11,-2.603634526048812e-11,-3.683125571896725e-12,-1.7076433412346346e-11,3.572163091603847e-11,-2.3944757807495513e-11,2.2880464994394035e-11,1.4353812898828324e-11,2.19500303813277e-11,-6.915340252724202e-11,-9.360201485343281e-12,1.9221683699479738e-11,-1.0651188925387232e-10,5.326775930709119e-11,-1.1090827329454603e-12
5.198811305470872e-11,-7.391370717484722e-11,-1.4011404716267562e-11,-4.967204941041505e-11,6.870936765381582e-12,-8.48162771807365e-12,-4.271212180238721e-12,2.1327044293678626e-11,2.0909660222286278e-11,2.795873009786213e-11,7.58538931475077e-12,-4.8047799026282424e-11,-3.4358562837683055e-11,4.6731308854681436e-11,3.111544697316767e-11,-7.324105195332921e-11,-5.076139336513993e-11,-5.977705644917246e-11,6.709412792375342e-12,6.335822196347025e-12,-7.870253035436374e-11,-8.766252489448947e-12,1.0774111610727431e-11,-6.841937188826033e-12,-7.333109507244195e-12,-1.5378517316840313e-12,2.887417438805561e-11,-2.8186953707870072e-11,-2.0069342344666028e-11,1.9844836284015284e-11,5.713873675542902e-12,-2.2973638359838678e-11,9.734777031540435e-12,-8.132776125123046e-12,4.330122884336124e-11,-4.3200107415080763e-11,9.934384932912067e-12,3.044609513795425e-11,-4.985417152988091e-11,-3.386671893320256e-11,1.4462941453515861e-12,1.4013903550252804e-11,-5.2721668893511e-11,-4.7183954879175144e-11,-3.752771756228146e-11,3.245469001193299e-11,-7.976895501045285e-11,-5.890720757607585e-11
-1.4788427461647146e-11,4.067064637627471e-11,-3.4719189503305825e-11,-7.735762452289262e-11,-6.259597387546942e-12,2.151151333108756e-11,5.360320493077115e-12,3.5676837262449994e-11,1.3423901535177735e-11,8.321816631110727e-12,-4.0871819419524274e-11,-1.7699910599109903e-11,6.025512705114626e-12,3.016021941179672e-11,-2.211164618203869e-11,-2.3557938236801682e-11,1.142475478457574e-11,-4.4715834585017544e-11,4.893618419942323e-11,1.0797606824260265e-11,-2.6129703529704664e-11,-1.6936393252574246e-11,1.1792534381366259e-11,3.9353276162740906e-11,1.4739620516087632e-11,-5.348316238269715e-11,-2.3025309676128014e-11,1.1496711131908766e-11,1.4015553718064585e-11,4.425040329410418e-12,-1.8261566280132446e-11,3.29799763214563e-11,-2.7237083106667917e-11,-3.286454358777794e-11,-7.880842953425476e-11,-1.0877649621456295e-11,-2.928111015161232e-11,1.892655821944559e-11,-1.954529204887388e-11,-1.098151093644754e-12,2.6717380044056998e-12,1.0281413967239962e-11,1.4890323988095807e-11,-4.8412514317341006e-11,3.5280419364063306e-12,-1.932795587076884e-11,5.1877725265148685e-11,2.144257611937996e-11
-4.244761948782852e-11,-2.5215159317388876e-11,1.1539043841697764e-12,-8.267305658795135e-12,2.924319470995193e-11,3.077340200720323e-11,4.015900167293133e-11,1.8076233317074618e-11,-4.966059956596504e-11,-6.652382643413568e-11,1.3856726064017939e-11,-3.6854222996424055e-11,1.0350289874750838e-11,1.5397602379889186e-11,-2.093423684851747e-11,1.679624102957547e-11,-1.578997303637281e-11,-2.891363214831158e-12,1.839242073017588e-12,-1.5547727864419156e-11,-1.4609170168104337e-11,-1.4362110821408106e-11,1.649869459252512e-11,-5.164958260592315e-12,2.7966503461853082e-11,7.612819212910463e-12,-1.1776294986476662e-11,-5.651768019674369e-12,6.368744426270501e-12,4.879263367466118e-12,3.004674441321283e-12,-1.8829741520289966e-11,-2.985623698841753e-11,-3.8559491134694e-11,-2.6340630537240665e-11,-2.310084704703241e-13,-4.8387630598899116e-12,6.6441557166258e-12,3.073326797610292e-11,6.966457466538172e-12,2.7934938561480857e-11,4.6464115636594236e-11,1.821904030608615e-11,6.252559793761396e-12,1.954688170084113e-11,-1.479219223788585e-12,2.3149973679167673e-11,-2.2356150426610793e-11
5.446723399546368e-12,2.8735497888848505e-11,-1.1519268911024095e-11,-7.990535438825087e-12,-3.1106541138461574e-13,-2.3743190053814337e-12,2.7704322090151874e-12,-1.1696969416299494e-12,-7.746736267135641e-12,1.1969153281976419e-11,-2.0122689852335167e-12,-5.22394088816738e-13,1.4487017441768595e-11,-4.3543373772096404e-12,1.3059689781522142e-12,1.9636593473235587e-12,1.1172002637801925e-12,8.849992621331504e-12,6.396728026861631e-12,9.250326816118716e-13,6.785888859596632e-12,-3.5402198850702946e-12,-4.367474933825024e-12,3.896522370757074e-12,-3.840310564423136e-12,-1.8048565295436342e-11,5.176887345918093e-12,-3.0557140869022663e-12,-4.763503351809237e-13,3.8648774927313755e-12,1.1647714425076923e-11,2.4837237217111028e-12,-5.364376241405902e-12,9.093921792257387e-12,-2.544295524097139e-12,-8.084681185171353e-12,-9.053357904968099e-13,2.5213690191316576e-12,-6.938224042801198e-12,1.463350890257951e-12,-7.142433116574475e-12,-1.9369851819624328e-12,-1.2775980426409912e-11,-2.118611034358466e-12,-4.783604133513714e-12,4.978677160555299e-12,-1.6674800367276377e-11,-2.7869955290523993e-11
1.8327498324148617e-11,1.1110219588949195e-11,7.333629277838314e-11,-1.5183115095103008e-11,5.260575484160469e-11,4.063645508024954e-11,2.8446734985390383e-11,1.3428503456890427e-11,-5.3063969164079765e-11,-1.711704135531624e-11,-2.5305977828053865e-11,3.0222232749525473e-12,-3.947610728067289e-12,4.9860973803061844e-11,-1.0162853322047641e-11,-1.7882642577323762e-11,1.000449876548705e-10,3.259539829911228e-11,1.7327215142040244e-11,1.279915183618073e-12,1.1533511395052564e-11,2.2425201615767115e-11,-3.53545048511601e-11,3.3802740461275854e-11,1.4196635633447041e-11,5.53160895230874e-11,3.8669100673559154e-11,5.689591189936108e-11,-6.385647398680401e-12,2.3164834925602562e-12,2.4137644712559553e-11,-2.196631778485512e-11,1.8699073603841936e-11,1.637843360533262e-11,1.5617722463266276e-11,-9.40266862320887e-12,3.919581652547661e-11,7.811955058579911e-11,8.04331556978131e-12,-3.2273125469088616e-11,5.5863660495176466e-12,-7.187159143314126e-11,-1.1215197713681791e-11,-5.7380669981833885e-11,3.414325386323385e-11,1.198910836255111e-10,-2.98072428523357e-11,7.07368145707044e-11
5.441162437655412e-11,-9.646889568429118e-11,-7.641231728322657e-12,-3.067122025883041e-11,-7.063789783978798e-12,-2.5705929977148005e-11,3.904881162321803e-12,4.57737919686129e-12,1.5424472943790118e-11,4.107868684325967e-11,5.4938299783338765e-12,-4.8449789833108265e-11,-5.345164054236622e-11,4.1711915099351996e-11,3.6717467405726405e-11,-6.760828568140275e-11,-6.941454288135877e-11,-6.239857912838522e-11,8.033560212947733e-12,1.7096051112022461e-12,-7.00328111660775e-11,3.0208121711164827e-12,-1.7790797027924648e-12,-9.087594002944308e-13,-1.0622161301277744e-11,4.386810622226703e-12,3.302784666627499e-11,-2.5726207558270505e-11,-1.2463115128313425e-11,3.3829534989915994e-11,8.091877992716106e-12,-1.884099941265429e-11,7.130903955166484e-12,-3.1511463929906107e-12,4.355129919308482e-11,-3.932009977953433e-11,2.114078401777879e-11,3.495738158430754e-11,-4.222689891298535e-11,-3.400673777121254e-11,-2.788873966389717e-12,9.626023457057819e-12,-5.2151648037132335e-11,-4.317784836218313e-11,-4.061400679615401e-11,2.990659770455896e-11,-8.416634958204812e-11,-5.814104413882854e-11
3.23699454052405e-12,3.972498446663867e-11,-5.0996805304987414e-11,-4.8867981669954974e-11,1.070797361283223e-11,1.6525487249963508e-11,1.552482600177947e-11,3.350442969814436e-11,2.5821662495235418e-11,1.1197132970322228e-11,-3.505728298960591e-11,-1.501246998400131e-11,2.223038432753727e-11,4.614830738663006e-11,-1.1984686052550447e-11,-1.9049860366323947e-11,1.7744063957807583e-11,-2.8228829867822243e-11,6.058188182117216e-11,2.1812256228414763e-11,-2.0891673594251617e-11,-1.4431528509665162e-11,6.240325464329451e-12,4.7870351430353885e-11,1.3480638474006206e-11,-5.187154672195321e-11,-2.3567913412025577e-11,2.013192249960745e-11,6.2171139574143545e-12,2.6326691893086285e-13,-1.6768307971978533e-11,3.085709936073819e-11,-2.0464343445150086e-11,-2.184539200871283e-11,-7.584884153824897e-11,-5.031513598718458e-12,-2.7436833843506397e-11,1.4505253440604414e-11,-1.942730498934332e-11,-1.7389510775460244e-12,1.1182227784072227e-11,1.4695203432097256e-11,1.352618490687223e-11,-4.761103509562001e-11,5.820318503825202e-12,-2.2982418809530544e-11,4.994447975173511e-11,2.6911089129488145e-11
-8.526200944352305e-11,-5.1725543844942595e-11,1.3438310462042678e-11,-4.173414689869002e-11,2.3815641908942943e-11,2.680102476851636e-11,3.8952621781021846e-11,8.933225125831373e-12,-4.688340677866056e-11,-6.443876194897643e-11,1.668337848681847e-11,-4.142454247397495e-11,1.0117347992420624e-11,1.3753223201397508e-11,-1.8473384499631017e-11,1.4066225597376726e-11,-1.611495965064563e-11,-3.5205820241580694e-12,4.3565679125699395e-12,-1.4362018489054174e-11,-1.5158604182288084e-11,-1.3839867944807245e-11,1.1724458757534794e-11,-1.0810165108252747e-12,2.1262933473308384e-11,-6.43638191000677e-14,-1.453788836031012e-11,-1.0313389472167327e-11,8.510677666487807e-12,2.6404204481553117e-12,7.875956036298538e-12,-1.712337505165642e-11,-2.3144659439531616e-11,-3.608422232431259e-11,-3.171962954486882e-11,-9.806678381616512e-12,-8.18025335747406e-12,1.1937534959984472e-11,3.025738591311634e-11,5.256500559499233e-12,2.8466629377813422e-11,4.686130767723958e-11,1.5520324885812326e-11,2.686241566685891e-12,1.5464852897302384e-11,-4.0913948739999073e-13,2.3030387972863007e-11,-2.5365239427477228e-11
-3.5005752790033047e-12,2.2311028969504964e-11,-1.0350185983888883e-11,-9.801955376094524e-12,-7.560045253273214e-13,-1.1154771317285884e-11,2.1825999568946004e-13,-4.269042636619859e-12,-7.834055826860432e-12,6.678356023463954e-12,-3.200161022136447e-12,-2.2120471930262067e-12,1.43148049297455e-11,-6.6175847144435086e-12,4.589762872235743e-13,-5.952218443857176e-13,-3.3466906894864567e-13,8.328617753909883e-12,4.704675242219272e-12,9.461851385666413e-14,6.142365694634708e-12,-4.046979975694437e-12,-5.141810078850872e-12,2.3075563548025773e-12,-6.0135985223063575e-12,-1.8289970617400124e-11,4.4263189010930455e-12,-3.915644803343844e-12,-1.909257846121303e-12,2.9653513885545475e-12,1.0729266608684335e-11,1.7388519592270765e-12,-5.9787174607111815e-12,8.711127134903619e-12,-3.3423477860486467e-12,-8.979789441112901e-12,-1.5365794373697584e-12,9.12954231255603e-13,-8.28918314379649e-12,4.961146115924306e-13,-7.917137000519664e-12,-2.669957436015374e-12,-1.4007660941979079e-11,-3.5686945162632784e-12,-6.7462690958771904e-12,2.6364275303542845e-12,-2.0033865183978522e-11,-3.4144659123605895e-11
1.8224315717303358e-11,-1.1985513345005426e-11,7.461035513505561e-11,-2.50100666788269e-12,5.7481125836331274e-11,4.348791513001851e-11,2.654645793644622e-11,3.8465264949541244e-11,-5.1377988194851605e-11,-2.0190142414297243e-11,-2.202570131439233e-11,4.8157923998747445e-12,6.5402607113687286e-12,4.7190268063128234e-11,-2.1058537245528504e-11,-3.202195246270369e-11,1.0374753915649142e-10,3.7774394501834586e-11,1.6195584320768644e-11,4.256887291119132e-12,7.447904086672061e-12,1.5303153144226225e-11,-3.41361063579081e-11,4.296636869621081e-11,1.5901824774903303e-11,5.4015781212157925e-11,3.531872715986484e-11,5.920227194175613e-11,-8.817196301240154e-12,3.4412903972395056e-12,2.4075801117208225e-11,-1.8744265462298757e-11,1.8905620030431924e-11,1.686595402807973e-11,1.6110560290236606e-11,-1.0375622792307772e-11,4.113891727916399e-11,8.140668105349805e-11,5.500553512499552e-12,-3.218449872685788e-11,6.46228275637878e-12,-7.333133600511587e-11,-1.1461030814265176e-11,-5.63999758359664e-11,3.2265771904908394e-11,1.2117242832175905e-10,-3.272456250257168e-11,7.094279092710648e-11
4.178168427986138e-11,1.1795260630578122e-11,5.055628231352462e-13,6.993247898635838e-11,-9.39373505351297e-12,3.352283713399218e-11,-4.225427813869324e-11,7.704652824376312e-12,-2.5687628085850056e-11,-3.434824333857309e-11,2.6262023054088413e-11,-2.080004249007855e-11,-2.1750898347164737e-11,-4.518072436001561e-12,-7.775364822234477e-12,3.172443408885045e-11,-2.6917736822552454e-11,-1.4479548384955224e-11,-2.4119304407560918e-11,-3.3107313839093974e-11,-5.1654589201256555e-12,1.9588781031434913e-11,-7.736928303406554e-12,-1.4225064223379804e-11,6.9491290124295646e-12,-7.614871579660929e-12,-5.804249100979885e-12,1.1800660079535379e-11,2.670409223839642e-11,1.0510988216881627e-12,-4.606542841055299e-11,2.2813380158272097e-12,1.8683128333002183e-11,-4.399223056863698e-11,1.532295118435678e-12,3.6960795603894e-12,-2.204740754212198e-11,-1.225381669924789e-11,-1.810144700019801e-11,3.5042777239909044e-11,-7.886833050004679e-12,-5.3250772019150695e-12,9.368823422043273e-12,2.0017155407803346e-11,-5.399261977005244e-12,7.66709031807092e-11,8.036073099916355e-12,-1.1847770139634915e-10
3.7616548311966456e-11,2.0984948872840512e-11,4.561077232048245e-11,2.7198564133407158e-11,-5.42279371271598e-11,-5.631124487345297e-11,-5.3167176847558834e-11,-1.605620152020354e-11,-7.012469992860444e-11,1.7163268882959186e-11,3.8293914293363574e-11,-9.642966520007617e-12,-3.4279994066335756e-11,7.574091279878818e-12,5.613456710303426e-11,-2.8848431845577618e-11,-2.7617930044403864e-11,1.401840288592601e-11,8.183895432783799e-12,-2.954845371126438e-11,1.601923523807566e-12,3.012678201112985e-11,-1.653037543176788e-11,-4.6572659717000547e-11,4.990893766235113e-11,1.0308711265726788e-11,1.97175792710213e-11,4.976171040606509e-12,-1.7328445628431678e-11,-7.758696542701803e-12,1.5187950784202057e-11,1.7123598494538758e-11,-1.0010539297583895e-11,-2.5973571972858714e-11,-3.0552855709631137e-12,-1.9620512258614258e-11,-3.752354876111662e-13,-9.66324776020751e-12,-5.1924018534169445e-11,2.978727097945283e-11,2.5022595994364687e-11,-1.2383171401388346e-11,2.1551164135061497e-11,2.8735781234721675e-11,4.237840180909888e-11,-4.121516102287034e-12,6.50393155217279e-11,-1.688020661221547e-10
-5.589152017010029e-11,-7.196288714951683e-11,1.349698126311941e-11,-2.1789695720903467e-11,5.532144319729032e-11,-5.436552248084845e-12,1.9563250207244684e-11,-2.6414270338689598e-11,-1.518739627332474e-11,-5.422074049104708e-12,2.3485124318683594e-11,-3.6502414209369275e-11,1.0283754291435114e-12,-1.562387501454395e-11,-1.9486394724924906e-12,3.167812009094572e-11,-1.5607224987615253e-12,-2.8246886682175504e-11,-2.162233650837229e-11,6.232270530123869e-12,3.6773330142328343e-11,2.823850571339385e-11,-1.0881631543020465e-11,-8.33137921619777e-12,1.6060466937909463e-11,1.1512310354319444e-11,3.07748722217999e-11,-1.1076907607635044e-11,4.109903566307484e-11,8.769468912595206e-12,-8.725708043580205e-12,1.8118221750456427e-11,3.000590150032758e-11,-5.567173105081799e-11,2.12166037972579e-11,-2.1724228238075426e-11,-5.489662803886359e-12,-4.355142142736188e-11,-2.212791674952295e-11,-1.768988099782511e-11,2.2093157071553902e-12,-6.73691062444091e-11,-1.1625657792674124e-11,-1.6852780481430985e-11,-2.638321268146596e-11,-7.531891368303682e-11,3.368624960863432e-11,-8.950924704216964e-11
-4.3230720916547905e-11,5.947382288049107e-11,4.6851935123726596e-12,-1.2744843119917912e-11,-1.979429993119477e-11,-4.1533568946950144e-11,-3.136121823268328e-11,7.98385248121502e-12,-4.3427077105657445e-11,-4.7551137107062625e-12,-1.0671876303645653e-11,-1.312172190971198e-11,2.4539266270417145e-11,1.6930281843968922e-11,-3.9155337660976175e-11,2.7219628962428338e-14,-3.726858692267825e-11,-2.1331619658024578e-11,-5.693051763175194e-11,3.366286146370092e-11,-4.081401887670636e-12,1.1026242898877326e-11,4.0533094219497885e-11,1.834780625213272e-11,-9.766982445693231e-12,1.637246768238116e-11,-1.937130298680229e-11,-1.1335785881906903e-12,6.803453890662581e-11,-2.194154603755375e-11,-1.1391108812371025e-11,-9.436364584167283e-12,2.6933338948372116e-11,1.0621280081599434e-12,3.210754104853482e-11,-8.153512544503539e-11,-6.604071664663862e-12,-2.799234847124649e-12,3.562756068127381e-11,-1.8206257970978762e-11,-2.4470842134617656e-11,-2.8306346051527117e-11,-7.517907283776018e-12,1.3017635914277022e-11,5.64617970582778e-11,-2.1856430333205534e-11,-3.951607005346398e-12,2.146578247911912e-11
-3.151027742260533e-11,-4.128548226657073e-11,-6.842939095801235e-12,-1.9448334712895277e-11,1.7550412864800022e-12,1.2492052693996492e-11,7.77581023318386e-12,1.1250815345106053e-11,3.443881186427245e-12,-1.642245348836732e-11,1.309230367241425e-11,1.3369636331875297e-11,1.5020578405662744e-11,2.8477275470307142e-11,1.9293651670731487e-11,7.623234156880986e-12,9.251002996232798e-12,-1.1332293805041634e-11,9.892879036237264e-12,-6.262639465883866e-12,2.3657095037098794e-11,-1.1003378743517842e-11,3.678110061498419e-12,4.064624865193459e-12,-1.015972810508104e-11,1.6115687448869646e-11,-9.592620726134025e-12,1.5292725590253418e-11,9.519480400110605e-12,-4.1285607156577446e-12,-1.6121940992486584e-11,-3.0612666576902166e-12,7.898283293430078e-12,9.288135823271815e-12,-8.611216615985972e-12,5.054857244273154e-12,-2.070334142721018e-11,-3.9632384118495475e-12,6.717130751937612e-12,-3.877341519380451e-12,2.929997979724495e-12,1.8209058352887974e-11,6.173079922889257e-12,2.873426561610627e-11,-2.2794249322160337e-11,-2.6175183158862662e-11,-2.202790823058142e-11,8.743476061118322e-12
4.4463638402124046e-11,1.162923149783677e-11,6.337702473503072e-12,6.714700672618623e-11,1.1630129152203543e-12,4.3685505903308225e-11,-3.711742636989363e-11,2.1585628250011608e-11,-2.6144339127370434e-11,-3.268327224979167e-11,2.4468277423077765e-11,-1.8982883282685648e-11,-2.0429522737201088e-11,-5.553202602437901e-12,-1.1516619077107357e-11,3.234927527140812e-11,-2.889762918052179e-11,-1.5232172344104032e-11,-2.148811398685018e-11,-3.226530752109935e-11,-1.3814209660849728e-12,1.88445895430425e-11,-7.844961682836117e-12,-1.5829631309960847e-11,3.6053630599207685e-12,-6.390623827333796e-12,-4.577181398234552e-12,1.3433488924688191e-11,2.5492246546333997e-11,-2.839905410159801e-12,-4.529372382532353e-11,4.2533662198816006e-12,1.737498424643408e-11,-4.4082574043983633e-11,-6.238190087302316e-13,5.940974307250765e-12,-2.022414874878481e-11,-1.2139901468575086e-11,-1.7952931210744607e-11,3.548595577074626e-11,-6.455637661647067e-12,-4.0236179805975504e-12,1.0432223182703103e-11,2.1641380257928206e-11,-2.393216186035497e-12,7.957262590029906e-11,1.4869922671684486e-11,-1.0105408221372238e-10
2.1259617918268883e-11,2.3326723682772733e-11,5.228171759194668e-11,3.568169226603275e-11,-4.617545345783846e-11,-6.189866141921626e-11,-5.788479315113042e-11,-9.991758958065203e-12,-6.183190002204191e-11,1.6933055504423215e-11,3.41021391471166e-11,-2.9570941084588635e-12,-4.5657850349542086e-11,8.956658847135172e-12,6.681077736222879e-11,-2.5305653508856364e-11,-2.677467015788926e-11,1.4833220632787132e-11,3.8379733200717916e-12,-2.9548751579033324e-11,3.048771557276484e-12,3.2230282196241016e-11,-1.6769928854368334e-11,-4.820322614984972e-11,5.010005339259401e-11,8.502340086313539e-12,1.815767851097171e-11,4.955633862356079e-12,-1.719495296539114e-11,-7.377438203480145e-12,1.3483714684185782e-11,1.5226792855427443e-11,-1.1627124788350913e-11,-2.451386034675949e-11,-2.80257691413928e-12,-2.0807741610413208e-11,-6.249592628758906e-14,-9.605455956163105e-12,-5.253778300453033e-11,3.2700707543223113e-11,2.4959701117445975e-11,-1.2434790461456996e-11,2.1839973588330776e-11,2.776451338219302e-11,4.2959504427985986e-11,-5.7057780213230735e-12,6.225213737031023e-11,-1.717721647861662e-10
-7.045292598470123e-11,-7.820183911252356e-11,3.020802703142532e-11,-1.4274533207692889e-11,6.23579495651851e-11,-4.750182350297945e-12,2.2494069184034495e-11,-3.215253731113337e-11,-1.2019204068626083e-11,-8.152647252091727e-12,3.334474324797451e-11,-4.458090876723715e-11,2.4300477689692803e-12,-1.9573137709492907e-11,7.695869428916322e-14,2.7363202558954526e-11,-5.832362577480747e-12,-2.054000634990343e-11,-1.880250145784994e-11,2.4405140273315358e-12,3.3256648226698625e-11,2.645646222909055e-11,-7.922922383302875e-12,-6.8480049221412754e-12,1.457775810924798e-11,9.401174874941726e-12,3.3538337955896466e-11,-1.0245379629340098e-11,4.118058019581171e-11,8.091745967382751e-12,-6.819179379735494e-12,1.818373011830026e-11,3.0546851914196955e-11,-5.684657893277064e-11,2.0832300538893687e-11,-2.2499094540531114e-11,-3.934309294258649e-12,-4.181955943875049e-11,-2.168036977164762e-11,-1.743726010480251e-11,1.0779505775104483e-12,-6.801369694499405e-11,-1.0944047157254595e-11,-1.8477555469178505e-11,-2.6099243584652283e-11,-7.693210133241e-11,3.301653750730268e-11,-9.00079510568003e-11
-1.8990423924567157e-11,4.1279929154834455e-11,-8.7614081229597e-12,-2.0109384520557857e-11,-1.0477559762936021e-11,-3.8893854473033414e-11,-4.565871771381399e-11,1.3697556492310317e-11,-5.0380049096121574e-11,9.021901365780354e-12,-2.132403869186092e-11,-1.03340389986231e-11,2.0501800471776148e-11,1.8990243554248294e-11,-3.914324522906236e-11,2.4452475223086415e-12,-4.3490369638885156e-11,-3.392485121854855e-12,-6.289897177444726e-11,3.6084527545668835e-11,-9.559417551567452e-13,1.1818590512954556e-11,3.6783130652403396e-11,1.4115173352197494e-11,-1.129693124251458e-11,1.8102671955740375e-11,-1.0636872530710873e-11,-9.622581720431126e-13,6.46917403529873e-11,-2.890516995616368e-11,-9.224497978476273e-12,-8.637751532224305e-12,2.015711886975887e-11,-3.745821389125102e-12,3.0452645971876284e-11,-7.461591548535302e-11,-8.314389303262818e-12,-5.622893032669274e-12,3.698439839764756e-11,-1.9974339360804632e-11,-2.6553195764323162e-11,-2.494662551166058e-11,-6.7287909126055885e-12,9.334524937938353e-12,5.691045545627964e-11,-2.0744585907472005e-11,-1.428180271949756e-12,2.9858417611449316e-11
-1.929192461611719e-11,-3.2439467938483195e-11,2.2146048700617284e-12,-1.507028161913976e-11,-4.947013483220426e-12,8.210056745636749e-12,2.497801073582683e-12,7.141819441364682e-12,4.790377819299021e-12,-1.0718259147469875e-11,1.4335996708604077e-11,1.4319693272152801e-11,1.2137375644510088e-11,2.731118551977256e-11,2.1347467674883728e-11,8.451743762565789e-12,7.366471536577678e-12,-7.528385529678593e-12,7.696577945197779e-12,-5.613186584259289e-12,2.2475487002112363e-11,-6.5964569460967215e-12,5.3178390472955295e-12,2.457558020087437e-12,-1.2829688984295715e-11,1.6188318953659222e-11,-1.2123056818461881e-11,1.5167808023489137e-11,7.481907426380018e-12,-3.799652727940632e-12,-1.6717040888738876e-11,-4.608318210926209e-12,8.734160736693457e-12,8.703975142770327e-12,-9.875282453690946e-12,6.4496202479864565e-12,-2.0592914457308788e-11,-4.9357785662925716e-12,6.070080571019062e-12,-4.688589831996215e-12,2.2415006830787007e-12,1.7515984347749527e-11,4.84637003621171e-12,2.773201102855436e-11,-2.3600312523017332e-11,-2.6759333669980953e-11,-2.3577577617936534e-11,6.50780866797798e-12
-5.029009894308512e-11,-1.3739379219006415e-10,1.0613015775867211e-10,4.7924305994764734e-11,-1.457571863321482e-12,1.8503864410284913e-12,1.687098472544209e-11,2.5697738231193083e-11,9.081805795003839e-11,-5.09270157762347e-11,-1.5319846133303975e-11,3.856168121575657e-11,2.843846853334237e-11,1.65231574922332e-11,-1.2024338570207718e-11,-2.1232282951862124e-11,2.6148783540908802e-11,-3.5046889316359024e-11,-1.270412452727959e-11,-3.193434413749476e-12,4.2945000215021077e-11,-1.2362373654941186e-11,2.965744211827686e-11,-2.2730206634210505e-11,5.065670624436745e-11,-3.158046716587345e-11,-4.149157402165888e-11,-1.6358842202829464e-11,-2.911710621064262e-11,-2.917309725818532e-11,1.5746258405354876e-11,2.599382454900989e-11,2.613164314113568e-11,-6.004795265648382e-11,8.42772779135562e-12,-1.4320178712647632e-11,-3.8826257114032555e-11,-2.229224204973467e-11,-3.67512274183023e-11,7.438187557910751e-12,3.331053943091061e-11,-7.605967890943769e-11,6.7957664573495795e-12,-1.765844610341173e-11,-9.595770644146775e-12,2.0027663244162458e-11,-2.947081252309469e-11,1.479354878738343e-10
4.106053669467114e-11,-3.4236096336701913e-12,2.178693640551122e-11,-8.615966564077733e-12,1.702377581957271e-11,1.4243391912726407e-11,-2.1466354489999623e-11,-1.5632925541405324e-11,-2.1776370932026718e-11,4.869590550972193e-12,-6.824019018761264e-12,-1.9270239259111242e-11,4.9669902754453586e-12,5.553720355114416e-12,-2.8104978868747834e-11,7.24177679884265e-12,8.32483024407829e-12,9.907820965538719e-12,-4.64787418356544e-11,-4.162416904450509e-12,-2.7723986416621826e-11,-2.1258341723223736e-12,2.7538587120401645e-11,-9.33491578170113e-12,1.3407081446269274e-11,2.705800745432537e-11,-1.485592895443735e-11,-1.132951635787454e-11,4.4020555192883454e-13,-3.442240749796947e-11,-2.000308030875024e-12,-1.041478588324654e-11,-1.2767560854555116e-11,-8.932856279519772e-12,-1.1976825582175534e-11,6.955484496257296e-12,3.50666971141335e-12,-1.2455236838149276e-11,-1.3842325687155059e-11,-1.2461712978007833e-11,-1.70053527081832e-11,-2.396693918551593e-12,2.792341646672977e-12,3.3313917621508246e-11,7.859039398876975e-12,-5.0171027740206195e-11,1.528348475327904e-11,-1.2094933968100383e-11
-1.6857873993084235e-11,5.686760414409562e-12,7.441567067868083e-11,3.499375229906871e-12,4.736336519330389e-11,-5.35559233228525e-11,-4.2455590423176575e-11,3.1673368417458886e-11,9.472473396621224e-12,-8.118954437359271e-11,7.239055124987843e-11,-1.8134920750114133e-11,-3.152081865323241e-11,1.0113529242566703e-11,-9.419542944641947e-12,1.5762375937130587e-11,1.1064869525049565e-11,4.34449384741671e-12,-1.723404407867477e-11,1.681536298266118e-11,-1.9357558458199333e-11,4.341347824005379e-12,1.9339863532373423e-11,-3.939964321637271e-11,4.199287425990567e-11,-1.0030440117673441e-11,-3.338120326750573e-12,-4.5079917424139985e-11,-5.2267572578612055e-11,-5.017381941192634e-12,-7.018771727055779e-12,-1.7994618536906897e-11,2.1081489408052377e-11,2.5157316170215377e-11,5.2795553118847546e-11,1.579904648930259e-11,-3.6535787400808493e-11,-2.6354568978428806e-11,-3.271729533375984e-11,1.4304011413524975e-11,-1.6497913821451626e-11,4.8974485857072294e-11,-2.516361393740177e-11,3.944301670843492e-11,3.456018122647617e-11,7.39046100216899e-11,-7.181614445033884e-11,-9.284846076711019e-11
1.0618305767480319e-10,1.2403990679714142e-10,-1.8683245862328143e-11,7.796794265261979e-11,-2.526570547634712e-11,7.201857089029557e-11,-1.4460964077335206e-11,7.728545592479863e-11,-5.821242739035295e-11,-7.941384758236e-12,-3.6717121796490595e-12,6.706821353637006e-11,-6.007847622672208e-11,-4.240666974119359e-11,5.8582774789253805e-12,6.282960639289245e-11,-6.517346963613062e-11,3.346924316607268e-11,-4.290502199837152e-11,-2.5731967013391052e-11,-5.27808878104409e-11,4.136501817204803e-11,-1.3487814445397928e-11,4.3073011522412184e-11,4.293442580370235e-11,1.3322118317857653e-13,-1.5669232094504876e-11,-1.5224867297769245e-11,-3.2311261028247404e-11,1.407275611722634e-13,-1.5936867120560042e-11,1.2923719856170597e-11,-2.747035913735658e-11,-3.680253194836309e-11,2.5439546442676278e-11,4.0338947278209364e-11,1.285061784885795e-11,2.778047246825043e-11,9.055635850317006e-13,-1.2877958536425722e-11,9.948200690811318e-12,-7.489774328259014e-11,-7.25278549786772e-11,8.136602359451064e-12,2.8260303104150894e-11,-1.0923151460744659e-10,2.9372918816580896e-11,2.722170198624441e-11
-2.409614891031847e-11,-1.7179780321433334e-11,2.354997517149279e-12,-1.4149212315579837e-11,2.233946087186351e-11,4.337038942625886e-11,4.4654209195445946e-11,-3.482839396960452e-11,1.4365498226402431e-11,-5.888053338167915e-11,2.760846632121048e-12,3.5705432035616715e-11,-1.0278219734996602e-11,1.7581515396000832e-12,-2.939067456787509e-11,5.84550003397273e-12,2.1542515831245648e-11,-3.164255617155711e-11,5.542966300917517e-12,-3.437289464739614e-11,1.2670773548737445e-11,-1.0672588060608e-11,1.3423121536151668e-11,4.176586583677526e-11,6.668496393535732e-12,-2.04487414471935e-11,1.405810844024407e-13,1.9962187368709233e-12,5.0043222292574605e-11,6.191918130384252e-12,-2.4478899070906694e-11,4.3193625799492984e-11,3.785061288041601e-11,-5.655911825952011e-12,-4.6737434906526485e-12,-3.672171796288942e-12,-7.72598074947322e-12,2.2446793382684116e-11,3.788871400869288e-12,-4.243919277610318e-11,-2.88535848857462e-11,1.46110720365183e-11,1.6815329088025283e-11,5.35764142313181e-12,-1.6294193338775797e-11,-1.682949943095319e-11,1.629118776145984e-11,9.414538856854798e-11
-5.3456254602138855e-11,-1.221186965683853e-10,8.764495799831777e-11,3.9857644628015156e-11,-3.397123219363996e-11,6.276329842144709e-12,3.2525663319704233e-12,3.8036399245586655e-11,6.68534623123238e-11,-3.384636085854663e-11,-2.1595630712506547e-11,3.641035647468825e-11,3.480032058065442e-11,1.1877731134676515e-11,-1.3227324061881256e-11,-2.4979491488604677e-11,2.619457690631446e-11,-3.8553041566326127e-11,-1.5666736224355366e-11,1.975381638908442e-12,4.022902632278634e-11,-1.8225973823498757e-11,2.5969833536879388e-11,-2.4230327502913694e-11,5.008017080412353e-11,-3.8629458311094845e-11,-4.303453157154661e-11,-2.0503889629656936e-11,-2.8799546423047882e-11,-2.998477988294278e-11,1.0293868536217408e-11,2.368797565645137e-11,2.2319306497337222e-11,-6.413375722003461e-11,1.0162302419830246e-11,-1.5532324026441042e-11,-3.8397087517330074e-11,-2.7331567003353837e-11,-4.228427697805677e-11,5.180107436955433e-12,3.61287907984792e-11,-8.099086044083889e-11,1.9448227538176754e-12,-2.038068759146885e-11,-1.3163722947975784e-11,1.403856017822885e-11,-3.765487363365513e-11,1.3260771012193444e-10
4.569157099001946e-11,3.890680214394125e-12,2.0088394120374084e-11,-6.373053499473464e-12,1.53298343609172e-11,1.86683568567621e-11,-1.8666119261275014e-11,-1.8090790561203623e-11,-2.2820424664242838e-11,8.162181716671743e-12,-5.040093187545795e-12,-1.972457891789789e-11,8.610877240929492e-12,8.255520728392173e-12,-2.968606546106593e-11,9.920681343998516e-12,9.3588816166577e-12,1.1331383054569443e-11,-4.534426515053662e-11,-3.720061127091715e-12,-2.6448252311695396e-11,-7.986441544742712e-13,2.854596125464753e-11,-8.517597580139798e-12,1.4279451444154523e-11,2.6754282626608483e-11,-1.2200323308550498e-11,-1.1034776600358086e-11,3.3679177465268197e-13,-3.461823644144797e-11,-9.030859910141903e-13,-1.0090729574966927e-11,-1.199084144061155e-11,-8.100306818100997e-12,-1.144611877564883e-11,8.16847191287904e-12,4.408526170982754e-12,-1.1706425041074663e-11,-1.3229255922110579e-11,-1.1298593464208334e-11,-1.5498503793486764e-11,-1.2712396688329937e-12,4.1750558962236e-12,3.4510169986100044e-11,9.62965776749349e-12,-4.74885069543198e-11,1.967046920997579e-11,-4.361209583722419e-12
-5.778869256132619e-12,7.197710912793827e-12,7.418003925738371e-11,1.1989204037056266e-11,4.265564028261193e-11,-5.140850944423465e-11,-3.841808076180513e-11,2.888213798871519e-11,3.556310614994375e-11,-7.417874102945706e-11,7.591484341973567e-11,-9.23428227591592e-12,-3.087702910168343e-11,6.553126921140289e-12,-1.150254925346919e-11,1.5488252913969833e-11,1.2676583778157208e-11,6.852020717250254e-12,-1.4920802731246706e-11,7.551274046338265e-12,-2.4347913225479556e-11,-1.327732658523319e-12,2.1943577874709675e-11,-4.0909368197387745e-11,4.17527228689038e-11,-8.67555383801121e-12,-2.168116902912836e-12,-5.18651454674665e-11,-5.7793224877865066e-11,3.113304895380531e-12,-1.2794294213219365e-11,-1.187112199804568e-11,2.4066003584666137e-11,2.3912716141588178e-11,5.194461151710079e-11,1.6774301750888696e-11,-3.487411228931733e-11,-3.013185221766425e-11,-3.3988389434111304e-11,1.0811441841217232e-11,-1.9446619487720166e-11,4.855941960183887e-11,-2.5651492152977883e-11,3.754040747330089e-11,3.061343400059787e-11,6.858393505182269e-11,-7.267501513078657e-11,-1.009967867620019e-10
1.3187818920056568e-10,1.2457992072468172e-10,6.942087376018075e-13,6.76445166493013e-11,-4.2002613477566813e-11,7.625185831944362e-11,-3.834392919017868e-11,7.729361568262326e-11,-4.492013885840587e-11,1.9305560829671863e-12,1.1297957168921846e-11,7.42117359168978e-11,-5.282725468786494e-11,-3.9251884306215505e-11,1.1764586718052813e-11,6.124730916486822e-11,-5.397862600188357e-11,3.517002029627601e-11,-3.2766499463278867e-11,-1.8125246266403525e-11,-4.9281605022764216e-11,4.915208474458968e-11,-1.5187667166853834e-11,4.673306227925071e-11,4.038612159470247e-11,4.952601244052548e-12,-1.7157531968928517e-11,-1.1726887638725e-11,-2.859756143471852e-11,4.470805949181265e-12,-1.3009461673646533e-11,1.14609916185351e-11,-2.7109903625116648e-11,-3.3094275764661046e-11,3.076013791701195e-11,4.1857516118202254e-11,1.2834466545254999e-11,3.0480234921164635e-11,3.6363082063176623e-12,-8.953013630028267e-12,1.1785931422218457e-11,-7.721609487412831e-11,-6.925052624445065e-11,1.307931579082743e-11,3.505942225461202e-11,-1.0204306753683782e-10,3.8422278545507375e-11,4.115031399517787e-11
-1.87881097168337e-11,-1.8360754883359783e-11,-8.786225953778056e-12,-1.3607665621023014e-11,1.2648736337107869e-11,1.5710954674607114e-11,4.879949807304756e-11,-3.113565084149325e-11,3.2315375610861278e-12,-6.279179770121228e-11,7.730719310588772e-12,3.699499285319719e-11,-9.491352387733885e-12,5.314818281405455e-12,-2.4733728906460195e-11,3.7021852140967705e-12,2.8798621557172817e-11,-3.077207816864011e-11,3.831940189114289e-12,-3.533813264152947e-11,1.2687745678720586e-11,-4.632267359863707e-12,1.5393545983449586e-11,4.346973225982546e-11,8.149924082311278e-12,-2.4606584441336667e-11,-2.867975659523891e-12,-2.198102891297736e-12,5.041274656160581e-11,4.9094083654703834e-12,-2.564168723665736e-11,4.106053811335166e-11,3.5970793354911896e-11,-4.93605231352591e-12,1.5339768291138434e-13,-3.930830576318821e-12,-5.367198643444295e-12,2.0762830321282436e-11,8.212747697693001e-13,-4.151099794872091e-11,-2.8716642565628425e-11,1.521619060202588e-11,1.661458402773296e-11,5.825312909560124e-12,-1.642238577450114e-11,-1.7761107934459176e-11,1.496942767300659e-11,9.485613574003029e-11
-2.138236957159861e-11,-6.262597345180802e-11,1.974368107412939e-11,1.2308024892562282e-11,-2.5877309081417336e-12,4.9588290374266465e-11,-7.943896604547554e-11,2.205592119942951e-11,5.826242451271487e-11,-4.040831503031778e-11,7.496026849424224e-11,-8.328959723302801e-12,-4.080678449826166e-11,2.534256660458108e-11,1.0806171975662081e-11,-2.6816344498506797e-11,1.1877752721859078e-11,-2.813874252033725e-12,3.836033258454865e-11,3.264136178883726e-11,2.0515370673561767e-11,-4.434516163765973e-12,4.1052940908827346e-11,7.594442482442791e-12,1.2196821729938614e-12,3.967658834352057e-11,-2.432691239069104e-12,-6.048669790961557e-12,-3.634314493269376e-11,-2.8374092280297127e-12,5.647537517917219e-12,-4.232583837722373e-11,1.8275235597659454e-11,1.7147866281563456e-11,-8.047345524588577e-12,1.720710021862394e-11,3.020694467310269e-11,1.827360818894537e-11,1.3598815235384047e-12,-1.3820602897656902e-11,2.1897386868566265e-11,3.2617709721297625e-11,3.370056268662138e-11,7.073301221845824e-11,-8.601103889270552e-11,1.4046490950272353e-12,5.7874670203622965e-11,-6.793129911288527e-11
4.885944967650248e-11,2.672760746580627e-11,-3.915935632180644e-11,-1.3298887510981404e-11,2.0916025860866822e-11,-2.6399167642867936e-11,-3.9150795233158287e-11,-1.8574834250763663e-11,3.071314784514568e-11,3.429995056948105e-11,3.1373826046805985e-11,-8.681850065638468e-12,-6.345773042226898e-11,1.4850173475827442e-11,-5.745958986343358e-11,-2.0856643605377987e-11,-4.923840820272754e-11,6.697227083403507e-11,-5.508932407538571e-12,-2.419282848434776e-11,-7.530115791301591e-12,1.615612359985607e-11,-4.3301015455159856e-12,3.5226133519261054e-11,-5.714852451280183e-11,-1.5417882243473404e-12,1.3189466693935657e-11,2.2125967281663898e-11,2.628880709184344e-11,1.5345591829242514e-11,-7.783181694201696e-12,2.773394028949053e-11,1.7837454017316765e-11,-2.039250724450092e-11,3.5189965705504984e-11,-1.1631785054822236e-11,1.749894565501924e-11,1.662586239419249e-11,-1.7229325475281446e-11,-8.24548172299348e-12,2.7386039186871215e-11,7.588843292856816e-12,4.481742062428862e-12,-2.9664379222735825e-12,-4.914570687716403e-11,1.641407572538494e-11,-1.5831365329320905e-11,2.391984287025476e-11
-1.0520650301589375e-10,-2.5917156183302544e-11,4.2923230159915664e-11,-4.277875058061068e-11,-2.3569093856547252e-11,-3.0836749679560026e-11,1.9767517132646368e-11,1.8824472068707104e-11,-1.46696866819229e-11,2.6040160840942428e-12,-4.230630641887503e-11,-5.26444795548124e-11,-2.479796598357614e-11,-2.979969915317779e-11,-1.1563919756871815e-11,1.2861293580947602e-11,2.3041416109138836e-12,2.5655641614037e-11,-1.4780221312046565e-11,-3.755934569295084e-12,1.4213122766942568e-11,1.3101104022864971e-11,-4.63876614438833e-11,4.096294397219525e-11,2.8601834287118635e-11,-6.0030560580587815e-12,-3.0665570336965397e-12,-1.4654880863305892e-11,1.6169415496798423e-11,1.3635782890962382e-11,-2.6006959334482153e-11,2.282415975663125e-12,-5.480881608782278e-12,-6.4732253261546355e-12,-3.233811663405963e-12,-1.2914037582391346e-11,3.878989514373572e-11,-3.816068632761926e-11,4.742451400025154e-11,1.0821933374798948e-12,-2.8339362152849486e-11,1.6695350796560763e-11,4.7587125884784664e-11,2.951840004016924e-11,5.991184441694239e-11,8.381376173112686e-11,-1.484141214781197e-10,-1.0592062263863083e-10
-7.408038854058711e-11,-2.608185980718332e-11,2.697096672551952e-11,1.4619235507294898e-11,-5.936863895539896e-11,-2.3636884322173064e-11,-4.0575230531088976e-11,1.273687187480475e-11,-1.5809366411540204e-11,-5.5588379765388676e-11,-3.124057926732757e-11,-1.836428593769413e-11,-4.051482534970909e-11,-3.07440192848457e-11,1.824154611320026e-11,-3.3175722607975515e-11,-1.2606349232553203e-11,-1.1458137439638954e-14,-1.132724832824987e-11,7.724761977425366e-12,-3.338519762779807e-11,4.0913440516346404e-11,3.235024983171508e-11,7.409370382557742e-13,-1.6366779520459853e-11,6.696208885582877e-11,-5.385452111780164e-12,4.407235680720905e-11,-1.749462389055069e-11,2.9345373698826058e-12,2.790169150953641e-11,-1.2179338943566459e-11,4.7045158331480165e-12,2.9178378369727436e-11,1.50092859617535e-11,-2.30285482419116e-11,6.722576685550558e-12,3.3421352813742344e-11,-1.834109658447266e-11,-3.499210660431568e-13,1.758596826250036e-11,-4.5103483165918966e-13,5.989432080077599e-11,2.6029105017881884e-11,-1.4432017791396375e-11,-1.8586511421950564e-12,-4.877588854997765e-11,2.2895277807702733e-11
-6.182092972286647e-11,1.900358116943826e-11,1.143007984183296e-11,2.2304786161801152e-11,1.5285050617866806e-11,7.773644007279682e-12,-1.1147780193091998e-11,-5.690003878357143e-12,3.235792971797366e-11,2.010862510616088e-11,-7.701125594023667e-12,2.093795083273246e-11,1.4634679514886828e-12,-1.1571741102663988e-12,8.25259295107882e-12,-6.798660970913709e-12,-3.731488112171551e-12,-1.4301891123407453e-11,6.799142263989725e-12,-1.2351325594434545e-11,6.72278960418614e-12,-1.3086911992600817e-11,-5.825566844487781e-12,8.186888239147037e-13,-8.439794962083702e-12,4.9065646604162185e-12,4.325912652288602e-12,-1.3020181133758177e-12,-1.3049881928853036e-11,9.94348572106952e-13,-1.7792551506937184e-12,-3.003577815118931e-12,1.0576177253371251e-11,-1.6803603288828013e-12,4.615821571474173e-12,-1.8410764614151006e-12,-3.6923000844813384e-12,-2.9847572034344485e-12,-1.1643248491580862e-12,-1.3355336985350246e-11,-5.134816776897851e-12,1.0639897944616625e-11,-6.0946086857686e-12,1.3791252222525014e-11,-2.354757417688926e-11,3.710949139446543e-11,-3.651435089587777e-11,-1.0009775912774088e-11
-2.7799899896498807e-11,-8.557299908858867e-11,3.0094041158021336e-11,-6.285187895089735e-12,-1.3932718804551393e-12,5.129392408032832e-11,-7.673238110283931e-11,4.576389121648093e-12,6.532591787752342e-11,-2.988115711778668e-11,8.1160013582894e-11,-1.1089338411713178e-11,-4.2162956656709287e-11,2.6332758830095077e-11,8.855206225332415e-12,-2.8804735169353094e-11,1.7928100070440347e-12,-3.33133850206365e-12,3.506312936850248e-11,3.15569243907336e-11,1.9966272840406025e-11,1.6633873580901367e-13,4.4010801299922186e-11,5.316461047362395e-12,2.3674167697910185e-12,3.8100401995745444e-11,-5.36298678993249e-12,-6.895585495382923e-12,-3.5192171800679804e-11,-5.657147489889306e-12,3.661183428212109e-12,-4.221886784981192e-11,1.428879018171884e-11,1.4152292505533004e-11,-1.0088534920828665e-11,1.537577021996697e-11,2.7285016317966624e-11,1.7429811814147076e-11,-4.645489646745665e-12,-1.4160197383463899e-11,2.0146541242074778e-11,2.4445837380485366e-11,2.6170376087975976e-11,6.370419429891644e-11,-9.436196758581248e-11,-6.245909880684664e-12,4.1658594956837604e-11,-9.936012409812612e-11
5.0919794376096246e-11,2.3377278422163487e-11,-3.233340830044371e-11,-1.2449581969740634e-11,3.792881093853081e-12,-1.3397371992261768e-11,-4.2985490359249625e-11,-2.429271385868518e-11,2.5485787651643424e-11,3.056050753807846e-11,3.071833109610789e-11,-1.501506100049111e-11,-4.795944645331238e-11,-5.568662458447596e-12,-4.800025831516936e-11,-1.8297457715790994e-11,-4.3719670165338756e-11,5.886585099785031e-11,-1.0097180825365286e-11,-1.108599257336955e-11,-4.277616737486686e-12,1.659047876292093e-11,-6.583048117417478e-12,3.533477682453916e-11,-5.708538637940098e-11,-3.323009908597759e-12,1.2210980354817823e-11,2.512584406516004e-11,2.7210349227194384e-11,1.4258599987609276e-11,-7.023310071084796e-12,2.919221722111892e-11,1.5523244734645443e-11,-1.823452821029994e-11,3.5017212191201595e-11,-1.1176804940480017e-11,1.577450620525471e-11,1.5893631552338414e-11,-1.6244837324188924e-11,-8.947655525256678e-12,2.6068608025381395e-11,7.309577364461725e-12,5.48044161326727e-12,-3.0958471953405477e-12,-4.879247413807507e-11,1.6677341535740562e-11,-1.7984667506170995e-11,2.133629844575437e-11
-1.0012549566392121e-10,-3.755309245041642e-11,3.981874767860809e-11,-3.857920974316097e-11,-2.651352259707827e-11,-1.948368395360582e-11,3.216926468510247e-11,3.2457465370761525e-11,-2.626060776432961e-12,1.7532067513876266e-11,-3.840826059437793e-11,-5.1914342987146645e-11,-2.9924823833879364e-11,-2.3686651360471288e-11,-4.689294111759947e-12,1.5788613547858863e-11,1.0170541826398068e-11,3.3654228489795864e-11,-1.45192732904559e-11,-5.2043914594593756e-12,1.7855328379942015e-11,1.5734609364265505e-11,-4.836987399790835e-11,4.360962494295512e-11,3.1709497321166896e-11,-1.1273117287043264e-11,-6.1035792108482064e-12,-1.570891642401185e-11,1.7304032158627e-11,1.3741866876292538e-11,-2.7577250677577505e-11,1.2696964932536556e-12,-5.26844844639889e-12,-6.350330999649905e-12,-4.200098100928761e-12,-1.3447404910846137e-11,4.125977194423355e-11,-3.8597701888858985e-11,4.6975636049901315e-11,1.0808258726882216e-12,-2.824494955749255e-11,1.6556552959970116e-11,4.863486492523712e-11,3.0019175295394435e-11,5.875601718572955e-11,8.371789076918766e-11,-1.5016367450095595e-10,-1.1320275610665129e-10
-6.707726776956594e-11,-1.638966288627451e-11,3.8729900271163775e-11,1.2345898625515338e-11,-5.437439610188872e-11,-3.6676631320908153e-11,-4.7505507610561213e-11,2.00173056131117e-11,-1.765669657403501e-11,-4.876045392180691e-11,-3.4614386154359104e-11,-1.8155354810241206e-11,-4.0962881995568156e-11,-3.387428318555423e-11,1.656692915319379e-11,-4.07942819771526e-11,-1.5770618596185325e-12,-3.723107192088729e-12,-7.228452456298402e-12,6.954205302744074e-12,-3.135263919007939e-11,4.307687833270451e-11,2.9312547839611835e-11,4.825821345403813e-13,-1.5792806011793436e-11,6.867726148495162e-11,-7.730013028326146e-12,4.7488393154722937e-11,-2.106086181530484e-11,2.8511786419502684e-12,2.97272083927903e-11,-1.299233634871346e-11,4.792088479562531e-12,2.791469444902711e-11,1.6794601254599534e-11,-2.223626533780239e-11,7.718778277416266e-12,3.347983604196554e-11,-1.9037612052161267e-11,-1.1639930634902856e-12,1.7012905209154377e-11,-1.4106813183336504e-12,6.109477416249152e-11,2.5600629663341574e-11,-1.1981229638914579e-11,-3.1603431033448648e-12,-4.824675637572329e-11,2.4046662817098976e-11
-5.1736167968693216e-11,8.224383086804815e-12,1.0022343394376868e-11,1.2252275958562631e-11,1.7651896848500156e-11,6.883045939163579e-12,-6.784348192369692e-12,-7.157611356884615e-12,3.237998713541253e-11,1.6493381308766473e-11,-7.249264927619295e-12,2.0649520404855442e-11,7.288184622625284e-13,-2.791750710157481e-12,8.077719659488017e-12,-8.175978755835735e-12,-1.9293875952929052e-12,-1.5216410477671616e-11,6.053640106325359e-12,-1.2264506449118571e-11,6.419841502547992e-12,-1.3098731364914207e-11,-6.388894069001926e-12,1.2843588649655083e-12,-7.79865429596605e-12,5.784061396215875e-12,4.545113848600719e-12,-8.185624285589333e-13,-1.1537915948102818e-11,1.887924448479962e-12,-1.829418585768614e-12,-2.9796214140940968e-12,1.0210163613374562e-11,-1.4196217136878046e-12,4.519602862859496e-12,-2.170683003436409e-12,-3.5746291115103894e-12,-2.910787948217639e-12,-1.2965872772491569e-12,-1.3186104600303317e-11,-5.297227983061875e-12,1.0906655305836589e-11,-6.26844826936235e-12,1.3627537566133899e-11,-2.3695009152611208e-11,3.69619194596873e-11,-3.662392647748138e-11,-1.0124200237151526e-11
-1.230050901550885e-11,3.352941115915453e-12,-6.438452241431144e-11,-3.020267071813709e-11,4.7104592099252354e-11,3.511859002446402e-11,2.7978997282096732e-11,4.83614070159238e-13,-1.2366716524724742e-11,-5.6524251223520015e-11,-3.4307429032233656e-11,3.1045898518383236e-11,5.79448280932349e-11,3.3203295615879265e-11,7.246998410042268e-12,8.817343134376357e-12,3.3512939009766485e-12,-4.308698824031618e-11,-5.30813969315871e-12,1.3287874295630374e-11,-2.15194660847243e-11,5.436730526482569e-11,1.5031660283093896e-11,-6.134287852712455e-11,5.541192023686455e-12,4.807650935814112e-12,-2.079647107696638e-11,-1.80282058060185e-12,1.3194267080549182e-11,-3.038594932748119e-11,-8.184829555189215e-11,5.028182979939517e-11,-4.4096010882652175e-12,-1.74640928192249e-11,-2.299162206810611e-11,5.807641733394482e-12,-6.624291094032045e-12,-2.691744851335739e-12,3.816830202612644e-11,-8.638524308136534e-11,3.797729554696426e-11,3.165573450456978e-11,1.6837100259372627e-11,5.264561224584132e-12,-2.888611214220669e-12,-3.713184614821106e-11,-1.1243029127013052e-10,-6.955634687497877e-11
2.255024892771614e-11,7.635047479367112e-12,-3.2018396730791564e-11,-1.0024991938846507e-10,1.4008110378676227e-11,2.9491966641251534e-11,3.777636951517794e-11,-3.101086180745489e-11,-5.265666194675724e-11,2.1292977197543633e-11,2.4595353124058064e-11,-1.3745064521729639e-11,1.004217035840647e-11,8.39260573721444e-12,4.897604196442126e-11,-2.048650910077913e-11,2.50699689596562e-11,-1.4043491359146398e-12,-2.9049735762388364e-11,-3.9788514669263175e-11,-5.240947988839028e-12,-1.613047500780536e-11,-5.323726284948703e-12,1.581386897740672e-11,-2.285433460195109e-11,2.6167600834840893e-12,-5.316800521246955e-12,-1.4663374831846296e-11,2.6462037310017608e-11,2.3218364225625216e-11,-4.265242236248527e-12,-2.419734681445319e-12,-3.23803932347384e-11,1.3640254298877888e-11,5.2827275557002044e-11,4.121344640540946e-12,-2.15570033561769e-12,-1.660864043480803e-11,6.601307580776553e-12,-1.4509540809950585e-11,-1.2666185700136797e-11,3.586217669752979e-11,-1.6621768208719619e-12,2.6336619606159607e-11,1.7264972346299685e-11,-9.847917354846524e-12,4.458839720861426e-11,1.6699318000726308e-11
-1.7155777407006253e-11,2.1712217748044733e-11,-5.1408680055147563e-11,-2.320492303439683e-11,-9.757792062067501e-12,-1.7568657263937505e-11,1.7965358575177954e-11,-6.986389939966922e-12,-2.3115936422149842e-11,2.287504203779314e-11,2.606115709430397e-11,1.7375341110857519e-12,3.396795344281182e-11,3.288314360403535e-13,1.1954028152071829e-11,5.211300544843339e-12,2.493344537399842e-11,4.2179239144883565e-12,-1.4752302992310864e-11,-1.0668139551617648e-11,-4.0430973140774145e-12,-8.350406857077322e-13,-5.720450157036293e-12,-3.309122082304172e-11,5.56827135518148e-12,-1.487065002471617e-11,2.6663381548308857e-12,-1.6230588849097476e-11,1.7026912061806828e-11,4.4432036326820757e-13,-1.8984211363462812e-11,5.545738450881112e-12,-3.148407849443336e-11,5.415963963164878e-12,-5.108545682220101e-12,1.5368318201809564e-11,3.83617560895682e-11,5.875964312925553e-12,-8.98283580562964e-12,4.355695665379738e-12,3.4295149175519414e-11,1.3173674657980144e-11,1.3035573332916308e-11,1.245255555218943e-11,-5.3414749024965165e-11,-1.943403532247444e-11,-5.753068637480973e-12,-2.4839402381815965e-11
-4.7988699659476966e-12,6.102012795306236e-12,4.2157344465583e-11,3.1177633240890665e-11,-1.7412067393146523e-11,7.596978726854303e-11,-2.3715748865447433e-11,3.3037603297803804e-13,-1.8911457311098535e-11,4.30150371129669e-11,1.2955760127782486e-11,2.5304104695358157e-11,-1.109557042491465e-11,-1.7831568331446688e-11,1.2482343591846995e-11,-5.756179670010019e-11,-5.866880597003351e-13,-7.292032506682901e-13,2.021945731654924e-11,-2.962994835536453e-11,1.3215034376521218e-11,3.2334102365798534e-12,-1.3839109308446802e-11,1.5315154662759214e-11,-3.47051363450027e-11,-1.662232005026396e-11,-6.123692516031807e-12,-1.8162096507143559e-12,7.491101368682324e-12,-1.0204925718178815e-11,-2.0413056780937323e-11,-1.4449752217311523e-11,-2.5891134379991253e-13,-3.2733503889567695e-12,-1.801821889294669e-13,-6.879204544978402e-12,-2.847465291917141e-12,-4.14022776236283e-12,3.20632814444824e-11,-1.0590218426026869e-11,2.1325560414039557e-11,-4.7953971229856216e-11,-3.006860680179916e-11,3.684176833412349e-11,-2.8162303583768372e-11,-3.106223800218505e-11,-1.3861524724928378e-11,-3.913124571372575e-11
6.038997350300676e-11,1.2598436500012082e-11,-4.411668731797739e-11,1.1792503674653843e-11,-5.079461093021135e-12,8.17287591413596e-12,3.950212551860787e-11,-1.4277967300732828e-11,5.956333184333933e-13,-2.4174175042363656e-11,-6.129434316817101e-11,-3.241527017783061e-11,-1.4325135662263472e-11,1.2407455888605672e-11,3.187091957623021e-11,-3.2217046806087165e-11,1.9492851428519013e-11,-9.598365149832744e-12,1.7795018762240588e-12,6.320529856005711e-12,2.5948566653845923e-12,-4.020184998004034e-11,5.753388482011974e-12,-7.68409202968776e-12,-3.185726371952268e-11,9.689213696090941e-12,2.4763660726423884e-11,5.992700159537338e-12,-6.405985825338135e-12,-1.710733459310812e-11,-1.786391744240447e-11,2.251217906141935e-11,2.1892459874457557e-11,8.033551688974336e-12,3.643380933036466e-11,1.0561311657283385e-11,5.842928655157675e-12,-4.112830946250991e-11,2.3828332107466817e-11,-2.0253728441012327e-11,-1.798008719627938e-11,5.6877602836293216e-12,-4.603770619953297e-12,5.728694185014728e-11,3.529200617699978e-11,-1.0236801682818289e-10,2.230766679712504e-11,1.2587028420385921e-10
2.2118102382049186e-11,2.2473249336470115e-11,-3.1740981586376526e-11,9.751081733209467e-12,6.917458293409163e-11,2.8922552716636847e-11,2.8249749649025796e-11,1.094149660452826e-11,-1.0317298786597694e-11,-5.191027806436228e-11,-3.564535578324509e-11,4.0210888218415585e-11,5.7184206475363736e-11,3.241582028889122e-11,3.240163661518707e-12,1.1821711919393938e-11,2.1916896536387656e-12,-4.895743757033243e-11,2.0351557272380336e-12,1.466086889726079e-11,-2.2348271711663802e-11,4.8468803573102797e-11,1.7715287706437632e-11,-6.598758097584796e-11,4.546510647840676e-12,3.80919107426722e-12,-1.7760501628789792e-11,-3.5337561641368995e-13,1.4699539429607535e-11,-3.020554967423911e-11,-8.162654233099245e-11,4.5633889522147504e-11,-3.638818119445818e-12,-1.9843890107731456e-11,-2.5866462743450984e-11,7.856965648891388e-12,-5.407468254728207e-12,-4.673656443257761e-12,3.6803701385853295e-11,-8.37083181166902e-11,3.866053023847183e-11,3.2104219068013656e-11,1.7325611720084898e-11,4.895307056193281e-12,-2.2037506513140816e-12,-3.773813927445194e-11,-1.1175102692212593e-10,-6.650842813408065e-11
1.6751802209194077e-11,9.297887738137201e-12,-2.874346733503668e-11,-1.0345501365881902e-10,1.3547262113041044e-11,4.568751175369451e-11,3.657678689531879e-11,-5.312748509159571e-11,-5.82932782838383e-11,2.5191889461977074e-11,2.1033252764790858e-11,-1.6586927440132472e-11,7.366591538846962e-12,1.338991696479218e-11,5.0198275585827234e-11,-2.230482508768688e-11,2.7049497259264696e-11,-1.6487674221117084e-12,-2.530204933329106e-11,-3.906394686736034e-11,-1.4824930450437378e-12,-1.1872757919855426e-11,-9.735299031095203e-12,1.5648732012689756e-11,-2.45244173600265e-11,3.735626137397392e-12,-7.48160072116755e-12,-1.4081345438101812e-11,2.4692108062414173e-11,1.990824118641646e-11,-5.7609186328903855e-12,-5.319276693796349e-12,-3.379621007048142e-11,1.1687794446216906e-11,5.19652783706899e-11,3.2666086500107594e-12,-4.6360509174586416e-12,-1.7927392614656064e-11,5.204678788054288e-12,-1.5516244555088922e-11,-1.4065611930102934e-11,3.467122126767783e-11,-3.730092519737372e-12,2.448504282716294e-11,1.4503722303021681e-11,-1.3589175430660064e-11,4.007360878433747e-11,3.85083401050928e-12
-9.004130088380911e-12,9.841238243073027e-12,-6.417520317522938e-11,-1.3979141359230426e-11,-5.5686159343619565e-12,-1.0015937328222244e-11,1.4966311919775864e-11,-2.5569937373928657e-12,-2.433283546839389e-11,2.5322882353314126e-11,2.3115896954083973e-11,-1.3244733762548318e-12,3.661298101266991e-11,4.354562398998577e-12,1.4670603274572567e-11,6.711645646510456e-12,2.4635212512218273e-11,4.357106458783969e-12,-1.751299588176216e-11,-8.330233288519892e-12,-6.209765759241602e-12,-3.65940082155256e-12,-8.124841491005715e-12,-3.1936127515891037e-11,4.911366199100728e-12,-1.4939957932797395e-11,2.1044190029017628e-13,-1.4256079458329825e-11,1.5118487731766286e-11,3.70155610522142e-13,-1.8395843986707024e-11,3.251956915846003e-12,-3.198030539089832e-11,5.700843229682403e-12,-4.809918293108452e-12,1.544829246674573e-11,3.844399261200153e-11,5.462177245714711e-12,-9.299153713845742e-12,4.920528785080481e-12,3.483799407380567e-11,1.2308922052540472e-11,1.315836304433444e-11,1.199416609007522e-11,-5.314838479014254e-11,-1.9248047836486228e-11,-5.679958964385466e-12,-2.3876519708246238e-11
1.943951602273717e-12,1.7560771543177976e-11,3.1337176714538314e-11,3.281727967988903e-11,-5.498477358950668e-12,7.356645310938856e-11,-1.70407268272219e-11,-4.684507289739624e-12,-1.035267572471253e-11,4.8911374505344496e-11,1.161796389112854e-11,2.6671529004785114e-11,-2.3817353251812295e-11,-1.054156339476654e-11,1.8963014001906667e-11,-5.790599483054057e-11,-1.1742586248254524e-11,6.204382283843074e-12,2.854477228319843e-11,-3.286140952638344e-11,1.1129835312636381e-11,4.495105755672264e-12,-1.3854060916465215e-11,1.5435918111024566e-11,-3.5236665743138726e-11,-1.673246415661693e-11,-5.130203762596734e-12,-1.542026243287334e-12,7.472615407123769e-12,-9.726365783159444e-12,-1.9976494756792742e-11,-1.4128915778785464e-11,5.774129549527212e-13,-3.5570719379616546e-12,-1.2769878912813802e-12,-6.790768430281713e-12,-2.768423189314201e-12,-3.973868388978368e-12,3.20956992997377e-11,-1.0080798482394029e-11,2.1305870426410025e-11,-4.781137082186207e-11,-3.0002643848129156e-11,3.7290347415994915e-11,-2.786840060590668e-11,-3.0648006295546235e-11,-1.346420674308584e-11,-3.9295197457150144e-11
7.823672531307131e-11,9.463511770706015e-13,-6.720668925909856e-11,5.15418071583092e-12,-7.2536273287514145e-12,2.854591264841999e-12,4.520103717135266e-11,-2.0423078674574073e-11,-1.205495828283113e-11,-2.7619324860491232e-11,-6.677291968955486e-11,-3.8262456289718887e-11,-1.6584470294730156e-11,5.4501878709879735e-12,2.7460881703072853e-11,-2.5396841356994944e-11,1.441073326446064e-11,-1.284151196445077e-11,9.268814956485427e-13,8.32025816442909e-12,2.4187513538186118e-12,-4.387514164321591e-11,7.282083257182103e-12,-1.024479367254486e-12,-3.0724242376716815e-11,6.351963734579446e-12,2.057006069776196e-11,6.881318911238374e-12,-1.0933055608786111e-11,-1.5684737979194992e-11,-1.8472909234156143e-11,2.0379239547186898e-11,2.0190193382135214e-11,5.961345216289696e-12,3.5870186210510233e-11,1.2192123319304743e-11,4.746301088615581e-12,-4.21777916520806e-11,2.3285206160623472e-11,-2.080156592435986e-11,-1.965545219160529e-11,3.1945414707677804e-12,-7.2573944913113476e-12,5.3273976625617534e-11,3.3004695363425536e-11,-1.1001793868167933e-10,1.2832364216614766e-11,1.0700252426015775e-10
-7.76979069944885e-12,8.040304120703995e-11,-9.20072867777438e-11,1.1289336163471502e-11,1.1109889609433864e-10,-3.772301980963036e-11,-3.3448421760792297e-11,3.428422583391456e-11,-3.781694629335229e-11,7.64072336474528e-11,1.3054212356900339e-11,-2.637457274270415e-11,4.7180449720600484e-11,-2.0772127411826547e-11,-1.1426120110420165e-10,-5.6633520378922726e-11,-1.9895514045365472e-11,6.078616827668653e-11,1.3144161373243146e-11,-8.492983537094341e-11,2.1891902580743056e-11,2.9767039775600215e-11,-4.117546647867196e-11,-6.940053657737128e-11,-7.259967175293863e-11,3.791738174260263e-12,-2.308358920542601e-11,-3.183611730071604e-11,-4.211214375736323e-12,1.4132950683534614e-11,3.0961633890840557e-11,-4.754103523062807e-12,-2.701408952069024e-11,-8.507564717796597e-12,1.483636563466828e-11,4.266500535816417e-11,-2.368076669581178e-11,-2.0261376889066187e-11,-1.2545365108866306e-11,-2.986236739431083e-11,-5.057931846398568e-11,2.6254772634337988e-11,7.114954747477277e-11,-3.9579900696013676e-12,-7.600026452447431e-12,8.823137886659296e-11,-2.3018908905159996e-12,1.4250322044619226e-10
2.979559900507766e-12,-3.55173592730683e-11,-8.881943084773135e-11,-2.0388647340106538e-11,1.8145894572343732e-11,-1.5959296772574077e-11,4.9849137556441626e-11,-2.3641976850995862e-11,9.820852681003528e-12,4.422270483703095e-11,4.152546994201845e-11,1.7190766728184038e-11,5.235729345743656e-12,8.564910083631732e-12,2.2048433716795917e-11,-4.477787277234371e-11,-4.25618666155039e-11,2.1670328243761512e-11,1.4903973442886967e-11,1.7798180976509324e-11,-1.2586120234418433e-11,2.248638045589775e-11,-7.250490690725535e-12,-1.2602466561303781e-11,1.8135347217346844e-11,-1.870844772045301e-11,-7.985117067617703e-12,-3.254687938813609e-11,-5.625902179017608e-12,-1.6994067615729327e-11,2.811984017349162e-11,5.1409832530863476e-11,1.814008303768596e-11,1.9937442520850966e-11,8.456316383252322e-12,1.7960821664986364e-11,5.358372998342216e-12,1.0368531274437486e-11,1.5164634905928616e-11,-2.380986645217028e-11,1.0611356598611012e-11,2.906231045324065e-11,-1.4752564204181444e-11,-3.149133851237009e-11,-4.466101169147238e-11,-7.367900954471919e-12,6.922155058695839e-12,-3.952115042414329e-11
5.2753093400411045e-11,-6.743740057039039e-11,2.4261330630191964e-12,-6.9646258941252494e-12,2.2618739368275043e-11,1.1481858679971244e-11,-2.632866522599924e-11,2.0701144330473814e-11,1.8426299972441852e-11,-5.097686915242506e-11,3.978742692027726e-12,-7.642271205089301e-12,8.20234896914667e-12,1.392870751762085e-11,2.8150538933128127e-11,-2.2277964165874845e-12,-5.6376997067389127e-11,3.570594602176678e-11,-2.719250662913831e-11,1.4625345068946257e-11,-1.1225757632636283e-11,3.738301863936898e-11,3.641224437047559e-11,6.476173627124348e-12,1.5194597696179123e-11,1.3854871026168479e-11,4.7755033811745436e-11,-2.8297315107768886e-11,-1.7260951349058027e-11,-4.5389065921884554e-11,1.6929632372640666e-11,-4.4822069016790305e-11,-1.205992867519046e-11,3.578422630257265e-12,-2.342117233932261e-11,-1.121731191909373e-11,-4.0266931668473235e-12,-3.027076877306924e-11,-2.2849663367493182e-11,2.125392621169805e-11,-2.7390693713278218e-11,-3.745765303992491e-11,2.108106342361829e-12,-5.051549889062929e-12,9.013317427397558e-12,-2.036969807374728e-11,1.0105096952598812e-10,-1.2561917150607824e-10
-5.553452848861007e-11,-6.08389997479828e-12,-4.699343383294393e-11,1.5970704054713913e-11,-9.881935147626748e-12,2.4940838306219538e-11,9.405095671426442e-12,6.692463282735217e-12,1.8970702199374165e-11,8.781888522287208e-12,-1.7177895637530747e-11,-1.2812530143964912e-11,-8.548645397983549e-12,-2.8095532640517515e-11,6.245922266947311e-12,3.084114006074108e-12,-2.825311398419389e-11,-2.560222865772264e-11,-3.874206032757004e-12,-2.5235888775956317e-12,-1.0338383548215199e-11,-1.600793096863165e-11,1.035878987883479e-12,-2.6100125012588193e-11,-4.462982659728417e-12,-9.18154999015757e-12,3.200512931060301e-11,5.180079220419325e-12,-1.3937146073338479e-11,3.991374407503374e-12,-2.3847597792842458e-11,-4.4079559335162535e-12,-3.1437853696760463e-12,-1.2310135922265794e-11,1.7733215106511483e-11,-1.0890468584211103e-11,2.3028568978030133e-11,-2.2515663964924984e-11,6.5446864584957096e-12,-2.083721576988835e-11,2.3144843773179604e-11,-1.9131480525861338e-11,-6.307280695917129e-12,-3.2348929142894235e-11,3.689132582023375e-12,-2.850612883654291e-11,-2.5858536203986865e-11,-5.8442805641105785e-12
2.9058611720852927e-11,-9.616222075027376e-11,5.475373429334287e-12,7.625066746650949e-12,-8.800405742573136e-12,-2.8468768147387267e-11,5.33262307121354e-11,-2.8453122288280656e-11,1.3755268742932191e-12,-2.7539788551577225e-11,-7.102577689811952e-12,2.3751978961214132e-11,-2.8732487969701455e-12,-2.3408669690172552e-12,-9.787590605484459e-12,9.014104486377593e-12,3.564003457505405e-11,-3.6164114195837635e-12,3.172575546886292e-13,1.765370986665737e-11,6.79227045908899e-12,8.266238258255583e-13,3.378020092368891e-11,1.4737160072548545e-11,7.577416083318232e-12,-1.666677521317294e-11,-1.3837225494823908e-11,1.8094060419138714e-11,-1.1430552628384281e-11,-1.4422527517695867e-12,3.860665529437875e-11,-8.438179027623869e-12,-6.674472159372675e-12,-1.7926474515102902e-12,1.4706712865424871e-12,4.160244306469127e-12,-2.92261369257322e-11,-6.079834379319433e-13,3.468687817855638e-11,-1.4762184561940958e-11,2.2731771558039157e-11,-1.7148003241207793e-11,1.5059313408011383e-13,-2.2793403152356516e-11,2.4910526709355854e-11,5.187834823032417e-11,7.130831857921079e-12,1.7633169697033513e-11
4.391268411014321e-12,7.901209818773885e-11,-6.099553196681225e-11,1.0599020478150411e-11,7.92108069427384e-11,-3.743413120640285e-11,-5.762264369092429e-11,6.232702341766321e-11,-2.8302621725118803e-11,9.134524925767213e-11,1.2078745439791433e-11,-4.0410525819815414e-11,4.273912019721258e-11,-1.8844063588518235e-11,-1.0414235812609321e-10,-6.20940708223367e-11,-2.1591414206936622e-11,6.387219228957102e-11,-2.7385599346589694e-12,-8.847669767768089e-11,2.136677112346643e-11,2.8145708419889214e-11,-3.9320509843005194e-11,-7.029616641146113e-11,-6.687469635787444e-11,6.032547149204276e-12,-2.2642634438672834e-11,-3.140421987481258e-11,-6.872115258470904e-12,1.5579982417178692e-11,2.788172486573949e-11,-8.912009496265517e-12,-2.6837458881834698e-11,-1.4219872824506104e-11,1.6211361728481857e-11,4.587756750794951e-11,-2.4742325818741352e-11,-2.0925231300117158e-11,-1.2806084973173328e-11,-2.8893509362136554e-11,-5.085177312509883e-11,2.5796298971240452e-11,7.081392849655941e-11,-3.481250043791556e-12,-7.323723760999915e-12,8.69024034221535e-11,-3.6230130546340125e-12,1.46793415870658e-10
-7.90778054938922e-12,-4.440850978159284e-11,-7.350934442663623e-11,-6.8550979004045125e-12,2.1208378149113646e-11,-3.114005456461313e-11,3.9639637495724735e-11,-3.489468899081256e-11,1.1927124714271367e-11,5.060322647892573e-11,4.8084765829863316e-11,1.7179082491247866e-11,3.133101860335394e-12,7.415147775611619e-12,1.5393794725691213e-11,-3.8509120696211355e-11,-4.332647950130346e-11,1.660062693868167e-11,1.3968381794922209e-11,1.6829815393371784e-11,-7.994418369589672e-12,2.5147845613296123e-11,-1.1275864106939526e-11,-1.1285971927012543e-11,2.0746472071293523e-11,-2.1149686661586278e-11,-1.0240234288841737e-11,-3.052456742178297e-11,-6.210582485473898e-12,-1.095875057922125e-11,2.7309400015094023e-11,4.595834270264851e-11,2.001070395144921e-11,1.907655910761191e-11,8.426460877732372e-12,1.5426494916367337e-11,9.310318065835044e-12,1.0192125894972319e-11,1.658312872443916e-11,-2.237544459338369e-11,1.068729578667928e-11,2.9582727259612e-11,-1.2214414017963328e-11,-2.9686174958995596e-11,-4.4442984554409754e-11,-7.294788925873449e-12,8.322166519831413e-12,-3.720169944873005e-11
4.481732658948477e-11,-6.103760077353561e-11,-1.3143341450672187e-11,-6.630726190516516e-12,2.09573540886564e-11,1.321360200905938e-11,-1.2630892744618155e-11,9.007397636786105e-12,2.5475404401363816e-11,-5.2785474391297916e-11,1.0504714864535764e-11,-1.0399731512021679e-11,3.659020685681651e-12,8.775453546685507e-12,3.022737771650165e-11,-3.9299709617717816e-12,-4.931344369181282e-11,5.089888579337334e-11,-2.8811097070468917e-11,2.1462288669881658e-11,-1.7618468394970951e-12,3.6533099676847555e-11,3.56606659098162e-11,3.4084538920163745e-12,8.840057096338215e-12,1.842543218356587e-11,5.106784824544948e-11,-2.6661485924805282e-11,-2.160044415770867e-11,-4.58520016135714e-11,1.860385293485007e-11,-4.2928815477839074e-11,-1.2811411829510059e-11,-6.166054876161735e-13,-2.000377852540131e-11,-9.204721467419887e-12,-4.857304258082345e-12,-3.337489843624464e-11,-2.3640608485431166e-11,2.4536181932984263e-11,-2.7110507651019285e-11,-3.73027247638193e-11,1.6892953660088806e-12,-3.084499277216464e-12,1.0515309122172382e-11,-2.0577549536881123e-11,9.691250345268708e-11,-1.3372518478129393e-10
-5.327792890950679e-11,8.011617533136527e-12,-4.093894513616398e-11,1.0290302780624355e-11,-1.490546787499302e-11,2.629106011545318e-11,1.1187849082458095e-11,6.727357613952721e-12,2.1422989870733687e-11,1.1837862048120103e-11,-2.059441271596515e-11,-1.373549502674719e-11,-1.2668876008242093e-11,-2.501976966053636e-11,9.108988138131426e-12,1.0443106408820332e-11,-2.9780534421090047e-11,-2.2710796193666368e-11,-3.1138588840630985e-12,-2.4249320140013883e-12,-1.3024657046919596e-11,-1.779785015061756e-11,-1.8041332899230566e-12,-2.6491394056741208e-11,-3.741150971145142e-12,-7.883984957464e-12,3.328538656889257e-11,2.7031565008124707e-12,-1.408363266420385e-11,3.337901719311252e-12,-2.363180132038179e-11,-3.88191700638071e-12,-3.1184647727262497e-12,-1.3147536221657566e-11,1.8103002332684658e-11,-1.0778191671238155e-11,2.2982386683532342e-11,-2.2519832869028872e-11,6.376374603878622e-12,-2.0769092836172634e-11,2.317632001882517e-11,-1.916470588681438e-11,-6.351686348627078e-12,-3.2494818760352495e-11,3.5131842051924944e-12,-2.8550354063903497e-11,-2.5914295136963327e-11,-6.619100713480482e-12
1.7312460848569045e-11,-9.666679172803318e-11,-4.004696532291061e-12,1.6843079072716915e-11,-1.7712705932886518e-11,-2.500584977435281e-11,5.1228221179977784e-11,-3.1568497667123696e-11,-7.009991161111193e-12,-2.882361514740848e-11,-9.51531173249459e-12,2.7449266422872067e-11,1.3232000753639384e-12,-1.886437850590361e-12,-9.149353142186883e-12,7.866158234116229e-12,3.8217220227567587e-11,-3.7738990622360076e-12,1.0664458885236283e-12,1.490321172246389e-11,4.947912410285402e-12,-1.6116454090712418e-14,3.5254581908950236e-11,1.4135233281516766e-11,6.5160207020839135e-12,-1.531310364084521e-11,-1.3462486392413208e-11,1.8971559177819435e-11,-1.0332096625098744e-11,-1.2565778236848101e-12,3.980393422357623e-11,-8.722915413426584e-12,-7.409162652058486e-12,-2.038673234134796e-12,4.749080464186588e-13,4.594627811013374e-12,-2.991667102526729e-11,-7.118505121009275e-13,3.436095435748283e-11,-1.5336322674009186e-11,2.1753957891876963e-11,-1.7003865982382425e-11,-7.744875671376409e-13,-2.3279375297516766e-11,2.5379163432889634e-11,5.002411446938571e-11,5.604091795983746e-12,1.3829689627214805e-11
-5.888516695212272e-11,-6.518788961786353e-12,4.132498819513937e-11,6.823482235565327e-12,3.250145910825567e-11,-1.9507223111194147e-11,1.0938866557741283e-11,-1.417447914950508e-11,-3.6277810272495045e-11,5.0377689059561875e-12,-1.826892270166129e-12,-3.853559397405584e-11,-2.0925733845451117e-11,2.8873057527698324e-11,4.859780218732226e-11,3.0787332144293564e-12,4.204350440529059e-11,-5.419134378541574e-11,5.839971031592831e-11,2.280308545797193e-12,-3.004033892259291e-11,-1.050640204833056e-11,1.1167134050426987e-11,-4.193382915175493e-11,-1.4437019228973947e-11,9.209923738845827e-13,5.5577708150139917e-11,-1.197261673289849e-11,2.019581838973772e-11,-2.4187915018938273e-12,1.6448165659649338e-11,2.4369847151969252e-11,4.105822862047196e-12,-4.446949459674943e-12,-1.803049460374679e-11,-3.022530135524049e-11,2.036193788981851e-11,6.166929367478112e-11,3.1371148864318225e-11,1.069587415821693e-11,-4.2725825783273385e-11,-1.4471170261062613e-11,6.697713352067884e-12,-1.8315966712307794e-11,1.3033209888355393e-11,-8.607429377167985e-11,-2.735065597453392e-11,-5.644574012823817e-11
7.331029249733453e-11,4.4362071556217204e-11,1.351228550224793e-11,-4.96837482860563e-11,-9.352681497856207e-12,-3.189792866186406e-12,-3.741429910182846e-11,-1.2788992905360813e-11,1.741248315149977e-11,4.332505275440267e-11,-6.839206978546755e-12,8.760024743969905e-12,-2.3209730494845078e-11,1.4625118720156907e-11,3.281919063530236e-11,-1.1653986973222769e-10,5.806969996589272e-11,5.859937069925362e-11,3.845232001324771e-12,-7.989667696234301e-11,5.556935980800402e-11,1.3946788065927088e-11,-6.303767604786882e-11,2.7435961974318602e-12,-5.121046447449211e-11,-6.109688750236615e-11,-3.979310247260733e-12,3.286569786980507e-11,-1.7880556387587973e-11,-1.5455516744161377e-11,1.8662903175125324e-11,-7.55204633409053e-12,2.5614199929202187e-12,-1.837553603760979e-11,6.30971422340391e-11,-8.741347171227155e-14,4.455970112234397e-11,1.2749764665701388e-11,3.2379853956695514e-11,7.916067681058773e-12,2.300995665840047e-12,1.7153381927027735e-10,-2.4738774229125915e-11,-3.78266611449501e-11,7.739698358378221e-11,-2.750926781957809e-11,-9.096234958787745e-11,3.715011773472135e-11
7.449148264278676e-11,8.044624722044442e-12,-2.5130063103620058e-11,-2.8627892901080008e-11,-3.028787926196652e-11,8.821629839111919e-12,2.208863330305937e-11,-1.908691580074819e-11,-2.99126614597689e-11,-2.483625659350707e-11,-7.697048883751446e-12,-4.147947801707968e-11,1.3884694341810783e-11,-2.976359796925951e-11,4.962989427432778e-12,-2.5712353467817998e-11,-3.709608456535433e-11,1.9056941944234022e-11,1.430745364512008e-12,-2.913826246074663e-12,1.0020481324470269e-11,1.0440853857422967e-11,-3.981659769923767e-12,-6.003836124980108e-13,1.0394573156448549e-11,-3.2299857107247044e-12,1.793406952385359e-11,4.092314989481702e-12,-1.1559041843870514e-13,5.3499884494352225e-12,1.0255328601209317e-11,7.48878816265758e-12,1.6869402531884294e-11,-1.176068347223989e-13,1.3102709514056654e-11,-9.457179196665799e-12,1.0436647399529801e-11,-8.563246021558943e-12,-1.0482503273175318e-11,2.7786829559619647e-11,1.1164020670924267e-11,5.001816089920299e-12,1.2823999819315804e-11,-1.8242474849301286e-11,-1.0695202277371988e-11,-8.383029693905103e-12,-2.0563271332943727e-11,5.362773288443775e-11
2.8653953783967243e-11,-1.6897053629466047e-11,-1.297010847976792e-10,-1.9404818958595606e-11,4.022350482982151e-11,6.91155646442158e-11,-1.0576516868439429e-11,-8.039717010173864e-11,3.0075833112571914e-11,3.1482191149958445e-11,1.744662159175803e-11,6.084621183643016e-11,-1.7948191654015033e-11,1.80978109309103e-11,-8.750464908112892e-13,-3.517311499168875e-11,-2.8532448656053605e-11,3.5730686638271163e-11,-6.278432738221696e-11,-2.4661230136521815e-11,1.8811045705414812e-13,1.9905958933573218e-11,-2.2588595787469115e-11,6.012411057656819e-11,6.713836034566305e-12,8.918472152010254e-11,3.5568358236161547e-11,-5.218529300265356e-12,4.7511367658795837e-11,4.4802421353774574e-11,9.048933262151589e-12,-7.71143029873665e-11,-2.1606066518184103e-11,-4.4988854666723467e-11,2.8573632390485996e-11,-1.675036567539485e-11,1.9914154982872537e-11,1.4257615670363724e-11,-8.807389249956697e-12,-3.863814180772417e-11,-2.3608861192187546e-11,1.8387573619684665e-11,-2.255029136551469e-11,-4.7028096091318223e-11,5.426267790680521e-12,4.527535315769535e-11,1.4995195994074378e-10,1.5206460920123974e-10
-5.4646875784594937e-11,1.5751504099962644e-11,8.934444458587793e-11,-7.386109995816282e-12,3.445870124136564e-11,3.1286474613460035e-11,-2.5578673140186166e-11,-1.3960084300389998e-11,-2.1583462338463204e-11,2.7658056069594318e-11,9.073507196264526e-13,-5.762513988009494e-11,1.685998879364133e-12,-1.8479080160688725e-11,-6.484754421560281e-11,-3.717086710185324e-11,-1.578166986342647e-11,-3.6397384149899803e-11,-4.9347628079005116e-11,2.764246164201038e-11,6.077915398421288e-11,-1.613479051942564e-11,6.995330015850753e-11,1.9459032675033864e-11,-7.261704849571842e-12,6.677512279776448e-11,8.879792582913117e-12,3.750436584448755e-12,4.841485611392171e-12,-1.905029624352902e-12,2.02138593946909e-11,-6.584423302126898e-12,2.1367792627004615e-11,-1.4742731049387159e-12,1.3321248678937057e-11,-3.245528673723968e-11,-3.503614890954017e-11,6.2028068792141105e-12,1.3703356392249535e-11,2.7118716721196905e-11,-1.5830401475508906e-12,-6.961490666295334e-12,3.407496422928117e-11,-3.6906759386626986e-11,-7.174911912654626e-12,6.818630168045455e-12,4.984587247507697e-12,-4.7571020773422213e-11
-4.93358760541535e-11,-2.022923673738314e-11,4.202933859175415e-11,1.8116573540311546e-11,3.4422465218074934e-11,-1.519444937252095e-11,6.400618179273337e-12,-1.235901824088037e-11,-3.560101393809613e-11,-5.695780732752187e-12,-8.859191560836547e-13,-3.550442386032103e-11,-3.329070718620031e-11,2.875238113277252e-11,4.6098986634670995e-11,5.5380251776296896e-12,4.0829324582593135e-11,-5.3881310297100676e-11,5.93727493199115e-11,3.3700966576779636e-12,-3.3383844872877153e-11,-1.4368964731058147e-11,8.85702820098116e-12,-4.464496998002474e-11,-1.2386361847513941e-11,2.777424844408884e-12,6.043482616231205e-11,-1.3908135890587814e-11,2.1012798421630654e-11,-2.4496199593723584e-12,1.9304723721152185e-11,2.5509009461025522e-11,1.361353340383489e-12,-5.642485935625394e-12,-2.0513534901235954e-11,-3.047524906282001e-11,1.9472752785066373e-11,6.246720237994435e-11,2.996746781875345e-11,1.0089389486445971e-11,-4.2572593207636524e-11,-1.5265007545017043e-11,1.0017056045741829e-11,-1.9975963524087275e-11,1.1701276908008431e-11,-8.52624473047341e-11,-2.8512884945104054e-11,-5.712341482477812e-11
2.7660254976556742e-11,6.36644501056758e-11,-8.136273554185378e-12,-1.6257429581992394e-11,-2.0564434983487367e-11,4.476057929711758e-12,-1.877189749259875e-11,1.3380514127554778e-11,2.0880182365728578e-11,4.568389131011846e-11,-2.385378656664549e-11,-1.2111864066466086e-11,-2.6229977962792078e-11,4.9454391286984015e-12,2.4894207895948227e-11,-1.0485997670774427e-10,7.334811349468368e-11,4.856130115479168e-11,-3.214078579406916e-12,-6.924755915075202e-11,6.115319864542927e-11,4.360435108178687e-12,-5.202181425883845e-11,-4.805308313535371e-12,-5.659825662011556e-11,-5.15950393219314e-11,-6.555225477743392e-12,3.877190179480809e-11,-1.6784243741606684e-11,-1.111567847791487e-11,1.7653882479120152e-11,-6.984863124489483e-12,4.020883253415831e-12,-1.9124352712967067e-11,6.399681828703738e-11,-1.7218728153043592e-12,4.437709025966351e-11,1.624245526994557e-11,3.808585566229188e-11,2.690195473821125e-12,3.273392446366878e-13,1.6708367625804844e-10,-2.977819961229866e-11,-3.646371305744028e-11,7.743772829176529e-11,-2.8957272563305527e-11,-9.516235536901948e-11,3.343108690568808e-11
6.709256459204619e-11,1.7707110354463037e-11,-2.7719037377863567e-11,-1.7121693270197186e-11,-2.8513224417655437e-11,7.864013907591524e-12,1.8495515393737274e-11,-3.964632834380478e-12,-3.518021355744975e-11,-2.0324853169843274e-11,-7.489882261006841e-12,-4.125953091120696e-11,1.1218366479800597e-11,-2.924179183801009e-11,5.07448866096981e-12,-2.5032903298072985e-11,-3.861143473845992e-11,1.875085236675584e-11,1.0329919160162752e-12,-3.6056622964541598e-12,9.970473218676917e-12,1.0548820020140635e-11,-3.99836428295445e-12,-3.0496598915340166e-12,1.3035887014427896e-11,-2.644526492850345e-12,1.8120629295999256e-11,3.2706785985309466e-12,2.559193585546363e-13,6.148594177374863e-12,1.0113269421759881e-11,9.762162657431273e-12,1.753446661257177e-11,1.120145478359529e-12,1.1604739661400544e-11,-1.0170870391880244e-11,1.0851235812621195e-11,-8.934748938279767e-12,-1.1722576397748502e-11,2.8319942682017395e-11,1.0963343780133144e-11,4.685583847410927e-12,1.3375363465525066e-11,-1.8840230658106343e-11,-1.1173302065645205e-11,-8.902645102176159e-12,-2.065808362074011e-11,5.45854922068485e-11
-1.2123834398670662e-11,-1.0903411569672684e-11,-1.1758008470593648e-10,-2.3420881412158308e-11,3.9739819314257517e-11,7.930044137464677e-11,-2.249393816731894e-11,-8.484638108572316e-11,3.0604998276713066e-11,2.3175910247330366e-11,2.0100809938468153e-11,6.895475140436549e-11,-3.3439716823940892e-12,2.262704807971516e-11,-6.414028116917486e-12,-3.407814329046969e-11,-3.186514833380061e-11,3.7631127901052056e-11,-5.895278163551789e-11,-2.7713535064080608e-11,7.67257309967489e-12,1.436908161120886e-11,-2.2618751074130383e-11,6.663271953310925e-11,5.816780770676843e-13,9.050986838779272e-11,3.3278583908595615e-11,-7.204794426613862e-12,5.0379667783948696e-11,4.0686231511200616e-11,4.031678151211183e-12,-8.032964621682501e-11,-1.9519083801117604e-11,-4.537087308347358e-11,2.912087305645389e-11,-2.0368631025071367e-11,2.4002433879459487e-11,1.50242561505776e-11,-1.2908856719752532e-11,-3.8605581276111614e-11,-2.3743122358049732e-11,1.9838229447084292e-11,-2.0589841650264434e-11,-4.448973051453129e-11,6.007366824673583e-12,4.6490587482432764e-11,1.4934325766248902e-10,1.522044806709168e-10
-3.4084467819468336e-11,5.480899278196973e-12,1.046301815378922e-10,1.0063634815704492e-11,4.331779265916043e-11,2.4363444894478138e-11,-2.394534145441547e-11,-1.8999184510045585e-11,-2.7247921257527024e-11,2.977292296526634e-11,1.2256987150732172e-11,-4.0353341708397294e-11,1.472683600841173e-11,-2.04780386216602e-11,-7.304768501949617e-11,-2.5274575082588654e-11,-1.0823870332904801e-11,-3.313834344711004e-11,-5.0534176286376583e-11,2.8633947918349147e-11,5.560507118617411e-11,-1.8126588567961694e-11,6.343323236335135e-11,2.0586319842674288e-11,-4.384927434682539e-12,6.685232548323691e-11,9.710625818688618e-12,1.1012800185030251e-11,-3.273452275919511e-14,-2.1775782063409403e-12,2.0035822385509862e-11,-2.6231974088777717e-12,2.150064365040403e-11,-2.2058915316670108e-12,1.1005959846349877e-11,-2.8773266990680402e-11,-2.900019672116385e-11,6.7967746852240414e-12,1.5732391628608175e-11,2.8742549134846412e-11,-1.329754416116496e-12,-5.479870446849843e-12,3.423810389534186e-11,-3.457856319077711e-11,-3.899722437789128e-12,1.0327329957296022e-11,1.0317103735688696e-11,-3.728251013975725e-11
-7.756249366354147e-11,-9.247827948880793e-11,-5.5404848607035563e-11,9.130716081057144e-11,-1.8100903942327948e-12,-1.1837969189910768e-10,-4.747829999387438e-12,3.6861165441122635e-11,-4.728434049063243e-11,8.877880769521154e-12,6.723925363254615e-12,-1.7175001583027594e-11,4.0065234756541785e-11,9.749061004027489e-11,9.675918681883044e-11,9.329393766091263e-11,1.3838123476707608e-13,4.462584804467215e-11,1.7848637201386636e-11,-1.0468661985105311e-11,5.382128573483161e-11,-2.3493972234872693e-12,2.4275047317510467e-11,-3.2062157143217536e-11,-6.014371655337378e-12,-2.010942740232768e-11,6.972162014611885e-12,2.1971528855330948e-11,8.454280312158832e-12,6.34979021434136e-11,-3.344181340851332e-11,-5.785925409981683e-12,-2.164570022987551e-11,-4.9234626368475115e-11,4.96426406659572e-11,6.942591978601418e-11,4.60593382501476e-11,-2.9687528609716597e-12,3.051528291167908e-11,5.8078420964804834e-12,2.511259895912764e-11,-2.282821482018861e-11,-6.377508360208244e-11,6.48711189602508e-11,3.7543836833687427e-11,1.0058101850416495e-10,6.219986775066695e-11,-1.0193938720622355e-10
6.336863115710644e-11,1.894345308801645e-11,-1.62500809804333e-11,-7.554773406700086e-11,7.152035575720367e-11,-3.675541989610813e-11,7.385005002680317e-12,-3.33002665618448e-11,-5.835004406485703e-11,-6.633553234589293e-12,2.994059656805587e-11,-8.329753968726235e-12,-2.0733006332252314e-11,-9.326604524370825e-12,3.661386852927566e-12,2.1635722842798634e-11,-7.6015169271052e-12,1.0226920164309033e-11,-1.927686714034745e-11,1.7485607829766847e-11,-3.262740826435089e-11,-1.503932670363696e-11,-8.217175943375291e-13,6.681764149078365e-11,-1.980361582266791e-11,3.5579703879753057e-11,-1.1796033938548515e-11,1.6710195656761204e-11,1.5508751885001028e-11,-3.583866409578439e-12,-1.0626739781551061e-11,3.8842145071961814e-11,-2.910163843906726e-11,8.009734513671388e-13,-1.108838861405758e-11,4.293522642415786e-11,-1.0614252764353127e-11,-1.6378706309596535e-11,-6.568279500646025e-12,4.075652174350512e-11,-1.0213429505211043e-11,-2.159695088351356e-12,2.7795926516436145e-12,-5.371453318505485e-11,-4.156415740822697e-12,7.203664156891653e-11,1.2751956593310994e-11,-1.42481615174179e-10
2.176508209510674e-12,4.9317242162001696e-11,-1.7101481627444783e-11,-3.5921897511400485e-11,1.0731380624262253e-11,-1.296936895991257e-11,-1.0586671554870139e-12,-2.5732927124224224e-11,-1.9754485510915667e-11,-1.9520072748583982e-11,1.6599477845261373e-11,-1.4378523710824136e-12,4.997886772655014e-12,-1.3016263240525445e-11,3.05399092261765e-12,9.687871149976293e-12,1.2331827606598582e-11,-1.6830372848624498e-11,5.075502160969404e-12,-1.650553885878588e-11,-4.241002435523898e-12,-3.769089905481668e-12,6.135106882030249e-11,3.2888982557260722e-12,3.6107105217030002e-12,2.3049766311385868e-11,2.15077295523034e-11,2.1032666600158116e-11,5.328478294016098e-11,3.114585661870192e-11,2.0007818135771908e-11,1.6179783855524477e-11,6.7270950949161575e-12,9.652046879991697e-12,1.730237956770494e-11,-2.6495169062118885e-12,8.891954066562455e-12,2.2852850873450654e-11,2.4636847231534136e-11,2.9379651776118984e-11,-4.5212670748986106e-11,-1.4030125638565329e-11,-3.3913672675761654e-12,4.882051604302746e-13,-1.211328701991526e-11,2.0223663315715456e-11,-6.783530629286627e-11,3.656892867514231e-11
-4.360380404876312e-11,-7.717613982336635e-12,-8.098988393131943e-12,-2.6083678368753394e-12,3.4739452661619983e-12,1.204551891238377e-11,-2.791490089217488e-12,-3.278856714780946e-11,-4.54809287298615e-11,3.548809349225902e-11,1.1339110622464122e-11,-2.416083763869929e-11,-2.2407010051494753e-12,-3.030573839810315e-11,-2.9891581995292594e-11,-3.3229084027248e-11,-4.716322429428845e-11,-3.803239804968267e-12,1.6573631658873524e-11,-1.2935161052707164e-11,-2.4891433104761915e-11,4.654695017489099e-12,-1.7170882288109524e-11,-2.1209228946610365e-11,-3.8454823099645735e-12,-1.36332055413772e-11,-2.4395191749118958e-11,9.868887585873464e-12,1.8076185259310173e-11,9.142915779135454e-13,-1.1812845911476002e-11,-1.635534710146012e-11,-8.252576617593862e-12,-1.0887082884629036e-11,3.1750025686026275e-11,3.0478327911221243e-11,-1.6745921626115515e-11,-8.6904245801481e-12,1.768027010512979e-11,-1.582704502365621e-11,3.53245975016171e-11,3.434473567465478e-12,3.394406007822335e-11,4.327918561397534e-12,-4.080987558372005e-11,-2.3256034866046874e-11,-3.5841391562847265e-11,3.844965744612192e-11
4.0733443147614485e-11,1.1456664525579814e-10,1.0705619350010563e-10,8.49579641211566e-11,-5.315852455183004e-11,-5.932557410177453e-11,5.026266230227684e-12,-2.1160631967220387e-11,3.969159122558297e-11,4.889693182961817e-11,-5.926965706435176e-11,-1.1004603788254219e-11,-6.294160779020151e-11,4.059738837781843e-12,-4.42790888112288e-12,1.3981585633958338e-11,1.5153366909766288e-11,-2.4689931879420903e-11,7.604340021124199e-12,-1.5230504694341896e-11,4.8910925552250385e-11,1.6625735123148444e-11,-1.4380024960539374e-11,-1.0941186674642853e-11,-4.013054018153403e-12,8.51184173515623e-11,1.3650227013544442e-11,3.2544072921667383e-12,5.1020735514434085e-11,2.191435633409045e-11,7.079468423093015e-11,2.718761710246806e-11,2.3253970108041745e-11,-4.396723597522382e-11,-1.5541592263605882e-11,-1.3679371804288055e-12,2.5537677688874628e-11,-2.943579076969469e-11,2.2886789993165022e-11,2.3247476241697125e-11,3.0511439587283246e-11,4.3709572238864476e-11,-4.001615880487772e-12,8.342762280795244e-11,-5.430822854268808e-11,-8.670547871195307e-13,5.664547573354275e-12,-2.0346037596618971e-10
-6.46394759219489e-11,-9.062326419934565e-11,-3.84096674549335e-11,8.129431740244917e-11,-4.901895775723584e-12,-1.140331377891238e-10,-1.6522470501812472e-11,5.805339929346912e-11,-2.73046837979106e-11,2.4949947581147104e-12,4.750773016793247e-12,-2.1454102988032488e-11,4.4716407825018397e-11,9.406083367036728e-11,1.1648862262263014e-10,7.935887517348909e-11,-3.1364175830782825e-12,3.856053585688713e-11,1.5377561374121885e-11,-1.3427614495659851e-11,5.839542748831609e-11,-4.544306492250567e-12,2.4885453955209068e-11,-3.258872453171521e-11,-7.44312658908194e-12,-2.1195223148862467e-11,6.403524085669732e-12,2.1577806149666304e-11,8.312051013905744e-12,6.324254892679767e-11,-3.390439075892219e-11,-6.017897957348698e-12,-2.198276910952831e-11,-4.965631553141898e-11,4.917443329179693e-11,6.90466969995321e-11,4.534220557750716e-11,-3.852835465869183e-12,2.995646105625077e-11,5.177127835398177e-12,2.4431867966801092e-11,-2.343467480881913e-11,-6.428649661644153e-11,6.433141565615949e-11,3.6764506793082264e-11,9.912112670786252e-11,6.069208137382606e-11,-1.068404055018424e-10
5.5718334989302943e-11,-6.304208014321595e-12,-1.3152214460030234e-11,-8.10683396109161e-11,6.366949399405202e-11,-3.2394538025428766e-11,5.965307954515743e-12,-3.378200733097199e-11,-6.476707532049069e-11,-1.4393943317239549e-11,4.3730741538310824e-11,-1.3333874257483443e-11,-2.151850988937124e-11,3.772993305541343e-12,1.2300262072570563e-11,2.149510577073448e-11,-1.297911476498764e-11,5.8855004339166634e-12,-2.5828684960822454e-11,1.5950589346742395e-11,-3.041818965497602e-11,-1.1699008944250848e-11,-3.674434279044122e-14,6.64370282958494e-11,-1.5296714423288415e-11,3.629630685418882e-11,-1.302344013475024e-11,1.748517976414898e-11,1.34607403235932e-11,-9.421498954877777e-13,-1.2115625248816706e-11,3.875636113200701e-11,-2.8427084514311694e-11,4.523508937918279e-12,-9.488330184287686e-12,4.348849138869534e-11,-1.0618984680336196e-11,-1.692695665953395e-11,-7.416261410125646e-12,4.166799487206136e-11,-1.1976865556570787e-11,-2.5244375688324605e-12,4.9418784839828905e-12,-5.14533197347808e-11,-1.4143688634807556e-12,7.424867513571886e-11,1.8025853745853108e-11,-1.307979200959785e-10
1.1811259057956701e-11,2.2936768299407373e-11,-1.5003186645012882e-11,-3.0025678037513486e-11,1.8324643569392475e-11,-1.3657120855964153e-11,-1.1732633102656635e-12,-1.4725355765153348e-11,-2.0162895443820115e-11,-2.1090769814996077e-11,1.2216303343888555e-11,-3.2161313779717662e-12,7.006014994157435e-12,-7.79684273678916e-12,-3.822797202296422e-12,9.802515261042442e-12,9.536586917362318e-12,-1.3027587349064485e-11,1.5831715950884995e-12,-1.9983128043253172e-11,-4.133014658225991e-12,-8.030833077891476e-13,5.542386571281203e-11,1.4813508386039382e-12,5.172489225331792e-12,2.501834594875678e-11,1.9835558664716916e-11,2.0290213813101283e-11,5.238373465951113e-11,3.26333149369711e-11,1.7470453046007545e-11,1.507091350812306e-11,5.8532569595861726e-12,9.406423347336813e-12,1.643996802713276e-11,-3.2327957426277937e-12,8.822380343437403e-12,2.3083636975118722e-11,2.4770436476971168e-11,2.90876759417168e-11,-4.461714760756391e-11,-1.3911659981989511e-11,-3.7838490121018455e-12,-2.827714424296628e-14,-1.2373019898288444e-11,1.9942491819666175e-11,-6.803390080851385e-11,3.4645562806964436e-11
-4.654975085565257e-11,2.369918558468872e-11,-7.34563615245923e-12,1.9331208343598072e-11,4.389719953127562e-12,1.4350570322878046e-11,-5.025854524138773e-12,-2.939493434581655e-11,-4.2668635814983886e-11,3.313096256938873e-11,4.327106317768277e-12,-2.087071006933015e-11,3.240943660879209e-12,-2.985624737811025e-11,-2.7110247383257045e-11,-2.7460234949652942e-11,-4.2442400155573105e-11,-9.171933260230117e-13,1.3438176373278555e-11,-7.846042146355422e-12,-2.4294444587674842e-11,3.432908998850466e-12,-1.6594772235138018e-11,-1.6620748213699024e-11,-2.630301957943012e-12,-1.5453956988768557e-11,-2.470682529247446e-11,8.748591792486441e-12,2.0852895044813536e-11,-2.066112473104963e-12,-1.2577652679999623e-11,-1.6016710182392466e-11,-8.934805507143992e-12,-1.1274822039522078e-11,3.267839296064158e-11,2.9917814845895984e-11,-1.7540589486951115e-11,-9.747826136499037e-12,1.7182187933889472e-11,-1.631592430941572e-11,3.562877063735068e-11,3.306394049838757e-12,3.323634800734566e-11,3.887724334725096e-12,-4.234005727974769e-11,-2.454855041568525e-11,-3.995516766349535e-11,3.0227974917832546e-11
3.36334160612839e-11,5.44492039804066e-11,8.527091170213194e-11,1.1225927923886323e-10,-2.0415594124580068e-11,-6.061311197710849e-11,-2.0070816633737616e-11,-7.982306136486788e-12,5.1214294078885915e-11,5.84427865305152e-11,-4.951931140927159e-11,-1.8242029701502003e-11,-5.0214791508988685e-11,9.194991952408187e-12,7.346243753593207e-12,1.3152709865095683e-11,2.2628164462457633e-11,-2.3036505906276428e-11,2.1547291033694833e-11,-7.351024457393163e-12,4.389692246412586e-11,8.392686570213012e-12,-1.1434894303347898e-11,-4.735567620008119e-12,-8.651719394075585e-12,6.251015978823864e-11,2.2394650807881544e-11,7.449684247474194e-12,4.2062411144200106e-11,1.1427594536015964e-11,6.708491367010059e-11,2.969943442163517e-11,1.2198098444484633e-11,-4.027002881188582e-11,-1.7106987156601173e-11,4.705685712445545e-12,2.3051675424625372e-11,-2.6665015840659583e-11,2.1647255298056435e-11,2.1546431345784758e-11,3.032269188003136e-11,3.894475788662622e-11,-1.7473036637163381e-12,7.811755102779033e-11,-5.2876130953675286e-11,-4.121837753963509e-12,1.2201503216905556e-12,-2.099633278429517e-10
-2.6263260936272797e-12,2.16854408711362e-11,-6.93983723418718e-12,3.2191700155891657e-12,9.363638642300256e-12,-1.5239890849193134e-11,5.2777792527540366e-12,9.94648183253084e-12,-1.6058913206458096e-11,9.866251787258582e-12,7.843347107344749e-12,-3.1028798367184594e-11,-1.7087539910891378e-11,2.551805892208487e-11,-1.7965783877879057e-11,5.872205134068892e-11,-4.7059218613146115e-12,1.3087572875379878e-13,-3.404719760513193e-11,-5.504293433272407e-12,-2.7820090857172712e-11,2.017105029252298e-11,-3.966210168711921e-11,8.886103389145014e-12,-4.329250622907132e-12,8.141713177664652e-12,-8.922200066569265e-12,-6.838997899359193e-12,5.955765426505911e-12,1.1536596347527424e-11,1.2811607496592418e-11,-2.732137016486887e-11,-1.6027527566006427e-11,1.0081385871694151e-12,-6.6393254534365485e-12,4.307327423677097e-12,9.051455543075817e-12,6.9921473610000024e-12,-1.1333844525329547e-11,-5.855761061961915e-11,2.6450227977175087e-11,-2.704510843765675e-11,6.143221546687012e-11,-1.711609650380027e-11,-2.5161996705947105e-11,7.327522426708788e-12,5.0652769871740855e-11,-8.147189610341654e-11
-1.3824512475387347e-11,2.033356792872535e-11,6.713311968860382e-11,6.175192713436404e-11,-5.236223536716524e-11,-5.87948824305608e-12,7.988828440413272e-11,1.8158321041953336e-11,2.0692427997984123e-11,-4.277652667486705e-11,3.12152983784856e-11,1.0984167197919162e-12,1.6573474730567645e-11,-1.1605443383962418e-12,2.9520504802432065e-11,3.1053995026064995e-11,3.4706876548508847e-12,-2.188083347744989e-13,2.4455230435659764e-11,1.219530852150739e-11,8.849582219390295e-11,-4.240158168364252e-11,3.7689331085922284e-11,-8.53777187330414e-12,-4.728096812057242e-11,-3.504451942819614e-11,3.406809275827109e-11,-2.223882202048592e-11,-1.8454747879807144e-11,1.0505205707129591e-12,-7.733283617837228e-12,-6.909525499289711e-12,4.3327014289931266e-11,-5.453737534786744e-11,-2.1829814559659498e-12,4.300053895032469e-11,-1.3966438913598666e-11,2.5144374720328233e-11,-1.8331973885913258e-11,-1.0102341094838055e-11,1.4131169150569619e-11,3.563571666238896e-11,3.726003030380127e-11,-4.275759747394764e-11,-4.270729086646119e-11,-5.067205368632147e-11,1.554929437467784e-11,8.53056596047751e-11
-5.288921955253325e-11,1.4138461214026264e-11,8.334093997948883e-14,2.3261956847962027e-11,6.308731702750663e-11,2.50661538015318e-11,-5.666416762458581e-11,-9.243911625877717e-13,7.412757408993275e-12,-5.6771896522314665e-11,7.194339414569424e-11,-7.523407777236087e-11,-1.694966737611419e-11,-3.229206378197444e-13,-4.3293522061251016e-11,6.416168092616857e-11,3.4081534810715156e-11,3.6701958742508866e-11,-3.687422276324442e-11,4.288859041007953e-11,3.321607453572361e-12,-2.7722328802256486e-11,-6.496541094406076e-13,5.1643523755384916e-11,-3.783201783460454e-11,6.0273284668299216e-12,2.8155508427092215e-11,6.5641353813567284e-12,8.541751354463857e-11,-5.240421714007795e-11,6.994902675653726e-12,-6.375996826171429e-11,-9.472650692550272e-12,1.8299428381114427e-11,-1.4079196775438928e-11,-2.1754542222497937e-11,-7.405189818497356e-11,-1.2302879955185202e-11,1.3833074617922723e-12,3.5011094354408788e-12,3.391943026976752e-11,-2.155521324874968e-11,-1.9622835992979846e-11,-9.212931974866848e-13,-1.0567151504392063e-11,6.163524148979001e-11,6.871599199999908e-11,-4.396448348628509e-11
-2.3997199155160523e-11,4.560295887782418e-11,4.053046138120786e-12,-4.616662436688144e-11,-5.758005778302066e-11,-9.627937180191225e-12,2.0572173401440374e-11,-1.5279730383204024e-11,2.629790729725112e-11,-1.5461506078860845e-11,-2.0935873195662952e-12,3.650016262656182e-11,-2.7704063074825878e-11,2.4470839702834878e-11,-1.5802202199902022e-11,-1.5250762792928956e-11,5.094428976855518e-12,-3.361069471673392e-12,2.1048674124901233e-12,-5.389504612103942e-12,1.548153011056316e-11,1.4158209528309873e-11,-3.18959955879966e-12,-9.758261802059089e-12,-3.4426248974829243e-12,8.462494801305304e-12,-1.4038575491656286e-11,-1.469259413924179e-11,1.8449812702284883e-11,-1.507263489698486e-12,-3.249726381333284e-11,7.559953029247048e-12,-4.3978117565650345e-12,-9.174286702039427e-12,1.571171412853887e-11,-2.2031431438342086e-11,-2.104984818900908e-11,6.114433633562868e-12,-2.5159053239802247e-11,-3.864844089496198e-11,-2.996023043296405e-11,-4.604236889860185e-12,7.46105013256703e-11,6.409169141281461e-11,7.392105319795419e-11,-5.286458940794521e-12,-7.033655009823122e-11,-1.9826772904641507e-11
4.8785824448031554e-11,5.123338496247283e-11,1.4454407376217904e-11,-1.0703897314289723e-11,-3.484809413913807e-11,-8.847009625922236e-12,-1.7195778565368234e-11,3.710049939175312e-11,2.5557229597081762e-11,2.7458337721935405e-12,-2.4753716035563262e-11,2.4759185949990213e-11,-1.2886423798417895e-11,7.554924897679251e-12,1.4636087957855192e-12,-7.083289129051982e-12,-1.707023388568354e-12,1.5761957791553512e-11,3.110358312329524e-11,-1.93197168657147e-11,-1.50788369568327e-11,-2.2856095004141674e-11,1.0514486333030604e-11,7.85485117286874e-12,-1.0606093540824125e-12,-5.1473833186375864e-11,6.847825352037881e-12,2.3702282789535145e-12,-3.082041907565372e-12,-3.1914386273268856e-11,1.483778336144521e-11,2.37594067746696e-11,-2.0757591328947906e-11,-1.4727593867141453e-11,-2.285182855821515e-12,6.666009739601072e-12,-2.3321201651582355e-11,3.256661459593247e-12,-3.773658086194865e-11,-3.212965413754239e-11,-1.8308762706994936e-11,1.426890617048599e-12,8.351169749962233e-12,3.1461233196368336e-11,-6.007625196311601e-11,8.462531188713072e-11,-1.5920432812887764e-11,8.045111194696777e-11
-4.035573786271599e-11,1.3948431537869555e-11,-1.3522408041654944e-11,-1.8615371480786504e-11,1.6624799930212525e-11,-1.7781318813863496e-11,5.2465757280044084e-12,1.4238122720134947e-11,-2.7102682268227294e-11,1.2513490286331466e-11,5.364276121744163e-13,-3.814930143718717e-11,-8.236275024242627e-12,2.1818023691811702e-11,-1.0004876272443148e-11,4.175512078210737e-11,-1.918757047902527e-11,7.610469826611032e-13,-3.336298035972851e-11,-7.864756423981609e-12,-2.5759936084530784e-11,2.4367348250856363e-11,-4.104775254504394e-11,5.611773826264407e-12,-2.2929555856151137e-12,6.861882126174424e-12,-8.931704732295673e-12,-7.871907456780201e-12,4.718423240761754e-12,1.082478082334189e-11,1.2331247602966534e-11,-2.800719882916679e-11,-1.6289489879781873e-11,2.479425771969179e-13,-7.03146737162787e-12,3.656422212159262e-12,8.70821637128916e-12,6.152076441746756e-12,-1.1833488138042915e-11,-5.883328475096604e-11,2.5641045351945725e-11,-2.7868906931743556e-11,6.080029801584555e-11,-1.8155373634577723e-11,-2.591881529286213e-11,6.7678396659634345e-12,5.024529390284611e-11,-8.094761389175545e-11
-5.4964322587496316e-11,3.4285206293894044e-11,2.1720246377646013e-11,8.183318751162687e-11,-5.0601152575472484e-11,-1.2574913925869091e-11,5.942091668289322e-11,9.08725681347171e-12,1.8531026888204787e-11,-2.4557546463160677e-11,3.473568285775122e-11,3.1059603819229763e-12,2.063446488850599e-11,-4.7488020646756095e-12,2.1002296753205733e-11,3.594483626662027e-11,-1.2842038144266354e-12,-4.2634767602525686e-13,2.1521733726781678e-11,1.460620694964891e-11,7.429300683639354e-11,-4.1079015023551876e-11,2.547768792455467e-11,-6.6211359255366006e-12,-4.3372550233455475e-11,-3.4891352268665316e-11,3.3644736639107794e-11,-2.14120674302458e-11,-1.8997728134996418e-11,-1.834444696654779e-12,-5.2162276750017304e-12,-7.194977994158234e-12,3.700445344695774e-11,-5.156811391570083e-11,-6.091847145600955e-13,4.645016929197978e-11,-1.539482132341093e-11,2.6118821078699392e-11,-1.7041359005358252e-11,-8.129169700923173e-12,1.4825485717858413e-11,3.601826322275378e-11,3.803119167112899e-11,-3.918423079208433e-11,-4.0230780511570526e-11,-5.535258016528187e-11,1.3155946019846832e-11,8.365557902308592e-11
-2.715341938870961e-11,-1.7903606488449245e-11,-4.2591789850002705e-12,3.300211774500884e-11,4.328251719560865e-11,5.1609740236441424e-11,-7.942832956157605e-11,-1.5397050475060592e-11,-3.3227498738635305e-13,-5.402436168911827e-11,8.855629947539555e-11,-6.071608503297299e-11,-9.607194828596961e-12,-3.6631208132407227e-13,-3.550957079357076e-11,5.460670466145719e-11,3.707441727053937e-11,4.575047835806536e-11,-3.7529739224921404e-11,2.695790998909724e-11,-3.840234181989834e-12,-3.1551800318149234e-11,-1.2455764963251569e-12,4.513799347306236e-11,-3.9391629224388286e-11,1.594365901087563e-12,3.77202943888642e-11,6.041283599294635e-12,8.625530223689691e-11,-4.993186468445027e-11,1.0056943604170401e-11,-6.499347620249506e-11,-4.422475007011765e-12,1.6447491068545647e-11,-1.555235520366034e-11,-1.4486865362796988e-11,-8.407472753827811e-11,-1.9919310012356534e-11,-1.2263622066524015e-12,-1.676608904642336e-12,3.1569541476260896e-11,-1.8135824214676725e-11,-2.426103296866713e-11,-5.386939907070229e-12,-1.8849418118958235e-11,6.423855259906207e-11,6.703148025694317e-11,-5.710328677965824e-11
-1.6165805642330005e-11,4.157960974970718e-11,1.8223522197798207e-11,-4.98333305227919e-11,-5.1569746439855874e-11,-4.815854404202789e-12,1.8623409886894435e-11,-7.334231159901383e-12,2.3574129365762938e-11,-1.6897558367142845e-11,-2.9570095133744158e-12,4.182695260000057e-11,-3.081025788872007e-11,1.6417305991423745e-11,-1.6073705350388472e-11,-1.7973094276274182e-11,2.671419529005586e-12,-3.588753094646328e-12,7.76879653567087e-13,-5.437931481094574e-12,1.4867762856086833e-11,1.2949695744864042e-11,-4.038695448279473e-12,-1.0809784039419353e-11,-7.553145037348266e-12,1.2448164123740804e-11,-1.5238529430505615e-11,-1.4097369441203132e-11,1.8905388755144984e-11,-8.924647538078268e-13,-3.249631648681536e-11,9.236056122589247e-12,-3.389456239529205e-12,-1.0692033284247709e-11,1.6952946933212984e-11,-2.389110497886922e-11,-2.075173238031995e-11,5.650981306829957e-12,-2.6163664652262537e-11,-3.959703716800202e-11,-3.151786523548729e-11,-1.8013163353246133e-12,7.353735716117046e-11,6.448644934453383e-11,7.40004014622755e-11,-5.849794186874822e-12,-7.11590287610502e-11,-2.211287075158933e-11
6.238487438911694e-11,5.7937291330293887e-11,1.4225727463635274e-11,3.596094056507684e-12,-2.564769369786316e-11,-1.601666679021493e-12,-1.312926056288665e-11,4.1675475968634194e-11,2.7839999601142382e-11,9.092427806207819e-13,-2.578244948912415e-11,2.692955648924018e-11,-1.3906021521862284e-11,-7.393806570701022e-13,3.0445939250381023e-12,-9.823768553938109e-12,-7.1267504360215576e-12,1.7598375846563417e-11,2.98276825589778e-11,-2.1406190566752375e-11,-1.5211669918660167e-11,-2.3070280361894126e-11,9.712173748802537e-12,6.867376506920105e-12,-7.632309346289926e-13,-5.179565978660643e-11,6.217740568813206e-12,1.032853655626713e-12,-5.85193841437363e-12,-3.281410032326339e-11,1.6710008772533967e-11,2.527465966388052e-11,-1.953830731114355e-11,-1.402664007372803e-11,-1.5203800899616231e-12,7.0258890471722685e-12,-2.1929933997549467e-11,3.272260086921484e-12,-3.753129687570478e-11,-3.488038544163193e-11,-1.8252072431531594e-11,1.7654621161098132e-12,6.90061454808053e-12,3.127448800007042e-11,-5.897670347796508e-11,8.626011055643978e-11,-1.4547895378635108e-11,8.388282011566596e-11
1.4026565663712563e-11,7.934230156020808e-12,-5.82239573727862e-12,-3.437631529120971e-11,-2.8688083718734812e-11,-1.7428055231098408e-11,1.553440093481074e-12,2.2187453276658866e-11,-4.0661198944229744e-11,-3.3470879931705435e-11,-1.9526472235661816e-11,-1.3096921967680277e-11,-2.213470235306635e-11,3.341596326848162e-11,-2.314276252369928e-11,-4.2679129302781265e-11,-1.0137247011921867e-11,-1.2811795472745216e-11,-2.0937858902061304e-11,-2.552664892919487e-11,-5.456150000764239e-12,-1.3618860429374567e-12,2.845615215141461e-11,-1.5373007170203554e-11,1.0873183494167001e-11,1.5510179525064346e-12,2.7695585284880156e-12,-1.7100692434666797e-11,7.4713981129269e-12,3.656912962467673e-11,7.310337716141127e-12,-1.0390703444573642e-11,1.2905065487989281e-11,-1.6549261558364827e-11,2.5347340051341812e-11,-6.95379779533649e-12,-3.534116844780005e-12,-3.981502435631739e-13,2.9141426930035233e-12,-3.2570719724136506e-11,-3.3169086685850694e-11,-2.0156320148557983e-11,-1.475539442090158e-11,-4.550784394416738e-11,4.820076047455019e-11,2.061082658801376e-11,6.516882267244558e-11,-2.398198796280071e-11
-1.9214830400867432e-11,-8.802697002573975e-11,6.02369871857714e-11,8.09764143892821e-11,2.5948341152136693e-11,2.2175676093025497e-11,1.0225821637196446e-11,-1.8670033799044382e-11,3.7196078001107235e-11,1.7677706889088717e-11,6.111427799705309e-11,-1.3448596705708104e-11,-4.390961392588713e-12,-1.126623479914905e-11,1.8128151820293147e-11,9.204489718512607e-13,-1.027197867437055e-11,-7.445367479425252e-11,9.993779310260353e-12,3.892391938608063e-11,2.0253963188616933e-11,-5.3000910246397485e-11,6.246739587971649e-11,4.702514318723962e-11,1.554361735461632e-11,-3.014867270758616e-11,-2.3310501370727358e-11,-8.123590936034454e-11,5.960625417313033e-11,-1.0119181983959312e-10,3.0504249717250896e-11,-1.1304778472735904e-11,3.4128839579634224e-11,9.098307188378578e-11,-5.36382989598301e-11,-5.147739036578916e-11,-1.2967911270390142e-11,-3.9308428582667544e-11,-4.611768160522168e-11,2.992951478500783e-11,4.427291228149117e-12,4.03570515064144e-12,-1.1650847235724735e-10,5.4004024008321124e-11,-3.7832073789685047e-11,-1.3664695363307674e-10,2.1470637506087143e-10,7.195810076468215e-11
-9.909409017332806e-11,-2.035390943610797e-12,8.116062251183683e-12,-2.6986676561730705e-11,-5.609981810170651e-13,-3.2006192215875386e-11,1.2252084719658178e-10,6.706132468187054e-11,-3.961277137107044e-14,-3.2705907637834335e-11,-9.569752058589768e-12,2.576091922511991e-12,-6.227056380977315e-12,-7.294837972064743e-11,-2.1172581322069677e-11,-1.2400193397211727e-11,-1.1396198998373894e-11,7.938946702725476e-12,5.4663117511409995e-11,2.1229108065453473e-11,-2.6613676629804214e-11,-4.156785867655081e-11,-4.174863715531401e-12,-1.0178363612655488e-11,1.2691873639165347e-12,-2.353775732443571e-11,-5.382578218680015e-12,8.096700841339238e-12,2.936517712518711e-12,-1.54346749867724e-12,-4.9176848488697015e-11,-7.654518825806135e-11,-8.93197404368788e-12,1.2215614313121399e-11,5.293443626599285e-12,-3.993415400125682e-11,-5.720943246662052e-12,7.323665245944522e-12,5.5857705272085205e-11,-1.23291516092782e-11,-4.5925253516589674e-12,-6.078335868769271e-11,3.5207610140583724e-11,-5.859802838669483e-11,-2.1835344288326336e-11,1.2536236293343094e-11,-2.6565370380063314e-11,-5.771633828016755e-11
-9.261903690569433e-11,-6.806002196100695e-11,5.3722912200247887e-11,-1.3870514835811584e-11,9.52752054485117e-11,4.739872878287779e-12,8.328494548875246e-11,-3.9181808547613396e-11,-4.7720339636972085e-11,-8.26302283647384e-11,1.9377989173483014e-11,1.0898826394159845e-10,-5.503974942407951e-12,-3.6509169283810654e-12,3.5289942661904046e-11,5.3135469876291856e-11,7.665880794000248e-11,6.74452279972405e-12,3.540641310317555e-12,-1.0960895966264953e-12,9.18380415183629e-12,-1.4054191987628927e-11,-6.272729774478296e-12,-6.906806553029647e-12,-9.86799088256285e-12,6.0013011508862975e-12,1.512961148340994e-11,-1.3937375239100565e-11,-2.5606725014099987e-11,-6.966590545142857e-12,7.269229759729434e-11,1.082940126393189e-11,1.980555379491494e-11,7.70853146969611e-12,-1.4122360922605893e-11,8.808069173583366e-11,-6.472071515639805e-11,4.7529747675544356e-11,-1.666024837871037e-11,5.328792594575894e-11,-1.9156388500008725e-11,1.3264140387089748e-11,3.3230245796251855e-11,4.443800959468075e-11,1.0423608184991509e-12,-1.068650472911681e-10,3.499487152129669e-11,-7.102878317169234e-11
-6.767169005516318e-12,-2.129602196424841e-11,-3.303274184727153e-11,2.458945851284571e-11,-1.8185467644433352e-11,-2.0633746579684533e-11,-1.521099286836825e-11,-5.843446609477738e-11,5.176730923170009e-12,7.933506459281737e-12,2.14052868149449e-13,9.088983896044948e-12,-8.14682579389384e-12,1.932313262950377e-11,-7.79679019867226e-12,-4.862131419182006e-12,9.603452324645076e-12,-2.032154522660398e-11,-4.77230737825523e-12,-1.7393042117154316e-11,4.1205178592714693e-13,3.8250468772541374e-11,3.0068782279181826e-11,1.5031523109456926e-11,-4.182476800855246e-12,-3.572365460591585e-11,-3.310003545965745e-11,6.366961921522339e-12,-9.413044059191242e-12,-2.0111711312970458e-11,1.9674900029870913e-11,2.6466312327498056e-11,-8.61462060115089e-12,-5.531853765410438e-12,4.5704211749650614e-12,9.476951709339425e-14,-3.837385542802228e-12,-3.856220981133346e-12,-1.7380159374979413e-12,-7.67590919749545e-12,-3.6775736469857266e-11,-1.474983199299634e-11,1.1705827826392344e-11,2.5790369277505154e-12,-2.1767698412134218e-11,-6.782141526220849e-12,1.784216970518615e-11,4.084214187757452e-11
1.8696576340951074e-11,8.847830312111488e-12,-2.1483333811525387e-11,-3.556237594695405e-11,-1.635394221839828e-11,-1.635905626202078e-11,-5.600687014440214e-12,2.0484396162696088e-11,-4.2021329720338383e-11,-3.445641136087807e-11,-2.0156836115352198e-11,-1.2280172053717924e-11,-1.8952599841216725e-11,3.877073364861889e-11,-2.2215298450237026e-11,-4.5063783590278764e-11,-1.3180667733628487e-11,-1.2471464891434715e-11,-1.597717580194243e-11,-2.3791467719106547e-11,-1.054360828826119e-12,-2.121881568628603e-12,2.563285210827777e-11,-1.1751259153682178e-11,7.759395801482732e-12,2.7567222425713097e-13,4.9392928124036275e-12,-1.8691175949658786e-11,6.005143452240802e-12,3.786688645449833e-11,2.332039003006735e-12,-5.337573995202233e-12,1.6309830628225182e-11,-1.87830439909055e-11,2.3364363764972348e-11,-6.2211561050151766e-12,-3.808522660910088e-12,1.0260048460791674e-12,2.73418240630748e-12,-3.1593476939647e-11,-3.2771316415648116e-11,-2.144528926944964e-11,-1.4323738380393175e-11,-4.582312348653893e-11,4.709217517340949e-11,1.945943569364143e-11,6.28607935370406e-11,-3.095702023731925e-11
-2.2888944587785708e-11,-4.997316903181224e-11,5.968453440956972e-11,8.646005990403875e-11,3.88855161822444e-12,3.646314093198464e-11,7.194764175695186e-12,-2.5916408249353926e-11,4.325206461130109e-11,1.5933473634477905e-11,6.347079632827324e-11,-6.954839487093887e-12,-1.3751665053374565e-11,-1.3425652926831696e-11,2.105020208194338e-11,-5.560945264845917e-13,-1.149400003520269e-11,-7.04334627267717e-11,1.0928088258498379e-11,3.5342214711377546e-11,2.213913715508378e-11,-5.175792751336232e-11,6.184010643602907e-11,4.778719348513636e-11,1.4493657157063216e-11,-3.412463393265631e-11,-2.438602128300168e-11,-7.713459300650079e-11,5.958687505366603e-11,-1.0076158144597024e-10,3.0313864867302256e-11,-1.1308137255025772e-11,3.4194647251093326e-11,9.171704268500435e-11,-5.259215232807053e-11,-5.164534796239022e-11,-1.1582329852378666e-11,-3.8014139175067114e-11,-4.6161588027293546e-11,3.100587707373455e-11,5.518160418397312e-12,4.901913688073756e-12,-1.1582804725429876e-10,5.56202756063177e-11,-3.6190763636143005e-11,-1.3305018514691296e-10,2.1955695360434408e-10,8.615378963645395e-11
-1.105578134583986e-10,1.4721468139821676e-11,1.3506036804940217e-11,-3.049331354228011e-11,-1.2447593238209225e-11,-2.4888920830763178e-11,1.2391780092635967e-10,7.327539549100964e-11,-3.92934401945191e-12,-3.35248731911437e-11,-1.777798877206773e-11,-5.47996196224237e-13,-4.600356438796183e-12,-7.403267250921025e-11,-2.344649907190261e-11,-1.2412275976775941e-11,-1.0605290383953332e-11,8.660346489729803e-12,5.47482462316359e-11,2.140563538829962e-11,-2.6417416640036155e-11,-4.161914363398306e-11,-3.7328184030765324e-12,-9.772711483369919e-12,5.060097971143332e-13,-2.26924400926993e-11,-5.589851133173327e-12,7.963846748704813e-12,2.9101683961823997e-12,-1.0668346943961394e-12,-4.90821256083825e-11,-7.642523302139734e-11,-8.97654014565403e-12,1.2301864824981427e-11,5.271295122243051e-12,-3.9868024580483634e-11,-5.4665312634563255e-12,7.332638160268773e-12,5.6254467800661816e-11,-1.2304569805625368e-11,-4.379520157403038e-12,-6.042117135727653e-11,3.5927802677409207e-11,-5.77994547693453e-11,-2.149553502147399e-11,1.3590498016638257e-11,-2.5101783548981162e-11,-5.3581622814241656e-11
-9.468441429395974e-11,-9.897762781539767e-11,8.441409778764592e-11,-1.3258289054740599e-11,7.77776616525443e-11,1.6224713312255534e-11,9.256931315998471e-11,-5.089178793575583e-11,-4.0952174699991195e-11,-7.177172581606311e-11,1.7763138616922384e-11,1.017828770796176e-10,-3.5991371896193544e-11,2.0813117607125462e-13,4.2419363044741044e-11,4.774212880416222e-11,7.96784960285401e-11,1.4231254362703526e-11,6.5879237212462045e-12,1.0586886412359206e-11,1.0162388397991771e-11,-1.9839730462393686e-11,1.920446119827822e-12,-6.153411806884691e-12,-1.6224690253664286e-12,4.365695808632876e-12,1.729997024734663e-11,-1.4779047684141974e-11,-3.121129422902534e-11,-1.5301127936547027e-11,6.867566156519045e-11,1.3381067171810852e-11,2.395153571357892e-11,3.4587338231876916e-12,-8.198113956069218e-12,8.555052193434774e-11,-6.621099386851095e-11,4.78326309132417e-11,-1.7053242815125715e-11,5.3721896900364666e-11,-2.0736476189615965e-11,1.2527227966007619e-11,3.347188010480893e-11,4.5175302373594594e-11,1.7929501380747563e-12,-1.0792855024007786e-10,3.395568031506114e-11,-7.352590581502067e-11
-1.335382706389277e-12,-2.3389465544963206e-11,-4.062792970621453e-11,1.6778132938255634e-11,-1.7886820260526552e-11,-1.6836245109444242e-11,-1.480320063709836e-11,-5.5660258689812775e-11,8.707485959766598e-12,4.50142972938613e-12,2.81903200630002e-12,1.2277767912725717e-11,-9.994663659560684e-12,1.6908409864678314e-11,-6.272686598428097e-12,-7.35239687370336e-12,1.1707496939095742e-11,-2.2606675193378532e-11,-2.117304820772333e-12,-2.16962220338421e-11,1.1457538897573802e-12,3.914530267842274e-11,2.918282488260103e-11,1.4918557365001364e-11,-4.396894319310547e-12,-3.591502592732762e-11,-3.310651793518512e-11,6.598275389093281e-12,-9.443020056817933e-12,-2.026118695600983e-11,1.948898034397423e-11,2.6554972052628412e-11,-8.806733676823822e-12,-5.449683481009691e-12,4.530588883808346e-12,-2.7333514641473064e-13,-3.836734112114196e-12,-3.8145292714314345e-12,-1.7910342713974793e-12,-7.64709888991678e-12,-3.6791981841677343e-11,-1.4675517603911884e-11,1.168489837476427e-11,2.7215354016988172e-12,-2.152901211292276e-11,-6.7425467435021165e-12,1.752264363741391e-11,4.185885838669822e-11
-1.3624361946514657e-11,-1.4033263645120956e-12,3.8183972131096795e-11,4.07435346104356e-12,-5.67967844235075e-11,-4.059331654659735e-11,1.0230017485946612e-11,-7.309285896035687e-11,-5.009910978436137e-11,3.117357347615196e-11,-4.48916660366778e-12,6.253678255883761e-11,5.8609408492957574e-12,4.720426219413816e-11,6.676944319467282e-12,3.845942472273793e-11,-1.3385954107710615e-11,2.0226162726428714e-11,2.4402099949680472e-11,2.19730975774745e-11,2.6089478936530316e-11,-2.2756033230907053e-11,6.928059816635356e-13,2.1654054660407357e-12,1.0652093453081023e-11,1.1078016141727797e-11,3.972145676865793e-11,-1.6664315151602952e-11,2.3388318635792362e-11,-9.879277153257933e-12,-3.6202628810204385e-11,-1.6170837912154472e-11,-2.0718894309506853e-12,1.195546823042878e-11,2.9059589922021968e-11,-3.6155073498274128e-12,3.097089504679287e-11,-1.4089669608865972e-11,3.132434374535141e-11,-1.9051714109096927e-11,-9.968480349296202e-12,-2.3515702768062745e-11,-2.849781395729539e-11,-1.0005956648799643e-11,2.5371948133021527e-11,-3.1830360189925595e-11,-5.166739254081186e-11,-1.1191882425236883e-11
-1.824090380122578e-11,-1.2017043434962118e-11,-1.1102655596584438e-11,-2.1347997137707784e-11,2.722174866346221e-11,-8.60086507185248e-12,-4.287412902940868e-11,6.615443818729733e-11,2.8250677658019795e-11,1.142451211675409e-11,-3.987941321217276e-11,-1.860566555921202e-11,2.2506914627193215e-11,-2.4373828580433484e-11,-1.3468612265723818e-11,1.3791033997031142e-12,-6.864192789733567e-12,4.419129752886723e-12,4.311214264469536e-12,-1.484034455625635e-11,-9.775156006718155e-12,-3.842633620793352e-11,-2.8084652432051668e-11,-1.3445791633326774e-11,1.007732228377455e-11,-9.959462316409398e-12,-2.418403277994031e-11,8.006823690940794e-12,1.648423853433381e-11,-4.0347100723635295e-11,-2.8766593512873786e-11,2.598670011661994e-11,-6.273409309798177e-13,1.0213394743263468e-11,2.6380110440920227e-11,8.979422342180195e-12,1.2470176196362313e-11,3.162292545350823e-11,2.3379207394805185e-11,-2.1688428412458885e-12,7.628127985451333e-12,-2.28284512839905e-11,-5.571738318892307e-11,-2.4165307564165522e-11,-1.2596317727233294e-11,3.245227444359294e-11,2.3613706535092156e-12,-1.1851800835631866e-10
-3.2584656126480153e-11,-7.708876860698888e-11,2.5578799806951186e-11,-5.06651940268086e-11,4.440710209962232e-11,-1.017689685856974e-11,-5.455506790035088e-11,-3.4181293641358374e-11,8.329918451934866e-11,-1.1220358231606059e-10,9.124959352145181e-11,2.057815903189779e-11,-8.714226959471739e-12,-3.284912136009769e-11,-5.270726000391605e-11,-9.327803021665654e-12,2.198670229126065e-11,-8.233583312904592e-12,1.1713718765897801e-11,4.690230432529137e-11,-2.627097246554596e-11,-4.608391332738043e-11,-5.064654144306816e-12,-3.843259672739943e-11,-2.6179452992133216e-11,-4.962797996153049e-11,-1.1450263265686093e-11,7.467586524666252e-12,4.4162581819370906e-11,1.0612528425220304e-11,2.8529929289955464e-11,1.8796355435679504e-11,8.574902788977008e-12,-4.7032499788950035e-14,2.6431712437317933e-11,-2.6812607586111307e-11,-5.51544178289105e-11,-5.8142794658880225e-11,1.6152805073490132e-11,3.9706133045695165e-11,-5.193946404120065e-12,-3.736280784118549e-11,-8.89639454514057e-11,-3.805074898191006e-11,-1.6817143294961335e-11,-8.256477220944974e-11,4.4599141916300155e-11,2.6435243629560954e-10
-3.39355100025479e-11,-1.3734359739703295e-11,-9.804865122142355e-12,6.031889767700327e-12,-4.136097919751553e-12,-2.9805810531206035e-11,-1.5314919201238964e-11,2.398148071967648e-11,2.032301896476604e-11,3.476124465958624e-11,-2.2748452484485324e-11,-1.3760868898673498e-11,-2.7569216773303865e-11,-4.656137148953118e-11,-5.203905659010807e-12,4.031954412085139e-11,3.0496403289659247e-11,1.0340565839088731e-12,6.723168423751757e-12,-1.756325201572063e-11,1.0101967464535093e-11,1.7291698729410417e-11,3.064733296066247e-12,-1.9139421496347536e-11,5.6903764212542776e-12,-3.79542407351642e-11,-3.460645437779714e-11,-3.507344010637945e-11,5.951599317312275e-11,-2.132343029021647e-11,-4.352171732327429e-11,2.1544445657236803e-11,-2.8715318795371647e-12,2.5112282395096176e-11,4.9489560007430405e-12,-2.3551719655873455e-11,1.2407038743593685e-11,-4.770299402666204e-11,-5.4345592758955777e-11,-2.6991677115110474e-11,1.0211571059486757e-11,5.72035644939981e-11,8.988357591210939e-12,-1.9964662024849676e-11,1.2201123138661468e-12,-2.8358271729210637e-12,3.0377612199607316e-11,-5.281831545958159e-11
8.115839200655013e-12,3.2696847690262775e-12,-2.660306347815251e-11,-2.8440952753896056e-11,-2.308093381869758e-11,5.07285732503531e-12,-8.48021540511843e-12,-4.573735946630222e-12,4.6811868100901394e-11,2.2389681771588595e-11,3.277881777516781e-11,2.5320700099950792e-11,-1.5429495057853417e-11,2.456620346847817e-11,8.175617122866597e-13,-4.07270341243925e-11,-2.801029894518781e-11,-2.973601349390981e-11,-1.4213697226963877e-11,-1.294626901279509e-11,3.195083038069369e-12,-9.134694324900257e-12,-3.5801481944814238e-12,-7.524929880143815e-12,2.060702574662508e-12,5.658060583312488e-12,-1.2594495980202459e-11,1.6747970031410476e-11,3.623910494711792e-11,2.439106168774479e-11,-6.8719787458932426e-12,-3.154869011700878e-11,-4.13101503443449e-11,2.6271562300078896e-11,6.360883864716067e-12,3.333628790099883e-11,-8.709121182932916e-12,5.229936277974823e-13,2.3070931527217834e-11,-3.559012625496019e-12,-2.4618933061091287e-12,-3.1689381774359224e-11,-3.968979515109102e-11,1.8937151839728995e-11,1.125595612299152e-11,-1.6648125068552534e-11,-1.5157836403326928e-11,1.636328444418332e-10
4.232526512005119e-12,-1.3938771341571869e-11,2.9821986567356445e-11,1.1388923406639612e-11,-6.209815201420819e-11,-4.22359211880618e-11,1.170545792700448e-11,-6.794145096326163e-11,-5.196508539907524e-11,3.4207128653970136e-11,-8.329286927578464e-12,6.780678712223796e-11,8.841704505544603e-12,4.6595517868640976e-11,9.710646092342325e-12,4.6491946980163335e-11,-1.1755482258043853e-11,1.494876800519195e-11,2.757387444682592e-11,2.3072282659849607e-11,3.198843600409482e-11,-2.238820980476248e-11,2.507371611267684e-12,2.3531521278261166e-12,1.3254319178728916e-11,1.3762839656604445e-11,4.167991473546586e-11,-1.4913264672794544e-11,2.4634044436020166e-11,-7.832974550445981e-12,-3.6426601757656754e-11,-1.3118295700058832e-11,-2.0534014271923692e-12,1.2555642222642043e-11,2.9363761916579846e-11,-2.6738309316466824e-12,3.2942954557298156e-11,-1.1466387273829735e-11,3.354301326215922e-11,-1.8710794165581466e-11,-9.397866642485194e-12,-2.1543609224876378e-11,-2.648366796008418e-11,-8.259610223046323e-12,2.8820057497157188e-11,-2.7597901227584968e-11,-4.3958623665856304e-11,2.1392738238443376e-12
-3.591964664979271e-11,-2.3122370954995073e-11,-6.215811095050269e-12,-3.173526582336313e-11,2.2895763053778475e-11,-8.21778959997253e-12,-3.9618017982855364e-11,5.9793184435495e-11,1.550054579171734e-11,1.2748573048607674e-11,-4.0436781268687916e-11,-2.8085354326457466e-11,2.8057201336946136e-11,-2.16272411974251e-11,-1.4253968236513343e-11,5.6038866651718955e-12,-7.463654549593832e-12,3.980294400047315e-12,1.9894741090759617e-12,-1.6213798877034685e-11,-1.2770728353153098e-11,-3.9310384746972185e-11,-2.9462321998595826e-11,-1.3539357742310075e-11,8.94539713673012e-12,-6.953637903611753e-12,-2.4342171399219193e-11,1.0674431402474943e-11,1.5147267391978923e-11,-4.197540861680423e-11,-2.8769441673897474e-11,2.612190946470409e-11,-1.2079260277053936e-12,1.0214194386958988e-11,2.4348249334953263e-11,9.218047213367562e-12,1.2614610005449215e-11,3.0794169591625476e-11,2.3215373925198464e-11,-3.4916482474718264e-12,7.788428618110721e-12,-2.389823011967141e-11,-5.5938326619977613e-11,-2.455201431442619e-11,-1.2918893005257676e-11,3.032851750163856e-11,-3.009756788500049e-13,-1.2288612540323044e-10
-8.106812702564441e-12,-4.2651867064722516e-11,2.518525087761099e-11,-4.959787578221623e-11,5.5857442588217955e-11,-1.3026398577282438e-12,-3.678060280316983e-11,-1.840770055132703e-11,8.224293263653016e-11,-1.1198527927839106e-10,1.1319743396942651e-10,3.019678918881016e-11,-5.1731164086701405e-12,-3.5133293595321105e-11,-5.2476381051550756e-11,-1.922375399082194e-11,2.9332965292315e-11,-8.34594753580251e-12,1.0608022138876886e-11,4.47744246785294e-11,-2.375072695733629e-11,-4.6502583831683544e-11,-4.15089800491722e-12,-3.4602542271703786e-11,-2.1078134536044342e-11,-5.0275989069674946e-11,-1.0655819968988239e-11,1.0830265131286573e-11,5.1334239728382616e-11,1.1285736467134626e-11,2.791228720242741e-11,2.0486298776853694e-11,1.1819536380315139e-11,-7.41400744147217e-13,2.4114106249146732e-11,-2.5047803053749836e-11,-5.7716619717468e-11,-5.570781165552661e-11,2.0367372157294495e-11,4.253814975378441e-11,-5.247617981585493e-12,-3.7023418758524396e-11,-9.050226319714208e-11,-3.6902666206202734e-11,-1.6384810579223767e-11,-8.142463016489147e-11,4.671192418904707e-11,2.7461137755484066e-10
-3.750780036984731e-11,5.616639480458658e-12,-1.7897816111328358e-11,1.2636073671078264e-11,-5.748051740663742e-12,-2.4950940309269178e-11,-1.1214369002243491e-11,2.7180167228847633e-11,1.7358405216447022e-11,3.783142550049084e-11,-2.5649059566225214e-11,-1.484221959805694e-11,-2.060917381805981e-11,-4.776515324671973e-11,-2.407934849957054e-12,3.8043982297484434e-11,3.247911213562494e-11,2.122024093773611e-12,6.678297186455708e-12,-1.6849037397114357e-11,1.0214471648048522e-11,1.8384342080034052e-11,4.055289884057105e-12,-1.9220128566012043e-11,5.9682900364914595e-12,-3.7914923908713944e-11,-3.417758826854318e-11,-3.48451033157079e-11,5.975050079101536e-11,-2.118730842057986e-11,-4.343562933971668e-11,2.158585702696938e-11,-2.7236310360493825e-12,2.5145019625305312e-11,5.03020408557617e-12,-2.3597004029648974e-11,1.25529338322914e-11,-4.761795259772732e-11,-5.423530212246429e-11,-2.684384134857827e-11,1.0259853859602625e-11,5.713835017334052e-11,9.045841118336767e-12,-1.9772180722132195e-11,1.220934150208981e-12,-2.791748319892842e-12,3.047887214904292e-11,-5.1426338470883385e-11
6.151363463964944e-13,1.4594900421154433e-11,-3.1601649158077254e-11,-1.588042589694171e-11,-1.7896027345030593e-11,5.849406299929129e-12,-1.73384009236779e-12,-1.1088059410310518e-12,4.9698813203380746e-11,2.2642036479267963e-11,3.6163895170731094e-11,2.6725190350262764e-11,-1.281919724047535e-11,2.545713500732724e-11,-6.413255624151663e-13,-3.9722993915052715e-11,-2.798990405672681e-11,-3.0449252006127706e-11,-1.5312858559258704e-11,-1.414852743476413e-11,4.1925282433933306e-12,-9.896934449040044e-12,-3.0935674415686464e-12,-7.994399201966733e-12,2.8024471162168836e-12,5.9630799185420915e-12,-1.2405183195842537e-11,1.6825351295307553e-11,3.639887794383644e-11,2.4891602332845134e-11,-6.626000287411066e-12,-3.17311294676343e-11,-4.126668302530422e-11,2.5717985656728844e-11,6.974096264814229e-12,3.4219768060280316e-11,-9.056237201510349e-12,1.5667492248974095e-12,2.324555469010134e-11,-3.2756869445024874e-12,-2.6327528807204436e-12,-3.114057486821712e-11,-3.9869911250301235e-11,1.9032852625862096e-11,1.0548243026780543e-11,-1.6123270896193253e-11,-1.504040335111986e-11,1.6292712900522064e-10
-2.61792789377555e-11,1.81936743554095e-11,4.108944152939152e-11,-1.494848478225528e-11,-4.2087433259546844e-11,-3.047499445808662e-11,3.980416557433278e-11,-1.7347996542454952e-11,4.56210424249247e-13,-2.2123536143637502e-12,-1.5574883110030743e-11,-6.38839916001076e-11,-6.802274728881008e-11,5.767373165082955e-11,-1.0410192539893859e-11,3.57421737334138e-11,-2.207231901126841e-11,-4.3400019663142764e-12,-9.68076758061538e-12,1.4467519712737812e-11,-1.879762030054291e-11,1.731990975072648e-11,-1.7986399239777442e-11,4.65521092239127e-11,6.190826937062503e-12,-1.400431779819067e-12,1.9748281666578533e-11,-9.153724145268168e-12,-1.1600809178102507e-12,3.061624439481288e-12,-2.033839769817273e-11,-1.4463325038399526e-11,1.2656935881519971e-11,-5.53456088130551e-12,3.351523091917574e-11,9.789080635176298e-12,2.6345762456223474e-11,-5.7499481574378604e-11,-1.3313996475350756e-11,7.410712949161041e-12,7.787471621643123e-12,2.4210622307828024e-11,-8.881967890966167e-11,2.4856977142086247e-11,7.381122580306595e-12,-5.413670296289613e-11,-2.7369548664550425e-11,-6.788698275118791e-12
-4.6719237081066154e-12,6.43155845956271e-11,-1.8923020124526725e-12,3.676563229150044e-11,-4.9244266847745754e-11,7.00899438992344e-12,1.983810393150074e-11,-1.0772709426551999e-11,6.502819980766472e-11,-1.2806950624535736e-11,5.271684750048206e-12,1.8610142100586312e-11,-5.02713337835848e-12,2.6333447887733853e-11,-1.9897824422903528e-11,-2.572628450876648e-11,-2.9688037250906195e-11,-4.4354833196268994e-11,-1.3620603936677195e-11,-6.3995099037928614e-12,1.004971649768415e-11,-4.460708178539313e-11,2.6991450287307225e-12,-2.856146643602394e-12,-1.4122778780962196e-11,-3.2959672595779895e-12,-4.5809460117118745e-12,-8.03179375395536e-12,-5.486215844781411e-12,1.593962636154792e-11,2.2935176923372348e-11,3.885356945522386e-11,4.1078542240451523e-11,1.8586997556903072e-11,-2.922823260842437e-11,-1.423036416021167e-11,9.91807482975847e-12,2.1124470291241255e-11,-1.121733755313841e-11,-3.3569824950777806e-11,1.2989105234022938e-11,8.5728948351176e-12,2.209891031419662e-11,5.742289041087663e-11,-3.079049301572443e-11,-7.251993829566727e-11,4.623525452930098e-11,-1.1150367620969693e-10
1.3067326169124278e-11,4.0007433989075e-11,-1.8443308164244788e-11,-1.9081410588986572e-11,-2.3169531437487606e-11,-2.7122172480017747e-12,9.246005991207314e-12,-2.087536589192164e-11,1.0283298925594652e-11,-3.4630420476261832e-12,3.2347313292555804e-12,2.8749993955429603e-11,-3.3167222584200226e-12,2.5352140456905745e-11,-6.975526768679514e-13,-1.6924967737276542e-11,9.611526732807039e-12,-1.4965490782892175e-11,1.1248927822904142e-13,-2.5737261838044187e-12,7.636705822206979e-12,4.683923734836748e-11,1.8477913649514787e-12,-1.3109063341513304e-11,-1.6331191954518618e-11,8.010949595081951e-12,-1.3982202035594581e-11,2.8016917502932153e-11,6.2714122025532964e-12,1.2547005808935198e-11,-3.3880194617667226e-12,-2.1038153567560367e-11,-1.7258656457453394e-11,1.7566410427193436e-11,-6.21671679055244e-12,6.693817574420515e-12,1.397722942047723e-11,-4.0030736110407014e-12,-1.554972670977656e-11,-1.449223733207397e-11,9.715932315788069e-12,4.564340366284187e-11,1.3358353486110323e-11,3.473248185752767e-11,-2.1058460966384197e-11,5.883812168026329e-12,-9.159087622149354e-12,-1.2848188544200276e-12
-5.7560090298533573e-11,5.917541597064698e-11,-1.2104749933918329e-11,-5.795535115648538e-11,-5.185369679945403e-12,-1.501867658216537e-11,2.2275135385147597e-11,3.919295129591544e-11,6.243586079968602e-11,1.2912461982783001e-11,1.1781047802142581e-11,-3.343807086042645e-11,5.398962851767486e-11,-2.6009392947178286e-12,-2.2737129057631616e-11,-3.2596156904179915e-11,3.452990158229673e-11,-9.926993292780986e-13,-3.515666187719237e-11,-9.188866153229194e-12,3.7383157238627245e-11,-2.929504729206237e-11,2.379783327023452e-12,-1.6680076483519137e-11,-2.2419395068015612e-11,-1.4416171739273992e-12,-1.4928155397510117e-11,-2.4578370433381688e-11,-1.1651991288689375e-11,1.5060474290444193e-11,1.6351245385050577e-11,-1.6915651362361167e-11,-2.187502226561521e-11,-1.866292927821722e-11,7.545668855498586e-12,3.435735760787114e-12,3.268400671136918e-11,-2.561853502426449e-11,2.434338615144418e-11,-5.724000697524e-12,-2.846278279019662e-11,1.6673386856783166e-11,6.82259586497588e-12,-4.90871680454489e-12,-2.508555825033971e-11,-3.063598455432169e-11,9.415339548804723e-11,5.004762704182029e-11
-5.62451610618972e-12,5.0358362228065494e-11,-4.084423468590761e-11,1.1002811068021892e-11,1.7597215243021012e-11,3.9759793881778026e-11,8.115795341683618e-11,3.885396845346933e-11,2.6431647673765328e-11,3.842322875497113e-11,-4.951321237032622e-11,-6.834736756246306e-11,-5.052998499546578e-11,5.7536189701774955e-12,-1.0237665094923809e-11,-2.1013957787577738e-11,9.672792784089185e-12,-2.1420312214803058e-11,-2.923928067528193e-11,1.1696910962548648e-11,-8.183436772045299e-13,1.20545786552375e-11,-5.832908324282554e-12,-2.3809398846610886e-11,-3.4201746072836357e-11,1.3057693995524647e-11,-3.349105909804709e-11,-3.967773395757308e-12,1.3762970841694249e-11,1.9450016682966178e-11,2.2383416097605482e-11,1.5644105007993804e-11,-4.471389881482591e-11,5.325137947219e-11,-8.293171164525248e-12,2.1722497439542126e-11,-3.4272182037590752e-12,-2.3893196893046818e-11,-2.0913824395319456e-11,-2.282986226305942e-11,-1.8516884314056903e-11,-3.764502651523045e-11,3.323932270379051e-11,-2.9401895654007035e-11,8.741574150467672e-12,-3.775773896479025e-12,9.524682205269967e-11,8.212655483015712e-11
-1.3812018709431697e-11,4.0954350621395294e-11,7.79775754349687e-11,-1.1280112762567514e-12,-3.2806087842013975e-11,-3.263877993660527e-11,4.50806592823205e-11,-1.3525553504695844e-11,2.7055158940672482e-12,4.139244561582842e-12,-2.40647856374156e-11,-6.284343585339471e-11,-6.04186851548836e-11,5.98072599041143e-11,-8.438934124691925e-12,3.972035352103766e-11,-2.4813223264748243e-11,-2.2741758827977355e-12,-6.8491746155428936e-12,1.6820538736957332e-11,-1.6614297158658266e-11,2.001046881569439e-11,-1.6163682446597047e-11,4.9341557213313564e-11,9.158687435439893e-12,8.6374523946599e-13,2.204017784129052e-11,-6.969136833808869e-12,1.2789763795661317e-12,4.554117387663021e-12,-1.9164708292813812e-11,-1.2617802839426818e-11,1.4150793204280529e-11,-2.755319029439655e-12,3.566184258169219e-11,1.2935633958301492e-11,2.9543129065468327e-11,-5.435403749805167e-11,-1.0368484063093795e-11,1.0453156954777411e-11,1.106468772647556e-11,2.7621170188207675e-11,-8.49173067519115e-11,2.969890537947481e-11,1.3359035559313345e-11,-4.5894168893441946e-11,-1.454965979673191e-11,2.0233804387818638e-11
9.861125550479042e-12,3.6465000031431035e-11,6.305290553179554e-12,4.661407978123585e-11,-4.644915748301688e-11,4.437511499798259e-12,2.1738105688545008e-11,-9.431154856589377e-12,6.003378778445254e-11,-9.495394382635295e-12,1.3322933621638825e-13,2.0167023354182634e-11,-2.9536888136204632e-12,2.735981918154306e-11,-1.7599097727466428e-11,-2.7866974198417233e-11,-2.873550360638771e-11,-4.556809202995825e-11,-1.3508502333646728e-11,-4.797603715873565e-12,9.547218455696284e-12,-4.609452810484464e-11,1.5271329789626607e-12,-4.4864887211037324e-12,-1.5341220584011855e-11,-3.916076238308128e-12,-5.718482593078587e-12,-8.945792569823307e-12,-6.034547835208291e-12,1.5287965383105374e-11,2.232345162719484e-11,3.765362362610242e-11,4.057138613567337e-11,1.8119987128856344e-11,-2.988729364161711e-11,-1.472581434317397e-11,9.302065453004858e-12,2.0259319037967798e-11,-1.1949897453832822e-11,-3.4477092929795665e-11,1.2285413162744975e-11,7.547887715714694e-12,2.0795643113158072e-11,5.5880771887312395e-11,-3.279722495782099e-11,-7.497435554721043e-11,4.192570061247444e-11,-1.2072504955106313e-10
4.537712129730138e-12,3.10711826182123e-11,-1.734590021381689e-11,-1.4440703773574358e-11,-1.625330176639364e-11,-2.1651764390486145e-11,1.7088353501748552e-11,-1.84014688375779e-11,1.1833514381490972e-11,1.1199262711521571e-11,-5.0282482184643736e-12,2.61481774398786e-11,-9.091586035497264e-12,2.2047925410033457e-11,5.9770837345710305e-12,-1.9054764482509287e-11,1.1696041229483704e-11,-1.4936832452949675e-11,5.221403255704629e-12,-6.669391350336757e-12,4.241946982134179e-12,4.5478562517157744e-11,1.6559222600456424e-12,-1.742823006406306e-11,-1.682531191530099e-11,7.027171678410516e-12,-1.195094935337687e-11,2.697601199315892e-11,3.5281694241508183e-12,1.0991519594967387e-11,-1.0948093464487616e-12,-2.180953943240757e-11,-1.6358511065815578e-11,1.6477530097433446e-11,-6.249889634208756e-12,7.64086358729821e-12,1.3820124134437763e-11,-4.211358155495933e-12,-1.6073106467733658e-11,-1.4554785785301502e-11,9.938024234848035e-12,4.55072227703075e-11,1.3132949754699353e-11,3.420768937645078e-11,-2.1415646300881735e-11,5.4916390606210504e-12,-1.0725603424222196e-11,-2.6486192460883675e-12
-4.273229604374489e-11,6.264814453891556e-11,-1.1839389080554203e-11,-7.228546263760826e-11,-1.1095817148581742e-11,-1.1166321027468414e-11,1.3513440201421725e-11,3.8521562091687345e-11,6.091971444658733e-11,1.685960583720877e-11,1.2328978782576949e-11,-3.4402791382229454e-11,5.565724985166006e-11,-3.69261243064966e-13,-2.07516374244105e-11,-3.116306532681807e-11,3.837237240284453e-11,2.3346510779485513e-13,-3.190440392812561e-11,-8.67271829329308e-12,3.912771168938277e-11,-2.8551108735446917e-11,3.5276156738483354e-12,-1.619057640232629e-11,-2.4658964957799286e-11,-1.2180475187525096e-12,-1.3695349444333965e-11,-2.4385449939219137e-11,-1.1875258940807825e-11,1.4403299199514475e-11,1.8206264389207222e-11,-1.6213139974353502e-11,-2.1661406281192424e-11,-1.8455422336587737e-11,7.90836641925722e-12,2.983825590195383e-12,3.248833079828138e-11,-2.49770744339857e-11,2.6144741935145654e-11,-5.566462789612576e-12,-2.8624592031186523e-11,1.6921703719636317e-11,7.317236674381076e-12,-3.985081348918605e-12,-2.435634394899192e-11,-2.94524079021159e-11,9.546418766976692e-11,5.2301390349340575e-11
-2.159950233000648e-11,5.063692974760934e-11,-4.115156784045542e-11,1.542224144038155e-11,1.4351072045917257e-11,3.4495296537635444e-11,8.892663036123288e-11,4.9609475179077343e-11,1.5189595811102038e-11,3.9897727328310117e-11,-5.898955442484696e-11,-6.847425431401223e-11,-5.868761903662353e-11,9.418847671416052e-12,-5.5719568250911775e-12,-2.0774785113082898e-11,6.240341926699155e-12,-2.112544828426677e-11,-2.79994970309099e-11,1.1231725279468413e-11,-1.8201423718049823e-12,1.2667319772843889e-11,-6.616322709402931e-12,-2.3951316032505612e-11,-3.391192975510381e-11,1.229225711396792e-11,-3.349717216119381e-11,-3.781399294227067e-12,1.3299392940846935e-11,1.9880306096919284e-11,2.22689289490278e-11,1.571154835288491e-11,-4.4457767966740785e-11,5.3484203111987836e-11,-8.128491305186398e-12,2.1928451562020917e-11,-3.291682845874515e-12,-2.3647379613490524e-11,-2.074740457563175e-11,-2.24861499553183e-11,-1.8054992138232625e-11,-3.720651293124591e-11,3.341732013353087e-11,-2.918929981275487e-11,9.187866873548552e-12,-3.423959713025158e-12,9.581400709271362e-11,8.366768498664008e-11
-1.6535321939416933e-10,-5.224277121636363e-12,1.912758299761608e-11,3.272986273799198e-11,-5.86049461149884e-11,-3.38493890789753e-11,2.984899079982221e-11,3.519467600212952e-11,6.59246543252756e-11,-1.1539547153489841e-11,-1.166528058259015e-11,1.7181314605892316e-11,4.128592614740654e-12,4.6276336846847574e-11,1.9123982763187386e-11,5.099675012265297e-11,6.583984863460328e-14,1.064628467859456e-11,-3.7200085665779486e-11,2.1057520060539225e-11,3.0203924760207966e-12,-1.0980204520700258e-12,-2.001933534951567e-11,1.245029712533776e-11,2.6090915582184322e-11,3.7061910436613324e-11,1.7139881776991485e-11,-4.006913975563602e-11,-8.593977113693325e-12,6.0427986405555225e-12,2.116053860442387e-12,3.5516325026356225e-11,-6.685941870151919e-12,3.0008267845816445e-11,1.5581259459633255e-12,1.3589669687805054e-11,-2.8409459126562546e-11,3.192348092791897e-12,8.320019088050566e-13,-2.5168990942076078e-11,4.445144435684005e-11,4.030182154195959e-12,8.62081833583337e-12,-2.0881539163532505e-11,-1.1569983772593825e-11,-4.252039311561701e-11,-6.230839430402512e-11,3.597187994873741e-11
-1.2770681463423272e-10,4.7597203740801445e-12,-1.7461440632820405e-12,-2.7417057097897867e-11,1.2775883423806577e-11,-6.985591371200039e-12,7.666041391611988e-12,5.40647661299384e-11,-1.6123335270502116e-12,-2.329666376352046e-11,5.0120177366072834e-11,-1.751661544858686e-11,2.413486217508576e-11,7.926651568051493e-12,-2.899336386095991e-11,-4.1647527205721324e-13,2.9101296789069122e-11,-2.8944123599577028e-11,-1.3652540014054713e-11,-4.450069723078495e-11,-5.503533952858137e-11,2.5248420196204798e-11,-1.0404678305257006e-11,-2.5753159520016288e-11,1.0934072354961161e-11,1.5937977033057828e-11,-2.011591912232113e-11,-1.1084454847820749e-11,-2.6392802857672013e-11,-2.6432615214700544e-11,-6.716359583256307e-12,2.0287326999802404e-11,4.562378742083357e-11,4.201772691558772e-11,-1.6280157753684837e-11,2.6958519164772356e-11,-2.752812798186806e-11,5.428585219589837e-12,4.415721495909419e-12,-1.691260029269048e-12,1.318915911529273e-13,4.165611497561013e-11,4.470481420479556e-11,4.199698946451584e-11,1.1310998906485105e-11,7.903727935049678e-12,1.2555136477019604e-10,1.0294509679857266e-10
5.6900436991596374e-11,3.33343190136014e-11,-5.222344013165684e-11,8.626942399380446e-11,5.2183624423091296e-11,5.700453906880158e-11,-3.597529517365434e-12,6.493881270094137e-12,2.9766561604479957e-12,-1.1540477784872111e-11,-4.214459199791149e-11,2.2099451027666787e-11,2.256671575402518e-11,2.2078523265109115e-11,-2.602192792810983e-11,-1.2030475502771757e-11,-3.9189006118897084e-11,1.3882225852101264e-12,-8.707241906686617e-12,2.772367000536508e-11,2.8592763127088275e-11,-1.4304115267629286e-11,-1.4404035002998788e-12,1.0166113202545911e-11,-1.2807257435204746e-11,-5.09189155230612e-12,-1.4721994047229566e-11,1.3226776802760368e-11,8.72052757903046e-12,-2.6962801184247736e-11,3.032405669014608e-11,-7.00508646011378e-12,-1.630807082697928e-11,-2.4810999110397135e-11,-2.56726220691211e-11,-1.6749909382840513e-11,-5.242796561908683e-12,-5.245306002422454e-12,-1.4999087988523073e-11,2.907522785768061e-11,-2.842532198811554e-11,9.269479873500907e-12,1.6968154831336896e-11,-1.3149192487915972e-12,3.450354045984376e-11,1.2525499949736294e-11,4.622803777278164e-12,1.1414962756298025e-11
5.2280497415509076e-11,1.2622992154373833e-11,-2.8315656225444947e-11,1.7962659478471674e-11,9.26032847185238e-12,-1.4402859093116193e-11,-9.431221284704717e-12,4.2431524876558704e-11,-9.872554758115392e-12,2.079527258371973e-12,-1.6450661852791846e-11,-5.93504643202791e-12,-1.590308307845823e-11,2.2746526863574256e-11,-1.7539697801833477e-11,-1.734680217396659e-11,-7.454811822920339e-12,-7.446058115045126e-12,-7.885555382896027e-12,-1.8171478169330418e-11,1.803679228129834e-11,-9.921841491735168e-12,-3.0838845572640154e-11,-1.7067333184275776e-11,7.290571254184359e-13,2.096336966184223e-11,4.480141754361823e-11,-4.11843998213541e-12,3.3901386175554786e-12,3.614128554032904e-12,1.7089817863115365e-11,1.3130539658662557e-11,1.2789928754387753e-11,-5.782960671397391e-12,4.639528414439771e-12,4.451758332177153e-12,3.585953662616459e-11,-1.0196776381262903e-11,1.2577946436626652e-11,-2.591177968381436e-11,1.0163658516750624e-12,-8.144401019833595e-12,-1.2242036512799877e-11,-3.579502077499738e-11,5.0789217257620937e-11,-1.7643240989676324e-11,8.214959853294767e-11,-3.5858517405551955e-11
-1.0018342460153711e-10,-6.933949068301844e-11,-1.0351955761657468e-10,1.9177374314364743e-11,4.4788592101266717e-11,-4.4286672975774635e-11,5.588172903315668e-12,9.429850667986346e-11,6.2889111838495764e-12,3.4025630914239306e-11,3.316015490673975e-11,7.878561212545716e-11,-5.454398618415473e-12,3.502732473172489e-11,5.0025823433994105e-11,-5.0953781062685195e-11,-9.05501128570629e-11,9.269500711078508e-12,-2.66879786037867e-11,4.928644583691281e-12,6.113993538340649e-12,2.7658620957635128e-11,-2.754577295980242e-12,-1.4746636810782727e-11,1.9860655197541576e-12,-3.912128828376438e-11,5.2905914798910456e-11,-6.339309223887076e-11,-2.976720959999361e-11,-1.5907073102899407e-11,3.858381862113169e-11,-5.122799102381098e-11,-7.005250189952947e-11,4.1346107918116693e-11,-1.9610228112914706e-11,-5.8479596623628e-11,-1.098792544478205e-11,-8.160869051368987e-11,2.543237896902308e-12,-2.7724655614623375e-11,3.1513191898443595e-11,-1.8858924671647625e-11,5.713168976625981e-11,-5.800796999272409e-11,8.924050238483158e-12,9.081818747508751e-11,-8.955598808980384e-11,-1.3759294024134418e-11
-1.427102548207597e-10,4.3348330548114634e-12,1.95399316056907e-11,1.836236076868117e-11,-5.241959270763751e-11,-3.503032495662833e-11,2.3246766739985066e-11,3.9977785626812085e-11,7.183631777851157e-11,-2.1144554273662207e-11,-1.3366431016933379e-11,9.38271555234534e-12,3.0756013855313126e-13,4.4316861448801084e-11,1.5973503256458677e-11,5.0892724846247714e-11,8.121772375741397e-13,1.244785950600744e-11,-3.689670681292198e-11,2.1542760595043483e-11,2.4936157485086394e-12,-9.22013132996364e-13,-1.926489596667673e-11,1.3259342409148473e-11,2.6543854835614567e-11,3.7430859794880514e-11,1.780482612553243e-11,-3.903332032259041e-11,-8.254963999688003e-12,6.435260300022198e-12,2.9654465798056383e-12,3.597649956344853e-11,-5.816278573673254e-12,3.066825886317199e-11,2.0717978020798056e-12,1.4469147125329676e-11,-2.8048859296275442e-11,3.673678330164536e-12,1.515579340354205e-12,-2.5020642954564262e-11,4.5094483214900256e-11,4.498438741972522e-12,9.035752388322652e-12,-2.0114180144742256e-11,-1.07493265891017e-11,-4.2008174986354524e-11,-6.155547845285665e-11,3.503086984307359e-11
-1.3488647741123921e-10,-9.019341615501119e-12,1.7007281830987355e-11,-1.3847656244475797e-11,3.030606623179946e-11,-1.526433771257992e-11,1.5220889537730192e-11,5.943173348710633e-11,-2.075824220827669e-12,-2.208383731011939e-11,5.179072066954257e-11,-1.5060081254576872e-11,2.2289876904723148e-11,4.1211523206107e-12,-1.843458863666571e-11,2.1486673624272934e-12,3.0130648907175766e-11,-2.4830944504680083e-11,-1.3626516078174958e-11,-4.0791908461076934e-11,-5.725617930306311e-11,1.3979007229147378e-11,-1.5168240962779306e-11,-2.552141737813174e-11,1.4177398424163355e-11,1.5775752470982533e-11,-1.8517970052326107e-11,-1.1268119496151484e-11,-2.9389347850592654e-11,-3.708777354574285e-11,-1.2912096516347314e-11,1.538964902743639e-11,4.126808969537008e-11,4.149853394260498e-11,-1.867049707211791e-11,2.3183180426296623e-11,-2.804979281960988e-11,4.286826607287836e-12,1.1494174584951476e-12,-1.523306616352665e-12,-2.7204504770753776e-12,4.129665471328944e-11,4.5727056404903986e-11,4.1127006639302474e-11,6.9234058994214465e-12,1.0464513250994872e-11,1.232435752823826e-10,1.0347206313093058e-10
3.275150458264247e-11,6.035737970204937e-11,-6.781030568865924e-11,8.717597223101506e-11,3.9717651076840614e-11,6.31746002324548e-11,-4.9987304613385535e-12,6.149889804779685e-12,4.0425455544288274e-12,-1.2196395430978535e-11,-4.312779107318248e-11,2.149882584346387e-11,2.460033516012077e-11,2.6458107585619738e-11,-2.6788644260328914e-11,-1.5876431778585644e-11,-4.220339971874232e-11,-7.346694860350234e-12,-5.50035730600241e-12,3.284933120965664e-11,3.499649829935219e-11,-1.2925338666261909e-11,2.7104578503111363e-12,8.708811359363336e-12,-1.382866870346423e-11,-2.466050398697497e-12,-1.9004076506774057e-11,1.6091180226403827e-11,8.157736208663256e-12,-2.4280044858865332e-11,2.7621778863744506e-11,-6.116601507371399e-12,-2.029069433313024e-11,-2.70212636867349e-11,-2.43132344394414e-11,-1.5946169362151885e-11,-2.8104689183164913e-12,-5.696340710650537e-12,-1.3735041743537784e-11,2.9920892491407965e-11,-2.7614863026619727e-11,1.0838285251359355e-11,1.7273563184249865e-11,5.501904307031849e-13,3.582668014605423e-11,1.3614970137201207e-11,6.706448514756227e-12,1.1261218208796866e-11
3.8257305838955956e-11,9.088629509604166e-12,-3.214814741804308e-11,2.598885497930496e-11,1.8433364266888428e-12,-1.6471438767614373e-11,-8.33723317019981e-12,4.3078446983176545e-11,-1.027152066811377e-11,-1.786064328032185e-12,-1.1335367575919374e-11,-6.591189238568481e-12,-2.2666195627116094e-11,2.168996858924312e-11,-1.9363534735176056e-11,-1.468036328648275e-11,-4.814972962560355e-12,-6.598136727844439e-12,-7.93706660520415e-12,-1.9429268075377737e-11,1.3943161385122714e-11,-9.921256549368854e-12,-2.9753566787327604e-11,-1.8480819558355865e-11,-8.135994304070371e-13,2.2085348414776675e-11,4.2760633943150404e-11,-4.560144995213276e-12,4.094086378979697e-12,3.0640845050391736e-12,1.6151121237185324e-11,1.2183246614506233e-11,1.29632435205888e-11,-6.064466744002692e-12,4.127505867864535e-12,4.037069290994972e-12,3.546459073475963e-11,-1.0072383514554173e-11,1.2833382592398618e-11,-2.625653426279626e-11,-3.3270554680849876e-13,-7.836634272186318e-12,-1.1755385948754572e-11,-3.642069562766509e-11,4.972806630912667e-11,-1.8213110354715435e-11,8.101418778265063e-11,-3.934570776604123e-11
-1.0342751456764649e-10,-6.851249841555107e-11,-7.83047322013293e-11,-4.7006947253552815e-12,3.918980663094541e-11,-6.075613499051129e-11,9.337937881480839e-13,8.986160270338389e-11,-6.279908921090317e-12,2.4377000399425027e-11,4.686373824669225e-11,6.211891665311889e-11,-4.252246890570663e-12,3.730224429617463e-11,5.219516049483482e-11,-5.039568881741591e-11,-9.118182779735884e-11,6.50374890301014e-12,-2.3595834725525896e-11,-6.695045606400643e-13,1.2638868068268722e-11,2.552490287053446e-11,6.043130594684589e-12,-1.3349208931118158e-11,2.367238734319061e-12,-4.2755649072906e-11,4.7799329433842886e-11,-6.419632444464209e-11,-3.345095072945329e-11,-1.5476574892049865e-11,4.088732981323732e-11,-5.086188639829134e-11,-7.055088711622511e-11,4.1275419270334195e-11,-1.9938824395146347e-11,-5.94203095107323e-11,-1.2473227409440711e-11,-8.121819343353067e-11,9.619339444148718e-13,-2.7899067733372124e-11,3.1197019750633504e-11,-1.9416656439166515e-11,5.562888675956549e-11,-5.92330882739712e-11,9.046814286906487e-12,9.041473924564191e-11,-9.116308929185788e-11,-1.7272014435813662e-11
3.162819294996979e-11,-1.488149380188853e-11,-3.700905891875852e-11,8.44016043414443e-12,-3.139292975647168e-11,-5.684936203426177e-12,-3.9117675351789244e-11,3.922658492679399e-11,-5.236022562061495e-13,3.2599637844412665e-11,9.008854979378645e-12,2.952639150737449e-11,1.4537161238676411e-11,6.663306673679137e-12,-6.887338045718431e-12,5.425333887115591e-12,-1.3196803570323341e-11,2.23425588863165e-11,3.099186787138141e-11,2.7783268635780653e-12,3.1729185994940132e-12,-1.3272183827819131e-11,7.38748382259903e-12,2.6132886318531418e-12,1.430304526122052e-11,-2.8281194775598857e-12,9.7079161836179e-12,-3.173872067065938e-11,2.651284714958075e-11,2.3075778387481244e-12,1.0795401661121265e-11,1.3844235538260892e-11,8.190215876835165e-12,-9.394640053077484e-12,1.383452324168686e-11,3.7725959470065935e-11,-1.99519382641514e-11,-5.817989005701083e-12,-1.4231928144686585e-11,2.060136412815175e-11,3.580332014217889e-12,-1.5316080331877587e-12,7.644104973015318e-12,-1.9093732487733152e-11,-2.751086921848631e-11,-1.935622306641331e-11,2.7845410978634236e-12,1.6743585708144977e-11
-2.7499515143331307e-11,-1.2078174668077977e-11,-6.318693408965784e-12,1.8337626299574268e-11,-6.842651470284238e-11,1.5404676951092347e-11,7.382034628985382e-11,2.761752899156033e-11,-6.139990410530655e-12,-7.998495888152535e-12,-5.516138308560428e-12,-2.193337409316587e-11,-2.8018625984947286e-11,3.620753065175732e-11,2.8953430785867378e-11,4.081842611059557e-12,-2.2587022624034705e-11,-3.8167290530516113e-11,-2.2698902924802962e-11,1.1866339022796789e-11,3.2986890791668827e-11,4.8716598095189536e-11,6.490573373133313e-13,-4.589055043304081e-12,-3.323423066813365e-11,-2.913732842168054e-11,7.835086594384377e-13,5.285106859749613e-12,-1.7582425936251465e-11,-1.2991189742311218e-11,1.7148820154388664e-11,-1.9364613468290415e-11,-2.926057534505061e-11,2.6276543753800393e-11,-3.132880327912922e-11,-7.1768310783238355e-12,-2.038300340996716e-11,7.034178177688397e-12,9.301994287577405e-12,-8.685921188614698e-12,-6.018337011346073e-12,-1.8914438035749953e-11,-1.6748360536210446e-11,-4.5420253106054733e-11,-4.0400491788375686e-11,3.164040008895509e-11,-1.0292075127064971e-10,-4.496142044038868e-11
7.749419134657175e-11,9.46317150587849e-11,3.84686821763149e-11,-7.00761511019589e-12,-1.6982570602573507e-11,-3.8924544219214397e-11,-5.815267080025023e-11,-6.73033137888718e-12,-3.9740445214492536e-11,5.629949503412287e-12,-1.0207615621984791e-11,-5.333140937316592e-11,-1.273709980312078e-11,-2.170070835528435e-11,1.0684617122404743e-11,-5.3986300128458457e-11,-1.3537440218488805e-11,-8.289604700177627e-12,-1.9739055841275313e-11,-4.7652866034343885e-11,-5.84525358640291e-11,-2.948072341541145e-11,-1.739379325462088e-12,-1.2842089731154278e-11,-2.496837070701852e-11,-2.5494324740858463e-11,-1.5882261598961718e-11,1.238309789755855e-12,-5.249930034346253e-11,-5.714313004334808e-13,-7.734775483466984e-12,-5.932193038847239e-12,-1.641892256500864e-11,-1.815837696835238e-11,-1.7969100595928893e-11,-2.6336705422666323e-11,2.889793067231042e-11,-7.409757635933053e-11,-1.2710863453149947e-12,-3.742007768164472e-12,-4.187049804917407e-12,2.9420880637374086e-11,1.5526102324603236e-11,-7.858678725395244e-12,2.77595400268964e-11,2.1170895808324946e-11,-4.585011047727807e-11,1.2192909899730956e-10
-6.368604172441641e-11,7.11341437512152e-11,-4.432151643586116e-11,-3.552220457592507e-11,-2.5702918426144905e-11,-1.4447793790735295e-11,9.40208966663695e-11,-2.8905586826541656e-11,-5.341497454378417e-12,-6.720311111793377e-11,-3.022958358813864e-11,-6.81554760219182e-12,-6.090687362930036e-11,1.3025390556369721e-11,2.920272230068276e-11,-2.4304184283969412e-11,-6.92224860670671e-11,4.474677585020389e-12,-5.1952987243817435e-11,-5.814003462168808e-11,1.0413262378725639e-11,3.36717367889396e-11,2.2051760357341888e-11,4.835343216858723e-11,1.5385314221461425e-11,-9.44465537539825e-13,7.672389773140482e-12,4.17418998499255e-11,-2.82921651664333e-11,2.3565873711610228e-11,3.081930740271526e-11,2.790010192587759e-11,-9.58580723672685e-12,-4.6867633403025665e-11,-1.4512759171972423e-11,-1.4576570914756105e-11,-3.740973954357301e-11,5.9177358776349635e-12,2.4397559224582145e-11,-3.170917626681413e-11,-5.0623812849478267e-11,5.695395384511e-13,-9.563293320931035e-12,1.821535066270825e-11,-5.6103619050638014e-11,5.816665115378353e-11,5.928029534729987e-11,1.2254537752898988e-10
4.8376257341684625e-12,-1.0553221099569648e-11,-2.4264924093792104e-11,-4.437123969764288e-12,-1.1409819838010644e-11,-2.786013636030099e-11,2.4740185113889615e-12,3.985556908176602e-12,-1.9921867299761587e-11,-1.52750994384583e-11,2.4103116887205744e-11,-1.7029954276100873e-11,-1.3480393218777393e-11,-2.4137324515926965e-11,-3.0641356351557865e-12,4.9914198439820664e-12,2.3785097786361356e-11,8.151770360984288e-13,3.3876049373353544e-11,-1.1148376378574576e-11,2.5848117717635273e-11,4.277334812917212e-12,2.6729332910279696e-12,-2.490892920956449e-11,-1.2484771559973543e-11,-1.3996972463666927e-11,1.0732372783183615e-11,-2.8135069683565724e-11,4.666091283721108e-13,1.6842560016674958e-11,-5.537739869954665e-12,-2.4651484654156427e-11,-7.736013035447909e-12,2.088117845607033e-11,3.826304998268777e-12,1.2741922878861139e-11,1.481507751114054e-11,4.690382457467108e-12,3.594089716905054e-11,8.914092733525715e-13,1.1691381030134714e-11,-4.880981587322186e-13,6.303970737039003e-12,-4.908003879816731e-12,-1.1731694180897747e-11,8.537556256272315e-12,3.4521122017168646e-11,7.231350379726316e-11
4.545987064348725e-11,-2.7932818139981687e-11,-3.70894344040705e-11,-9.836711978825661e-13,-4.542992471212341e-11,-1.2698592792958147e-12,-4.149304252767593e-11,5.18046480815135e-11,1.4289150255913393e-12,4.7597741300072385e-11,1.7149059278365663e-11,3.096930905782444e-11,1.3698739506159138e-11,5.434133071617587e-12,-9.879754252478097e-12,6.79860951387411e-12,-1.0854734525021389e-11,2.256202469438299e-11,2.8642920743397155e-11,3.292002966063858e-12,5.865226903404658e-12,-1.321573150851902e-11,7.364838119833449e-12,2.7439788087026415e-12,1.4151080791194953e-11,-1.084067088202201e-12,1.1254019562981283e-11,-3.0481094015029373e-11,2.6882423786009373e-11,4.365414916305259e-12,1.1099719955470702e-11,1.3903135127067746e-11,9.055556657864844e-12,-1.0065681033127493e-11,1.2610312251848799e-11,3.7772415606803045e-11,-1.919181982965984e-11,-5.380670944143057e-12,-1.4737139137301935e-11,2.120444278153351e-11,4.993418080211065e-12,-1.597580077341136e-12,8.014566507619452e-12,-1.878821564086271e-11,-2.7130063400573157e-11,-1.8706855164064075e-11,4.540238774918694e-12,2.0033203731834526e-11
-4.722033841818141e-11,-4.8429043031837785e-11,1.6708772496214284e-11,-1.5767079519419304e-11,-5.162241467234675e-11,1.226565032016551e-11,7.129853514011509e-11,3.7418460608223515e-11,-1.9864284172354458e-12,-2.2733717777213255e-12,-2.073276973020224e-11,-3.052494389216847e-11,-1.6752768388360117e-11,2.7909896290922577e-11,2.7854487929596615e-11,1.1109269968169183e-11,-1.928873598757068e-11,-3.5162637976023655e-11,-2.1350921376848822e-11,1.9074150105050225e-11,4.0355617115279774e-11,5.378990407840501e-11,1.1189042562022065e-12,-3.2846326280450992e-12,-2.9537129421232685e-11,-2.763769058854603e-11,2.5383192780271995e-12,6.692427813011698e-12,-1.560673418085948e-11,-1.365799264013089e-11,1.8694093107107562e-11,-1.845767865363891e-11,-2.753641412758511e-11,2.8453170037463553e-11,-3.1824282122986754e-11,-5.382755852539569e-12,-1.858456892134023e-11,9.653306581555155e-12,9.435081325351628e-12,-4.414006706151105e-12,-5.172759377632673e-12,-1.6811877373193764e-11,-1.4430814196198723e-11,-4.212642663863394e-11,-3.725578763829117e-11,3.677170282527484e-11,-9.554322590550798e-11,-2.9563308687317447e-11
8.435027146119506e-11,1.3771035518469918e-10,4.1464831983178916e-11,-2.942368839287996e-11,-2.6192848992516522e-11,-5.553198601641725e-11,-7.295797960919404e-11,-1.0680254429893122e-11,-4.6624491844829904e-11,1.7542067262321554e-12,-9.878325944303822e-12,-6.036506586178876e-11,-1.875389389657453e-11,-2.526375192228556e-11,1.0494909934788153e-11,-5.5117473877002704e-11,-1.8617347615309914e-11,-9.717943148261352e-12,-1.788859103722966e-11,-4.7218614910500455e-11,-5.959417281003245e-11,-2.9817672029085855e-11,-2.8131177057848883e-12,-1.6405911572911292e-11,-2.5439882809008406e-11,-2.669087237899077e-11,-1.6480824760372025e-11,2.277471969878502e-13,-5.3432607767593496e-11,-1.3894458918718825e-12,-8.527724019535308e-12,-6.695365240046954e-12,-1.7250950753171672e-11,-1.8935605121586264e-11,-1.8811112170853554e-11,-2.7140854224767017e-11,2.8154135415421474e-11,-7.51340279357298e-11,-2.190998474602876e-12,-4.764489533733477e-12,-5.297798945919395e-12,2.8299425025529472e-11,1.4023513222568443e-11,-9.863863818738101e-12,2.5379415665783806e-11,1.8145515921711733e-11,-5.017559540371777e-11,1.1438507214855934e-10
-2.8041112289637996e-11,8.341274338554632e-11,-4.099729551714452e-11,-3.1044289427775864e-11,-2.6651496093203377e-11,-9.720278683687894e-12,9.186476179104057e-11,-2.954559527757527e-11,-1.510278868224362e-11,-6.497474491350014e-11,-3.347918374547701e-11,-5.799578627122752e-12,-5.0532791381407036e-11,1.8689742651693404e-11,3.860448473617175e-11,-1.8502803423434075e-11,-5.2823663915986025e-11,-5.681788205202407e-13,-3.7637175830870894e-11,-5.293847977058193e-11,1.7565543603011092e-11,3.527361558556369e-11,2.4057946378744353e-11,5.38655738192255e-11,1.6156044094492172e-11,-6.272798125076977e-12,8.191019344202962e-12,4.616469674867969e-11,-2.5973782054392228e-11,2.120713191127842e-11,3.140853927007767e-11,2.9579425742366114e-11,-8.090791442923086e-12,-4.603395178246e-11,-1.3166759881240554e-11,-1.4551493820255384e-11,-3.6471856529664396e-11,6.629200103394748e-12,2.4449240750958072e-11,-2.980885674553596e-11,-4.985082186753214e-11,2.4145041477993617e-12,-9.006864363998159e-12,2.0303700459227997e-11,-5.3466465293518053e-11,6.032299634316822e-11,6.296929770111401e-11,1.313789560978116e-10
-3.0990306957231204e-12,-1.7000696598418606e-12,-1.395960240758993e-11,-1.3412587188846737e-12,-1.8299199894100678e-11,-7.808540350682745e-12,4.233033849712945e-12,6.295254414308787e-12,-1.2943744583335979e-11,-1.4805422311661326e-11,2.5065098317887514e-11,-1.3867903516338956e-11,-1.054745387143346e-11,-2.328425700003856e-11,-2.3094709697580817e-12,5.165984131941667e-12,2.5232905576307744e-11,2.4293942943057453e-12,3.494614480840577e-11,-9.990494878534706e-12,2.6856969115088666e-11,5.501887682270102e-12,2.96820526099825e-12,-2.4275637485621592e-11,-1.1463184611983978e-11,-1.2995865735571728e-11,1.1417052533146374e-11,-2.7187965838078956e-11,1.3607310316707633e-12,1.7793993368748476e-11,-4.836693853061421e-12,-2.3733666797670894e-11,-6.85130820729411e-12,2.2222188435509305e-11,4.686241638993081e-12,1.3801571987265354e-11,1.5640745874978786e-11,5.512556504094952e-12,3.6812753771496584e-11,1.8583653253537873e-12,1.2816414167769022e-11,5.799961767780142e-13,7.925883723280808e-12,-3.1762687304441674e-12,-9.856233051487265e-12,1.081446173789084e-11,3.762806385580304e-11,7.871894402304837e-11
-7.38043684384916e-12,-6.628431245209944e-11,9.101753759681069e-12,-5.069236148847656e-12,-7.692583350540346e-11,-5.127255515639381e-11,-6.202197867324027e-11,2.5252779183355883e-12,2.5587569389536874e-11,1.1668222749372334e-12,3.747890574661215e-11,-1.9038607821199144e-11,-4.202315040576801e-11,-2.310379762171867e-11,6.233334174606033e-11,-8.474959553556293e-12,1.0217261082764136e-11,-2.9543799493324576e-11,-2.389411772302269e-11,2.7839407145343826e-11,9.641566820041703e-13,-4.280165190901437e-11,-4.166218241489785e-12,-1.3409754225351593e-12,6.687460020944452e-12,-3.878593860397523e-11,3.4702014705594937e-12,2.920415311588891e-11,2.9134584323342598e-12,-1.0195915911820768e-11,1.534095797168854e-11,2.014953631134318e-11,-5.072073083871363e-11,-1.0482937778109321e-11,-5.830734916324124e-12,-3.1151295931681566e-11,-1.9369284856740817e-11,-2.6080982328203993e-12,-4.401022946922958e-12,-9.101053563633619e-12,2.9192170227550803e-12,-1.566881696953331e-11,6.119485121435216e-11,5.394865983790408e-12,-2.996023974728057e-11,-7.298078226262992e-11,-4.7862159640555214e-11,4.0951961167343465e-11
7.1899335541013895e-12,3.104491591391813e-11,6.959627479036814e-12,6.672960447771734e-12,1.618431936178146e-11,-3.8200554275966876e-11,-1.271915399746665e-11,-5.060451049650943e-11,3.176540226217352e-11,3.078066488336373e-11,-5.0349082510137166e-11,-6.74731106424062e-11,1.216325026861857e-11,-2.4128379274226277e-11,3.1172524463350903e-12,2.385611285643896e-12,-3.0654592775761534e-11,-1.9548098465907002e-11,-1.3447492047836618e-11,3.268953422997507e-12,2.1408721376143128e-11,7.19218920973786e-12,-2.5800483566709462e-11,-6.266678994033291e-11,-4.1742130408887976e-11,-7.438568449720283e-12,-5.669522311954555e-12,-7.040067026251829e-12,-5.235017886934732e-13,7.98453332571946e-12,2.7149079902527866e-12,2.8911319809178295e-11,3.4570028765886217e-12,-2.792176558497936e-11,8.402193975124027e-12,5.78076249947897e-11,6.691211245371911e-12,1.2427239259207818e-11,-3.3579995609298996e-11,4.994639203768571e-11,-1.4166962246462133e-11,-2.0207135780821285e-12,1.561135823140881e-11,2.828085063605244e-11,1.8146805759862292e-13,1.2031946294452346e-10,3.1839556096936787e-12,6.46295038497026e-11
-2.45721472224995e-12,6.0254292318414804e-12,1.3544924469662616e-11,5.3221752610342926e-11,1.2065294872709875e-10,3.54579393294766e-11,-1.275092127786912e-11,1.9060779872932034e-11,-4.0655174766610006e-11,-5.628540380397527e-11,1.0872802141490496e-11,-6.592021331672886e-11,-4.6923786838426404e-11,-3.2850820261100126e-11,-3.3295056479057063e-11,-9.409147022208132e-12,-7.679124758772765e-11,3.238970729029575e-11,-2.0467323337627187e-11,4.3799466209942584e-11,-5.168967857862202e-11,-2.2273145397057885e-12,1.7432506561128648e-11,-1.5547271879361614e-11,-2.302762679411696e-11,3.478447447913917e-11,-4.810533221059339e-12,1.2846395138741448e-11,-3.795961991733335e-11,1.639601336859814e-11,-9.045676957868844e-12,4.31496133367799e-12,-3.474493633480141e-11,-2.152179304366879e-11,-3.9095446364188056e-11,-1.5734931507148017e-11,2.8293604193445992e-11,2.553775375521186e-11,-3.0206629192570408e-12,1.0576174681298368e-11,2.3943286968785575e-11,6.867356342431678e-12,4.853057344890432e-12,-5.7850524295086245e-11,1.0196664402539901e-11,-3.6563442171093215e-11,-5.636481823104218e-11,-5.1086008114601044e-11
3.350645607430603e-11,1.607063207841171e-11,-3.1000257956575057e-11,8.67577403194531e-11,-1.8442882532035238e-11,5.729646967471824e-11,-4.424039735263794e-11,2.4574584244166164e-11,-2.8493277841538033e-11,2.7108545674541107e-11,-8.425609283953273e-14,5.60625592312859e-11,3.841939087772673e-11,6.549148809076573e-11,1.2337954581851352e-11,-2.057130398138935e-11,-2.765513583449618e-11,-2.2212319207007753e-11,4.466159623263701e-11,-3.75159218670232e-12,-6.709345291440859e-11,-3.0984493965319225e-12,2.6798987862755057e-12,4.731954883127472e-11,-1.5739690451254874e-11,3.582008808836386e-11,-5.236384569568694e-11,-5.753253363908953e-12,2.8551894114418416e-11,1.649320629539406e-11,-1.1890774628299325e-11,-6.211043391669121e-12,2.408546004006267e-11,-8.88554479517241e-12,-1.517935183185128e-11,2.5173024427044205e-11,3.1335429424293387e-11,4.50573658533398e-11,2.5698146261382196e-11,4.946214814126188e-12,2.4507519505252662e-11,-2.0125887078771696e-11,-2.931228401788814e-11,7.71253529636258e-11,5.3667308874490155e-12,-7.657484279828258e-12,3.039934340067236e-11,-1.7609094791880257e-10
6.902096612414235e-11,5.8404443847600945e-12,-9.570816991766124e-12,-2.1074787481376577e-11,3.362704277684853e-11,9.729678827004064e-11,4.3990464459255876e-11,1.5860734942857383e-11,-6.2464905914765746e-12,4.366254342260278e-11,-1.5823071540941465e-12,1.676353756702848e-11,-2.320193332888328e-13,3.32643759268448e-12,-3.5784158112049837e-12,6.572952984273626e-11,6.305964134285688e-11,4.950703305549181e-11,-5.791050126201036e-12,-2.4140429151556402e-11,2.949927503033996e-11,2.2884539536710598e-11,-1.4897774911348065e-11,-6.832709319000347e-11,3.3037708754486763e-12,2.648868941176128e-11,2.178614120671782e-11,1.3519142133037233e-11,-8.866085439242461e-12,-1.0375806904789709e-11,1.2693410715465169e-11,1.7731377325509465e-11,1.0682080349274127e-11,-5.4883812157197415e-11,-6.55473965713953e-11,1.7224320898733693e-12,-1.3944624766525341e-11,2.16696398819325e-11,9.29604691824596e-12,-3.4662551082480944e-12,-1.5117183346085875e-11,2.6106178309720757e-11,-6.352652034424531e-11,3.8636700387226125e-11,1.4618112979172313e-11,5.843993451491597e-11,2.4509098472020132e-11,1.0606418379380887e-10
-8.678917819089689e-12,-6.272835534956827e-11,-5.778870998241597e-13,-7.152840543185911e-12,-7.934178778255148e-11,-4.698917549714524e-11,-6.519165507005874e-11,-1.1449125893069515e-12,2.3779096530973506e-11,-1.0913908286577214e-11,4.4989725132785443e-11,-1.5444689976202385e-11,-3.593205309027605e-11,-3.1005079828440106e-11,6.082885260752983e-11,-9.474191909404965e-12,8.69621261385651e-12,-3.4089874273716295e-11,-2.2443685473549298e-11,2.411512650157553e-11,-9.832771417804723e-13,-4.251887670494399e-11,-3.45739949113741e-12,-3.320549775788256e-12,9.312261992654481e-12,-3.679947349736038e-11,2.9383204254315445e-12,2.5441684322170022e-11,1.5878743923273935e-13,-1.1891549151306202e-11,1.4694459550934734e-11,1.8919327396922498e-11,-5.140640631896856e-11,-1.1299792908498259e-11,-9.69662762756801e-12,-3.1609763975518834e-11,-1.7325901957136043e-11,-1.3071583042753449e-12,-5.717846839675238e-12,-8.262224252257271e-12,2.0866237603632766e-12,-1.5655144939223298e-11,6.2139760316318e-11,5.2029495383931465e-12,-3.0139723550055003e-11,-7.338954160871384e-11,-4.8803577908175093e-11,3.637666557908215e-11
7.511627112423536e-12,3.9118219137874706e-11,2.059072111260681e-12,-2.509640198100241e-12,2.5847603948104617e-11,-4.2749002646795236e-11,-1.9518442007132394e-11,-5.042318907613987e-11,2.339682382806266e-11,2.9391644940431836e-11,-4.639983217143111e-11,-6.964528485729657e-11,1.4862079162944786e-11,-2.7846804275517034e-11,9.487679837573037e-12,2.9373064568050046e-12,-3.509501838117256e-11,-2.302341948638037e-11,-1.3032997119498275e-11,-1.9043356435547794e-12,2.4148802642237492e-11,1.2463651990174396e-11,-2.5153505705722952e-11,-6.293517798950993e-11,-4.0565892038382986e-11,-8.37107497037016e-12,-4.354547321196174e-12,-8.203890863819799e-12,1.3475351416951177e-12,8.797512954811823e-12,6.412790187824924e-12,2.8175380638687676e-11,2.958781828946614e-12,-2.8270762785248795e-11,9.384631400442445e-12,5.718599918575636e-11,8.260784890291615e-12,1.4200399887588916e-11,-3.332804052315094e-11,5.013966558026711e-11,-1.1307086755982829e-11,-6.045625575628397e-13,1.757657570871485e-11,2.935953723215241e-11,3.330255995427123e-12,1.2371540434254417e-10,9.215042986717515e-12,7.84724611300157e-11
3.2771575109835114e-11,2.984482329700887e-11,2.869862593294926e-11,3.311658905987705e-11,8.73153517432929e-11,4.44300802266516e-11,1.1527511705078528e-11,-1.6629188741335452e-12,-5.6349757964880335e-11,-6.096759547268714e-11,8.357513780913604e-12,-6.846808081801468e-11,-4.690471906651471e-11,-3.551111404920841e-11,-3.414674706064117e-11,-1.0627947910898923e-11,-7.596770861357043e-11,3.169020346350552e-11,-2.0060993347708755e-11,4.2182070024018445e-11,-5.030429115939302e-11,-2.803465443918422e-12,1.7084758989217347e-11,-1.6883066022790202e-11,-2.3930076220608252e-11,3.454010004820732e-11,-5.5217099465230164e-12,1.3573279395923852e-11,-3.8241250258418196e-11,1.5941143072556173e-11,-9.707703990812704e-12,4.291455081420616e-12,-3.5116263968958825e-11,-2.2082524116517862e-11,-3.948593218436052e-11,-1.642462773111153e-11,2.778482935843993e-11,2.4997243373821685e-11,-3.3943619528001195e-12,1.0095599835634138e-11,2.3158953214620224e-11,5.928872461540927e-12,4.337893752666244e-12,-5.868314001533448e-11,8.959263384445987e-12,-3.849872686306106e-11,-5.954589404114644e-11,-6.052424505882115e-11
2.334217328115108e-11,3.22327882525053e-11,-1.3096416794768732e-11,7.65165472638494e-11,-1.5260552019299826e-11,6.001562728034183e-11,-5.6533532837200285e-11,1.609082124605482e-11,-2.527513446447248e-11,2.4310769209425936e-11,3.4684443584087298e-12,5.5773755557963936e-11,3.373082146573271e-11,6.798639850882014e-11,1.3619560904246539e-11,-2.3463065677887247e-11,-2.8950644180250117e-11,-1.9807154617478953e-11,4.118431841310264e-11,-6.10270121239534e-13,-6.670580817129647e-11,-3.138669632244259e-12,3.5871672420705376e-12,4.809079983167708e-11,-1.5438706353682122e-11,3.6446901158394594e-11,-5.179488667632416e-11,-6.106108452725575e-12,2.936870846321956e-11,1.6313658004629237e-11,-1.1752662874175217e-11,-5.752053350042451e-12,2.413157292230625e-11,-8.787932816480729e-12,-1.4892711936100086e-11,2.5315197421590826e-11,3.1648566423036083e-11,4.5365216384241316e-11,2.6058122121035642e-11,5.278529607862132e-12,2.500441036693447e-11,-1.9464241512401408e-11,-2.875074988577508e-11,7.77884903855724e-11,6.672853579312078e-12,-6.223232441996692e-12,3.258708436092168e-11,-1.7096771475102948e-10
9.896407605442112e-11,6.886841609203773e-12,-1.0060998615700828e-12,-1.0571964578785265e-11,4.012123973461122e-11,1.11003134676737e-10,4.6913331592220295e-11,1.1412897412405781e-11,-1.2917436659313145e-11,4.018840515450869e-11,-1.3778017428751193e-11,2.721467767197423e-11,-8.126583368795318e-12,6.0734273064747e-12,-5.149204769252859e-12,6.666318929197297e-11,6.407975685017909e-11,4.7722176437038706e-11,-1.9926594459351143e-12,-2.4824104661988575e-11,3.1005776233372184e-11,2.1634060772582716e-11,-1.4848004093391286e-11,-6.854485373432282e-11,2.8232710239066887e-12,2.912870016201429e-11,2.273178386148359e-11,1.1298990780963349e-11,-9.113633830426534e-12,-1.0286810761680546e-11,1.1840993121592733e-11,1.5102105463206915e-11,9.26531065678883e-12,-5.511242596515744e-11,-6.353383582985388e-11,-2.1276304145964147e-12,-1.4331367517749591e-11,2.0588758420427465e-11,8.49103687827142e-12,-4.603659927123927e-12,-1.5248570448999224e-11,2.7304362329851892e-11,-6.212433388168008e-11,3.782098921096913e-11,1.5134821571134778e-11,5.5522461458514354e-11,2.3090414591273323e-11,1.0520804689822314e-10
3.003589115543407e-11,-1.4222844863573083e-11,-3.715458968778626e-11,3.046145243607271e-11,-6.354911991781028e-12,-4.9629098682392137e-11,-6.516418166962095e-13,6.995326454695934e-11,-7.058365804306279e-11,-5.7606809310143094e-11,7.136416499419542e-11,3.227317059808799e-11,-4.374329414615153e-11,4.0949086284648146e-11,-3.204411547719061e-11,1.9811033307665592e-11,-3.112776337343391e-11,6.02038795938039e-11,2.0316220328650534e-11,2.520836158607091e-11,3.2043581490304955e-11,-1.968124486056738e-11,4.812251020509567e-11,-7.461032206400635e-12,1.466263768613176e-11,-4.46785678572289e-11,1.8469444189090584e-11,5.304535464670555e-11,-1.3979705230898237e-11,3.6062092348302877e-12,-1.3960526148315752e-11,1.9668656232649835e-11,-3.3963875940236136e-11,2.115922604932359e-12,-3.6021770350583354e-11,-6.18551995575958e-11,-4.252518038466875e-11,2.4748480920541984e-11,-2.1649308331043115e-11,1.87413928992771e-11,8.48556369927798e-11,1.9824173823593383e-11,-2.7553355130198945e-11,-4.056161258195548e-11,-8.505295577806413e-12,1.9923727654833315e-11,-1.1328200002714077e-10,2.2588966763095683e-10
2.6652171174797163e-12,-8.992944112268584e-12,5.2747510431705046e-12,6.9277023074632385e-12,1.569323047505668e-11,4.32833603318533e-11,-7.579733499690376e-11,-4.8816123199593425e-11,-7.177090496765186e-11,-2.1007567511849558e-11,7.230696901266336e-11,-1.9215292680175427e-11,4.478461015190198e-11,4.248789592431433e-11,-3.6334281658151445e-11,-6.50889755626416e-12,5.916322560489341e-11,-1.977918152066625e-11,-2.209299439700052e-11,-2.0950563465797747e-11,-1.0519216933196855e-11,3.93650649730515e-11,-2.332378789311713e-11,1.2389231904049094e-11,-2.3053108439361566e-11,-3.7401692207810804e-11,-3.0704783190238716e-11,1.7872429198512563e-12,1.622602846482992e-11,2.1930359548525594e-11,1.008654749896669e-12,1.3849499508892725e-12,-4.914778930806198e-12,-3.864589881236249e-11,2.447509440923255e-11,-2.6357681600732435e-11,1.8153780511401788e-12,-2.115301733394236e-12,-3.5285580476662987e-12,-2.334944420105094e-11,3.8976131259634184e-11,-8.99581770636851e-12,-3.185562064705503e-11,-1.292123774824769e-11,1.6750300037489395e-11,-3.052062940889136e-11,1.369107502971271e-11,5.39536890313975e-11
-4.449031073910526e-12,-2.5580976953496218e-11,1.77802318893567e-11,1.9501437689411267e-11,-6.477059027335666e-11,-4.117855044070233e-11,3.410267853025129e-11,3.987543616411808e-11,4.6874102390253556e-11,-9.66194673553831e-12,1.6729122922440086e-11,2.098405805451421e-11,1.6408474836519022e-11,6.697300946989088e-12,4.880913481114721e-11,-3.219778589399288e-11,-4.125728484125514e-11,-4.411784190701793e-11,2.611323628737184e-11,-2.114154924157216e-11,6.3042323189445846e-12,1.8040538429215218e-11,-5.686913465104373e-13,-6.97034723097841e-11,9.655587679557344e-12,5.40507296297801e-11,-2.422749890004022e-11,1.0304725105343755e-11,4.421432967202738e-11,-7.418529063970463e-12,-2.5577694309711964e-11,1.4821704647048542e-12,1.5490549270211253e-12,-3.532185427479772e-11,1.2468496576476203e-11,3.336350764434444e-11,-7.47086352007418e-12,-3.283172459448523e-11,-6.456952233579115e-11,1.8144221808500782e-11,8.904936630366547e-11,5.879726391042902e-11,5.547173973961717e-14,-6.180901662495086e-11,9.766602828817176e-11,5.049646318385339e-11,1.1715727422138168e-10,-2.284180395907119e-11
-5.2094968598824295e-11,-2.067571419685589e-11,-2.719657506521867e-11,-3.0717586000238265e-12,-8.212050517234263e-11,1.6158959486327434e-12,8.319389216334464e-13,-1.9840876006115467e-11,-2.2010083193899527e-11,-2.8447644533086165e-11,6.068692169284124e-12,2.4233544890540577e-11,-5.844638851522657e-12,3.5954742531569255e-11,2.319218585356449e-11,-2.356855015227861e-11,-1.3030572668459513e-11,-5.836606042715777e-12,9.217971779272197e-12,2.7307079662976163e-11,-1.747130756864531e-11,-9.91240959676342e-12,-3.7442385760826526e-11,7.383936532072257e-12,1.564664028730417e-11,6.833320056920388e-12,-8.892404765321429e-12,-3.5653224253258684e-11,1.3469567180391637e-12,-3.908130590837739e-12,-6.805350071528599e-12,-1.8350661598724317e-11,-1.6983637495691522e-11,2.9389996191803176e-11,-1.9265197969822107e-11,-1.6533136642155652e-11,-6.783794250828868e-11,-5.137827907463112e-11,3.186943541897042e-11,-2.9835715663549526e-11,1.9792665062485176e-11,-1.2350944773654899e-11,-8.526526599319644e-12,-3.255781620520889e-11,4.906427016029544e-11,-4.9954673922100986e-11,4.9077381619828935e-11,3.2393196616671174e-11
-1.9604679683003948e-11,1.0506397922711456e-11,9.472227530866649e-12,-6.5983865322809e-11,-3.0207096226706246e-11,1.1084962289972843e-11,2.533472471613171e-11,-8.045183547713641e-11,1.4518600085832629e-11,-5.053164349098383e-11,6.421253558511978e-11,7.022570305379859e-11,-4.867674098866932e-11,-2.369634495282255e-11,-3.456686375969622e-12,-3.839802595288624e-11,1.469939070955717e-11,4.974251552558639e-12,-1.8606737307287042e-11,2.0141730950100464e-11,-8.136502374434719e-12,2.5650146887443606e-11,-3.965730492150027e-11,-5.535078980838721e-12,-3.302097598225424e-12,1.903937717301074e-11,-1.1189979619265205e-12,-6.561847687445257e-12,2.046217493426138e-11,-3.557049668277063e-11,-1.2913492053795113e-11,2.1696225283837067e-11,-7.111992913445528e-12,-6.289863625987742e-12,-2.3365240653455075e-11,-1.10727008651542e-11,1.621566441046762e-11,-1.834928555818278e-12,6.742665777536839e-12,-1.9478912463071694e-11,-4.0108372394519206e-11,4.883597415215679e-11,2.6936386710045305e-11,6.334639767089657e-11,1.857673188855762e-11,-2.941863667935221e-11,-7.768467379690557e-11,1.7103971053596187e-10
-1.2073406226076591e-11,1.3481848812658344e-11,-4.05606477865371e-11,1.7772167599744984e-11,1.7674338854914588e-11,-2.3246091914061175e-11,-5.5812578269577345e-12,6.6490988820248e-11,-6.536494950179079e-11,-3.9370466159099615e-11,7.091153319619839e-11,3.70925994175599e-11,-4.535106373470862e-11,4.7226670758203894e-11,-4.053941937934759e-11,1.3440891953802333e-11,-3.384059595029963e-11,5.2595805880029505e-11,1.5958243838148752e-11,2.788956833211641e-11,3.327359860521144e-11,-1.9959302397374153e-11,5.0421150330681396e-11,-6.290433566691491e-12,1.596068701814715e-11,-4.3736349579854406e-11,1.91981853152469e-11,5.307792487123174e-11,-1.3532840187417805e-11,4.625658643192874e-12,-1.2999747166203303e-11,2.0542705895584845e-11,-3.3125642242445065e-11,2.8759471096327412e-12,-3.5404347005642804e-11,-6.110183792616011e-11,-4.116529080370456e-11,2.5567062649876977e-11,-2.0753907444525778e-11,1.955645275084159e-11,8.570649620821325e-11,2.073481977487258e-11,-2.5964112198734994e-11,-3.89065715943974e-11,-6.262335235229883e-12,2.2548136043494774e-11,-1.0936134446329556e-10,2.3571308448696867e-10
1.5805876938623925e-11,-4.185027811273711e-12,-1.7545507408614127e-12,8.002844313548225e-12,1.5275031140446423e-11,4.4981278610717046e-11,-7.855826963499461e-11,-4.420666868612773e-11,-7.584446276797742e-11,-2.036151872587305e-11,6.776896583529147e-11,-9.350175108287207e-12,4.8587173942682614e-11,3.831433063594066e-11,-3.2587771123804e-11,-8.93284665530055e-12,5.733698049360671e-11,-2.0647816471200923e-11,-1.887919801635081e-11,-2.114927600770419e-11,-1.303709604461291e-11,3.638110241251973e-11,-2.1064015839176932e-11,1.1868830145986859e-11,-2.1540391008529935e-11,-3.764372337812237e-11,-3.2235692151871845e-11,-5.889671832496982e-13,1.6696485809802085e-11,2.3997360221271488e-11,-1.3289809409669864e-12,7.094608642913586e-13,-6.302666766705586e-12,-3.904079145692132e-11,2.422860724573647e-11,-2.5725312756826998e-11,6.899949822196925e-13,-3.234010495417441e-12,-4.068756438041749e-12,-2.478044295202649e-11,3.84412763439341e-11,-9.31704328067808e-12,-3.2283920483929026e-11,-1.278236583595802e-11,1.5005346509129267e-11,-3.2917689152862517e-11,1.2014014570972185e-11,4.97208097839245e-11
-6.551310785107896e-12,-3.73840239415714e-11,2.894391550438567e-11,2.2271458443600987e-11,-7.236384619431299e-11,-5.777715012820411e-11,4.2321603451501684e-11,3.052159879753748e-11,4.964578681040272e-11,-6.934931573925862e-12,2.3204099324556594e-11,2.510948691723591e-11,1.5141368400159058e-11,4.1693478281601524e-12,4.8271768306097886e-11,-3.275259904414412e-11,-4.336970421865911e-11,-4.3751958997066266e-11,2.4162725019127014e-11,-2.2468136297789855e-11,6.080603616807178e-12,1.8974389216646015e-11,-6.426415305698804e-13,-7.083175384881198e-11,1.0253104009295896e-11,5.4108485288864885e-11,-2.4169356046181266e-11,1.0757232283576723e-11,4.421688934950335e-11,-7.379131339702103e-12,-2.526270398593289e-11,1.4179863001067723e-12,1.8552857935021343e-12,-3.5510459904093794e-11,1.261345755449017e-11,3.3239034005380924e-11,-7.62352020023682e-12,-3.283982770962106e-11,-6.45986553231558e-11,1.8460547752348538e-11,8.95856003821907e-11,5.85200289009821e-11,3.395451500133189e-13,-6.133897200398747e-11,9.771345098818674e-11,5.075509006938121e-11,1.1715293682972512e-10,-2.3738448306456548e-11
-5.0155738616113226e-11,-4.551936084606296e-12,-2.8657762993010933e-11,4.855335595002144e-12,-8.413260969483436e-11,-3.2509049523930367e-13,3.141458287839421e-13,-2.8150866106556974e-11,-8.55290721637856e-12,-2.6309273472769335e-11,6.219077728785243e-12,2.1411270927767497e-11,-2.5249750828909335e-12,3.075575182535443e-11,2.5198345525361796e-11,-2.5917911990549622e-11,-1.5273407584852402e-11,-1.0271937985819182e-11,6.229956835671915e-12,2.991531286258212e-11,-1.828823086774531e-11,-8.659668655620282e-12,-3.971417799914422e-11,1.1611037274048713e-11,1.369321609139974e-11,5.58352485717396e-12,-1.156917410637161e-11,-3.6239481294801445e-11,5.503401042329665e-13,-4.347385417243229e-12,-8.429228194991294e-12,-2.3955995186170554e-11,-2.1357666559241552e-11,2.7619516324720453e-11,-1.7295099349187403e-11,-1.916041940619122e-11,-6.636386533951312e-11,-4.9099777770261265e-11,3.3088644553201874e-11,-3.211194409473773e-11,2.0003138742275903e-11,-1.2005464465963141e-11,-9.728857157222233e-12,-3.1056895337274557e-11,5.0646391272374334e-11,-4.8610647062752926e-11,4.947449064633549e-11,3.3896465117953366e-11
-1.7222635575143157e-11,2.8781702022741263e-11,2.430909366225263e-11,-5.353776566058303e-11,-2.2467299891466446e-11,1.0574103371559048e-11,2.8097262177466962e-11,-7.765980150259556e-11,1.6079793812550852e-11,-5.677493454392596e-11,6.440764067185452e-11,7.410691365688431e-11,-5.0794286374533784e-11,-2.5208130647146958e-11,1.1173801307055283e-12,-3.675308329691046e-11,1.2971452379536963e-11,1.0127480565005175e-11,-1.6301870176662122e-11,2.21548131211678e-11,-6.888806318821748e-12,2.5680033913056208e-11,-3.930820209123876e-11,-1.032465284499041e-12,3.230563828852176e-12,1.694531981883095e-11,9.624592814067438e-13,-7.227983817123183e-12,1.7751207810644673e-11,-3.502504825131193e-11,-1.2768347153572673e-11,2.245654986543397e-11,-4.769053273345557e-12,-6.866658424531698e-12,-2.0249838394947763e-11,-1.188020237105544e-11,1.5325387433754336e-11,-3.9170705267724945e-12,7.655368806642444e-12,-1.9937104348331036e-11,-4.108797584062777e-11,4.8093629817502263e-11,2.5696629282627952e-11,6.556115271308172e-11,1.9716029976842778e-11,-2.724778249526733e-11,-7.697662972004235e-11,1.7340390653417616e-10
1.6263607981161013e-11,7.555300978278626e-12,-5.34288918503056e-11,-9.225140640449577e-12,1.5214324006324377e-11,-1.0113942803259811e-11,-1.8871419072816193e-11,-9.0783203212117e-12,4.259472410095298e-13,-1.924448277853827e-11,2.734496703448134e-11,8.869386893515535e-12,-1.0278685787964874e-11,2.0983632425681126e-11,3.680109876222608e-12,2.9290563825223607e-14,1.0053471629951017e-11,-6.345307578817298e-12,-9.038082356751682e-12,2.1574371923085793e-11,2.2757718877426735e-11,2.4973748506871596e-12,2.2168083695119184e-11,-6.154701022969106e-12,-1.1947489623944683e-11,1.1009460669082708e-11,-7.926855554684915e-12,-2.5431563564214255e-11,9.552738010522816e-12,-2.7325604799784133e-12,-1.578990067282837e-11,-3.729727374571631e-12,8.917955519987665e-12,1.867497740949698e-11,1.5238045310625687e-11,-1.959241215478302e-11,8.247201572698173e-12,8.995490074259977e-12,-6.0718149097427875e-12,-1.6764464265654883e-11,-5.654906348935811e-12,-2.1386903980250707e-11,2.250949823707269e-11,-2.179088149220196e-12,1.479657241841093e-11,1.3066371828551253e-11,3.137532951407835e-11,5.749838371596925e-11
1.2712245536370333e-10,6.555234393570033e-11,1.6969662734507264e-11,-5.485179893452197e-11,6.10858078147438e-11,2.5281278601551294e-11,-2.5626985564055465e-11,-1.544817060750636e-11,-4.06069025529683e-11,-6.41569578499986e-11,-1.8122528586507234e-11,1.2339858759277535e-11,-4.797459740545678e-11,5.977103116486506e-11,1.4516760711200878e-11,6.96417207212992e-11,1.7897848928320024e-11,-1.4321729751221869e-11,-2.7226218274239906e-11,3.4321584384834614e-11,-1.9063795649897907e-11,-1.2588796166478732e-11,4.681214392160487e-11,1.055894957379738e-11,-1.7650658746736988e-12,-1.1798402953960458e-11,-1.955164774143836e-11,4.391793311171493e-11,-6.6491235366689624e-12,-2.4566607476302964e-11,-2.02093351538071e-11,-1.8999644421463774e-11,-1.816824252648722e-11,-2.7214029733886176e-11,2.59053017565166e-11,-1.2473149994600022e-11,2.4051468211688454e-11,7.927447028143001e-13,-4.6070202139828416e-11,-4.542327517249913e-11,3.179733301983023e-11,-3.712745650043876e-11,-3.2398463577561606e-11,-1.0344126746982666e-11,-1.798404026789967e-11,-1.6260837597271444e-11,9.59930271217492e-11,4.419465755638198e-11
-4.457792856012864e-12,6.344149244799589e-11,-1.515611425157094e-11,7.059952606643831e-11,6.900025400122119e-11,5.5460226479078164e-12,4.942456231298267e-12,2.977680995964404e-11,-3.8527111872468837e-14,2.1375890541931786e-11,4.1112188009339015e-11,2.9333674708662787e-11,-4.2483874959165635e-12,-2.970477812082675e-11,1.767733742251618e-11,-3.101714177185637e-11,8.992722844176795e-12,-1.1673970951903456e-11,3.717101823316758e-11,1.9211597572042393e-11,2.158478496601071e-11,-2.5169354722308645e-11,9.111932636875026e-12,-4.194932411251392e-11,2.0116475086996422e-11,2.319001038007424e-11,3.3254897864199777e-12,-3.121096129810137e-11,-1.7468511595889047e-11,-1.3039222017795566e-11,-5.839011047301604e-12,1.0215915042106602e-11,-2.334101639724241e-11,-1.2456254874120173e-11,2.959367256194608e-11,-1.9954962833116278e-11,1.4379497081407526e-11,-9.735872528316422e-12,2.3672665179418675e-11,1.4459036245115936e-14,-7.210571083245599e-12,-1.540741605786166e-11,-2.497689770659058e-11,-2.652545435944413e-11,-1.749459728578086e-11,4.752283993684942e-11,4.9306464283058294e-11,-1.2122093994682928e-11
1.8583957286532422e-11,-4.216721151984865e-11,3.535778312247441e-11,3.249807210859178e-11,7.901644976162868e-12,1.2292165000341488e-11,-1.9822145230916276e-11,-3.249120354633108e-11,1.5011359124306745e-11,1.4237002464701333e-11,-7.256098332562598e-11,1.1880387805657392e-11,8.619923701997162e-13,-3.276667016599344e-11,8.560347605535258e-12,4.943476103221569e-12,-4.397870653016092e-11,-7.671846827882573e-12,4.576883134564443e-11,2.7679732146781492e-11,-3.482280284981994e-11,2.7876469233291308e-11,-4.9972335743987175e-11,2.790053032718045e-11,1.3192540589598013e-11,-2.4315443489571256e-12,1.8032321564125074e-11,-5.214150831384103e-11,4.6571167038246016e-11,7.44983627719208e-12,-2.770237833257902e-11,2.3156659178788638e-11,-7.137445016080753e-12,-4.484479590447658e-11,2.0636517719360824e-11,-3.199864746957696e-11,-3.2513243912349627e-11,-8.37269323945683e-12,2.4569582530039187e-11,-2.601670788279718e-11,1.2934304003475562e-11,-6.3971296387892874e-12,3.7197479112646286e-11,1.2563763107328146e-11,4.0124113693037245e-11,-5.687081325914527e-11,4.801330588658943e-11,1.3987960937102525e-11
1.0490265779119507e-10,-3.280917584282961e-12,-1.12649263312949e-11,-2.180222067756581e-11,-3.0303282969442685e-11,-5.861420626790616e-11,8.498112359796608e-12,2.0495718539481787e-12,-2.995809450997192e-11,2.3099709397036335e-11,1.802716531598288e-12,3.7483557757163154e-11,-1.1082010285892468e-12,3.2875828083953245e-11,1.68550348095928e-12,-9.299692946528186e-12,1.2212071918237626e-11,1.3762369896227632e-11,-5.204761327244831e-11,-4.3015067687828425e-13,-2.8001000759327955e-11,1.7967634283792393e-11,-1.8680145247237694e-12,1.037060117338342e-11,1.8700783194482202e-11,2.120870648897218e-11,-1.599418298525964e-11,-2.9577605100689247e-12,5.842079245004423e-11,2.6534531195241055e-11,6.8585206261824726e-12,-1.1406829328668496e-11,-2.2889250845748996e-11,1.0495497202170347e-11,-1.1215647124308399e-11,8.373251836084933e-12,-4.005744874717028e-11,2.6967463931489714e-11,-1.6379881561872785e-11,-4.624846441743331e-12,-5.0761902406757525e-12,1.5041453463654937e-11,4.269000863234808e-12,1.7192848458779067e-11,8.405713333245006e-12,3.6096984743386745e-11,-3.751258014617689e-11,4.176826439813057e-11
2.320022278558663e-11,-1.3694225213824756e-11,-4.299912004226109e-11,-6.676808355131878e-12,1.3606930694067982e-11,-1.2449646923204584e-11,-1.6635648201855795e-11,-9.011093818647263e-12,-2.7440896324257e-13,-1.906231458591952e-11,3.112564107881204e-11,9.825655744845963e-12,-1.5027899940255134e-11,1.9304534053334952e-11,2.67324106236695e-12,-9.092611374134193e-14,1.127592818295132e-11,-8.810597193525125e-12,-8.22183887429956e-12,1.88583969938209e-11,2.6184229626993097e-11,3.736978941412572e-12,2.4219643045704116e-11,-5.92661067842896e-12,-1.5221768600861328e-11,1.0212618796074138e-11,-8.486711222389703e-12,-2.5965156835447398e-11,9.223946277937332e-12,-3.4314934957407016e-12,-1.64955250336587e-11,-3.5843051133592396e-12,7.838898118952688e-12,1.8857258651056167e-11,1.5842443767510574e-11,-1.9070896502762485e-11,7.189587795585003e-12,8.595593284662477e-12,-6.155105297915006e-12,-1.691661393358248e-11,-6.109202068348024e-12,-2.1662026347084325e-11,2.2510546712037488e-11,-2.329934380232417e-12,1.4721793310739544e-11,1.2848149354549328e-11,3.151687511592933e-11,5.8189321227495184e-11
1.24683875348911e-10,4.259452124479427e-11,2.072998771303522e-11,-5.604130131356559e-11,5.061067750355549e-11,1.7504684202077768e-11,-3.671728320644418e-11,-9.657787389239315e-12,-4.34749702603086e-11,-5.418320663042566e-11,-2.1072960700150205e-11,1.571652621127099e-11,-4.811769497420581e-11,5.046171468928326e-11,1.0056780516294056e-11,6.827838910820104e-11,1.9439489569592823e-11,-1.4959950598678362e-11,-2.9369267225006925e-11,3.4671954378887054e-11,-2.091935794394335e-11,-1.1238663174792082e-11,4.898750639074215e-11,3.6347247522213737e-12,5.443516498795864e-13,-1.0919821677535227e-11,-1.4473811008469262e-11,4.1920514393806235e-11,-4.3895784638436974e-12,-2.4677073012146882e-11,-2.0120147954373763e-11,-2.399628981006745e-11,-1.6520925161329328e-11,-3.2623893269069534e-11,2.948758257137225e-11,-1.4333745749492652e-11,2.2838747146664922e-11,3.309726788385544e-12,-4.6126172000660995e-11,-4.279707734636747e-11,3.257073606665676e-11,-3.9255726407124194e-11,-3.464101323195126e-11,-8.998548553068961e-12,-1.745913836414564e-11,-1.4647751251118e-11,9.595829337129135e-11,4.439413387494389e-11
3.17944215212095e-12,7.129024994050343e-11,-9.407990743636364e-12,5.753156821569756e-11,8.027192199477019e-11,9.144864719272154e-12,-3.998871456084407e-12,3.728183239011763e-11,4.625694382083332e-13,2.099839797751338e-11,4.168461241969487e-11,2.6563652168329266e-11,-9.097003594952297e-12,-3.0782680748920084e-11,2.018278943447398e-11,-3.101198200868383e-11,9.402830648178545e-12,-1.598892485602e-11,3.7616685508151714e-11,1.8167319308498655e-11,2.016950853022331e-11,-2.2726490125350157e-11,1.0100962863730256e-11,-4.4378540217819794e-11,2.096434379386624e-11,1.9199225347678456e-11,3.6472694569225103e-13,-3.166913368973352e-11,-1.8454163340430298e-11,-1.2779513851897978e-11,-5.4189630674258706e-12,1.1605081846149806e-11,-2.231736332377884e-11,-1.2333129258550082e-11,2.8056051885267018e-11,-1.9703406901734762e-11,1.5638844158653508e-11,-9.754430903300286e-12,2.1556110488012788e-11,-1.4533423213449155e-14,-7.477457810525144e-12,-1.659800787957606e-11,-2.4800508069925332e-11,-2.685165559159096e-11,-1.9103691380051307e-11,4.556597157140028e-11,4.689421922307728e-11,-1.570200314654892e-11
2.1796440783010565e-11,-1.7085873915066247e-11,3.073032033025249e-11,4.6936711849434126e-11,2.97265005537557e-12,6.561657333009332e-12,-1.707996806010048e-11,-3.0806050950656146e-11,8.788225433781228e-12,1.4337892320976086e-11,-7.004915106692062e-11,1.5402901473406955e-11,4.359310488863037e-12,-3.7944898634329046e-11,4.923838549450648e-12,4.224381949117572e-12,-4.192989895255162e-11,-9.287346306609038e-12,4.305405072220125e-11,2.528503764775638e-11,-3.693107322755767e-11,2.921608720253865e-11,-4.970613454423515e-11,2.7368087279229517e-11,1.2835895466600625e-11,-3.110041946597456e-12,1.8491419390318527e-11,-5.26305492402257e-11,4.65547050469447e-11,6.5896931347175964e-12,-2.792477143214981e-11,2.2607981255143334e-11,-7.1910574736029966e-12,-4.5293912351697844e-11,2.049408969616447e-11,-3.2036589972323644e-11,-3.2790292607871365e-11,-8.675603039307712e-12,2.4438732547309416e-11,-2.6033532498954318e-11,1.2364227048068849e-11,-6.531472024031531e-12,3.648604121005725e-11,1.1979162013847367e-11,3.937326164057141e-11,-5.824335472642371e-11,4.633219865015307e-11,9.338370273119588e-12
8.267029871850623e-11,1.4356113277220174e-11,-1.2339392183312855e-11,-1.0958236781378935e-11,-4.168245611323452e-11,-6.834446392304615e-11,6.0397180876202014e-12,1.080859189121103e-12,-1.7065521452309388e-11,8.460414586797591e-12,7.405037897471958e-12,4.4408035416411756e-11,-4.541722970571417e-12,3.7483757241078765e-11,-5.0603332840377896e-14,-1.1861418729248467e-11,1.3789629442300235e-11,1.9581761533245453e-11,-5.070016937846444e-11,3.068953845334024e-12,-2.860464820269542e-11,1.7003693328188204e-11,-3.2466754573573857e-12,1.1134819554643475e-11,1.7834332509727277e-11,2.2260873488746446e-11,-1.692452586411701e-11,-1.2299522956143223e-12,5.8087768289419265e-11,2.7179119421851322e-11,7.462651925921186e-12,-1.0373754777801425e-11,-2.3261975404634485e-11,1.0020996197785227e-11,-1.035593257548465e-11,8.253485878577665e-12,-4.0085644241207405e-11,2.6913948570541842e-11,-1.6081932393982282e-11,-3.847703733666118e-12,-4.388553307748018e-12,1.494673032501919e-11,4.747470077558941e-12,1.7323207131430596e-11,9.15799259981562e-12,3.678913910817469e-11,-3.584369702576493e-11,4.6060539250801344e-11
1.3178607283296502e-11,7.081710380729795e-12,2.3030300958525723e-12,1.515776046227226e-11,1.6500467437923762e-11,-5.423492016163044e-12,3.0602778101115854e-12,-2.6413371418495923e-11,-1.827416066927687e-11,2.5791702326500653e-11,-1.87204124686841e-11,-3.659080145094442e-11,-1.2882911384217147e-11,-1.5704997302615678e-11,-1.8727282274413e-11,-2.2692089464134902e-11,-3.3535616239749386e-11,9.036784169701069e-12,-3.9767798260142634e-12,4.392424831759346e-12,1.2406936052723532e-11,2.132989384435243e-11,1.8108971853534865e-11,8.295935601331512e-13,5.54862003589286e-12,-2.1992802909049145e-11,4.093219885117996e-11,1.1747915290123457e-11,-2.7331961811166508e-12,9.259978297416264e-12,1.5742737219888846e-11,-4.112393413420465e-11,8.936316300950422e-12,-2.827375880704689e-11,-1.1001489261186204e-11,8.95315243969531e-12,3.130253381455321e-12,-4.4988362811414716e-13,1.3398422187147504e-11,1.6242263937122317e-11,-3.1586448437355595e-11,-2.6363120243454584e-11,2.064360473576188e-11,-1.8564853490180725e-11,5.040728928192773e-11,-6.939910670017903e-11,2.6940168525782118e-11,2.1241177003500062e-10
7.835911194539987e-11,5.206431749771315e-11,-4.356651848886992e-11,3.3370254741200424e-11,1.0981075186701245e-11,3.489727409016838e-11,1.0861366191779862e-11,4.2848660180527296e-12,-3.963723514413857e-11,-5.668182328350884e-11,-7.886746827763111e-12,3.014646067181331e-11,1.140464118108465e-12,6.395540003641555e-11,-9.774634443029947e-12,3.6873165504147205e-11,1.2885595699336495e-11,-1.567919839178155e-11,-1.0155696878788998e-11,-6.8485705020640326e-12,-4.137645693645137e-12,-3.9569456483113856e-11,1.718568333180493e-12,-2.4537249260637827e-12,4.410022464217046e-11,-3.4699165747116634e-11,1.0214141765036416e-11,2.2652602168577915e-12,1.3988898884289476e-11,1.9099036897039855e-12,6.105000372564054e-11,1.33918156145011e-11,-4.4095362500849046e-11,5.314463796016199e-12,5.817779772244655e-12,-5.6735847870733923e-11,3.3451365615353556e-11,5.331255882410756e-11,-1.2510071865203134e-11,1.2070262587127467e-12,1.0140546164346356e-12,1.0658897971568029e-11,-1.0984461171861156e-11,2.558909172602899e-12,9.528567801090384e-12,-4.2321554098260334e-11,4.432850228679152e-11,1.3969580297834574e-10
-3.288301345078457e-11,1.068640282056042e-11,-1.2415635628430737e-11,-7.827453069867549e-11,2.7553420960836266e-11,3.516504478506697e-11,2.6404089118340128e-11,-3.678754451133332e-11,-3.9166444419344505e-11,4.4731982170791124e-13,1.1225579174633242e-11,3.948954492706486e-11,-4.255951560938571e-12,6.859124373789454e-11,-7.841689137643031e-11,-9.992571610423577e-12,4.819304399343622e-11,-1.6006206529763706e-11,5.69641107006285e-11,1.5272245459966468e-11,8.562566504015132e-12,-2.2531800514428855e-11,-1.73555392602993e-11,4.359629888071245e-11,4.089688783490853e-11,-3.8580887653413675e-11,1.6286161694925018e-12,-2.7108958516357416e-11,-2.355309578509539e-11,-1.8340512198899853e-11,1.8661980791571213e-11,1.8197644642395275e-11,-7.592569107650574e-12,4.578265657393307e-11,7.942540817229056e-13,2.7287741836908588e-11,-4.4831563895540065e-11,1.5303404314313421e-12,3.4435430531171734e-11,1.0975599336801696e-12,2.6362858716998364e-11,5.361216853444591e-13,-6.523740927128735e-11,5.328233699622002e-14,-1.58596541111892e-11,4.026679946167076e-11,1.0612665512604472e-10,1.9811493574431807e-10
-3.406470308324273e-11,-1.0907088131625206e-12,3.954440405904531e-11,2.2758226899444895e-11,-2.391098627105026e-11,-3.4568917713938945e-11,-2.8289808525805055e-11,-1.8954711068456006e-11,2.3513275391988842e-11,4.3093337313958906e-11,-2.926171036329222e-11,1.684875320560956e-11,3.663070472100939e-11,-9.142902629434392e-13,-5.3954062521399487e-11,-3.666324657633119e-12,-3.1405505575760275e-11,5.026495654596659e-12,3.195528909760393e-11,3.780861947479127e-11,-6.8811818901010345e-12,9.632566059771253e-12,-1.4841477211568682e-12,-3.9845653926900765e-11,-4.3401733270438105e-11,-8.203992584226143e-12,-3.790541447195686e-11,-6.1604087543470034e-12,-6.154546657967603e-11,1.1134045690324086e-12,-2.4416216918173073e-11,-1.2646951235537963e-11,-1.7601108806687632e-11,4.7814899464487445e-11,-2.5857669219243745e-12,1.1211026637314144e-11,-4.4146258703210955e-12,-4.4233695678129943e-13,-2.6498109791403668e-11,-6.582340515627728e-12,-2.9742319072099434e-11,4.529438147337779e-14,-2.7836468118538463e-11,6.132840944208575e-11,-7.669287625932952e-11,-1.3844456833827968e-11,1.4057199569353278e-11,-4.025149155709271e-11
3.9372065140690974e-11,-4.3329824626431616e-11,5.50114407500045e-11,6.991500986322572e-11,-4.06078667699087e-11,4.3569247280453076e-11,-2.131999360071022e-11,9.794708642069831e-11,3.5266690101846445e-11,-3.496421140819918e-11,-7.020614659060134e-11,-3.2489096808147035e-11,1.3556618229119944e-11,-4.296728772590874e-11,-6.859350320222301e-11,-1.6691333291490444e-13,5.287530702307563e-11,6.804855988682823e-11,1.0092712903078587e-11,-2.3037263456563365e-11,3.010938720841844e-11,-6.799963735887627e-12,-1.976953807509839e-11,3.0036869645149996e-11,-3.776790671191761e-11,1.631232473707003e-11,2.5662869717279e-11,4.141442342411414e-11,2.336250930587187e-11,4.704324369933748e-12,-6.023606621784154e-12,3.5324365455446505e-11,-6.77562855948785e-11,-4.2029427030000323e-11,8.711237149056382e-12,-5.604853322406993e-12,-5.688631514804407e-12,-4.558351116901325e-12,-1.910515101695916e-11,4.944637971100579e-11,1.1074453227714382e-11,-1.2601415196808564e-11,-6.047599549674725e-12,-2.6919023693416364e-11,4.631733924019909e-12,-5.4872086614738894e-11,4.018253331274793e-11,-3.825326701183796e-11
1.3325086411557834e-11,7.175743980726013e-12,1.4162195519825566e-11,2.2781933982931855e-11,2.2777034670563762e-11,-2.566958148593941e-13,7.44791469708106e-12,-2.358556793627488e-11,-1.6699947350881682e-11,2.9069606568324888e-11,-1.1448606043210009e-11,-3.8087990633898066e-11,-9.41325045902123e-12,-1.5244245047020554e-11,-1.8936626738980314e-11,-2.414200766802137e-11,-3.3776060992781e-11,7.543314835073315e-12,-2.9192568491645048e-12,5.585108032433303e-12,1.302344984266998e-11,2.1295637849286008e-11,1.7802710995069926e-11,5.448768955384655e-13,7.303618759584152e-12,-2.1227507651531223e-11,4.052491875694574e-11,1.2318409756380665e-11,-2.8716659973318576e-12,9.349397619893151e-12,1.4601878127474916e-11,-4.2903293747890655e-11,9.821175681266343e-12,-2.8453193708474037e-11,-1.0664354450860229e-11,9.31350061893071e-12,3.4463929616349612e-12,-1.0147539028897314e-13,1.3749098612938852e-11,1.6536224601569666e-11,-3.136832176155883e-11,-2.6093464878053238e-11,2.0932027768427702e-11,-1.8187675820108114e-11,5.111160693569056e-11,-6.892746075922322e-11,2.793451169152379e-11,2.1434261422130127e-10
7.733954005680496e-11,5.4512959571981696e-11,-3.91202364813777e-11,3.828968619428369e-11,2.2131668915796267e-11,3.495153899796419e-11,9.099363068024739e-12,-1.3433989499539428e-12,-4.3479671446949426e-11,-5.3810657421108936e-11,-4.813604284256878e-12,3.0481725873022796e-11,4.617946824318904e-12,6.639026923247783e-11,-6.8968015149180815e-12,3.790315660182519e-11,1.36227402759292e-11,-1.4491796443620686e-11,-1.0127526086546001e-11,-6.000179838379972e-12,-3.459296998048341e-12,-3.857374938324593e-11,2.5750581341267892e-12,-2.5260306271466285e-12,4.5156941526023455e-11,-3.354685731887015e-11,1.0593223870098234e-11,3.861289347320833e-12,1.4651213899934978e-11,2.4257073495814113e-12,6.131232168280829e-11,1.4181529725322773e-11,-4.3677596356351165e-11,5.985364291736413e-12,6.417141517478202e-12,-5.591893434655206e-11,3.4141785560449536e-11,5.395055671777696e-11,-1.1728732873191913e-11,1.9050252177227147e-12,1.9598984725044305e-12,1.1438640639738746e-11,-9.882255714412421e-12,4.024146677829567e-12,1.1073949958066232e-11,-3.984184131968149e-11,4.830101549846126e-11,1.469879489884655e-10
-2.8122394959506247e-11,7.692885136725465e-12,-1.3363338618678365e-11,-6.855642781655027e-11,2.920756883111382e-11,2.38599242921602e-11,1.990054910059509e-11,-3.3281889327435935e-11,-3.821047979613323e-11,-1.5349591761775006e-12,1.6087528764910874e-11,3.365759196947996e-11,-1.4255947135873482e-12,6.348448533556904e-11,-8.14951528306367e-11,-4.965860114034374e-12,4.787673892955379e-11,-1.595073182045028e-11,5.2571610575847455e-11,1.4499041740576023e-11,1.1935321153288529e-11,-2.0955534161233255e-11,-1.9026635804236096e-11,4.19781721076798e-11,4.190298136191669e-11,-4.1733141386136955e-11,1.3622756472535494e-12,-2.5605061365128797e-11,-2.543628598884601e-11,-1.921841617694567e-11,1.8884190057376652e-11,1.7893951695805812e-11,-8.141687935404526e-12,4.510015357018018e-11,4.70196620752277e-13,2.643869825588562e-11,-4.484389899917352e-11,8.139092844734351e-13,3.386003913457937e-11,3.976558855803751e-13,2.5531510833109143e-11,6.851218848299299e-14,-6.620919428410563e-11,-1.840372058173656e-12,-1.7549853825070513e-11,3.83191810245381e-11,1.0057522508390829e-10,1.78838575797508e-10
-6.59163465273375e-11,-3.854913951393565e-12,4.110036062293041e-11,2.1385990281239688e-11,-2.6806241649642993e-11,-3.868891350694032e-11,-2.551045572721059e-11,-2.1421853458796614e-11,2.1385029037584825e-11,4.2195053984248654e-11,-2.9088047459321474e-11,1.2697533563234909e-11,3.610347208877229e-11,-1.4032813901010564e-12,-5.4629432778898854e-11,-5.205732177222057e-12,-3.3383574660200926e-11,4.367766491051121e-12,3.084937073791195e-11,3.7868141313327855e-11,-7.636685625806436e-12,9.528579154625011e-12,-1.621267483620275e-12,-4.088262283487681e-11,-4.469591928854341e-11,-8.588591837797864e-12,-3.891485564605901e-11,-6.9732632925816686e-12,-6.20072795514284e-11,-8.225401106734953e-14,-2.544037812472678e-11,-1.3321690995811885e-11,-1.7187648529971766e-11,4.765856529690424e-11,-2.8508261772608927e-12,1.0583257162148993e-11,-5.093537228619456e-12,-1.163792221668103e-12,-2.6192341880233237e-11,-7.0739430932788645e-12,-3.043732890515301e-11,-2.3675359429623117e-12,-2.8955957160730294e-11,6.015128162266164e-11,-7.82997300086674e-11,-1.6412565498451837e-11,8.2609277146294e-12,-5.456307871520112e-11
4.648589108009113e-11,-3.3316702642881926e-11,5.5033015335280955e-11,7.027592523920162e-11,-4.143739702044224e-11,4.772197473672782e-11,-1.7209214568995846e-11,1.0036415503904639e-10,3.61713548621295e-11,-3.308924388798819e-11,-6.653800724120867e-11,-2.90113624800553e-11,1.2685251751149538e-11,-4.483573835643469e-11,-6.798775685959293e-11,1.6057150051996162e-12,5.397999144102797e-11,6.930089303740401e-11,1.6692028062723255e-11,-2.424107507737087e-11,2.972972816548395e-11,-8.951072609308048e-12,-2.1154591550467514e-11,3.271624867998853e-11,-3.701056078294831e-11,1.431406430268757e-11,2.600180040405962e-11,3.914556225987441e-11,2.3182366269554322e-11,4.867593297866002e-12,-5.9375664262023895e-12,3.6288117287169705e-11,-7.192773615795221e-11,-4.5371022697967236e-11,1.0956295520021492e-11,-8.623103914956985e-12,-6.026158595400859e-12,-5.4631474082319325e-12,-1.810743333320436e-11,5.0808631451194055e-11,1.0309777775344688e-11,-1.2140665409447628e-11,-5.745772630985344e-12,-2.6593366452413466e-11,4.892051427823186e-12,-5.452764010417339e-11,4.086999743983085e-11,-3.467118138885131e-11
7.420293910866409e-12,-8.192134815057431e-11,6.295764453698382e-11,4.2353555094043564e-11,5.6873522353382463e-11,6.161177392653085e-11,-1.8678872540976442e-11,7.830227571071524e-11,7.963462349841493e-11,-4.678507239267786e-11,7.296525847411554e-11,2.7479459315133456e-11,-5.727254014705864e-11,-7.247692267566453e-12,1.9957326033883966e-11,-3.701398829913059e-12,2.36500705374415e-11,-4.2925677014824084e-11,-1.313031778274065e-11,2.9760492914914525e-11,-6.164845598806934e-11,6.65465063472292e-11,1.3090161712156023e-11,4.3313786557737706e-11,5.471759039803892e-11,3.182304678287966e-11,-7.806305070140662e-12,4.442628417723882e-12,6.992872042136692e-12,3.856962468005649e-11,1.1788046246834787e-11,-4.0071880712172486e-11,7.188746781191613e-11,-3.216663438039063e-11,3.817535492919644e-12,2.253525408817089e-11,1.1843240313938768e-11,4.492544368215804e-11,-3.8868077527873734e-11,-2.327676368805015e-11,-1.0498145967985042e-11,1.985623575440872e-11,-2.8347866904536485e-11,5.1726804993025694e-11,-5.584982346635721e-11,1.4605782274637072e-11,-2.0518965876564666e-11,6.90651941936648e-12
-6.775552347304036e-11,-1.6827355736319971e-10,-9.216788926961773e-11,1.3407387465655317e-11,-7.000823284779811e-12,-1.0865833392797085e-11,4.7360163621380734e-11,-4.6112363247580247e-11,-1.3729213586206202e-11,6.237401971342629e-12,-1.3171619387312803e-11,7.815639572029833e-12,1.404763139161726e-11,-3.956867975062633e-12,-2.0281301304259384e-11,-5.271982118058021e-11,-1.52932931750218e-11,4.256063499951789e-11,1.5602668188925488e-11,4.4857531852798077e-11,1.1127890427474489e-11,-3.0185127375620105e-11,-1.0507343666704277e-11,-4.0119354415506775e-11,-4.95238085581079e-12,9.472487839716515e-12,2.2940891281069965e-12,3.142840545426645e-11,-8.098553005489708e-12,2.924827224634957e-11,4.388988050266915e-11,2.6315286011882057e-11,7.291381439160946e-12,6.182630686032063e-12,1.5681675511550497e-11,8.117576210151949e-12,-3.8268089257367466e-11,-2.8733498078935888e-11,-2.9599968285114404e-11,-4.009503501172243e-12,4.9834691420727e-12,-1.2249338733148178e-11,8.007392603687783e-12,1.450366722652844e-11,5.3552835786371864e-11,2.6892476062621936e-11,-2.7281388494142406e-11,7.314883882394527e-12
-3.701795459396762e-11,5.784745625028198e-11,-6.732028164488143e-11,-4.151060900669854e-11,5.021468706786659e-11,6.33274340954429e-12,4.1836906271361827e-11,1.7968940443936832e-11,6.476625564902219e-12,4.120869562632403e-11,-4.6447236439809953e-11,-5.234620041362184e-12,-2.6442512777793972e-11,-2.636994652148241e-11,-1.8275230307230163e-11,4.813311980177132e-11,3.135570391341214e-12,8.401827386536795e-12,-3.090622413140287e-11,-1.9960104843375177e-11,-7.344940554948338e-11,6.547300636035781e-12,-2.3638069571574222e-11,-2.4825789040051234e-11,-2.8742968018695397e-11,-4.892544205990624e-11,3.051827283766104e-11,-9.194077197625466e-12,-5.713811745596874e-11,7.72277142275506e-11,-2.946761467571029e-11,-7.758371929459296e-11,-3.811207712761652e-12,1.676969146884286e-11,-1.2149975086009448e-11,-2.3967276619664798e-11,-3.716075049751041e-11,-4.455785162425614e-11,6.610494185657241e-11,3.686333316661024e-11,1.7503905616852926e-11,2.208584068074284e-11,7.119861639150966e-11,4.887864236686392e-11,-4.8460933706157273e-11,-3.516434787976604e-11,-4.1310076458807517e-11,1.6103765887402066e-11
3.6527343865883e-11,-1.502800930605922e-11,-1.0601529733053953e-11,-3.849215514175797e-12,-1.0485465323358568e-11,-2.900488418343881e-11,1.7984483948066327e-11,4.5643928392179204e-11,2.136489359523362e-11,1.753722799679449e-11,2.144247753605845e-11,-5.826681203372626e-11,-1.1595758198391345e-11,2.2439171899063766e-11,-9.991861005723965e-12,4.482845547418846e-11,-6.194709046910699e-11,5.734902191608254e-11,-2.871215151656787e-13,-3.4179005944052215e-12,-1.2036130354046854e-11,2.813975783444599e-11,1.2027816823289927e-13,-2.788018084882516e-11,-1.7946001704390037e-11,-2.144280506760976e-12,3.063525585286218e-11,2.1433736490031306e-11,-1.5924390617790577e-11,-1.656848380457938e-11,1.369062393799297e-11,-1.5313386736520115e-11,1.4739390124193788e-11,3.5034579562782354e-11,-1.7189651690858423e-11,-1.5585392946302573e-11,-9.038397124993282e-12,-1.1331511997620434e-11,-7.914799928979173e-12,-2.338980375001103e-11,-3.751775592990874e-11,-4.2564059299849873e-11,-1.9424397932790794e-12,9.242195177063555e-12,-4.049947072347211e-11,-4.5989427317768476e-11,-4.763435137175938e-11,2.0661746905408217e-11
-1.725198026338854e-11,2.6318079596455604e-11,1.535475307373169e-11,-3.9743178405912076e-11,-7.633714259752173e-11,1.651212825063124e-11,4.071505406947756e-11,-3.32461779317095e-11,-6.57093124557775e-12,-6.014955015335681e-11,-3.052675404535331e-12,-5.7043449170493406e-11,-1.3639751079600717e-12,-2.215022618616029e-11,2.4187835575386375e-11,3.313669773492584e-11,5.282045826254349e-12,-8.184127076281243e-12,-1.0275888511464457e-11,2.574462377609692e-13,5.337827898883878e-11,-1.5209042324914345e-11,-7.800717775091187e-12,4.1198611490435744e-11,-6.111650939867164e-11,1.3391426264020788e-11,8.390537858006855e-12,-3.4692203254636867e-11,-2.736901802142588e-11,3.124842145506237e-11,3.221280474627319e-11,4.965427060098025e-12,7.982859764837165e-12,2.4594361863930365e-12,-8.068496895667088e-12,-1.827088504338858e-11,2.0633698686383173e-12,-3.661363175512686e-12,-2.0434965234707098e-12,-3.607377831283853e-11,-2.5406477206713348e-12,-3.265351448949141e-12,-6.928099085479904e-12,5.0969886413366216e-11,-9.278559846724049e-11,6.333202285090606e-11,-2.8535475426987215e-11,-3.3618314635896413e-12
1.1757773771934102e-11,-4.95714658377038e-11,7.744975690306417e-11,4.2589543463242346e-11,4.198579365556705e-11,5.961633259224356e-11,-1.964645307359035e-11,7.062366637664717e-11,8.696175480161801e-11,-5.488219863689051e-11,7.443675324890227e-11,3.021427882715033e-11,-5.5924245766971474e-11,-1.1156133985138296e-11,2.5262282002693866e-11,-7.1373062535035185e-12,1.995842483843727e-11,-4.568838258935972e-11,-8.7724268553997e-12,3.429882390856701e-11,-6.673008824472778e-11,6.791960919396099e-11,1.1183919880408676e-11,4.402979026690891e-11,5.6078450134676176e-11,3.233514119632696e-11,-7.518623430508737e-12,2.093025423665133e-12,6.083488642064351e-12,3.8591068780066804e-11,1.1822872094408068e-11,-4.02684842943264e-11,7.201380952528391e-11,-3.203536616016489e-11,2.7967645990722823e-12,2.2379018089418434e-11,1.1557718508453975e-11,4.4257189639774014e-11,-3.92516187880778e-11,-2.3605191872889562e-11,-1.1123273487791593e-11,1.9011966057954136e-11,-2.907200178020248e-11,5.058381619855835e-11,-5.754503767418455e-11,1.268303494805726e-11,-2.3089232085882974e-11,4.144191359945183e-12
-9.541179168222196e-11,-1.5740639982169284e-10,-5.978442347271883e-11,-1.939353098059299e-11,-1.1348482105835831e-11,-5.473727971593978e-12,6.352283015286421e-11,-3.9193273399014316e-11,-8.495504789345726e-12,1.38215199818165e-11,-2.2066648181160537e-11,2.1632803102420838e-11,2.79596532425971e-12,-5.125209308892167e-13,-2.2244266773418693e-11,-4.445669823938704e-11,-2.4940424844356478e-11,4.984414775155312e-11,1.522694821719883e-11,3.951921743394056e-11,6.240370872981975e-12,-2.2974027786560546e-11,-1.151173616078622e-11,-3.815895585139312e-11,-6.3541669892487346e-12,8.756583780764338e-12,5.0831014159277484e-12,3.332594558757068e-11,-8.714172607018923e-12,2.971521223859121e-11,4.016892089875654e-11,2.0814540576367415e-11,8.525071832034196e-12,8.240428545215478e-12,2.0277725211905907e-11,1.051763016145845e-11,-3.70417089549793e-11,-2.3166930927947113e-11,-3.0106541810454594e-11,-6.094339474650688e-12,7.240792586052318e-12,-9.148355104608061e-12,7.237030192548754e-12,1.348725144942669e-11,5.345587059103362e-11,2.4886704114736864e-11,-2.8883998061138078e-11,6.292243252306401e-12
-4.480551495706332e-11,2.2533582056607154e-11,-7.111649400666165e-11,-3.884706598701915e-11,3.565616453701057e-11,4.631515950359934e-12,4.163095025995009e-11,9.955668623192354e-12,2.853041861710878e-12,3.34174907569177e-11,-4.440850662593395e-11,-9.195675940933139e-12,-2.660183585228418e-11,-2.5852997534026958e-11,-1.1418790783215427e-11,4.528553995010617e-11,2.246833203561001e-12,9.893215286409674e-12,-2.844777558108888e-11,-2.2830702729049632e-11,-7.295660013185512e-11,8.079746659737675e-12,-2.3611141073535325e-11,-2.2689290525937123e-11,-2.861184770769515e-11,-5.235209374215815e-11,2.94066738245984e-11,-1.4932028838196198e-11,-5.89996449523296e-11,7.621501954583803e-11,-3.0086099899131916e-11,-7.811111393940638e-11,-5.28954045562203e-12,1.5501960020055193e-11,-1.1312935985038598e-11,-2.449899262763773e-11,-3.757130728460168e-11,-4.40887816969405e-11,6.529130131952332e-11,3.784471485135171e-11,1.754263428853182e-11,2.1931465198972614e-11,7.194401590877691e-11,4.919295758912176e-11,-4.7316809471117517e-11,-3.591675785876035e-11,-4.0274001517772615e-11,2.1073076588835692e-11
4.676580908828586e-11,-8.21285739031053e-13,-1.1509865320698346e-11,9.860810713798205e-12,-1.0839852816595434e-11,-3.340513672829516e-11,2.2869457835343678e-11,4.8015929431155e-11,2.0600430503461824e-11,1.6521383689476287e-11,2.6541052372738343e-11,-5.44896879367787e-11,-8.585177337237824e-12,1.7979730278837203e-11,-5.66956785560811e-12,4.349202637461469e-11,-6.642881324775384e-11,5.83387513827274e-11,5.468423580371439e-13,-6.21323129381386e-13,-1.1900626534811787e-11,2.587327215662936e-11,-1.976677390688273e-12,-2.370826692150729e-11,-2.018277902857588e-11,-1.9115567671665808e-12,3.616478599183508e-11,2.308076781552874e-11,-1.3901481940003124e-11,-1.4219356429011404e-11,9.60042171341839e-12,-1.5397741233395612e-11,1.4328576477993822e-11,3.4472985921434505e-11,-1.5888855120119874e-11,-1.5057944229777516e-11,-8.553361451754774e-12,-1.423579896953447e-11,-7.921488676427598e-12,-2.3737209810877417e-11,-3.7284482141199493e-11,-4.324792795782623e-11,-2.9790112277476974e-12,9.13300668762307e-12,-4.1147677577005495e-11,-4.580982472422946e-11,-4.8157381387330086e-11,2.3308490849966313e-11
-3.8688065735052485e-11,2.2411150077044244e-11,1.9183669395212605e-11,-4.7693505736061976e-11,-9.223383635516073e-11,2.712267530954384e-11,4.168728236758648e-11,-3.221214947012937e-11,-1.520229296055905e-11,-5.93901355007196e-11,-2.4312618528854557e-12,-5.649152338855432e-11,5.853984624014932e-12,-2.177587708779851e-11,2.630531118079413e-11,3.185086716659028e-11,2.1695202277081505e-12,-2.4906483122651836e-12,-8.455266382246975e-12,-4.78061342378616e-13,5.3938062131043254e-11,-1.552707755418898e-11,-8.432615120850323e-12,4.05004131239414e-11,-6.461482121451878e-11,1.3336830757144269e-11,8.113466532233417e-12,-3.4410604980249894e-11,-2.7112852194308845e-11,3.0740450889891485e-11,3.2293392674109915e-11,5.561499968180686e-12,7.679987793712334e-12,2.6844193609667315e-12,-8.219276475943009e-12,-1.776665183283602e-11,1.672126133612665e-12,-3.2031374840164458e-12,-1.745593561316467e-12,-3.6120626958882015e-11,-2.4381486320652243e-12,-3.26819950546927e-12,-7.179057433196208e-12,5.132092153584112e-11,-9.339781007728435e-11,6.321274386136604e-11,-2.7347333641352106e-11,-5.464051542185804e-12
5.393031711004363e-11,-8.680611012147525e-11,-6.135173599212308e-11,-5.3205001525633076e-11,-8.091722403532853e-11,1.8978559948452147e-12,-7.957111753774306e-14,-4.0827978180840124e-11,1.1827287052376198e-12,-9.252397431868348e-12,3.520895086297816e-11,4.111167738842808e-12,-2.756712331422307e-12,-1.580911648311289e-11,-2.632453280419643e-11,2.6224243940851877e-11,1.8366177108345232e-11,-8.520633702127026e-12,-1.0159063302846644e-11,-5.1561311441821336e-11,-2.6332736167787894e-11,1.4315152390025417e-11,3.1793128310986064e-11,4.941063753548526e-11,-1.772079951922979e-11,4.790235462456881e-11,-2.9121971761854e-11,2.0156223486339522e-11,-4.513348662836403e-11,2.4470237911416484e-11,-3.3072839035088865e-11,-2.00694146642363e-11,4.650477882500401e-11,-4.879616024061111e-11,-9.112892161134628e-13,3.117732887738455e-12,2.514950455026929e-11,8.954215080767334e-13,-4.355528419321881e-11,2.4524727653988507e-11,-5.258405818668082e-11,1.7961844826655017e-11,-4.1247140324388154e-11,-2.6979570131908438e-11,-2.588152547006327e-12,6.874836304217226e-12,1.6446155892490302e-12,8.088847325396175e-11
6.617080908814091e-11,-2.4862644958293292e-11,-8.186259399107694e-12,-7.39927141873104e-12,8.27882249017868e-11,2.481807037973167e-12,-4.8641451190024155e-12,-4.3625731922236105e-11,-1.1154477727352132e-11,-4.191309845529192e-11,-5.7355723926589805e-11,-1.7775695739848465e-12,1.496474097298229e-12,-1.1335024977783113e-11,1.0773332970568809e-11,8.915611255629836e-12,-4.887034502977248e-11,1.4452148067239733e-11,6.8368271530947335e-12,1.20585367079781e-13,-9.207744548532236e-12,4.8525943047951877e-11,2.661115614496515e-11,-1.2402486082441724e-11,-1.2959192847232657e-11,1.08460566083567e-11,-2.309282738541526e-11,4.983138097476453e-11,-3.958841948043855e-11,1.2047739876007233e-11,9.534603336623746e-12,7.309496674835097e-12,2.872750433236624e-11,3.1555829987080855e-12,-4.420302083918058e-12,2.5503632684725283e-12,-2.280563513010264e-11,7.521311166390448e-11,2.752062770631258e-11,8.496396354753072e-12,3.121155439036393e-11,4.196855333387028e-11,2.7282229967321338e-11,9.380640191718955e-13,4.843615099250017e-11,1.3955898850893633e-11,-2.592846484131071e-11,9.795602898468715e-12
4.3213726833944925e-11,3.188747773122156e-11,4.206166205144317e-11,2.9682322859843284e-11,1.3758634669345176e-11,-5.71205627025995e-11,2.924749119562927e-11,8.741934140224147e-13,-4.3912569606447674e-12,1.020269568435632e-12,1.8092105484193696e-12,-4.204247979581578e-11,2.010878729839298e-11,1.6683084761087015e-11,2.7255133401349962e-11,-8.703631316193133e-11,-2.4482479829408803e-11,2.9819093905094796e-12,1.7935377778895345e-11,1.788020124272219e-11,5.3317085106739135e-11,-1.9987114351270918e-11,-9.433651175417505e-12,2.7757653867196882e-11,7.890412711221473e-12,-3.59140191524938e-11,3.221818793876602e-12,6.633350501969759e-12,2.4072835510473702e-11,5.6806973189014595e-11,3.835471159747918e-11,1.0123329696401555e-12,-8.18314239903892e-12,4.1540109586785226e-11,5.463547678948252e-12,-2.2489426898482954e-11,-3.5415730213861404e-11,1.6380283773389162e-11,-2.10153376394562e-12,1.4573046689129702e-11,3.2443465814786894e-12,4.532854695686619e-11,-1.2451304977498346e-11,-3.1836693048933246e-11,-1.0559452321662274e-11,-2.0718258266338094e-12,-1.0465839417019673e-10,-2.0750371554983097e-11
-3.1442249099082585e-11,-5.909353721376192e-11,-9.199241495909162e-12,-4.636678428979045e-11,-2.3113112652219135e-11,2.9120899864218866e-11,1.4687683706815933e-11,2.3576849873813738e-11,-7.069082209313764e-11,1.186526067733827e-11,3.9344405113173785e-11,2.7460931375785615e-11,-3.4995391813283665e-11,-1.890420160171313e-11,-1.6748484395675126e-11,4.7400862866764784e-11,-2.6389966601526764e-11,4.681042564304316e-12,-8.96779454959014e-12,1.0628777982969484e-11,-4.218210013080752e-11,-6.225151756020243e-12,-1.4282572176980972e-11,-2.4908434521301883e-12,-2.474004057464757e-11,-2.7728195302384512e-11,-8.696510754985163e-13,7.303508153888732e-12,-3.8411688164652535e-11,-2.723901512612638e-11,2.2299870659831195e-11,-1.871548764643726e-11,-1.1478417608604484e-11,9.665311226321705e-12,1.8723445554397494e-11,-1.4208780416482599e-11,-2.0233309292107632e-11,3.293017774558616e-11,-6.380605172889526e-13,-1.4555696896337338e-11,-1.4350563130078681e-11,-4.326289241315796e-11,-3.8596874040411844e-11,-3.67395253598271e-11,-4.9349876337520556e-11,-2.5342824304925704e-11,7.558039156235631e-11,-5.3089002596066433e-11
-3.6379818562641176e-11,-2.2264065235952698e-11,-3.574499338647072e-11,-5.548804466581609e-12,1.4566903618528468e-11,-1.736594648095078e-12,7.1079176108757554e-12,1.4204752527019708e-11,2.4812373559758758e-11,-1.771346658909976e-11,-1.2249985135901373e-11,1.0428904507125357e-11,-1.9079535679186423e-12,1.4593213511702966e-11,1.3494220501975126e-11,-1.3246180040454332e-11,-1.4030806608618374e-12,-9.203634620802564e-12,2.5971408360693725e-11,-9.126622102983095e-12,1.1212999932594728e-11,1.3522243947419e-11,-2.081342935618575e-11,8.436659215647194e-13,-6.184509035721554e-12,4.761358582641287e-12,6.971935279385069e-12,-1.077944770506022e-11,1.8073658601066062e-11,3.456948138201943e-12,-2.868753704239696e-12,2.122882118877303e-12,-1.6743200377929174e-11,-1.0815308686533487e-14,-1.736225709084697e-11,-1.1843631811484187e-11,1.9284248075994304e-11,-1.309604245711944e-12,9.991433743896202e-12,4.513061154970234e-13,-5.561165045683232e-12,-7.185302059020684e-12,1.6391333477698169e-12,3.3274438413260424e-11,2.0046631356487726e-11,1.8013182532916343e-11,8.315468981813623e-12,3.2261021432914966e-11
4.111310898953058e-11,-1.0594922227672531e-10,-5.0968281778373185e-11,-6.032100854453327e-11,-7.699701008042524e-11,2.7817259893358133e-13,1.2500538177607642e-12,-4.642479606035647e-11,2.590753405545164e-12,-1.342368583368975e-11,3.188153613875215e-11,5.180873736818616e-12,-8.412917917514902e-12,-1.6376507120142684e-11,-2.4782891475263402e-11,2.778844471134343e-11,1.8355334562949117e-11,-1.1299307229414402e-11,-1.1666737614609526e-11,-5.1525772069862793e-11,-2.698567884150249e-11,1.3774968255125688e-11,3.086817673906811e-11,4.9242801434848154e-11,-1.867426972535151e-11,4.7169150758377905e-11,-2.923069304070618e-11,1.9072360730981382e-11,-4.5894890774809244e-11,2.3713455250858714e-11,-3.3507882510559754e-11,-2.1054647718398854e-11,4.58045928864516e-11,-4.8715258389857587e-11,-1.3829958908076928e-12,2.37764400086424e-12,2.5000991186179335e-11,-3.0016280033218794e-13,-4.441041661227474e-11,2.3695661587741118e-11,-5.3890280473403614e-11,1.6486811208852016e-11,-4.281233789959965e-11,-2.913999817555959e-11,-5.174720088040812e-12,4.294389657490205e-12,-3.0648238739843503e-12,7.044683988555789e-11
9.535930428017588e-11,-2.182099295851083e-11,-3.3658288168240966e-11,-1.1792343541887532e-11,6.835379518899389e-11,2.712000877312637e-11,-2.728962832511802e-12,-4.4244128124618603e-11,-1.5215572190587318e-11,-3.5516163382123275e-11,-6.402028328881695e-11,-8.861129961933846e-12,1.4511813283705062e-12,-8.260844629512305e-12,1.742636543050413e-11,7.980899702662985e-12,-4.868046138423704e-11,1.860209459195329e-11,8.749987378747575e-12,3.1601439870388482e-12,-8.87216021480541e-12,4.998070880646449e-11,2.7044602319225172e-11,-1.0932841108808861e-11,-1.174073520277388e-11,1.1306346210672155e-11,-2.19091434923051e-11,5.0782447724619046e-11,-3.8993003121076844e-11,1.1720438108030266e-11,1.0545262017671266e-11,7.516625320094866e-12,2.916044139950268e-11,2.9717112223936e-12,-3.616036959477048e-12,2.54193180882091e-12,-2.2100585164810394e-11,7.589915125698162e-11,2.835936479057501e-11,9.053976653867868e-12,3.1603570045616147e-11,4.2549528736575e-11,2.917172413770862e-11,2.219124082036001e-12,5.021912955476036e-11,1.6372263641150034e-11,-2.1937579726740642e-11,1.903457834192898e-11
6.609899360999803e-11,3.6936867665563575e-11,5.266122079829838e-11,3.439985903308687e-11,1.4333149976442405e-11,-5.901608975858538e-11,3.4438623660544515e-11,1.759743710224566e-11,-6.755470172313264e-12,2.2641720997247727e-12,-1.1233682914126535e-11,-4.379323178403477e-11,2.179058726395483e-11,1.343533093148198e-11,3.301119765383947e-11,-7.801342943880221e-11,-1.4458375678753989e-11,1.6892104329961917e-12,2.5315620348105207e-11,1.612149029098829e-11,4.894133915723312e-11,-1.986156587410122e-11,-6.5018616122524e-12,2.8200262851429812e-11,9.256034060921851e-12,-3.253317945057059e-11,2.1319645691961413e-12,3.767215592214557e-12,2.2583787717754446e-11,5.610107999894742e-11,3.86598746743099e-11,1.4822117906584056e-12,-6.773630880164043e-12,4.227599475451913e-11,6.2275193255001164e-12,-2.0843922167939602e-11,-3.47977507925523e-11,1.7309627760707597e-11,-1.1411016815720693e-12,1.5685502719708536e-11,4.114731192340089e-12,4.6608254528734553e-11,-1.0882213697484559e-11,-2.986898581913171e-11,-8.133849907510691e-12,1.2667090491833248e-12,-9.88458070813953e-11,-3.5919385687604633e-12
-3.983825234113359e-11,-9.286059347074066e-11,-2.0733969952545243e-11,-2.2613044374284615e-11,-8.529566110793995e-12,1.6495135545751412e-11,1.8327805972594288e-11,2.037691020395608e-11,-6.33373738328759e-11,8.77714191843696e-12,4.102519321461974e-11,2.1544295976411286e-11,-3.611798737709033e-11,-2.282741517831595e-11,-1.6179344199851303e-11,4.4374092989552064e-11,-2.5084727986742296e-11,4.094350417028495e-12,-9.607923696573285e-12,8.861699172099105e-12,-4.099664613091208e-11,-4.549218069577217e-12,-1.4089329724459258e-11,-5.270729286907205e-13,-2.4145695774012045e-11,-2.8013236431538302e-11,-8.915052498228701e-13,6.752428063209096e-12,-3.897950356643434e-11,-2.6906657886477345e-11,2.1871379508133977e-11,-1.9102625040098492e-11,-1.1414398617817182e-11,9.458983948327617e-12,1.8706683864546452e-11,-1.4518191308940934e-11,-2.0295838961035757e-11,3.2718554573695033e-11,-6.75992764013615e-13,-1.4429091279218881e-11,-1.4136168542236562e-11,-4.365195383537025e-11,-3.877560946256545e-11,-3.667184289052227e-11,-4.985444449295562e-11,-2.576652612591188e-11,7.462573997582597e-11,-5.3860584113235116e-11
-2.6551482078618655e-11,-2.5825222066504592e-11,-2.8717602967387905e-11,-1.560625337181757e-11,7.992614298584524e-12,-9.148751161763967e-12,1.011113541268264e-11,8.638232499371554e-12,2.426353446872105e-11,-1.3619015631460179e-11,-8.891606808969445e-12,1.3282279683764647e-11,-3.0454196038461656e-12,1.675425288545789e-11,1.6197386706171394e-11,-1.6572918123585386e-11,-1.7454135540692166e-12,-8.737954768296045e-12,3.136675281308201e-11,-1.1505505576006664e-11,1.2259423491079414e-11,1.5334344269800105e-11,-2.035849194137509e-11,1.5888405076743275e-12,-4.1436495247655e-12,5.319967472037119e-12,8.609029886653632e-12,-1.025140486890147e-11,1.8165149499553625e-11,3.152800829093682e-12,-2.494278827478813e-12,2.6255280970788316e-12,-1.699802825399016e-11,5.259691330734193e-14,-1.745202586973479e-11,-1.1873752671029876e-11,1.921574322576741e-11,-1.4167261535881873e-12,1.003642660225665e-11,5.302912177680677e-13,-5.6367623770038245e-12,-7.130198695678563e-12,1.535389749403481e-12,3.322592644511056e-11,2.006820431681773e-11,1.8059300750333123e-11,8.14319759280238e-12,3.177637300871686e-11
-4.441968904322301e-11,-1.2230283169562378e-10,-2.6432357521700518e-11,4.436288333407476e-11,-1.2218858071720232e-11,9.004057704639446e-11,1.2931691061716006e-11,-2.973066306074175e-11,1.0016566314217881e-10,-5.159044555197935e-11,1.7233440516370654e-11,-5.643067213559093e-11,-1.4918451347069048e-11,-9.817193169996083e-11,4.103496256376662e-12,3.633844016554875e-11,-2.6608238546560035e-12,-1.4355899604386473e-13,-3.993305995580606e-11,3.9934706731716545e-12,-5.8183055448421666e-11,3.2742703241757555e-11,1.6531892828001292e-11,-2.0187136122058152e-11,2.685266088353366e-11,1.6822696657078912e-11,4.995561738978414e-13,3.536067487745697e-11,-2.814207656222463e-11,-7.44403662064957e-12,2.4043101987529e-11,8.52341749037269e-12,-2.7299293245825255e-11,4.04544485921519e-11,-9.21321467457986e-12,-3.106009211336021e-11,4.603334618209431e-11,4.7653850119121787e-11,1.977739426119364e-11,3.7425543649614235e-11,5.183866162769846e-11,-4.6886595690938703e-11,3.442950109541857e-11,4.446144523549201e-12,6.541857654682687e-11,1.1428927998976695e-10,5.30578220777505e-11,1.2537245949383645e-10
-2.2144491378748924e-11,-3.4506804021398816e-11,4.909655768774413e-11,2.583721031485932e-11,-5.350917017575573e-12,-1.205363861696799e-12,-3.96705129833518e-11,5.992174619776957e-12,3.034324544950575e-11,4.90721996506107e-12,-5.445795625255268e-13,-2.2803291365328658e-11,8.570047555617664e-12,-4.77573614433148e-12,-1.7349792350933294e-11,-2.0254686154215464e-12,3.020767444312179e-11,-8.500991234443112e-12,-1.7138506468620883e-11,-5.3281882066456106e-12,-2.716094195277858e-12,-1.0796295591672054e-11,7.096712819555328e-12,4.3677845627263304e-12,2.5856674138145386e-12,-6.846047898206414e-12,-1.3973291036615311e-11,-2.1924483907831087e-11,6.070008877718973e-13,-8.230292269148029e-12,-1.5846475222256063e-11,-7.657945838548495e-12,1.2982570488657455e-11,1.6035441927816973e-12,-9.816670862023499e-12,-9.570222421202809e-12,1.5485525451162337e-11,1.0315536794854004e-11,8.709701643166301e-12,6.611193570738104e-12,-2.2784083088545264e-11,3.286348702478058e-14,-1.2341841320305938e-11,-6.820579614760641e-12,1.1115384546972435e-12,1.4430870816390156e-11,-3.471645305945595e-11,9.833298603461926e-12
-4.327237328238583e-11,3.122526314873095e-11,2.8110223572031474e-12,4.4067281137191256e-12,6.747312511707228e-11,-3.458530366016202e-11,1.0458293274735585e-11,-5.544594659746498e-12,5.472537737550761e-12,2.8298460293060925e-12,4.6484725394908734e-11,2.5208813047467015e-11,-3.06831468445284e-11,3.001903806705538e-11,4.274788452923078e-11,-2.5494033289810614e-11,6.613505032338597e-11,1.5253307545644856e-11,-4.4826262652135575e-11,3.0607621247087157e-12,-3.332033540891459e-11,2.0769296442359303e-11,2.2992692035143895e-11,-1.0522069351744797e-11,1.3865283525554937e-12,2.128530137887165e-11,-2.0334590404425584e-11,-1.0660486476523565e-12,-2.5067528640803225e-11,-1.4050055741877892e-11,7.1197094220589616e-12,-5.277951845651396e-12,3.157888460679496e-11,-5.790389190642274e-11,3.1450599070979067e-12,-3.5725510537851797e-11,2.1395537572399293e-12,2.9317166539168497e-12,-6.373602688775711e-11,-2.025872409383875e-11,4.392910745679371e-12,-7.048048230994244e-12,1.114484041787886e-11,-1.1681671305725924e-11,4.4090780730658766e-11,-5.304687685091098e-11,-9.603746272706102e-11,-8.377943866219593e-11
5.056733574938304e-11,-4.4665155430841165e-11,-1.9524710138976834e-11,-4.627165845913637e-11,2.0257702801783187e-11,-2.5780246158701713e-11,-6.851121082294714e-12,-3.999202161000951e-11,-2.0226813608367833e-12,2.283056283611711e-12,1.751419127160514e-11,-9.647336131056768e-12,-1.0722992214268542e-11,-1.7890320303504425e-11,7.835328037095549e-13,1.1182437567398305e-11,-4.327807312895757e-12,-6.056875065133887e-11,-1.308771717431941e-11,3.502488418324221e-13,2.0084281795446332e-11,-7.324686962947688e-12,-4.3603684934652944e-12,1.5068537829990172e-12,-8.47571160905955e-12,6.018651414333096e-12,1.2819746647723003e-11,6.9126885976021e-12,-5.133711313739758e-12,2.8562711205260947e-11,2.9310350142449855e-12,-1.1019826609183215e-11,1.9143348834295473e-11,-2.47272889953844e-11,2.9715696728056625e-11,9.676404395527106e-12,1.3678628348847614e-11,2.401097154267098e-11,-1.2131798478358563e-11,3.3906742284170505e-12,8.184314443568513e-12,-4.968540347356831e-12,-2.977847568283631e-11,-1.0110788324192715e-11,1.0113974944090292e-11,5.30140152406004e-11,-8.205629199438468e-11,-2.214444402319311e-11
-2.4086880714452135e-11,2.960976495061245e-11,3.7553957724393856e-12,-1.817730684478562e-11,5.518150313567254e-11,-2.677025060769732e-11,-1.0319854961534534e-11,-2.1191441680422433e-11,-1.4437473610784357e-11,-5.306854900669566e-12,6.286192210818523e-11,8.474322852967518e-13,1.2558250968910475e-11,3.7230441570375076e-11,5.3319018360939315e-11,-1.1304389120558994e-11,-1.4748152152496582e-12,3.232736740010539e-12,-9.894171081761876e-12,-1.589499956964974e-11,8.484290729024376e-12,-2.205251092403851e-12,-3.3319763261238016e-11,-2.332821563790151e-12,-7.59047688994083e-12,1.356658688784405e-11,-1.2771784478254074e-11,1.1693670959428964e-11,2.642089876266182e-11,-1.7026786667398904e-11,-5.469667490529769e-12,2.4171536367820054e-11,2.1742691420960653e-11,-1.381718023454174e-11,1.115284193182972e-12,1.2024649961210388e-11,1.3362607301640894e-11,3.102377461488297e-11,-1.271215842635964e-11,-8.691080127623066e-12,3.3797216578234603e-12,-3.712424672206108e-11,-2.522484388678808e-11,-4.390733715728066e-12,1.8030402383753395e-11,2.821002243235783e-11,5.0897839697780574e-11,7.288347711805644e-11
-5.761855882190069e-11,-9.432936734289838e-11,-4.1606391358508824e-11,3.103051908160502e-11,1.123515875690086e-11,7.309338479082714e-11,2.7801478795178494e-11,-3.238389735705491e-11,1.068606103058681e-10,-5.895829630260462e-11,1.960433034275996e-11,-4.911929156834805e-11,-2.631178459879676e-11,-1.0728175686275496e-10,-1.3772241209026214e-12,3.754510108915045e-11,-3.1343943935020807e-12,5.2530814903048185e-12,-3.400270273025815e-11,6.8739668103279956e-12,-5.940221620406694e-11,3.094749167148898e-11,1.6952157666970173e-11,-2.3702427350681416e-11,2.6459770933099818e-11,1.2719833652594856e-11,-1.4744363013388197e-12,3.4447380026098874e-11,-2.5531016952769393e-11,-7.36016988242725e-12,2.4503714908041777e-11,9.53381062896423e-12,-2.6191847199755063e-11,4.078429849788803e-11,-8.078213829203265e-12,-3.093884990522513e-11,4.714685106335438e-11,4.73502931620096e-11,2.077847899247277e-11,3.800292129764544e-11,5.2707757708046295e-11,-4.583765760341766e-11,3.581442775113343e-11,6.405068969772447e-12,6.748943765031427e-11,1.175156577287654e-10,5.828483815967927e-11,1.3885174630639142e-10
-1.2677795253713647e-11,-2.7529257931123594e-11,4.1161199986445694e-11,2.7965322970807335e-11,-1.0287225371020345e-11,7.517009058273576e-12,-3.529047527725142e-11,9.237052179389602e-12,2.7934845487739403e-11,9.079754486371222e-13,-1.7205929153218296e-12,-2.0947870503863206e-11,4.846760992142357e-12,-4.9126156208048235e-12,-1.4815805988153736e-11,-2.5122415452721714e-13,3.055527349163229e-11,-9.318898249781504e-12,-1.7289539385731595e-11,-6.939286783992859e-12,-2.7575087799523502e-12,-1.153341159751316e-11,7.27599610452546e-12,4.16313777322352e-12,2.286241240372551e-12,-6.998653803596055e-12,-1.429035371698228e-11,-2.1848016006069075e-11,9.174726941586368e-13,-8.200702474749299e-12,-1.596352009009471e-11,-7.747051290790961e-12,1.3022131088664902e-11,1.3821107326405252e-12,-9.760415332977482e-12,-9.609972682683239e-12,1.5450021274311048e-11,1.0225195959881673e-11,8.652414268159816e-12,6.597206287962583e-12,-2.2951505807437438e-11,-1.0699576053127677e-14,-1.2453182823469804e-11,-6.939578643899841e-12,7.603154536870978e-13,1.3772962237080284e-11,-3.6341626169769336e-11,6.121305306458151e-12
-5.147880170598231e-11,4.5757538737394066e-11,8.008620823889426e-12,9.628563200889503e-12,7.08600823570751e-11,-3.086023016375691e-11,2.132284059291727e-11,-4.024965891354414e-12,1.3622253248146355e-11,1.155026643739843e-12,4.199128876910306e-11,1.5129863210152487e-11,-3.283767789145454e-11,3.6920465278416345e-11,4.843463683786489e-11,-2.641454247289712e-11,6.395587038131907e-11,1.781062437964838e-11,-4.167363305687631e-11,7.840859671210896e-12,-2.778550807921633e-11,1.3195673473794988e-11,1.9418812666923195e-11,-1.3435440307039028e-11,1.6365916777626107e-12,2.5278995622560008e-11,-2.023806079697621e-11,-1.0729267150330206e-12,-2.4540925390100992e-11,-1.6913265680688575e-11,7.906790519011758e-12,-8.048965741492226e-12,2.4178146981780727e-11,-5.949661772929081e-11,-7.443423208971338e-14,-3.736412649488355e-11,-1.6795898557817316e-12,4.296204331309029e-12,-6.171804118173243e-11,-2.1382646334377265e-11,2.9983004950389937e-12,-7.460820746522e-12,7.970963866624542e-12,-8.659845566088334e-12,4.5517614452775345e-11,-5.3101367916274236e-11,-9.642957848436128e-11,-8.223811064694982e-11
5.457831506481836e-11,-4.43612111691919e-11,-1.1857762455611704e-11,-3.351845789407525e-11,7.344672596525856e-12,-3.52567956076448e-11,8.812604423263132e-12,-3.982405557937671e-11,5.638249316529111e-13,4.408286600716828e-12,1.787630972597627e-11,-1.570922589093585e-11,-1.3139531930920296e-11,-1.932373227909153e-11,-1.20902255723978e-13,1.2136578687037692e-11,-3.3729674389460394e-12,-6.041098871396926e-11,-1.3339887067298822e-11,2.8445968895938135e-12,2.3229852143224865e-11,-7.053123240914972e-12,-5.366355005756399e-12,1.9741694526928998e-12,-8.963093824591167e-12,6.181784834499195e-12,1.2918759396285533e-11,6.6703131291397945e-12,-4.999598363245559e-12,2.7828385935689332e-11,2.648352335292263e-12,-1.1113882990395974e-11,1.8758320321861894e-11,-2.4841349884515346e-11,3.021219677285493e-11,9.767966528669159e-12,1.3412106917580188e-11,2.386584530267405e-11,-1.2201466449851866e-11,3.432931431369655e-12,8.15525034136067e-12,-4.855990843963148e-12,-2.983458306912152e-11,-1.0129033561342957e-11,1.0241969020797756e-11,5.3066736203666246e-11,-8.177268206140146e-11,-2.095503364342343e-11
-1.9019033591722074e-11,4.333888890819235e-11,9.263195611591205e-12,-1.2962876132582084e-11,4.029323367478501e-11,-2.436473444514498e-11,-5.546863847610862e-12,-1.4354139909143431e-11,-1.7888316553652146e-11,-7.947123195229275e-12,6.806706166431998e-11,3.6104316972517625e-12,1.5043399599775787e-11,3.6522849716526384e-11,5.93391780908798e-11,-1.0345514126708213e-11,-1.0003763644298065e-12,4.5415123595435675e-12,-9.50558603023987e-12,-1.5369558252384167e-11,7.350850299917384e-12,-2.5614363751974275e-12,-3.2484352740526405e-11,-2.72707570592934e-12,-9.178653386953209e-12,1.545282259178912e-11,-1.2590815146349391e-11,1.1117420134233154e-11,2.583049650203272e-11,-1.616385278367406e-11,-3.7972380499313555e-12,2.523798924695514e-11,2.279717492804525e-11,-1.442993319919119e-11,8.397946966130081e-13,1.0524528978179005e-11,1.3714082120543208e-11,3.054317736412721e-11,-1.3549133092905706e-11,-8.50914641881049e-12,4.030903986020287e-12,-3.804143750266257e-11,-2.4834965179019914e-11,-5.375366874294408e-12,1.7566411078070996e-11,2.7393895223418338e-11,5.002606192005307e-11,7.04700393117398e-11
-8.939254269256991e-11,-5.10605996240975e-11,-5.887160364425573e-11,-6.671530961552787e-11,2.386972585668877e-11,-2.5955699043727273e-11,5.563405903415839e-11,4.903155653732773e-11,1.2183519261321585e-11,2.081929520983681e-11,2.316688541459346e-11,-5.2562734039986556e-11,-6.758465103940984e-11,-2.431166448635069e-11,4.24288556052198e-11,3.786842124089877e-11,1.6341626209944766e-11,-4.257314300101024e-11,1.724346378675712e-11,3.0733682991470786e-11,-2.5951667126003668e-11,-2.4581677158239056e-11,-4.6146251842085636e-11,-5.206706393870563e-12,3.6907850913862147e-11,-4.989400484189315e-12,4.8479024726390835e-11,9.746859340387706e-13,4.283673440101786e-11,-4.0652983672758374e-11,-1.5041575011212574e-11,-1.0173298830271762e-11,-2.036030397476182e-11,-1.590043311243176e-11,3.5071445502742225e-11,4.989205343914215e-11,-4.07778096823283e-12,-1.6145903616661477e-11,2.103253229057464e-11,-1.584538337022792e-11,-2.5278836578066204e-11,-3.101766985368892e-11,-6.225206769120771e-11,-3.332507951100353e-11,-1.8144180436286327e-11,-4.1266315184815235e-11,1.340599956939539e-11,-6.37247925261723e-11
-1.7818746448812167e-11,1.3854111404033323e-10,2.931422593567794e-11,-2.182196059193127e-12,-1.02363186888907e-10,7.0160524210973655e-12,5.290052788425931e-11,2.5785558124496922e-11,1.2406794459685684e-11,5.022995774859404e-11,4.708559939270642e-12,8.138012911956164e-11,-5.0551491151838414e-11,3.135767911110845e-11,2.3510091873237653e-12,-2.3417494472126146e-11,2.8895047403776114e-11,5.62532416900805e-11,-1.0999737116248878e-11,-5.2925540295099426e-11,4.826856407029505e-11,9.735527905382844e-12,-4.595982324605422e-11,1.5387453886186722e-11,-5.227118130348485e-11,-3.3584114789880297e-12,2.5113435211406863e-11,-1.644936717990114e-11,-1.793672247464506e-11,2.280008926271319e-11,-4.158470034174235e-11,-4.0028074626170414e-11,-2.659998966020153e-11,-5.7267197211472204e-11,4.395016150115499e-11,3.164717960198334e-11,-5.939258646202715e-11,-5.08690753580454e-13,-7.897857941871298e-11,3.953298260057079e-11,2.285431070875907e-11,-5.5526300222511996e-11,-1.2108006005586135e-11,-6.290353006060585e-12,-1.425156118786335e-11,-1.7128194347486085e-11,1.1969317759421553e-10,1.1926195981668008e-10
1.3444152495940057e-11,-1.8174926934359213e-11,5.2823332687344905e-11,9.866199368420295e-12,3.8393060324903534e-11,1.1331316279104722e-10,-7.722715279987618e-11,2.9785387423892086e-11,4.316392109754288e-11,-2.2468172292823736e-11,1.6668480215876217e-11,-1.060488100546134e-11,-8.786033941213268e-12,-3.8446086052325283e-11,3.003425610312797e-11,3.079915820285891e-11,-1.8282146192715045e-11,1.157588313051428e-11,2.6974163463033597e-11,1.4433026387803921e-11,3.786931792291693e-11,4.0637718125079346e-11,5.3615994136947115e-12,1.566228280782318e-11,-1.8039316055182168e-11,-1.5886546185518526e-11,-2.67577315326222e-11,8.242955597437799e-12,6.570284269222085e-11,5.253379924628566e-11,-1.931879110295609e-12,2.1407899855176155e-11,7.2021307827734506e-12,-7.808676593101797e-12,1.9300587860145938e-11,6.529636041585257e-11,-1.1124419611765957e-11,1.939864216224659e-11,3.230120910260217e-11,1.7448797773346983e-11,-2.2641110768524927e-12,2.09561650004566e-11,2.3820085834419767e-11,8.491323427853349e-11,2.6823525175666915e-11,2.241999879021521e-11,-4.73774175542609e-11,1.7906321865099862e-10
5.880108415447886e-11,4.4074249587987005e-11,1.6368704284151264e-11,-1.9619258614071254e-11,5.043789142072498e-11,1.1623505603305147e-11,2.216627344874329e-11,3.1909271059088124e-11,1.7798291233314804e-11,3.299539924822366e-11,-1.5568933385036228e-11,-1.1780745930525365e-11,-3.2748522419325495e-11,5.628437536455103e-11,5.619100819097528e-11,-1.0885516218990153e-11,1.3930641953574186e-11,3.2359697751602747e-11,-8.846289808025327e-12,1.8505065465393087e-11,-5.77448442662485e-11,-5.614873865395785e-11,5.948095317322686e-11,7.865063219034311e-11,-1.3820045992762202e-11,2.6370103065384188e-11,4.3219097267122394e-11,1.9319244136184823e-11,-3.730038792761845e-12,6.949082108241027e-11,-7.13444756843894e-12,7.422508724386326e-12,-3.86516686616558e-12,5.800008305456097e-13,7.326580518330654e-11,-1.802761944940422e-11,1.3896963387327495e-12,-6.686780587290973e-11,-2.6698896371110673e-11,-2.0768384365739443e-11,-3.8030773366235176e-11,4.8581206075373925e-11,1.55748721842625e-11,4.08972653038228e-11,7.388333169489614e-11,-5.147614225654515e-11,-4.0071845410988806e-11,-2.8046998608917515e-12
-3.905690224983188e-12,-1.249613271291779e-10,7.002065001477515e-11,5.46907805043014e-11,2.966281214431026e-11,9.988785923647353e-12,2.5754205979719257e-11,-2.0725618896048668e-11,6.416893942346772e-11,-1.0772644497266249e-11,-6.667977361657102e-11,2.4299762000785832e-11,2.257528454016229e-11,2.4921768028420526e-11,9.971001680271567e-12,2.249768174484234e-11,3.879979411403514e-11,4.763596819126699e-11,3.912222667945905e-11,-4.709524777896445e-11,6.006963691701531e-11,2.7636220997532156e-11,1.4668977640150698e-11,5.6539198870600824e-11,-3.319853168000546e-11,7.272221404198369e-12,-2.137925355813423e-12,1.4697219569949455e-11,-1.0260204490767306e-11,3.5527767843342794e-11,1.3967432762024142e-11,1.259276228725125e-11,3.2808996025466497e-12,4.178479138745478e-11,2.0077299095901897e-11,6.325277793446865e-12,-2.004139208629215e-11,1.785051517541155e-11,2.821600091791628e-11,1.66601963953416e-11,5.3695582843909696e-12,7.881012360189433e-12,4.91698274038414e-11,1.4001944242746223e-11,1.364759414536451e-11,-1.0296135901674651e-11,9.653934887892229e-11,4.450772864359723e-11
-6.906944753368238e-11,-2.6936476952509882e-11,-1.242645927247379e-11,-7.087194337305194e-11,3.2297118358560815e-11,-2.3710211366193068e-11,4.545844830324486e-11,4.3670442102425115e-11,2.0753530709991384e-11,1.464231874684411e-11,1.57056431242865e-11,-5.7718431604365505e-11,-6.485076184065002e-11,-2.416896725221908e-11,3.806302000062362e-11,3.326212316844657e-11,1.2670995976336049e-11,-4.1682438830640286e-11,1.3120605223590166e-11,2.730555149557398e-11,-2.792606265121515e-11,-2.5846910623186758e-11,-4.487608963613662e-11,-5.780681614826707e-12,3.6387029564382334e-11,-5.942620604151762e-12,4.9186716785156404e-11,1.631727484895162e-12,4.181842460519035e-11,-4.046087033538118e-11,-1.6074576703867762e-11,-1.0663533474366575e-11,-2.0796905926149095e-11,-1.6514576435640862e-11,3.445155742856206e-11,4.8866265112321386e-11,-4.7509723212939195e-12,-1.786523731724224e-11,2.074865893461292e-11,-1.684376624652318e-11,-2.6629552350271513e-11,-3.1603363775811186e-11,-6.307315451251672e-11,-3.43805306248642e-11,-1.7729851063798858e-11,-4.225700207616064e-11,1.0497400316189364e-11,-7.054919618692998e-11
-9.038189131861341e-12,1.2043645546710416e-10,1.0633207668083724e-11,-5.286645827133353e-12,-1.0538978616478851e-10,9.024817002562906e-12,3.732227807171567e-11,1.989740083856089e-11,1.3574730771281466e-11,4.4577981344860664e-11,-2.728565412842155e-14,8.786149590272462e-11,-5.208874770014493e-11,3.308186158802406e-11,8.772161402118298e-12,-2.2589916263683346e-11,2.6467721195257718e-11,5.667269125248218e-11,-1.2646803666938739e-11,-5.43491420954309e-11,4.440346697210659e-11,6.031862744279459e-12,-4.7054445972691766e-11,1.941894556236269e-11,-5.262130343516402e-11,-6.993633215879904e-12,2.3687326115899932e-11,-1.943670757317182e-11,-1.7976358261969506e-11,2.2746562300371878e-11,-4.410393367706983e-11,-3.860365923478242e-11,-2.5171644445059444e-11,-5.6945900164212625e-11,4.167062455740739e-11,3.054440619012555e-11,-6.016595485115924e-11,-1.2488930197485246e-12,-7.952841744264152e-11,3.918594190170697e-11,2.1595738458431538e-11,-5.728740670872604e-11,-1.278235072489711e-11,-8.892940211104296e-12,-1.695148392160546e-11,-2.2027698214718157e-11,1.13852752639635e-10,1.0772855426641306e-10
2.686001310994324e-11,-6.557653296091119e-12,4.421041542121173e-11,8.613447774922616e-12,4.4728179097230136e-11,1.2336813413285025e-10,-5.927414588372786e-11,2.1157114549861778e-11,4.222874577408015e-11,-2.047173477281305e-11,3.4135709780629217e-11,-1.983497036729497e-11,-2.25501513099332e-12,-3.453633816599677e-11,2.7664308198003364e-11,3.1907147858939376e-11,-2.3718126144476995e-11,1.1700392247488196e-11,2.898623444849552e-11,1.5706588885810264e-11,3.5651052606768374e-11,4.4509481666152976e-11,5.9916146945157974e-12,1.5218484890336e-11,-1.8426447893844063e-11,-1.4151915923495742e-11,-2.799856585169427e-11,5.795283065552672e-12,6.757997770509384e-11,5.3994106925917644e-11,-2.2255857851381195e-12,2.1305429806758728e-11,7.506684909799918e-12,-8.395198175582871e-12,1.9491704637420424e-11,6.491181297986463e-11,-1.1008802829833999e-11,1.949783368625562e-11,3.2282367194698206e-11,1.756257658374469e-11,-3.0484115740943088e-12,2.043623550142173e-11,2.377539813153856e-11,8.391877839610815e-11,2.6426175972056717e-11,2.2149458530744355e-11,-4.815832331361325e-11,1.7534562347556367e-10
2.676939477479639e-11,2.995911402312242e-11,3.346257508548127e-11,-7.478450991101317e-12,7.064164763388226e-11,1.2911973363125034e-11,2.57756669717101e-11,4.8099687922020587e-11,9.557704796245016e-12,3.17226573479487e-11,-1.7679610751844962e-11,-1.4899571837976673e-11,-3.634173582166329e-11,6.162401629469238e-11,5.268447367306429e-11,-6.418518370802844e-12,1.585517342051546e-11,2.8569909660138267e-11,-7.821205241257211e-12,1.7184180247008718e-11,-5.5082705514874866e-11,-5.5112214186293116e-11,5.936369518378994e-11,8.303081179107557e-11,-1.560431921917922e-11,2.8972456424389482e-11,4.434179049014645e-11,2.0133803859319617e-11,-2.2883704467458134e-12,7.108240841913427e-11,-7.973853748255017e-12,1.0182276380607088e-11,-5.3433553668801464e-12,-3.8875960447623474e-13,7.288426188376974e-11,-1.7081817900938617e-11,2.0964027848814655e-12,-6.755961688396692e-11,-2.483744330664897e-11,-2.0110157310851064e-11,-3.726754568390452e-11,4.9044272122983524e-11,1.5502881760522745e-11,4.112690449504738e-11,7.493000613406788e-11,-5.1191885714450535e-11,-4.018513784056437e-11,9.553695587772686e-13
-1.346473906656872e-11,-1.1430357831018025e-10,6.715897208750739e-11,3.310762165522307e-11,4.248038320806084e-11,9.856954774052194e-12,9.122076830677714e-12,-2.6304960410861934e-11,5.526966837947123e-11,-8.217104164091832e-12,-7.024326784901147e-11,1.859252051115851e-11,2.0246068246957382e-11,2.1354568941255727e-11,4.104181240306387e-12,2.1562684604365358e-11,4.032476604639811e-11,5.020281152767623e-11,3.766525248177913e-11,-5.47720873379834e-11,5.922113398440932e-11,2.960467565358685e-11,1.571377432391566e-11,5.977119969066423e-11,-2.9455450041559407e-11,3.96348554089004e-12,-2.1576744015960815e-12,1.718972217240517e-11,-1.59184585073063e-11,3.4842666692807585e-11,1.2439699399444481e-11,4.636647490437199e-12,2.564990039020832e-12,3.8253549401100923e-11,2.018348859587323e-11,6.349397290293563e-12,-2.1787047138054546e-11,1.5468156812810493e-11,2.5435905685022273e-11,1.1558195143792402e-11,2.9079303077072665e-12,6.560813367360643e-12,4.747464445668126e-11,1.0970734258681778e-11,1.1976917625663296e-11,-1.4159880249354348e-11,8.909660458316299e-11,2.931516014711053e-11
-2.744439382906107e-11,-1.8585078324205233e-11,-3.386603044136075e-11,-1.366495427910216e-10,7.035757241231801e-11,-9.010367904653564e-12,-2.4864102213549727e-11,1.321919084466908e-11,7.526245690086068e-11,3.1701567131738e-11,-2.3212670977305286e-11,-3.430468450336751e-11,2.299747383482037e-11,-4.112831868385059e-11,-3.441510519297942e-11,-1.5441192534622098e-11,-8.487587023374017e-12,4.818128392221976e-12,-1.8325360976960515e-12,3.180274618119122e-11,2.0506759761476466e-11,1.7011092759872068e-11,2.197296876078495e-11,1.720468188407811e-11,3.09435112588077e-11,-3.933706299614941e-11,-2.1203443178741366e-12,7.964141121269431e-11,1.0147017713744982e-11,-4.109976063136269e-12,-3.33418969079555e-11,-3.9370812349659745e-11,5.284997099958382e-12,9.414618962079925e-12,1.5645149629581837e-11,-1.3633509461134026e-11,-2.7443328888272153e-11,1.1083025518367313e-11,-1.3270541419729874e-11,3.0917230278749105e-11,1.7623908889326683e-11,-7.565301826576493e-11,-2.1755792898103788e-11,1.7380457615850556e-11,-1.977311926172457e-11,6.498494482886928e-11,-8.150803057979976e-13,1.2482212879807146e-10
-5.208767415367008e-11,3.5823020203338e-11,-2.4863037696121138e-11,-1.0634557212639937e-10,2.85862632500015e-11,-2.5624545082790757e-11,-3.0080746629252815e-11,-3.3667109990784533e-11,-4.9418927878977057e-11,-4.682437254831178e-11,-1.0714422573287577e-11,6.702165873135351e-12,-5.513183906650586e-11,7.529100590674223e-12,3.672839048477255e-11,1.2050286627103648e-11,-4.508210066716941e-12,-2.7676658184973907e-11,-2.2224276337387493e-11,-2.9411127461189655e-11,7.2581863973884916e-12,-4.370964250602508e-12,-5.2702799643111164e-12,-2.451364414022214e-11,3.7096074057685335e-11,1.4758596052203905e-11,1.6898553321353124e-12,-2.6813884690432502e-11,-7.2444198114750495e-12,-1.934457112041143e-12,-1.705197933015849e-11,-3.942870456828556e-11,-2.6887730037416444e-11,4.752454338765212e-12,3.0896079598434654e-11,3.69378976371994e-12,-2.340572205561072e-11,1.6833696175539106e-11,-1.831604065873959e-11,-2.741010815722511e-12,-2.9203602764142275e-11,-2.6291766081915805e-11,-3.410020126654984e-11,1.315154213459135e-11,4.701142757415677e-11,-1.4452410583109072e-11,-4.3902351196853895e-11,-1.8175519579919905e-12
3.27916041601881e-11,-8.834678429536136e-12,2.456538174719725e-11,5.531293170657065e-11,2.0480967157940618e-11,-2.786313994807702e-11,1.6802186646158e-11,1.646416090171426e-12,-3.211634383532269e-13,-1.797674299112587e-11,-7.47641567659639e-12,-2.9052667534077632e-11,3.186087392154739e-11,-2.7747987649433056e-11,-7.275777233465902e-12,8.951812194303039e-12,3.356266678108431e-11,-3.625915774357515e-11,-2.606130390669387e-11,-5.840061151339877e-11,1.0135387691892503e-12,-1.4126659915406305e-11,3.6608413749703954e-11,1.0304609182336339e-11,-1.888460732739857e-11,1.860891014466102e-11,-6.495804924353087e-12,-6.672233839356294e-12,-1.0407459953218741e-11,-1.967337513874232e-11,-1.8360166707683036e-11,-8.07610238068788e-12,-2.090078474406642e-11,2.0914330218995312e-13,2.2496781787103634e-11,4.2445067269366954e-11,1.1491140345457182e-12,-1.2639905701965604e-11,-2.1822712030323802e-11,-7.566384080731958e-12,3.494056019490157e-11,9.199799662452356e-12,-3.2665346026534517e-11,2.2931731096990174e-11,-4.3762491087539855e-11,1.650455280067359e-11,-4.54448485518705e-11,7.071192466678186e-11
-2.7534566884398036e-11,3.900411453256465e-11,-3.1270274387323585e-12,4.7426339289549996e-11,-2.049372133639462e-11,2.387397812654304e-12,7.1659833522923825e-12,-1.320676766287292e-11,-3.1933160213710036e-11,3.522428683532501e-11,-3.0641405640204875e-11,3.810402365826548e-12,-2.4684659519790646e-11,2.852200444728183e-12,6.9677006691289994e-12,1.4938718270932394e-11,8.212229241488771e-12,2.3994154411857395e-11,6.771052445413703e-12,-1.821794374710431e-11,4.538384634906249e-12,9.156606743615576e-12,1.1545187164233405e-11,-2.0343983386382258e-11,1.3031974178582315e-11,2.9830494314340244e-12,2.2456548179710564e-12,-1.7728325963891346e-11,-2.0283056887914723e-12,-1.2393461683008752e-11,-3.85066189076219e-12,-1.1006921319483074e-11,-9.715599177483579e-12,1.2266433936731118e-12,-1.7639469949302696e-11,5.145430041060534e-12,1.0577439272517878e-11,-2.1297237129606392e-11,-9.321162378641527e-12,-1.3381043520126766e-11,-8.662653171569288e-12,4.435736453698583e-12,1.717022976577744e-11,-5.116547030580416e-12,4.7069357463328744e-11,-5.375665528178851e-11,-2.345926152405218e-11,3.400488356792466e-11
2.805571394331983e-11,-8.141611918313998e-11,-1.4628715176293372e-11,6.813661051003753e-11,-6.670077982346398e-11,-1.1679027137164778e-10,4.224721552382133e-11,1.6207444243305247e-11,-3.176452503076819e-11,-3.308005806950622e-11,-3.7805683435979325e-11,1.2296935806683504e-11,7.950234477198233e-11,6.40637073400669e-11,-3.52384288423325e-11,6.711659112949378e-11,1.1669534817811062e-10,-2.360247810833938e-11,6.144325697178156e-12,-3.610622584167294e-11,4.4275740275762595e-11,-3.544492570863342e-11,-2.4840212131359472e-11,2.941630819708174e-11,-1.7925478616558538e-11,4.3888331295926813e-11,6.615715549644723e-11,-3.475135388673523e-11,-2.310024160064037e-11,1.614645279727188e-12,-8.139656414174159e-12,-4.754129024344885e-11,-1.6030456403102894e-11,1.523346831030425e-11,4.9340368641275434e-11,-6.977782321315752e-12,4.27939909867517e-12,4.895555581511388e-12,-1.9155916606418463e-11,1.365562665157826e-11,2.969729286777952e-11,-9.966414411878277e-12,3.199504746649708e-11,-5.935904469235773e-11,5.269369150003811e-11,-4.524926379843855e-12,-1.2006456643733278e-10,1.0791303886511729e-10
-7.837987790325259e-12,-1.1807443741437035e-11,-4.406297678070818e-11,-1.0370441110321106e-10,8.361048874715034e-11,-7.597959318329021e-12,-1.5111840850453002e-11,1.4602883809075678e-11,7.659699512806881e-11,3.0206760513366895e-11,-1.0777909120399961e-11,-4.317705625851406e-11,3.01887937667625e-11,-2.466477213596739e-11,-3.059163592796068e-11,-1.2211540223679048e-11,-1.933173622206306e-12,7.521639638980663e-12,2.2394415821199455e-12,3.322195426127463e-11,2.159573825769825e-11,1.7273427980836203e-11,2.3574842125064994e-11,1.7300749113216485e-11,3.143368588135971e-11,-3.969449104723554e-11,1.4351341697496053e-12,8.221903140187604e-11,1.2153143477622312e-11,-1.7545908065294444e-12,-3.296231504282044e-11,-4.0487811538627526e-11,6.146361052068356e-12,1.162093717570562e-11,1.628966369513531e-11,-1.0045538928797495e-11,-2.7190642683387533e-11,1.2758828146344599e-11,-1.2010264749177532e-11,3.20897676836588e-11,1.8952429828933644e-11,-7.450973550303817e-11,-2.0596328945053312e-11,1.8645871615239054e-11,-1.7777486248330453e-11,6.734252973154101e-11,2.0995817877638206e-12,1.31546338705838e-10
-3.104380095036253e-11,4.176031042048052e-11,-1.4530413771944057e-11,-1.0656103126805374e-10,4.7152548880717504e-11,-1.5409266918734812e-11,-3.1336346531001843e-11,-3.3469697763837216e-11,-5.4875454271725446e-11,-4.0308250162523806e-11,-7.427463419806983e-12,8.35986693728635e-12,-5.055504082805771e-11,1.0880093853634105e-11,3.050017210740893e-11,1.1549642909521502e-11,-3.290757188463932e-12,-2.738836344149975e-11,-1.7970591758064085e-11,-2.7753709122650545e-11,8.158086470207868e-12,-4.956846772806659e-12,-5.4875523004329225e-12,-2.6376834743159294e-11,3.939361843805163e-11,1.3259030973740713e-11,8.428249177007913e-13,-2.658736394466587e-11,-1.2344811154593548e-12,-5.933186738643164e-12,-1.754631650979837e-11,-3.727021232573291e-11,-2.388047785672735e-11,5.5064808768921715e-12,3.0577787316523164e-11,6.7662126016000815e-12,-2.545222889018413e-11,1.8045409840850965e-11,-1.8489179790356667e-11,-3.3591584338612235e-12,-3.0230702114155106e-11,-2.6520731371149447e-11,-3.1624628379068e-11,1.332615022895075e-11,4.7346511573499724e-11,-1.456094997441339e-11,-4.487740717607532e-11,-3.3601463525750063e-12
3.280854027675594e-11,2.6380772931452758e-11,2.0912225380852033e-11,4.986326085125158e-11,2.1133364667706493e-11,-3.02634613868146e-11,-4.93063323343992e-12,3.3542291624638608e-12,5.836212467250259e-12,-2.1726303189289963e-11,-8.615133805217912e-12,-2.126827695612787e-11,3.359235702431287e-11,-2.6882368323486148e-11,-1.46894063736069e-11,7.911427473912402e-12,2.8586124602367107e-11,-2.976000206001387e-11,-2.0945468018654074e-11,-5.868818988297595e-11,4.0950582665959497e-13,-1.4181848204269939e-11,3.884327793063378e-11,1.0092250466318583e-11,-1.8092944454365482e-11,1.3131756048871826e-11,-4.602123641501539e-12,-6.15414975971442e-12,-1.0182121502346035e-11,-1.8975719180436612e-11,-1.9558077065245302e-11,-8.075842039504093e-12,-2.1836000699577683e-11,7.056708802425835e-13,2.2540374586977156e-11,4.28477408192857e-11,1.564306351033892e-12,-1.2290177909527566e-11,-2.147633751756236e-11,-7.183519503129882e-12,3.5189405946952846e-11,9.464885393076907e-12,-3.233393080948646e-11,2.3448686604264887e-11,-4.3278829004657545e-11,1.698476478471464e-11,-4.4669517417968294e-11,7.084226237782195e-11
-2.604058610274365e-11,2.6038119221052704e-11,-1.1830335790576318e-11,5.0523983693742675e-11,-1.7817118141797084e-11,-1.320157842700905e-12,7.185385823777321e-13,-1.9528860449755732e-11,-4.045707945756352e-11,2.989550878603225e-11,-3.053287232655567e-11,6.111113940934446e-14,-2.87791108680864e-11,7.269624576987692e-13,3.86799194523664e-12,1.4558414016467746e-11,1.2799295571981044e-11,2.3803184264852347e-11,7.833697447276673e-12,-1.7530105427863565e-11,4.862881622334437e-12,7.926369018523037e-12,1.3458108763088333e-11,-2.111459535608504e-11,1.3005249776611783e-11,4.263798768413901e-12,5.386906721732143e-13,-1.7538726072727868e-11,-2.635361401715996e-12,-1.1918087983344944e-11,-2.460806996683205e-12,-1.2938849020373625e-11,-9.649596290907055e-12,1.5312530296673362e-12,-1.7493637303759247e-11,5.208908135871464e-12,1.0763308169452679e-11,-2.104066123952832e-11,-9.229593008428173e-12,-1.3065748759786275e-11,-8.540953452993282e-12,4.074159363261824e-12,1.7197043857636148e-11,-5.013783269307638e-12,4.709627493376786e-11,-5.4202894833360835e-11,-2.3529843643055247e-11,3.334030098572386e-11
-5.208728169270531e-12,-1.0108138630196334e-10,-5.144360155020903e-12,6.692519283589915e-11,-5.5643286347276165e-11,-1.2055127137403975e-10,4.1580424512759716e-11,9.871160909454468e-12,-2.8364961469141236e-11,-3.62894008945306e-11,-3.9784265840975746e-11,1.0457357744838337e-11,7.947174569025802e-11,7.126622881636436e-11,-3.487801614451052e-11,6.806117686364002e-11,1.1291608991634808e-10,-2.6228277014352963e-11,8.280987310684751e-12,-3.7684119964685824e-11,4.899102042950694e-11,-3.258163214706929e-11,-2.3669385871307206e-11,3.019308496490648e-11,-1.4498575575167873e-11,4.540536246999159e-11,6.645926229637691e-11,-3.5605063957866845e-11,-2.170385009533733e-11,2.661628564831545e-12,-6.913076239167034e-12,-4.88929928520196e-11,-1.8986255421888343e-11,1.3575857335390869e-11,4.9157488846549776e-11,-1.0330546425193652e-11,2.4418576174596603e-12,3.5731177309768593e-12,-1.7613142508095293e-11,1.3127680577075366e-11,2.8711751053765247e-11,-9.215146843746781e-12,3.194836830296198e-11,-6.043274060506708e-11,5.177842653295117e-11,-5.771631119270762e-12,-1.2100488172085837e-10,1.0656591553461955e-10
-1.5453589585160508e-12,-5.7737507395935575e-12,-6.519355082133355e-11,4.162261964186227e-11,-4.261795791231452e-11,1.204596558706843e-11,-6.020996917585855e-11,1.9789842784198194e-11,2.955017347431123e-11,9.245211304840744e-12,4.370808517265717e-11,2.0600976632465434e-11,-2.221562941385542e-11,-3.0107805595342954e-11,6.007193052763908e-12,-4.398793369676183e-11,-1.667691309493405e-11,1.7029465740963693e-11,8.832196246973995e-12,1.2244516390249386e-11,1.8127995357488826e-11,-5.060776661917176e-11,2.1906279397474404e-11,1.7642022095954043e-12,1.4976594841122575e-11,-4.933238663388163e-12,1.862924404033889e-11,-2.289875984342676e-11,2.2651797967067518e-11,-2.5516862725479554e-12,-1.1992605936211952e-11,1.436072157079209e-11,3.984647559416221e-12,4.144625600655976e-12,1.8233884430220693e-11,-1.9658170671776243e-11,-2.8705165153617557e-11,-2.826563358213664e-11,2.9735280631924534e-12,-2.5878497146799143e-11,1.818241972273431e-12,-3.372840432215212e-11,-6.397891189243e-12,-3.0777108296050074e-11,3.201204007738362e-11,-4.0302486153952354e-11,4.687530283107792e-11,1.100065585477249e-11
-3.067380222390539e-11,-5.0472708812960545e-11,2.0472445164661627e-11,-6.411035659783125e-11,1.743444070199046e-11,1.5689367129279408e-11,2.5870558712268598e-12,2.717903241885396e-11,-2.1919630662766594e-13,-4.4413722830850685e-11,3.105528869977256e-11,8.058603993204591e-12,1.3607065180954954e-11,7.476722935177833e-12,1.3886312682725738e-11,5.0483381767775764e-12,6.90978753228533e-12,-4.474679199870066e-11,-9.155864113850467e-12,1.0393159992265557e-11,-2.503360402208691e-11,2.4606008254916022e-11,1.239508916717424e-11,4.194314221203769e-12,-3.4018907906300533e-11,-5.642912347234951e-12,7.614633842667935e-11,2.163875720332919e-11,-5.023125151003099e-11,-1.7734256232622864e-11,5.163160276060629e-12,1.6345580704419592e-11,3.947826298953035e-11,7.362077602208293e-12,1.810126301702151e-11,-1.0724536692107288e-11,-2.1627839848802045e-11,-2.3822837822873585e-13,4.76253704846805e-12,4.484677138969078e-13,-1.99007020049646e-11,-9.490470173901633e-14,-2.4470749788646452e-11,-2.7432171416377015e-11,-1.933109848818467e-11,-5.33419685930612e-12,-6.3730684824381e-11,-6.859488020359083e-11
-1.6536233809096585e-11,-3.65519243691699e-11,1.297832568013045e-11,-1.6247483808542446e-11,-5.223906455341397e-11,-4.7841855267637335e-11,-1.9885055489159418e-11,3.65713581001548e-11,1.8575407861330134e-11,2.186928978239461e-11,2.0584204006923678e-11,4.837068365818875e-13,-2.6233243217637097e-11,1.8428912834873867e-13,3.705604076404621e-11,3.294440205308056e-11,4.956924354438814e-12,-3.747290197639284e-11,2.5072700518862033e-11,-7.634028271856371e-12,-2.2163686929432133e-11,3.066177600768175e-11,6.833882282290351e-12,3.999101935464449e-11,-6.715088368420311e-11,1.356057392522708e-12,2.5830305045694827e-12,4.121463811165549e-11,1.9099018979677688e-11,-3.5244451019278636e-11,3.402029877027292e-11,4.467801110410868e-11,-2.3948050256359703e-11,1.0315417065628536e-12,-5.0258086629721326e-11,-1.4608565934599104e-12,2.543048300105865e-11,1.399230770120791e-11,5.0557275842080754e-11,3.039040441765895e-11,5.6802190381840805e-11,1.273133562928251e-12,7.579080631586679e-12,5.2841172482948056e-11,-5.4765204133193474e-11,3.8325802750483e-11,-8.844564744990894e-11,1.8329264788269527e-10
-2.607203245779235e-11,7.07335105645549e-11,-5.0816187702179044e-11,1.469655289968223e-11,-4.703301207397225e-11,-7.176388359527145e-11,1.389433855703588e-11,-2.153270850250956e-11,9.504312884796747e-11,-9.381513788636661e-11,-2.0661177391043738e-11,3.2494622875568597e-12,-1.4281380095955959e-11,-6.53758892476424e-12,3.3126934125625885e-11,-4.0801759987265346e-11,4.078012530195712e-12,1.5110357736050634e-11,4.5346342279308157e-11,-1.7392435167764876e-11,-9.011974306818487e-12,1.691151997144205e-11,1.2198058411805466e-11,3.3817345361520655e-11,2.053035783375616e-12,-1.029039500022954e-11,2.9855307560221227e-11,1.6051936565278976e-11,3.248752435307105e-11,3.586224136414972e-11,-4.056468562308977e-11,2.4128614965703877e-11,2.278590814743476e-12,-1.2675458134281115e-13,-2.655876092804429e-11,3.6245644128164057e-12,3.056636648829455e-11,-2.171791551876925e-11,1.5863712094976743e-11,7.230525070703201e-12,-3.667396957326122e-11,-4.530881138791428e-11,-6.804313203892006e-13,-2.94175273372699e-12,-9.05679130107759e-11,-2.3533889904001672e-11,-1.1776106679083287e-10,6.096802065823566e-11
1.8388875592983616e-11,-8.59121656590321e-12,7.689885420826369e-12,-1.4489927585971378e-12,1.3455348193010622e-11,-4.33267811705083e-12,-1.5208762533753694e-11,-5.414428402541676e-12,-5.53955904763807e-11,-1.249501702696357e-11,3.304547244592112e-11,-3.2701691885840405e-11,1.9811975980899425e-11,-4.1262929657683646e-11,8.552889154905243e-12,1.4640686031645965e-11,1.516343731551029e-11,2.216532883534114e-11,-2.567392734288227e-11,8.569998622731082e-12,-7.541935774045016e-12,-9.241216411633927e-12,-3.994303940195067e-12,-7.834373865184273e-12,1.0402582680896437e-11,8.105324702063307e-12,1.3818866291338694e-11,-3.576793955014993e-11,1.4819931567714278e-11,1.1003370907497096e-11,-4.979259205854918e-11,7.603652602315393e-12,-3.280305130865122e-11,1.5624156934657933e-11,-7.0699309870022494e-12,1.3310851845742706e-11,2.519416394066402e-12,-2.36945723851064e-12,1.2452235599238176e-11,1.1047226530192667e-11,-2.8389080473928502e-11,3.864638184802774e-12,-2.711002801055344e-11,-2.41965508077047e-11,-3.088580864478143e-11,3.614027593241353e-11,-3.103752665911248e-11,1.4136492807947427e-11
9.877071097775579e-12,-1.3890673578194758e-11,-4.16745836280334e-11,5.5973258469767575e-11,-2.5221960924280988e-11,1.0916195284097124e-11,-5.1977211446989414e-11,2.3208613181611113e-11,3.155319506506298e-11,1.580749787160191e-11,4.6389357493423605e-11,2.1414812626680516e-11,-2.4402688395589233e-11,-2.801657284652874e-11,6.893687762531665e-12,-4.061488888968778e-11,-1.044954932289899e-11,1.805936742724129e-11,7.21384689396475e-12,1.2982763237677179e-11,1.8580567820932668e-11,-4.908157948712072e-11,2.280678385322459e-11,2.5071352691836883e-12,1.473557794324016e-11,-3.468062729636434e-12,1.9926926371699355e-11,-2.260841484121651e-11,2.2394215992740366e-11,-2.5129919810830124e-12,-1.1356922522971585e-11,1.5529614489756148e-11,4.54014154733055e-12,4.979262673866289e-12,1.930915256770669e-11,-1.8070900184277104e-11,-2.7888745032724072e-11,-2.733926116351863e-11,3.567761021607902e-12,-2.5439281092291798e-11,2.7652567753222733e-12,-3.253620599177139e-11,-4.771166749052619e-12,-2.918218835834062e-11,3.436625074876802e-11,-3.645042649794869e-11,5.321653750926064e-11,2.5330400822163183e-11
-2.5240320806616346e-11,-4.7916141742861236e-11,3.03285567847879e-12,-6.467954367535078e-11,1.707561819241957e-11,2.0910611218970065e-11,2.6016658321390427e-13,2.2708399534343798e-11,1.4325036603650875e-12,-4.547331898439029e-11,2.763306704799104e-11,9.593836102241065e-12,1.3219943838262125e-11,8.81824265238956e-12,1.623943154541692e-11,4.140594803513964e-12,4.7991817688098625e-12,-4.499311008369385e-11,-7.24819925752453e-12,9.225380925537519e-12,-2.6197866832251097e-11,2.4571734379494663e-11,1.1948020556243993e-11,4.434915617895748e-12,-3.350769237217687e-11,-5.195318871506429e-12,7.574565504836758e-11,2.1487697688371483e-11,-5.120422511311208e-11,-1.8655649852880606e-11,5.613731155140927e-12,1.672331608138996e-11,4.0655235896103596e-11,7.862750561336214e-12,1.8070713000546705e-11,-1.109365761914329e-11,-2.1729927781958857e-11,2.5460902404710233e-13,4.7612915164145404e-12,1.2015718278570796e-12,-2.02636377895754e-11,-1.0394406734293611e-13,-2.3932377977169916e-11,-2.668010727887415e-11,-1.92282390783758e-11,-4.316568122752915e-12,-6.23872767892373e-11,-6.455639931317294e-11
-3.3066490738767915e-11,-3.235639258040178e-11,3.386683466703366e-11,-2.6308164153997398e-11,-5.907617860600389e-11,-3.695312669877539e-11,-2.1026700470048584e-11,3.310166228928047e-11,1.4634785021212486e-11,2.4044660628622104e-11,2.0321938152615445e-11,-1.470191264005244e-12,-2.5698243455984576e-11,4.559420629841608e-12,3.7477221760193996e-11,3.691489952493213e-11,4.679837786573972e-12,-3.7641717632184165e-11,2.492068121442045e-11,-6.978554875881213e-12,-2.2064479213967497e-11,3.102131015192333e-11,7.40055971191618e-12,4.018929037367434e-11,-6.630854449201345e-11,2.3012290016013293e-12,3.4009116695665325e-12,4.1800691107607543e-11,1.932858061679682e-11,-3.5171344192600986e-11,3.4270881708609907e-11,4.532726487422955e-11,-2.358310750953792e-11,1.1951831943746302e-12,-4.996575479122531e-11,-1.113445957171281e-12,2.527756845381409e-11,1.4177202505167441e-11,5.0711225315880354e-11,3.04000417716933e-11,5.726279145184735e-11,1.755728276270663e-12,7.90587966248973e-12,5.321733578861694e-11,-5.4451032086954445e-11,3.907637586767753e-11,-8.777347110404352e-11,1.8707995045527638e-10
-1.4070992008304729e-12,9.722663567366995e-11,-4.237503669875025e-11,1.9215758603581046e-11,-3.202423615607203e-11,-6.131732737532133e-11,5.710724676262239e-12,-2.718981768463858e-11,8.783027279626873e-11,-7.527352496972502e-11,-1.2882441326464631e-11,6.651148647074824e-12,-1.7225276948579305e-11,-7.004059927853561e-12,3.8989919466974434e-11,-3.6695349638559745e-11,8.880981861776447e-12,2.0316579350564175e-11,3.857751173482505e-11,-1.1581588601991899e-11,-1.0336345554480817e-11,1.9692729473922667e-11,1.1716108038882528e-11,2.9829937404280865e-11,4.691764579372611e-13,-8.959170174079856e-12,2.540482964768702e-11,1.6368526992711424e-11,3.20455417901909e-11,3.6429469446528245e-11,-3.88580045967658e-11,2.5993306487779148e-11,1.19251952829805e-12,1.076631954002165e-12,-2.5634927023803224e-11,3.90713274845084e-12,3.152880479994976e-11,-2.126274383589048e-11,1.605248459401003e-11,7.638546334014607e-12,-3.590285667483e-11,-4.41332777802597e-11,2.5673332492995754e-13,-1.555081448717137e-12,-8.879007705746906e-11,-2.1910380459973475e-11,-1.1575306508099015e-10,6.602204583262494e-11
3.237919966226468e-11,-5.932435694746175e-12,1.1482525815155189e-11,5.508215081912142e-12,7.083132119846987e-12,-4.389855183066615e-12,-1.0902787906070395e-11,-3.7336818135287666e-13,-5.95926143305351e-11,-8.38462561640526e-12,3.4924615864428655e-11,-2.92454593411848e-11,2.3606791923416213e-11,-3.8288416570862803e-11,5.113416968894482e-12,1.1717166823049839e-11,1.9104464212681583e-11,2.1464942187487212e-11,-2.392869109676072e-11,7.814931068400238e-12,-7.357768027035167e-12,-8.50205871749238e-12,-3.0226338864535954e-12,-7.354472799886256e-12,1.1440454157087248e-11,8.604887206320775e-12,1.4891288925618495e-11,-3.6033816071141975e-11,1.5250379180964937e-11,1.1396439249662604e-11,-4.874726986550254e-11,8.289230684222373e-12,-3.249659287334807e-11,1.5958641390617927e-11,-6.357458047005725e-12,1.3216904303713681e-11,3.018114502381207e-12,-1.7924997591194588e-12,1.2245628757009541e-11,1.1232149380837141e-11,-2.8349706476414576e-11,3.937550261749875e-12,-2.6965785390054845e-11,-2.3378429434692345e-11,-3.015053258399517e-11,3.7438858787679664e-11,-2.8851797357199933e-11,2.0346296801958593e-11
3.138655651812128e-11,-4.4134162807115426e-11,-6.774647465047464e-11,-6.974987998471643e-11,2.8117532213644835e-11,2.442032721266675e-11,2.72080612928593e-11,-5.39730681587003e-12,1.721269177229564e-11,-5.177299228387463e-12,2.592873248424607e-11,7.057745134386623e-11,2.2370998183577347e-11,-7.65622761406079e-11,-5.0142001318379936e-11,-2.7121674585541096e-11,-1.3398345211044491e-11,1.1781423577818371e-12,-4.55037353814432e-12,3.667314060078428e-11,-2.3118058179714863e-11,-1.0252387678386133e-11,6.48739463441276e-12,2.7411422281160143e-11,-6.139347372425452e-11,6.688905909217124e-11,3.672239664833381e-11,-2.3959286262720313e-11,2.6216950859951377e-11,2.48437464078732e-11,-4.401193929551154e-11,2.0659071572366804e-11,8.664966617718668e-12,5.678813298653509e-11,-1.8084421369012364e-11,-2.4275208323638397e-11,-3.306851172668665e-11,-2.2502008152669083e-11,-5.341235376227988e-11,2.5274032870950417e-11,3.108373054199838e-11,2.379706734895015e-11,-6.9153469328309215e-12,-2.8989569651312435e-11,-6.5022469581510676e-12,7.292815387484082e-11,2.3937144952899997e-11,8.507931087329789e-11
7.488679412511176e-13,-8.002596618973632e-11,7.233851697743727e-11,1.1409501252950076e-11,7.65606655360917e-12,-3.758462605768753e-11,-1.6881194394468689e-12,1.7825519254380947e-12,-1.623730827724947e-11,4.5752239551742694e-11,2.095294193023693e-11,-5.034927843524496e-11,3.630484384610257e-11,5.464964285976246e-13,1.9701075081479378e-11,-2.038967530710079e-11,4.487367384464346e-11,-1.3724745259665116e-11,-4.438075275986552e-12,-1.1156971444393587e-12,2.481895108640298e-11,-1.792365802130833e-11,-8.230682605637758e-13,-1.5609204038016298e-11,-2.9454440733804345e-11,-2.55977525890319e-11,1.1608165786298136e-11,3.623151578281868e-12,-1.3752856493672057e-11,-1.5871569286698364e-11,3.388570102684864e-12,1.3653110512283256e-11,3.9052392263250375e-12,-1.0521394592354255e-11,1.753921849045027e-11,2.4555253721345522e-11,5.393127345909896e-12,1.8825025410287234e-12,2.890316919818053e-12,-2.4706598183154892e-11,4.164239048108056e-11,-4.467288470449619e-11,4.719851328283077e-12,3.3050546653201344e-12,-1.7468735457236445e-11,8.33796339259694e-12,4.7002660996515926e-11,-3.430103259486054e-11
-2.840573063115516e-12,1.1378662317482694e-12,-4.827521448455354e-12,-6.9917871002053944e-12,-1.1909467836780257e-11,7.402805964318428e-11,3.265870024146003e-11,-6.4128089390424085e-12,-1.2276242646548236e-11,7.084488461354291e-12,-2.2462931953018127e-11,-4.2348511962404e-11,-1.3278200521085317e-11,8.48223967263124e-12,9.172454902045665e-12,-9.966369499525425e-12,-1.2202929545617642e-11,-2.1792442522192872e-11,-1.991335082396973e-11,1.4425939389018666e-11,3.5915643832139324e-12,1.114667767101403e-11,2.234109154732162e-11,2.707652915758391e-11,-3.347766844553583e-11,1.8068862978410975e-11,-1.062736619712143e-11,-5.0215381471969985e-11,2.176784757478262e-11,5.45868681072629e-12,-7.910116768226764e-12,-6.415372700844041e-12,2.5153135428072128e-11,-8.974399293893645e-12,-2.2707676854382325e-11,4.3382240902096794e-11,-6.942209695050569e-12,-1.414943076546414e-11,-3.316255447569647e-11,5.06527260081059e-11,1.3991836534392303e-11,-1.716078398108118e-11,-1.552189393216708e-12,1.8371194227265774e-11,1.036639561264422e-11,-3.252030142065944e-11,6.415132401456516e-11,-1.9513558337613956e-11
1.2874507745382294e-10,-4.112903293693642e-11,-1.3438895137309548e-12,6.295495945688533e-11,3.9712780908706694e-11,4.803512290631417e-11,1.5529375388985475e-11,-3.068347542486527e-11,-2.519061139070558e-11,1.3052069594371345e-11,-9.016519666898923e-11,-1.5368242929779172e-11,5.163889931132435e-11,2.791461706313501e-11,-7.740786371718491e-11,1.4166294346019815e-12,2.0233845615197096e-11,-4.0651237765686746e-11,1.5800734548164356e-11,1.3890326050953612e-11,1.6038984662037243e-11,-4.8446467239986926e-11,2.1465950376038177e-11,4.8829802751588424e-11,-4.884563361335116e-11,-2.23970785250197e-12,-3.725257835495667e-11,1.2120667758771138e-12,-4.0090042604816304e-11,5.432293444639131e-12,1.2603936971011934e-12,-7.005875966543458e-12,1.9364407122390127e-11,2.1864092981694283e-11,7.44624067660968e-11,-8.494621634196446e-12,-2.8991103331813594e-11,9.657695120158638e-12,4.0617471850391745e-11,-1.5527376541586914e-11,-2.8137254404655777e-11,4.124000777195759e-12,1.7127558979360622e-11,-2.1239927164145883e-12,-6.093349492091435e-11,1.6154532097695167e-11,-5.21763439115935e-11,2.0747282677058935e-11
-7.500421697540695e-11,-4.703313452694784e-11,-1.2211069755525411e-11,8.517801256842749e-11,4.568170298068522e-11,-3.147301324137778e-12,1.8842625176452798e-11,-6.269326532621258e-11,-2.421027320439811e-11,-2.1689503830114342e-12,-3.3078161658003664e-12,-1.5025109472771017e-11,1.4317384573532443e-11,-7.15663810934975e-11,5.914524046474839e-11,-7.120582842319097e-11,2.6382910183966546e-12,-4.235122779366849e-11,-6.927308539052218e-11,2.978800841903633e-11,-6.135888105528168e-11,-8.454364018481659e-12,-5.985368595232495e-13,1.992502457501159e-11,-5.598403527627799e-12,-5.045824633100599e-11,-2.7957055027640055e-11,1.235817259305283e-11,-3.731487393351776e-11,-2.5017632976610147e-12,2.5196772887353164e-11,-3.025679825155707e-12,2.039812989255426e-11,1.789958962981922e-11,-2.0437256487004756e-11,5.115888804811469e-12,5.340189189472712e-12,1.7036186487253375e-11,7.196247700293758e-11,4.083938530623656e-11,1.618087965649773e-11,2.1959320120303445e-11,3.332160917122538e-12,-8.941240433016955e-12,-4.55252284938954e-11,8.845528672655747e-11,2.403937598580979e-11,-4.4062330948791163e-11
-2.3728235781446818e-11,-2.846535797210624e-11,-7.302620998686462e-11,-6.907259265748501e-11,1.8949738059600448e-11,2.7732480751490376e-11,4.276706250045156e-11,2.132425021889157e-12,1.999317461846891e-11,3.372008255047358e-12,1.556272865846286e-11,7.09094978509413e-11,2.2650638618605606e-11,-7.411183907395425e-11,-6.582143705563987e-11,-2.4474108977836947e-11,-1.447967708102713e-11,2.2819402523592278e-12,-2.140952313198795e-12,3.4811880105026605e-11,-2.6000959581774134e-11,-1.0628571865112545e-11,8.239606132150474e-12,2.5347657968762536e-11,-6.472237547625131e-11,7.067143110678944e-11,3.67826312699239e-11,-2.3922627181031754e-11,2.583161386188585e-11,2.2448627559781758e-11,-4.1038500559119805e-11,1.927955727764146e-11,4.0846678582968576e-12,5.558476569718259e-11,-2.0008856063596143e-11,-2.41031889472987e-11,-2.911971437922536e-11,-2.2140259793377445e-11,-5.1477604039123245e-11,2.406159969266522e-11,3.2556025343215235e-11,2.4029543932538114e-11,-7.2385588454919335e-12,-2.8276460545206613e-11,-5.999709723444107e-12,7.327667431431139e-11,2.386388805656924e-11,8.466880517397054e-11
4.1513090492228655e-11,-6.079249874193962e-11,5.878973636187664e-11,3.368252628077277e-11,1.7305191034107732e-11,-5.1751331907429515e-11,-6.6695783789179606e-12,1.0920233222623205e-12,4.639641818742087e-12,5.030376750043776e-11,2.7830032957272065e-11,-5.170167020589461e-11,3.703559873748416e-11,1.0386608079318224e-12,1.5730363752320838e-11,-1.546490946500138e-11,4.668491545599569e-11,-1.1979812774639976e-11,5.579650318255863e-13,-2.808993485150042e-12,2.432598268843007e-11,-2.301531144301121e-11,1.6985202725766256e-12,-1.828521110400728e-11,-2.8778075647087144e-11,-2.4887528226799872e-11,1.2092846980771641e-11,3.6130789518047065e-12,-1.4844719709353604e-11,-1.5943081870329698e-11,3.440423150700986e-12,1.3780698938784752e-11,4.376871039970469e-12,-1.0058977960329497e-11,1.787903543371257e-11,2.5016538044426694e-11,6.662636452471231e-12,2.227393020689773e-12,3.4890988014916355e-12,-2.4310562875158916e-11,4.211749026762734e-11,-4.416559941264264e-11,5.238197187171616e-12,3.98644108217235e-12,-1.6509470769926997e-11,9.294996553663355e-12,4.810861810461292e-11,-3.12883272678009e-11
1.0014214881343102e-11,2.502294324311626e-11,-2.686752270593131e-11,-1.4194372507175949e-11,-8.71829816582974e-12,6.915750909247104e-11,2.865704748151444e-11,5.998283344650327e-12,-2.8805990017530408e-12,1.1724467601545597e-11,-2.6946920986396463e-11,-4.092728036511575e-11,-1.7953180454864587e-11,8.870386712984897e-12,9.045302973525563e-12,-9.059185040747366e-12,-1.4307269482693103e-11,-2.262383087182179e-11,-2.513449550023381e-11,1.146268085335334e-11,1.8678910526306414e-12,9.056571289649103e-12,2.375323495660374e-11,2.7451000032085727e-11,-3.3752306901547064e-11,1.8132676352005236e-11,-1.209952430228964e-11,-5.010752913891512e-11,2.356898321012396e-11,4.721887091621957e-12,-9.302698011464353e-12,-6.638224397117958e-12,2.4778628248745104e-11,-9.593674489778396e-12,-2.3517607566845136e-11,4.2034221627924806e-11,-7.592014632897767e-12,-1.470213394982342e-11,-3.4321461709332715e-11,5.038460295189279e-11,1.3605415559893901e-11,-1.774048329693186e-11,-2.409588406985726e-12,1.7564717074800923e-11,9.752165680681882e-12,-3.3363728164006646e-11,6.275394033859146e-11,-2.102926600033396e-11
1.1329556795255353e-10,-4.074493234517717e-11,-3.207381770258978e-11,6.41570500009873e-11,3.924946258006039e-11,5.5720668444707626e-11,1.4951679076225686e-11,-3.348839915424159e-11,-3.272764606782305e-11,1.1478838463006e-11,-8.888238631767844e-11,-3.8331660685761e-12,5.22670924147507e-11,2.8492091146490767e-11,-7.484182327772304e-11,1.5570109680006604e-12,2.0799240163740453e-11,-3.815596272526027e-11,1.3530305609933372e-11,1.0564422730995945e-11,1.2996124757530306e-11,-5.2492722123198276e-11,1.947841995821303e-11,4.8885506811722806e-11,-4.853767049727718e-11,-2.0574000870370795e-12,-3.870334033045906e-11,1.397346534715052e-12,-4.0575672460476674e-11,4.273807875586378e-12,-1.602488754898955e-13,-7.688239023334984e-12,1.8394777375554285e-11,2.1854568480433406e-11,7.465343683145313e-11,-8.963987768627946e-12,-2.967951202076765e-11,8.58952050887012e-12,3.9863843063550503e-11,-1.598393443299226e-11,-2.955151664311484e-11,3.5287928719995146e-12,1.530527681306312e-11,-3.708797606679047e-12,-6.222418822224775e-11,1.3492775528300115e-11,-5.6412930825652074e-11,1.1475907658384666e-11
-7.635999743420836e-11,-8.668150885349276e-11,-6.106004908263311e-12,1.0990905244572084e-10,1.6424473548444376e-11,-4.0398762330068193e-11,3.1477547481181486e-11,-4.971135102905258e-11,-4.0054111673005606e-11,-8.445400191570971e-12,-1.236004458551792e-11,-1.9096571483537153e-11,1.698779582704373e-11,-7.563645080454204e-11,5.4668207589168415e-11,-7.35361076665513e-11,8.410041566770712e-13,-4.391892044306775e-11,-7.029602501248504e-11,3.169942119132914e-11,-6.981015127669573e-11,-8.127381743242491e-12,-1.8315209139853486e-12,1.733166681782479e-11,-5.806702932404111e-12,-5.192471030618809e-11,-2.80867587544778e-11,1.459185317425833e-11,-3.8334866755861284e-11,-3.538842108639989e-12,2.3814170113337292e-11,-4.567961526579708e-12,1.9645180834515066e-11,1.6530784937408294e-11,-2.204797855198269e-11,3.276965567278012e-12,2.942847167673938e-12,1.5811434138808295e-11,7.029307621151701e-11,3.9307479679716814e-11,1.4459793969022606e-11,2.0358470441101565e-11,1.6620287394374713e-12,-1.10259536201964e-11,-4.816053923958777e-11,8.487728190498741e-11,1.812361102478123e-11,-5.6362550725054333e-11
-2.182252051063521e-11,-2.021246155419551e-12,-3.9195870053747015e-12,-1.544677018617989e-11,1.3463484626693937e-11,-1.3986933406807013e-11,-2.7081339808785113e-11,-4.9653198447128534e-11,-1.6674842772568836e-11,-2.415601402602776e-11,-7.548571375905508e-12,3.216707055357131e-11,-8.370315676246745e-12,5.840575697513617e-11,5.798504157580917e-12,-1.0435739860526375e-11,-3.085554779750214e-11,-4.7513343501879445e-11,-3.638575117062234e-11,2.3039940216788432e-11,1.7548620268488598e-11,1.8014905795117824e-11,4.184803180956835e-12,-1.7419722050174095e-11,3.0089303492871853e-11,-2.849273139120964e-11,2.8408693631033875e-11,2.8992646806419305e-12,5.901365973035335e-11,-2.6045364968713693e-11,3.310730896741648e-11,7.802251613541675e-11,-3.55245841561422e-12,-5.135141470599312e-11,2.562723124179977e-13,9.33602255109725e-12,-6.253170835301289e-12,-4.436192261367075e-12,2.9533272480789247e-11,8.679276053473176e-12,-2.1536728421111416e-11,3.2019395866301955e-12,2.9243607974150884e-12,-7.030718636071541e-11,1.4004086385482858e-11,-3.805005985713328e-11,8.815771049756756e-11,2.680067122197073e-11
1.7272160664176703e-11,6.807900205308954e-11,4.53062179581927e-11,1.1049828749935945e-11,-3.892700800515975e-11,2.653154000297646e-11,-2.4234692863350882e-11,1.0617407637460127e-11,-2.570587211289947e-11,-2.2035737738798956e-11,1.300012766175626e-11,2.1775957743691917e-11,4.402361858927367e-13,4.013803428369357e-11,-5.490786655540765e-11,-5.689800306286589e-11,1.695469180581705e-11,2.8367536596149488e-11,-3.009540604579683e-11,4.8172751513419784e-12,4.1534118832368466e-11,2.9305809103955844e-11,1.362163288131325e-11,6.633680171941871e-12,4.303459244164971e-11,-2.863184469432334e-11,7.771948243733656e-12,-7.512205379899124e-12,1.1906885299130106e-11,5.06483903786668e-12,4.8567979848419686e-11,-9.151005095336398e-12,-1.522859332297746e-11,-2.7198697596593542e-11,-1.8320850341481057e-11,2.4633915868822716e-12,2.1629483364992052e-11,-2.6569842214150234e-11,-1.0369876288178722e-12,-1.2595058263028958e-11,-5.050161513729237e-11,-1.0002646700852278e-10,-5.7178975159575284e-12,-2.12513242230035e-11,1.945280703357382e-11,6.507413942437657e-11,-6.023026235028056e-11,6.047964809354782e-11
-2.7678178577917706e-11,4.791105965631694e-12,2.977822811084104e-11,2.3215556563511547e-11,-1.211084210558008e-11,7.296870460795333e-11,6.764089042121373e-11,-8.387326290202578e-11,-1.4392195850368885e-11,-1.4923969220659594e-11,7.453952440461805e-11,-5.1030373158012143e-11,-5.2673720934894184e-11,2.9381531666068465e-11,-1.1780043394494755e-11,-5.764854046777077e-11,-3.088330559764198e-11,-9.126256398082168e-12,1.1967836298395547e-11,-7.134508817913835e-12,2.4841428324605288e-11,1.73298457150087e-11,1.7207170519328803e-11,3.161749532978917e-11,-1.619778135518524e-12,-3.5935817096798395e-12,2.3013749677038044e-11,-1.114508032938497e-11,4.341295553656599e-11,4.659944387927685e-11,-7.56545329939171e-12,-1.989025985022878e-11,-8.207756628100381e-12,-6.7363024466496355e-12,9.908726653837345e-12,4.6504875398942124e-11,3.2612859279734874e-11,1.5708728272507773e-11,2.4874860063222278e-11,-4.102061799829714e-11,1.374106334843811e-11,1.5285080337022342e-11,-6.954559088515523e-11,-4.896632745260093e-11,9.99192733602087e-12,4.1053165790422556e-11,-7.216469978076862e-11,2.1401953005331743e-11
-2.003802020076409e-11,4.179861650822074e-12,-2.4897924289710758e-11,-4.6542590917832516e-11,3.839619013912785e-11,-4.9338047812893663e-11,1.481084881028755e-11,-3.556230990826407e-11,-6.038677377294906e-11,2.5719598383865745e-11,-3.811327829569617e-11,5.8425127626540425e-12,-1.7103968117934407e-11,-3.4752556207308566e-11,-4.0837819384542514e-11,2.8363766703031325e-11,-7.691965262918678e-13,4.38587318571909e-12,1.9187144712633423e-11,-1.3696074574447e-11,-6.024980881355726e-11,-4.208564421992253e-12,1.8840335985423736e-11,1.5269915731723048e-11,-9.75632832817928e-12,-1.2714040535508171e-12,-1.4516169004408864e-11,-2.428437689895848e-11,2.5454148384690277e-11,3.6692390593842657e-11,-2.649719214377746e-11,2.638813754511639e-11,-4.066404936078936e-13,-2.6727429990008974e-11,-2.546337458201049e-12,-4.030042585132595e-11,3.8093543799853536e-11,-1.7774727022898177e-11,3.199346857626008e-11,5.499784683744626e-11,1.2741841121191956e-11,6.062206191398842e-11,-2.8575231722899426e-11,-1.2808913213617968e-11,-6.332313943728367e-11,7.713180246667998e-11,7.836975649096461e-11,1.1413703503330358e-10
-1.0626361828269409e-10,9.912892330683645e-12,1.2891872665921631e-11,-2.41212115292894e-11,-7.277096972885466e-11,-3.2829210849037426e-11,3.6186514977849904e-11,5.0656573755241395e-11,2.700863916124782e-11,-5.196949445489568e-12,-3.6895963793188335e-11,-2.733686383552527e-11,-4.402615395560348e-12,5.336892154330906e-11,1.6047773356508142e-11,1.1054427018053398e-12,-8.447988068398827e-12,-2.3179687826250646e-11,8.555850030935927e-12,1.5268558400526724e-11,-6.22618908531087e-12,-2.0461809420569724e-11,5.081786438689273e-12,-5.672084639865175e-12,2.8087873845788487e-12,1.3376152222694274e-11,-2.152174366980396e-11,1.9013689482126997e-11,5.293812562902446e-12,5.321677117991366e-12,-2.250851606707603e-11,1.1338244818755207e-11,-5.409730038609903e-12,-2.0205700067410554e-11,7.558462953003186e-12,1.8342037638755678e-11,-1.393964256454357e-11,6.7875358857925025e-12,-9.073967328769465e-12,1.8697391498423585e-11,1.668164720926657e-11,3.418589267423485e-11,-3.062076923918175e-11,-2.552291052432943e-11,-6.408421408619651e-11,6.901150798958962e-11,-1.0429917104371813e-11,4.2154896271635935e-11
-2.317279767746702e-11,9.851622119508487e-12,1.1151356800289558e-11,-1.543447372043959e-11,2.3826303980816818e-11,-5.0132272597744646e-12,-3.6732366917209833e-11,-5.304234396370535e-11,-1.4149853127165204e-11,-2.2355423309654993e-11,-1.1601156539482908e-11,2.9325912149733865e-11,-6.006995413579002e-12,5.476161041848384e-11,6.00749474368682e-12,-1.3098824008919477e-11,-3.732803957385604e-11,-4.693484051187079e-11,-3.6502414894365276e-11,2.1534339223972883e-11,1.7182012037324396e-11,1.6619206511885038e-11,3.490659057367949e-12,-1.8178307506351352e-11,3.3815089355934804e-11,-2.43029057080355e-11,2.8751172834288542e-11,3.537134198081112e-12,5.756375020984632e-11,-2.5951410411367654e-11,3.433839937599328e-11,7.943827558272807e-11,-3.40262332564184e-12,-5.0523246123002303e-11,5.296320210990394e-13,8.971851427087711e-12,-6.484263434996662e-12,-5.217178104184484e-12,2.9002688960016423e-11,9.039542600973762e-12,-2.2243447692586596e-11,3.1273540098492665e-12,2.8897580422963463e-12,-7.035004269583174e-11,1.3245595817635754e-11,-3.899031095244616e-11,8.683986468366542e-11,2.2434078374820718e-11
9.380275039679065e-12,2.7652913211156335e-11,2.768763843292412e-11,-5.320020089703418e-12,-3.146164951685547e-11,2.8859337288547477e-11,-1.524729837682474e-11,1.1884725904882834e-11,-2.3647075886985285e-11,-3.259871180221586e-11,1.713458030613999e-11,2.3793604116856667e-11,-5.712868090064574e-12,2.7541693742932142e-11,-6.032946180587175e-11,-5.699710804579837e-11,1.0427080656396686e-11,3.026730650095476e-11,-3.487177583003134e-11,3.631437093562012e-12,4.167199808799759e-11,3.1628184018875095e-11,1.5746500873541132e-11,9.840006462292554e-12,4.1183742967947814e-11,-2.994851079204192e-11,7.983494784284673e-12,-6.403522324003346e-12,1.1352391349755145e-11,5.719684177446805e-12,4.8366669608001325e-11,-9.052952450383222e-12,-1.518657270676371e-11,-2.7277793022451602e-11,-1.8328479017070365e-11,3.3087520187269486e-12,2.1684144755601415e-11,-2.6440737075512278e-11,-8.027944463749964e-13,-1.2448505416319562e-11,-5.052800563486742e-11,-9.955224938867017e-11,-4.954814902653504e-12,-2.136177063067907e-11,2.009635951756551e-11,6.519872045245153e-11,-5.968165827064266e-11,6.170068399490219e-11
-5.0440304843933e-11,2.8114786183720152e-11,4.7925338952821677e-11,4.724971423751177e-11,-1.3019619873847032e-11,8.193088196273373e-11,6.218172969548743e-11,-7.957972873437096e-11,-1.0735156899900993e-11,-8.926851084890296e-12,7.387879654135055e-11,-4.080535349714836e-11,-5.246000913055096e-11,3.327590924525258e-11,-9.595929246251848e-12,-5.825401197978476e-11,-3.27203310113367e-11,-1.3464877675828696e-11,1.1884551396574203e-11,-9.715982998431474e-12,1.406969591932957e-11,1.569743054205334e-11,1.5759880187877882e-11,3.184697882021601e-11,1.3639185461840069e-12,6.443683557939273e-13,2.167150636768089e-11,-1.5270816451183648e-11,4.325351714888794e-11,4.768686487976894e-11,-7.056469182614994e-12,-1.9361218775386473e-11,-7.321303768484162e-12,-9.446541165317603e-12,9.407789925553441e-12,4.697810559958148e-11,3.2274335693446656e-11,1.6299431114321355e-11,2.465275300998926e-11,-4.151290293464434e-11,1.3067296883121254e-11,1.479744533626368e-11,-6.991589628717872e-11,-4.963004624510785e-11,9.523096427089495e-12,4.059158593409232e-11,-7.249863878025574e-11,2.162127539980791e-11
2.3592312908571194e-11,-2.4279851081694025e-11,-4.210938624471731e-11,-3.120270708922242e-11,2.4966306811332497e-11,-6.404187218413614e-11,4.493873856438698e-12,-4.8662273916033275e-11,-4.862953418046739e-11,3.002760001293578e-11,-4.5785780382829965e-11,1.697144366947299e-11,-9.085949960076898e-12,-3.5203674640351266e-11,-5.0006614904405614e-11,2.8356163565744833e-11,-3.808813240178934e-12,9.980361046440841e-12,1.6426648878207606e-11,-1.1283597469364926e-11,-5.989731717119102e-11,-3.921228577048141e-12,1.82196043803836e-11,1.6068435096469212e-11,-1.2757808871334009e-11,-4.1168265595643094e-13,-1.0251752830632326e-11,-2.3663360057427217e-11,2.5469094683515946e-11,3.654402799387078e-11,-2.6972890935653633e-11,2.62484823386137e-11,2.12995845089042e-13,-2.5570633246782204e-11,-2.6640899419117288e-12,-3.9480160691296594e-11,3.7999510798388374e-11,-1.739071605139646e-11,3.212496679511028e-11,5.540164510898749e-11,1.3147827289492713e-11,6.07043633312523e-11,-2.8421741081665775e-11,-1.2545884188873263e-11,-6.387922705275573e-11,7.69888727965078e-11,7.736037906932625e-11,1.123047004167751e-10
-1.0074416961213791e-10,5.245444342754678e-12,8.383316688310117e-12,-2.896691245318315e-11,-6.638301583053638e-11,-3.428394576328356e-11,4.044613178225573e-11,5.2615436194181925e-11,2.685332591016705e-11,4.583925431664177e-13,-2.502597352654195e-11,-2.843615137631883e-11,-8.728719710714875e-13,5.3363213248075735e-11,1.7636613339561402e-11,6.192718152899519e-12,-8.677550544741315e-12,-2.592270140138674e-11,7.889762171509851e-12,1.306766243262946e-11,-6.564276771871333e-12,-2.007715225644369e-11,6.013882373695096e-12,-4.279705170085901e-12,4.454610586412657e-12,1.1331820210504637e-11,-2.2469665409935404e-11,1.8977309739889525e-11,6.1314713379089155e-12,5.090913520368624e-12,-2.3676417221787668e-11,1.3219065498044906e-11,-4.339744813911785e-12,-1.9128708737714573e-11,8.849518591170825e-12,1.6751816455136065e-11,-1.3258817233800859e-11,5.9044727705859184e-12,-8.98190647577728e-12,1.8854426653149835e-11,1.6848916760638927e-11,3.4077100618811884e-11,-3.0282724653954064e-11,-2.5340114413978736e-11,-6.440726599592875e-11,6.886621813935148e-11,-1.059525650215236e-11,4.104229028424023e-11
-6.126189443410115e-12,-4.4541924049157393e-11,2.2027746749628606e-11,-1.3055287577916271e-11,5.431232667767147e-11,-1.2937829478584893e-11,2.8864948573666968e-11,-2.1588199689667064e-11,-4.724034551194385e-11,2.0118741366316757e-11,-1.744935456850781e-11,2.9403681029881204e-11,1.7501098896959015e-11,2.532835076208624e-13,-8.578927400209528e-12,5.1557247079188244e-11,7.706118667036323e-12,-2.7044861394455385e-11,-9.064310591450319e-12,9.797259436310763e-12,-1.0921802886837789e-11,-4.964751162929219e-12,-3.890568443792373e-12,-1.6364902196363305e-11,1.558512270421559e-11,1.5834794936565035e-11,2.3719028355932898e-11,-1.8570703760314927e-12,-3.703274397227436e-11,9.190906765173904e-12,-6.911594862836198e-12,6.288658692500723e-12,-1.4675420423560996e-11,1.7029948964434657e-11,2.058135240421399e-11,1.652671577352374e-11,2.0959721672518975e-11,-2.0595110917666212e-12,-2.4328254644620044e-11,2.6718979007105014e-11,-1.2023550807751946e-11,-6.9180145130316236e-12,1.1699110262954591e-11,1.625229638951123e-11,2.5079255574213383e-11,-1.993439796388618e-11,4.75634292780658e-11,-8.470282511074937e-11
2.1948125088534103e-11,6.281573331586203e-11,-7.304510302285074e-11,-3.0052950872879335e-11,1.960337807586569e-11,3.18413250378648e-11,1.2696635225812701e-11,-1.9578821781110003e-11,9.620626667163516e-12,3.7158723748062077e-11,2.877796802700968e-11,3.5225690527852046e-12,1.4615746779728886e-12,9.176238079802602e-12,-6.591440755193702e-12,2.0669426672655842e-11,2.433156523022354e-11,-7.501657918150809e-12,3.0507986802226204e-12,-3.3916779997228324e-13,-4.67284939012935e-13,9.472130935205096e-12,1.5057859638725698e-11,1.7769611196296307e-11,1.4043700387274197e-11,2.6344696895397897e-11,1.638441274778087e-11,1.0067955824706196e-11,-2.7850321437663733e-12,-3.5261939151968806e-11,3.5545182235172265e-12,-1.7112785497716802e-11,-4.951175374893134e-12,-5.557814944630707e-12,2.1983650218445867e-12,2.6643497719458298e-12,4.276504111440814e-11,-1.526480374867748e-11,8.632155485091996e-12,2.919745305601757e-11,-2.5000299047503854e-11,-1.0570868399353795e-11,-4.534416522673187e-11,3.1993733864360094e-11,-2.1205905733335177e-12,4.4896246562818787e-11,-5.3646481046224665e-12,-9.687822434112717e-11
-1.0079254404899824e-11,-3.4532547515852564e-11,1.4568912997083846e-11,-3.634953581533463e-11,-5.51766230817917e-11,-4.987827863433451e-11,4.623162761858229e-12,4.4781629262932854e-11,-2.8902986547704517e-11,-7.2510513386348505e-12,6.870625656248084e-11,-5.630815131243764e-11,2.153715858931339e-11,-4.392931594422392e-12,-5.316625684261505e-12,1.9539070542839068e-11,-4.898379818757528e-11,9.227570134269684e-12,1.9680852191487802e-11,-4.4664199878495936e-11,1.0486388471209093e-11,-7.0023214278365025e-12,-3.7252378175239664e-11,2.6776907112909163e-11,-1.09129835960231e-11,-1.0435038824678257e-11,8.61171946286733e-12,-7.302373577104424e-12,-1.3392215609717313e-11,1.17407465377084e-11,-9.216359847186581e-12,-7.1468570388024666e-12,3.737673614657131e-12,-9.999655419637315e-12,1.5993655212689246e-11,-1.0405754083670855e-11,3.707792676180668e-11,7.39036421220421e-12,2.1986932287405044e-11,-3.843292483274119e-11,5.01598791523437e-12,5.42349805845317e-11,-1.7840995258817003e-11,1.72847433066807e-11,-3.203583893144594e-11,4.4016182023050066e-11,4.1661995298117543e-11,1.1735449162876666e-10
-1.4327586234008138e-12,-2.3423429673195026e-11,-4.547009536051694e-12,5.263219288547366e-11,-1.9251453044614015e-11,-2.3335929957014338e-11,-6.727099539950342e-11,2.3535077723515467e-11,4.214160908544268e-11,-1.2952140843606677e-11,-2.3779531845889313e-11,-2.9125652122508882e-12,-4.247730032156656e-11,-2.503338869847518e-12,-5.466129087917761e-12,-2.086890465308457e-11,-1.2254259307633332e-11,-1.8943041381569856e-11,-9.387378113095629e-12,1.3733823477349524e-11,1.8385651376454996e-11,3.8827575265827104e-11,-3.21931022033415e-11,-1.4540969904642245e-12,-1.5054335217976212e-11,1.546256517532657e-12,-2.6868476635251048e-11,-1.1153861397530298e-11,3.911525829607486e-12,1.8874692825342387e-11,4.058637440705104e-11,2.097335594039518e-12,-2.0325428216473576e-11,6.57107867115246e-12,-2.089649234367348e-11,-8.233726746524852e-12,-8.193208473944921e-12,7.967817698094883e-12,-2.7006473507311665e-11,-1.1203568078549895e-11,3.741416985445005e-11,-5.074004314388332e-11,3.707388381001502e-12,2.189479764346998e-11,-7.164429711113682e-11,-3.387137288732272e-11,9.739288621315934e-11,1.1297932518151009e-10
5.529408882895374e-12,8.977892870460232e-11,3.7488392886604564e-11,-2.2516641124316076e-11,-5.224613888047692e-11,-3.239896846348112e-11,-1.93710566826118e-11,3.2740881004682805e-11,3.866921268062815e-11,1.7645437629100248e-11,-2.086612897090162e-11,3.068019866254914e-12,-1.7683656264304554e-11,4.341803756534453e-11,-3.3970692622590814e-12,1.9365150954048497e-11,1.6582457693898237e-11,-2.8792560701558292e-11,-1.3023845738867045e-11,5.129457853367159e-11,-3.278787030418105e-11,-1.0750705781517451e-11,1.6520625325355897e-11,4.791677941538212e-11,5.53563079236501e-12,-3.0577257341913884e-11,-4.6202721658044194e-11,1.1387857457762387e-11,-7.50271081934583e-13,4.8456811018573955e-12,-2.81466793489518e-11,2.3727405255417963e-11,-2.1410696653798087e-11,1.0537361953998871e-11,9.041397873585116e-12,-2.5717567037154236e-11,-2.734005379394784e-11,2.388364762347964e-12,-6.296268546913966e-12,-2.7489787592730517e-11,-3.737663278170871e-11,4.768832125587324e-12,7.422323185848045e-12,-1.7064103192524185e-11,-8.072869339551034e-11,1.3942490062533245e-11,-4.9401073072437096e-11,1.1670512442212826e-10
-2.8123567484367262e-11,-5.251662545076665e-11,1.7374204357784706e-11,-7.0340673433916155e-12,4.169835849660847e-11,-1.150977811931287e-11,2.0523341301755136e-11,-2.1848064101052505e-11,-5.167135949896862e-11,1.611817763019722e-11,-1.9688970753466682e-11,2.0488389810584108e-11,1.472785093360305e-11,2.6316351373786766e-12,-5.2331161141242705e-12,4.744258635907238e-11,4.533406872606811e-12,-2.5463192328438627e-11,-1.1436667295463087e-11,5.844324596312495e-12,-9.920400062466561e-12,-6.632859122543259e-12,-3.336649346427282e-12,-1.727636122989592e-11,1.489598058286033e-11,1.5308701807318665e-11,2.3312899596599953e-11,-2.5393949202154853e-12,-3.751741118821788e-11,8.820647882626305e-12,-7.356343456767136e-12,5.750759984721994e-12,-1.513789280298489e-11,1.645858558057188e-11,2.0119372444334067e-11,1.5993841798201922e-11,2.0437391013471727e-11,-2.802646110432164e-12,-2.506445208003359e-11,2.6177414633016433e-11,-1.2856644695766779e-11,-7.762899577761572e-12,1.0526781322107516e-11,1.4981458416500956e-11,2.3649716264114848e-11,-2.2425650354874574e-11,4.3982163341072294e-11,-9.069736091093056e-11
2.8602041381689613e-11,5.1993553321305826e-11,-5.179585915195626e-11,-3.074677854248033e-11,2.054439972238345e-11,1.6428826397886695e-11,1.8716578997075413e-11,-1.9685973333307152e-11,1.5032228125646078e-11,3.2540602112544995e-11,2.538415687466399e-11,-7.301534966413031e-13,1.8892381658714047e-12,4.662597136465537e-12,-3.9619594571482754e-12,2.0657415448982974e-11,2.4018948849158244e-11,-7.192610922764891e-12,2.4428697027994794e-14,9.927224503278798e-13,1.123018854086833e-12,1.0082902268427076e-11,1.4745922116275666e-11,1.8019181843874592e-11,1.3841508509689113e-11,2.6128477324792785e-11,1.5816999568240455e-11,9.72748894261358e-12,-3.1773290634764787e-12,-3.5468742035804034e-11,3.914854142735778e-12,-1.7462415342826548e-11,-5.022259188783764e-12,-5.925781952211011e-12,1.6972199133150137e-12,2.246630635729815e-12,4.241690222526617e-11,-1.554547522580382e-11,8.255211579036496e-12,2.8879996171481707e-11,-2.5410973283953506e-11,-1.0944605807284664e-11,-4.583443786478939e-11,3.1275749595388135e-11,-2.808033773602837e-12,4.386396212049811e-11,-6.523677985547759e-12,-9.896721820475742e-11
-1.4154999100284169e-11,-3.13600360031869e-11,2.6836936832101995e-11,-3.1292350012897305e-11,-5.0053708067870227e-11,-5.05531855229873e-11,1.5804505721572456e-11,4.363322857451838e-11,-2.5824219618858752e-11,-3.0661051953632276e-12,6.1956808735726e-11,-5.153466428560935e-11,2.2491982977551497e-11,-5.326628097944352e-12,-5.00902770470927e-12,1.0403995641766451e-11,-4.785881085997709e-11,1.6313332957596374e-11,1.6807221714223203e-11,-4.7321860912579126e-11,9.134855838313814e-12,-6.837127501988602e-12,-3.75869816437521e-11,2.621065382631483e-11,-1.090359084780829e-11,-1.0309674726182644e-11,8.397167177449788e-12,-7.178958987343047e-12,-1.4208057653841414e-11,1.1580477569961143e-11,-8.93644558518079e-12,-6.980991677203143e-12,3.4973239665113156e-12,-1.0185640905397084e-11,1.5533796820985825e-11,-1.1525056463918699e-11,3.593845795164437e-11,6.810130926340618e-12,2.1472385953069147e-11,-3.932825114259901e-11,4.8464935827610834e-12,5.3864560874584715e-11,-1.8545473148314334e-11,1.6050799342661234e-11,-3.2414623825486955e-11,4.354545034429917e-11,4.0420708477399765e-11,1.1399772933167816e-10
-1.3827746894900658e-11,-6.562275425863651e-12,-1.2840322717207732e-12,5.994043791381317e-11,-2.1985211538463183e-11,-8.85311060512589e-12,-6.891423651295546e-11,2.177934960940911e-11,3.894128211892095e-11,-1.6793240408993906e-11,-2.9184422344325436e-11,-3.735961967334915e-12,-3.883926488839617e-11,-1.4485812579663719e-12,-1.1346055963431332e-11,-1.8690150698463682e-11,-1.3942011496896596e-11,-1.9338113922463154e-11,-1.3926237786315257e-11,1.2981657354547277e-11,1.5076566577073923e-11,3.306641776790756e-11,-2.552089852029689e-11,-5.776784644137626e-12,-9.530669783441087e-12,4.961566959018627e-12,-3.0114928521441916e-11,-1.2209288393015008e-11,5.9122257739142504e-12,1.865156222191596e-11,4.4277751264742795e-11,-1.2124359501537889e-12,-2.62472260069707e-11,7.438851878293479e-12,-2.2572107113545862e-11,-7.433537275461694e-12,-8.692550157106212e-12,1.2697734384983508e-11,-2.7736149161536414e-11,-1.1128869261869953e-11,3.768105855842104e-11,-5.239603391961567e-11,3.1222242496680013e-12,2.0344987558504473e-11,-7.275608138066871e-11,-3.495162120760419e-11,9.498995957247062e-11,1.0930570293844793e-10
6.726205116536117e-12,8.185742463342572e-11,2.4245275940185006e-11,-3.875932317648883e-11,-5.5913133159345924e-11,-3.1952434078403306e-11,-2.0778112445173795e-11,2.8685835498875994e-11,3.2467040945484736e-11,1.8057630703952666e-11,-1.882759448350883e-11,2.214410939455032e-12,-1.4297916770948665e-11,4.1588604569873337e-11,-3.1303241587109388e-12,2.5215491608935037e-11,1.6273922246728135e-11,-2.4758570528342742e-11,-1.422568049582552e-11,4.744528196556066e-11,-3.508319061859635e-11,-1.0763626619935864e-11,1.4524300834146211e-11,4.825663768132301e-11,4.183767280595576e-12,-3.0990859280175534e-11,-4.633240203009957e-11,1.0984952590236566e-11,-1.3185892168951786e-12,4.557311229639495e-12,-2.845457928456893e-11,2.3479044868240294e-11,-2.2003706547372313e-11,1.0135537069399887e-11,8.798112309276745e-12,-2.605894076740109e-11,-2.7652571918637776e-11,2.0827586907603473e-12,-6.762599102467121e-12,-2.7818342793487507e-11,-3.787557143310021e-11,4.3785407968403345e-12,7.002741207684734e-12,-1.740319206474122e-11,-8.09333795794546e-11,1.3226310972834515e-11,-5.047234499392796e-11,1.1598262631032613e-10
1.0280086620909855e-11,-4.1923101944599375e-11,-2.275557599305223e-12,-4.0097490293923794e-11,5.17970472055313e-11,-1.6107201412800895e-12,-8.074534069393906e-12,1.4674477339574846e-11,-1.063521241620433e-11,3.341961863984656e-12,-1.8674994648817537e-11,-3.6894584314876664e-11,4.47855198414977e-12,1.011895220758628e-11,-2.409732550799977e-11,4.432678577096001e-11,2.4047704745150336e-11,-7.483549010607614e-12,1.758861129332261e-11,2.0995204718536875e-11,-2.300440927252556e-11,7.179078262319886e-13,2.0105542479512818e-11,7.608279199821575e-12,9.043521660793782e-12,-1.4505865910682897e-11,2.198481294116526e-11,3.0891927795231314e-11,2.716390271005655e-12,-9.05118763985965e-12,5.667384220397752e-12,3.8096771503841266e-13,1.0691344220498332e-11,-3.090293871174532e-11,-1.6169866371126874e-11,1.6719165034238997e-11,-5.875285674987411e-11,-2.1565328226103792e-11,4.094954967471453e-11,-1.3842258650563836e-11,2.553003590839567e-11,3.828968954503422e-12,-1.848461535999833e-11,1.2252231585022907e-11,-2.958780852575643e-11,7.661141166295105e-11,-3.882590982612577e-11,5.29870726945165e-11
-2.304005379501335e-11,2.8924021500082482e-11,-4.8413841883983174e-11,-1.2257188920500693e-11,1.992524562280365e-11,-7.603133317457897e-11,-2.9514807314967836e-11,-7.696168618358855e-11,-4.4079770804225686e-11,2.819311884140379e-11,5.7883676251211515e-11,4.88286715614975e-12,-2.920882634264533e-11,-8.857698569624398e-12,1.0180001610909302e-11,-4.156188644933413e-11,-2.4064405383491216e-11,2.4336597184898574e-11,3.2188673742251844e-11,2.3069162106924683e-11,-3.674602052050341e-12,3.862237926865771e-11,8.449469917199328e-13,1.5717495196399002e-11,7.82330442418472e-12,5.762711511476668e-11,-5.999107843031303e-13,-3.4962969677655616e-11,-3.877851791345905e-11,-3.728576342995849e-11,-1.056256342673032e-11,-3.038436819728616e-11,4.208691447081082e-11,4.126656652316398e-11,-5.48974377020229e-12,5.6462436820302065e-11,-1.0591971706695948e-11,7.793127753810148e-12,-8.206515412276305e-12,-2.417149915848157e-11,-4.8786424541241255e-11,5.1909028336123635e-12,3.227188741924468e-11,-2.832705833120837e-11,1.8616358514181867e-11,5.993128282634539e-11,2.060756792833511e-11,7.512129264495657e-11
-5.254383903429725e-12,2.5253646722377942e-11,-8.998064151080954e-12,1.472959802575995e-11,-2.928970789392158e-11,-5.3890993620001815e-11,6.41050024962809e-14,2.2315026626703053e-11,7.815967493219831e-11,-7.024318104772743e-12,-3.600701834964333e-11,-2.188719663893836e-11,-3.8493503803302435e-11,-1.483811645158895e-11,2.810500780687701e-11,4.3147876055014544e-11,-1.0175010522675602e-11,3.027027780879511e-11,-1.4543061934719954e-11,2.516432207221688e-11,6.530639672737071e-12,-1.3106011464892017e-11,5.183416176452906e-12,9.295367073708945e-12,1.772788257217797e-11,-2.2291480756763095e-11,-2.563981667001115e-11,-5.465211633586201e-13,-3.72588118296006e-12,-6.3506981903400565e-12,2.797930016240381e-11,4.220213355956456e-12,-6.790341818885482e-13,5.673396256776071e-12,-6.715035622477972e-12,-2.3984769818233556e-11,-5.624965086301224e-12,-1.1400061041758016e-11,2.3863562913585405e-12,2.1071262455082477e-11,-3.772738564073444e-12,-4.691266884963511e-12,-6.1520741766199295e-12,-1.5116861860026312e-11,-6.9110629482674095e-12,-2.6737127043848927e-11,2.684147448312279e-11,-2.2997811269277754e-11
1.0376591906832397e-10,3.4441329607158716e-11,6.116241013581128e-11,3.156596988499232e-11,-2.0704709179601692e-11,-4.4083759697262026e-11,-3.526989320325896e-11,-5.3556137267447325e-11,3.453974902589215e-11,1.2381810554546923e-11,-7.017100691632939e-12,5.037061647645438e-11,-1.2997694937494029e-11,2.7478681513692195e-11,1.0532503402886924e-12,-2.4197125856838917e-11,1.0420771180340284e-11,-1.917106716818531e-11,-1.0728608037125765e-11,-3.49506953810631e-11,1.720495178550363e-11,4.381965589731485e-12,-3.271843485448979e-11,-1.852721731726646e-12,2.3268780839898238e-11,1.9292436661076554e-11,7.067307138250685e-12,2.472240439891045e-11,-4.77306434243271e-13,-3.9666206313500254e-11,-3.669999948335502e-12,-1.424076349264045e-11,-5.58326759487804e-12,-2.2712767700370658e-11,2.859393833804523e-11,1.9815239397101557e-11,3.479248170550794e-11,2.0224460327355996e-11,-3.8159444876819485e-11,5.7781164586443686e-12,2.1758019834204295e-11,7.982271828108539e-11,-3.022515588764323e-11,-2.8918221294269005e-11,-2.4323780737688014e-11,9.24515938987408e-12,5.067608177373026e-11,1.1577346259777437e-10
-1.819275808432732e-11,1.165905667895266e-10,1.0068508231403662e-10,5.947388943127294e-11,9.590678938959201e-11,7.285644201737888e-11,5.284603330257749e-12,1.4959363814288826e-10,4.50778518886197e-12,4.499425198532636e-12,-7.30471925960649e-11,2.4497565717097787e-11,-8.077463242153448e-12,-1.7517903242315486e-10,-1.3372584129698597e-11,-7.458578148580907e-11,3.9099115409400855e-11,-4.646167342229636e-11,1.6561199709896505e-11,1.808420729079941e-11,-5.437108296117127e-11,5.7932179390119106e-11,1.619640707206757e-11,-4.916229898422978e-12,1.3574008309859376e-11,-3.66140478091332e-11,5.1446283000611474e-12,-4.6401768142846094e-11,-7.463043325442197e-13,-7.303681739535999e-11,7.593888996065387e-12,-5.218220788708238e-11,-4.4640328786873306e-11,5.6222186773947536e-11,-8.223713870918027e-11,5.029471832588229e-12,1.502261445727399e-11,3.021290886179933e-11,-1.896492316614141e-11,-4.80409479297905e-11,3.631350515162403e-11,-2.379964751523037e-12,1.0652804080681885e-11,5.482236249092279e-11,5.96677847514537e-11,3.844980483038107e-11,-2.1434747874199778e-10,-3.601914298524473e-11
1.7591533254614814e-11,-3.666882187835695e-11,-9.294282765064324e-12,-3.6268259836227175e-11,4.831555375968646e-11,1.3511748597301871e-11,-7.806765093495257e-13,9.725138842949253e-12,-4.634761771712716e-12,7.183903750615604e-12,-2.1118713149877638e-11,-3.6503964216621307e-11,3.848239471856075e-12,8.698110032191862e-12,-2.1744970059545308e-11,4.699157275422991e-11,2.4731097623073103e-11,-6.758030063952838e-12,2.0537979203179008e-11,2.0958903876798167e-11,-2.4020529693431343e-11,1.4782083180096536e-12,1.9097480420021413e-11,7.276248239810265e-12,8.793406377372048e-12,-1.4647189619536632e-11,2.0009222054451417e-11,3.099308832030392e-11,2.994766696768555e-12,-9.905979775422148e-12,5.746642967577925e-12,-8.351945798009019e-13,9.424209863352e-12,-3.115313894851991e-11,-1.6221122401809634e-11,1.6387533424991684e-11,-5.862027676647099e-11,-2.213387210909101e-11,4.082738771904138e-11,-1.3342408729799962e-11,2.482126610235978e-11,3.393019612025476e-12,-1.882305797782342e-11,1.236621092222001e-11,-2.946008648868967e-11,7.644688545149124e-11,-3.9851555991954114e-11,5.186567846981393e-11
-2.038322973346196e-11,2.3310921684477627e-11,-3.151423094039072e-11,-2.3751380837565552e-11,2.5127113084135537e-11,-7.475646039405732e-11,-1.7997514461530504e-11,-8.540235551536608e-11,-3.7485987822231146e-11,2.74468155326685e-11,5.720299856626156e-11,2.862353593461093e-12,-3.7675205661497606e-11,-1.1770340903526917e-11,8.248066669735281e-12,-4.121070762940209e-11,-1.57824208432011e-11,2.664100338568061e-11,3.1692442498611184e-11,2.2435754995362975e-11,-1.9505873952255218e-12,3.808182986975647e-11,-1.025522111063073e-12,1.6287118133345053e-11,7.223915028830864e-12,5.530166284199198e-11,-1.0443445511141309e-12,-3.3855464977458895e-11,-4.002708631234912e-11,-3.803755898114108e-11,-1.1221980035031474e-11,-3.191914655000337e-11,3.9814819084392894e-11,4.328523820719754e-11,-6.535584509763665e-12,5.56651392912157e-11,-1.0441823355485363e-11,6.876307585235305e-12,-7.0423030093632464e-12,-2.6898283827842722e-11,-4.8177880462630684e-11,4.132274573723455e-12,3.185216014435427e-11,-2.868289316466032e-11,1.841495668032559e-11,5.92051583417632e-11,1.9562819181712417e-11,7.573477556376394e-11
-1.5158773577240573e-11,1.1974222901346084e-11,-1.5915640149233593e-12,1.825650647192906e-11,-2.652782632299881e-11,-4.811849734295518e-11,5.611032849306505e-12,1.9070425692251452e-11,7.551793819413633e-11,-6.216639970855738e-12,-3.0067175732822954e-11,-1.1780105414769484e-11,-4.2831591980951003e-11,-1.5790203637157935e-11,2.494563241744563e-11,4.597741588103719e-11,-5.085682185854848e-12,2.8843944990786058e-11,-1.3429881153577648e-11,2.6255464039226414e-11,1.0420390263401192e-11,-1.255983642025052e-11,7.50922487413633e-12,9.650309257111648e-12,2.074044842456329e-11,-2.435118074959866e-11,-2.5402541488216875e-11,1.2159527986142578e-14,-3.2323014906818826e-12,-6.590276236127753e-12,2.8236735513916606e-11,4.2250354233709854e-12,-1.7484510973001582e-13,6.340967288741646e-12,-6.466641577024293e-12,-2.3471572383618147e-11,-5.259287185663622e-12,-1.097552559326594e-11,2.807024029681279e-12,2.1540483312536835e-11,-3.2894648681661783e-12,-4.108360322818986e-12,-5.355299359297103e-12,-1.4406735439194137e-11,-5.988416397110169e-12,-2.5864322291628744e-11,2.8433450508872782e-11,-1.8734341460591902e-11
7.086361363718154e-11,3.1927431796405516e-11,5.281143073271338e-11,5.2568069149360917e-11,-1.2566407707838237e-11,-4.5764933653893444e-11,-2.3105191406786782e-11,-5.020840295728017e-11,4.252190673080017e-11,1.2535187835500736e-11,-1.1251332593821977e-11,5.553247892470586e-11,-1.3321806541366385e-11,3.3984496365737713e-11,3.846410311106031e-12,-1.815829173931202e-11,1.562550993495892e-11,-1.5022822057778563e-11,-8.63608498956384e-12,-3.2305806135411436e-11,2.0683557826353792e-11,6.662053823660686e-12,-2.993867997423948e-11,1.7528408702034936e-12,2.4988263674769397e-11,2.296504747837999e-11,1.0429244363143974e-11,2.860448294827051e-11,1.53547067373805e-12,-3.8463132578675757e-11,-1.2393069123391054e-12,-1.2003230177845908e-11,-2.971379985076613e-12,-2.0619379550014538e-11,3.1490200463779475e-11,2.297439371481051e-11,3.777590315464393e-11,2.3053114746009355e-11,-3.592043275617931e-11,7.855529754649242e-12,2.4953165447919035e-11,8.43821411165545e-11,-2.6303246638665904e-11,-2.367894443129017e-11,-1.8181279850497552e-11,1.7981450244282438e-11,6.396964874187038e-11,1.4386708289872483e-10
-1.2419451464341996e-11,1.007500745954213e-10,1.1051475784061448e-10,8.057715526613463e-11,1.0193222581889034e-10,6.571487640139232e-11,-3.847078323088054e-12,1.3984359427034617e-10,-1.0599158458555758e-11,2.3528463960737464e-12,-6.382346769208339e-11,2.163425338790702e-11,-1.0887007916395066e-11,-1.8101364052172588e-10,-1.4096903267983717e-11,-8.166809592903729e-11,3.960890560765649e-11,-3.653316115377876e-11,1.3289631627015278e-11,2.0619834167985768e-11,-5.9923167952891e-11,5.437509255899603e-11,1.461976801468128e-11,-4.852866107085979e-12,1.6567317126586512e-11,-3.756117947798588e-11,3.016796553856003e-12,-4.643237845281509e-11,-1.2786055123233022e-12,-7.250487276116387e-11,7.291899688158411e-12,-5.263939219124707e-11,-4.640001554816732e-11,5.48729651573812e-11,-8.35932980218318e-11,3.396014904492796e-12,1.3433744497997314e-11,2.8925862248435108e-11,-1.972128623116179e-11,-5.0437758723944763e-11,3.604891974277535e-11,-4.260667649722029e-12,1.039218393193756e-11,5.393116121871756e-11,5.821397693942974e-11,3.6255456163143604e-11,-2.1739911293414558e-10,-3.7525808309015466e-11
3.7495097979463206e-11,2.5706208933643358e-11,-4.1787450408324235e-11,3.443572827346604e-11,-3.397024574633783e-11,7.0374134805138216e-12,-5.1789674102166025e-12,-3.168006518330182e-11,4.281713456345079e-12,-1.9936121039617235e-11,4.894891077946692e-11,5.696188192441869e-11,1.9254759910821716e-12,-7.846738296415154e-12,-1.1150761439773426e-11,-5.229789939927832e-12,1.0071160940939836e-11,-2.3100974753936386e-11,-2.0280999763047657e-11,4.74963097711523e-12,1.9251122464527393e-11,-3.146331703138497e-11,4.4892314418176944e-12,6.285436746309816e-13,-1.7182951245351137e-11,-3.4406807421578996e-11,-4.3165751213343193e-11,1.8117599240304776e-12,1.600091152247677e-11,-4.831106630604363e-12,-4.377592756169961e-12,-3.97611243827414e-12,-2.8334429225893905e-11,-4.642442069284344e-11,-2.256100878246218e-11,9.664286084730433e-12,1.6614876235908323e-11,2.7353077029366815e-11,-1.4531959626258492e-11,1.0212856011484046e-11,7.292752944838783e-16,3.560442241185353e-11,8.774474510900115e-12,-2.850312753847296e-11,-3.046836967364836e-12,1.2519682919201499e-11,-5.2990653280943515e-12,1.5497206816302428e-10
-5.379703325442982e-11,-2.4089922351419736e-11,4.778107971574345e-11,-1.052061687448437e-10,-4.94418483601715e-11,-2.656885270022561e-12,-4.372390368489137e-11,1.4307412058888153e-11,5.1873878412887224e-12,1.5097312520921754e-11,3.314501774672902e-11,1.2501046245213643e-12,-6.250648241938373e-11,1.9523286932536883e-11,1.9545509858272838e-11,-5.0720618280904457e-11,5.716893443543349e-11,-2.967409754943358e-11,1.5789646249102964e-12,-1.76676496713754e-11,5.4636118942891166e-11,-1.8040318956891424e-11,-3.6624226088713746e-11,-8.641657544271176e-11,-1.0093762974408869e-11,-1.9086838983428157e-11,1.756720462223858e-12,5.094307785161536e-11,-2.775862264885571e-11,-3.884239491108333e-11,-1.4203854576572336e-11,-2.6546968661207987e-12,-1.125311576782056e-11,-8.69080439232168e-12,-5.4566990709381815e-11,5.617148435845636e-12,-3.2774687343435514e-11,-6.817069707786779e-12,1.272594639323454e-11,-1.3865610752837342e-12,-1.824011038613985e-11,4.003741770409522e-12,1.9520734322710885e-11,1.0237685664584516e-11,8.40091005103007e-12,-9.198834305730769e-12,-3.267007122288734e-11,-4.0155890776196165e-11
-1.1675022464451431e-11,-3.910146410127381e-11,2.9219080451824774e-11,1.032019044163701e-11,5.068032265042873e-11,5.626736084799705e-11,2.681259149414584e-11,-3.6360051323634965e-11,-2.6118400764345915e-11,3.776305715018583e-12,-3.644571701981384e-11,-3.536501611763749e-11,-1.6430527894876598e-11,8.450499993335436e-12,3.1048566652276514e-11,-5.4920474561707695e-11,1.5197812089524252e-11,4.087125944505382e-12,-1.8415115765752368e-11,-2.0005303511976702e-12,-1.5570889492518365e-11,-3.247425869078787e-11,-1.530767911906524e-11,4.670328394545771e-12,6.0522741607171285e-12,1.5208078899403164e-11,4.744766372494279e-11,5.264697721063337e-13,4.284652765331189e-12,-8.552579355566906e-12,-1.2001501331255215e-11,-2.3459433541331125e-11,5.225942943216102e-12,1.90306346882134e-11,-1.7727892509344037e-11,-6.28711328415008e-12,3.8144392147911005e-12,3.4334946319305357e-11,-2.514914281319214e-12,-1.648248869842302e-11,2.691802359276758e-11,1.3592854931418302e-11,-2.2885841022804973e-11,1.0220850382475466e-11,3.23250123116515e-11,-1.1887163176229976e-12,1.6748584632346617e-11,-7.188885098841528e-11
-1.1048866223239066e-10,6.496289996769625e-11,1.0280878526058728e-10,1.8569162811589946e-11,-5.587714637685818e-11,6.259673926896302e-12,1.0464263065416326e-10,6.358082142125276e-12,8.49318559518036e-12,-1.8854327291600694e-11,5.35332651065877e-11,1.5592799658052374e-11,-3.786462421391314e-11,-2.8326056237176656e-11,7.99826099114302e-11,2.1881988927086043e-11,2.3123863457782173e-11,-6.347796909265039e-11,1.277302383646753e-11,4.332839644912169e-12,-8.072473148907449e-13,1.0972406509755998e-11,-1.9739504763100523e-11,2.9613661527266696e-11,3.626335790090895e-11,4.6830296104198873e-11,-5.4876570732877964e-11,4.4012339571381914e-11,9.326599464683286e-12,-9.498987727049691e-12,4.471970439020405e-11,-4.7999366497279805e-11,1.0691012664358743e-11,-3.78079100519553e-11,2.1028471926672872e-11,4.783700641137966e-11,-1.6290224647220442e-11,6.742296071344684e-12,1.9147604002088233e-11,-1.5448611875154075e-11,2.4135481332806254e-11,-3.26038338934069e-11,-5.018595163042619e-11,-7.245332104091034e-11,-1.3287275505277838e-10,-5.043213468832875e-11,1.846633507195904e-12,-1.1070592574071654e-10
-3.5507215503779886e-11,2.5662577190525182e-11,-4.58303099111145e-11,1.0250578610288774e-11,-1.427936810940774e-11,1.7382002497312388e-11,2.9973180096016036e-12,-2.7267866649871494e-11,1.3861273486869388e-11,-6.135470870418191e-11,-3.1231863055825884e-11,-6.5054850275189e-11,-5.579215753821304e-12,-9.497252659102472e-12,4.149277066613524e-11,-1.4162587902991556e-11,6.052149199756263e-11,-8.342858633187915e-12,2.1627420151012417e-11,9.035208397440454e-12,2.4419257682974005e-11,3.5435745310616927e-11,-5.5516344209905916e-11,-3.1513545661242224e-11,2.0199465193461958e-11,-1.590591914097233e-11,1.5692140134810043e-12,2.4350854285625595e-11,-6.039974064766858e-13,-1.1110824971670514e-11,1.4864281267201485e-11,3.746783922064964e-11,-2.6899281770092872e-11,-2.7012799536456282e-11,-6.602473343086105e-12,-6.0914280404387006e-12,1.1834905262612175e-11,3.756087585688475e-11,2.8842491091308523e-11,-1.3239095762362999e-11,-4.276272983514315e-11,1.0199412900195426e-11,-2.4502191423078473e-11,-4.473485287712482e-11,3.008465117853672e-11,-3.929439861367109e-11,-4.433251393616092e-12,1.508992727448403e-11
2.998715377066174e-11,2.6990590771872816e-11,-2.1620725576443616e-11,3.0116041641079635e-11,-3.2848881450800854e-11,6.891406948462533e-12,1.3642603721577635e-12,-3.0811408461531924e-11,-1.062912513573895e-12,-1.852989364353193e-11,5.073948758540699e-11,5.560508815388713e-11,-9.35687454521646e-13,-7.895270754321783e-12,-1.1896275132649191e-11,-2.704188581673179e-12,7.435036424305742e-12,-2.2496325803504314e-11,-1.991266432855447e-11,3.682165997210297e-12,1.903394307383879e-11,-3.213132602966753e-11,3.3939752395065476e-12,5.439815067466467e-13,-1.7764622505535436e-11,-3.543088134685318e-11,-4.3489553029920186e-11,1.3964353270967378e-12,1.556629988070165e-11,-4.87700709753703e-12,-4.71092772100778e-12,-4.336312226806237e-12,-2.8725500909023017e-11,-4.6938704268146696e-11,-2.3046202382015745e-11,9.201742235188383e-12,1.6069239795593098e-11,2.6239641581060244e-11,-1.5026797192817453e-11,9.989989509269038e-12,-7.522624240702808e-13,3.473113082996327e-11,7.601799248460715e-12,-2.9232234026708605e-11,-4.141329088110821e-12,1.0470712245803212e-11,-9.013091515803309e-12,1.4807641004150932e-10
-5.12887042850272e-11,-1.6886088333912618e-11,4.3230004909360914e-11,-1.2187513546197343e-10,-3.415156687986625e-11,-1.2487844332753985e-11,-5.1408908984611316e-11,3.882248375013324e-12,2.6665491089216034e-12,1.4091657494717134e-11,3.2142703574870164e-11,1.4771813633263609e-12,-7.203074549735477e-11,1.6226565399568464e-11,1.57561246242507e-11,-5.1367252863017046e-11,5.772392148711757e-11,-2.621119328110012e-11,2.927965321515931e-12,-1.9699397007570307e-11,5.0014529534241385e-11,-2.3588532632962474e-11,-3.467331799727288e-11,-8.483504649859907e-11,-1.2881116992912374e-11,-2.3441186360199748e-11,-1.7457587080065347e-12,5.107843391197873e-11,-2.8032257141606635e-11,-3.981339883291003e-11,-1.7936725570501726e-11,-4.4741268038501794e-12,-1.180698133098337e-11,-1.1987837222928055e-11,-5.5813904535923524e-11,6.498103159008062e-12,-3.447039299566882e-11,-8.44700054431439e-12,9.186843511188454e-12,-2.8546248673501975e-12,-2.021802882462602e-11,3.1009663273358964e-12,1.99063215426835e-11,7.490087823897672e-12,6.824529195148503e-12,-1.1896516960070836e-11,-3.985966342811757e-11,-4.899409764541496e-11
-7.046190919009722e-12,-4.5601375983197334e-11,1.680473721461865e-11,1.5608741101879605e-11,5.8160082109769515e-11,5.13426517619889e-11,2.988873149794181e-11,-4.118560055548818e-11,-2.3678492163607134e-11,3.485482730198875e-13,-3.600526087066426e-11,-3.6380038257664606e-11,-1.506242776745778e-11,7.477942683826562e-12,3.114032902670557e-11,-5.671857107133176e-11,1.3714979691957561e-11,5.834296062642467e-12,-2.178721838885432e-11,-3.379873746717625e-14,-1.605868688348659e-11,-3.3449730625119954e-11,-1.5734337844527265e-11,3.862275414535677e-12,5.8818154778745725e-12,1.5932852013941572e-11,4.6283503318094605e-11,9.357081480234598e-13,3.7531607632301704e-12,-8.31921776231499e-12,-1.1051147713017981e-11,-2.329531459430325e-11,5.315729786216818e-12,1.9331249883452566e-11,-1.7303933109999835e-11,-6.030935640053908e-12,3.6808638809868586e-12,3.4672317492201275e-11,-2.291468172853141e-12,-1.608463346354031e-11,2.711898525365062e-11,1.3854786644990442e-11,-2.262204147138748e-11,1.0413591111524238e-11,3.216355513671122e-11,-1.2009882268262507e-12,1.6851291742467163e-11,-7.062675913965102e-11
-1.2389990904428055e-10,7.227990259799081e-11,8.749741226026512e-11,-8.140667160064358e-12,-4.2472612884759665e-11,4.974172382059039e-12,1.0979325192765113e-10,3.3707636484642547e-13,7.759374418775158e-12,-2.0815222224712102e-11,5.672822668424692e-11,9.203592556576728e-12,-3.083129643128362e-11,-2.902538735797697e-11,7.45589495092427e-11,2.5415097717402987e-11,1.912054845943929e-11,-6.602927987401877e-11,1.7061229150208324e-11,2.5198898139288087e-12,-1.127729847590392e-12,1.1564422580347651e-11,-1.9603291065022295e-11,3.105043078002212e-11,3.6123600120889413e-11,4.5407776285501625e-11,-5.2939186451391926e-11,4.14370910869247e-11,6.775572311992721e-12,-1.3825893743915282e-11,4.194432319710229e-11,-5.1535112356627334e-11,9.942408557133101e-12,-3.921432619081459e-11,1.9355453855456638e-11,4.120865709060436e-11,-1.4191829592035483e-11,8.773243392330909e-12,1.9477387517862065e-11,-1.4467058324295564e-11,2.4415497431327223e-11,-3.309818358768476e-11,-5.334646112468601e-11,-7.182709284343637e-11,-1.3178620594041026e-10,-5.110657253576047e-11,8.810781300149808e-13,-1.0888929102140637e-10
-2.8168666307541005e-11,1.3450822935417686e-11,-4.690076372960566e-11,1.0915672213234784e-11,-2.408916038760678e-11,1.792963815927396e-11,1.7049672649142702e-12,-3.851339628981736e-11,1.8314077070708317e-11,-6.084171306911263e-11,-2.520426662935841e-11,-6.093878621082914e-11,4.66804220829352e-13,-9.221988566610888e-12,4.250997808672143e-11,-2.0776721568436138e-11,6.331413765988966e-11,-6.162839692646166e-12,1.971130076027785e-11,1.1753434090152386e-11,2.536756436936276e-11,3.4766752581479755e-11,-5.4875025234449306e-11,-3.031979671251815e-11,1.9424333532868244e-11,-1.7959594377738987e-11,2.0358753689156966e-12,2.6105246226053023e-11,1.856860027511192e-14,-1.12313573538234e-11,1.570445819353808e-11,3.7148926392777857e-11,-2.7281199247989713e-11,-2.7001253694278056e-11,-6.769232857978033e-12,-5.94627586660445e-12,1.1857515611336107e-11,3.7365120497412224e-11,2.8730721257936706e-11,-1.3185095224977894e-11,-4.3091283406922843e-11,1.0165549162982097e-11,-2.464953355324891e-11,-4.526086063872957e-11,2.955480150623024e-11,-4.0463496602520107e-11,-6.365004956790995e-12,7.708599444878207e-12
-1.3158375570423605e-11,-3.801239769903388e-11,3.4501284664287625e-12,1.6244069123950352e-11,3.0958859191442605e-12,9.139869212530139e-12,-4.380162978335691e-12,-1.2229148158269412e-11,1.114731416273458e-11,2.2021327086885386e-11,3.348640366858297e-11,3.227459390565543e-11,1.3921271020824038e-11,-9.886644437266363e-12,-2.5714635681207016e-12,5.269650174473379e-12,1.618039339582664e-11,-1.2156894229285984e-11,-6.5786632249365595e-12,-1.2301483500605658e-12,1.6741744500018515e-11,4.2099978315323766e-11,2.0544331325726737e-12,-2.930312655951109e-11,-5.8578952140761635e-12,4.619078398140752e-12,-4.267176575016916e-12,8.919079479128983e-12,-1.0953706554288294e-11,2.4396919816664203e-11,-3.4979091928879398e-12,3.4763000427344974e-11,-1.4059971138095682e-11,-1.5162865432267065e-12,-1.4046230539002136e-11,6.440545334649365e-12,6.142926450391341e-12,1.6436545133227696e-11,6.4489862573902705e-12,2.8674701315401023e-11,-2.145629084384432e-11,-4.664764316556312e-12,1.1346693002303991e-11,1.074927862330632e-11,3.0312775307531737e-13,2.1289864705771705e-11,-9.626269673716737e-12,-2.1111177126593488e-11
6.022633425970937e-11,-5.6919427331303304e-11,-7.356192047849174e-12,2.5246936801323987e-12,2.6820686537037832e-11,4.1088526208377536e-11,-4.3731356890685325e-11,-8.526259428204672e-12,-9.420915299871553e-12,-3.463885915413485e-11,1.0731586529832394e-11,-1.823602059937154e-11,4.202175902594526e-11,1.2563760152730673e-11,-4.756869478568259e-11,2.617437681492241e-11,-3.9846478304767445e-11,1.2381745572402713e-11,1.6059894541886977e-11,3.61627537089053e-11,-4.559372281996022e-11,3.299981713614271e-12,-4.678837856836185e-11,-1.8978338090260155e-12,1.6993903990276255e-11,-2.748854179404288e-11,-4.333137367870029e-11,-1.1125683939524754e-11,3.7920118876714036e-11,3.1103152716779244e-11,-1.0899494492443116e-12,1.381514964023903e-11,1.8976616507275994e-12,-1.6983697150313013e-12,1.7914968805901092e-11,-1.691283475665567e-11,3.5461101477385547e-11,-1.6934463529193987e-11,-2.7250323203239965e-11,-5.768232922612932e-12,8.484575063330464e-12,-3.7202634515932394e-11,5.175207845312049e-12,-1.19010193007065e-11,-4.689699613016689e-12,5.106379425218662e-11,-3.1482252806943476e-11,1.5564342542620297e-10
-9.762978303175632e-11,2.804467006612544e-11,-2.407455266589909e-11,6.273130319617103e-11,-3.152878118116423e-12,-3.110212905446827e-11,5.455692043323707e-11,-2.426424302649701e-12,-1.6269960238343094e-12,-9.236925975072574e-12,-3.390649873635211e-11,3.225050793971455e-11,-1.8810385691615953e-11,5.01800335049735e-11,-5.532766945630845e-13,2.7017660006585622e-11,6.98002920396885e-13,2.0797795457182762e-11,-3.103866923706549e-12,-3.676366435312753e-12,-3.9796656007751994e-13,2.5810351352328774e-12,9.776864486835876e-12,1.081048760200266e-11,-2.1484403185020498e-11,-1.2855596161234666e-11,3.4352569754603733e-11,5.056909600972931e-12,-2.9948353977971576e-11,8.94264905416438e-12,-1.8106620374036513e-11,-2.7572322296672926e-11,3.184410544805471e-11,-1.9315406245820418e-11,-9.684142448092112e-12,4.532816120007385e-11,1.2536211359126327e-11,-3.423382612017795e-11,-1.6292791027536964e-11,1.955574493538643e-11,-1.0145321118954053e-11,4.376264778206346e-12,-4.419035761067194e-12,2.0177188343122516e-11,-3.237309038725981e-11,-8.311917190018176e-12,3.929151736735803e-11,3.623980518207446e-11
-2.6173890204114056e-11,1.2726839917243291e-11,-3.265435749956949e-11,-7.279769803002114e-11,3.9646549549727365e-12,-4.961823961883414e-11,-4.314210191163414e-11,1.878293727339589e-12,3.666757086989055e-12,2.5034315873671704e-11,-2.8321647038219628e-12,1.380399427478331e-11,-6.039575913325272e-11,-4.0336376666791476e-11,2.6278046103212406e-11,2.3562185684873505e-11,3.687911857753099e-11,3.6217914609416996e-11,2.840403801365389e-11,-4.539819328225491e-11,1.5277584154419462e-11,1.724177066690662e-11,-8.356042931164404e-12,-2.929603451561356e-11,6.059625416103827e-12,3.125949256947837e-11,-1.9867442245010266e-11,-2.5795222226476377e-11,-3.165643198301093e-11,4.8327199273724905e-12,2.8391151396542825e-11,-1.0019979490758346e-11,-2.5735605801868924e-11,-3.513429437386294e-11,-9.997583766126752e-12,-6.095190310319622e-12,2.5504450674078082e-11,-7.293993126210524e-12,8.265612405933045e-12,-4.628882462438061e-11,-4.355532105870054e-11,4.67861225662048e-11,5.290705224460326e-11,4.408323327724799e-11,-6.0803790118559335e-12,6.563756649082721e-11,1.808469657181228e-11,-4.6813223143326015e-11
-8.79911694032811e-12,6.062271505964277e-12,9.387783114354424e-11,6.222378634395724e-11,8.77038415045999e-11,-1.1572026265296168e-11,6.770318786152193e-11,1.1679664570981799e-11,-4.663439871741004e-11,5.1437587658083856e-11,3.928627103177672e-11,-9.776916621289402e-12,-8.600882332552178e-12,4.688456013412324e-11,-5.6009170141310445e-12,5.182161068040119e-11,4.669678624381363e-11,2.521644383896406e-11,-1.556646808594516e-11,4.4345016019331986e-11,-5.126018300580046e-11,1.9651779102312326e-11,8.051095322350305e-12,2.4361042184056366e-11,-1.3577591462882001e-11,3.00363248263386e-11,1.3938683870579857e-11,-1.835363912949408e-11,-3.249136605538511e-11,-3.0890091459631486e-11,-5.06981172615022e-12,-1.6952159627110576e-11,-2.5397405896098725e-11,-3.731791696141389e-12,2.4007902009025342e-11,1.5280374423599564e-11,5.2006588719496345e-11,-3.475853079316155e-11,-1.2697624378034931e-12,2.9436619400832206e-11,-2.2691160657749733e-11,1.101717438416883e-10,1.604835886102226e-11,7.473348525569746e-11,7.386930071835944e-11,7.62805787225983e-11,-5.958153840707022e-11,1.2125448163546506e-10
6.040434445110106e-13,-2.762113797557844e-11,-2.7669687824083406e-12,1.081112969225836e-11,5.713155779545639e-13,8.080773389549037e-12,-4.262140214907348e-12,-1.4276511575343005e-11,1.649802434065778e-11,2.3513185974800778e-11,3.2417419463920504e-11,2.8228788517415442e-11,1.146956978344864e-11,-7.763366600242399e-12,-3.710334681506048e-12,3.3640499405824013e-12,1.6768457896266568e-11,-1.4009674191058822e-11,-6.905527423496201e-12,-1.739237592754056e-12,1.5710728047966928e-11,4.091741531817828e-11,2.7001516006394495e-12,-2.923524020895102e-11,-5.43165165367446e-12,5.155736627821887e-12,-4.338282834483039e-12,8.799356906753518e-12,-1.0785243455245465e-11,2.4410791788352187e-11,-4.293357148431e-12,3.40938044265938e-11,-1.408558738270625e-11,-1.8843250863244345e-12,-1.5046892954769456e-11,6.854258360851043e-12,6.545609184225104e-12,1.5646270991190557e-11,6.418074492151947e-12,2.8968998256310664e-11,-2.177410102370596e-11,-5.285873106000684e-12,1.065465475981143e-11,1.0359514281673829e-11,-8.404508288075965e-13,2.017666249274749e-11,-1.1624707816215189e-11,-2.418916377792235e-11
4.2467089158539345e-11,-2.3429816603374294e-11,1.45646763059788e-11,-7.573428272236818e-12,4.1239093400350025e-11,3.416213701668154e-11,-3.8411191963435104e-11,-2.896997384438526e-11,-6.503898098459031e-12,-3.856834576676644e-11,5.500702400075602e-12,-1.0477701825430696e-11,4.93381334180009e-11,1.906811772258637e-11,-3.871913917910016e-11,2.1572200154165286e-11,-4.911712770592475e-11,1.685194519176556e-11,1.1301798635749673e-11,4.2519793898392994e-11,-4.855780325245772e-11,3.2312594993821028e-12,-4.3260905453479114e-11,-1.2340296586326279e-12,1.5559164666677515e-11,-2.679565847744303e-11,-4.4332410553212344e-11,-9.47457823017863e-12,4.101150143743978e-11,3.6490641597658876e-11,8.356318851064228e-13,1.3869567524688256e-11,2.0899134783714043e-12,-1.5451259557632573e-12,1.800352680417762e-11,-1.689436554208544e-11,3.8704976890687226e-11,-1.7064317647532165e-11,-2.5337766203958275e-11,-3.791965951955772e-12,5.515148471644605e-12,-3.546518338006865e-11,4.284076148103696e-12,-1.2811198169702012e-11,-2.9951878264642097e-12,5.374673009078379e-11,-2.9749093524163733e-11,1.629799032033184e-10
-1.0544625209337437e-10,5.0673385278026183e-11,-3.47351988759143e-11,7.170436204878921e-11,-8.00534931120011e-12,-2.7284932220742748e-11,5.6549375575203984e-11,9.143269173051826e-12,-6.257126129443257e-12,-9.075972322417027e-12,-3.895666633216194e-11,2.955700151613064e-11,-1.2282966541097601e-11,5.292899603089929e-11,-2.0076791763521847e-12,2.4994158341756667e-11,1.1844258160509123e-12,2.1594756186657317e-11,-2.9121305449124353e-12,-3.935680022490861e-12,3.0388717072976563e-13,2.343793387975292e-12,1.0433866300560147e-11,1.066935168856251e-11,-2.1552534849662346e-11,-1.254719852268747e-11,3.4582107441756756e-11,5.279193314411685e-12,-2.9329338052030394e-11,8.809022806222664e-12,-1.8293045501125427e-11,-2.612912599025331e-11,3.1078739593450636e-11,-1.927560500553795e-11,-9.933559752032316e-12,4.5747616371368886e-11,1.3008578146410898e-11,-3.4012360289432764e-11,-1.5568194900322438e-11,2.0242724952971052e-11,-1.0134230733942068e-11,5.0109028325421755e-12,-3.69486975460528e-12,2.1298975119016323e-11,-3.1510707380040847e-11,-7.0365972015940765e-12,4.117964916830913e-11,3.946494561538328e-11
-2.0497420085532366e-11,3.388107027854097e-11,-1.146461941162883e-11,-5.2140835471978644e-11,-1.521456795608995e-11,-5.6443477108323345e-11,-4.93710835852429e-11,7.06060923716704e-12,1.1370525561504985e-11,3.531436471482244e-11,8.635013573072055e-12,1.184027473622992e-11,-5.893786630792061e-11,-3.8502013728773134e-11,2.698837465379052e-11,2.6920809165238508e-11,3.548093351222502e-11,3.6543067111425194e-11,3.6296108048408725e-11,-4.7560646126913255e-11,1.3277153717074103e-11,1.8009768291796197e-11,-7.173321653213856e-12,-3.1932506260541994e-11,9.866355836030196e-12,3.0715232956719215e-11,-1.779369132497889e-11,-2.267404902632049e-11,-3.092800493654187e-11,6.977914408173003e-12,2.6631394165835935e-11,-1.0538943263660068e-11,-2.3834168364355946e-11,-3.635504718506041e-11,-9.545526530186819e-12,-4.7200675027840875e-12,2.6486430222361737e-11,-7.122859766736761e-12,7.710545707529993e-12,-4.631852439098042e-11,-4.4148630873940417e-11,4.609940066023822e-11,5.3206759154208664e-11,4.466614284281831e-11,-5.292852796464983e-12,6.692439851213929e-11,1.926696111657289e-11,-4.5689844342648104e-11
-1.4656988303436126e-12,-4.741796278921761e-12,6.3943389853072e-11,6.022664543436282e-11,9.227225064367754e-11,-1.2904076158703058e-11,7.575033863845795e-11,9.566397333998114e-12,-4.787021081871907e-11,3.963682991202346e-11,3.6625978721752946e-11,-8.645425136000397e-12,-1.8129858176481535e-11,4.297994253411224e-11,-7.705524852138603e-13,5.602874125150343e-11,4.6062241998269204e-11,2.499854444698652e-11,-1.7167526949513514e-11,4.5417623824372083e-11,-5.1193743692565035e-11,1.869530351952015e-11,7.561653674542404e-12,2.3234209739239707e-11,-1.4120306447309994e-11,3.1078062922062316e-11,1.1676890305958216e-11,-2.0050708418350553e-11,-3.249133661129513e-11,-3.347394420898277e-11,-5.7233665159537344e-12,-1.6288192799802226e-11,-2.5399850319504875e-11,-3.4210690979163308e-12,2.332400911150269e-11,1.4641051788189664e-11,5.128309893914042e-11,-3.480597099309883e-11,-1.5493489518851816e-12,2.978293806487994e-11,-2.3938386689198333e-11,1.0921852696602023e-10,1.5544793395918087e-11,7.414346489593115e-11,7.281731565432573e-11,7.470629462616373e-11,-6.133137609700889e-11,1.204982680426038e-10
-3.857446843186002e-11,7.244074795838594e-11,-2.974372711973293e-11,-1.3450007092273658e-11,-5.254682449396033e-11,2.122863211862659e-11,-6.26218572091128e-11,-4.011931322564462e-11,-4.687746055415812e-11,1.5062655823064134e-11,-3.159249816739323e-13,1.98230286889666e-11,4.265283725727733e-12,-6.131248304448878e-12,-1.824773912094098e-11,3.2960321197640144e-11,2.2137314136938255e-11,-4.551598908099833e-11,4.0134398800080955e-11,-1.7368033786385615e-11,2.2280654811304205e-12,1.6645789507909175e-12,4.336042767248116e-12,-1.2610378502149755e-11,3.4432632675655586e-12,-2.846918606338479e-11,-3.918467904759179e-12,6.239912007724938e-11,2.9932503628083484e-13,1.53643442085733e-11,5.8480079004651144e-12,4.488867933241605e-11,-7.518460923693486e-11,5.697069798990008e-13,-5.439305211409524e-12,-1.999063873861245e-11,3.5920741445533655e-11,5.621503904937428e-11,1.8423803090304963e-11,-1.327549998571291e-11,4.639373314203049e-11,-1.3460342023196832e-13,6.012709394266531e-12,-2.9508313963424974e-11,-1.1584029535728902e-11,-1.4095502861463014e-10,4.877382197519095e-11,1.1621623106594469e-10
1.0734870919815383e-11,-2.9499668496929474e-11,3.2504410229931635e-12,-1.716837336737083e-11,2.5387539250237622e-11,3.281597017532275e-12,-6.439630362372017e-11,5.853452114532727e-11,-1.7701303265696303e-11,3.5030879593714285e-11,4.37175529941161e-11,-1.5767454354285804e-11,5.0135928584396506e-12,-1.4902392771357928e-11,6.971818024274839e-12,1.5361373263633654e-11,1.3015698757160181e-11,5.988035673412617e-11,-1.8007465842453848e-11,2.394525457672553e-11,-1.3990347707345699e-11,1.2876047939190173e-11,-2.4769226396514986e-12,1.5016972601768787e-11,8.14753776388799e-12,-8.191171711361677e-12,7.504686462348006e-12,8.69093872120103e-13,1.2496068815447904e-11,-4.131119050664808e-11,-1.914868859277958e-11,2.319539776952924e-11,4.806539634477545e-12,-1.2597984361490227e-11,3.6122241898371646e-12,-3.755171388864415e-11,-1.7798492184626407e-11,1.7253200752111666e-11,6.326507099664506e-12,2.2247483871126536e-11,-1.894091480791601e-11,-2.5806017777322266e-11,-8.617445360558208e-12,5.871793178189751e-11,-4.164747250150217e-11,1.3549264347057219e-11,9.991475757017962e-12,-1.1322155021802077e-10
4.479888102656518e-11,7.318242664700766e-11,-4.9979890023868406e-11,1.8413197803245697e-11,-7.281875156982442e-11,7.160068729491397e-11,-1.7991871124265897e-11,7.92593922833898e-12,-5.907651708089646e-12,1.8543038973696456e-11,-2.1186032256743566e-11,2.591478053019976e-11,-1.2071239052217695e-11,4.3594137445377854e-11,-6.418770123626711e-12,4.7667564894908324e-11,1.6151974687122187e-11,-1.4850751898934637e-11,2.4421844642203613e-12,-1.770208841004651e-11,3.687237966874287e-11,-4.876603138916517e-11,2.2226298998682107e-11,4.146864664291718e-12,1.4027092574388707e-11,-2.8596417190727098e-11,-1.2038970215539573e-11,-3.240125305991997e-11,4.169153269106996e-12,9.884156951286406e-12,1.770843772308938e-11,-2.307843123208759e-11,-6.517571734716307e-12,1.5292671095952412e-11,3.4430233884257784e-11,-1.1738153663045611e-11,1.0782036915715026e-11,-2.9667658440019164e-11,-2.556322755667689e-11,-4.9302044006476964e-11,-3.7919353246161756e-11,-5.095093248958083e-12,-1.464953615221589e-11,5.98244475978959e-11,7.465990283093565e-11,-9.126582554125012e-11,-4.315685991186636e-11,-2.620996541094636e-11
4.585612376646769e-11,2.4574046459511524e-11,-9.908849236370885e-12,-2.1707722199900146e-11,-4.379344710386805e-11,2.1493191267212504e-12,-3.643406430404198e-11,1.037889368591122e-11,-5.853359568255285e-12,3.8633405122824444e-11,9.44172686972617e-13,-1.862618491607665e-11,1.0203521872040932e-11,-1.0852714499108385e-11,-3.653360711032395e-12,3.6234643687041746e-12,9.229434052421915e-12,-9.827582112631694e-12,-2.1182715372857786e-11,-8.46098278790532e-12,-2.7544605074362262e-11,1.9137397944092832e-11,6.343290939021123e-12,1.757115790963762e-11,1.1009236003251488e-11,7.101260776392472e-12,1.0247785098971777e-11,-2.0806072309001474e-11,1.0135528689828854e-11,1.816460218235951e-11,5.028180408738557e-12,-1.9785310888915758e-11,6.796653410621067e-12,6.247487025773524e-13,-7.992534034787631e-13,-7.768555012405937e-12,-9.26810180199122e-12,1.885280765080211e-11,-1.0333204956705325e-11,1.377313230446331e-11,-5.905930063538545e-13,1.8795237760845102e-11,-2.1658219239083365e-11,-7.198176600110155e-12,-1.9483713371009357e-11,-2.08403220533963e-11,2.6228609476922422e-11,2.578084568213212e-11
-1.132409857046915e-10,-6.530156133330285e-11,1.693788918215162e-11,2.575478649680733e-11,1.601206898027863e-11,-1.0180884367373413e-10,-4.31521965318717e-11,-8.395749600206154e-11,4.818043844264462e-11,5.638942009367142e-11,3.775555864190694e-11,5.314138101460588e-11,4.675848227143134e-12,2.341366858552959e-11,-2.1932063614257276e-11,1.0289651017700865e-11,2.8693826316594014e-11,4.273535983517045e-12,5.74925191901185e-11,-3.235255049909468e-11,-4.233226049392421e-11,-1.1526465002280662e-11,-1.938720147910414e-11,6.539564359290194e-11,4.393695445101298e-11,1.7703833084147714e-11,-1.744256196141316e-11,1.9138696420380223e-11,1.0496299972637797e-11,-3.3074297800197626e-11,4.207675067575393e-11,-8.594222516796733e-12,-2.2019156771875888e-11,2.12035040566589e-11,-1.206972768371377e-11,-8.573258734675266e-11,2.5765826156243897e-11,-4.6814044509074825e-12,3.0379220861216954e-11,-2.518315977384823e-11,3.182575723064811e-11,-3.19373907771232e-11,1.5656035919450004e-12,-2.303266869991051e-11,6.904967551975994e-11,1.813848999999396e-11,-6.75518158585961e-12,-8.070849600741161e-11
-1.1667353023914937e-11,7.825371464900093e-11,-3.165271362599152e-11,-2.3885569853291547e-11,-4.9773329296877224e-11,8.483461109636217e-12,-6.680409610310393e-11,-3.981139179875164e-11,-4.3682529799299247e-11,8.771103818418137e-12,3.4484512939389777e-12,1.9073447994315726e-11,1.9710650337623634e-12,-5.873961743603591e-12,-1.9780109060659167e-11,3.1561207181837134e-11,2.3377272795119715e-11,-4.768660196778014e-11,3.928268255654013e-11,-1.820486072922072e-11,1.5584490322152914e-12,1.0596551933809304e-12,3.480980916301596e-12,-1.2792416369030622e-11,3.4779660673126912e-12,-2.885956417318472e-11,-4.5983018320035195e-12,6.19730920768234e-11,-1.9648398286462095e-13,1.5032805727886223e-11,5.077024908334639e-12,4.437750236948119e-11,-7.564390094129867e-11,1.3926945348669352e-13,-5.932816036134332e-12,-2.0395958074919976e-11,3.530504941807306e-11,5.5922080937413006e-11,1.8095250344296312e-11,-1.3804087955987724e-11,4.594996329332888e-11,-1.0405251429651886e-12,5.346393452399005e-12,-3.0191774688982104e-11,-1.1894371915130548e-11,-1.4177679959045129e-10,4.854308304910646e-11,1.186711604046369e-10
2.667596046422799e-11,-2.793646383968272e-11,1.4399229131326087e-11,-1.2026024320848013e-11,3.3673034573879555e-11,3.94939369924491e-12,-6.320601345098735e-11,4.915045235162355e-11,-1.7031731157647315e-11,3.1756937276393876e-11,4.128756448985457e-11,-2.5546543708762198e-11,-2.8695491289890086e-12,-1.3085819183755136e-11,6.326588728124138e-12,1.289693231680667e-11,1.130763412573772e-11,5.866482256379965e-11,-1.7610650350792323e-11,2.1749161855679217e-11,-1.2248746923549255e-11,1.2337286788090033e-11,-2.022159555247388e-12,1.4726186637457504e-11,8.69732855583994e-12,-8.818519839247507e-12,8.03912373386584e-12,-4.106318977074809e-13,1.1148444755663973e-11,-4.267666637596043e-11,-2.0802884906326823e-11,2.2439346960786055e-11,5.132599843986394e-12,-1.2398721704165733e-11,4.256300102430367e-12,-3.8662512501052553e-11,-1.765158761483e-11,1.6931957501671124e-11,6.608759082663252e-12,2.1503326632481103e-11,-1.9555587681482577e-11,-2.642196901576191e-11,-8.727829780747073e-12,5.877321905638633e-11,-4.214144028595789e-11,1.3473633071441048e-11,9.677922209001032e-12,-1.109719774562111e-10
4.576557647094286e-11,6.411441650796733e-11,-5.816076395862212e-11,2.978334118508491e-11,-7.63190288089986e-11,6.209880607840719e-11,-2.144470674510294e-11,-2.5586708890889466e-13,-1.3222703034799923e-11,2.017991173215148e-11,-1.6304187857339532e-11,2.6785120733037542e-11,-1.3391374712871642e-11,4.2973839269441006e-11,-1.0356054219178739e-11,4.6821009053188153e-11,1.6111212153111408e-11,-1.494613892163799e-11,3.2704077331407383e-12,-1.7061920412801012e-11,3.6454489326057764e-11,-4.93909712924483e-11,2.243335116552792e-11,4.105974940876022e-12,1.3798106452205626e-11,-2.904701761595067e-11,-1.2644732956348168e-11,-3.306195280209879e-11,3.9144085865067016e-12,1.0026723937959713e-11,1.718501080314018e-11,-2.3987881385812467e-11,-6.1779355576673105e-12,1.497980593083229e-11,3.442378941363749e-11,-1.149955838038616e-11,1.043271346756582e-11,-2.988524934513978e-11,-2.552972349850478e-11,-4.938778737700488e-11,-3.75985211787075e-11,-5.142020482970122e-12,-1.547638876791029e-11,5.925246039537955e-11,7.454747137625773e-11,-9.170369488929234e-11,-4.3623925185762455e-11,-2.7637736431446024e-11
3.9526510138555945e-11,2.294876054968488e-11,-7.275910049182374e-12,-1.4989393808844716e-11,-4.245019149998387e-11,4.701833873971569e-12,-4.115933657732174e-11,1.0338980532510529e-11,-6.9462452486349984e-12,3.906320752731104e-11,4.32206081212371e-12,-1.811773044924245e-11,9.627787573620923e-12,-8.660309690603894e-12,-6.792549900445037e-12,5.463393473814978e-12,8.8453483431219e-12,-9.283210510570962e-12,-2.1531439573000233e-11,-1.0026650657734097e-11,-2.698567732102024e-11,1.92618210831815e-11,5.734364947526571e-12,1.806614119851804e-11,1.1488185460223372e-11,6.642663877728115e-12,1.0109121265103831e-11,-2.030783225093078e-11,1.0418606860394226e-11,1.790067651822182e-11,5.535487842618066e-12,-1.9655623949260467e-11,5.36098589770566e-12,-1.1124561279555804e-12,-1.2421598027400652e-12,-7.41580592560649e-12,-9.44383544863667e-12,1.833144939914827e-11,-1.10230858593852e-11,1.4522003104937984e-11,-2.6419968690643114e-14,1.7877684565007218e-11,-2.2254498101488676e-11,-7.507048521778639e-12,-1.935238146927236e-11,-2.087862941341879e-11,2.6474603795771884e-11,2.6268433747591084e-11
-1.0730389307069547e-10,-6.442383847317348e-11,3.176208817009163e-11,1.6761946870082927e-11,3.3162352439561936e-12,-1.025118604322791e-10,-4.307504535468743e-11,-9.08047425672848e-11,3.9430544988344745e-11,5.850918252632602e-11,4.2485423158143363e-11,5.353015590412073e-11,6.1591135417204544e-12,2.1207793588247162e-11,-2.270475067758785e-11,1.4085446744140626e-11,2.8493203165567768e-11,6.601944110870996e-12,5.989075412729432e-11,-3.54149597167915e-11,-4.225021183876243e-11,-1.1466626818641494e-11,-1.9441504218650653e-11,6.570076102501004e-11,4.3808341186982116e-11,1.8111487126579593e-11,-1.733689652448272e-11,1.7735181526897405e-11,9.769969586358243e-12,-3.208046206758499e-11,4.1741810102579754e-11,-8.510733443667121e-12,-2.311871417778946e-11,2.082099039265825e-11,-1.1329576794031833e-11,-8.605723833234068e-11,2.602395803502912e-11,-4.171605074742688e-12,3.077353950586232e-11,-2.5978980793388788e-11,3.259118815582543e-11,-3.163472036279093e-11,9.079836398447791e-13,-2.310592947214044e-11,6.878164782561379e-11,1.6978664484891417e-11,-8.620961768416381e-12,-8.608281195536863e-11
4.117801785450858e-11,7.066168569697753e-11,5.849366840945922e-12,1.5062867615181797e-11,4.659667372673076e-13,-6.709952495290932e-11,5.868477223326674e-11,-6.427521097906552e-11,-2.173978585411621e-11,-4.678399084941396e-11,2.2859631288507388e-11,-5.0138265763747816e-11,1.8063906429440657e-11,-7.16829419558453e-11,-3.292303897352858e-11,1.7879386248777414e-11,6.040475277047448e-11,2.0783217703571282e-11,2.6263848809737806e-11,3.303193840584192e-11,-4.00358264755431e-12,-4.605215424518632e-12,-2.94064700912592e-11,-5.101334891683518e-12,2.4980228933715042e-11,2.5281192832389934e-13,-7.189051824383467e-12,-7.975941389070373e-12,1.6892030658086114e-11,-1.0447401245278636e-11,1.582066537040795e-12,5.1503493397254646e-12,-2.1480740891317057e-11,2.430990303551686e-11,5.243272152153202e-11,1.6228655552127162e-11,3.886706891220685e-11,-4.7035178885591774e-12,-2.4528472586171196e-11,-2.478052813054241e-11,2.5569364139563464e-11,2.9587934692759022e-12,-3.1339853138829985e-11,3.973872776759609e-11,-3.295593474731238e-11,-8.149044557538465e-11,-6.441222062512771e-11,1.4887018998235876e-10
2.8622283631171675e-11,-3.121059204498296e-11,-8.989691222969404e-11,-6.705713316613627e-12,-1.084907237577957e-11,-2.7097968382121395e-11,-5.569125632910135e-11,6.43302838700196e-12,3.5250801156263405e-11,-5.184757070794803e-13,-7.689127526484016e-11,1.931661175854034e-11,1.6131247424888624e-11,-2.41481418356492e-11,2.0784647014249626e-11,1.410917073733949e-11,-5.2659181800833876e-12,-2.5341111365873428e-11,3.2267749103626715e-12,-1.554915145423258e-11,2.5686167031906018e-11,-4.116192792943472e-11,-5.4798151619518916e-11,4.25733556344436e-11,1.144079918874064e-12,1.7363672991272924e-11,1.481756289575275e-11,-1.3180131796170374e-11,3.246751534775147e-11,8.087604312008833e-12,5.232881917163747e-12,4.208196855017157e-11,-2.258377992858556e-11,-2.4620710353495884e-11,-1.143069045766223e-11,-5.3283684451920133e-11,-2.0261323382125533e-11,2.3300340777977543e-11,-8.497594997057477e-12,-4.0417375184545456e-13,1.1376618742097016e-11,-7.63937673123151e-12,4.9092907450780915e-11,-2.8015929975755446e-11,1.2830039462789045e-11,6.325865712105291e-11,1.4690427612964975e-11,-1.279339722822395e-10
-2.8358570516475688e-11,-8.233111528277472e-11,-1.1818970600735255e-11,1.1058769105031477e-11,5.0698296274280155e-11,6.605915868604834e-11,1.986271525159396e-11,-1.2988243554573462e-10,1.0169029990309025e-10,9.442585712758616e-12,-1.7506261419121934e-11,1.493064572834936e-11,-1.1957824286399898e-11,4.166799520532425e-11,-4.0564500779847515e-11,-4.014114793939069e-11,-5.852286966611026e-11,-4.058638508848096e-11,-7.223916988743026e-11,2.7553996582551046e-11,3.643633725202716e-11,-5.092540742677307e-11,-1.9750621495567675e-11,2.8105262547817443e-11,3.4207881144654164e-12,9.6276368051429e-12,2.9050521182689836e-11,1.2781872454293302e-11,2.767880559153477e-11,6.654871026082547e-12,1.556053943081092e-11,-3.323575590960409e-11,4.2088676809203346e-11,-8.210212875336697e-12,4.7600985862052554e-12,2.7245863145259678e-11,3.089307811439717e-11,2.0138045799691094e-11,-1.6795189673450722e-11,-5.7434782492783735e-11,-2.0617468979965193e-11,-7.695283119608841e-11,-4.032280226663227e-11,5.5987523261121736e-11,-5.0706337123277386e-11,7.855143764150224e-11,1.0030936246445731e-10,-1.0487906945794243e-10
5.897791662662571e-11,-2.6719586694380784e-11,-5.282197702459461e-11,3.9309451495520547e-11,-1.381210211304649e-12,3.747893697358218e-12,3.354829334972897e-11,2.0411289459466478e-11,-8.778167187371753e-12,-2.457553635937402e-11,1.5979233880899915e-11,-1.1629889925782635e-11,7.490923059652936e-11,2.633297355770433e-11,-1.8020245566037553e-11,-1.653824001072297e-12,-7.454888810121888e-12,-3.822036694965403e-11,1.597954592995553e-11,1.4432168569633137e-11,-2.3029022284291867e-11,9.035631735587842e-12,-9.947350724214363e-12,-1.337083433466887e-11,2.801627536428057e-12,1.6072543677419424e-12,1.437466986930751e-12,-1.2582981895348742e-11,-1.695886568864442e-11,-2.630638903694688e-11,1.0624190215466791e-11,-1.3673025617434589e-11,2.070049428807381e-11,-4.809073442546314e-12,-1.2975170152865871e-11,-4.587895491020496e-12,1.1120391030901872e-11,-1.331126555577907e-11,-2.510950659568298e-11,2.407600119789092e-11,1.4205596032575729e-11,-3.0851670402807916e-12,1.1410122938572313e-11,-2.7879627360415346e-11,2.7814457078123186e-12,9.303803244444451e-12,-4.9855628327504736e-12,-4.3175926567114027e-11
-5.1569675354639066e-11,3.3119305221856526e-11,8.663545580699432e-11,4.787883137652074e-12,-5.105909153429246e-11,4.641393233950544e-11,1.362591552074998e-11,1.9280794344605546e-11,-2.9070849436735775e-11,4.624266065409791e-11,2.944893799017874e-11,-5.7732058836295215e-11,9.818938045295823e-11,-2.947282776703749e-11,1.3436631911081682e-11,-4.674104857738684e-11,3.451410491085917e-11,-4.249351736087424e-11,1.6824228770971513e-11,-6.109317520087361e-12,-7.812863170992534e-12,2.151463984390092e-11,1.8531785019729843e-11,3.8043993035215764e-11,-1.1043162252019212e-11,-8.43845932741258e-12,-4.492378707835216e-11,2.5104949743528238e-11,-6.779204128898946e-12,2.2444827813855373e-11,4.5534991227947786e-11,1.386138866051799e-11,-3.432706794489402e-11,8.849183010314186e-13,5.917283961986992e-12,-5.058517627978285e-12,-8.149165766731546e-11,2.1622473674650053e-11,-9.090432345876392e-12,1.972795359156886e-11,4.092174949949338e-11,-1.9537105198400438e-12,1.444852924090692e-12,3.832916148852526e-11,2.6854240940312636e-11,-1.4040825353302886e-11,-5.304753626562747e-12,-8.04600939815969e-11
4.9252097527761936e-11,6.723107717386828e-11,1.1359007068457374e-11,1.5871456128733068e-11,-6.948091570163379e-12,-5.014528355573809e-11,6.980539711012828e-11,-6.436039982966114e-11,-7.254200752884239e-12,-3.444344439630678e-11,2.452684274441788e-11,-5.3582728458537635e-11,2.063663177088748e-11,-6.779377803402393e-11,-2.8837308303746263e-11,2.0396667496488777e-11,5.582435702599463e-11,2.2301679233064002e-11,2.6974998684038983e-11,3.736696178506659e-11,-1.6517702957164405e-12,1.0249904746327284e-13,-3.2630153811726067e-11,-4.0293992521372476e-13,2.5690266774928378e-11,2.0209192432955895e-12,-5.742588110964483e-12,-7.230859013339746e-12,1.7526946630106846e-11,-1.0250793377919891e-11,1.1445173785316702e-12,4.0251790010600686e-12,-2.2676582038189463e-11,2.286564602530911e-11,5.322009543728988e-11,1.697789390837669e-11,4.0533947485452254e-11,-6.2721876976267906e-12,-2.4715850510890907e-11,-2.6527320317043645e-11,2.4395808592449623e-11,5.027761401796114e-12,-3.1600807828410456e-11,3.95314045994558e-11,-3.440119413234141e-11,-8.053343271154991e-11,-6.276406838427682e-11,1.4879695862134694e-10
4.2651812956416386e-11,-1.3183365599185493e-11,-9.244611302367074e-11,-3.102881387470011e-12,-5.650925350615191e-12,-3.8399300974547434e-11,-4.309166730795038e-11,7.763098843525361e-12,3.082552153238629e-11,-2.2961835351899665e-12,-7.513519019962531e-11,2.527378357381439e-11,1.3948856316152495e-11,-1.8565385548665658e-11,1.1995193749813345e-11,6.978139279194866e-12,-7.0690049475438054e-12,-2.0946598005377692e-11,2.153325896079864e-12,-1.2811711494111201e-11,2.9500381529249855e-11,-4.114219002451026e-11,-5.381826779452889e-11,4.093363489285719e-11,1.2050644590332524e-12,1.8137891005499496e-11,1.0530720799820861e-11,-1.6619333376786542e-11,3.6613014416739795e-11,5.474954458379984e-12,5.417401648487609e-12,4.120811890940559e-11,-2.163271233270642e-11,-2.512511404080067e-11,-1.1132286881305913e-11,-5.2286432150454114e-11,-1.938740860433843e-11,2.3864147777731993e-11,-8.154817153966927e-12,-1.2184087029054247e-13,1.0088647179351053e-11,-7.883984900432327e-12,5.038804183246007e-11,-2.96226760173745e-11,7.974670690924556e-12,6.975897638490953e-11,1.6894006357194297e-11,-1.2642234573779149e-10
-3.8243690866241845e-11,-1.0870175821798566e-10,-1.3720160458911373e-11,-6.021758523976424e-12,4.6309163925266405e-11,7.569070820990266e-11,2.981524900654605e-11,-1.2443409501435313e-10,8.772917439334386e-11,1.8861639482255017e-12,-1.6354765535532698e-11,2.375760036824723e-11,-3.7965161537613335e-12,3.788482444686046e-11,-3.86611942477291e-11,-3.6387963780038565e-11,-6.233173961049492e-11,-4.169753033381687e-11,-6.889574372215025e-11,3.0402845059543e-11,3.353515263971441e-11,-4.999687112875058e-11,-2.0555739359595084e-11,2.440712565872249e-11,1.5834509231957624e-12,1.0469335613501667e-11,2.9987776692073565e-11,1.468943532940128e-11,2.755317088088421e-11,9.16067869055177e-12,1.615467275782323e-11,-3.3892266786389075e-11,4.229129453209394e-11,-9.509292907810021e-12,5.582484053848208e-12,2.768204031934755e-11,3.0751752443311106e-11,1.980729190215698e-11,-1.6467121154399386e-11,-5.734260741751526e-11,-2.053551652391828e-11,-7.680889546639526e-11,-3.91793464250262e-11,5.685026614605585e-11,-5.0734333857328234e-11,8.098461958648726e-11,1.0204721579935583e-10,-1.0296255945953476e-10
6.483817273118895e-11,-1.3789105314394039e-11,-4.3266902730383573e-11,3.306533641345162e-11,-2.1544618405737744e-12,4.082125563057083e-12,2.7872522576031933e-11,2.083451526530836e-11,-7.98356895516201e-12,-2.164918735750123e-11,1.1757185666116082e-11,-1.4397040997377545e-11,7.281340580990546e-11,2.9678090994524973e-11,-1.649051584785871e-11,2.6905774199791273e-12,-7.667851367077446e-12,-3.808330598250736e-11,1.49564609465862e-11,1.2181687453302457e-11,-2.2493807777332164e-11,9.65485467212829e-12,-1.00288066475921e-11,-1.2310833420534528e-11,3.407012605211107e-12,1.8714798301974156e-12,2.358599756932574e-12,-1.1186714161982802e-11,-1.625998335383331e-11,-2.5812473729267762e-11,1.1161092321330232e-11,-1.3319035560666232e-11,2.0872824288883323e-11,-3.806606103651099e-12,-1.264887176987285e-11,-4.099153521916125e-12,1.1617655427190226e-11,-1.2611319576948612e-11,-2.4276793986203296e-11,2.4472663093796497e-11,1.543568823483854e-11,-1.7626774191723329e-12,1.2497382927370374e-11,-2.6851583625457497e-11,4.48404166363969e-12,1.2007444954104867e-11,-1.4248954734850493e-12,-3.658000721555341e-11
-5.862954701695582e-11,2.6034574286133894e-11,5.828499943776642e-11,-1.815929629642232e-11,-3.6775573127089876e-11,4.076612668734692e-11,-8.922772693510024e-13,1.2622022368387702e-11,-4.92531249359403e-11,3.883796635489122e-11,2.1655014841533663e-11,-5.0775475422636344e-11,9.6753186936412e-11,-4.583758586534504e-11,1.1366306171150157e-11,-4.1990760983634705e-11,3.075446981988278e-11,-4.3553684139096115e-11,1.45379778174088e-11,-5.51820103308321e-12,-8.693529050004143e-12,1.848132337641119e-11,1.7289588861211185e-11,3.298013109759443e-11,-1.4942660851316137e-11,-1.0280115927017588e-11,-4.478597927433068e-11,2.278373087427535e-11,-8.198886492946159e-12,2.2238536634604798e-11,4.62920405208727e-11,1.4664230898552732e-11,-3.409173473938752e-11,1.0151887277545008e-12,5.453373953074174e-12,-5.958505343553123e-12,-8.171417579878416e-11,2.1724034640206732e-11,-1.0376594889263328e-11,1.904618613090465e-11,3.972234802433305e-11,-3.321948407781331e-12,-3.575172197543196e-13,3.6768039199467695e-11,2.5449367265229e-11,-1.6313149657322946e-11,-9.696872796635128e-12,-8.655437114565124e-11
1.6723128521296852e-11,1.825444144680922e-11,-5.5688132714551324e-11,1.7884754383421212e-11,-5.25961771747392e-11,-1.6544995364633862e-12,-1.4574669406944293e-11,-7.536113404410547e-11,-7.927669591990254e-12,-2.4742826426867363e-11,1.8267289875799265e-11,-3.5645165489515833e-11,-3.263700743831893e-11,-2.4151750215305143e-11,-4.5273984359301216e-11,-3.5095945078127753e-13,8.101874291889448e-12,-2.6090805116679402e-11,-6.68365255804263e-12,-2.5762732964303442e-11,-5.988058080898935e-11,3.365336836561199e-11,-3.1050101473630964e-11,4.9376185677107234e-11,-2.920951059954752e-11,-4.415993171902803e-11,-2.9124390998095074e-11,3.6943191265176156e-11,-9.604081546054685e-12,1.3703571080288055e-11,3.5494221999917546e-11,-2.4052980666303636e-12,-1.2558294756419446e-11,1.4235816989682145e-11,9.566560288174964e-12,1.3547182780386426e-11,1.722987293555903e-12,-2.444705900533326e-11,-1.253843232525277e-11,2.9429897187193526e-11,2.696254031661339e-11,-8.94206204012677e-12,3.582917156048384e-11,4.4205923880090355e-11,3.793572185701355e-11,3.6499820837445145e-11,-6.811801345575417e-11,-1.318955831384155e-11
1.4208901456389703e-11,-2.4491653720928512e-11,-1.0720485436967051e-11,-2.201524330832051e-11,1.4554576009071637e-11,-1.2121756543151224e-11,-6.847286585150941e-13,-6.539190974616736e-12,-9.658709431787724e-12,-2.0049183720971696e-11,-5.443401568463376e-12,-4.905653032625964e-12,-6.999421706258482e-12,-2.1297076710371952e-11,-4.294314882474088e-11,1.1037333405543626e-11,-7.676092670705656e-12,-6.015624400076622e-12,-8.080675202981075e-12,-7.530934565439281e-12,-1.4792287761025302e-11,-9.431745704065104e-12,-1.7493257832849707e-11,-1.3581703805672137e-11,1.7737864189659127e-11,-1.4748519533384262e-11,8.396469564568495e-12,1.0893368176703678e-11,1.9074374823160353e-11,-8.598792376399245e-12,1.988578792826764e-11,2.584198192927935e-12,7.30048613679391e-12,8.340695922726409e-12,1.6879962888659817e-12,8.12011054634891e-12,-3.4498583968576223e-11,-1.8716299424771895e-11,-1.3752700251044867e-11,-1.1703541386237622e-11,-3.850658188257681e-11,-2.649046359997908e-11,-2.0776063966548426e-11,-5.573867836206064e-11,-1.3011725099895274e-11,-4.497429581059917e-11,-1.6282840125131804e-11,-2.9650978581926273e-12
2.2861876259317816e-11,-4.8214585073519785e-11,-2.9420144226956614e-11,-4.1630237176297105e-11,-4.503573659682016e-11,6.9009113043846456e-12,3.748566222877786e-11,2.1501645718164492e-11,-2.37701311367424e-11,4.5318648006753173e-11,-3.685887961459969e-11,-2.637252667478903e-11,6.9563284050647005e-12,1.4318956833052804e-11,-2.4749436862693686e-11,-1.7765415976785312e-11,1.6372118493123323e-11,1.0618152058797579e-11,4.892256686946985e-11,2.81118946767542e-11,-2.402012499309199e-11,2.6968662387138093e-11,-3.066681319913331e-11,-2.894981931544051e-12,-1.116661698995993e-11,-3.0778524069265407e-11,3.6648120229572836e-11,-1.4309839304823138e-11,-2.792593368488729e-11,6.278465736956668e-12,-2.274928007970555e-11,-1.9373968443643486e-12,2.2370077344723864e-11,-1.85366209689883e-11,2.4110577529136877e-11,4.7217031946975794e-12,-4.3786612674950946e-11,1.688846936661327e-11,6.552142668228557e-11,2.9022865315783682e-11,2.4327156082436685e-11,-2.177421426468732e-11,5.54783755232334e-11,2.1224425710951675e-11,3.015772835241456e-11,-6.063738574177319e-12,8.274463889511946e-13,7.651821375771833e-11
-1.473505940853871e-11,-2.8069930986033057e-11,-5.6889221262767453e-11,-7.527364620779508e-12,-2.005384748540745e-11,2.0995649631730368e-11,1.7924353766716146e-11,-3.210761467761126e-12,-4.0720341118060024e-11,5.728102018779527e-12,-1.495235070360509e-11,-1.63430620829571e-11,3.235142903492433e-11,5.072985515728737e-13,-8.153280285752707e-12,-1.0562499731196639e-11,9.454170349078206e-12,-1.8640505489832927e-12,-1.2780732205513094e-11,-9.086191281694536e-12,8.815018855863825e-12,3.060744471337769e-11,-2.22997135256789e-11,7.510497636551187e-12,1.6953142718946228e-11,1.1771506431726928e-11,-1.513967805634392e-11,2.6473396947019153e-11,-1.7855977616292623e-11,-1.697642144347833e-11,8.310969543395128e-12,1.921229680531652e-11,3.166766610022864e-12,7.881204144921953e-12,-1.8469653321602822e-11,1.2252346099722794e-11,-1.445672923878914e-11,-5.908692512046554e-12,2.200524268266723e-11,-6.267865883138087e-12,-2.6169133714185197e-11,5.700376988384639e-12,-2.362693349861742e-11,-4.4992414072068766e-11,3.8559049638293294e-11,-2.9864470829430475e-11,6.664651506367562e-12,1.0133611268281646e-10
1.309376466815346e-10,1.0125035229611248e-10,5.18366833003252e-11,-1.1769183275533218e-10,1.3807652428531139e-11,4.32891189591553e-11,3.827236307333617e-11,-6.953534365081616e-11,3.9156873462965526e-11,-7.773290224103166e-11,-1.6735456565020586e-11,-1.2583552768289158e-10,3.614668138165054e-11,-7.303256494402101e-11,-5.38037386889063e-11,3.269419375353239e-11,-5.281856947382276e-11,3.553763586327107e-11,8.240461548780741e-11,4.3737747290731154e-12,-2.5966897689409236e-11,6.635229520833165e-11,-3.3296785424097672e-12,-4.746917650414742e-11,-1.2285937409193246e-11,1.9798942909822084e-11,1.2283875634723804e-11,-6.240567956316095e-11,-8.440345199729265e-11,5.7875523234482554e-11,6.885064722698905e-11,3.417056701986847e-11,-6.985868845634375e-11,1.3754451816001385e-11,-1.2461852395930022e-11,2.923418296698449e-11,-1.8427054884627912e-11,-1.0219007652694383e-10,4.742272891471258e-11,1.4984457367785597e-11,-1.2921310568437363e-11,-4.661699425033413e-12,-7.319370329105682e-11,1.2581209971568412e-10,7.001580012447679e-11,-7.920924745832455e-11,-1.4059497252010594e-10,6.561119117097495e-11
3.669968545928578e-12,7.506910082653804e-12,-3.524553222988579e-11,2.927034309573735e-11,-4.33122544791023e-11,1.490606916739323e-11,-3.4107339062638112e-12,-7.269786966784016e-11,-1.5330004328700236e-11,-2.18755482561059e-11,2.6045263202699332e-11,-3.400546966601492e-11,-2.5983648934650056e-11,-2.414647133561742e-11,-4.083738897817519e-11,2.288706799457312e-12,9.918982329993844e-12,-3.022421327946476e-11,-4.148025098431125e-12,-2.349921764550054e-11,-5.94659308270744e-11,3.459427019932213e-11,-3.119459835207236e-11,5.0687573455012005e-11,-2.7686585724285034e-11,-4.4750253472711035e-11,-2.8502013111816938e-11,3.943613575987789e-11,-8.217669338059086e-12,1.5027102983993878e-11,3.62115078109314e-11,-1.3490563903537134e-12,-1.1516062784293554e-11,1.5048486720402417e-11,1.0705231115842235e-11,1.3563352209675056e-11,2.52574204645301e-12,-2.417085291401757e-11,-1.2043862491159877e-11,3.053169904139515e-11,2.8123598970920377e-11,-7.75151951997154e-12,3.675768493249458e-11,4.5380029074173906e-11,3.9173339434838153e-11,3.924438014734842e-11,-6.352611175428003e-11,-3.1617490444550265e-12
2.1991719603065622e-11,-2.3339894521569527e-11,-4.5485911145257834e-12,-3.222046416563137e-11,1.9063660047103354e-11,-1.45606537328299e-11,1.3009276577967363e-12,-2.972763930418969e-12,-3.91289718152956e-12,-1.745779350571523e-11,-3.08876121579601e-12,-4.911331987134454e-12,-7.039007066848096e-12,-1.9137008590217762e-11,-4.0429911278455034e-11,1.2168636017600306e-11,-4.9788808539288886e-12,-1.886602949408361e-12,-6.99650626724379e-12,-6.795157741211128e-12,-1.316991674067883e-11,-1.013248259717743e-11,-1.8060949924079224e-11,-1.2435430860609876e-11,1.9209459449734233e-11,-1.474610539274944e-11,8.840316019042984e-12,1.3033076174661444e-11,2.0204285116560305e-11,-7.90281529287304e-12,2.0877875964199602e-11,3.195616822568985e-12,8.971886477075802e-12,9.330682936170563e-12,2.7565177767501986e-12,9.000203588897791e-12,-3.355674136447095e-11,-1.8871477671425497e-11,-1.2822365020529746e-11,-1.0291552226829986e-11,-3.771921062755483e-11,-2.5158982276449064e-11,-2.0396097147534106e-11,-5.4185904885893223e-11,-1.1343795912125613e-11,-4.249833168135455e-11,-1.2732454166340563e-11,5.699231469281745e-12
1.81306171752472e-11,-5.1600326291421264e-11,-3.1035968950994844e-11,-3.695293638249292e-11,-4.4312680908713585e-11,6.042890897886189e-12,3.763209127214583e-11,3.4835433604600404e-11,-2.6825938342112447e-11,4.6708564404624325e-11,-3.8405119986042355e-11,-2.073653699723994e-11,-1.3973076005760195e-12,1.2862080672556876e-11,-2.7926139961568583e-11,-1.5652259975708857e-11,1.5111168050376843e-11,1.3723591695074186e-11,4.734068461512001e-11,3.1470589091333166e-11,-2.0892248812982252e-11,2.660484896526241e-11,-2.8605349728146888e-11,-1.6747177304721153e-12,-9.593606912350001e-12,-3.039859033792339e-11,3.914779740627787e-11,-1.3976712035515795e-11,-2.775143453081764e-11,6.5226950673679345e-12,-2.2674343829914335e-11,-1.5535447712567187e-12,2.338400622561219e-11,-1.6908493181681205e-11,2.513716275202647e-11,5.5984062902143335e-12,-4.2997378866027565e-11,1.7108738858892195e-11,6.469043911891833e-11,3.009934589573754e-11,2.5526475603061175e-11,-2.0893425296835263e-11,5.689715562492112e-11,2.1958253090740415e-11,3.1507016762263813e-11,-4.4902458676145084e-12,2.02631280399327e-12,7.81023735602845e-11
-5.0755856617903325e-12,-2.8725000154403397e-11,-5.0480990846381335e-11,-6.187622321119627e-12,-2.3637176492457293e-11,2.8649337846311036e-11,1.8324578606706294e-11,-7.110120204009616e-12,-3.385973739781038e-11,3.552483182285512e-12,-7.946219488194991e-12,-1.4168080547512807e-11,2.939405354385233e-11,-2.0279171714577465e-12,-4.931659712645455e-12,-9.121545961591559e-12,8.387852012454334e-12,-2.996962703138113e-12,-1.382387105022499e-11,-9.7764016204838e-12,7.288637611521117e-12,3.0880739451814634e-11,-2.1345495318107507e-11,7.875061813244605e-12,1.7727033817961975e-11,1.1937215040177218e-11,-1.5394823373343032e-11,2.6878893865848817e-11,-1.7535335900000737e-11,-1.6380163893540456e-11,8.25728678377711e-12,2.060164494634959e-11,3.3231375802436253e-12,8.15464079524243e-12,-1.9137055802889627e-11,1.3071858089894764e-11,-1.3200966677426795e-11,-5.2648157480148725e-12,2.263784010620225e-11,-5.927280479878689e-12,-2.5753429891458715e-11,5.964470206821076e-12,-2.3423016811332815e-11,-4.4464482444521016e-11,3.888475193040851e-11,-2.958231366302375e-11,6.878577490834879e-12,1.0057520665062195e-10
1.0451586165891476e-10,2.5834839276050648e-11,4.3824074643074426e-11,-1.1575645266949803e-10,4.702800240945242e-12,3.045254747831697e-11,5.483290835046588e-11,-7.670899463834188e-11,3.3720400301912664e-11,-7.646927587225912e-11,-1.3100086623774276e-11,-1.282437075162742e-10,3.938382154884467e-11,-6.610761805216805e-11,-5.364210789245381e-11,3.5189143613938394e-11,-5.522159339434853e-11,2.9833853075490755e-11,8.284550874547315e-11,6.6980457345976035e-12,-2.355734920758383e-11,6.780353881881371e-11,-1.9745910617846893e-12,-4.4198560291440515e-11,-6.634321605709288e-12,1.100347265204708e-11,1.440838294689275e-11,-6.26922216515633e-11,-8.502824144383343e-11,5.690797170847133e-11,6.409071032898117e-11,3.6574631488698494e-11,-7.049389156269739e-11,1.0676600629050888e-11,-1.0879819145819102e-11,2.6954076287660067e-11,-1.9732380503981314e-11,-1.0127936799171167e-10,4.670214310276392e-11,1.572319085869871e-11,-1.260231061802521e-11,-2.521420904736366e-12,-7.14536194967973e-11,1.2659320738328122e-10,7.017410797583174e-11,-8.141590333442161e-11,-1.42247354045752e-10,6.511539620560113e-11
5.898365006505995e-11,8.538716753008352e-12,-2.8215755352255837e-12,-1.2408452182440577e-11,-2.4572695976762223e-11,-9.634038003976606e-12,-8.565074076633927e-11,1.0447989684936556e-10,3.888896035740705e-11,-3.2334477382656243e-12,3.178370436478528e-12,2.5756069119288637e-12,2.090213691041851e-11,1.6306320769160738e-11,-3.2485801311031215e-11,6.492150383765735e-12,1.9996509225450926e-11,-1.8599474156566584e-11,2.0317388626928408e-11,-2.3520400400185313e-11,3.0477081011342504e-11,-1.240820832085366e-12,-8.538736575258679e-12,-6.398930064521459e-12,1.903219262855286e-11,-2.0414192924632577e-11,2.6788238467163783e-11,-2.716539077226333e-11,2.6150624813703982e-11,-1.896342571376111e-11,1.709880154161622e-11,3.647974525708568e-11,5.737927933207462e-12,-3.3442569661655426e-12,7.17154754708776e-12,-7.654347562058513e-12,5.237662384548246e-11,1.911128470888999e-11,1.9914231277234292e-11,4.0102354760459544e-11,-6.668457566469341e-12,5.1765212959932924e-11,5.159251155619579e-12,4.4898844827800526e-11,1.4684316518649813e-12,-3.017104439347657e-11,-6.589249336657022e-11,1.0885665701195129e-10
-1.9549926315999782e-11,1.6991760907281606e-11,7.491005412027397e-11,3.726768987098965e-11,7.544255556713057e-11,2.274870326629172e-11,7.73922468025953e-12,4.157066815165876e-11,-2.755803797761866e-11,-4.5543635936318005e-11,3.6813052303701854e-11,-3.6085311699347464e-11,-4.225065217766726e-11,7.443994664872775e-12,5.71353824136205e-11,-1.9089927197150666e-12,-1.5853398511597553e-11,4.894758376906123e-12,-1.5891626722439247e-11,-1.1317633089523404e-11,8.018727769828202e-12,4.8407951313069304e-12,5.579701383293364e-12,4.808763576029288e-11,3.2409327274630175e-12,1.514271087182997e-11,-1.795940811935999e-11,-1.534838673131145e-11,-2.0412656432330676e-11,2.0759033464662905e-11,2.6195434863378965e-11,2.8328481850445574e-11,-3.700118321126731e-11,-9.906544615567442e-12,-3.630631675615666e-11,-1.4297895982661445e-11,1.4883766994074492e-12,-2.993618078004644e-12,-2.118943909224178e-11,-3.023142899973864e-12,2.8049474454227667e-11,-3.7216007055011767e-11,-2.7118116673916353e-11,1.705795614771984e-11,9.186444728829809e-12,-2.4464947056426893e-11,-7.592681590816561e-11,-4.303247745021788e-11
7.38880789280908e-11,-2.921818485595089e-11,3.993208004321754e-11,1.5210298607057062e-11,1.752968378496256e-11,-5.649948138388929e-12,8.314025882310109e-11,-2.1008653703250804e-12,-1.232175175966132e-11,-3.279432114246254e-11,-9.270725464834401e-12,-2.7598959958691147e-11,-1.1011187561274829e-11,1.2672858692548751e-11,-3.102363112735588e-11,-1.8160243210227775e-11,-7.337427161283553e-12,-1.2358584354934837e-11,1.2929183613049244e-11,4.557831264908022e-11,1.1983770176679485e-11,-1.1448033792604728e-11,6.339166648641304e-12,5.277440767827559e-12,-2.7733762275084977e-13,-1.0412175486716988e-11,2.5857927594301336e-12,-1.2701712114635365e-11,3.2814175022235494e-11,4.8810959491604484e-11,-1.810828408013874e-12,-4.0751001635133426e-13,2.8037942690100436e-12,2.3302486143098163e-12,-1.1436883648961331e-11,1.1715615524198726e-11,-2.2935107988441492e-11,3.889587731187488e-12,-1.730412753702697e-11,1.8305925018000622e-11,7.869727447749011e-11,-9.741055739896532e-12,1.8246932489887085e-12,1.466343555480349e-11,5.5225597405787134e-11,1.7023211459288812e-11,-1.4998157939958594e-11,1.2665430091388226e-11
-1.5637714279494744e-12,6.279844002624949e-12,2.074008950731548e-12,2.3039145276657047e-11,1.5923301941414737e-11,-3.078013252948465e-11,5.413087806181354e-11,-4.632078219520423e-11,-1.4547064110219617e-11,1.4471838916347846e-11,-3.283396501727764e-11,-7.784172671798341e-12,3.941088060739309e-11,2.232295700389703e-11,-4.9714822984896775e-11,-1.2308436463854315e-11,8.343489916904475e-12,3.1053270501074155e-11,1.271232132726279e-11,-3.243959999481361e-11,-4.858561526037719e-12,-2.1959410789466737e-11,-2.666558714600831e-11,-5.9197648596812e-12,1.925099697564038e-12,2.1857978547907072e-11,1.7994680285982747e-11,-2.2246832806895657e-11,2.1922113499145347e-11,1.7117195447748692e-11,3.2055966789169184e-12,-9.861272210326256e-12,-6.503097951127679e-12,2.0610676538197298e-11,-6.009316596140593e-12,6.0085124389433954e-12,1.8691237107010843e-12,-1.215090603155592e-12,-1.9602264469854432e-12,-1.9213552090865793e-11,-1.5491850048150973e-11,1.3490510164296404e-11,2.7576042560595313e-11,8.789241911469067e-12,4.312514359194888e-12,1.8187973293161327e-11,1.475881545810405e-11,-7.152821753239298e-12
4.411381420382533e-11,-9.523040395042153e-12,-5.4054021238749785e-11,-1.6657674241214292e-11,4.286610562628215e-11,9.224050081434019e-12,-2.2211190526933346e-11,-5.0897900608664966e-11,-1.367305739454209e-11,6.157941102184882e-11,-6.85447464954344e-12,2.680816875017877e-11,-2.383992470462773e-11,-3.639234858822466e-11,5.967131882679006e-12,-1.8542752489427175e-11,2.2944433471565008e-11,5.030918219888175e-12,-2.0073792853170537e-11,-2.3812856320831068e-11,1.7697496396634276e-11,-7.0151462114269015e-12,-5.400583362963227e-11,-1.9040470351042362e-11,-2.474204878071465e-11,9.201270010875962e-13,-3.0341751162938934e-11,-3.493437325177286e-11,-1.3969245657895082e-11,2.578265368783597e-12,-2.988350445594479e-11,-1.9600970455135533e-11,-1.8426864629485073e-11,2.7684389974051663e-11,1.7960184039673306e-11,-8.569285705213848e-12,2.49064896179066e-11,-1.2141280845863112e-11,-1.3118871524756862e-11,-6.351293962439493e-11,-3.436855683547263e-11,1.089909568070937e-11,2.0466878692205367e-11,2.4946948104184776e-11,-6.161337791697986e-11,-3.9238405635250427e-11,-7.356455282101712e-11,1.183026217045182e-10
2.991183594678145e-12,1.6570146409430345e-11,-1.2360525250185737e-11,-3.750288609329979e-12,-2.9754838495063437e-11,-5.529457498154605e-12,-8.277915272958772e-11,1.2031600529134833e-10,2.483817472123292e-11,-1.1011619937071764e-11,6.488363664030067e-12,4.660624563784516e-12,2.0395067283886045e-11,1.3248957177812528e-11,-3.33707268984273e-11,9.053089645817648e-12,1.8417843705724118e-11,-2.012439912580163e-11,1.786169507752335e-11,-2.377642908523038e-11,3.05341703996856e-11,-1.6403001163350721e-12,-9.015179989278795e-12,-7.0586469691009714e-12,1.8798541184427514e-11,-1.9945268050520384e-11,2.6784646077362655e-11,-2.7757094987792733e-11,2.5938965391093798e-11,-1.939300787014618e-11,1.6608085022264585e-11,3.5985909429362037e-11,5.5366752848887385e-12,-4.355339938433009e-12,6.245349058284592e-12,-7.832178091855994e-12,5.192578036264066e-11,1.8820841176138835e-11,1.9588576917180757e-11,3.989970119571555e-11,-7.019410252004293e-12,5.17728750142959e-11,4.6756425277572906e-12,4.444549118680457e-11,9.153002694271884e-13,-3.086535356118316e-11,-6.698397552372116e-11,1.0575198929019614e-10
-5.655827849250424e-11,2.598799988306625e-11,5.022369949287198e-11,5.2637843408630816e-11,8.551122629203586e-11,2.198577807549051e-11,4.1960536576286977e-14,3.9939845033744595e-11,-2.7729137070680147e-11,-3.6758881936742634e-11,4.234259052729727e-11,-4.052462866900042e-11,-4.8028221330839534e-11,1.2714393357399607e-11,5.688811037385996e-11,-8.510792848678823e-12,-1.8861047460189817e-11,3.790953854212482e-12,-2.1027304249881025e-11,-2.0295891755671692e-11,8.161543651062488e-12,7.904246098839548e-12,4.664248982423357e-12,4.692368192057099e-11,3.795445388790152e-12,1.3130894436955438e-11,-1.5715853463796097e-11,-1.5995509202475818e-11,-2.0920892664890205e-11,1.973567111507871e-11,2.6090857361542927e-11,2.8455364056858774e-11,-3.484368172960219e-11,-1.085647370343118e-11,-3.8417035339155925e-11,-1.4105341655260876e-11,1.5889313503025845e-12,-3.1015265228343333e-12,-2.120724236711323e-11,-3.0225955000289173e-12,2.7817358615087872e-11,-3.7389347308697094e-11,-2.735860487415249e-11,1.6817251228524622e-11,8.632214780049354e-12,-2.448815854335483e-11,-7.749478401116812e-11,-4.6272215461157636e-11
7.29539369371132e-11,-2.00894425607629e-11,4.571043883375142e-11,3.757282960556109e-11,2.598470354646843e-11,-9.973148286856433e-12,8.943014479784722e-11,4.709213275254011e-12,-8.95548167866734e-12,-3.97751282556728e-11,1.4205351456048168e-12,-2.9909568966358144e-11,-1.7988680918172724e-11,5.380680676919187e-12,-3.2985898996100475e-11,-1.6873485032146078e-11,2.8495125361744203e-12,-1.4327859919959065e-11,2.1895483103253098e-11,4.312307340223612e-11,1.2963962878264199e-11,-1.2518375096804855e-11,5.608367079814456e-12,5.172822199351794e-12,1.0386777575797852e-12,-1.0788002770777523e-11,2.7077592182975806e-12,-1.3158882553125152e-11,3.2227746277012505e-11,4.8953289302281996e-11,-1.2977072794780238e-12,-1.6779814125847518e-12,3.0874950614061097e-12,1.8825922586597123e-12,-1.0661884326538215e-11,1.3365830539847513e-11,-2.192810450862218e-11,3.875777051781027e-12,-1.5972120740015218e-11,1.7854790206407345e-11,7.845133771062694e-11,-9.839563391749424e-12,1.7629015558912179e-12,1.4988866873457584e-11,5.460550069167892e-11,1.7435081247439578e-11,-1.4920070685514863e-11,1.1968895939367127e-11
-2.3969767980191578e-11,-2.2661785265417741e-13,-1.0620091300968178e-11,1.4278628700159022e-11,2.5450472121329913e-11,-3.449551482797969e-11,5.774918930256454e-11,-3.853253661737214e-11,-1.2667096091758252e-11,2.7773090421485983e-11,-2.8564433978350993e-11,-3.7384604057380425e-12,4.7559823201901136e-11,2.0158092609777248e-11,-4.986853522220774e-11,-2.042289530739024e-11,1.5481449253120706e-11,2.7626609144973057e-11,1.3439946264885583e-11,-3.157509543642866e-11,-6.970712362468972e-12,-2.0114806477312547e-11,-2.632579451309595e-11,-8.064986487529476e-12,1.2437032324526827e-12,2.418690052084327e-11,1.7819072102677474e-11,-2.2266295543627507e-11,2.132775077175247e-11,1.5908046398358702e-11,2.726595482768855e-12,-1.0521151133169946e-11,-6.588382141987185e-12,2.005024026695128e-11,-8.02394505991281e-12,4.81094847198874e-12,1.8780853435716186e-12,-1.1019522341361013e-12,-2.7610920742064857e-12,-1.928352425392679e-11,-1.739962476205346e-11,1.3044863287194668e-11,2.727531659886463e-11,8.04543230822355e-12,2.926914214862757e-12,1.7304306645304096e-11,1.2743240206655003e-11,-1.3096620877342395e-11
6.547065560376058e-11,-8.91061377110083e-13,-6.491187735875253e-11,-2.2694481284466023e-11,3.753729068639571e-11,6.792273969128859e-12,-3.681364157390154e-11,-3.665637277148977e-11,-6.332369646822717e-12,4.876077760195273e-11,-8.495003472169947e-12,2.4753229183871382e-11,-2.4937405131651473e-11,-3.026220386854663e-11,7.957169850174187e-12,-1.845190526654066e-11,2.247571223114416e-11,2.9044373732000717e-12,-2.350971871583146e-11,-2.6443482413936483e-11,1.7465084813029247e-11,-7.199161915829701e-12,-5.355574802500447e-11,-1.8914031441173015e-11,-2.5513685295321808e-11,5.138064224929551e-13,-3.032802749659432e-11,-3.530786612507957e-11,-1.4005337839549638e-11,2.531361962473709e-12,-3.001026481481945e-11,-1.949762748211032e-11,-1.8391406463061734e-11,2.8037292858780826e-11,1.7874968537588183e-11,-8.81028087734618e-12,2.4631198584475908e-11,-1.2287220232653221e-11,-1.3089842228363509e-11,-6.379906994262692e-11,-3.497276774894622e-11,1.0518521756042323e-11,2.0026312056060157e-11,2.464387319826945e-11,-6.18682165947967e-11,-3.970007759262293e-11,-7.51545340710458e-11,1.1529342696900702e-10
6.984809570289253e-11,1.4432085976539949e-11,1.4265309359407499e-11,-3.945912450015131e-11,-5.884896378988911e-11,-2.3873212824934627e-11,-1.98278529986e-11,-2.767535152300404e-11,-1.0047542139403005e-11,-1.2348580676748352e-11,-2.2816325635362976e-11,3.641365664706532e-11,-6.06555957347016e-12,1.8509782163574962e-11,-1.7061372518850704e-11,1.0972957233543563e-11,5.4349012126351196e-11,-8.175827758865122e-12,-1.6447623761009298e-11,1.1123490533125895e-11,-3.34867235496786e-11,2.0298158749634375e-11,5.791585530429486e-11,2.840995137899241e-11,4.513736340031259e-12,-1.739481964599042e-11,-1.7163906843518843e-11,-1.3906925384084233e-11,6.081117760666099e-11,3.3498134784580764e-12,-1.1649512439661051e-11,-1.7709672423339578e-12,1.773485604689734e-11,6.2838139046275e-11,-4.8818858937136884e-11,-1.4662026086612277e-11,1.4275137356264306e-11,1.6754194890144442e-11,-1.657728502867821e-11,-2.8110441455137278e-11,3.8720473549934627e-13,4.997303768398061e-12,5.685217633307535e-11,-5.712785805790284e-11,-1.6945945209498995e-11,5.481461493544342e-11,7.450321330548877e-11,-3.1090274832731165e-11
4.9316052911869554e-11,5.2205132641575676e-11,-7.719694335089594e-11,-2.0950217836006173e-11,-4.100032177853648e-11,5.176214154994695e-11,-2.520846831203613e-12,7.956623829891975e-11,-3.2920662104733604e-11,6.290273145096242e-11,-2.092752320843054e-11,5.952083388876742e-11,3.100987364934673e-11,4.7288188187227323e-11,9.491840104605508e-12,2.5467757263285965e-11,1.867349946660804e-11,-2.0280446825619958e-11,-3.2587308537756085e-11,-1.2523265778654602e-11,5.388358159129018e-11,-6.851174938933759e-11,2.1531942364044526e-11,5.827325428971511e-12,-5.2673278172761966e-11,2.203281294416228e-12,-2.1264780415534943e-11,1.014766074059844e-11,-1.017448577090643e-12,-4.42025985221962e-11,6.455150236904e-11,5.668148394592222e-11,7.118646978027283e-11,-1.616067633450149e-11,-6.297903737495888e-12,4.577477261851825e-11,-9.84410506577083e-12,-3.561489023946162e-11,-2.388038859688008e-11,3.7391808533643574e-11,2.5342611049521266e-11,1.0557865167238335e-11,-1.628065315035293e-11,3.4807241155516176e-11,6.104966664442298e-11,-3.859703412156905e-11,-1.8019242975849785e-11,-1.497843296149891e-11
3.711775351445624e-11,2.083532839593328e-11,5.351688319591878e-12,2.7869491603380326e-11,1.5706686532321727e-11,8.326864015576815e-12,1.942775115099569e-11,-2.2509931219971543e-12,9.131137974233023e-12,-3.5309521746432734e-11,1.049274425777454e-11,3.956710250262519e-11,-1.8270534032159625e-11,-2.5116618264805528e-12,3.528841793525881e-12,-2.0987658587921837e-11,-2.2533062283271085e-11,4.3213613212332804e-12,5.747939138510777e-12,-1.105832622520148e-11,-2.6075232637178207e-12,1.1571272657485115e-11,-2.9070671757955847e-11,-2.5128781265483523e-11,-1.630041777183901e-11,-1.7133048545755714e-11,-5.1053946575817135e-12,-9.589283577621621e-12,1.1529935934797262e-11,1.588498440747158e-11,1.2846306111121063e-11,9.912910251695479e-12,-2.0475894666652946e-11,9.097608335743258e-12,-6.215222834838831e-12,1.1985672368631624e-11,-2.0464096259864882e-11,8.22494367334739e-12,1.2922811782272647e-11,1.6906157593207214e-11,4.000715394628352e-12,-3.1322691881929414e-11,2.1799843698336267e-11,3.1211025597166227e-11,-3.270842858045419e-11,2.369804797868352e-11,-1.1720722426450185e-11,-7.78444420388344e-11
-8.656042352004178e-11,4.7458655065703566e-11,-1.0617830923420956e-10,-1.1847556697452592e-11,2.2490815350819185e-11,-2.3212506313967642e-11,-5.598828894051056e-11,3.8089142550110744e-11,2.4822461823037026e-11,-3.8575994607669805e-11,5.0845529668614e-11,9.615896814393876e-12,6.398613990816853e-11,2.6820415206722237e-11,-2.2657023519068713e-11,1.9810374689174187e-11,-6.510508132817494e-11,3.945186939076535e-11,-1.7081147397085685e-11,1.4269373335213571e-11,2.967318298435295e-11,7.221004633415008e-12,-1.0769061722703224e-11,-5.717671188363477e-11,-3.7592747066093197e-11,2.2863166714358997e-11,-1.168019824109309e-11,-3.336459370800648e-11,1.1877627177858794e-11,-2.5386448166374023e-11,-4.496702281332317e-12,-2.5435435002778108e-11,3.729288428214545e-12,6.765114822190974e-12,-4.580027997514386e-11,9.850563350706019e-12,-1.4533241489453044e-11,-1.5923620886335944e-11,1.713879933182218e-11,-6.898090322448e-12,2.819628959500562e-12,-7.590181118860917e-11,5.0557783868160456e-11,-6.783774012357357e-12,-2.1522941623548648e-11,3.1996643473806354e-11,-5.7520532601089173e-11,1.0238984199563231e-10
-4.333072374045323e-12,-4.248213674444758e-11,3.0411447221301235e-11,-2.3087416039182782e-11,-4.1006915377750695e-11,2.0354802320411602e-11,7.350361909222981e-12,-1.3530516259782285e-11,1.592045591878684e-11,-6.41932693986217e-12,-4.296111217594786e-12,-4.508912189786687e-12,-2.061159283444262e-11,-3.703136462578118e-12,3.19576004821394e-12,7.935985971929906e-12,-2.117875639349378e-12,-1.637872459821791e-11,-2.5439951673411716e-12,3.543036427402246e-12,-1.875764962751853e-11,-6.68186125307523e-12,7.207579525769316e-12,-1.2427147695066689e-11,9.537166663333556e-12,3.7333980118670955e-11,2.12399762667828e-12,-1.0093299107958145e-12,-1.2134749852596245e-11,1.4107768451363345e-11,-7.768507592255722e-12,-1.9211796315845117e-11,4.422081382351139e-12,2.6409295216659407e-11,-1.3771086972750971e-11,-1.0405286197137202e-12,-1.9891882807076113e-11,-1.8559056405871622e-11,-3.507822516746724e-12,-6.676226307159743e-13,1.0681393515388776e-11,1.4505208634324159e-11,1.1750212366142964e-12,-4.610641786700881e-12,-2.1931912429259576e-11,-4.4547630302554905e-11,7.264628697388183e-13,3.109316393648768e-11
1.0248264800122806e-10,2.4087400990641663e-11,-1.1637975191119873e-11,-4.831340186450233e-11,-6.421709162341153e-11,-1.7875329209038485e-11,-1.6578184653750747e-11,-2.9049822177398505e-11,-1.4872286783584373e-11,-1.837142723336187e-11,-1.3350342971532134e-11,3.5246064681744306e-11,-2.0186273654436934e-12,2.561650675409845e-11,-1.6657767800134644e-11,1.1670690960910464e-11,5.3298042822629045e-11,-1.1456342234923238e-11,-2.0829215923245585e-11,1.0261994492981573e-11,-3.4406027624254915e-11,2.051743434963347e-11,5.6710507737878665e-11,2.926007877891104e-11,3.9772405894967656e-12,-1.699684601411751e-11,-1.4468084492039896e-11,-1.3212256489011472e-11,6.122569504674232e-11,3.3288067626223157e-12,-1.0587048029988208e-11,-1.5107357511296269e-12,1.9233364086035357e-11,6.19340007423552e-11,-4.8457176179459656e-11,-1.3947010015302496e-11,1.5243950061838552e-11,1.7777181759968252e-11,-1.6422708139320763e-11,-2.8155322324276304e-11,1.579545411758757e-12,5.761224908529109e-12,5.794780891025644e-11,-5.5917097780331336e-11,-1.643789927228329e-11,5.673474515277966e-11,7.874323073710303e-11,-2.3407066791933864e-11
4.172406878908241e-11,1.268620202801843e-11,-9.541814427006113e-11,-3.9964989128319974e-11,-6.169846383823228e-11,5.253870666010506e-11,-3.1164135728369036e-11,7.804955400594566e-11,-3.968280779498716e-11,6.566283546240178e-11,-2.355655190423517e-11,4.791068787337044e-11,2.4628589912532872e-11,3.4235941348691724e-11,1.3532896937857156e-11,2.8052085923245224e-11,9.939963010654047e-12,-2.1305863435453725e-11,-3.128254244759772e-11,-1.636785489408812e-11,5.489104378319339e-11,-7.162412011063855e-11,2.053716802825793e-11,5.560797321123114e-12,-5.491553861112819e-11,-2.2022163579987454e-12,-2.626135890417254e-11,3.113941512748994e-12,-4.089754400124508e-12,-4.6326468489720966e-11,6.243074760714118e-11,5.426374781273239e-11,6.443839238106725e-11,-1.852067208942258e-11,-9.735156873948379e-12,4.503730152290159e-11,-1.536136933719944e-11,-3.896386508825276e-11,-2.625694878614409e-11,3.690680489372726e-11,2.3163909001121193e-11,7.8721159780666e-12,-1.8528430032637133e-11,2.92434556417725e-11,5.616988210455628e-11,-4.6177019200863894e-11,-2.9067197259412503e-11,-3.9021646780981514e-11
3.6545287254761456e-11,1.9503565747155684e-11,2.3238074903972426e-12,3.3191524000122285e-11,1.31310352536772e-11,1.0833961527310149e-11,3.1117656911697445e-11,-1.8606458645608258e-12,6.0983355594179835e-12,-3.7095908293370244e-11,1.7428752431978213e-11,4.850032877123455e-11,-1.3766524350101323e-11,1.5823331551265213e-12,6.86648182467715e-12,-1.6916362903452644e-11,-2.048275315614852e-11,4.029752447638961e-12,8.566551261885284e-12,-1.0373120241754687e-11,7.378238965861172e-13,1.1579892770671248e-11,-2.5996195313048766e-11,-2.4174621414986646e-11,-1.2862409297322447e-11,-1.3785544997094801e-11,-2.9477794850829745e-12,-1.0302493779791174e-11,1.4131600403407414e-11,1.977054634200048e-11,1.2854063830488024e-11,1.0618672598210767e-11,-1.9939123849501373e-11,1.1089059948379662e-11,-5.361755279923083e-12,1.3002987014003942e-11,-1.954351759166739e-11,9.708410792342558e-12,1.4004219367475644e-11,1.834808884161637e-11,6.207864754576312e-12,-2.8962667375120547e-11,2.4149540814019902e-11,3.4052495498669975e-11,-2.8939586125032087e-11,2.8107391234449426e-11,-5.526509095773275e-12,-6.724283828547312e-11
-5.575842697977223e-11,5.084688169377367e-11,-1.1163563981731814e-10,7.71699915919871e-12,6.029478657742227e-12,-3.5575393502183655e-11,-5.062932286077823e-11,4.289545907003878e-11,2.425602513215464e-11,-5.0512538426532936e-11,4.570637481112427e-11,7.956196966453533e-12,6.593908547014357e-11,1.984669508964081e-11,-2.771353728801542e-11,1.9477752463639045e-11,-7.459185120175501e-11,3.744301047612665e-11,-1.4824905142157933e-11,1.306019993971462e-11,2.86729860296734e-11,5.159538589356382e-12,-1.507856589341166e-11,-5.5978425577731e-11,-4.151110908338439e-11,1.892175501035638e-11,-1.2958801203376483e-11,-3.3584437772627525e-11,1.0496811195938464e-11,-2.7116942246141277e-11,-5.4347437198281236e-12,-2.674107566134544e-11,2.018926873304555e-12,4.6923530638374336e-12,-4.774906608363033e-11,8.121257472563236e-12,-1.639028809816955e-11,-1.8398743195201255e-11,1.5073756937243006e-11,-8.669728356139203e-12,8.21230390323959e-14,-7.869524812841335e-11,4.75079127120595e-11,-1.0517468152887314e-11,-2.603074598509238e-11,2.5852626739946394e-11,-6.5738320931075e-11,8.470349039253289e-11
1.314478258903484e-11,-2.9676224581122426e-11,3.191082217503641e-11,-2.0348976898748056e-11,-3.795985542185625e-11,3.2731843647670255e-11,1.3373086533409676e-11,-1.615835992534081e-11,1.6677242204284704e-11,-4.8872840717721406e-12,-9.242036226734089e-12,-5.18419625385572e-12,-2.4935948457921035e-11,-3.005567368574264e-12,3.1455167664807993e-12,6.347735859258255e-12,1.0349355150028347e-12,-1.8429021642758512e-11,-5.808910838104698e-13,3.1379114125346793e-12,-1.7871458889558956e-11,-8.633642861444074e-12,9.100087166188231e-12,-1.0934016897293452e-11,9.10323529217054e-12,3.684620540272539e-11,3.81331484258376e-12,-3.7042846793783556e-13,-1.3580317902490197e-11,1.565507789494454e-11,-6.614699658599684e-12,-1.898638209358991e-11,4.690350356287246e-12,2.5956943554399565e-11,-1.3587880612752498e-11,-4.754445341468684e-13,-2.069449862962397e-11,-1.761404056754865e-11,-3.934028236358478e-12,-2.963184302864511e-13,1.0700972446829187e-11,1.4525875516287244e-11,1.3928665281458124e-12,-3.179570991576071e-12,-2.193350203738666e-11,-4.333756793115144e-11,1.2824854049494018e-12,3.139147048164101e-11
-4.919409069809605e-11,2.8261103073247287e-11,-5.480075710251515e-13,-7.936305219638762e-12,-1.9975016354833028e-11,2.233913381675749e-11,-1.1309430656881603e-11,8.69714562024489e-12,4.737048868045147e-12,-4.227757071358018e-11,-2.052691268561313e-12,-9.045595698035731e-12,-2.095986817853304e-12,1.0848282674659605e-11,-2.1162817477602892e-11,2.363488954064742e-11,2.1184573168017018e-11,-4.329763073577902e-11,-2.231775354156686e-11,-7.87511873649663e-12,4.890258714872629e-12,2.2537999931318608e-11,-1.812717368568305e-11,-2.0913305068582113e-11,1.3864081072290396e-12,1.600848604606759e-11,1.3312370859778282e-11,4.05155527896838e-11,1.0302097737857023e-11,-3.476792067749646e-11,3.673456451612387e-11,5.6199680815128615e-12,4.174373189304794e-12,-4.381739619724232e-12,1.597415401267396e-12,-1.5972318662963087e-11,-7.591168444865582e-12,-2.1009754119137183e-11,3.2577227858761484e-11,2.7132858120156805e-11,4.081312399009586e-11,2.1996004855230238e-11,-1.2409234005352603e-11,1.0252949103153636e-11,-2.023963771210184e-11,-7.296272266228773e-11,9.980287317958602e-12,4.897542925424693e-11
-8.332246838286817e-12,-6.712041082020028e-11,-3.656691781142108e-12,-4.727506591156757e-13,2.0142238496380598e-11,1.693009140072755e-11,3.2729567025365146e-11,3.911004379148588e-11,2.782765805497182e-11,-1.682282630122764e-11,-1.0559279552461043e-11,-1.1153760790917193e-11,1.2067018033314965e-11,1.2517283263041573e-11,-1.658575126234684e-11,1.93958225483018e-11,2.0108332187245242e-11,-1.5153549419488286e-11,3.2382721425396315e-11,2.2873405087306213e-12,3.132473544495411e-12,-3.122670713107596e-11,-2.6811313465767468e-11,-1.859135102431709e-11,4.64692389156045e-12,-1.7398369079421218e-11,2.1545620855151606e-11,-2.875371879808179e-11,3.3672973660296513e-12,-9.443069076179235e-12,-4.873553570346713e-12,7.260374690675491e-12,-9.062612566952242e-12,-8.038258615897306e-12,9.434635322000187e-12,7.424041813999606e-12,1.1996394140320638e-11,-4.475227559774478e-12,-1.7051862400532398e-11,-2.2167383483642152e-11,-5.496650464130822e-11,-2.3878755795782608e-11,7.91932799686758e-12,1.614724793791357e-11,1.7851793862043587e-11,1.91303614980722e-11,-2.393920475522496e-11,1.4303764218781922e-10
5.963204955349085e-11,9.470618468706512e-11,4.072507948482533e-11,3.020632820307658e-11,3.9335656497203994e-11,4.9435777369925314e-11,-6.536682615263281e-11,-8.958074695945003e-12,-4.3715905621554395e-11,-3.171333890162237e-11,1.4488188663588402e-11,1.6942586713073414e-11,-4.28334370298409e-13,2.5441808811079598e-11,1.3386227701475228e-11,1.6245952143576807e-12,1.3470234218028344e-11,-4.512420805282697e-11,-6.498843986348218e-12,2.0084537972389037e-11,-8.260680379137144e-13,-7.673001981963182e-12,-1.1402502538685774e-11,2.1175634917072648e-11,4.0869313057156466e-12,2.3875007994227614e-11,3.469212839891147e-12,-1.6666991916957226e-11,-1.234738165218238e-11,-4.965012637809269e-12,-1.71078633068962e-11,-1.1145051646296862e-12,4.383668350345949e-11,-1.1253744044943656e-11,-1.5572572140075314e-11,-2.630327443783161e-11,1.788775606454783e-11,-1.3094322927104593e-11,-2.911807493553404e-11,-1.967969476149246e-11,-8.756595013401561e-12,2.5720356010539333e-11,-8.357678830680706e-12,1.539744012667497e-11,-4.4084504223948624e-11,4.576829124866755e-12,-5.340409302828883e-11,-3.947153794077157e-12
6.987009823641254e-11,-3.376631415082221e-11,-9.223541377877406e-12,2.357876608319674e-11,-7.274041771020122e-11,-2.2821090783720906e-11,-1.410207994340035e-11,3.820840869385205e-12,1.833244921514806e-11,-8.10688332945456e-11,-1.2783603572353166e-11,-3.4229465081442874e-11,5.7645799412492044e-11,1.0706120436385897e-12,-3.523366286628769e-11,4.5505734404498844e-12,-1.7669408532884565e-11,2.754032918764784e-11,2.7296556727438103e-11,-2.9049673950089206e-12,-1.796890823385231e-11,4.1008517802769155e-11,6.842477577850998e-11,1.8201495897399806e-11,-2.4580070837860858e-11,1.9551896110331617e-11,-6.823350408373838e-13,-3.467848147766203e-11,6.260618564760437e-11,6.2417460518468e-12,-7.007467525234769e-11,3.592037709213473e-11,9.071038645977664e-12,-3.254252830796831e-11,-3.061255170107195e-11,-6.937941604143125e-13,-1.1240841374987087e-11,-1.657446082289047e-11,-1.93149532291289e-11,-9.52833366932672e-12,5.022953029024175e-11,4.086218145752421e-11,4.8798928728787095e-11,-9.114891425328116e-12,-7.787229859559976e-11,-4.4324508429468736e-11,-3.311687183582731e-11,9.867521927085614e-11
-1.044535775253956e-10,-2.1569061898320036e-11,-6.082257121588475e-12,2.7846533458151067e-11,4.471789950278514e-11,-1.2641699847528071e-11,-1.6262935118075413e-12,-1.8053916805395965e-11,-7.073158868978743e-11,6.317129143687392e-11,-9.648334183973992e-11,-2.592393614179157e-12,-2.4995348862621842e-11,2.115234599298764e-11,2.2674130872392512e-11,-1.0092901046771739e-11,-3.983735159844078e-11,8.81635332697919e-11,-1.7902238905010625e-11,-5.082585552939233e-11,-2.375076250522152e-11,-3.15613249968841e-11,-1.2171753515208491e-12,9.09065224805411e-12,1.933076260048186e-12,-6.030187801376081e-12,6.679532889117435e-11,6.911050572906554e-11,-8.903853447654792e-12,-4.7789890183173e-11,3.4908815779009465e-11,3.00425294178558e-11,-4.366095695458361e-11,-2.4821676573478744e-11,-2.9409156616626144e-12,-1.9676574365305008e-11,-1.0672198796296405e-11,6.819375428981757e-11,3.2195513606355885e-12,8.214197921208284e-12,-2.92969410565331e-11,-1.30281648947643e-11,-1.051689869347021e-11,-5.4880243885968307e-11,-9.265046183916951e-11,-6.889458732638651e-11,-4.814876455510799e-11,-2.6936678961867712e-11
-6.608933128751242e-11,4.144043187977587e-11,-1.9045368597971127e-12,-6.862102284999428e-12,-1.5514813395875464e-11,2.3166989752290662e-11,-1.371112157350172e-11,7.605048755347779e-12,2.8442170732660894e-12,-5.4091726036821336e-11,-1.160029114310637e-11,-6.12329150181157e-12,-2.149441967978125e-12,1.0043149540516606e-11,-2.503294990327912e-11,2.1536854735416828e-11,1.725918024918366e-11,-3.6200540036842214e-11,-2.6228463811129067e-11,-1.0192122318851898e-11,-1.0507385815352174e-12,2.476215856368629e-11,-1.5350062257585032e-11,-2.261240569551668e-11,7.817040571992498e-12,1.7760012192050202e-11,1.1430424175093474e-11,4.176779098575569e-11,9.304997316234746e-12,-3.766593019721829e-11,3.637184125681958e-11,6.016988309442798e-12,6.279534235888251e-12,-4.011397480712398e-12,2.0796955746012904e-12,-1.887793608060886e-11,-7.518148858202353e-12,-2.192346307597434e-11,3.274844409238168e-11,2.783442969484058e-11,4.145401863463511e-11,2.117909069753205e-11,-1.2263333817401311e-11,1.0298327489766902e-11,-1.9789631109518827e-11,-7.234127798551297e-11,9.10245465737911e-12,4.790364306414982e-11
1.5486393214656514e-11,-5.435120549769837e-11,5.412206594971339e-12,3.2786219501192755e-12,2.2932591063050574e-11,1.6597612979100944e-11,3.077403163883563e-11,4.892678606683006e-11,3.226261333060959e-11,-1.4707695871099383e-11,-1.1073494309665376e-11,-1.4747229030837294e-11,1.5011931957023998e-11,1.615753826961951e-11,-1.8088441115646138e-11,2.002395516449715e-11,2.0782959541528985e-11,-1.4101117164684012e-11,3.131607355247546e-11,3.835839426461905e-12,4.854515230629745e-12,-3.175349949859092e-11,-2.693828648439773e-11,-1.8329793541811757e-11,4.647074501664508e-12,-1.7256649461651456e-11,2.207178599923321e-11,-2.8287627401975537e-11,3.552367381945668e-12,-9.093428836606624e-12,-4.420609245265468e-12,7.594290904503343e-12,-8.278145878383302e-12,-7.832733622406022e-12,9.796783213906175e-12,7.724789000829793e-12,1.2236807787148488e-11,-4.18883978438673e-12,-1.673465921084673e-11,-2.2033373529264244e-11,-5.485785289429464e-11,-2.369121043833714e-11,8.293589489048914e-12,1.663656267511982e-11,1.8328085375917208e-11,2.0070599149976215e-11,-2.3193663863209134e-11,1.4385604249432614e-10
5.0251136663743505e-11,7.840502840891183e-11,5.906336898869977e-11,3.0468334212796e-11,4.069880090166075e-11,4.3833501403379625e-11,-6.236454032378162e-11,-2.508164889223784e-12,-4.320672027393581e-11,-2.20976827774923e-11,1.851945743990515e-11,1.8783085066102904e-11,-1.2555781474924362e-12,2.320519267076807e-11,1.3524795874692172e-11,6.90717731105549e-12,1.3076812335243524e-11,-4.325799130194512e-11,-3.398751057442632e-12,2.5965513432001295e-11,7.862887272526168e-13,-7.757795660363088e-12,-1.0568306362783114e-11,2.2419216578988797e-11,4.073829327779236e-12,2.5614917671608477e-11,4.3885055372751225e-12,-1.465002907989272e-11,-1.0582713912875868e-11,-3.952392844921214e-12,-1.6769073772391657e-11,-1.4645618095036398e-14,4.451724454022941e-11,-1.024982997881834e-11,-1.3959037743389195e-11,-2.4940213283395206e-11,1.9974866513617966e-11,-1.2516831050538429e-11,-2.8551755327536894e-11,-1.8427312453064862e-11,-7.681303648619766e-12,2.7195822289832744e-11,-6.829868816265689e-12,1.8013359101865694e-11,-4.0524297933517167e-11,9.10329889974313e-12,-4.7320551946439855e-11,9.930830816470867e-12
9.959093944152973e-11,-2.7164354090685758e-11,-1.1348863974916756e-11,3.198125087722854e-11,-8.327915100702026e-11,-1.931187162133916e-11,-1.5735847999059295e-11,-1.0042796297348503e-12,2.0529602772590778e-11,-7.926245150575219e-11,-1.1944045372879315e-11,-3.396258911644521e-11,5.993968912046809e-11,4.950218888861767e-12,-3.1910814993016536e-11,7.364773264787119e-12,-1.8830016662806048e-11,2.8678204728810848e-11,2.8286956904256763e-11,1.3903296786428578e-12,-1.8279707313999663e-11,4.088424545521565e-11,6.736527245451995e-11,1.979275127466487e-11,-2.5029484870813013e-11,2.1774634698873738e-11,-2.1073306780731412e-12,-3.576036745173057e-11,6.241255988044147e-11,6.4143631495673025e-12,-6.813438655528324e-11,3.704611723693593e-11,9.209599040454771e-12,-3.1822221812522e-11,-3.0011570081657464e-11,-1.1806974288146227e-13,-1.134339179639618e-11,-1.596489939702746e-11,-1.8505196457213936e-11,-9.214286042972017e-12,5.1096154255839176e-11,4.143415806163007e-11,5.006993134893843e-11,-8.168148891654181e-12,-7.563345706489276e-11,-4.3089221303019555e-11,-2.956457665802956e-11,1.0922740501221592e-10
-1.0832863423152959e-10,-3.751748957486428e-12,5.7678452688539745e-12,1.4157450909676404e-11,4.444970887722813e-11,-2.3551795436344375e-11,-2.390667075644484e-12,-2.5172134553944477e-11,-6.871539863584279e-11,5.4445525871075616e-11,-1.0154730134499182e-10,-5.089889604995452e-12,-2.3343253497232016e-11,2.2566825041132844e-11,1.958098097281188e-11,-1.074048335656477e-11,-4.3868191709341124e-11,8.843886162436367e-11,-2.155885554456257e-11,-4.892419293943642e-11,-2.0547817706016837e-11,-3.2702932217240525e-11,-6.265498947994753e-12,7.760101578399107e-12,4.890332339684913e-13,-8.037329805491189e-12,6.251874023725171e-11,6.61313787163789e-11,-9.762118749865013e-12,-4.9079439676857396e-11,3.347275725510457e-11,2.7810876148695968e-11,-4.482210136949434e-11,-2.6050035090119458e-11,-5.581007544472889e-12,-2.1531409735992084e-11,-1.2289097434475157e-11,6.646761483789664e-11,1.5842652347063e-12,6.295279466655797e-12,-3.172583225598843e-11,-1.5614085699574966e-11,-1.2998226737065867e-11,-5.913859652437925e-11,-9.749132505173248e-11,-7.583004551843027e-11,-5.832099041412403e-11,-4.9562304820423335e-11
-8.86911918432862e-11,3.1405695762295804e-11,1.6317396989890074e-11,-6.973534814616655e-11,4.54745048501811e-11,1.9690741105678566e-11,-9.095900191945117e-12,7.19433112290296e-12,3.6409743058139896e-11,8.360072899364088e-11,3.6461433885036684e-11,-8.487984853659497e-13,-1.9844631167855006e-11,-6.371307534842668e-11,-9.113457257995387e-12,6.069289003330024e-11,2.523798929345747e-11,-4.751845979880039e-11,-8.724599550358739e-12,3.1406722395106625e-11,-2.330674182870275e-11,1.3325282566263166e-11,-4.013103044628364e-11,-5.483524155759018e-11,2.53845746945995e-12,-3.597141558324378e-11,-2.198562909964308e-12,-3.4759143399572255e-13,9.414646012645764e-12,1.4134047966880468e-11,2.1414243114282615e-11,1.2900856229637788e-11,3.8995030309840165e-11,-4.902586201957115e-11,-3.2990930314741675e-11,2.4207421581043373e-11,9.991131978283992e-12,-2.152669994893047e-11,-5.323017573512746e-11,-1.0090377423207525e-12,1.7235610434128486e-11,8.530062637918514e-12,-1.357687748398264e-11,3.308824665629445e-12,-1.4843318678044123e-11,-7.501300615442655e-11,1.17550655782287e-12,-1.2025283662696264e-10
1.610066073923726e-11,-1.0065021898821456e-11,-2.914207547306379e-11,6.851205986472643e-11,-1.806436229155774e-11,5.145297574203764e-12,2.7575605683002963e-11,1.8459363308667232e-11,-8.335061946145307e-12,-1.353996191536345e-11,-7.115975393421752e-12,-3.3217905182126535e-12,-3.7683115157098395e-11,9.547472422432817e-12,1.9469258962347503e-12,-1.3516015152062238e-11,1.972378935615268e-11,3.31819974811337e-11,1.8090363959422926e-11,-3.599230372374717e-11,-1.8464623275695143e-11,3.193435332059376e-11,-2.0455596060600053e-11,6.053384197549519e-12,3.822701866899584e-12,-2.8056771085937227e-11,4.829212565926316e-12,3.371848379451858e-12,1.6264234066643653e-11,1.4559950825551842e-11,-9.31564191118926e-13,-2.4750499097576573e-11,-1.8450143246470202e-11,1.680295991523801e-11,4.125329464761377e-13,1.1985986533196516e-11,-2.2197377992963653e-11,1.0106376902455004e-11,-1.4265241523791048e-11,7.791379330133952e-12,2.219739164895261e-11,-9.085109818221652e-12,1.9861793870736406e-11,-1.7847279958445646e-12,1.8609465231381105e-11,1.259208357605289e-11,2.5519393700042466e-11,3.7848188752076876e-11
-2.239458235907689e-11,-6.393123133522359e-11,6.540932013040017e-11,8.439333513839953e-11,2.498278878742082e-11,7.116639792797926e-11,1.5105535062060073e-11,8.811492982597956e-11,3.9746378535851305e-11,-5.8440662410122e-11,6.271889790859952e-11,-2.236689105684292e-11,-1.8894107056645262e-11,5.878554721783452e-11,2.1120850160698468e-11,4.232761865103064e-12,-3.531683642182164e-11,5.325701046344398e-11,-1.457961711477669e-11,-1.4474735669811607e-11,-5.138692632293234e-11,1.5559790636459987e-11,-1.8052242632061175e-11,-2.823175571514658e-11,2.9917426326163706e-11,2.2168508660216935e-12,4.0576786341960455e-11,-6.572798569879447e-11,6.3671971760413e-11,-1.642376850239326e-11,-1.811517393074571e-11,-3.8284940185148316e-12,4.349157835612665e-12,1.3941858348793333e-11,4.9678849087697654e-11,-8.738116142501728e-11,-2.0395575304583043e-11,2.9811074716919684e-11,6.014511564424296e-11,2.8232954893150927e-11,1.8933678624423616e-11,-1.2165936018963644e-11,-6.428037566026084e-11,-7.116960367493559e-11,-4.7696201559628635e-11,-1.1838654388426879e-10,8.267152249859009e-11,6.399501842217434e-12
-4.605714280830108e-12,-6.881423147374376e-11,-5.138206451010415e-12,-3.4930072175501837e-11,7.072770023354539e-12,-4.049311194806538e-11,1.2351077601248432e-11,-3.767419834969483e-12,-4.307056225075974e-11,6.408024867835045e-12,3.4989463651214606e-12,-1.0605481675723232e-11,-4.349461571183437e-11,2.660348894357296e-13,-1.1355031448264542e-11,1.840011469725993e-11,-4.9365669442208236e-12,-4.321186089450773e-12,3.1766491129137205e-12,3.0990450613621464e-11,-2.8686564507061432e-12,-1.5269523082051346e-11,-1.3300461609407451e-11,3.0447259880970543e-13,3.7634498745072043e-11,3.7234462323937855e-12,2.829947745091602e-11,-7.86499571997064e-13,-8.94629713576562e-12,-4.617298802556612e-12,1.5417913534594747e-12,-1.6317475936344434e-11,-2.664835965042253e-11,1.7876134802854486e-11,-2.1296041412891903e-11,2.0916333545088375e-11,1.2772295543283691e-11,-2.936203336299696e-11,9.020262801687594e-12,2.3643285346405978e-11,3.805719918063613e-11,-6.699056359052094e-12,1.0646262585173717e-13,-2.604317974371999e-11,1.1119561563177784e-11,3.815183008655212e-11,-3.264159264947971e-11,-3.1703847373132174e-11
5.655205232921624e-11,-2.873850340838843e-11,1.001159142395119e-11,4.0468123316554304e-11,2.4563931098964824e-11,3.103267462833165e-11,-4.339896939545992e-11,2.8861614292405395e-11,-6.12077583335894e-12,1.3246427992729274e-11,-7.558665377490709e-12,2.1914164795760278e-11,1.0475626593165806e-11,4.585859859212586e-13,-4.9107786391424225e-11,8.784218196266141e-13,1.466599779627355e-11,4.050448273461594e-12,5.034818853101281e-11,6.6056545710807545e-12,-2.18590546190307e-11,-1.0253955671706293e-11,-3.3293434106318216e-11,9.725974636609921e-12,-2.498484479048259e-11,-8.18525986582273e-12,1.6119296096776354e-11,-1.6325943354084731e-12,2.7349864718481137e-12,-8.12822568452354e-12,-3.2086363409571047e-12,2.5994957756497267e-11,1.0318184402668028e-11,-1.40605655705105e-12,-2.3308365713151075e-11,-1.3393388833030204e-11,3.579003602688832e-12,-5.4683610708706035e-12,-1.8236245211502244e-11,-2.4177569876089737e-11,-5.428631322435145e-11,1.6897719915765162e-12,-1.8001919493440168e-12,3.3743338397171365e-11,2.7267781294719388e-11,-6.28754712724964e-11,2.6946806552722224e-11,1.162745092639862e-11
-7.082319970667942e-11,1.1588771533308336e-11,7.324058730756222e-12,-6.463267803855544e-11,6.069887444028419e-11,1.5518073637954127e-11,-1.46512857738312e-11,3.936875774423995e-12,4.201922609139195e-11,8.441197318791628e-11,3.463095116485019e-11,3.0177573907510314e-12,-2.276088895244997e-11,-6.498591923971857e-11,-6.075159295626164e-12,6.136484932607156e-11,2.5844311588684252e-11,-4.833939482480482e-11,-1.0237660612967265e-11,3.264563960931929e-11,-2.0907105893716525e-11,1.2567012040040034e-11,-4.175489510736839e-11,-5.4281333815433e-11,2.475729040996287e-12,-3.549808009071212e-11,-1.3486985653958649e-12,1.4439824007967909e-12,1.1131152328759822e-11,1.466369786894811e-11,2.0916001667066524e-11,1.21008568681536e-11,3.900368596065151e-11,-4.9282154863390476e-11,-3.275195110587178e-11,2.50373985674495e-11,1.1386093827227932e-11,-2.1339956875077968e-11,-5.3001594558623554e-11,2.3052170740606032e-14,1.7771052495375705e-11,9.086153558372126e-12,-1.3119944722430391e-11,4.047314654107095e-12,-1.3315137579538536e-11,-7.322414001228846e-11,3.0045483172081565e-12,-1.1419955687671303e-10
3.545151541658727e-11,1.5995819797553172e-12,-3.734876046339786e-11,7.111336532051237e-11,-1.6902403987690637e-11,3.438160343951495e-12,2.638425246194065e-11,1.6993921050224513e-11,-9.78136208561843e-12,-1.5460279716258436e-11,-1.1829992907472265e-11,-3.802034012549771e-12,-3.3630277480622286e-11,6.692882344275602e-12,5.5557016268301104e-12,-2.1062584186218733e-11,1.9687145811277363e-11,3.549120002024258e-11,1.5883790491286064e-11,-3.729017513994499e-11,-1.7465292353454455e-11,3.0279956052842144e-11,-1.958429549236939e-11,6.380435395877061e-12,4.275071710011701e-12,-2.7922323136074586e-11,6.611778814584121e-12,4.161318616125579e-12,1.741876957607513e-11,1.3354084332343487e-11,-3.383460174137317e-13,-2.424849822068019e-11,-1.7523014649395543e-11,1.7781757174723088e-11,-4.3926840856276033e-14,1.1251772661824077e-11,-2.229488925336075e-11,8.31658039079454e-12,-1.4357015349613718e-11,8.895711336148522e-12,2.2497873476384666e-11,-8.812141491667036e-12,1.9383227340420336e-11,-7.14448660478318e-13,1.946238116452146e-11,1.2960466432861804e-11,2.7405181184665525e-11,4.1393542773083674e-11
-9.910368064676525e-12,-1.278759241319837e-10,7.529496689743515e-11,8.965588209394397e-11,1.617155372830023e-11,5.949437289958657e-11,1.2167025862181626e-11,9.424178201022946e-11,4.0142741039039586e-11,-6.329714476263916e-11,6.222112164358994e-11,-2.2042461690492804e-11,-1.382294807773043e-11,4.705083142480568e-11,1.7329006708629098e-11,7.938353494962963e-12,-3.982163879218366e-11,5.17677400268502e-11,-1.3058291695544488e-11,-9.093091198766264e-12,-6.127367426546449e-11,1.4277932486998694e-11,-1.3160486945155805e-11,-2.8853928776475978e-11,2.6630243892280807e-11,5.963693179946218e-12,4.5282983198692015e-11,-6.497140533582909e-11,5.7385471634299786e-11,-2.0861021304425463e-11,-1.4448777616657763e-11,-8.763161600429703e-12,4.063018450134468e-12,1.311710230931124e-11,4.9133249105720136e-11,-8.923551944657553e-11,-2.0842241347784922e-11,2.9335290048759693e-11,5.994501541050867e-11,2.853223955918611e-11,1.9664501968680872e-11,-1.274260835834114e-11,-6.243720833965819e-11,-7.035590263625678e-11,-4.7125709289979e-11,-1.192004535069364e-10,8.288953936798888e-11,7.127805765802307e-12
-2.3936859319560624e-11,-7.857101579397951e-11,-2.2787526171854176e-12,-2.5897116754110193e-11,1.5475645242742504e-11,-4.3530935548062817e-11,1.0652472089865014e-11,-7.564190660260775e-12,-4.295337834481203e-11,6.475842165718866e-12,7.950605710560918e-12,-1.384349549903015e-11,-4.659235887067827e-11,1.2009981828923774e-12,-1.9249540373360695e-11,1.6038245301082142e-11,-6.153493157912918e-12,-1.0315037230133354e-11,2.033747326462349e-12,3.0788188299200655e-11,-4.609000068856786e-12,-1.1784049196373023e-11,-1.4441454911676711e-11,-1.5308921705719836e-12,3.8336231220310543e-11,3.3208832703740427e-12,3.0799085671535686e-11,-1.4426103817092844e-12,-8.89548233284811e-12,-4.722561739060565e-12,1.582118181595807e-12,-1.589616467609793e-11,-2.543439542765571e-11,1.6616603149006393e-11,-2.0649036560039335e-11,2.0830127489060068e-11,1.3552635903561167e-11,-2.8692921996674925e-11,9.771981186862983e-12,2.355745665080519e-11,3.876119899522924e-11,-7.60939228077727e-12,-6.829579791943679e-13,-2.5619665504527833e-11,1.0692403056720744e-11,3.7851216360402665e-11,-3.463732309439477e-11,-3.538987453365636e-11
4.355120234329645e-11,-3.097793429700093e-11,2.6610864491026656e-12,4.293993121753927e-11,2.7017327553460366e-11,3.58679282333511e-11,-4.30363054899555e-11,2.6298593807389684e-11,-4.49109540829507e-13,1.2702235645526063e-11,-1.0285619702516045e-11,1.9913098459618788e-11,1.1600060487247917e-11,1.2552530726390594e-12,-4.575886896585293e-11,9.77551294899681e-14,1.4786440244088495e-11,1.9655566048745366e-12,5.2765678919228724e-11,6.944687450279041e-12,-2.324634005384395e-11,-1.1584713630710714e-11,-3.251437341814961e-11,9.597588209032224e-12,-2.5594393759804714e-11,-7.523607413760377e-12,1.5960064585556264e-11,-1.124349629936904e-12,2.8561974481868084e-12,-7.7778623525836e-12,-2.780562707098351e-12,2.6109988542515107e-11,1.0310183071957227e-11,-1.3184076969328948e-12,-2.3462997493606334e-11,-1.3759495150253428e-11,3.5992452004272122e-12,-5.191925603002885e-12,-1.8346965410704667e-11,-2.424864807529508e-11,-5.4123595233139205e-11,1.5504494854250835e-12,-1.5517074774262066e-12,3.378565853946709e-11,2.7147647589487682e-11,-6.280395784049482e-11,2.777649579438739e-11,1.2504212731670197e-11
-6.866635509138485e-11,1.9118576084571408e-11,7.338612274615646e-11,-4.3795500275518514e-11,3.4269898988966122e-12,7.548696359171289e-12,4.872421144820324e-11,6.567518538985953e-12,1.1906118874517956e-11,-5.116013254070084e-11,-4.608789294510443e-11,-1.0140128377162579e-11,-2.6092548775128535e-11,-6.256531956178534e-11,2.0034326979687987e-11,3.5624447279363104e-11,-2.817810703563349e-11,4.8130471724027616e-11,2.247607896546594e-12,4.376803731303052e-12,-3.369258690906398e-11,2.1334755111590743e-11,-5.732637487577762e-13,-2.9465008053088507e-11,-5.121015647167813e-11,3.3087955698978036e-11,2.3291823241793053e-12,4.456913500002529e-11,-2.1325350781594844e-11,2.581562447058095e-11,2.2369853530373063e-11,-4.045668123772632e-12,-9.894812338507878e-13,9.757774545287093e-13,3.4240277336828205e-11,-2.182973031279507e-11,-1.755476946146826e-11,-3.441623667627131e-11,9.00763271154641e-12,-6.064477371623463e-12,-9.809336654741336e-12,-4.112694927884301e-11,9.982269201005888e-12,1.4601550839923588e-11,5.26857521628259e-11,-6.566884257139935e-11,-3.215303122006933e-11,-2.418281325943364e-11
-2.646071392168617e-11,5.812435696135867e-11,-2.8355813862034326e-11,-1.3799090698440193e-11,4.1025005713713435e-11,-3.270140651952504e-11,2.0404814836581448e-11,3.693154213976003e-11,-2.1374689405878096e-11,1.8470679338379865e-11,-2.7110582833661996e-11,-2.0420478003186035e-11,2.7732602281606683e-11,1.2772492347210901e-11,-6.011592743278996e-12,-1.6415880334438405e-11,8.103985294392962e-12,8.287811488903742e-12,-2.8554246979920343e-11,-1.521849787471608e-11,-3.1514023808698534e-11,1.791563574548091e-11,-5.843434130454922e-12,-1.3697672156396057e-11,2.449740601875366e-12,-1.1065569389571002e-11,-2.8158443072605015e-11,3.2605556961189233e-11,-5.524756891352765e-15,1.0137380079571165e-11,3.7988011711284944e-12,1.941249044332266e-12,-1.9328499322132764e-11,1.2838343712232658e-11,-1.9316308615395543e-11,-1.811842111515684e-11,-2.2816373990436586e-11,1.3228403241015287e-11,2.5018509824695807e-11,-5.165342258106749e-11,-3.761197502516576e-11,-3.856591977130131e-11,-6.854394599333595e-11,2.5852411103046253e-11,-1.4267064391454493e-12,1.9516617523726038e-11,-2.691418235762202e-11,2.3848612385746806e-11
-6.872199868520596e-11,1.3399042919060075e-11,3.091971173682256e-11,-4.8316343955088174e-11,-7.488397946035528e-11,1.255751284106447e-10,-2.1878492328658666e-11,-1.4633143816066165e-11,1.6784937746117235e-11,-2.2367079010772066e-11,-1.6346226620428818e-11,-2.7866024325498562e-11,-2.35957394288629e-11,-4.0956813178440186e-11,-1.1211318275589618e-11,-2.079293218851696e-11,-7.103659654128883e-12,-3.8232739135190074e-11,-1.511591224681855e-11,6.209555854424776e-12,-4.14806560791483e-12,8.649893374358282e-12,1.3074610352592404e-12,2.4685489621369382e-11,-2.369303346226264e-11,-8.923779496146952e-13,2.0338275885251364e-11,-9.774185105071667e-12,8.458092031373369e-12,6.6551286744935225e-12,-1.96354075578332e-11,-3.848586661503565e-11,4.853188969580464e-11,1.3665773023660875e-11,-1.3872316393323143e-11,-4.8503407437474535e-11,-1.817687436564714e-12,1.2419907352168902e-11,-3.138809411000279e-11,7.409891159644733e-13,-5.385121817051499e-11,1.830908244561546e-11,-1.9468381046080566e-11,-4.074011842388442e-11,3.2986377112035e-11,-2.948438765049907e-11,-1.282634812520789e-10,1.4814986672864465e-10
-6.063042591447243e-12,-2.1414235290288214e-11,2.663622023418615e-11,-1.8297248047850507e-11,-2.0415789605964064e-11,-1.5366849509915163e-11,7.500590901806273e-12,-1.735911512819043e-11,1.5892790911348412e-11,-3.765579804931141e-11,-1.0238460101181265e-11,1.0119359397406094e-11,4.422531122497619e-12,1.3916279036162987e-11,5.792859458645015e-12,1.080229545860944e-11,1.2587925670768268e-11,-7.582222150770022e-12,1.1730632660981908e-11,-5.494085728417427e-12,2.5501650057915976e-11,-5.599328098099919e-11,-1.46691473927813e-11,-2.7384152037410766e-12,1.5861800960122304e-11,-1.2168011396053797e-11,9.435889485197156e-12,-1.7565922031761052e-11,-6.836144392110796e-12,2.9278882985838115e-11,-1.0858747575932317e-12,-1.3647536643167809e-11,-1.287597244332247e-11,4.494162616470797e-12,1.4530008881547729e-11,7.887854654801668e-12,1.6396277209617376e-11,5.3020786477293836e-12,4.367965267326514e-12,1.5020036947372653e-12,1.532576582036365e-11,-3.886268234939226e-11,-2.2060531231522123e-11,-8.476981881792207e-13,1.203188237466086e-12,2.2899726752962164e-12,1.3823432223413652e-11,4.831456581892621e-11
2.8978812260842946e-11,-6.638314882948851e-11,-1.37880320943043e-11,1.9283190550561683e-11,2.988910946814472e-11,-5.044022189741522e-11,3.152052015051549e-11,2.2255545452652927e-13,-2.42265489065374e-11,-5.504303541407904e-12,1.2985272774467277e-11,3.619299474637138e-12,-9.704118416783191e-12,-1.2262455137074439e-11,1.121469682510443e-11,1.5018072333680832e-11,-1.5063194366262757e-11,-1.8463458090441533e-11,8.802610300477542e-12,8.629377754959112e-12,-4.582417033293472e-11,1.4446488620089756e-11,1.171377223786597e-11,1.837967434578881e-12,-7.967726251237803e-12,-2.9341183415082518e-12,2.430529971627459e-12,1.532010748176329e-11,1.6465175294140378e-11,1.1205214945006845e-11,-1.091599214974348e-11,1.1464823354719255e-11,2.502354436133968e-11,-6.7145534327754164e-12,7.45680805871741e-12,-2.706357291144057e-11,9.689682325449249e-12,9.496910587174456e-12,2.4663256125573912e-11,-7.732692144887976e-15,-9.831793933059788e-12,4.3864246538837516e-12,4.352058362070525e-11,2.2554486452317882e-11,3.145284954384139e-11,3.511967292974705e-11,-1.6722299114450368e-13,1.985723740289035e-11
-5.8231127180511e-11,2.282312910872257e-11,6.711123562541512e-11,-4.2586891022154314e-11,-4.534755145936502e-12,9.961337422470184e-12,4.708222706596899e-11,1.0599628232567362e-11,6.458548534961312e-12,-5.1237915305440397e-11,-4.4211764004897276e-11,-7.815517984512715e-12,-2.375114210077863e-11,-6.445937412042903e-11,2.10465536315754e-11,3.417599277846769e-11,-3.09860693071052e-11,4.4660519749238744e-11,3.0416910265060502e-12,1.4706178945490515e-12,-3.324371693426012e-11,2.1121067960359834e-11,-1.4467614963253853e-12,-2.9671182036941204e-11,-5.166164116021619e-11,3.195099797481554e-11,1.2786623840899926e-12,4.358929537936592e-11,-2.191722545466024e-11,2.5508952380334315e-11,2.2060448671960312e-11,-4.11782298247735e-12,-1.3562840188993605e-12,2.2193756828135245e-13,3.3816654643603456e-11,-2.261985594311392e-11,-1.8207906371384502e-11,-3.4663652595882393e-11,8.255344573924824e-12,-6.9691198820237485e-12,-1.0583938400773867e-11,-4.202735507630405e-11,8.82665589651631e-12,1.3520852339633364e-11,5.125334657287837e-11,-6.775758214013956e-11,-3.5231992989560604e-11,-3.222801415244574e-11
-1.6814627782451012e-11,5.2185860797249913e-11,-1.2247237923670067e-11,-9.929463300330068e-12,4.7725080082026683e-11,-3.942034873964885e-11,1.6400354727630492e-11,3.645287103183066e-11,-2.7399622751314846e-11,1.8877135675402106e-11,-3.248725524992413e-11,-2.015475695808219e-11,2.539997325957337e-11,1.0307431371123593e-11,-7.368266777934342e-12,-1.7036933832881325e-11,9.111073708355494e-12,7.951354003318996e-12,-2.777085357918303e-11,-1.62058544595033e-11,-3.375608765455346e-11,1.691073796121322e-11,-6.899687834214943e-12,-1.4505865577934265e-11,1.322816050288009e-12,-1.1265149772308472e-11,-2.8106464258605987e-11,3.1367215209844805e-11,1.7223299163054863e-13,9.536265558395834e-12,3.769330116810115e-12,1.6857405763768926e-12,-1.9844613898099973e-11,1.2531496703156447e-11,-1.9579683902854164e-11,-1.8478724749687874e-11,-2.313173514612976e-11,1.298909623385968e-11,2.4466333165541905e-11,-5.2323870829788866e-11,-3.806732383816556e-11,-3.9099892945491236e-11,-6.927283756547094e-11,2.521300190052367e-11,-2.458265839065061e-12,1.8234876029486063e-11,-2.8347102784303956e-11,2.0110889123858634e-11
-5.919590104660942e-11,2.8342967565572248e-11,5.168375324400654e-11,-6.210264659597399e-11,-5.075966891631552e-11,1.1921546204113815e-10,-2.6836142204895746e-11,-9.520247741997405e-12,2.3650134770337827e-11,-9.748773171874019e-12,-1.6689162185161143e-11,-3.0528782864416114e-11,-1.960860508324265e-11,-3.77287781117476e-11,-1.5785334291598158e-11,-2.0664264208863772e-11,-8.190231223638464e-12,-4.237319453613311e-11,-1.7256359026579923e-11,5.3856109511739065e-12,-5.1106813351081864e-12,9.200614790148732e-12,7.025796832752714e-14,2.1881301165753625e-11,-2.3233732709609958e-11,-3.0112575743831584e-12,2.116475948956257e-11,-9.10404676031091e-12,8.390287745314574e-12,5.975416238520155e-12,-1.9773140030219082e-11,-3.82265692957982e-11,4.901209564529538e-11,1.462457199722236e-11,-1.2718100178937496e-11,-4.7990370345078834e-11,-1.683777022576785e-12,1.22612362243916e-11,-3.007917154622395e-11,8.763927536021054e-14,-5.30409461342423e-11,1.9562260797207504e-11,-1.9986175422109186e-11,-3.995903388118741e-11,3.344863957191426e-11,-2.906281051599831e-11,-1.269609450264693e-10,1.4926254875812e-10
-7.484528066994226e-12,-1.6187714738494233e-11,2.841837320374279e-11,-2.2621276954337678e-11,-1.402793773574837e-11,-1.4935450234253332e-11,1.1037101563958641e-11,-1.402913889267388e-11,1.4100498280273048e-11,-3.60756135117066e-11,-9.44111983028351e-12,1.049307433884137e-11,5.090186371841436e-12,1.716316104849937e-11,3.0725789875925485e-12,9.298557640797086e-12,1.2367299453550755e-11,-8.027269976678012e-12,1.0278088515580348e-11,-6.022736462991158e-12,2.4598679324291866e-11,-5.442314850719557e-11,-1.3217672396866591e-11,-2.6419548117689553e-12,1.652416100394055e-11,-1.196731908984097e-11,9.440204815895659e-12,-1.6568204255206013e-11,-6.638642377790917e-12,2.9860839659329175e-11,-6.284505616295796e-13,-1.3246567042650386e-11,-1.2599586842531265e-11,5.055590353882669e-12,1.5281546789275092e-11,8.480404202566921e-12,1.6867170520918138e-11,6.049175651425772e-12,4.853756969641821e-12,2.122720263901692e-12,1.5860282717094607e-11,-3.806232666037966e-11,-2.1226674300533325e-11,2.1543062883104183e-13,2.210443549270316e-12,4.032833573929616e-12,1.6287733305659715e-11,5.393896092913753e-11
3.182737616227737e-11,-4.557667999574046e-11,-4.515981503490202e-12,2.3307459146387037e-11,1.9363031842755302e-11,-5.2779476148654565e-11,3.3232907072148595e-11,2.506055463376271e-12,-2.5000289617284062e-11,-8.280468343229168e-12,1.672823788223226e-11,7.022657497942262e-12,-9.31781702587859e-12,-1.1096742810216174e-11,1.4902222953010673e-11,1.7369652630757406e-11,-1.2576560050124293e-11,-1.6895936339758247e-11,1.1550023746781333e-11,8.603472057580757e-12,-4.653988928713518e-11,1.641280225827943e-11,1.3125235826055752e-11,3.536017529957148e-12,-7.13660065626723e-12,-2.5068327286270538e-12,4.148845155945948e-12,1.678484638968765e-11,1.701693773004623e-11,1.1445244572686444e-11,-1.0549738453796805e-11,1.3721655045314375e-11,2.6498048779515124e-11,-5.01131687114239e-12,9.169206518934558e-12,-2.535072011839075e-11,1.056808971716979e-11,1.0419481437671777e-11,2.5172499138682775e-11,1.6426216342435396e-12,-7.797152393965855e-12,5.929888820326598e-12,4.519850614857023e-11,2.480277785695223e-11,3.40824768547192e-11,3.883770700256296e-11,4.603714772398365e-12,2.8697011489078953e-11
-2.2422300582671428e-11,3.23572908039842e-11,4.067133132219023e-11,-9.187527288576481e-12,3.828832453204226e-11,9.840905079273454e-12,-1.9370854692307998e-11,7.623979093407503e-11,3.596313060027202e-11,-2.1035357404036342e-11,-2.003488981039116e-11,-2.57502509141129e-11,-7.259855547690177e-12,5.5695033928335174e-11,-1.089343539620878e-11,3.891621063135084e-11,2.072860630952685e-12,-1.4613803962604858e-11,5.778317027755052e-11,-2.01906896637353e-11,-2.6500056813509862e-11,-2.3875419818302203e-11,-1.1509847428508125e-11,-4.610585486997253e-11,4.890329270771775e-11,4.992065338682163e-11,-2.0370890321510008e-11,-4.868800955631706e-11,1.680518231861086e-12,4.879859650595104e-12,2.8231492991179613e-11,-4.551561996351672e-11,7.949616200102144e-12,2.544858632738929e-11,-1.4209965927378202e-11,-2.4313889643913362e-11,1.1331315516961002e-11,-5.293524084131674e-12,-3.798420297987156e-11,-1.0198628593605594e-11,-6.955182271481866e-11,-3.574084068851491e-11,-4.3129348977954076e-11,-6.051224958250889e-11,-1.2985835664459276e-11,3.91352085471605e-12,1.4414849895232517e-11,-5.2793764745757394e-11
-6.54010053425809e-11,-4.954110683309728e-11,1.914311419039153e-11,-5.492315030365685e-12,-7.020422541830609e-11,2.8745022375794013e-11,2.450810441242964e-11,-6.546534475176407e-11,5.188340877843239e-11,4.117794712746678e-11,-1.7385863406375647e-11,3.1140124799051e-11,-5.497310292015905e-11,-3.5889665160458336e-11,3.1014969926407684e-11,8.368404179810381e-12,7.039678941093397e-11,-4.262497157856385e-11,-1.9717815165363363e-11,-3.1995967115582027e-12,3.005075849097726e-11,1.0629897315143803e-11,-3.943937599951505e-11,2.3009419865390238e-11,4.899177687226812e-11,-2.017695740889611e-11,-3.407905443734609e-11,-7.53576524129321e-11,1.431973286521825e-12,3.5149385374159017e-11,-6.72705912426973e-12,7.546658891221752e-12,-7.748054637386464e-11,-3.340349749217301e-12,-2.239172012469241e-11,5.951052734129268e-11,-1.1528852223506167e-11,-3.0413955901132127e-11,6.071817513576158e-11,-3.44507876771225e-11,3.150588852140122e-11,8.589466177708686e-11,9.5258955211403e-11,-1.0339019816363642e-12,-5.2328209596591184e-11,-1.344052899636566e-11,1.1545879713921914e-11,2.976538265859732e-11
-4.8443742081527675e-11,-1.9503875197605488e-11,-4.727270973530862e-11,-1.0979176556515724e-11,6.582870259210229e-11,5.7966150478616585e-11,2.4976270132276496e-11,2.898754587931809e-11,2.0271863676826695e-11,-5.837967223708608e-11,8.128567820717489e-12,-4.362672634735416e-12,1.855169616475455e-11,-6.439305811612309e-12,3.9366918243382605e-11,8.09523868967661e-11,-2.8426332940607503e-11,-3.349373362281398e-13,1.5620604579360603e-11,3.3649583449225047e-11,2.1650308095794482e-11,2.379652873818777e-12,4.182829561002708e-11,2.68771457419065e-11,-1.1135776785259528e-11,1.3567280261468562e-11,6.79376528932581e-12,8.720554387428829e-12,4.569319520526005e-11,-4.113285641567764e-11,8.110708020669012e-12,-3.2220882673332836e-12,2.5331517162889497e-11,1.6596053008485007e-12,-1.4487706242923281e-11,1.4179293419220394e-11,-1.679997005189496e-11,1.0570492960137684e-11,-2.3267799012579727e-12,4.14860757125495e-12,-2.0152622693618927e-11,2.512435817382196e-11,3.169896849682273e-11,3.725230903188676e-11,-1.0191848653904149e-10,8.972852094504127e-11,-4.0421095477306626e-11,2.512945202349253e-11
-3.839318839933494e-12,4.2628220933719684e-11,7.359042675801226e-11,-2.1930997875542663e-11,3.477522793755789e-11,3.638744486454711e-12,-3.330630928273136e-12,5.3147097418556753e-11,-4.9464513797920433e-11,9.130098992837339e-12,-1.4874873961277978e-11,3.600379820450994e-11,-2.9037632604068618e-11,2.3582032656048596e-11,2.7864222165545416e-11,1.1401699618241374e-11,-4.2694359586768354e-11,8.02612220645793e-12,-5.378891543510405e-12,-3.554677728489973e-11,1.2618012949460214e-11,1.18673501331937e-11,3.1082057817964156e-11,-1.4940558726643654e-11,1.2189409253254575e-11,2.096701859554128e-11,-7.534818265593451e-12,-2.1962156558506755e-11,-1.1592343750422014e-11,1.67133924725962e-11,-3.562917187845844e-11,-1.2538913987414501e-11,1.1022571871292625e-11,-8.655041724283744e-12,-1.5901521426475403e-11,2.3149960485693988e-11,-1.5677829028824997e-12,1.2039550468648154e-11,-1.9774704626800466e-11,-4.3597148508011585e-12,-1.3931845365875006e-11,-3.8148417046094614e-14,1.1650244529862012e-11,-3.141309760446227e-11,3.055428315778553e-11,-3.442650808098836e-12,-1.9175543725284667e-11,-1.7245447445052063e-11
2.5461061901809006e-11,-3.133112489445209e-11,-1.5286748119691054e-11,-6.28445839292521e-11,-3.874979820740997e-12,3.5959333552246076e-11,8.674564571273038e-12,-1.2093195707264045e-11,-2.0591154115227822e-12,3.5481331582569155e-11,-3.624415044783977e-11,2.6903184363892647e-11,-2.5292846196855136e-11,-4.163928248445294e-11,3.335196465764178e-11,3.760182883343568e-11,-8.988759762245823e-12,2.3865023509992473e-13,-2.090857028703073e-11,-5.368945989516733e-12,9.19265070475641e-12,2.4250249098725174e-11,4.476550171374774e-12,-1.4544444158331581e-12,9.156842063400775e-12,1.7901740038319233e-11,-1.970217685346195e-11,8.816621847978947e-12,-1.4569261863993996e-12,3.295673241885042e-11,2.512661269078679e-13,3.7101773835389555e-12,1.3796882658836625e-11,-1.1727644587210442e-11,2.9659133351644903e-11,-2.5625257444574153e-12,1.818067886789131e-11,-1.4437626258107319e-11,1.892788729151198e-11,9.60855160426763e-13,8.343207589395009e-12,-1.4553847677389944e-11,1.1673008010579016e-11,-1.9828179254316417e-11,-1.9085621588175167e-11,8.135326478393776e-12,9.661982759364932e-11,1.7172612517224582e-11
-2.9364520125012014e-11,4.674171847697345e-11,5.567350991586094e-11,1.0537170275834112e-12,5.289403672147081e-11,1.803337591235569e-11,-1.1736115896406852e-11,7.027173101651981e-11,3.886888326831432e-11,-1.5988800244678397e-11,-1.8888823986544352e-11,-2.934650447619542e-11,-2.7133118845843634e-12,5.80857108339138e-11,-8.132450423737175e-12,4.064530560159519e-11,2.990124214399541e-12,-1.0347229267535055e-11,5.944730231933405e-11,-1.94349476466139e-11,-2.6111142494470813e-11,-2.326194655857786e-11,-1.0887817831540341e-11,-4.405103588958163e-11,4.8955851159978754e-11,5.114617527321845e-11,-1.7739586548279038e-11,-4.658505061808669e-11,2.4464135473701815e-12,7.0441285846470005e-12,2.941791620456594e-11,-4.36962815223775e-11,8.040581614795974e-12,2.5394686444572918e-11,-1.361771754386926e-11,-2.3106909658180234e-11,1.1790891824307062e-11,-3.787081083032252e-12,-3.6438586707376293e-11,-9.958730318525603e-12,-6.887404102303831e-11,-3.499414297695237e-11,-4.2349107625697693e-11,-5.7588024184953696e-11,-1.1578751116691351e-11,5.6764710077850605e-12,1.7912071998247563e-11,-5.478410481915741e-11
-8.942347085584404e-11,-7.529513528332419e-11,2.3882379378778484e-11,2.677045948646728e-11,-5.6583176020512203e-11,2.3272026308895088e-11,4.343056938851681e-11,-7.223132684206855e-11,5.348081042216029e-11,5.610622156259602e-11,-2.639231840261232e-11,2.403697384613763e-11,-5.279498190252289e-11,-3.935730341949167e-11,3.5261361880083194e-11,7.074439934817839e-12,6.771463658741722e-11,-3.767757232413709e-11,-1.6461507476154927e-11,-1.0339515975379832e-11,3.009570308975414e-11,1.387859745851644e-11,-4.1499520145929465e-11,2.2052429415762742e-11,4.947693384470369e-11,-1.896698799149219e-11,-3.479978180797711e-11,-7.557061712909873e-11,-2.5892868839493656e-13,3.815883096190443e-11,-6.957597866329305e-12,6.718986038439347e-12,-7.736864725652789e-11,-2.5718619392136987e-12,-2.2428171597900788e-11,5.888152723330446e-11,-1.1189709308033894e-11,-3.0838412010659464e-11,6.082617419898657e-11,-3.4809784400808826e-11,3.293505187480723e-11,8.626518165886792e-11,9.411303814929612e-11,-2.2435214584032856e-12,-5.3490163420408476e-11,-1.6142206930702352e-11,6.9364762580373535e-12,1.752540988628774e-11
-4.206492334822455e-11,-1.8259479335073877e-11,-4.146928174687054e-11,-1.8670900683156446e-11,6.62088701323315e-11,4.811453455473507e-11,1.8749141056009367e-11,1.0857453174434284e-11,1.947845038094854e-11,-5.695151363820554e-11,1.3550993762190732e-11,-4.574336552758995e-12,1.961490004204244e-11,-8.833371378391651e-13,3.760013038524365e-11,8.1693306806444e-11,-2.965603762659015e-11,1.0967223155549657e-12,1.5684784391357653e-11,3.605817363674177e-11,2.158104140476515e-11,4.679766168832774e-12,4.206556445752994e-11,2.9783480832140205e-11,-1.3103046513509864e-11,1.4255697939206811e-11,6.066373303459818e-12,9.036369047676839e-12,4.648896542198976e-11,-3.9104964742019017e-11,7.458851227486013e-12,-3.270732718364066e-12,2.484489932575697e-11,2.056058055221749e-12,-1.507888794233964e-11,1.3050113386956393e-11,-1.6501865922721348e-11,1.0167869967436447e-11,-2.5789165607517026e-12,3.969393943522263e-12,-2.044515056097935e-11,2.5140366874748355e-11,3.1534097707638344e-11,3.8006973998146377e-11,-1.0185630868614196e-10,8.951946742957813e-11,-4.0343850538189096e-11,2.4417528734611896e-11
-1.4380665552232854e-11,3.773735473485327e-11,6.159446634583723e-11,-1.0094410019261142e-11,3.547069688419785e-11,-2.3002202068088974e-12,-3.135426870155999e-12,4.025506607974886e-11,-5.039635795277035e-11,1.281688782358551e-11,-1.4277862468143483e-11,3.5318543609752886e-11,-3.406940853324228e-11,2.4733840684947447e-11,2.5563916152869555e-11,1.0150460558769416e-11,-4.092588352599582e-11,6.2925229964159815e-12,-5.301197006463301e-12,-3.516491721367056e-11,1.248238974022539e-11,1.2415398449327317e-11,3.1466860385402943e-11,-1.5049322469608695e-11,1.2164049163717851e-11,2.0670448997095858e-11,-7.483508351323065e-12,-2.1926528334758625e-11,-1.1760077839024198e-11,1.662670908235763e-11,-3.561521046297049e-11,-1.2723057792695105e-11,1.1003695778426123e-11,-8.65469741493485e-12,-1.6039042585089262e-11,2.293449173599631e-11,-1.648089817969722e-12,1.2029403479070486e-11,-2.0072400590519038e-11,-4.3457861847604085e-12,-1.4146966757321784e-11,-1.9042164875416465e-13,1.165763171890923e-11,-3.1527764159837423e-11,3.025655725985e-11,-3.4092991999025066e-12,-1.913090392503272e-11,-1.7540856393393032e-11
1.9266362891862196e-11,-3.580795181297262e-11,-9.465417681286049e-12,-6.407262300730601e-11,1.6190460199196614e-12,2.893408972536212e-11,8.766665398031055e-12,-2.0802336213298424e-11,-7.887906933291063e-12,3.526909060679517e-11,-3.911821475689776e-11,2.162337065987386e-11,-2.251403246703048e-11,-4.050929443252742e-11,3.411732252144788e-11,3.712144802909414e-11,-7.461514835961456e-12,-1.0142237112350817e-12,-2.0549348685262545e-11,-6.951316831606501e-12,8.335499879002549e-12,2.4363383493748404e-11,3.707509336746639e-12,-2.3388494776641112e-12,9.976533899877209e-12,1.853284327914289e-11,-1.810554791789131e-11,9.335590809430068e-12,-1.1743060111822647e-12,3.2963415899469654e-11,-9.894013830958895e-13,1.768270331946339e-12,1.4529545006032284e-11,-1.163868489405105e-11,2.945568723788926e-11,-1.903239345659807e-12,1.8615967974657873e-11,-1.3564924726036825e-11,1.8567206453732014e-11,1.252787783218037e-12,7.070104503593604e-12,-1.5055553583496457e-11,1.156034491112961e-11,-2.1000756484436964e-11,-1.94966320415705e-11,8.65390011460815e-12,9.477359350515837e-11,1.643105529254637e-11
1.5566277986847876e-10,9.74930015480655e-11,-8.099981113172443e-11,-4.5358431021770545e-11,-1.3612248438015696e-10,-2.1514292528011374e-11,-3.5286802170649484e-11,1.5085630331721956e-12,1.2669500865276108e-11,-5.3095539929133505e-11,4.518712492999161e-11,-2.6136183175654488e-11,3.1996473251796963e-11,1.0002502478605085e-11,2.2271390157509563e-11,5.2864836115939766e-11,-8.090496765696485e-11,-2.441504349488121e-11,-8.532668624876745e-12,7.308133791757068e-12,-1.6400745238802286e-11,-1.442578633995276e-11,-2.1242608436127048e-11,7.040716428115035e-11,-1.121747424721816e-11,-2.6018528364022575e-11,1.2011895085313674e-11,3.287919057022947e-11,-3.673131233501535e-11,1.5005422491938436e-11,-2.077476416193313e-11,5.5504111298180274e-11,-4.896574277566302e-12,2.4056845791709576e-11,8.151879499384716e-11,3.1157538883440636e-11,-2.923924804045877e-11,4.489949907678748e-11,5.3158661933847275e-11,-3.143252353898449e-11,3.2233568287174665e-11,1.3264530129221131e-12,-7.854743297565885e-11,5.164165217231023e-11,1.1010789203077838e-10,9.318128477843295e-11,-1.1054239541221976e-10,6.90354815990836e-11
1.0894454608132772e-11,2.128079957329592e-11,1.8677831785786157e-11,2.240137831764643e-11,5.574575653663392e-11,-5.861573257718957e-12,-1.0337937107193323e-10,-1.579502413336932e-11,7.475797675487031e-12,2.5903211810371047e-11,1.3431565792914749e-11,-1.9461585666685557e-11,2.4321494729110954e-11,7.635905807830713e-11,-9.113170412655761e-12,4.6434160422546306e-11,2.72578214064157e-11,1.7384010117966163e-11,1.309337809559456e-11,3.264429374753209e-11,-8.460469779183658e-13,1.0203714248212965e-11,8.760089532156388e-12,6.262225130038721e-11,-2.1949553684917137e-11,-5.176668627275189e-12,6.002374525163247e-11,-1.561379963376921e-11,2.1884521397900482e-11,2.7342408114844438e-11,-3.400913668360064e-11,-2.5252870604495474e-11,4.071449896937653e-11,-2.38476476120299e-11,-1.0753191173988269e-11,2.5283024910354754e-11,3.6022397205872035e-12,4.193998330639279e-12,-2.4830759512651865e-12,-3.105546417771803e-11,6.25912072831227e-11,2.074805065009565e-11,-3.0069229301473484e-11,5.507279591124125e-11,-6.651359998533411e-11,1.795995536436859e-11,-6.810212287568694e-12,-1.439267557707956e-10
-4.1035716119428905e-13,-1.722699030224736e-11,2.1270599019789554e-11,-5.432505597933897e-11,-2.5256507870140514e-11,8.626220958393859e-11,-9.042723583469513e-12,-5.107191737512197e-11,-1.4072720537332036e-11,6.908181462793356e-11,-3.6989083220171626e-13,3.1821940246781776e-12,-3.973429037181232e-11,5.309717831879725e-11,1.3568079801932714e-11,-4.8304292258244155e-12,9.164365820730265e-12,1.752341464870774e-11,1.570411249609816e-11,-1.6493684857276842e-11,3.956243045210636e-11,-4.470191311325883e-11,7.080862784108325e-11,2.0291630951096242e-11,2.998024277588557e-11,-3.459055580521299e-11,-1.9166289860962546e-11,-3.0206872490028434e-11,3.21288650297967e-11,7.00288834127097e-12,-4.20623278500889e-11,-2.959749228479121e-11,-7.054422285770174e-12,-1.913531350622007e-11,5.321379896153458e-12,5.0083182519708245e-11,-2.286927971582912e-11,5.032335939105737e-11,-2.18907538424964e-12,1.1889281611478812e-11,7.279186285684242e-11,2.0146608671426962e-11,-2.2404434933141556e-11,-1.3505870683042303e-11,-3.0615324140303146e-11,-2.2045427926718866e-11,1.1081589550794769e-10,-2.2368528497347526e-11
3.302240629571052e-11,-4.945467264083207e-11,-1.0199337002739642e-10,-3.1980233741246713e-11,4.535578977296738e-11,6.336200943686813e-11,9.107821149803306e-12,5.745045840265694e-12,-3.697496250728811e-12,4.299444208571627e-11,-4.325503157667685e-11,4.963474009873704e-11,-1.787580488920716e-11,-1.9303645127595215e-11,3.43390052555952e-11,-1.0960015482624268e-11,-2.380574572720226e-11,3.063366610336901e-12,-2.6871936847779145e-11,9.088678693134825e-12,1.566571088001391e-11,-8.421872596772624e-12,-3.895709363394796e-11,5.3556467551820694e-11,-2.026992130331789e-11,2.4467898292520548e-11,-3.2566187073737864e-12,-1.2758237392122543e-11,-3.1618899783247235e-11,-6.131239866771329e-12,-7.47330459581719e-12,4.399416434769835e-11,1.376611418330969e-11,3.0778786845039564e-11,-7.686549860827142e-12,1.2470591606612192e-11,-1.2966048002990665e-11,1.5281081532907754e-11,-2.970660431684853e-11,-2.6812808171391343e-11,4.4530367994967536e-11,1.7623574928276173e-11,1.3256041436775001e-11,-3.78212135382949e-12,-3.0317011272453065e-11,-1.755671079589309e-11,-7.200162659395556e-11,7.421339169743272e-13
-2.175759916984631e-12,-3.0525902383078652e-12,-1.9173036331648484e-11,-1.8652642556964783e-11,-6.006293590664606e-11,-2.5129443498762796e-11,2.6593492435272925e-11,6.365273640630337e-12,1.048519885311515e-11,8.799874593618799e-11,2.914333045914579e-11,3.791424272905058e-11,2.79808754403798e-11,3.825632590523067e-11,-1.8840650936815677e-11,1.015718031580941e-11,2.1930045236808774e-11,3.13550100741557e-12,6.475246502433685e-12,1.7743834827280063e-11,4.978121741372726e-11,2.225041412858845e-11,-2.7478263666183032e-11,-3.0487385778963317e-11,-3.5616238543492298e-12,-3.4772746582871276e-11,1.1848522157899938e-11,3.097901713327802e-11,-2.4267892983805225e-11,-5.5213892920906215e-12,-3.3112780702118056e-11,2.4914748451282538e-11,-3.139543304033411e-12,-1.6081884191239375e-11,-2.53867049792522e-11,1.3132906192309324e-11,1.2193469665485713e-11,-1.613654812501554e-11,-5.444925710979482e-12,2.798611654521849e-11,-1.9691448590600745e-11,2.061192569133958e-11,-3.277877473484192e-11,-1.038847549731247e-12,-2.6827632355856188e-11,2.255690081710019e-11,-4.512954791994428e-11,-4.7806042608480395e-11
1.4469122893634982e-10,1.002601396823202e-10,-8.130261740335247e-11,-5.429059349437233e-11,-1.5278783508471552e-10,-3.761144385880593e-12,-6.706464356907895e-11,-1.1633166228007722e-11,-2.3383973381841926e-11,-5.820373155404051e-11,4.379655499504079e-11,-1.9926127911332824e-11,2.3736601433043377e-11,6.6540217876654585e-12,2.581387015804838e-11,5.724789901173995e-11,-8.891462682121368e-11,-1.9725414920186046e-11,-1.8105473082838342e-11,1.2678644036820983e-11,-1.2891226886331285e-11,-1.6645858944159715e-11,-1.931432015054675e-11,7.051483942745444e-11,-9.460132040358783e-12,-2.5133516230757227e-11,1.2735516840120835e-11,3.498108828297584e-11,-3.4870492410647835e-11,1.5668632971521233e-11,-1.964464119380918e-11,5.71081575406292e-11,-4.751028523112818e-12,2.5191148567793073e-11,8.25122206271253e-11,3.203651277111504e-11,-2.761192253597486e-11,4.5855163094679956e-11,5.397541755671055e-11,-2.953215725382565e-11,3.303959260879372e-11,2.846023132672684e-12,-7.74864508341229e-11,5.405928616044766e-11,1.1315176231709227e-10,9.759214690404639e-11,-1.0491260689793248e-10,8.317762776945367e-11
-2.985593783265097e-11,1.5398630335566357e-11,7.2567553885181455e-12,2.3142417423498327e-11,7.276252512582514e-11,7.061483066031551e-12,-9.647642446413289e-11,-1.3381944557557661e-11,-9.8041925497408e-12,-8.905874587557162e-13,9.328769491169108e-12,-2.915026606400769e-11,1.5455981129129728e-11,6.492125493313184e-11,-4.58124327806131e-12,4.767324146532405e-11,1.5335505892373775e-11,1.9529476352158088e-11,1.866118638847603e-11,2.840516696506239e-11,-1.0564735294474889e-12,1.1536785290875274e-11,4.589383128204495e-12,6.454641967515724e-11,-1.9545169792500457e-11,-4.8146176909156624e-12,5.832546783253104e-11,-1.6854369003169996e-11,2.097970316205065e-11,2.7287191496718236e-11,-3.34894274601153e-11,-2.674329232154851e-11,4.056992117935628e-11,-2.593838332619239e-11,-1.060102757512302e-11,2.550595656218778e-11,2.9303196047086854e-12,3.705588887116768e-12,-2.6296370090315614e-12,-3.0117524368014484e-11,6.283315759211774e-11,2.0279483769993234e-11,-3.150325393514901e-11,5.540009904559794e-11,-6.669617518409486e-11,1.8676920952454256e-11,-6.946878818236019e-12,-1.442689074584293e-10
-2.0493336868533848e-11,-1.0899515789448989e-11,1.43443777041509e-11,-2.9943758195516933e-11,-3.001671353348741e-11,7.645139849108467e-11,-2.6754916695780808e-12,-5.322284104275874e-11,-1.155744363648365e-11,7.196619733347074e-11,5.716093495748112e-12,1.6824741065542897e-13,-3.6901492616415986e-11,5.2944702335468216e-11,1.2550225899935402e-11,-5.87589178223065e-12,9.54899297421283e-12,2.0501939726760914e-11,1.6277375410335054e-11,-1.49250663797583e-11,4.1257624576817546e-11,-4.3784993156525956e-11,6.958785950142214e-11,2.248950037010955e-11,3.3826702527304444e-11,-3.1424117855175996e-11,-1.6504027877264146e-11,-2.2698604984980994e-11,3.220752593604882e-11,6.0763189464437465e-12,-3.8524330912069414e-11,-2.447145125897873e-11,-6.94407015665031e-12,-1.62310458628139e-11,4.960353435478117e-12,5.1307753013059176e-11,-2.1048781425660802e-11,5.2295309519388377e-11,-4.260537352574683e-12,1.2465406222354088e-11,7.295420485341052e-11,1.9026224462163217e-11,-1.8340794354743774e-11,-1.1644264217517499e-11,-2.5988134014799396e-11,-1.6300564931227258e-11,1.1497691519526982e-10,-9.880019623421534e-12
1.0776601289370113e-11,-7.589336478924938e-11,-9.94872879257387e-11,-2.3473383885056865e-11,4.6408656779962226e-11,6.959678941261384e-11,1.2831384517681436e-12,-2.622592201611421e-14,-6.274361979306661e-13,5.327181798554121e-11,-3.8121535900864247e-11,4.292051747785031e-11,-1.1143296381250277e-11,-2.1158491437146083e-11,3.1871526359286323e-11,-6.271132976882609e-12,-2.4544306980712008e-11,-9.397391715128985e-13,-2.8881803091790205e-11,9.5739411559465e-12,1.7889108767144756e-11,-9.686365427841865e-12,-4.072018836592626e-11,5.253228208019912e-11,-2.096608518280377e-11,2.443557470163792e-11,-2.3504640956129212e-12,-1.3166691380479734e-11,-3.314658973269254e-11,-6.735000878055786e-12,-7.611181336127362e-12,4.2984112660433446e-11,1.3666299556747278e-11,3.0016705501452004e-11,-8.329365767909204e-12,1.1488662699132547e-11,-1.356844934546907e-11,1.4139748940616337e-11,-3.088265952271297e-11,-2.7794402844090116e-11,4.335800835873681e-11,1.629761262293389e-11,1.1408088575454605e-11,-5.4494239174986365e-12,-3.266889706820997e-11,-2.12795686293433e-11,-7.752489294190691e-11,-1.119838382637403e-11
-2.6322414883692872e-11,1.7638566144737761e-12,-1.943561449543987e-11,-9.948696224014905e-12,-7.100395633392432e-11,-2.1010183610772124e-11,3.165872682815153e-11,-1.3429627901614232e-11,7.245592501866281e-12,8.755085828853169e-11,3.717496508135018e-11,3.027169144552092e-11,2.4180806531146563e-11,2.954523245305171e-11,-1.5417765163805587e-11,1.1935293421098206e-11,1.6898831569422744e-11,4.515225021415463e-12,5.2466275494884595e-12,1.8623466414024838e-11,5.658380912139483e-11,1.9895731421178853e-11,-2.4613661172425996e-11,-3.480933058892943e-11,6.621426103295963e-13,-3.1976094403778926e-11,1.2754324827418847e-11,2.8741412854313203e-11,-2.4977274590655005e-11,-4.686777222003233e-12,-3.521172645507798e-11,2.3878870641908763e-11,-2.364136662773928e-12,-1.6489117846356155e-11,-2.4837537024190818e-11,1.251264044936993e-11,1.2379999132578881e-11,-1.6403904028729625e-11,-7.436286103115155e-12,2.7268545404112193e-11,-2.060888482874092e-11,1.987740206878607e-11,-3.3686898577277926e-11,-1.6875679306533954e-12,-2.8500606123998486e-11,1.9911669860595633e-11,-4.6371691794620584e-11,-4.758921772488778e-11
-7.998717842830271e-12,4.502027068644852e-11,-2.4073718846682744e-11,-2.0654179915399612e-11,2.579745198599876e-11,-1.813785414477678e-11,-1.0824018275494722e-11,7.528105468386213e-11,-4.1695155243867925e-11,-2.2834209045762136e-11,-9.20246431951891e-11,-1.7038016537483892e-11,2.286130954053359e-11,3.475846268554343e-11,-4.642854098837769e-12,-5.385035565782371e-11,-3.428749482545094e-11,-5.0084434722582355e-11,1.1949572776290099e-11,8.426914342059193e-12,2.3416155280639174e-11,1.0171442156882819e-11,4.457889799359839e-11,2.5805057702516916e-11,-1.549501461518152e-11,1.5941582656056758e-11,-1.5396306823866904e-11,3.972714025101056e-12,2.3431299203875713e-11,-2.8273884767468463e-11,6.716645496284645e-11,9.380136174977265e-13,2.6352948703725994e-11,1.1081878191210244e-11,2.829049281573875e-11,1.2208507908314647e-11,4.5996051361549263e-11,2.8212634057719446e-11,-9.586168300246449e-12,-3.491750312857698e-12,2.5572657934401147e-11,-8.594651648393133e-12,-9.55488021292672e-11,3.2408429691946016e-11,1.9468411233693796e-11,-8.941418444048203e-13,3.207775444840045e-11,-4.983331128322523e-11
8.700401061911002e-12,-2.4668902381709857e-11,-3.38507997476334e-11,-2.4502784682224704e-11,2.6824031996133572e-11,2.4992904632144267e-11,-4.539474835026801e-11,1.4428773215177777e-11,-6.183572580267171e-11,-1.8115238629616028e-11,1.4280896964927593e-12,-2.279102566509208e-11,4.4683293713627574e-11,-5.178582695902787e-11,3.767321442083792e-12,5.972458256867578e-12,-1.6939508861754334e-11,-2.4690858632133704e-11,4.092344747098787e-11,2.103381854060369e-11,-4.173514685715547e-11,6.090413180957526e-12,-4.612155586684718e-12,4.065100320473848e-12,9.789875842483565e-12,-9.50800892370155e-12,1.9437209991616794e-11,-1.8919406117057386e-11,-1.0725437312744222e-11,2.074951448523241e-11,1.462498729706311e-11,4.0912253690242134e-11,-4.7095793157695515e-12,-4.019467928333587e-13,-2.550259364741392e-12,1.6135889426128517e-11,-1.148648895863886e-11,8.243971922703525e-12,-1.1115048241093183e-12,-3.004393973764057e-11,-9.926216256558405e-12,1.1125216260087305e-11,-2.5594065596188597e-11,-9.947626230009941e-11,6.072235040140771e-12,5.742066770498517e-11,6.759787109914978e-12,5.759033353066141e-11
-5.454770288590537e-12,1.7652466757048234e-11,1.8833580542465672e-11,-1.1664659498400053e-11,1.736534383904365e-11,1.1404729723904045e-12,-7.954562885951983e-12,2.0477547771055063e-11,2.4199886623953736e-11,8.684067706469388e-12,2.2529668914482493e-11,2.645202103075141e-11,-8.216908259383142e-12,5.4323948072089966e-12,-1.7197971525383205e-11,1.6279792251649966e-11,4.3672177688056e-12,7.111366617836302e-12,-2.3440540103098864e-11,-3.0620461237731676e-12,8.939484220374832e-12,3.020001160247063e-11,7.032461735864737e-13,3.095805495935166e-11,8.298140702508824e-13,-3.841763769288724e-12,-5.611146288964556e-12,-7.698016508202015e-12,6.079544290370912e-12,-1.0682646128492082e-11,1.0808354155329422e-12,4.085991239559894e-12,-1.44884855104502e-11,1.4817579047470395e-13,1.3737334113718196e-11,-1.9565450355140458e-11,3.0952659947534916e-12,-1.2375960814191847e-11,-1.5465710297215637e-11,-1.2138762344976355e-11,4.547875270435517e-12,2.271634414636233e-11,-1.5571116120398753e-13,-5.518083604745857e-12,1.1775515118823187e-11,1.7302671277342313e-11,1.4572640396684463e-11,3.954058966460787e-11
-5.771244069005214e-11,6.870652177382358e-11,-5.0338665503421186e-11,-2.965557435352445e-11,-3.0984890117053965e-11,1.5710447882100067e-11,-1.3838885423029654e-11,-4.000781814483254e-12,1.1757585312406304e-11,2.3012249928573426e-11,-1.9139783728275837e-11,1.2032086609681737e-11,-1.3200503108921687e-11,-3.254934934526444e-11,4.548487291179225e-11,1.344787112210996e-11,5.47905724449507e-11,1.3683561199229348e-11,7.584559214147299e-12,-2.5876398501820473e-11,3.754811636530072e-11,2.4104577309145666e-11,-1.9414735415755652e-11,-1.7947984005806397e-11,-1.5443595920306837e-11,2.7196469860172812e-11,1.2348577374504763e-11,-6.84677622291295e-13,-3.302905799703575e-11,1.725350725355161e-11,-4.4406107759378e-12,1.2918557057725658e-11,-7.998741998716782e-12,5.0209115635209673e-11,1.3890719292660275e-11,1.521593213610004e-11,-1.9394170742794145e-11,-2.308658242478754e-11,-1.822130241057025e-11,1.3573029791187378e-11,3.1778333038654356e-11,1.5739361522969906e-11,-8.783758116073086e-12,7.836065923839656e-12,-1.6946977974404493e-11,1.3523005104248198e-11,-9.488121350055596e-13,1.712134372021234e-10
6.036923712966731e-11,4.5836256980028627e-11,-3.9242075985957673e-11,7.706567126855814e-12,7.01427472544357e-11,-2.8464780180931165e-12,2.1564648302747476e-11,3.3424425456798746e-11,-2.8857020380230028e-12,-5.912935836395687e-12,5.5108422843105963e-11,-5.73278540066703e-12,7.499803760739242e-12,6.705800079138687e-12,1.3812949338552103e-11,3.5510757898977993e-12,-1.086225412142034e-11,5.397987019343231e-12,3.555462658225721e-12,3.953709876837746e-13,-1.6611468249333597e-11,1.0035720342297234e-11,1.40055476610504e-11,2.121193445130982e-11,1.4362054165232931e-11,4.48871215524816e-12,-9.630296650761531e-12,1.9549355525961357e-11,-8.781979089751613e-12,2.304204492147659e-11,-3.1270720252813717e-12,-1.5577334489176214e-11,-6.8030683206962534e-12,3.3803018816466155e-11,-1.609834856363957e-11,-1.0762907847693777e-11,-2.2300920108096728e-12,3.806284821249214e-12,2.804920265338743e-12,-2.2520694528094227e-11,5.728695987798148e-12,1.8223070483206884e-11,-3.2169904283610654e-11,-2.307741609871732e-11,4.426831224333698e-11,7.489177413777753e-12,-3.723289219203992e-11,1.6352025389928021e-10
-1.452359491240488e-11,3.8663135038982656e-11,9.864531624380963e-12,-1.2076242474332624e-11,1.3840022126223978e-11,-7.657945325144055e-13,2.1681609777349088e-12,5.232678296749386e-11,-3.478843425057211e-11,-2.944526138811585e-11,-1.0314630011077751e-10,-5.841938040816447e-12,4.049494041247952e-11,2.2429880434089107e-11,-1.0739391652225068e-11,-5.711707565389558e-11,-2.8383383766514286e-11,-5.958222040138312e-11,1.5951021695135408e-11,-1.7976856592389794e-13,1.870463725905265e-11,9.950246256712857e-12,4.499685383451153e-11,2.3724450190116e-11,-1.5671669463586867e-11,1.6697736831189808e-11,-1.3998119796640292e-11,5.478530281783524e-12,2.2194358209189403e-11,-2.5723932108160277e-11,6.591202063711176e-11,-1.4103879847775657e-12,2.4606239328059042e-11,1.1121809335080703e-11,2.8690409732790558e-11,1.2415700958782641e-11,4.7094954903842535e-11,2.8431457771973444e-11,-8.52620393239179e-12,-4.738882002725891e-12,2.717182523322861e-11,-9.680792248462484e-12,-9.60711737013699e-11,3.290323338299373e-11,1.8195712125045257e-11,-1.2770846390388052e-12,3.1979745316264174e-11,-5.212758802700036e-11
1.0351822337377836e-12,-5.7019990946970316e-12,1.0649467235925794e-11,-1.34765104228338e-11,5.024585708519513e-11,3.9524814104437255e-11,-3.1808210444766064e-11,3.470330142887885e-11,-4.633139051861143e-11,-1.3040988417313801e-11,1.8020319086799606e-11,-1.709484335495132e-11,4.7838803065975945e-11,-5.217287293501647e-11,1.027812070706492e-11,-2.199458766007771e-12,-1.1601431540177285e-11,-2.008018479631174e-11,2.964141107620075e-11,2.5968280826989157e-11,-4.2822395134782864e-11,7.794264938760064e-12,-2.640704145983433e-12,6.059124204137854e-12,1.0592307385468049e-11,-7.937962895869143e-12,2.0416008249287103e-11,-1.6626071718583455e-11,-9.568643642787263e-12,2.1894831239353646e-11,1.6109699854172037e-11,4.202880723924344e-11,-3.5439589174877355e-12,1.0972974122330835e-12,-1.1587135735434065e-12,1.7488156487349944e-11,-9.914202980144378e-12,9.13158361599219e-12,1.9508269908641636e-13,-2.8390194707655696e-11,-8.330367936182228e-12,1.3317995278668616e-11,-2.337714915835683e-11,-9.658987035550451e-11,1.0844712326031574e-11,6.237918925704905e-11,1.4604501313020492e-11,7.381183129133625e-11
3.129787174244474e-12,9.799763813056308e-12,6.075369613164338e-12,-8.194035469371148e-12,6.561090997816103e-12,8.388680665885891e-13,-4.19248312057606e-12,1.640809444947143e-11,2.7421929898774028e-11,7.403872993960168e-12,1.2078417406259734e-11,2.914522070442207e-11,-1.2544431075557567e-11,1.473983055407541e-13,-1.714635172869944e-11,1.874764133638597e-11,6.2596396116720855e-12,1.145290357119636e-12,-2.4184071022026096e-11,-5.0212841337516086e-12,1.1344457417678678e-11,3.064438235875917e-11,1.8200713375322418e-12,3.115372984329883e-11,2.7046309741223906e-12,-2.7845212837670234e-12,-6.3277707146375084e-12,-5.627347253557597e-12,7.048923754524643e-12,-1.0168808822139734e-11,4.0019685944091063e-14,3.2732118173010344e-12,-1.465540432195322e-11,1.4282024844073429e-12,1.5246238209519765e-11,-1.9055307573200953e-11,3.4521496989121903e-12,-1.1860060679448468e-11,-1.5411666335122768e-11,-1.2074089785028571e-11,4.794395149778477e-12,2.136640317322365e-11,2.1817600039536113e-12,-6.560421895080931e-12,1.2743845805826348e-11,1.7572907006764255e-11,1.713369915558497e-11,4.3788249649911266e-11
-1.8615538589001037e-11,5.544125340227962e-11,-3.5646353201356934e-11,-2.6973057914724008e-11,-2.558878458591113e-11,1.4402387198749513e-11,-1.7400917034807336e-11,8.618361297379212e-12,1.2169104807658933e-11,1.727449323550477e-11,-1.4931045151763754e-11,1.1077172020594038e-11,-1.0503824540082838e-11,-3.332255185592373e-11,3.832430709659825e-11,1.2171934767752912e-11,5.926794525776525e-11,1.2707643336072798e-11,1.1579882696626894e-11,-2.7405788927859887e-11,3.769174869613492e-11,2.7430868294444028e-11,-1.2616518761093108e-11,-1.3147330797594659e-11,-1.4935959796071257e-11,2.6886570998115057e-11,1.7480716069449416e-11,4.818862734133049e-13,-3.1229160585340665e-11,1.656384355899429e-11,-3.276768023096693e-12,1.2978390165042691e-11,-4.602622895319185e-12,5.222476569065728e-11,1.5234354472758518e-11,1.4640737220863175e-11,-1.8561552679011943e-11,-1.9815889675783394e-11,-1.833800898882372e-11,1.4373927984863655e-11,3.2510146179837576e-11,1.4137547214341234e-11,-9.473806292991928e-12,8.45887827016506e-12,-1.6298928271461787e-11,1.363655224426878e-11,-4.134464903193192e-13,1.7312390011069754e-10
7.461594622573649e-11,2.6992833502002413e-11,-5.0585756431478555e-11,1.634242110324253e-11,6.226650994840435e-11,-6.2891260104189e-12,1.3801941900879936e-11,3.210529942584114e-11,-2.1550582516654447e-12,-6.2034150613989194e-12,4.836148106787685e-11,-5.242792331587616e-12,7.135043345282578e-12,6.803542525694266e-12,1.2682846609607545e-11,2.9763999422765826e-13,-1.1017143597033126e-11,4.394087753236239e-12,1.7136267460080552e-12,-9.570382728369416e-13,-1.626016800946996e-11,1.1670426417308978e-11,1.4502769205104497e-11,2.0772841918591927e-11,1.339996543278803e-11,4.160065451283672e-12,-9.536301563062191e-12,1.9124541826797908e-11,-1.0295416973783013e-11,2.2267720356936693e-11,-3.5619237254813686e-12,-1.724036185676337e-11,-7.823703806175117e-12,3.331984215641354e-11,-1.6346869180520145e-11,-1.2447535367295825e-11,-2.7667821608645857e-12,4.410498409293156e-12,2.7392085912882368e-12,-2.3834560503233455e-11,5.7721752294099965e-12,1.7901984006257326e-11,-3.344716272934888e-11,-2.4830246601314468e-11,4.384305519438087e-11,5.598231653730639e-12,-3.976330304947093e-11,1.5915298757671044e-10
-5.072963045124085e-11,-2.1185815828528395e-11,-1.721153555171513e-11,-8.547263457258082e-11,4.905215807623236e-12,5.701881687712488e-11,-2.3508425803944143e-11,-2.8968064316666444e-11,1.8554778936003152e-11,1.3877737462663737e-12,6.440434238600268e-12,8.089580566779046e-11,-3.454224899959106e-11,-5.473447590297248e-11,2.1440106855192408e-11,-7.765412083867596e-12,-5.534748623853669e-12,5.877581275610846e-11,4.066670631837735e-12,-2.5234370635870687e-12,-4.4578679903798446e-11,3.913794596980969e-11,-5.434990274302806e-11,2.3010409083002967e-11,8.585663786459054e-12,2.2477836470769545e-11,3.694981079075211e-12,-2.4351854081710842e-11,2.0216687427516848e-11,-2.6712173826087446e-11,3.2865718922536483e-11,-2.058581625894785e-11,-2.899561021903971e-12,4.769161955799823e-12,2.1412863397180964e-11,-3.267785565718787e-12,1.910309373370583e-11,7.1165414227380874e-12,3.8257914488809436e-11,-3.4445604714973165e-11,3.130959036640927e-12,-3.228631413651883e-11,-8.56379573331293e-12,-2.6544563385473454e-12,-3.5565034811401505e-11,-6.35993002251173e-11,4.540197552117514e-11,-2.4632731514083632e-11
-6.21819702387549e-11,5.888913689054157e-11,3.776056195201854e-11,-2.5093045572298937e-11,7.575187106029513e-11,-4.181995809615768e-11,-3.836476064953787e-11,1.4243248025741169e-11,5.650860669964844e-11,-1.5583253747960294e-11,6.810584484842868e-12,3.3197318009513404e-12,-3.225877424621895e-11,4.324019259574854e-11,-2.829805144394774e-11,-1.868156723343489e-11,1.4507367758424936e-11,-2.2123136990285593e-11,1.475866413882708e-11,-1.7498201299721185e-11,2.1484825830166986e-11,3.4282413442705617e-12,-1.6586720363116496e-11,-3.921235632945486e-12,-2.1950899862479167e-11,1.8743827355709077e-11,-3.2827210252280196e-11,2.062761194364676e-11,4.335393231126164e-12,5.638367095127387e-11,-4.108146830769254e-12,-1.2514509741732388e-11,2.066142293019907e-11,-1.0194981782668074e-11,-7.705190040898708e-12,7.929118867093938e-12,-2.414691613311418e-11,-1.2968584411766974e-11,7.532357778415953e-12,4.771275784534994e-11,6.665041733983892e-12,4.0733315968277545e-11,-3.384004922218603e-12,-3.925479315448742e-11,1.4029868204760063e-11,-8.722973481235625e-11,-3.807801807111299e-11,7.690260574181318e-11
-5.004289453404022e-11,-6.715518114970151e-11,-1.0256955580029793e-11,7.649862059557462e-11,-7.084064360712341e-12,-6.120205663801122e-11,4.116408877717231e-11,1.5162789112128416e-11,7.732440872296544e-11,5.822446244809874e-11,4.886495720628191e-11,-7.62999201359772e-12,9.094360647098594e-12,-2.9955723270820405e-11,-4.062850299188898e-11,1.7696585259887428e-11,-3.3644706584922813e-11,-2.8530129607951162e-11,1.9776113419731735e-11,2.0613111294355213e-11,-7.139799269554269e-11,-2.500997617244325e-11,9.873607789839368e-12,-8.330709853211524e-12,7.2463570511717706e-12,1.0788316523388677e-11,-4.691976003125246e-12,6.4017962698852215e-12,-1.7897651979149455e-11,-1.5876016365310403e-11,-1.6608392541336365e-11,-3.973087596695104e-11,8.586988199429527e-12,1.2848058112177614e-11,3.9648439305332194e-11,-1.3571551229327267e-11,-4.0686922542746614e-11,7.465167396087848e-12,-9.169044701697743e-12,2.307366902643459e-12,-4.5080961952092536e-11,2.5173271325476536e-12,-5.983538540474711e-11,5.7176216918208843e-11,3.1167646571395813e-12,3.1167714283050796e-12,2.787284528007656e-11,-1.691061418119538e-11
-3.8555209982374404e-11,-9.426702177255904e-11,2.6807200673516923e-11,2.9425814689105817e-12,1.0637891607546775e-11,-3.950334787490976e-11,-5.517919081162222e-11,-2.135803647994157e-11,-6.951036858263173e-12,1.3670887770971289e-11,1.7037809484827868e-11,1.3575617694185562e-11,2.6048091111350087e-11,-2.8721637446620895e-12,-2.1139370131065872e-11,4.9467476433498064e-11,-3.8402199501241267e-13,1.0798824342462838e-11,-3.5223622647149786e-11,-1.1254284301969082e-11,3.544279516390033e-11,1.0287243456230766e-11,3.1957504462413885e-11,-1.0316925591152443e-11,1.4008584657425926e-11,2.5139935535349807e-11,-7.978975164988001e-12,1.7830492834135887e-11,3.38635152751633e-11,-2.5306156587832243e-11,-1.2301321393071006e-11,-5.199936578906607e-11,-4.664868860508138e-12,3.861986387267104e-11,-2.3927255447586932e-11,-4.585699093251511e-11,-2.607055729039885e-11,5.0065514966323195e-12,3.309955881614591e-11,-2.546927478559639e-11,7.938875531828665e-12,1.0847682765642246e-11,3.733503638737805e-12,1.2310921547697083e-11,-3.0488153651318566e-11,-5.6469319895434336e-11,6.182529373264794e-11,7.829115336198121e-11
-3.115102934609502e-11,-2.2997922772220736e-11,-5.912318887703743e-11,-6.009545130450349e-12,-2.0094922419832376e-11,2.9343731824897433e-11,1.606570862651293e-11,3.239203949802624e-11,-1.1444590776473552e-11,-3.535953767942232e-11,-2.372256692250165e-11,-1.1687619447088445e-11,-1.1805768208745345e-11,-2.6739274853771684e-12,2.7992163642543696e-11,1.0816987985162219e-11,-2.3441107036590678e-11,-4.015478025154337e-12,3.0430300736938746e-11,-4.2698453296909253e-11,-2.306893743426359e-11,-1.6499859900345436e-11,2.93356625428345e-11,-3.0652664669592526e-11,2.8747961181791884e-11,-2.509227182772568e-11,-2.7951756037093658e-11,2.994465637279643e-11,3.967118456759896e-12,-3.452543362882686e-11,6.52877329141805e-12,-1.7565394774705487e-11,-2.1184866776208776e-11,2.752130667170225e-12,9.113834606328284e-12,-1.893891291777038e-11,-1.7168107165151818e-11,1.661776885147667e-11,1.8148441851756926e-11,4.276321767701522e-11,-7.60088607808134e-13,-8.048899145696834e-12,-3.376268411122691e-11,-1.3339369796968788e-11,8.712727309509193e-11,3.804380419895261e-12,-4.648400825365923e-11,-8.818604390685383e-11
-1.62095818342354e-11,1.418578633303359e-11,-1.5743259450525746e-11,-6.28933777403107e-11,1.1423711814216591e-11,7.635153559818313e-11,-2.6318295937766893e-11,-2.1076164666172745e-11,1.1078979630866685e-11,6.582543816328933e-12,9.393538035522507e-12,9.022877683112549e-11,-3.2131833992117455e-11,-4.0654589067428024e-11,2.9597905437047235e-11,3.87571225106054e-12,3.5649306207182334e-12,6.249756298352123e-11,1.0874003015757426e-11,4.691794230702735e-12,-4.104305512498543e-11,4.40772027378575e-11,-5.102015854507124e-11,2.8638718349372712e-11,1.3879800799765589e-11,2.7493217151149233e-11,7.562814176217658e-12,-2.208234361189333e-11,2.4665041085085928e-11,-2.1628978621028772e-11,3.74574697958287e-11,-1.5650442886048923e-11,1.3219610230766802e-12,1.0127416512881604e-11,2.6668580508234533e-11,1.5744554735600778e-12,2.453200768957289e-11,1.1236309278804752e-11,4.3125906260729816e-11,-2.8265274698558265e-11,7.982496177560866e-12,-2.5496870003485796e-11,-2.821634370300845e-13,5.795563420440192e-12,-2.4373651853312237e-11,-4.6316334067137945e-11,6.91529112809186e-11,2.930423879524914e-11
-7.941115304976608e-11,4.646910190055679e-11,2.7106723865551158e-11,-3.204718166052828e-11,6.804000431886427e-11,-6.059270956856606e-11,-4.703275973539385e-11,1.246866875640828e-11,5.586351735788794e-11,-2.589793358040368e-11,1.2242004324126922e-12,-2.8303642585954895e-12,-4.18682591669556e-11,3.329814888116845e-11,-3.1104216057802275e-11,-2.4976180790771394e-11,1.0789784726063494e-11,-2.8155462168612448e-11,1.1268950911728394e-11,-2.5826971647418435e-11,1.7783717765921344e-11,-4.335166916931211e-12,-2.1151838014554777e-11,-7.664477081850829e-12,-2.6338676857798478e-11,1.63960720326879e-11,-3.777669620168361e-11,1.6316004272684553e-11,-8.966640055542479e-13,5.0508573048548185e-11,-8.32310399994688e-12,-1.6719103716921806e-11,1.468749423615361e-11,-1.3987822993822777e-11,-1.0142489424157242e-11,2.9264494891811376e-12,-2.4982436768596474e-11,-1.6807339739636276e-11,1.991098889203051e-12,4.3592608595213515e-11,1.5298929537846412e-12,3.51884547958712e-11,-1.1268137739258334e-11,-4.7790396107365995e-11,2.4030303646962363e-12,-1.0260561691872795e-10,-6.264772865867659e-11,2.5025030643532765e-11
-3.476483820509083e-11,-3.024428841290235e-11,-1.1926217092350453e-11,8.927560184689756e-11,-1.279762333702465e-11,-6.48219968298113e-11,2.921452012776211e-11,1.0456797364451108e-11,8.104908246738625e-11,5.830236289547244e-11,5.005881600376207e-11,-8.102813160055747e-12,1.0357027426762455e-11,-3.2034570486816496e-11,-4.271583451257273e-11,1.706202876056067e-11,-3.6922389068108445e-11,-2.862752730348919e-11,2.2147204887343162e-11,1.9065959661681697e-11,-7.240030975215271e-11,-2.523167386980049e-11,9.986540760655014e-12,-8.272078791109623e-12,7.144106181770742e-12,1.0010124439288472e-11,-4.454277529173557e-12,5.400553737698834e-12,-1.8185736458790707e-11,-1.535419776489254e-11,-1.775572210162143e-11,-3.9895347835067316e-11,9.965513969774007e-12,1.259536736169386e-11,4.067695767518655e-11,-1.3581385660237342e-11,-3.994468226279442e-11,8.200301363233718e-12,-8.037475035336586e-12,1.1609601589255575e-12,-4.431882891893782e-11,1.3374639783961699e-12,-6.09065043036488e-11,5.6808769745544835e-11,2.7146322917607563e-12,2.1252472070574356e-12,2.5214380062466768e-11,-2.1258121122045026e-11
-3.553669941046392e-11,-1.0736915775350296e-10,2.925164165985547e-11,-7.377023400285916e-12,1.516760265601732e-11,-4.550519206067437e-11,-6.72812129459396e-11,-1.0433871531171085e-11,-3.4457340790468083e-12,1.2790147846834388e-11,2.1031802100915903e-11,1.8372126615356495e-11,3.032070099384467e-11,-4.425513086526758e-12,-2.1332386582128592e-11,5.314433574911076e-11,-1.0208366412691231e-14,1.3468257507713385e-11,-3.475374126854327e-11,-1.1310675937674277e-11,3.3730006800497355e-11,1.107495639919211e-11,3.047976104761322e-11,-7.30564661233219e-12,1.3529238134609517e-11,2.347318085264841e-11,-9.078292632723678e-12,1.649801247008289e-11,3.0297372518614976e-11,-2.7186762915849386e-11,-1.0299589783628123e-11,-5.400173928582088e-11,-3.152319299638828e-12,3.9110497110151814e-11,-2.2264655845855683e-11,-4.6248454630705366e-11,-2.6536042328853982e-11,3.125033746071487e-12,3.2278999371231286e-11,-2.4932031066401046e-11,9.97523320633573e-12,1.1017600399306497e-11,5.98405419628347e-12,1.1117484207250202e-11,-3.044696663504848e-11,-5.464262766473355e-11,6.190893268828817e-11,8.152055589623625e-11
-1.24064470504586e-11,-4.337989328373087e-12,-4.9694557023818264e-11,-1.204198624751074e-11,-3.876288807027122e-11,4.2090441152967095e-11,1.4789775022389492e-11,3.760147802313319e-11,-1.4251330848802062e-11,-3.9884788327195744e-11,-2.5695373776176514e-11,-1.3559778698453382e-11,-1.2767955146985685e-11,-4.2605741359499763e-13,2.5679476263038643e-11,1.1659130490832122e-11,-2.2283112646872015e-11,-5.54320006024379e-12,2.7102185650074348e-11,-3.946982509088221e-11,-2.1692180082605752e-11,-1.7527753337845987e-11,2.806459346615592e-11,-3.2722839003461694e-11,2.768764066668334e-11,-2.5278566006333168e-11,-2.7877193694152228e-11,3.2265474020617755e-11,4.292709310053912e-12,-3.3680671946784997e-11,5.8440618082812434e-12,-1.6080903966288486e-11,-2.0361812252682093e-11,3.0292911145806344e-12,8.781279874904064e-12,-1.951872306925245e-11,-1.8394070010245912e-11,1.6779787186790474e-11,1.718700422555123e-11,4.366283095397767e-11,-2.493305797547654e-12,-7.070292907388501e-12,-3.322817585536451e-11,-9.025522893983924e-12,8.658430995143065e-11,6.203197339981065e-12,-4.8041767103819796e-11,-9.006067107855591e-11
3.187122808504311e-11,-1.2067095784637192e-11,5.113060741143285e-12,2.762331058566018e-11,1.2560126816371679e-11,-1.9967389303528825e-11,1.7318859444897165e-11,-1.4550146517579168e-11,-2.8996004522689426e-11,1.210659729323605e-12,-3.1282083829352284e-12,1.0154115736464163e-11,-4.9467799446178924e-12,-5.918949089861828e-12,-3.186982101488605e-11,-3.842058195765403e-11,-2.1239820341044177e-11,1.2119611419998104e-11,3.03494182535283e-13,-1.4480660482065318e-11,4.654711377103413e-12,2.1168262657508402e-12,-9.41244476148433e-12,5.31659334815089e-12,-1.6732185277077822e-11,-6.630572547418374e-12,-3.53004798656263e-12,-2.223468504221513e-11,6.6129285490920555e-12,1.0845592710460673e-11,6.928020734330351e-12,7.318984914997348e-12,-7.423576681683247e-12,-1.0279575092676023e-11,-2.160638475605486e-12,-1.707203271908597e-12,4.609012794215229e-12,-2.3890246180866127e-13,2.223933539777919e-13,2.513322410947455e-11,9.506938881922519e-12,2.127584824956838e-11,-1.586576064331838e-12,-1.8006860882044883e-11,1.2164327393578457e-11,1.6719162656208874e-11,-2.5570991255217416e-11,-3.170951909406705e-11
5.1114314787331207e-11,-3.2162122729543036e-11,-9.391778946420136e-12,3.7914225484145896e-11,5.891592297591772e-12,-6.1179704125982995e-12,2.6220020094798976e-11,-9.846179635932963e-12,-5.6390635383496406e-11,-1.6650217770700253e-11,-5.317178390722468e-12,3.2635100636604925e-11,1.982549604202768e-11,-2.6541823569365165e-11,-4.5853457302949627e-11,1.9178029901369668e-11,-1.875702223861012e-11,-5.441401853384937e-12,-3.26339733206449e-11,-5.639855903611368e-12,-3.279986671799382e-11,2.3730536869545047e-11,-5.031274230987679e-12,-7.276796574916774e-12,1.4955999629124348e-11,6.974555757212146e-12,1.2828590896206503e-11,-1.3223194874470316e-12,2.9935242841047606e-11,-1.5507152501031495e-11,1.5759726748092142e-12,-1.4976493609698179e-12,3.8643957157975805e-12,1.1505185813968913e-11,7.255420418842493e-13,2.8611002745179034e-11,3.515381833009261e-11,-8.111398076763682e-13,1.9603184919038884e-12,3.044300965793657e-11,-3.375082463469508e-11,2.7039253276091416e-12,3.3159662447961177e-11,1.2414691497592653e-13,9.12129648891155e-12,-2.7444631239009715e-14,-3.2913016723865194e-11,-7.426969852430176e-11
-8.900153413536813e-11,-3.077788041966611e-11,1.797917540333754e-11,4.475642344960151e-11,-1.1214181364271831e-11,2.2401339828555153e-11,-8.33788262583584e-12,1.2705695036632429e-11,-2.7646570464600373e-12,1.3660343615541968e-11,-2.1920042183346233e-11,4.590858253821296e-11,-1.0077357657351001e-11,5.850399165433882e-12,2.4961362334400708e-11,1.5194407807677302e-11,7.140019142584921e-12,-2.5781945311091066e-12,1.3599601348084446e-11,-1.7773304824797012e-11,4.706700131063684e-11,1.6791695188698655e-11,2.2682842872212366e-11,1.4824502548481322e-12,2.5830915087007844e-11,-2.975343866963862e-11,7.569076647606363e-12,3.490657362310262e-11,-2.3498440177408444e-11,8.244812151064944e-12,8.646795140141533e-13,-1.56548792471554e-12,2.5552444024171042e-11,3.123344265218663e-11,-2.43362983870875e-11,-3.187944965517346e-11,2.1275240204420662e-11,-1.1202517652354684e-11,1.7071795375599786e-11,-1.7980773123262053e-11,-1.2408466451577418e-11,1.3617244729736322e-11,-2.932398247112227e-11,1.3431042523359068e-12,-6.113769682497952e-11,7.39828641189016e-12,-9.462345974456094e-11,-3.6654453602520655e-11
-6.89517120678176e-11,-1.8978853975429068e-11,3.021316968972845e-11,-5.957307621854397e-11,-2.2563387333598653e-11,3.403272439496782e-11,-1.7713634112301998e-11,6.047586578665143e-11,-1.1510549217470002e-11,3.005582179452814e-11,-2.7326783788314347e-11,-4.580638647464712e-11,2.798124846510138e-11,8.739270874445074e-12,1.8914792537413838e-11,-7.63368219186917e-12,1.7020780128824544e-11,2.7590723737383403e-11,-7.485299335496064e-12,-2.297889781610739e-11,-1.517827592627747e-11,-4.552151774883798e-12,-3.15052648725083e-11,-1.3276635036958649e-11,2.089859952152003e-11,1.7383687296089046e-11,-3.016255096115678e-11,-1.7765785944559894e-11,2.9305381356796334e-11,3.421438717690724e-14,9.376972378482272e-12,-3.7309085031122806e-11,4.411393186954253e-11,1.954874567360118e-11,1.5205592315045414e-11,2.6365673131834878e-11,-1.4935084860522778e-11,8.379741429849254e-12,3.043682622565025e-11,-2.1224102142579686e-11,-9.060637978584873e-12,-8.316121346676797e-11,-7.596289372710519e-11,-5.388658669667675e-12,-5.914798363022173e-11,-7.181070475835282e-12,-4.5933475392459357e-11,-4.7588721432499266e-11
-8.64608665253187e-12,-8.780945072833667e-12,-2.0833385539417577e-11,-3.4626755046903165e-11,-2.467378614061306e-11,-4.7385181098262466e-11,-1.142520090424004e-11,-1.221271643547609e-11,8.909972141335125e-12,-2.3884921508575947e-11,-9.525766855127475e-12,2.085240069112175e-11,1.2881482517643416e-11,-2.024163804276997e-11,-2.3246968630090545e-11,5.3557291715339235e-11,2.441016195470059e-11,-5.1232560756031317e-11,4.584015616466987e-11,-8.648542449381107e-12,-1.90153899325682e-11,1.5216702472737186e-12,-7.243949647517367e-12,-2.1765282272861167e-11,-1.903940666016462e-11,-3.637077882015457e-11,-3.551960649058018e-11,-3.886533888775787e-11,-2.483690552596244e-11,-3.242764293443557e-11,-8.024794179329322e-12,3.4109844696585285e-11,-3.593890231029256e-11,9.040490450963548e-12,-1.3297785774509258e-11,-2.2486491680300618e-11,8.585506154691596e-12,2.4058395252619618e-11,1.3097115001322233e-11,-1.5404659511032594e-11,-3.7419801432474646e-11,-5.4695675491452606e-12,-2.571665472133994e-11,2.1736978061425175e-12,-1.2101627540500591e-11,2.8601107098138788e-11,2.7121033046931772e-12,-1.6344348400938736e-10
3.664184868556577e-11,-1.0214414926403956e-11,-6.681758729653643e-12,3.011593612878939e-11,4.924745640036706e-12,-8.575513326627678e-12,1.5963545347388396e-11,-1.4268773607978676e-11,-2.8660012571730416e-11,-3.849893964162954e-12,-7.76103293102411e-13,1.1562132228358587e-11,-3.934956200101719e-12,-5.69371158892363e-12,-3.1260193469169475e-11,-3.669375950030329e-11,-1.917096626846747e-11,1.2595784744904981e-11,2.381825403290956e-12,-1.4557187709219966e-11,6.73420392048022e-12,3.629179080813992e-12,-9.267551451853409e-12,6.239861322077714e-12,-1.6354199189369334e-11,-6.031411933648877e-12,-2.9486583234052333e-12,-2.2317490305197252e-11,6.761376511352965e-12,1.1209840040451294e-11,7.66071847287529e-12,8.224421372649995e-12,-6.3678954001128865e-12,-9.60256701587037e-12,-1.734189960031777e-12,-5.429166733065419e-13,5.526311758744624e-12,6.765602684749756e-13,1.3917342066532378e-12,2.6150921114177443e-11,1.066745840401311e-11,2.241813839899142e-11,-1.780251532561658e-13,-1.6376066084465128e-11,1.454703267624457e-11,1.9734225356592624e-11,-2.0923819772775617e-11,-2.189129822115001e-11
5.3129797131443995e-11,-3.905419524229048e-11,-2.720463095130804e-11,4.4719168169405355e-11,2.4823558843016433e-11,-3.523724139576256e-12,2.3189651004383933e-11,-1.4639367832051227e-11,-5.61470713773264e-11,-9.602854269088822e-12,-1.7116489903231799e-12,2.831866810852854e-11,2.3087357757837465e-11,-2.4196866006627172e-11,-4.547962341149462e-11,2.094979253077249e-11,-1.8146684803783413e-11,-3.1825296721610996e-12,-3.318664648505125e-11,-5.121824374393589e-12,-3.14001287707757e-11,2.573161158061935e-11,-3.3543091427984008e-12,-5.860616982362737e-12,1.5607832856177103e-11,6.7504521925204215e-12,1.2493441135907984e-11,-1.0847602706260061e-12,3.02510103489715e-11,-1.4422284371326954e-11,2.366098049729314e-12,-3.959284973377725e-13,4.804181111368726e-12,1.267949003869247e-11,1.5852319932083272e-12,2.945965808461973e-11,3.646902647662906e-11,2.741529039705826e-13,3.358485664629481e-12,3.254464909063961e-11,-3.2816230378965745e-11,4.0120519776479735e-12,3.554277734539684e-11,1.8694825929150386e-12,1.2041162229731023e-11,3.780057393694324e-12,-2.7142827035365806e-11,-6.295760738860426e-11
-8.233097752557463e-11,-2.7774493500341853e-11,6.3080210349929745e-12,3.753609017454994e-11,-1.1827560640771093e-11,1.565239893459745e-11,6.326991544039426e-12,1.3348673466078722e-11,6.08897412016762e-13,1.531542917254547e-11,-2.7917291887380603e-11,4.305661998073969e-11,-1.1818289103257675e-11,4.970333887669545e-12,2.1219667181685883e-11,1.4054081730458382e-11,8.452499300489157e-12,-2.9612225901859403e-12,1.2127545952384682e-11,-1.599091130050375e-11,4.6704166524070635e-11,1.4721572271848845e-11,2.0925611603832362e-11,1.939279434006017e-13,2.6445702068100158e-11,-3.0612905123001894e-11,8.594092072059824e-12,3.36373116504806e-11,-2.400594902537079e-11,8.702953945606421e-12,-1.063684914797186e-12,-1.4461502191995617e-12,2.6812076786447566e-11,3.262437078131486e-11,-2.4205782825992527e-11,-3.2382832147368484e-11,2.1738473201581635e-11,-1.0388085796288092e-11,1.6506953218968853e-11,-1.7752956396269345e-11,-1.1899152772835758e-11,1.419087517871375e-11,-2.9820240557371826e-11,1.7602095546410573e-13,-6.14649840174313e-11,7.629981150782633e-12,-9.332011652563212e-11,-3.5259654321203257e-11
-4.566735534155666e-11,-3.80107416315396e-11,4.7457152946090095e-11,-4.165000675432552e-11,-4.3089765136973584e-11,2.2542792585332492e-11,-4.434172840910051e-12,5.589658386314654e-11,-1.6350700451601124e-11,3.325445509701159e-11,-3.3030190572526606e-11,-4.913419675544929e-11,2.2013246791093734e-11,4.158834666450368e-12,2.249124249282148e-11,-5.818518782433515e-12,1.6179322974502816e-11,2.4136644156955267e-11,-6.667200092021625e-12,-2.1768186387603357e-11,-1.472789593734557e-11,-2.2055330054317044e-12,-3.2398189471054945e-11,-1.2044749527140377e-11,2.0921767003555118e-11,2.0217153543280607e-11,-2.8025082067807226e-11,-1.7894598888792172e-11,2.702902452548741e-11,-2.7184944313176985e-14,7.783921417104069e-12,-3.695564353665049e-11,4.414983782958505e-11,2.00435516648367e-11,1.5095325399439286e-11,2.6664998942066336e-11,-1.5110230596588375e-11,8.409233184511373e-12,3.022377272493067e-11,-2.1024136594289845e-11,-9.10318084527375e-12,-8.340542838455506e-11,-7.615639557021838e-11,-5.33379374840637e-12,-5.928984309905042e-11,-7.457766252352189e-12,-4.541110924011887e-11,-5.012408832102482e-11
-2.3620987027599385e-11,-8.96448589435389e-12,-2.8732093455711022e-11,-3.3756831449621015e-11,-3.558031643765983e-11,-4.676758245014304e-11,-1.5507102533382503e-11,-1.9069103955164237e-11,1.2797611386892239e-11,-2.786206954578536e-11,1.267209772550404e-12,2.296468191913687e-11,1.6892542950278523e-11,-9.001533959848039e-12,-1.94967283124857e-11,5.6386526802253243e-11,2.5258545237742412e-11,-4.3971996379388546e-11,4.5971161233803106e-11,-3.2483322361738257e-12,-1.5133706137075506e-11,1.6046885836474183e-12,-6.549534496726279e-12,-1.9907081426841947e-11,-1.7290010893933124e-11,-3.6818093857510695e-11,-3.375736330706695e-11,-3.9095321953781813e-11,-2.09623777096192e-11,-3.2605699836458196e-11,-6.113669834357931e-12,3.556024266737433e-11,-3.511671357750288e-11,1.2937127028724542e-11,-1.3045275906364287e-11,-2.1635186822006904e-11,8.190344990018507e-12,2.46279996671891e-11,1.2594062535592433e-11,-1.4555836530261016e-11,-3.919729556956984e-11,-3.9725707687102474e-12,-2.1960439322224985e-11,4.2602759246171084e-12,-9.462994944184105e-12,3.2797109951719644e-11,8.52670464040033e-12,-1.492586355922687e-10
-1.3224358185271733e-10,-9.947544647220812e-11,3.9380870826484755e-11,-5.4527330181025396e-11,4.864548624711114e-11,4.030008827266435e-12,-4.055013112735305e-11,6.242163783079198e-11,-1.4127894612983303e-11,-2.1671169820871147e-12,-5.978752156574994e-11,-1.981762947808088e-11,5.0113942019244116e-12,4.723748476555729e-11,-4.0710342146441714e-11,-2.646130253102419e-11,-2.773128385653947e-11,-8.575784182629218e-11,-2.7752099712140596e-11,-7.767436940490929e-11,9.413768203406802e-12,5.315354904488564e-11,-5.3231497674324245e-11,-2.6070065966587153e-11,-5.649223928822105e-12,-2.5180818707622164e-11,6.411557154588065e-12,3.041885530979908e-11,-3.556435451501955e-11,-2.0967886945328888e-11,-4.079521581481741e-11,-3.648164174691734e-11,1.3421259118274528e-11,-3.2030915991439505e-11,3.162363348560857e-11,-2.208383636887608e-11,4.317691115594369e-11,4.007569927151073e-11,-5.4106498960206696e-11,4.603552247172637e-11,-3.9760827788210815e-11,-8.783508303622839e-11,6.853126602936508e-11,2.5326082386803114e-12,-3.715051264265048e-12,-2.1679189224582163e-11,-5.518723338782501e-12,-8.717266286522967e-11
1.5433384123275335e-11,1.9795085248280654e-11,-3.9763184458810154e-11,-2.223613773017657e-11,-3.006879990149313e-11,-4.778437731267242e-11,-1.3704586506458859e-11,2.117765975085025e-11,5.2820268588447284e-11,1.1791919736257228e-11,4.532055428398965e-11,-4.067533906709223e-12,-4.0867772066742575e-12,-3.990988046294983e-11,2.899310198609092e-11,-4.341778730390723e-12,-4.538807611557386e-12,2.695594186871358e-11,-3.388247688173937e-11,-6.001359285604626e-12,1.524013065713039e-11,-2.419923499355108e-12,-2.712317829819641e-11,-1.831496606661293e-11,2.3474689776409336e-11,6.246604157502416e-12,-1.8982025387434747e-11,-1.2325688909804047e-11,9.642479705096892e-12,3.972793920237512e-11,-4.7183856520228727e-11,8.589722167070647e-12,-4.454472485949819e-12,-1.020413244174085e-11,-9.552273955051357e-12,1.982610329194348e-12,8.67559720576152e-12,5.517610898552454e-12,-1.341403882294944e-11,-3.0060378841488345e-11,-4.619043333879102e-12,2.8472206077303583e-12,-2.7277852591703646e-11,-3.559004327415605e-11,-1.79788497315144e-11,-5.025444173866684e-11,-1.3237029322084695e-11,-1.015703498315633e-10
-5.242849210873801e-12,3.942916583266966e-11,-3.344220553306481e-11,-4.9914905030489e-12,3.6447980280362824e-12,-6.061388857300742e-11,1.4990222724649927e-10,3.0827952361730346e-11,1.4849726858557265e-12,3.2935050028957736e-11,9.619326004999402e-12,-3.240897961659049e-11,2.4032574829807382e-11,1.649889969330649e-11,1.15976354407884e-11,7.723539217934243e-12,-2.1421912078277265e-12,-2.985243880503645e-11,-3.999443026891969e-11,-3.7061357696503945e-11,1.9990834877749624e-11,-2.1595116764822077e-11,-5.168122022141383e-11,2.8324191069832456e-11,1.220824816267446e-11,-1.6889329668754601e-12,-1.0333762051224701e-11,-4.994954436716417e-12,-4.546603032436805e-11,-6.250764851542243e-12,-1.6448775770448785e-12,5.40147468151314e-13,-3.147766750817586e-11,2.9616453295451025e-11,1.928752406975751e-11,-4.285852964264721e-12,1.2033186574024017e-11,-2.194837772549259e-11,2.674833703427466e-11,-6.191862755727599e-11,-3.268271968788349e-11,7.500975633063987e-12,-6.49366827968744e-11,-1.5193151374780373e-11,-5.169636670864907e-11,-7.246566573101353e-12,1.0909515222622392e-10,4.6806389967625076e-11
-6.2478330981885155e-12,-1.4056781521787027e-11,-2.2812322263060097e-11,-2.257143291402595e-11,7.423679926929768e-11,-3.412434343723961e-11,1.0825140940830289e-11,2.7208766717992937e-11,4.0848501129317346e-11,1.3530653995618279e-11,7.332841805707876e-11,3.402629100575499e-11,-2.7728724897762933e-11,-1.657683178998033e-11,4.6666328669193955e-11,1.622653368999671e-12,4.3633482247846234e-12,1.4045809369947396e-11,1.5977027248402973e-11,-1.5042512902488213e-12,-6.01648609193042e-13,8.531594894284985e-12,-4.232093447966892e-12,2.2681415071309666e-11,-2.609770738743221e-11,-3.8403692188478326e-12,1.567795469075456e-11,-2.2522952339182413e-11,-2.4542709822215876e-12,-1.3849227449458129e-12,-3.2187563900951183e-12,-2.5583793521315365e-11,2.955599931017756e-11,2.7792507901497845e-11,-1.6540623867624316e-11,-2.1718910043907178e-11,-2.2166110818054613e-11,-4.651854380422417e-12,1.9101838742090907e-11,3.6274215314406095e-11,1.9281515844205126e-11,1.3426185950308034e-11,-4.3020452617619574e-11,5.7410371767723516e-11,-3.732346354258952e-11,2.1798994635016803e-12,3.1842111564567034e-11,1.2571402644901924e-10
-6.761953956971321e-11,2.0638428508564334e-11,3.131061108174752e-11,-1.9352594445947442e-11,-5.42495044109201e-11,2.4769729722672647e-11,1.2378071791159168e-11,1.0028939300757814e-11,-3.982102070385931e-11,-2.3617103597706086e-11,2.8673856722458053e-11,-1.3825614826663076e-11,-1.6308402798003748e-12,3.0637737408968676e-11,-2.96262363560658e-11,1.8974171907228148e-11,-4.602592769902764e-11,3.758617439335933e-11,1.2120838702135761e-11,-1.2246607119266209e-11,-1.2127906568705279e-11,6.030703341735537e-12,2.539246140044414e-12,-3.472369191751599e-11,-1.9072519938809016e-11,3.6554504037108545e-11,3.0663474016030466e-11,6.7719229990578815e-12,1.0126795035874773e-11,-8.081058399124586e-11,-1.3056856162784508e-11,3.3672432962755898e-12,9.540855337942936e-12,-1.8948145339487546e-11,-7.366616150077136e-13,-1.4273454009934453e-12,2.1530813113197256e-11,-4.0892353488156246e-11,3.083936393256829e-11,3.468078209963258e-11,1.076955150351319e-11,-1.20872574701696e-11,-6.949932538431161e-11,-1.2379696985711513e-11,-3.628711598156952e-11,3.1206300112150826e-11,9.946025183284177e-12,3.99967799682999e-11
-1.5185758965505635e-10,-8.296229215516873e-11,6.672136794479966e-11,-5.0758964638727224e-11,4.5976221465837375e-11,1.5379792269290215e-11,-4.985702202579174e-11,5.5239417229657276e-11,-1.3073404831575997e-11,-1.0551494479445103e-11,-5.622748711106143e-11,-2.4834431155421604e-11,4.275080578818936e-12,4.51237783764948e-11,-3.525642854312233e-11,-2.2392962162180673e-11,-2.1310035084578122e-11,-8.58904642199468e-11,-2.5413364643019582e-11,-7.61366927133633e-11,9.195893208826268e-12,5.298928941000997e-11,-5.2731435822565406e-11,-2.371538646129746e-11,-5.506422513404198e-12,-2.953116657464468e-11,4.557815847574807e-12,2.94011368132363e-11,-3.5294071926947266e-11,-2.1459391404835188e-11,-3.891199790463322e-11,-3.734954560485202e-11,1.354111849640558e-11,-3.324840673422839e-11,3.1690916700317164e-11,-2.1384273595246064e-11,4.333676280431136e-11,4.059884874048949e-11,-5.373535996724593e-11,4.714099796178841e-11,-4.0385663363003933e-11,-8.774203898512696e-11,6.939180190370615e-11,2.934939617031852e-12,-1.9598690568096586e-12,-2.1988543850812273e-11,-3.4141108260843e-12,-8.274942102627081e-11
1.1169540366693894e-11,2.4949663940216166e-11,-2.8257858624934664e-11,-1.4634520254645726e-11,-1.995119654831054e-11,-4.403427049801482e-11,-2.7318357817831795e-11,8.017778727028069e-12,5.798014733519472e-11,7.712171282770613e-12,3.6496469280648437e-11,-2.6284361906553405e-12,-1.1190038420916601e-11,-3.855309428927263e-11,3.2903328199190493e-11,-6.8421745408019825e-12,-1.6031434268229848e-13,3.1065729855187855e-11,-3.4370799846855855e-11,-7.621085584569398e-12,1.5000705129388722e-11,-4.994566549840869e-12,-2.9086716700984815e-11,-1.9380122602208545e-11,2.2399456981514735e-11,7.283009191032047e-12,-1.9404535849958394e-11,-1.235934943314228e-11,9.491873957723554e-12,3.9428713008003897e-11,-4.622240414075832e-11,8.362984734240413e-12,-4.846730721749597e-12,-9.858264892904807e-12,-1.021373064150258e-11,1.6064124838519595e-12,7.729197766438668e-12,6.025568280653766e-12,-1.3503105131493843e-11,-2.9617983073041227e-11,-4.465912030582637e-12,2.799661587359571e-12,-2.7368315655614204e-11,-3.5423880020308023e-11,-1.8407664614583136e-11,-5.114369860066851e-11,-1.3741818314680025e-11,-1.0595851448653224e-10
1.4118924255301801e-11,5.092670201070592e-11,-7.009535288574115e-11,1.6608005866795517e-11,-1.179150134637316e-11,-5.900073569581648e-11,1.5853321967669503e-10,2.2172449685311846e-11,-8.437322657379895e-12,2.7042176354874555e-11,1.9072601507636348e-11,-2.8022687817924695e-11,1.8416935003683556e-11,1.3012197026492225e-11,1.3821977546201546e-11,8.723826305396582e-12,-4.5940151947739956e-12,-2.7036102103068995e-11,-4.069803087211712e-11,-3.853504799682539e-11,1.8077799951613114e-11,-2.1981950974240074e-11,-5.3864630944924667e-11,2.768193502679355e-11,9.828859199390769e-12,-1.7442482508808772e-12,-1.1439578061708911e-11,-5.397598745498873e-12,-4.639119694344429e-11,-6.976966336162359e-12,-2.1708269081359887e-12,4.5734887599295845e-14,-3.2135776362411695e-11,2.8209274451811414e-11,1.8437045993754865e-11,-5.398244283260828e-12,1.0671699239677716e-11,-2.2837495825901617e-11,2.6144410328822197e-11,-6.317837232010963e-11,-3.366021937012124e-11,6.237947648603533e-12,-6.656170630659306e-11,-1.66908743360537e-11,-5.398099656167593e-11,-8.958271341451988e-12,1.0641659792770419e-10,4.630536661631789e-11
-2.638602647402842e-11,-6.401756494900538e-12,-2.3991820608119027e-11,-2.2815351470855606e-11,8.124963593695332e-11,-3.4246494224802316e-11,1.0761791239498522e-11,2.767691029977891e-11,3.959937614664109e-11,3.871055224309258e-12,7.001359469131031e-11,3.6072768142677585e-11,-3.00605503384185e-11,-9.82049505452003e-12,5.1271274181582617e-11,1.491842294288944e-11,1.3406041892323197e-12,1.0743691206123248e-11,1.9913106389487092e-11,-1.0323508620591608e-12,-1.9549244235655247e-12,7.544092524464496e-12,-5.34217256661968e-12,2.19946027586006e-11,-2.532133284602767e-11,-2.4978906993321873e-12,1.6197012162528547e-11,-2.3461895470063016e-11,-1.1146759127012928e-12,-1.281234980737923e-12,-3.6089239676006875e-12,-2.4426010021403987e-11,3.0452253679747705e-11,2.8466802430466883e-11,-1.6296062621614216e-11,-2.1113940157435003e-11,-2.167022433242013e-11,-3.762869523549488e-12,1.9290299226054726e-11,3.723647995732739e-11,1.9911109069603345e-11,1.398815937779027e-11,-4.1638328837994457e-11,5.917965660681531e-11,-3.597271860741002e-11,3.5772994620728495e-12,3.373935162891617e-11,1.2851910512679371e-10
-4.7925769643817596e-11,5.644828392413706e-11,2.433182495345687e-11,-1.2119787891850049e-11,-3.114837402699143e-11,3.562696056860077e-11,1.926017913448953e-11,1.1547889847446025e-11,-4.421221356470548e-11,-8.869279203631767e-13,3.7679458119752026e-11,-1.459250413980177e-11,8.541868065709841e-12,4.48593323774241e-11,-3.059110263276441e-11,2.0202969552570236e-11,-5.136490435526132e-11,3.487764087983687e-11,1.0178596750077597e-11,-1.0292597207912302e-11,-1.1534229205754967e-11,1.2190520600404416e-11,2.7271642373280182e-12,-3.08179471548273e-11,-1.8333890768496603e-11,3.6469557797028445e-11,3.299846808842492e-11,5.290045255106868e-12,1.3028557747936847e-11,-8.070986927968827e-11,-1.07975371237283e-11,8.222884079524151e-12,1.2626364213347305e-11,-1.6509278888392902e-11,2.556082232436e-13,1.666662540955863e-12,2.5342643338893684e-11,-3.904087369369596e-11,3.384511275914934e-11,3.488169099490621e-11,1.4744112480963415e-11,-1.0275663599018141e-11,-6.447743533968847e-11,-8.600105697220813e-12,-3.079731219375321e-11,3.7807986163420584e-11,1.8225962013598998e-11,5.4302070235934964e-11
6.481742036583937e-13,1.0103496712589913e-10,-7.6660462665962e-11,-7.468929953062501e-11,3.7433345092038906e-11,2.2883082604988654e-11,-2.5304288508831497e-11,-4.452204324005126e-11,2.398840422426701e-11,-1.4897738874545124e-11,-1.2679954313491205e-12,-6.551157661593284e-12,1.6723758690771136e-11,-8.832652377627957e-12,-5.734727696538805e-11,6.181001105188958e-12,-2.5039533047553463e-11,2.604171501963979e-11,-7.276832242329313e-12,-1.1203581137371189e-12,-7.069135251993051e-13,2.423706704337031e-11,1.3893450974614546e-11,5.176418960110302e-11,-3.069164902344896e-11,-2.087286928431891e-11,2.5434341479501894e-11,1.4485235916521624e-12,2.908821405484086e-11,-1.693516801481601e-11,5.307403447633164e-11,3.0457872620103855e-12,7.650036462682264e-11,3.394758550289772e-11,2.424102116437676e-11,-2.4368633862739128e-11,-4.859806039623827e-11,-9.129880292757432e-12,5.795205842348372e-12,6.849491125241625e-12,-2.8353556445839185e-11,3.3358817466652033e-11,-4.31801207548064e-11,-3.3341116874225176e-12,-2.2036855516259223e-11,-6.51251924174233e-11,-6.157192197913707e-11,-7.264233836074992e-11
4.809608834857297e-11,3.3130183592724994e-11,3.3461046543710214e-11,1.9894837983534214e-11,1.8924448609477574e-11,5.745992521695621e-12,-1.0298549877476934e-11,-1.7302679197340851e-13,-3.857576422036789e-11,1.8561818056687916e-12,2.1506637385056235e-11,5.896371805009677e-11,2.5361842657404487e-11,-1.2612426630999547e-11,-3.7157780353366454e-11,3.2640741683134325e-11,-5.5373510130972186e-12,2.322872106505415e-12,-1.5850884366445233e-11,-6.7429701858850066e-12,-1.2022110903673123e-11,-2.3809412862227596e-11,3.373515223011071e-12,1.9255365005541564e-11,-1.726771016932004e-11,-2.1233109815661798e-11,-3.332071530375263e-11,5.1549571815554185e-11,2.0973513409830575e-11,5.918710959062321e-12,-8.157107918604315e-12,-6.610632322542686e-12,3.912902799520428e-12,-2.534682684409334e-11,-4.366524803742693e-11,-2.287907061491068e-11,4.515603233303789e-12,1.8865739149148507e-11,1.1538104688360261e-11,4.695584912757053e-14,-2.700624304213185e-12,-1.82385281984581e-11,6.891133130514113e-11,-1.1821732718916859e-11,-2.922412040252584e-11,-7.180034254665843e-11,1.7098100776016868e-10,7.739097088664892e-11
6.60355305957003e-11,6.331278466963801e-11,-4.8503429306575394e-11,-5.458875164539326e-11,-8.74447612724443e-11,1.3501304295217963e-11,1.49238470108361e-10,-5.7874629877021126e-11,9.715714030630068e-11,-3.696213362518975e-11,-2.8818669321641657e-11,-3.023338833470074e-11,2.1842350157349035e-11,6.106316360731822e-11,-5.32080410466106e-11,3.7314441988994346e-11,9.478332538397849e-11,-9.514252380126345e-12,9.183193015710394e-11,-1.1593946049894716e-13,2.179859337823618e-11,-8.342593651112007e-11,3.105162613402603e-11,-1.5696330706770315e-11,-4.93735266618045e-11,-1.056322755533739e-11,5.1302613111664235e-11,-7.504256430458548e-12,-3.060317341801376e-11,-5.0385232547356185e-11,-1.8678698837672208e-11,3.085189677153014e-11,-1.7931085144160584e-12,-4.130389554497796e-11,-1.3651392851587478e-11,4.592815634016744e-11,2.601568934890624e-11,3.80999644297923e-11,3.965848651356222e-11,-1.533604045723806e-11,3.272493083782788e-11,-2.0669232604849655e-12,-4.598004312726037e-11,2.8739680945139323e-11,1.692401965438726e-11,4.628647903789412e-11,1.910787503194844e-11,1.1363302950239224e-10
4.508909385869354e-11,6.574577196436271e-12,4.0436702354193595e-11,-2.7061608828680364e-11,-1.581056068882777e-11,2.7919595760131657e-11,-2.2042646730395e-11,9.948284987188047e-12,-1.8924584155427138e-11,-1.1013715207474908e-11,-2.7678298030275264e-11,-3.769372041895047e-11,-3.569096675857392e-11,2.5899588012249893e-11,8.995202737323901e-12,3.2186722290708193e-12,-1.9460973445923054e-11,2.5472393979671797e-11,1.0728424573002204e-11,-2.4120984056236374e-13,8.314306907409436e-12,9.87072246831341e-12,-4.19494582606191e-11,-1.2113283814596606e-11,-4.294802360559676e-12,-1.630258843164095e-11,2.8165775829529446e-11,-1.0907593775614622e-11,-2.902607766847341e-11,-4.977780635664593e-11,-2.1951418224330956e-11,7.283307577091504e-12,-4.504987190135115e-11,1.1241278462422697e-12,-4.9818132409395476e-11,2.3275496845628014e-11,-1.6614129229788177e-11,-4.679733655140242e-11,3.206574280085258e-11,-8.805061496509287e-12,-2.1771074992407648e-11,3.8921535498146515e-12,-4.176551953674457e-11,-4.152823667620941e-11,-1.5031174973603256e-11,2.634406858750984e-11,-3.2556571662977347e-12,1.87502633288901e-11
4.698206190172635e-13,-6.3844087196772e-11,2.3217543466492515e-11,8.109784587255642e-13,8.598766743890057e-12,-2.337220576726115e-11,6.478974440999981e-12,-1.0615031873472372e-11,-9.592105536076007e-12,-2.8962633727312865e-11,-4.6134164376132466e-11,-2.588376871231314e-11,1.648598304710418e-12,2.2361190844612616e-11,-5.547917779572318e-12,2.5673828413731376e-11,-1.335431775361782e-11,-6.039415807949389e-12,-1.881673844894712e-11,3.6242663232806915e-11,2.8439012808706226e-13,-5.510063310566341e-12,-4.941775073304806e-12,-2.0575880784647147e-12,-1.2934516468266997e-11,1.2287555764770775e-11,1.1700226811719431e-11,7.064880890101497e-12,7.0747326741142604e-12,8.983330698560891e-12,3.982931583659115e-12,1.2016867034216796e-11,3.8363855017717007e-13,8.735769210922567e-13,-1.5335273318411752e-11,2.300973934886292e-11,1.1644514154315724e-11,2.340415858887501e-11,-5.314470440982593e-11,3.551608361888318e-11,5.963309133531862e-12,-2.7338182203956328e-11,2.938721068186831e-11,3.791108827680473e-12,1.1038780715011702e-11,5.139884406656894e-11,-1.292777810594329e-12,-5.3734638779462987e-11
-2.3079830929547646e-11,8.976991335518507e-11,-1.0670144168793439e-10,-5.815635793856596e-11,5.8167698655019344e-11,1.8191554970489653e-11,-4.329816889493839e-12,-4.243984832692042e-11,1.2442247177872577e-11,-2.3791266934908273e-11,-2.9193768740779318e-12,-1.33584081500666e-11,2.6093175003646727e-11,-1.213784513241799e-11,-5.264515861710049e-11,1.8038127181215317e-13,-2.5238536870468227e-11,2.8003587641187203e-11,-4.819366489911821e-12,-2.2429143050969915e-12,-1.5604165729454683e-12,2.1741823521889322e-11,1.2174688857716345e-11,5.184139289262298e-11,-3.090843783356042e-11,-2.133525228327608e-11,2.283351644103805e-11,-7.504503876928881e-14,2.990809579059282e-11,-1.688995987946409e-11,5.453902995700513e-11,1.6636305498975073e-12,7.531214223250033e-11,3.475686138150852e-11,2.5382815484932563e-11,-2.3316660856280792e-11,-4.809122412136044e-11,-9.340005404841889e-12,4.835224465689248e-12,5.652104916308447e-12,-2.697437179911047e-11,3.3527852290803526e-11,-4.353776100255405e-11,-3.92839656944683e-12,-2.2206516603687315e-11,-6.519453838009407e-11,-6.100530244491082e-11,-6.897849009731538e-11
4.927781344323e-11,-4.057342291562228e-12,3.1700220406247885e-11,3.167472431853997e-11,2.0317600674125327e-11,-4.3026051696886955e-12,1.3855454265334003e-12,9.218860171871721e-12,-2.2941967180723136e-11,7.134766257056769e-12,2.778932850435538e-11,6.167903188321187e-11,2.690854219749365e-11,-6.64015619199262e-12,-3.56081955298082e-11,2.7136658337717193e-11,-4.469422893789548e-12,2.009713777561971e-12,-1.3078386519392987e-11,-6.4105140473301775e-12,-1.3430216718103886e-11,-2.6653025466618805e-11,2.535890188982738e-12,2.035259913949422e-11,-1.787683279062128e-11,-2.3085828046838217e-11,-3.314302843978667e-11,4.92928115482632e-11,2.309885913098381e-11,4.9422942707041974e-12,-6.963460653583366e-12,-7.531242241483922e-12,2.2223707391850574e-12,-2.7172896382062042e-11,-4.247485523931788e-11,-2.4749499811626273e-11,4.901432298002664e-12,1.8742469513915616e-11,1.0807323438280174e-11,-8.465991615837236e-14,-2.1638236267898844e-12,-1.8858430726838178e-11,6.919716528673994e-11,-1.2098647791345103e-11,-3.100989671019513e-11,-7.192642336128056e-11,1.6983504772461652e-10,7.663738087105158e-11
3.111875853989122e-11,5.642031922916153e-11,-9.515831177951116e-11,-6.62433361514664e-11,-7.74752802474771e-11,1.963374228786292e-11,1.3934542553835546e-10,-7.244573258110446e-11,8.427622295246553e-11,-4.728710658727507e-11,-3.5325614498287065e-11,-2.2394909429495603e-11,2.1346787038945194e-11,6.33046659354492e-11,-5.293825529288124e-11,3.329354739518962e-11,8.934281870791078e-11,-3.578866064270693e-12,8.721537058780837e-11,8.402218610278632e-14,2.832932693668429e-11,-8.239366130541402e-11,3.3483915363441915e-11,-1.2275961899096165e-11,-4.971892875450364e-11,-9.845038085906365e-12,5.145222916340043e-11,-7.850025244025398e-12,-3.17684264281753e-11,-5.0461047651160626e-11,-1.960266587616748e-11,2.8853628173862508e-11,-1.2464042498220902e-12,-4.165019910872669e-11,-1.3483775994055362e-11,4.727977301888125e-11,2.62815673800699e-11,4.024060257070524e-11,4.055007263759381e-11,-1.4128353446822906e-11,3.276464445315918e-11,-9.592920583065701e-13,-4.7064401130006165e-11,2.862681017081802e-11,1.6947658622687777e-11,4.972196573667252e-11,2.0410790786231457e-11,1.172423716166109e-10
3.0286678197802706e-11,-5.083042800643342e-12,4.695295538385073e-11,-2.2751234580341747e-11,-8.996064761100592e-12,2.508111587148491e-11,-2.095988029295062e-11,1.0362018139152438e-11,-2.8299848035770693e-11,-1.2213687878720348e-11,-2.240828118534641e-11,-3.815947861486813e-11,-3.8451270191621316e-11,2.349692487191774e-11,7.941679482694482e-12,3.28090236294762e-12,-1.7944742321554248e-11,2.467048287692991e-11,1.043709319294989e-11,-7.35659868229029e-13,8.112100617570795e-12,1.0206943088134132e-11,-4.191280735080026e-11,-1.1896829002090763e-11,-3.3804130589199477e-12,-1.641869513270567e-11,2.7462874430444728e-11,-1.1465363052035002e-11,-2.889461869812102e-11,-4.925385833470653e-11,-2.1990843909342484e-11,7.251183750076965e-12,-4.4925682526664476e-11,6.781103851112421e-13,-5.0049777649736676e-11,2.3079590841544916e-11,-1.6842118505958597e-11,-4.643468573879363e-11,3.267033565543028e-11,-8.831709272914447e-12,-2.2105403677474325e-11,3.5637662271502436e-12,-4.225421465040259e-11,-4.2028712312718476e-11,-1.4933224985850553e-11,2.5925386244811964e-11,-3.4380433418849103e-12,1.5125451650552043e-11
5.42411829976068e-12,-6.668198819460284e-11,1.6724774633510923e-11,5.748285934138179e-12,-9.878116381312785e-12,-3.0852644441315006e-11,8.119315164497378e-12,-1.216255453725857e-11,-5.267995295295332e-13,-2.8874776183665242e-11,-4.612394810549283e-11,-2.443339237489824e-11,4.237221408281708e-13,2.2224499991903293e-11,-4.647091527060177e-12,2.5718330063174434e-11,-1.3037514595257757e-11,-4.3910607367603076e-12,-1.8577907993760017e-11,3.577211987938368e-11,1.4918397542726477e-12,-5.327479692567774e-12,-4.6968034851312156e-12,-2.6204076854206307e-12,-1.2856918310952346e-11,1.2061286261159322e-11,1.2147398839840979e-11,7.07726556151361e-12,7.2159989304781895e-12,8.886446267087285e-12,3.990625758137926e-12,1.1702808792615684e-11,-4.578145422477916e-14,8.194800936431801e-13,-1.560420977663102e-11,2.2668383126681736e-11,1.1694608518125194e-11,2.333233007919388e-11,-5.32002372450259e-11,3.606406255197527e-11,5.498698021140863e-12,-2.7671063527230844e-11,2.944709434574943e-11,3.691735667755829e-12,1.0930841741107338e-11,5.157111858832315e-11,-1.2928181893066013e-12,-5.4061118124179744e-11
7.307523321913811e-11,1.308504869842817e-10,-1.2838923128922712e-10,7.874492193551175e-11,1.5311043760241817e-11,-4.58642226707921e-11,-7.834752914433982e-11,2.5990505910990497e-11,-1.1776269059778818e-10,1.3709815154323463e-11,-1.0235333531377942e-10,7.451738691292928e-11,1.0004888706484155e-11,-1.3344333201181229e-10,-9.690414134525188e-11,7.101064229274911e-11,-2.3324816721013058e-11,2.395663041225042e-11,8.59427174502588e-11,-7.069230178301163e-11,-2.2709148242530943e-11,4.8084857519061963e-11,-2.5404517892053552e-11,-3.841951988069336e-11,-2.5255657438970888e-11,-2.0521861486308538e-11,-4.6321304862325434e-11,1.6326631986112576e-11,-5.987588688844601e-11,6.502143720510329e-12,2.1469289682178285e-11,-1.5461993802431893e-11,-1.4599237161701546e-11,-3.383708954510549e-11,1.8371735978490137e-12,1.5728197182034083e-11,5.133573371964887e-11,2.000191257067552e-11,-4.8249025718087e-11,-1.1135495451783853e-10,7.621177247881676e-11,-7.300725534938917e-13,-2.4997987178495277e-11,-7.676395648160063e-11,5.752068557265982e-11,-3.165777026467881e-11,-1.1120951938875093e-11,2.9499331820564314e-12
-9.668554520691403e-12,-6.5465308874191735e-12,-9.04962389725725e-11,4.2944951289028775e-11,6.626594924240737e-11,4.734555924252516e-11,-6.404980791546026e-11,-5.3472150734046923e-11,-5.1304746829340245e-11,2.213483863480299e-11,2.3758403288990943e-11,3.840637306198811e-11,-4.780480920266352e-11,1.7174299069335856e-11,7.517967370141278e-11,5.737491063017207e-11,-7.456917830915063e-12,-6.15285229090929e-11,-4.5843588861805556e-11,2.9777921099982447e-12,-2.199844282064082e-12,-9.675264460052295e-12,1.7537636095821947e-11,2.7497450931887695e-12,-4.2722660082657174e-12,-4.3716579661774683e-11,-2.0132549566097987e-11,-2.1287774547063504e-11,-8.102937958420938e-13,-8.859628331410207e-12,-4.613884633062081e-11,2.47000730868859e-11,-4.584094256907933e-12,-7.13737550014124e-13,-2.5554402401061883e-11,5.0734139495398605e-11,-1.6152002603153148e-11,-3.848438603918974e-11,-1.2063848776690372e-11,1.4683272334026692e-11,7.268908795927248e-11,2.1314418243758032e-11,-5.793152562147425e-11,-1.0985719826116905e-11,2.6504796049923066e-11,1.7027994871531365e-11,5.949964999947813e-11,1.0159037684163827e-10
2.333305284873337e-11,-6.272565626880376e-11,2.7831538569452732e-11,2.95342870692266e-11,-4.906533977051302e-11,2.584239008613555e-11,-9.372547564113452e-11,-3.9650985930276236e-11,1.3684349999616063e-11,-2.4567716671403493e-11,-1.2204346138605678e-11,1.6141417599688673e-11,-2.2996312584005615e-11,-3.5844205144601443e-12,6.830693846255416e-12,-8.056121203748782e-12,2.6016248771230895e-11,2.775661347301458e-11,-2.59562812246751e-11,-3.867697273725257e-11,1.3093378791262826e-11,1.9905842526840104e-11,2.0955940393347567e-12,-2.6415223572844404e-11,4.198427589144591e-11,1.1997262585231319e-11,-3.392241540979375e-11,2.5284653174765595e-11,-3.372857116673436e-11,-3.249767101468185e-11,1.8041894825124278e-11,3.450179074616759e-11,2.6442067997966098e-11,-3.543646429581888e-11,1.28844981631941e-12,5.0290809742177e-11,-1.6259573293402152e-11,4.950149108795556e-11,-2.1535223495064656e-11,9.540632290962837e-12,1.594786176811153e-11,1.917102047353258e-12,2.8202003207031025e-11,3.544226925512859e-11,-1.5791133441050405e-11,-4.162692814515693e-11,1.236864585383866e-10,1.9539928186833823e-11
-1.5813262905907018e-11,-3.217588013740285e-11,5.911061154452718e-11,-9.309431378180018e-11,6.204911557256196e-11,8.090950748636473e-11,-7.945222275539644e-11,1.2521252401185092e-10,4.808051939708767e-11,7.301352837262e-11,2.4464020556465943e-11,5.6652532462561745e-11,-1.6242717845962073e-11,-9.535640163865256e-13,2.2450420000568158e-11,7.139390742628117e-11,-2.0675742765843824e-11,-1.1204159100729747e-11,-1.8243622039398328e-11,6.6894589131560324e-12,-2.4086461405060834e-11,1.9928252690358685e-11,8.554961067491088e-11,-4.3507875990903884e-11,5.295255944346497e-12,5.991812244012432e-11,2.2960904439305758e-11,4.434213152257074e-11,4.626098682089622e-11,-1.913336868712225e-11,3.5976075356566915e-11,-2.7834910511417254e-11,-1.9224984061408164e-11,2.770058979727664e-11,-4.254153248743917e-12,1.4355028279079444e-11,-5.486673535278253e-11,-4.1577951711303394e-11,3.298448597532541e-11,1.939403342174308e-11,9.649578834051117e-12,1.0710783158547256e-11,5.170978980375792e-12,8.292969564426494e-11,-3.476560802864483e-11,-3.405953476143554e-11,-5.786976420112287e-11,-1.5278191399982543e-11
-4.250067264010995e-11,-1.6743013580852782e-11,1.9635499609368883e-11,-2.5525028161462803e-12,-5.327225754468844e-11,-1.1137216251411193e-11,8.746427431529642e-13,1.4223759953321548e-11,2.6899874675771448e-11,-1.6855994842936763e-11,-1.240983918549965e-11,1.3512662729729541e-11,3.122080385690993e-11,-3.999753000494358e-12,1.6114435617919764e-11,9.723835102646825e-12,4.931547708897696e-12,-8.058782300462714e-12,3.3713935349745995e-11,3.500843257846276e-12,7.054397630221029e-12,8.85744592627944e-12,1.7244545367148222e-11,-2.074670832702433e-11,9.436296936539209e-12,5.765906808979879e-12,3.826468931435172e-11,1.3549851231950482e-11,1.194527433944645e-11,-2.001404675539827e-11,2.1229886113328406e-11,-6.401071675172397e-13,1.4139500758110354e-11,-1.7047474942654443e-12,1.6234335772803947e-12,3.783740442105905e-12,1.318538447135516e-11,2.90604370259059e-12,2.6889550289958208e-11,1.6607839107182914e-11,2.730451964035795e-11,6.5425725105531835e-12,7.801817928569095e-12,-7.671907817415602e-12,-6.058781755406683e-12,2.2371139160596574e-11,-3.7274902723489927e-11,-2.4327828850054617e-11
9.736926326170401e-11,1.3637306194723501e-10,-1.2949973447410674e-10,8.90682652315372e-11,1.34630098462603e-11,-4.0969692280874436e-11,-6.711897564275203e-11,3.0247461116020973e-11,-1.0712639432919193e-10,8.492976955891176e-12,-1.0511175913843699e-10,6.176590929479681e-11,5.24117770513528e-12,-1.3069899118975546e-10,-1.0238627173508546e-10,7.117013989281292e-11,-2.4695720287027605e-11,2.462478838147434e-11,8.469878616006768e-11,-7.356344124883254e-11,-2.4661836091558004e-11,4.300749600273133e-11,-2.9892758028827124e-11,-4.2065499965233725e-11,-2.8993349688898897e-11,-2.2199267204626274e-11,-4.639976464772564e-11,1.543309022420212e-11,-5.6793962604565997e-11,7.674388594048233e-12,2.1820025343363933e-11,-1.7867172118469927e-11,-1.72171023220247e-11,-3.630889898744676e-11,9.200461334560783e-13,1.5085753581240065e-11,5.1214234319288374e-11,2.115999818688823e-11,-4.9327062787296066e-11,-1.1071380869013085e-10,7.63476343742726e-11,-1.6202784788031195e-12,-2.5598123277125903e-11,-7.88658261691062e-11,5.5689340533400313e-11,-3.389036213917141e-11,-1.5570201145368408e-11,-2.3557400714885757e-12
-2.2731538187531572e-11,-2.726804013509904e-11,-8.995885152206409e-11,3.6941369450799364e-11,5.763498076937822e-11,4.225315665557437e-11,-6.144114170961908e-11,-5.0866283430778603e-11,-5.0870258337482796e-11,2.279816092086984e-11,3.246949232934315e-11,4.2370981575904315e-11,-5.31552643837061e-11,1.293229557279779e-11,7.502284528730943e-11,6.423319531981802e-11,-1.4503116749332138e-11,-6.351330037233485e-11,-4.321051485387934e-11,8.141380857438611e-13,-9.058969472300157e-13,-9.490492737870498e-12,1.7448808982843763e-11,2.1585614076707395e-12,-9.244326983949753e-12,-4.631172399526975e-11,-1.7684785281872874e-11,-2.555615266344167e-11,-2.2874217311275223e-12,-1.2034107842645772e-11,-4.29506090449998e-11,2.3989445384844532e-11,-4.4275736844588705e-12,-1.5355104773900412e-13,-2.549181113585414e-11,4.794444889153547e-11,-2.1682590543844187e-11,-3.762920198697884e-11,-1.003651862863578e-11,1.3532107435962033e-11,6.962291541654859e-11,1.9946288782675238e-11,-5.670073925860768e-11,-1.243695784571453e-11,2.6887695202952722e-11,1.564499942660857e-11,5.906722736854529e-11,9.901764248705156e-11
3.325050470097168e-11,-5.4249012400363874e-11,3.2705429628533525e-11,2.336217721050029e-11,-4.131814728336063e-11,3.406189223503249e-11,-9.307392984540261e-11,-3.1237626428471576e-11,1.2740008058936291e-11,-2.6523858869312404e-11,-1.2480451828933252e-11,1.620867422283242e-11,-3.082868471109964e-11,-6.057354548391402e-12,9.079065953248378e-12,-6.600338071274936e-12,2.7480601259838604e-11,2.698795121170197e-11,-2.786503847335243e-11,-4.1197244386860594e-11,1.3409095234018951e-11,2.08641236715379e-11,2.396423474010261e-12,-2.6096904381020815e-11,4.326333411449307e-11,1.2825991685751063e-11,-3.3152700482662406e-11,2.5170898638790135e-11,-3.3979998683490365e-11,-3.327844153242593e-11,1.7341092605076284e-11,3.370610599475326e-11,2.770579938002922e-11,-3.5045014719416784e-11,2.0457593285624156e-12,4.9648218120678914e-11,-1.615126577236166e-11,4.978431468146091e-11,-2.1678744249031485e-11,9.621645882782478e-12,1.6030717073630593e-11,1.3919031860080842e-12,2.9058307314533576e-11,3.585001736357584e-11,-1.5150229065200467e-11,-3.977603260428532e-11,1.2442820663048134e-10,2.453729696991151e-11
-8.092520284501676e-12,-4.79859464418289e-11,3.3110565830015114e-11,-1.0309828668261933e-10,7.364273664191044e-11,9.416670794421054e-11,-9.007793785840984e-11,1.1849440052184752e-10,3.7041235083751466e-11,7.821916084373554e-11,1.3369940794608824e-11,6.592404226257332e-11,-1.8609583311409088e-11,6.27213050455162e-13,2.3786812811427676e-11,6.92825199861731e-11,-1.8354264874969175e-11,-1.4515161784470748e-11,-1.9352244258323335e-11,9.61232824769779e-12,-2.701144720552137e-11,2.3491017159952083e-11,8.683815825845189e-11,-4.11546263497543e-11,1.0130363490983361e-11,5.905505127904855e-11,2.6669843677161805e-11,4.411509054360128e-11,4.474065259082864e-11,-2.0206746673125154e-11,3.247721171670407e-11,-2.19390807120632e-11,-1.7289693739139818e-11,2.8568023711296496e-11,-3.9790360228137646e-12,1.3665588574485224e-11,-5.345282786666641e-11,-4.15616738888345e-11,3.524903840050107e-11,1.8054015099544132e-11,1.0190415747675711e-11,1.2345921128839349e-11,5.40714498797334e-12,8.359211136729167e-11,-3.39736686797878e-11,-3.2526648788050336e-11,-5.4423362560551305e-11,1.4054452482137403e-12
-5.5055046689179045e-11,-1.6302984231120832e-12,1.2191172406848634e-11,1.2815498166614194e-11,-5.232564023385918e-11,1.58706774739886e-12,7.960282196527235e-12,1.037613669054056e-11,2.561398350982254e-11,-6.861047346977388e-12,-7.138642215279885e-12,1.5837768252218905e-11,2.578572511076395e-11,-4.154620080842147e-13,1.643301295557246e-11,1.0122603948563603e-11,7.846071969054096e-12,-8.12864915157939e-12,3.116353632703144e-11,1.7620157649888149e-15,8.079012008060408e-12,7.872490255492536e-12,1.684733945673129e-11,-1.7235403738104042e-11,1.2082287303352958e-11,8.870736732885314e-12,3.746678756107309e-11,1.6326174278995414e-11,1.0593886771635948e-11,-1.865797854844232e-11,2.1062365015798627e-11,-7.31081228662315e-13,1.295469801331966e-11,-8.394258575617776e-13,1.5691701889943698e-12,3.176773806796401e-12,1.3626156032913539e-11,3.4873390813059935e-12,2.7367776102654365e-11,1.581983653297027e-11,2.6776481209498972e-11,7.590785105818037e-12,7.785979166231903e-12,-8.073420742239994e-12,-5.549356569746296e-12,2.2003921288987806e-11,-3.577382237592551e-11,-1.9378377559768684e-11
2.196393322921044e-12,-1.8130753488356323e-11,5.9508379569337035e-12,-4.011657949979992e-11,-1.5784444246063497e-13,4.7546548381631045e-12,-1.1010815373753115e-11,2.976107655576219e-11,-5.90733553271857e-11,1.4063721647440463e-13,-1.1177648985248452e-12,-4.910649110370054e-11,4.836555727294328e-12,4.861293314011405e-13,3.59177499742197e-11,-2.923463967033877e-12,-3.15941842519693e-11,-8.323133547606396e-13,-3.734749357988001e-11,6.0490329499607075e-12,-4.297788383101214e-12,3.2909038433878546e-11,-5.061941197978529e-11,6.190892228957538e-11,-2.1410133414845346e-12,-9.523314232513399e-12,4.46762832357088e-11,-1.2802844179066153e-11,2.074505813467526e-11,-4.669863659104842e-11,-3.749763424303493e-11,7.326860010933764e-12,-6.50826669001049e-12,-5.573535509711981e-11,1.2143907647685088e-11,1.1692175818520094e-11,-2.0228079579559502e-11,2.022549405059373e-12,-1.5350404375893215e-11,3.3358909903235985e-11,-1.638769280587558e-11,1.3608952710055949e-11,8.302875365947755e-12,3.101038544975148e-11,1.871599912076172e-11,-3.551878484807477e-11,3.185630072449222e-13,-5.215133264336478e-11
-7.754538747028377e-11,-4.0672303085687625e-11,-1.503953750214327e-11,2.366190727087235e-11,-3.879263187162109e-11,-3.4654737318944597e-11,-1.2613580463030518e-11,-1.958541624987284e-11,4.417801287095142e-12,1.309741372284995e-11,-4.177354912466092e-12,-1.9708829499264095e-11,-3.3259344563141197e-13,2.630549624418718e-11,-1.1052802729554495e-11,2.31827135124432e-11,-1.2977187753443526e-11,-6.131029018369087e-12,2.3737520594259133e-12,-2.2535430872780335e-12,-3.661426782808984e-12,-3.4604865331773172e-12,-3.1318940086386036e-11,3.955043708738881e-12,1.7076706192389056e-11,-1.1978681508131617e-11,7.227231363872184e-13,-1.7739633743563386e-11,-8.432356562391825e-13,1.5363115703728948e-11,2.8041155571635253e-12,-4.487925404293722e-12,-2.849365853421022e-13,4.0108621670108006e-11,1.0801751978576567e-12,-2.4229563077734114e-11,-2.6225037597648368e-12,-3.189867774269303e-11,3.651654936592055e-13,-9.829008420932813e-12,1.0378668760172083e-11,-7.137043230360866e-12,3.2208899094943225e-12,-2.1979354680344263e-11,8.14392479148969e-11,1.158038549608282e-10,-5.979780229125673e-11,6.09462478420783e-12
1.445018831179865e-11,-3.5665299792928807e-11,4.035422351277102e-11,-9.510803256567607e-11,-3.356696687115856e-11,3.260385124858504e-11,1.6360499332900142e-11,5.675376056860465e-11,8.707549009936612e-12,-5.955406344319136e-11,9.806645467450536e-13,-5.647073747903284e-11,6.09580506130148e-13,1.3817281914183954e-11,-2.4213806289397993e-11,3.3721775428556587e-11,2.4481297699511377e-11,2.2179854162642896e-11,-1.146327289662887e-11,5.287645951442475e-11,-1.1268881787054768e-11,1.3084548052568431e-11,1.7706426806351346e-11,-1.2295376694671226e-11,3.8866000959948964e-11,1.6988023426340078e-11,-1.2647836025728203e-11,1.3859326608026718e-11,4.7714326530647664e-11,1.2273019568569415e-11,3.282811691409977e-11,2.2019716337061788e-11,-7.278896625816494e-12,2.3361586465710874e-11,-2.5371089192621644e-12,3.3541532649219e-11,8.023089201569493e-12,-7.48006715975921e-12,-5.013217646600227e-11,-1.0848603400992888e-11,-6.954103827335188e-12,1.7663743529745608e-11,-2.1417311587873472e-11,3.5970115824953028e-12,-3.662195642988394e-11,-3.0189599504318774e-11,-7.463088701255893e-11,1.282000736022848e-11
1.8431936869163526e-11,6.346012488912212e-11,-1.0823970865807579e-11,-1.4026226125532128e-11,9.028732313864342e-12,7.118912069761708e-14,-4.088411737433496e-12,-1.3223372372754241e-12,5.130115973234955e-12,-2.0701378703158458e-11,2.857997584184852e-11,3.61642542328789e-11,-6.703273376184032e-12,5.094941264133236e-12,3.378663300752267e-11,-1.6063769271235342e-11,2.5360576073536457e-11,1.516813755686915e-11,-2.3088644473856612e-11,1.9301765274558917e-12,-1.1942766192247977e-12,2.317580881544954e-11,9.894423732221275e-12,-1.2387109454078599e-11,1.1988018702728522e-11,7.336112228914214e-13,1.2702693929909069e-11,-4.761662226355746e-12,-4.082820042182489e-12,7.944640836091009e-12,1.6615137940990894e-11,-8.352160960916895e-12,1.2615174069029607e-11,2.066750846560392e-11,-1.7342509900391583e-12,-7.151940648484742e-12,-5.860254037013532e-12,-3.6426079154512545e-13,-6.88638098171107e-12,-1.9117873489388563e-11,-3.162676622857545e-11,-2.0357266123882795e-11,3.5271305663722898e-12,-3.4722569364293515e-11,1.706801716706765e-11,-1.9506680772732527e-11,-3.138137862936791e-11,3.298594521719119e-11
-1.1586174037721501e-11,2.7037307550375782e-11,1.0882078795345831e-11,3.741252760315789e-11,-8.730102178728242e-12,-4.122328313408147e-12,4.835664171423876e-13,1.0562096288401422e-11,-1.921004826525818e-12,-1.4883650321523774e-11,-1.0040009704251879e-11,-1.9748893614518187e-11,5.068229050553194e-12,-1.9186778202555935e-11,1.8658595914375627e-11,1.7121187620996754e-11,-2.2522819926654938e-11,-1.5085933190341443e-11,2.721724777507324e-12,4.107806148355806e-12,-6.560711507592939e-12,2.0745142818366974e-11,-2.7379303332214483e-12,-2.6903864929901122e-11,-2.354982320290389e-11,1.513936846074971e-11,-6.226594244135632e-12,-2.562760745433389e-12,-3.846714745580322e-12,-2.1334278447273783e-11,9.773033328819987e-12,-2.8592445828123283e-11,1.8813792289445595e-11,-7.990824601683695e-12,-5.910499710505752e-12,-1.4817469998986517e-11,-1.8544111254326838e-11,-6.118307344669786e-12,1.8998860390119515e-11,-7.560727772604555e-12,-1.4550131880184637e-11,-3.193839861073412e-12,9.549286976223557e-12,-1.6101617245828592e-11,1.464016111591783e-11,-3.085757383433628e-11,6.023130703622014e-11,1.10384642331626e-10
1.4209544023817585e-11,-2.139056463201081e-11,7.923431653222163e-12,-3.872944615461051e-11,-3.049794298224279e-12,9.107722997892641e-12,-1.7077651100759911e-12,3.064020006891073e-11,-6.199492988151303e-11,-3.329329149421239e-12,1.0314616343584224e-11,-5.0461561161845566e-11,4.163402047612501e-12,6.451241247152142e-13,3.9200479896974665e-11,-3.152646266522447e-12,-3.4574587145074324e-11,-1.850903518156092e-12,-3.5615123031186025e-11,3.980026281563479e-12,-5.495029967358184e-13,3.423791176069741e-11,-4.917114732581175e-11,5.953868550574162e-11,4.065275034315877e-12,-1.2228743434655406e-11,4.750245241611884e-11,-1.1263629642753287e-11,2.7215778999362034e-11,-4.539431337469868e-11,-3.536319291666922e-11,6.817964941798597e-12,-6.371487592100017e-12,-5.7039423936901675e-11,1.0521839712950505e-11,1.087647506016373e-11,-2.0665618815100003e-11,2.692205535427559e-12,-1.623122661814038e-11,3.1957768396344963e-11,-1.6586804552787566e-11,1.3889569337357625e-11,8.287482352569682e-12,3.092477581927526e-11,1.9841928527358638e-11,-3.421818967672993e-11,2.2994430285169057e-12,-4.422804028911066e-11
-5.841553805176142e-11,-5.3685250542614574e-11,-5.3095689887096105e-12,1.9588502007291938e-11,-3.489964131693545e-11,-3.116562272885132e-11,-1.688571843697354e-11,-2.2488203609653186e-11,4.9835329652201895e-12,1.974192348461338e-11,-1.3492131250961818e-11,-1.384571881640475e-11,2.7267586553625792e-12,2.727666764567954e-11,-1.1304821883131332e-11,1.9095854745863968e-11,-1.5582989173274104e-11,-6.682808896643402e-12,4.765160466323049e-12,-8.622222313676152e-12,-1.7477494714287117e-12,-7.69215737987472e-12,-3.01551944432047e-11,3.067341713337636e-12,1.7941459144749787e-11,-1.1611645178768841e-11,-1.9134085718443938e-13,-1.5716746321531787e-11,-1.0829107585006077e-12,1.5633574163791274e-11,2.3692708751418172e-12,-3.5154568375836202e-12,-2.398567142828023e-12,4.141097392001601e-11,-5.546084893025399e-13,-2.2388100072149134e-11,-1.3538336599957507e-12,-3.141784940390939e-11,3.192169924887091e-12,-1.026204139441242e-11,1.0561692765808971e-11,-7.003867178652745e-12,2.6580932063706384e-12,-2.1424065822871586e-11,8.123339522075566e-11,1.1653175324070132e-10,-6.05963509116006e-11,6.299591891042687e-12
2.420115486326829e-11,-1.3181258357221939e-11,5.2095178592352736e-11,-7.483754283189574e-11,-3.1358809065656394e-11,3.9028410033030866e-11,1.328108459429751e-11,4.9113787724942395e-11,1.0374420505101465e-11,-5.5494111451188284e-11,1.0560454525307067e-11,-6.086517322586617e-11,-9.545617492672256e-12,1.6156948457342033e-11,-1.9941132588136048e-11,3.085806150276176e-11,3.5873007257109763e-11,9.180078775186307e-12,-1.3862694468535473e-12,6.001819538936153e-11,-1.436355537203478e-11,4.99576124797759e-12,1.1920049354730076e-11,-1.7198463669495554e-11,4.117909740712414e-11,2.084326179910421e-11,-1.3667692579333454e-11,1.054766521923162e-11,4.709788992588314e-11,9.76661702772151e-12,3.445908167568421e-11,1.8430292464385007e-11,-3.4865006314436805e-12,2.4877772261030102e-11,-4.256014093306497e-12,3.214623367717039e-11,8.207802030091203e-12,-7.097183845462014e-12,-4.34963476300893e-11,-9.657112332643506e-12,-8.287973921522624e-12,2.2901600956042827e-11,-1.9911482697784302e-11,5.829204684693388e-12,-3.658112717786331e-11,-3.063672005736214e-11,-7.481251288506353e-11,1.3348265291364368e-11
2.6873377972585906e-12,7.404120396759378e-11,-1.3822837965184332e-11,-1.871977427537355e-11,7.299733611385215e-12,5.143799573648468e-12,-3.688869132908868e-12,4.405373076960218e-12,7.427546017510925e-12,-2.165179807915757e-11,2.7392075723367304e-11,2.9093072932543243e-11,-8.370177508496247e-12,8.350356611473271e-12,3.5055891428217864e-11,-1.4075086019859574e-11,2.0954999894722346e-11,1.7237956410424023e-11,-1.814970972072697e-11,-2.74804572676118e-13,-1.946593057768218e-12,2.1187549767670183e-11,8.907100895387148e-12,-7.672853748528747e-12,1.19416190423695e-11,1.0123905007503025e-12,1.2356746141936725e-11,-6.109297441511469e-12,-7.469193881593564e-13,6.271178856500811e-12,1.5711467768945805e-11,-9.632211860574705e-12,1.301275075438983e-11,1.8436854720756892e-11,-2.9079192034788195e-12,-8.246054444899946e-12,-4.3335464682434165e-12,-4.664728400189871e-13,-6.550432588815273e-12,-1.7867432162266977e-11,-3.0920151490010794e-11,-1.9931018242600983e-11,4.508859411408408e-12,-3.400293906754648e-11,1.7653459416488067e-11,-1.885312077116153e-11,-3.062103632675482e-11,3.525267072249249e-11
-8.683743027322905e-12,3.073599553448794e-11,1.840825799555952e-11,4.112987725752573e-11,-9.697102055441687e-12,-1.9560869109239707e-11,-2.796070410348305e-11,5.381622322009392e-12,-4.141621261831951e-13,-1.651865108084e-11,-1.4214001482535902e-11,-2.3217618797515e-11,5.0585602961510494e-12,-1.9164501504598254e-11,1.1368306953241595e-11,1.650181677337031e-11,-2.417901970375341e-11,-1.9574257466881574e-11,1.4161499527807453e-12,2.5369731531836712e-12,-9.487143321598298e-12,2.1428373490368695e-11,-4.534181137277695e-12,-2.7463767806226972e-11,-2.5214113966248255e-11,1.565150950264059e-11,-9.366056023104339e-12,-4.175188955708289e-12,-6.009447445772639e-12,-2.235345826636571e-11,8.13273643694944e-12,-3.093290677160035e-11,1.6609354854682045e-11,-9.174697980922928e-12,-6.683061740369732e-12,-1.6040252842461444e-11,-2.060118147574451e-11,-7.867947562958575e-12,1.8016397171484364e-11,-8.69650801811792e-12,-1.614269537269749e-11,-4.75459387053126e-12,7.3779702938328e-12,-1.8568888752480993e-11,1.1550489674546008e-11,-3.529254567611065e-11,5.323693227537172e-11,9.687712819993096e-11
-5.9661617000418735e-12,-5.149183101351757e-11,-1.6665364638951917e-11,-4.994726981807453e-11,-1.3607186514929177e-11,1.7621470502896704e-11,4.420977507386534e-12,-4.660661172252692e-11,1.6024367629830948e-11,4.077202257953861e-11,3.252250355422196e-12,-2.0162206605549734e-11,4.48570593870434e-11,1.251336616743832e-11,8.401121137231363e-12,-1.0039151835752248e-11,4.7006179382286644e-11,-2.4608692184906743e-11,3.3341239391287865e-11,-9.970830095500945e-12,3.009418291945119e-11,-2.308123959675653e-11,8.654205960828835e-12,4.0328534438065015e-11,4.518668417957827e-12,2.5586921016909816e-11,-1.665454723078835e-11,7.698956989467535e-11,-2.5087907447636418e-11,2.5792279230229803e-11,-9.307701386678924e-12,2.269155259943678e-11,6.823986814143527e-12,1.8651455550970218e-11,-4.0277321152026504e-11,1.7736502382532943e-11,-1.1420180864967691e-11,1.7528253617007812e-11,1.3949576714632176e-11,7.793803046890734e-12,-1.1732577256805116e-11,2.1749825355982704e-11,-1.559014849663414e-11,-2.4374453039431707e-11,5.6637947001792505e-12,7.398865030946565e-11,4.54313670712298e-12,-1.6507716760661465e-11
4.7277186678406035e-11,4.8260079367763845e-11,-1.7114716211471455e-12,-3.7068144518826695e-11,1.1138103205431985e-11,1.6181452352846092e-11,6.347045866527523e-11,1.254963258362552e-11,4.0511530005743285e-11,7.438555714336053e-12,2.8439429994672474e-11,-4.296506799278688e-11,-3.696840229500138e-11,5.0451392079051764e-11,-1.8045495513717488e-11,-2.191966377701462e-12,-3.899864143769272e-11,-4.613064809269069e-12,4.382234765879615e-11,-1.4092781614999006e-11,2.0827116359519483e-12,-2.0979818764634678e-11,4.022948364027772e-11,3.276663816684377e-11,4.8233888624308644e-12,1.2092307698299488e-12,-5.5105833718098447e-11,3.551901115893752e-11,1.222797811055433e-11,-1.4620282058413758e-11,1.1464146123680828e-11,-5.866965740740048e-12,-1.5052143320286008e-12,-1.9678571571738046e-11,-1.2145704878478305e-11,-8.650316904942998e-12,2.1043619461908625e-11,-4.3067839104371854e-12,-2.013377964626773e-11,-2.5620288661160248e-11,2.626572372144787e-12,1.176248757738722e-11,2.019178893063116e-12,3.9578629986301945e-11,1.6712631612342388e-11,1.1747592631581053e-11,1.1767682147253361e-10,4.477615249328563e-11
3.808553412395678e-12,7.564268094188701e-11,-3.574128460870766e-11,-2.4837315632193003e-11,1.1622429920506094e-10,4.807347056557828e-11,-1.6477419645996296e-11,3.998494262795801e-12,-1.3538654904033176e-11,6.296170000736884e-11,-3.33557803016389e-11,9.545246677957428e-12,-5.078185016381918e-11,2.8751300233233147e-12,1.9515669023271126e-11,-1.324254784853181e-11,-2.569215887661252e-13,6.87689992804416e-11,1.55317284037891e-11,2.8015013474082235e-11,-2.1835641401306286e-12,1.3933213778408476e-11,-6.25954426358036e-11,3.57158694023296e-11,2.0421023236439776e-12,4.770451690326509e-11,-1.5989034121652295e-12,3.531073256656921e-11,6.200963126308843e-11,1.5547735242179903e-11,1.0170319461554502e-11,7.773742560918034e-12,-2.7264762417798843e-11,-2.1963086662478835e-12,-1.9901206207126635e-11,3.3687903533566723e-12,-9.658077283006783e-11,1.5771991464063817e-11,-2.7217392651824046e-11,-4.124538375999687e-11,-3.23846834094124e-11,2.9873654812836963e-11,3.598858334438098e-11,-1.2722461085461573e-11,4.426133054863619e-11,-2.6235636243440006e-11,6.0477516869544155e-12,-6.231042570585309e-11
5.967119076145231e-11,-7.137881007583523e-11,5.911434236045093e-11,5.6708791223406055e-11,-2.085140016690891e-11,-5.35106915306549e-11,3.066797174715189e-11,2.353501873111434e-12,1.1223277605750115e-11,5.369264664039228e-11,7.837648393039681e-13,-2.6265980398211723e-11,7.637619030570384e-11,-7.86649886302741e-12,1.6338506353026984e-12,-2.1040181879921355e-11,6.946870935629938e-11,1.8352495483979304e-11,-8.118719626134918e-12,1.2189880069143946e-11,-1.2864014212258743e-11,-3.34491486111608e-11,-4.455004908226956e-12,6.558192368675712e-12,-2.3373998434047497e-12,-3.9601986305487675e-11,1.1354087087867112e-11,-2.8516501954596766e-11,5.1591663661043884e-11,1.9259659485674318e-11,5.976150630896656e-11,3.048545339383277e-11,1.0424339922614802e-11,1.5286491265929125e-11,1.504278124380045e-11,1.2220460132522604e-11,3.967597136837918e-11,-1.2548713020142379e-10,4.280151761877242e-11,-3.1944475728154433e-11,1.654535035012111e-11,-3.3349827025620075e-11,-5.524449518804594e-13,6.9962667626166e-11,1.3899944068575352e-11,9.984921988562669e-13,1.1600383722586322e-10,4.606663168381134e-11
-3.470628397110724e-11,-8.218804882267607e-11,2.4218676236827182e-11,7.824407653010377e-12,1.4249420000252756e-11,-6.509202487617226e-11,-8.506509061568019e-13,-6.573641551563066e-11,1.2045871228288119e-11,-2.3770826522260772e-11,5.512595948662263e-12,1.4343059548117739e-11,1.3396041447722981e-11,6.636004022092292e-12,9.536173634526583e-12,-1.2738278504517336e-11,2.6164911033686663e-11,1.603740580231744e-11,-4.3285607516514856e-11,1.961966705627798e-11,3.10407222923254e-11,1.2812004755994799e-11,1.6301100243031994e-11,-8.150970800617521e-12,-5.4986695901093035e-12,1.9004523717797e-11,4.9125780419430106e-12,9.297215738240973e-12,1.0538913459368177e-11,-1.0003153917225082e-11,3.929187948554632e-11,-8.194774919671476e-12,4.712574215820845e-12,6.548956777681826e-11,1.9303623648025804e-11,5.14256681165756e-12,-3.1726609862451546e-11,2.9922465706175236e-11,4.0468515542253287e-11,-8.858569646288971e-12,-1.4238914845917091e-11,-2.936572535658813e-11,3.2573484437451325e-11,-1.1273370524306436e-11,-2.0702112159904596e-11,-2.7895751240635065e-11,-1.1346803406352155e-11,-5.553277310026957e-11
-1.9589199915274863e-11,-6.13350814704621e-11,-7.944179053522159e-12,-3.097385030461439e-11,-1.3068544667675853e-11,4.1382995806329516e-11,8.088328845336662e-12,-3.184632893613443e-11,1.8604493630924976e-11,3.8393185396955484e-11,9.575979341095412e-12,-1.0794035720176799e-11,4.851750597423129e-11,1.88884151737644e-11,1.4137111201820229e-11,-1.3641117297577915e-11,5.320675275048534e-11,-2.0347018297830768e-11,3.610820440450924e-11,-9.580761447432261e-12,3.541444864723232e-11,-1.9190894972590702e-11,1.0965925626499509e-11,4.441933309185829e-11,6.054944987096246e-12,2.850490939845949e-11,-1.449026346811946e-11,7.98295950094121e-11,-2.513000789741383e-11,2.6375307959339982e-11,-6.567042534081372e-12,2.4914453732519562e-11,9.002678296702339e-12,2.0230102862790303e-11,-3.841531529502648e-11,2.003312880481627e-11,-9.750477362243604e-12,2.0526764078814133e-11,1.6232753860194213e-11,1.1306704296954993e-11,-8.83046950481612e-12,2.483816030306633e-11,-1.1809333122923485e-11,-2.0892122130835457e-11,9.923686858554767e-12,8.048448724840384e-11,1.456929642652364e-11,3.1879860930355417e-12
7.235059871437291e-11,4.547234041407456e-11,-1.2993182203420726e-11,-1.1426052555156315e-11,2.036448349382035e-11,1.560834528014408e-11,7.120441860070517e-11,1.8860131794174443e-11,4.871233994372537e-11,1.4504724811231934e-11,2.838226747118095e-11,-3.4641160833956275e-11,-3.431558003444675e-11,5.309173328502774e-11,-4.0909845043506e-12,2.8246332330148358e-12,-3.282024969129454e-11,3.150740488984107e-12,4.67036179508942e-11,-1.0429239810168223e-11,7.509845450987229e-12,-1.5425588321783063e-11,3.717546603773112e-11,3.6611269358237776e-11,9.774369925132414e-12,2.236160230891576e-12,-5.652277918477515e-11,3.837463616206086e-11,1.5213550366646846e-11,-9.079285682060763e-12,1.303109886630505e-11,-5.200883777410343e-12,-2.208952434236847e-12,-1.6044431047587748e-11,-1.1708605449111054e-11,-4.9897574665633645e-12,2.710534219763866e-11,-1.891522597644083e-12,-1.6743365261341287e-11,-2.3568380413962358e-11,7.002060467780673e-12,1.511533831919317e-11,6.407278486241827e-12,4.296158069508113e-11,2.3541919201138084e-11,1.5693058460457003e-11,1.2889031742274526e-10,6.598034366082327e-11
2.1987092649142214e-11,9.612394314092263e-11,-2.8786655949788502e-11,-1.6218211527153672e-11,1.2248301098561534e-10,4.592490031727367e-11,-3.139614512416029e-11,7.926103605378427e-12,4.963288137391196e-13,6.279848216087459e-11,-2.4450906638358646e-11,1.850619204795265e-11,-4.6234594192215747e-11,1.220358653836131e-11,1.9366724497071237e-11,-1.04179426046749e-11,-1.2359021631138173e-12,6.80556431878214e-11,1.302650363773362e-11,2.6395869230356886e-11,-5.853779445177282e-12,1.5999824749318675e-11,-5.876431802198882e-11,3.826965112965653e-11,3.640197901448219e-12,4.84492922596427e-11,-1.830786489513467e-12,3.635287654313064e-11,6.525935434558747e-11,1.6055155024237997e-11,1.143653760032819e-11,6.664234004792332e-12,-2.539874651869028e-11,-2.6603869467984766e-12,-1.8202277494606894e-11,4.3081166997987295e-12,-9.521408427039753e-11,1.5790110530919782e-11,-2.7328206017175083e-11,-4.0490941245157025e-11,-3.154039304177339e-11,3.070124386768704e-11,3.792655851308589e-11,-1.0380473266239236e-11,4.558252434439712e-11,-2.3390237940954647e-11,1.0291270467981133e-11,-5.392889095495051e-11
4.3807090824546503e-11,-8.68015964902655e-11,5.884206783247134e-11,5.859535813170869e-11,-2.4547230084792267e-11,-6.237882125977267e-11,2.4056681284773165e-11,1.0406490689952116e-11,3.176109963310332e-12,5.838502890368373e-11,2.4729523366360087e-12,-2.3059101747753845e-11,7.212682199603991e-11,-7.206590315230885e-12,-9.712290181328523e-13,-2.2638608154901586e-11,6.870539406894077e-11,2.087199046760094e-11,-5.311772618991933e-12,1.2314415052081222e-11,-1.4894898003097375e-11,-2.7116597264190662e-11,-8.104607225829589e-12,1.1067914147963723e-11,2.384364834571154e-12,-3.768108462738406e-11,1.0750954893770842e-11,-2.750968425080382e-11,5.065432766327884e-11,1.6145231489842717e-11,5.895068136819606e-11,3.2153524530643994e-11,1.1513559490813722e-11,1.5597682750026054e-11,1.691463520249294e-11,9.892227295474642e-12,4.030470357487006e-11,-1.2730526484014037e-10,4.3183608714900145e-11,-3.214554170467554e-11,1.586645592390457e-11,-3.168332599445487e-11,4.580981911785608e-13,7.256910128593924e-11,1.4212419462545252e-11,9.828456782442954e-13,1.1872438341609758e-10,4.2854418273971005e-11
-2.479882363251214e-11,-7.526808616004156e-11,8.204266862137634e-12,9.63076845878697e-12,1.3826710475561254e-11,-6.160447269151052e-11,4.009364103803991e-12,-6.504832402406608e-11,1.6370252807584685e-11,-2.6957508836065165e-11,6.1274543125146156e-12,1.9911434475529254e-11,8.758200039258333e-12,5.52778865519145e-12,1.071603055614615e-11,-1.1659920584241836e-11,2.271862311764223e-11,1.6542078043746936e-11,-4.4779064534627557e-11,1.8188238508841377e-11,3.202629183664097e-11,1.3050422005091037e-11,1.549153370640503e-11,-8.879579791767125e-12,-3.97010767585359e-12,1.7840233515956316e-11,6.2889733155078604e-12,9.853710603943605e-12,1.2340284506240027e-11,-7.451111846804741e-12,3.7811874032747647e-11,-8.018887852503471e-12,4.62637208719544e-12,6.52881965579008e-11,1.9005548330920392e-11,4.063432212765344e-12,-2.999150760080691e-11,2.977863473637725e-11,3.9910453502473097e-11,-9.262758467614e-12,-1.4032308849835136e-11,-2.8973417933491926e-11,3.237868465767517e-11,-1.04520136566914e-11,-2.212138041878541e-11,-2.7436562371147925e-11,-1.0293467689116155e-11,-5.3897076501653015e-11
1.0297998699323749e-10,-7.532635218210564e-12,6.13409700817042e-11,1.231445467099961e-10,3.5078122670610966e-11,-1.6603084651993994e-10,-1.5277156178046876e-12,-2.996595066891674e-11,4.09178380814864e-11,7.650424095285962e-11,6.660949758867776e-12,3.5729186879894614e-11,-3.445390842020568e-11,3.63150130780178e-12,2.0795259434523125e-11,-1.125812197296307e-11,-2.08708302723719e-11,7.657927773681435e-12,-1.0364597443399344e-11,3.1420702590346225e-11,3.167632793484593e-11,4.028570951533015e-11,-1.1580709117650227e-11,2.7902654108995756e-11,1.8470034485484802e-11,1.9672809197040233e-11,2.4986904493321134e-12,-5.01430315158686e-11,-4.153999970845128e-11,2.443749842065631e-11,2.794457526757164e-11,4.10391861895401e-11,1.3556733905817275e-11,8.503773779743769e-12,4.788266691245287e-12,2.8015474250579075e-11,-4.6119986469225036e-11,-1.0194031580614732e-11,-3.407107034509515e-11,4.318680663826105e-11,4.433412411551716e-11,-4.8752093136245304e-12,1.748484211546628e-12,6.291894839917975e-11,-4.91351909753277e-11,-2.980504489189922e-12,-3.698710914161737e-11,-1.976979206201234e-10
-1.4187641733126185e-10,9.39868897125145e-12,1.9484769312694153e-10,-1.5196880988585928e-11,-5.175650626424128e-11,1.346118218313487e-11,1.778063201275799e-11,-3.59722010932729e-11,-3.564568799014583e-11,2.6517840104598526e-11,1.3762440602627505e-11,-4.3854248935798253e-11,-1.0760082834160403e-10,-2.8193457756437636e-11,1.2155185050487887e-11,2.030430143960239e-11,4.760075562295013e-11,-1.7887680374669046e-11,-1.069374985905976e-11,5.884906949084349e-11,-1.3818971601486017e-11,3.215876481333299e-11,-2.5745746281358327e-11,-2.4083951938623774e-12,2.6530638471360365e-11,1.6357108512321314e-11,6.204434649128459e-12,-1.533050462022143e-12,5.232296336271022e-12,-5.692633928372952e-11,-2.805277394188463e-11,1.560440410837504e-11,1.3314941691576004e-11,7.3697596644939e-11,-6.046956141209238e-11,1.5972340663430557e-11,-7.618777758156571e-13,4.794500482750913e-11,2.4744399646190373e-12,2.8333603411374955e-11,7.631840428004071e-11,-2.072764449634094e-11,6.880845875016483e-11,-1.036224608948352e-10,2.8234465146078844e-11,-6.33884891641647e-11,8.989440630323503e-11,-1.0441684746456374e-10
-3.226045389953225e-10,-1.6361508560505765e-10,-1.1419814257476114e-10,-7.439805590513696e-11,-2.7165482524700303e-12,6.512070493674177e-11,-1.3216174171826187e-11,-3.358436272608837e-12,8.02425287460597e-11,-1.0509221210264275e-11,-2.108986268094867e-11,4.33147439459906e-11,-7.070745652927513e-11,1.5255518638655415e-11,-2.0465622918684493e-12,-3.2126454351244284e-12,-3.482181604305751e-11,-3.534626866485395e-11,-9.7535734781795e-11,-2.640500922722776e-12,-2.5003275377988018e-11,-1.586797858165353e-11,-9.837938783967399e-11,1.957452642944823e-11,-2.0449796565266903e-11,9.078046211264578e-11,1.0357217977890406e-10,1.0969053131742699e-11,2.654181984756096e-11,2.5770843596610334e-11,-5.962039814358275e-11,2.6469240172378305e-12,-8.735695532151575e-11,-1.8784440144830025e-11,-1.0318654276395581e-10,5.53740321391586e-11,4.6796522061511565e-11,4.1170598643574836e-11,1.2176278705565337e-11,1.1569563751901626e-12,1.7655914476826587e-11,-1.6953851087803116e-11,-3.7768147332817456e-11,2.236341079452701e-11,3.160343994484518e-11,-3.317034159633216e-11,-7.253011567517147e-11,3.098123214268999e-10
6.497315996663942e-12,2.4965565889707228e-11,2.7758262595464787e-11,7.976424992150431e-12,-4.183356521041413e-11,4.1804362597549146e-11,2.0266595452253662e-11,-1.5521768731838332e-11,1.798237062624516e-11,5.397269916943256e-13,9.728243403425317e-12,-4.0627988654106835e-12,6.207040306868311e-12,-2.281870762571664e-11,1.182600812959562e-11,3.483275131869442e-11,2.815998623576063e-11,-6.893931271738485e-13,-1.2775430320560064e-11,-2.3655157858035343e-11,4.949992919815383e-12,-4.566232278213827e-12,1.529231912991515e-11,-2.138988528890293e-11,-9.122730190617537e-12,9.173653778977274e-12,1.3791236187865619e-11,-8.313172206657352e-12,7.199106924897236e-12,-9.828828479026983e-12,-8.5464430193149e-12,-8.815671487733712e-12,-8.316076471829397e-12,1.2416257712226812e-11,7.778375863716634e-12,1.0326759717941156e-12,3.533883556736872e-12,-4.075818861236112e-12,1.4164898587868903e-12,2.4931330420539952e-12,4.498667293391864e-11,1.1979749479271596e-11,-2.203291382141895e-12,5.226543330039587e-12,1.2074685668379892e-11,-6.349422370506028e-12,-3.074766042588674e-11,1.3479058616792583e-10
-3.045192207715139e-11,8.407615699335999e-12,3.5695502702257294e-11,7.61999149607463e-12,6.44518445792311e-12,1.7134789476645058e-11,2.0873829865970613e-12,4.168569962131503e-13,-2.2919294917777753e-11,2.2884899855000606e-11,-3.18628891477957e-11,2.2445550952955354e-11,-2.2514310156187928e-11,-1.2974892721428967e-12,-1.8075641897213384e-12,6.810494474007005e-12,6.967079667929245e-12,-2.8736671958569978e-11,-6.086300361302648e-12,-9.945616404386487e-12,8.449343375346935e-12,-7.904528649881521e-12,2.600145192972301e-12,-1.2234253583666358e-11,1.0677949289097496e-11,-1.287666501896381e-11,9.604382977132558e-12,-2.1866569721836032e-11,-7.61302515858283e-12,-3.96873154994669e-12,-2.6865404757868564e-11,-1.0100810256301365e-11,8.990983825733696e-12,7.744249258136366e-12,-2.0048755874287217e-11,3.9751726388300404e-12,-3.6348577406160496e-12,1.7475826658816143e-11,1.6156138018592728e-11,1.4453706090960814e-12,1.949435453629428e-11,-2.567510284316443e-12,1.5624587987223187e-12,-5.685037742121331e-12,-2.487917751033843e-11,-3.005381917991825e-11,-5.0408739420166624e-11,9.596333591781118e-11
1.0437814233052202e-10,-3.1815726268375365e-11,1.0781758510167624e-10,1.3711504372050743e-10,3.8899792559936023e-11,-1.6120338576390171e-10,-1.6623968559000053e-12,-3.46210666123448e-11,3.0484676448174824e-11,7.991818868998662e-11,-1.7765182914304095e-12,3.822796615079926e-11,-4.0029442805844966e-11,3.0606772513589506e-12,2.2653668647372112e-11,-9.430582944989705e-12,-1.7487024040730878e-11,1.1405431256443084e-11,-9.603015302116666e-12,3.1013711995316874e-11,3.217689138601455e-11,4.156105621016478e-11,-9.417112801370692e-12,3.2459856298047525e-11,1.7842425332109837e-11,2.124052611937038e-11,2.2817884128989046e-12,-4.9997705690698767e-11,-4.1493292663927534e-11,2.3789784174490546e-11,2.8160741692531148e-11,4.096216153375432e-11,1.4214481045727267e-11,8.743317990931019e-12,4.549119800344319e-12,2.798370907012961e-11,-4.525395342439109e-11,-1.0295861778805555e-11,-3.28232849185434e-11,4.378706949900749e-11,4.421510558679787e-11,-4.745975007112568e-12,8.139367369832356e-13,6.202795430695083e-11,-4.888094797798782e-11,-3.642890138953854e-12,-3.876150026135756e-11,-2.0253186840732903e-10
-1.2392951031872212e-10,1.1779589091324789e-11,1.7666763310387687e-10,-2.637431957136271e-11,-2.960710284888249e-11,1.6738227891060003e-11,2.8449597404092905e-11,-4.048288736352323e-11,-3.9322581833208165e-11,2.783026702336851e-11,1.7409781198430403e-11,-4.4907177471817555e-11,-1.055221079397025e-10,-2.948836204227186e-11,1.9536240876578532e-11,1.0169342685893206e-11,4.5476907167226496e-11,-1.9608457974386736e-11,-6.086027098559591e-12,5.930619094534482e-11,-1.3043039995451598e-11,3.587550233699471e-11,-2.3896820275087087e-11,-4.5551413721720495e-12,3.391375446760024e-11,1.242726266169355e-11,4.666682497017551e-12,-2.588724166292022e-12,3.1845539949359e-12,-5.6931318572147384e-11,-2.5716200843843704e-11,1.6797500983037548e-11,1.1371946833004992e-11,7.448427826211942e-11,-6.002352406184466e-11,1.5818107500864184e-11,-2.3532960877970877e-12,5.016582329059669e-11,3.8015830829294214e-12,2.8026565371790518e-11,7.602895710810635e-11,-2.0549551098172857e-11,7.072911756685905e-11,-1.0344050705065309e-10,2.786929405096027e-11,-6.484271971871578e-11,9.091210229303241e-11,-1.055407587724352e-10
-3.3079910710086647e-10,-1.4738414969679128e-10,-1.1152462285848234e-10,-3.752248230686962e-11,1.8673602156684187e-11,6.056235346658249e-11,-2.7586051376292322e-11,-4.544630071214243e-12,1.011446460576753e-10,-4.221980193148907e-12,-2.762982669366275e-11,4.812398142078876e-11,-6.227890815738349e-11,2.1934872640674613e-11,4.367040233547945e-12,8.183149372618186e-12,-3.577097476229556e-11,-3.7608319762337826e-11,-9.451369772431496e-11,-1.8611470379178194e-12,-2.5798182225576888e-11,-6.9109598850237135e-12,-9.668031129282231e-11,2.011650684416176e-11,-1.701234601561468e-11,8.984521691627948e-11,1.0558230319257044e-10,8.70115825589784e-12,3.0604961995555195e-11,2.6928696599403937e-11,-5.995523706897103e-11,4.419353868591616e-12,-8.641886683832281e-11,-1.778055977482319e-11,-1.0137432185298301e-10,5.644437135906789e-11,4.9355240217246816e-11,4.233162484910759e-11,1.2314251544665726e-11,1.5237960516742832e-12,1.8456243125082384e-11,-1.6059753704271144e-11,-3.71217784000197e-11,2.1700682904534514e-11,2.989212261271038e-11,-3.2017564457231224e-11,-7.058767458824975e-11,3.250270497823432e-10
8.707895905090685e-12,3.137449554423071e-11,3.535938319596609e-11,1.6187272254153835e-11,-2.9942267749180595e-11,5.4810861601751906e-11,2.2833568402147592e-11,-2.275827137017761e-11,1.4598255069917626e-11,-1.1974101609681396e-12,1.4346033590394046e-11,-1.559335412055674e-12,4.189151432386721e-12,-2.0007341933182135e-11,1.1664988699331847e-11,3.544961415819929e-11,2.8499653431061212e-11,4.669122227560907e-13,-6.265015501119763e-12,-2.4830758687019615e-11,4.441489332470924e-12,-3.689935425305814e-12,1.5080052837457158e-11,-2.0184896241262106e-11,-4.011495612465234e-12,1.3380229589962837e-11,1.4347939459714193e-11,-7.973837885549371e-12,8.235588417310001e-12,-1.0286908729753565e-11,-9.482874676120562e-12,-8.505772027301344e-12,-7.545133524340794e-12,1.3022438326094804e-11,7.859560042684963e-12,5.177139166262721e-13,4.428557846211218e-12,-2.3070433718574986e-12,2.423025426821741e-12,3.187593013761507e-12,4.474739872548406e-11,1.2895335553200266e-11,-1.6788424511568159e-12,6.674905929459907e-12,1.2526018121203505e-11,-4.788516870370636e-12,-2.846288246365553e-11,1.3902417859334895e-10
-4.072578278794207e-11,-2.9022452855314166e-12,2.940114944541702e-11,2.9059951287077223e-12,4.344360779428341e-12,2.1499563586462404e-11,2.619497916658624e-12,-1.084021171068161e-11,-3.503034629291979e-11,2.172739422273547e-11,-3.7401407695972984e-11,1.4857686013502683e-11,-2.9387534104181634e-11,-7.617779810343696e-12,-1.9856999112939843e-12,6.539079135675525e-12,4.037114828226986e-12,-3.7402102512679564e-11,-1.1227953559299291e-11,-1.3264252533961288e-11,7.127551768975909e-12,-1.6245970198766657e-11,-8.380236492523127e-13,-1.2702955621109359e-11,5.9296993212576815e-12,-1.487905382228964e-11,6.03012817950276e-12,-2.404026255142127e-11,-8.173401545350339e-12,-5.2947926170278774e-12,-2.6349028521834127e-11,-1.4121516098348251e-11,7.138096109787988e-12,5.1106522445862636e-12,-2.161546266237782e-11,4.481604160184822e-12,-6.97861640405229e-12,1.5314652450356375e-11,1.3334815748037498e-11,-9.944939125070124e-13,1.7839516168537085e-11,-4.158882863587335e-12,-2.3907857420954503e-13,-1.0723823493072391e-11,-2.98289885663802e-11,-3.6825828832724344e-11,-5.8088705316441315e-11,7.765881002686385e-11
-2.800879551648922e-11,-3.9180394657000514e-11,5.6008659792280664e-11,-1.1228490350688155e-11,-3.9340414189314956e-11,-7.096059887100096e-12,2.7759040488976e-11,2.1779225709271247e-11,-7.190699867331605e-11,-1.7812505907962773e-11,3.8141095156628415e-11,-5.665764773331414e-11,-4.2920784742138444e-11,3.8608228592602784e-11,-2.5223549170092695e-11,2.371244212988559e-11,1.1112582707550507e-11,2.8431557579206347e-11,1.8421326288842936e-11,6.009609561227736e-11,-8.538825798189582e-12,4.143324876919804e-11,1.8536966718082813e-11,4.0790657142001366e-11,3.342413933839395e-12,-5.404111661226386e-13,2.8292875568169285e-11,-1.9266301039104155e-11,1.691617520564271e-11,1.6608600776905552e-11,-1.5997942815376358e-11,1.197265458816846e-12,-3.935433309432191e-12,1.7852295873317757e-11,-5.6512079995316936e-12,-3.265520348963389e-11,-1.6138696978303495e-11,-2.4796373159815053e-11,5.462138753319239e-11,-4.482299518282056e-11,-3.393260818306084e-11,-4.250321227957727e-11,5.316129663003575e-11,1.467778087300305e-11,1.4340248391608995e-11,-6.62517726658257e-11,-1.0357009950564621e-10,7.638614524996e-11
-2.2131414341871977e-11,-4.631835976112548e-11,1.0949558600058318e-11,-7.743657306540525e-12,-2.2157144868326593e-11,1.1659768718305433e-11,3.618459055060777e-11,2.29717600376643e-11,-1.7327280151786482e-11,-5.3372586206715265e-12,-7.738061328614313e-13,-1.7321233291126985e-11,1.46119285388881e-11,2.437811192933619e-11,-1.2746786530634174e-11,-7.514823347330501e-13,-2.798211086309702e-11,1.1807530228530354e-11,1.8871200998483483e-12,-1.0729422988408232e-13,2.8601720523887707e-12,5.3378794253019936e-12,8.302929826509863e-13,-5.466786608227697e-12,2.784715373553477e-11,-4.837539681386542e-13,1.1079103795526092e-11,-1.9989771849110596e-11,1.0017552235811635e-11,7.642626727609421e-12,1.0391940883846822e-11,4.204555147140809e-12,2.2646338149455817e-11,-9.867221472636113e-12,2.1885607188485612e-11,-5.008873088456251e-12,1.3613378328576971e-11,-1.2781629657688531e-11,-8.80148675868446e-12,-1.858953505406811e-11,3.985297019950551e-12,-2.5569090253255255e-11,-5.519357018783802e-12,-1.3296086136251269e-11,4.0061804473785224e-11,1.6173846994933546e-11,3.5888829289249946e-11,-5.895409185304356e-11
4.120558627989895e-11,7.006322399107629e-11,-1.0350869369739931e-11,-5.6872609827841556e-11,-6.219267854748978e-11,7.684193202033394e-11,-4.5743916772311345e-11,3.361448641054947e-11,2.350906456462599e-11,2.2442286244431073e-11,9.786010639545953e-12,-1.4532171005457452e-11,-8.163614610904582e-13,-7.0049056676545915e-12,2.4286587850408237e-11,-1.6078205928714e-11,-1.5483607943228132e-11,3.897224348749761e-12,-1.8054471832207658e-11,8.838019043726633e-13,-2.2087279914319567e-12,-1.0979970761541706e-11,-5.865492252494732e-12,-2.8729421528462825e-11,-1.4753061077662492e-11,-6.30898689396036e-12,-2.9139259910785077e-12,-5.308556889639005e-13,-9.559244159760593e-12,2.970413756801879e-11,6.940875768384588e-12,1.185215226086165e-11,1.467149983810234e-11,-1.6858400930667416e-11,6.588031300456866e-13,8.916196620086306e-12,4.985182895362997e-12,-3.420932275180845e-11,1.1658499264959857e-11,-3.085288297738496e-11,-9.951121732827207e-12,1.6986358336766962e-12,-5.967106864795676e-12,-7.436489642282575e-11,-1.0140024224283754e-11,4.159817836566643e-11,-3.4426862344440045e-11,-4.879634208899032e-11
-4.833155367449856e-11,-1.846325137126978e-11,2.2382719117965304e-11,-1.698184456644485e-11,-3.05650400277753e-11,4.7847782404701676e-11,-5.3642833339080725e-12,-6.268768518647777e-11,-6.415145475393648e-11,1.6256705297009495e-11,-3.995475720152769e-11,-3.8495837420096564e-11,-1.0693363694158046e-12,-1.2628111465320482e-11,-3.340604834723286e-11,5.0948241756022783e-11,-3.511974269698437e-11,-2.6295430301767715e-11,6.985658006283681e-13,-3.7533793264780615e-11,-1.979397417310225e-11,6.178368476776618e-11,2.4646675285374995e-11,1.649334725141068e-11,-6.311066671714742e-11,2.921140835840569e-11,2.0912426673142034e-11,1.6825330531451947e-11,-4.884334422556691e-12,-1.4266986057771463e-12,1.6123542659460016e-12,-2.706344471278667e-11,-2.0958171577152133e-11,7.220914980056168e-12,1.1720415269109619e-11,2.97905833194021e-11,-2.3919822877543518e-11,-7.341710163454153e-12,1.3492331374410336e-11,-3.338317533316106e-11,2.055820962650362e-11,-5.6144157074529576e-11,1.9267243193205322e-11,2.505759122714273e-11,-7.723759407158474e-11,4.484362766350669e-12,1.3169498039191925e-10,7.305166469781868e-11
4.761882408177078e-11,7.065260839877651e-11,-7.57833750288909e-12,-1.7280838032266816e-11,1.1082005797515266e-11,-2.9055166774376884e-11,2.1786427337548163e-11,1.1650730736228478e-11,-6.859657923937093e-12,2.481161125803345e-11,2.306907819679395e-11,-2.7760638813647582e-11,-4.2263016735766415e-11,3.477339090073677e-11,-4.577562435317257e-11,-1.7197949043398224e-12,1.514259748886677e-11,1.000763573095147e-11,9.287171044653445e-12,-2.3201013779547988e-12,-9.49644979589152e-12,-4.8782013403950884e-11,-6.403427586291487e-12,-1.7576862992793603e-12,1.2268324886778512e-11,-3.529697908081729e-11,3.901131687739569e-11,-3.3329138893339897e-13,-8.342625941179226e-12,-1.0060814131091813e-11,-1.679488729671753e-11,-4.033772308680744e-12,2.3758396164341742e-11,-2.3050872487558557e-11,-2.715532152951633e-11,6.4429161439613206e-12,1.0501751879659743e-11,2.7124356171347285e-12,2.520689093221924e-11,5.389194347892755e-13,6.615894636321471e-12,-4.706252096796438e-12,3.1409135177285374e-12,-8.86455240783218e-12,5.2826135197433664e-12,3.5970712430574195e-11,3.6794274264440286e-11,3.609587712564531e-11
-1.484792799476283e-11,-2.4043666708929572e-11,4.817642365663693e-11,-9.83399680158336e-12,-3.9436789804687054e-11,-1.748933529335111e-12,3.5045189578190944e-11,2.0936462191908578e-11,-5.976328582961336e-11,-4.638971332590022e-12,3.6585720690979144e-11,-4.902684074746877e-11,-4.7725678745751136e-11,4.116559364700191e-11,-2.723020476412237e-11,2.0874026549135927e-11,1.1257788079662842e-11,3.078066263815668e-11,1.8480214953455528e-11,5.962422504491364e-11,-7.0708737093147176e-12,4.361681172108802e-11,1.9171753409993532e-11,4.084019377181929e-11,4.818270637361602e-12,1.3792902970284977e-12,2.990558228163047e-11,-1.812025117452569e-11,1.7479036985615394e-11,1.253121207697879e-11,-1.4829438631848096e-11,2.8624860109023446e-12,-3.63817915097122e-12,1.6969826579079217e-11,-4.987069562462119e-12,-3.301557348820343e-11,-1.644481183012808e-11,-2.5229695294085563e-11,5.407536354676132e-11,-4.6209545628560185e-11,-3.238762361489157e-11,-4.277908041761507e-11,5.2873000281126625e-11,1.4538302719102117e-11,1.422936349069598e-11,-6.706523061699772e-11,-1.032619816798264e-10,7.924258136199055e-11
-2.2622445362742462e-11,-4.3286970019181674e-11,2.4542603527351425e-11,-5.705359151960102e-12,-1.683030566261825e-11,1.2061161949554394e-11,3.4009323780920166e-11,2.1250431151375992e-11,-1.4688561796442597e-11,-4.1685415444693485e-12,-1.7415334271656058e-12,-1.978666548771261e-11,1.532457278868291e-11,2.4521072246857127e-11,-1.1860931450879394e-11,-1.3461737187552723e-12,-2.405884585604234e-11,1.3244217475566858e-11,6.13487086878847e-12,1.2145101911611942e-12,3.1326371033908506e-12,5.765400119863352e-12,2.707583859828816e-12,-5.559628507877834e-12,3.0492050948635545e-11,2.1827386468257195e-12,1.1169088570124997e-11,-1.9340117138749955e-11,1.1295019759954157e-11,8.114773130337551e-12,1.1185702648760827e-11,4.552450888945593e-12,2.221668478582032e-11,-9.748619509246267e-12,2.2853440336383335e-11,-4.252425689092987e-12,1.4505774962890384e-11,-1.107646922448442e-11,-8.079234870709983e-12,-1.8275549609167313e-11,4.781233924714091e-12,-2.4951529415238495e-11,-3.5890088869386627e-12,-1.258139685850577e-11,4.07459983914065e-11,1.7559090949963658e-11,3.794633127372645e-11,-5.1084629414712464e-11
3.756159013242814e-11,7.872165744666889e-11,-2.4819272677977843e-11,-5.38004405832215e-11,-6.709895658442363e-11,7.142038610341009e-11,-4.79009115729149e-11,3.2017292407279245e-11,2.2579595252246815e-11,2.559907081080399e-11,1.0445276247142368e-11,-1.5731121259625413e-11,3.330972458698096e-13,-9.196329661187809e-12,2.1284513210682657e-11,-1.6942867137235925e-11,-1.7656905587705234e-11,2.623285175012117e-12,-2.01638687824044e-11,4.864683900530752e-13,-1.5439245580109306e-12,-1.2668318448722707e-11,-6.42277679318635e-12,-2.962373687306246e-11,-1.5820105427414826e-11,-5.843674287640645e-12,-3.4288690406488867e-12,-1.2753341248026683e-12,-9.615387491063358e-12,2.9455422250565203e-11,6.946140668684031e-12,1.2118707120678439e-11,1.356709875894863e-11,-1.6653476415943204e-11,-2.0585458393931356e-13,7.350643183473922e-12,4.128753457580932e-12,-3.483231439935997e-11,1.1954984897093195e-11,-3.194180949166322e-11,-1.1204834637557223e-11,1.8804958160351223e-13,-6.725162459716908e-12,-7.618698014197706e-11,-1.209751546011189e-11,3.9535015193374437e-11,-3.808224186710832e-11,-5.633888817983458e-11
-7.1566415195208e-11,-3.729679205441327e-11,9.394265977137434e-12,-1.2317711605530562e-11,-4.163821581447102e-11,3.2972104520099933e-11,-5.90936848471101e-12,-7.557928833626452e-11,-6.910137405326649e-11,1.4293469808696552e-11,-4.5587776324865644e-11,-3.098712576700744e-11,-1.2374303127303299e-11,-1.16787472607756e-11,-3.88058338230899e-11,4.91239709797336e-11,-3.390153473264957e-11,-3.1270193528480854e-11,-3.8098760829920136e-12,-4.482148283677389e-11,-1.9718164810413814e-11,6.06989720434366e-11,2.0968865374267097e-11,1.8026813498402728e-11,-6.571386050437395e-11,2.48305443177473e-11,1.6576621735324422e-11,8.817753957474738e-12,-8.77194619080054e-12,-6.318217267402358e-12,-1.972147714310421e-12,-2.7050033787247414e-11,-2.341701892609211e-11,4.317838347773528e-12,9.264102660601947e-12,2.6541947294168285e-11,-2.8096258644404555e-11,-1.0135499333114384e-11,1.23647310939773e-11,-3.7899152381689e-11,1.648048246876264e-11,-5.997442354141396e-11,1.524652638022954e-11,2.067906181744413e-11,-8.438722767436917e-11,-2.846357831028496e-12,1.1798566364027241e-10,4.957019299240882e-11
5.5070067642032657e-11,7.671755142488332e-11,2.3528938654909913e-12,-2.0196244973342307e-11,-3.1015715848023392e-12,-3.3234593806997625e-11,2.0787932302994095e-11,1.689250787886735e-11,-1.0595271484123485e-11,3.074031519608602e-11,1.8983453443768713e-11,-2.96382258836279e-11,-4.650602090390002e-11,3.351819801538865e-11,-4.543647811300633e-11,-2.38690368811543e-12,1.8345856770233097e-11,9.4357104355923e-12,9.775970800866992e-12,-2.201815597644762e-12,-1.0072018821953281e-11,-4.8861970853314337e-11,-6.568027534256391e-12,-1.5794888425881448e-12,1.2301221970063272e-11,-3.595559310069938e-11,3.888907401927265e-11,-3.6057737001356136e-13,-8.857573016740352e-12,-1.0036317634284095e-11,-1.6718926454797793e-11,-4.2379530342457675e-12,2.3694513478224812e-11,-2.2915695409338507e-11,-2.7496849790107165e-11,7.07276774741218e-12,1.0937563355600167e-11,2.326797891163835e-12,2.4457085601372557e-11,3.417951925115074e-13,7.035778269218642e-12,-5.809134027224457e-12,2.6184959194711432e-12,-9.581557228701648e-12,5.049772846534211e-12,3.591815306782361e-11,3.541577431852435e-11,3.374841375717249e-11
2.8295438367127537e-11,3.1431662910170795e-11,8.8850974806074e-12,-2.5970174997862206e-11,2.1401700612066123e-11,3.648351516070395e-11,4.150478757248081e-11,-3.776998309169992e-11,1.5988458731927895e-13,3.514254904220049e-11,-3.6502316133719905e-12,3.2022342603552765e-11,-1.4837560307997868e-11,-1.2165656389345485e-12,4.867082494238322e-12,6.557145605468731e-12,2.0900626000849262e-11,-2.5056401624528483e-11,5.503694220492471e-12,1.7356696242613206e-11,9.88499551045523e-12,-5.243719118054927e-12,-6.252262191089918e-12,-1.9827471059343114e-12,-3.765122445127536e-11,1.5473131002147497e-11,1.202800128752242e-12,3.794417582490915e-12,-6.913206731235129e-12,8.381483228401005e-13,-1.5303806025204185e-11,-2.0759384924511832e-11,3.618776141381303e-12,-1.8245756219787127e-11,3.977923810458879e-11,-3.251647535124006e-11,-6.622867375263675e-12,1.385481981171027e-11,2.365711280141256e-11,-9.560947145494722e-12,6.5782894848355324e-12,2.7278844300975295e-11,7.924347961194327e-12,-1.7107250359814834e-11,2.0801494369807095e-11,-2.3857634257910524e-11,2.2738472643756408e-11,1.287941060429335e-10
-4.595299499560369e-11,-4.180371781693049e-11,-6.831792177498332e-11,-1.0310600205099158e-11,3.3128224074470956e-11,1.5474272719903808e-11,-3.27088097649146e-11,-3.4838780042636255e-11,2.1416701269681463e-11,4.3951466531187686e-11,2.8044829231440987e-14,5.890433214744934e-12,-4.743195901760656e-11,-2.5109974021753184e-12,-2.130012883268642e-11,1.2688291962426196e-11,1.51450750227471e-11,-1.015070622555801e-11,-2.400801012181719e-11,-1.1526185739235866e-11,4.4983247383841553e-11,7.672792539217788e-11,5.7946074145362935e-12,1.3244904610282728e-12,-6.8381374904031555e-12,-1.377309508423636e-11,-4.6056871389230416e-11,3.173361709614028e-11,-3.343439292347343e-11,-6.683147390575764e-12,-3.8576770965173283e-13,1.7915486123114454e-11,1.62481832604339e-11,-4.999820124264306e-11,3.615132014442496e-11,4.173082628671157e-11,4.400342840118566e-11,-2.3438310940246592e-11,-2.5768834466576098e-11,-3.660591509787764e-11,-2.599576944709953e-11,-3.8488014951195186e-11,1.5207213403835917e-11,6.556918964632068e-11,-1.1137427297802381e-11,-4.824979625659028e-13,8.702015924575632e-11,-2.502655458052454e-10
3.9593884819417705e-11,-3.676902920329992e-12,-3.068967286393876e-11,-3.47700193307692e-11,1.0919414837830063e-12,-6.349607854214319e-12,-3.36563507490672e-11,2.424371313855262e-11,-4.200838833013965e-11,-2.3531291384457962e-11,1.7425837545618723e-11,-3.2454360190808826e-12,-2.758719829741428e-11,-5.338573640243338e-12,-4.00339848438334e-12,-4.997499899230954e-12,1.5970075051018596e-11,1.9510848388607132e-11,-1.8900304971562353e-11,-3.4075810692641875e-11,-4.7348152968799235e-12,2.8768928603068116e-11,-1.1504827963517731e-11,3.13512321686114e-13,6.1486316675351784e-12,-7.282962202845757e-12,7.208134223319679e-12,2.897456294737772e-12,-1.4198759085203383e-11,-1.797250173785165e-11,3.0427115554711137e-12,-1.4874251474636692e-11,1.225210762980788e-11,4.087529941983864e-12,9.941847357186154e-12,2.1133140264582442e-11,-3.007115002186283e-11,1.90399649625453e-12,1.549627511061866e-11,3.1770612232378946e-11,1.9930128706325892e-11,3.1315713066110635e-11,6.929338990936235e-11,-4.6888128843625626e-11,-4.50900675133749e-11,-3.3491511992424123e-11,-2.6512821136614262e-11,6.927145131537884e-11
-2.3750903890634493e-11,2.4138541236683453e-12,4.6902405146221996e-11,-2.2463723151955715e-11,2.1507644746673245e-11,6.328377561831455e-12,3.051820362791492e-11,-6.791523102712215e-12,1.9755901216195082e-11,2.998774130986548e-11,3.816553423115917e-12,-1.5233510967496037e-12,-2.3471216965774215e-11,-4.071138758635717e-12,1.8704316800558203e-11,-5.6411637478770045e-12,-1.4877950825125974e-11,-5.495469199297828e-12,-4.3684127978405264e-11,-1.0515558308418493e-11,1.1034728995576144e-11,7.63049763326009e-12,-1.0889621196033837e-11,1.7546154024966615e-11,3.437148825428883e-12,2.3410934246670673e-11,5.627483063879038e-12,-7.44993448836512e-12,7.51671911764374e-12,1.4187329788585544e-11,-7.240226873672043e-12,-3.861112727984787e-12,-1.619875780673275e-12,2.3222096314721072e-11,3.513946811254182e-12,-1.0251077720109275e-11,-2.645936871989206e-11,-1.6239600597625354e-11,-1.3880667199813896e-11,-4.15114713401876e-12,-1.2728286287964925e-11,-1.9190157265081705e-11,3.584406904476896e-11,3.4542941589936687e-13,-2.402687947472748e-11,1.578608269441888e-11,-5.1352660648982575e-12,3.644281125460764e-11
3.6860347269698926e-11,-2.4723330398374302e-11,1.7601246822623465e-12,-4.6588158582427075e-12,-3.248381236687349e-11,1.8063876148457066e-11,3.5440709234645786e-11,-6.855793823008795e-12,3.689603780804094e-11,1.0080204682979716e-13,5.1268251517626485e-11,2.3721451700294064e-11,7.637210672936547e-12,1.2523276995262146e-11,9.69398552769764e-12,6.389853164591074e-12,3.008737317640626e-11,-4.874363898010993e-12,3.654487273094056e-12,-4.600915813490786e-12,1.542627736150632e-11,3.917098899913452e-12,4.244721917325899e-11,-2.4635318323855288e-11,-2.343033450546437e-11,1.1648337280321976e-11,-2.6303846830872907e-11,3.4929990148368365e-12,-4.3374667213980077e-11,-8.802289262755603e-12,2.9297323771167928e-12,1.6820681926373807e-11,-1.3717520456897159e-11,-5.641589035520743e-12,7.660182329539378e-12,3.3303264493196257e-11,-3.08801675690253e-11,-5.715225285178792e-12,1.1109132789337512e-11,-9.263921941702221e-12,6.3811909704169355e-12,2.5128292912737604e-11,-1.1400414162976768e-11,6.866079105121773e-12,-2.6303549774397003e-13,-6.004358896396786e-11,-1.2004781200599844e-11,1.4158143985878584e-10
3.868959156990433e-11,2.5789894078917695e-11,1.2316758121333604e-11,-2.6246008385699682e-11,2.0305905534774825e-11,3.427035196693558e-11,3.7689869526610523e-11,-3.849876237539284e-11,-2.0858498799163754e-12,3.490817871535714e-11,-2.94688956365798e-12,3.458407927649193e-11,-1.3806990617449049e-11,-1.950341001721684e-12,2.861944268951725e-12,5.105594017536207e-12,2.1981836033809894e-11,-1.9063097441458607e-11,5.5898637749127526e-12,2.0880834780184275e-11,1.1885386701792985e-11,-3.045570044607063e-12,-6.6888448950169e-12,-2.0443737554569806e-12,-3.900619541190893e-11,1.4827254225379175e-11,2.6355651545888938e-12,7.188327874951067e-12,-6.348442231865911e-12,-5.111988410934937e-13,-1.381685603127442e-11,-2.0416223206491258e-11,2.7309270292292366e-12,-1.8107132038350247e-11,4.045333378974594e-11,-3.2283624921553735e-11,-6.820783244238203e-12,1.3429455702791327e-11,2.2974834932746108e-11,-9.847916344432363e-12,7.0925818216063355e-12,2.7519016618621794e-11,7.834415794779907e-12,-1.684504540320446e-11,2.0786722812423305e-11,-2.371496262644938e-11,2.3033049552753492e-11,1.2979714360335246e-10
-8.430437864948888e-11,-5.5502341856357777e-11,-5.3015774558258074e-11,-1.2771330323630407e-11,3.32064321936861e-11,1.1163510798952663e-11,-3.6167331107478446e-11,-3.0849717202260136e-11,1.861053713069491e-11,4.15240033212808e-11,3.609928571922411e-12,3.3954030769083473e-12,-4.601557200931512e-11,-1.0637502822288783e-12,-1.8727946043444327e-11,1.1700062223295717e-11,1.459973790973567e-11,-9.376722960355524e-12,-2.305028603894547e-11,-7.16882336402201e-12,4.746996476172366e-11,7.726091282366514e-11,5.046945988666691e-12,1.9278706323684186e-12,-7.787053314603134e-12,-1.373013313790542e-11,-4.4643654595984474e-11,3.1842961437280985e-11,-3.307379093693111e-11,-7.195906074420979e-12,-9.713649076302894e-13,1.7875389635883332e-11,1.477992318478621e-11,-4.8429194995211395e-11,3.7998927494208775e-11,4.194963295082649e-11,4.4463192579045986e-11,-2.241465927475393e-11,-2.632271155356672e-11,-3.5435126033587527e-11,-2.727842189886527e-11,-3.8024962855107455e-11,1.5468858976468867e-11,6.482628074215793e-11,-1.0534492033296045e-11,-8.963585191294951e-13,8.753247122675407e-11,-2.5047702065532837e-10
1.5981331372539028e-11,-1.6959718524156577e-11,-3.038326703507266e-11,-3.7423932384473284e-11,-5.94047169343204e-12,-2.9411652254289313e-12,-3.470101618882203e-11,2.772702426711003e-11,-3.279599625314012e-11,-2.6801600040943602e-11,1.3350786789111327e-11,1.5558852748818629e-12,-2.5174387936725496e-11,1.4660656332254379e-12,-1.2974439651260958e-11,-1.207701633770838e-11,6.52126563399776e-12,2.117315142621816e-11,-1.9872091641103145e-11,-3.309868894979447e-11,-4.480914995326584e-12,2.4671344765109468e-11,-6.359717881374398e-12,-1.5791168291070457e-12,1.0238045226691378e-11,-8.891752329402474e-12,5.766465446017302e-12,1.412622654141153e-12,-1.477435438288083e-11,-1.7452279430742894e-11,2.9231598625966353e-12,-1.5225702089520296e-11,1.1478990265189022e-11,3.0947063753937426e-12,1.0120133400176638e-11,2.096203362679059e-11,-3.077641486030012e-11,1.8400416553762083e-12,1.5659667888572674e-11,3.118599835934042e-11,1.9557402843659496e-11,3.087034411212571e-11,6.852354548783187e-11,-4.784733028445614e-11,-4.630494781327797e-11,-3.4578140169501874e-11,-2.931770115807503e-11,6.227689181678078e-11
-5.931746024235008e-12,8.962972111415072e-12,5.303072569071602e-11,-2.292296870456443e-11,2.3903424170790232e-11,-7.61089407105642e-13,2.192586013049043e-11,-5.3283780962522095e-12,2.1893523071157892e-11,3.0904346434704756e-11,-9.677721166967075e-13,1.830717204034392e-12,-2.0390538019261912e-11,-2.9443071666910806e-12,1.9275566880427395e-11,-4.2908789287261794e-12,-1.52672276406548e-11,-6.6347823045486786e-12,-4.610270178926008e-11,-9.499884592356999e-12,8.775116864296883e-12,8.059745045134116e-12,-1.1334457657387393e-11,1.5614064263514994e-11,4.920429785851017e-12,2.20775619907467e-11,4.164556200362125e-12,-6.777828591881819e-12,8.083809900853473e-12,1.3092167675096956e-11,-7.454302059455821e-12,-4.0576880707246095e-12,-2.1341457411411805e-12,2.3316841789611797e-11,4.5417578865515924e-12,-8.88473641105265e-12,-2.6885897995746286e-11,-1.6213083008864097e-11,-1.2902739974943255e-11,-3.5557399500100776e-12,-1.2652689936135141e-11,-1.9800809110063645e-11,3.5098249258647045e-11,-5.060642991584454e-13,-2.374032901176847e-11,1.5183991564434045e-11,-5.905704517287223e-12,3.4651025562884595e-11
3.784657140148428e-11,-2.075419517428493e-11,4.628639664983423e-12,-1.7430370047244125e-12,-1.919638326821288e-11,4.963035176356376e-12,2.70606891484837e-11,4.1320386555240045e-12,3.3320816270955973e-11,-6.895567269727325e-12,4.637620288313072e-11,2.224034591033367e-11,1.476001368301927e-11,1.7625788094455793e-11,8.559423015187216e-12,2.4756903808859e-12,2.837523875458361e-11,-2.685676673806098e-12,1.8066369382792008e-12,-3.20607912011285e-12,1.5243425714770493e-11,3.5220148174423906e-12,4.176658024034157e-11,-2.362618405324428e-11,-2.380112063374461e-11,1.2616201828207805e-11,-2.5962232353547866e-11,3.7963165180164935e-12,-4.371178027408137e-11,-8.776692716959566e-12,3.271725857164543e-12,1.6754627627079056e-11,-1.3573263661195827e-11,-5.918148685278958e-12,7.815883100581002e-12,3.326914801575055e-11,-3.0966785713522445e-11,-5.668343662707748e-12,1.0857908093996631e-11,-9.097733658423778e-12,6.335963943656888e-12,2.505950869479327e-11,-1.1564351878701358e-11,6.685371130407735e-12,-1.7115712669288496e-13,-6.057687026291615e-11,-1.1287841845430892e-11,1.4304980397495029e-10
-1.6211470200918475e-11,1.0774793608630856e-11,-2.337054673838988e-11,-9.720288510378577e-12,-1.1680248338859447e-11,-4.210160819153255e-11,4.680971887311174e-11,-3.644793320610176e-11,-5.403539782561524e-12,3.007173868311526e-11,-1.2345291428974575e-11,1.7206890777080492e-11,6.319591813879862e-12,-2.7260778962421132e-11,-3.8459549994653965e-11,7.742365933171257e-12,-3.14334920135654e-11,3.763004783852431e-11,-1.2315010752235375e-11,1.4527218199997374e-11,-2.2978658216546713e-11,1.600284026974053e-11,6.921531021828876e-12,1.7439333604250487e-11,-3.605510827079376e-12,-1.8790275382226878e-12,-1.834078226819874e-11,1.54378825135805e-11,6.061565072091311e-13,-2.520700192710632e-11,-2.9030479157777203e-11,1.708760759186654e-11,3.174590812162313e-11,-5.010876079875793e-13,9.032990133116438e-12,-1.0464509075593114e-11,2.1499049869164633e-12,-8.209206292195057e-12,7.919579008076156e-12,-1.1303765327017106e-11,4.96395916282611e-12,-2.6805683213021518e-11,2.1611581059379504e-11,2.9979552996812715e-11,2.666462138735323e-11,1.6719230066686057e-11,7.425997584319945e-11,9.489170500943274e-11
-5.7024085720207444e-11,-5.19769552330032e-11,3.113169423283891e-11,9.395748925983486e-12,-3.423956486035337e-11,2.523669525900406e-11,-1.8097585726889124e-11,4.259307582195476e-11,2.7717150684362573e-11,2.9033169868726078e-11,4.149655794673862e-11,-3.929328829551632e-11,-3.561358788484493e-11,2.8138338581206455e-12,5.1866356148856484e-11,4.1935233102229656e-11,-8.620441661466297e-12,-2.5666952730696327e-12,6.505401472767145e-12,1.0562232228848256e-11,-6.467417792329527e-12,-6.473153758319627e-13,1.8125819902097708e-11,-5.039460927957073e-12,1.1049214732174354e-11,1.5204075948547256e-11,-4.192168076502205e-12,-4.7013237068668174e-11,8.385789204790458e-12,-8.197531650142049e-12,-3.232893998134275e-11,1.2344011305889004e-11,-1.9866692788317142e-11,2.656009059296878e-12,-1.5399354977423584e-11,-9.848615406010621e-12,1.3591795475453536e-11,3.250509031403249e-13,2.585362513550686e-12,-1.3850094889081606e-11,3.5365270568716503e-12,2.9628867537748156e-12,2.123893627739549e-13,9.915798313824126e-12,1.2174420046230487e-11,3.9319035886608413e-11,-4.254605874765187e-11,-3.465382124157109e-11
4.9445285362730357e-11,-1.3846089596122797e-11,-6.759295522330255e-11,5.410751108194233e-11,-1.4824362464483464e-11,-3.223463576473073e-11,-7.049449311039507e-11,2.2641257901734348e-12,-8.842383874157958e-11,-1.9537351189566086e-11,5.329638521193054e-12,2.2017289789811747e-11,4.547683654248825e-11,4.2273231621912096e-11,-1.8177668967162727e-11,2.4683951121572468e-11,1.808466938252569e-11,5.383831191540485e-11,5.998142869056859e-11,-2.5582264217639907e-11,-3.070252409914331e-11,4.879527306496959e-11,1.4267031451608082e-10,-4.3001895537187215e-11,-1.4597010226703496e-11,6.336548599439473e-11,2.877853478095415e-12,-5.389953622097764e-12,-1.5957827212743224e-12,3.315139187550344e-11,-1.586205881986892e-11,5.4493800418811606e-11,4.221787927696212e-11,1.3508443478235303e-11,-7.280066324261394e-12,4.8329473916923126e-11,9.92023556037453e-13,3.849974894574072e-11,-1.8262576987484074e-11,5.708427463004376e-12,-3.195538376821409e-11,-2.892191356846004e-11,3.71201255056152e-11,-5.314544485619189e-11,8.052848331228428e-11,9.988223238414153e-11,-1.8350811147210739e-10,3.1094476562817773e-12
-5.0228975820764386e-11,7.217146081113796e-11,-8.160382764041887e-13,1.152276914023568e-10,-4.941977199143828e-11,1.8871516435654242e-11,9.440940642523892e-12,-4.757690806957677e-11,-5.320352452152276e-11,1.4248537707975752e-13,2.3746390437319438e-11,-2.2861043651679505e-11,-9.465694201232281e-12,-9.708572956284327e-12,-3.7129005695388465e-11,-1.9577930432571383e-12,-2.6454128548502167e-11,1.9151108499061224e-11,7.415209555303991e-12,8.980910406988188e-12,4.5112976284726216e-11,3.3333139410008025e-11,-1.0185373051358714e-12,-1.9096683881885613e-11,-1.7392161550571866e-11,-1.3233519655546678e-11,-2.773739069422941e-11,5.3641898008638866e-11,-9.389403755653094e-15,-2.0007519703303443e-11,1.7302525372929873e-11,-2.2929584967915065e-11,-1.8649536480506292e-11,2.192270927506288e-11,1.1822267850387904e-11,-2.369710971589628e-11,1.16832130193807e-11,4.218501819162198e-11,-5.463825013589126e-11,8.462311380014685e-12,4.73040917585814e-11,-5.599694460994053e-11,-3.986595230110199e-12,-2.2667757345321237e-11,-5.991331711921285e-11,-4.513580229547966e-12,5.6370075027642133e-11,3.1421089874081736e-11
3.833841125196976e-11,9.980497041535032e-11,1.0796071682804028e-10,-5.804386902374208e-11,4.0952020134307036e-11,-1.1952252875444542e-11,-3.352862165339458e-11,-7.78023347276075e-12,8.658902155872903e-12,4.399463234177969e-12,-5.950321192094287e-11,1.4451316880522226e-11,-2.244872772870687e-11,9.095973165686252e-12,3.002221344140595e-11,2.414901830642703e-12,4.174178951933162e-12,-2.0554977347687877e-11,-2.8287194745272457e-11,-2.0560245669624714e-11,-9.362227177160705e-13,-2.944894826600213e-11,1.6461165860138575e-11,-1.8542958409783885e-12,-8.36340670052858e-12,8.922388227756922e-12,-8.847520892866272e-13,-1.4200558805769906e-11,4.7096435320311883e-11,2.79108865748736e-11,-3.945824014722067e-11,3.334440156782646e-11,1.1011776584326477e-11,-3.463136879755772e-11,-1.9111741738985723e-11,3.4292845856141517e-12,-3.617695409860938e-11,-2.0037374856938024e-11,-2.3077998682790634e-11,2.142583173354788e-12,-2.38830814866295e-11,1.3884284640889192e-11,-8.905725690218846e-11,-4.6681682125414096e-11,-5.391621475053223e-12,5.482777120355438e-11,-6.960643135390718e-11,-1.2437165761271592e-10
-1.5575459886511527e-11,8.62948764723206e-12,-2.352192032340271e-11,-1.3259969056770673e-11,-1.3749083793022199e-11,-3.687144256766465e-11,4.662722735561825e-11,-3.965869836363603e-11,-9.97559483682443e-12,2.6445546414235605e-11,-1.2200742628516658e-11,1.838724903212065e-11,1.1472007500259254e-12,-2.3962626288888342e-11,-3.7821162790709654e-11,6.810033082168207e-12,-3.010983505300219e-11,3.8506336899875374e-11,-9.530617579555607e-12,1.7462727867459408e-11,-2.466338945164446e-11,1.662587466668103e-11,3.779841954943782e-12,1.4937837957428624e-11,-6.14698166678344e-12,7.428531669126153e-14,-1.605449857696141e-11,1.599146310238402e-11,1.5747414892315466e-12,-2.5092302873814853e-11,-2.7698564190370448e-11,1.7958837655732683e-11,3.223519964896276e-11,-7.311185919302862e-13,1.036810849292062e-11,-9.58403919383792e-12,2.166109637871311e-12,-8.057041709031766e-12,8.627006659162215e-12,-1.0858537548310244e-11,5.585923059109834e-12,-2.7770792512447462e-11,2.191143710847391e-11,2.915596878630192e-11,2.6380037793527192e-11,1.7333768523312325e-11,7.166533021909953e-11,9.139460586249104e-11
-7.112029634305108e-11,-5.2257743638505424e-11,2.5523143820079766e-11,7.688005618972427e-12,-3.44338094205659e-11,2.9617211749473724e-11,-1.9122141817633542e-11,4.384968042273744e-11,2.6398661501861325e-11,2.5457918369843902e-11,4.4831634843737985e-11,-4.277027092303963e-11,-3.306586499904459e-11,3.235222318958694e-12,5.380443762214358e-11,4.0137706145176276e-11,-7.1800613030927035e-12,6.663274189722251e-13,7.378728175290198e-12,1.1045394599924307e-11,-5.858857939773821e-12,-1.6949810724595867e-12,1.6797017050273986e-11,-5.148633904409594e-12,1.1495705812340614e-11,1.3976700541479605e-11,-4.034559406918056e-12,-4.725961072069748e-11,8.87393971829864e-12,-9.42198348365126e-12,-3.2663377492581516e-11,1.1455601686854023e-11,-1.978634524147824e-11,2.5530897108912046e-12,-1.537805279870812e-11,-1.014200217403622e-11,1.3693884528306705e-11,4.836727648228811e-13,2.6799255464839603e-12,-1.3658604855941013e-11,3.7630882805211875e-12,3.0898909052539475e-12,3.800857285116025e-13,1.0116479909313553e-11,1.2573661968201259e-11,3.982743490310494e-11,-4.147341898022169e-11,-3.2025068292507105e-11
7.329665473554052e-11,-2.855595699808631e-11,-7.765014401663193e-11,6.25810042122196e-11,-4.042296739913855e-11,-3.069576010585789e-11,-6.336584734101642e-11,3.907684084301647e-12,-8.3294883241046e-11,-1.588283216060913e-11,3.538480631863256e-12,2.1213738426467485e-11,4.7099189506717616e-11,4.059867120606205e-11,-1.9420836433554127e-11,2.1904029793186242e-11,1.963707073678467e-11,5.334424886627552e-11,5.897234501099436e-11,-2.7808677272155428e-11,-3.094190155522615e-11,4.811936581137951e-11,1.4193457045703754e-10,-4.3777320417019875e-11,-1.5281006487042985e-11,6.306887008000953e-11,1.6915448278666058e-12,-6.3481735627736365e-12,-3.0130691619347825e-12,3.183859990111552e-11,-1.657430686261817e-11,5.4065264676966636e-11,4.194019104888316e-11,1.3020038174497094e-11,-7.171677289642989e-12,4.7725190526692736e-11,-2.2620767250187292e-13,3.7907227322963394e-11,-1.8931605594337353e-11,5.439544725159504e-12,-3.2039147801540823e-11,-2.951524239870921e-11,3.60789688403094e-11,-5.354456099591116e-11,8.135640150764282e-11,9.95551436035063e-11,-1.8282709327222772e-10,7.490588504199032e-12
-5.172806588814987e-11,6.529410606631415e-11,1.1733921774045883e-11,1.1399622347758082e-10,-5.3390533112281044e-11,2.1366388736118336e-11,2.6525334563603238e-11,-4.3499475970509486e-11,-4.815095463904234e-11,-3.098595226876378e-12,2.644587195815698e-11,-2.387584975417246e-11,-1.3541998725555048e-11,-9.054244523204319e-12,-3.880808761912629e-11,-2.467752645869658e-12,-2.3704621105086335e-11,1.6965304461451032e-11,8.22205998390963e-12,8.796069103495528e-12,4.35362939632736e-11,3.618948215085998e-11,-4.4605473815350654e-12,-2.0212908192675186e-11,-1.581733498047138e-11,-1.3424927918748309e-11,-2.692819463256696e-11,5.424224313251439e-11,1.0015807940881156e-12,-1.9965295430923787e-11,1.9673356509245208e-11,-2.3083468360716987e-11,-1.710489653605616e-11,2.4732356239320035e-11,1.1374101605841719e-11,-2.4581064700788324e-11,1.0071423569181105e-11,4.311395761890925e-11,-5.5111624874571403e-11,7.879088703805257e-12,4.7469919734452913e-11,-5.63630736155161e-11,-2.7088713197578437e-12,-2.5154117948122212e-11,-6.033787276191456e-11,-5.06089377507639e-12,5.461236272081626e-11,2.8333593482047322e-11
2.922114911894253e-11,9.784444968196834e-11,9.563296309220437e-11,-8.121653388565077e-11,6.407300558520927e-11,-9.161444311832457e-12,-3.911779363785939e-11,-1.7164753932288113e-12,7.590540265887785e-12,8.614421503268704e-13,-6.465377208901683e-11,1.790856342353771e-11,-1.2597662781132145e-11,7.1028582553321255e-12,2.769327350129262e-11,-1.825442570341462e-12,-5.862234927821855e-12,-2.1449244135022724e-11,-2.379842707952828e-11,-2.41084928292264e-11,7.30310251462391e-14,-3.45317280187317e-11,1.9184945281754383e-11,-1.6369287532690146e-12,-1.0909817130374623e-11,8.385879615576663e-12,3.9933766279974514e-13,-1.4041406088707965e-11,4.632065572650949e-11,2.5735213976316394e-11,-4.035285309105412e-11,3.306962125718341e-11,1.2083768818254212e-11,-3.5083442219034705e-11,-1.963982029833306e-11,3.2938004467451402e-12,-3.6117914961020243e-11,-2.0128767834536615e-11,-2.34999441467051e-11,-5.34730677475841e-13,-2.4183480774134628e-11,1.3511030813497107e-11,-8.939638255381771e-11,-4.7642165620669776e-11,-6.300462665836198e-12,5.3226899104829064e-11,-6.98900490833185e-11,-1.264485228702474e-10
2.8124948885473367e-11,-1.6261707013440325e-11,-2.2443550327578547e-11,-1.45988994251156e-11,-1.0943825965933085e-11,3.515307569269499e-11,-3.0889568937903674e-11,-4.032418406577047e-11,5.155126024476596e-11,-2.6919919521492196e-11,-2.966505684134491e-12,-1.3549283033492652e-11,2.2085275597571086e-11,2.6065157934792076e-11,-7.248946139885086e-12,-9.303354937488863e-12,2.3787264973388508e-11,-2.124886745287389e-12,2.033536833825089e-11,-1.3856586397174765e-11,1.8205014174976724e-12,-1.8391159374721764e-12,1.0241776142523526e-11,-1.4266722722724336e-11,3.672691851346513e-11,-1.346684560533841e-11,2.198926758459892e-11,-1.749998569846063e-11,-2.6611545327815624e-11,2.0975620880226257e-12,-9.273300905175052e-12,-1.2728602759524344e-11,4.525567093646364e-12,1.896059771131184e-12,-6.546179724248311e-12,1.141811596325028e-11,1.9135653102815267e-12,-1.2841435262677098e-11,1.1492969089083459e-11,4.255806117575075e-12,-9.229481371568114e-12,2.999265701062997e-11,-4.0219674845702786e-11,3.966468103309377e-11,-2.7135367416128194e-11,5.8000530458201314e-12,-1.4636367075155573e-11,-4.659090434002767e-11
-6.393108096835621e-11,-6.216589441693145e-12,2.5568054616168247e-11,7.86411626858198e-12,-2.1873702487185482e-11,6.971728637524736e-12,2.488215230099489e-11,1.6632666135780194e-12,2.2416895132774892e-11,-4.626095071436756e-12,-3.448789148912672e-11,1.547801089380052e-11,-2.5612641794865373e-11,-1.0968460901952513e-11,-3.3047647810191354e-11,-3.578064323045435e-11,-1.487918106733381e-11,-9.689230095631891e-12,-1.755701110893815e-12,-2.026511502395621e-11,-1.533108425084547e-12,-2.5283709850424793e-11,-1.751686784906492e-11,-1.3385700017138002e-11,4.29495997942516e-12,8.334094612805428e-12,-1.2618552164552714e-12,-5.966978864685748e-12,-2.5826000943310622e-11,-3.64166774789289e-12,2.0058436753400682e-11,-1.4426822681296739e-11,-1.2620656079139948e-11,6.157626223951543e-12,2.3587801616339383e-11,8.030959077999674e-12,-1.8327304513552237e-11,-1.8691781405509006e-11,2.069084901286524e-11,4.223307951271276e-12,-2.6077256476314606e-11,3.084671610662564e-11,-2.854945580238921e-12,6.145050199156513e-12,-1.5175245039646366e-12,-1.346417288354492e-11,-3.6044473659627886e-11,3.045160092655942e-11
-2.1707672173194975e-11,3.6110315477064393e-12,8.530109914784444e-12,-8.268859518383314e-12,-2.2218711815939035e-11,-2.802724421898039e-12,-4.697304898519371e-11,-1.1391641576752688e-11,-9.629325665837893e-12,-5.5809922356969476e-11,-2.0224090669837678e-11,-4.596246924824152e-11,2.1861888773742994e-11,-1.4385673301109735e-11,2.0614853226879558e-11,8.546038999716506e-12,-4.405483339347364e-11,3.2837264494392505e-11,5.980926732474277e-11,-8.382608715406134e-12,4.238505933216556e-11,4.698424591983379e-11,1.296575421182828e-11,1.5779892507637105e-11,-1.5740195681800183e-11,2.4866625748795618e-11,1.0014949378097965e-11,-3.1745311113144997e-11,1.3755539517171924e-11,-3.538640812106909e-11,-8.902361645570767e-12,1.0159744435110749e-11,3.2192910282688816e-12,2.3128552817096492e-11,-2.063712352250051e-11,-1.8892103905907477e-11,-1.6134695133136535e-11,2.2269014594229356e-11,3.2068845618059774e-11,-1.0167422646154226e-11,1.6157245021262986e-11,-1.6163921611819573e-12,9.675169534206876e-13,-4.878953393902052e-11,1.706181114645981e-11,-7.481731920403041e-11,4.9358765196013e-11,6.719738450099e-11
2.1491598821770622e-11,1.1843955997695692e-11,-2.0353001435981552e-11,-2.2815053980066932e-12,3.0557077277348655e-12,8.255009983346386e-12,-4.059575607621095e-12,-2.0407497687221992e-11,2.03989651253603e-11,-1.2114819166794284e-11,7.92138249722285e-12,1.0438553096000347e-11,2.204528371299632e-11,1.4059599003287725e-12,-2.4161730583545033e-11,-2.265415949065855e-12,1.7870724616772677e-11,-8.081142776209631e-12,-1.6354750450895182e-12,-3.239893515735701e-11,1.3591622076071107e-11,-2.3452040728874978e-11,-4.784743658055391e-12,1.8606617134580156e-11,1.550268604290138e-11,2.2251104658571766e-12,5.549983345312755e-12,1.2550432891501222e-11,6.1538915369213e-12,2.533537755588909e-12,9.19811588267431e-12,7.288819897031498e-12,1.4822938593803676e-12,1.1046736336623242e-11,-1.0940901463980475e-11,7.140416065538878e-12,8.582792920266929e-12,1.1131566662625114e-12,3.1911198060923697e-11,-3.404873186921718e-11,-2.6987127762432673e-11,8.922279161430131e-12,-2.7793343805411635e-12,8.565290048689146e-12,-2.159013270183732e-11,-1.0891152599368564e-13,-7.584702466779249e-12,-2.5758957380277092e-11
-4.585197382716108e-11,9.104326197294154e-11,-1.7529425270980343e-11,-1.4965537636659663e-11,2.4213553103445116e-11,4.848936162419166e-11,2.3223131064623398e-11,-8.498498428102664e-12,-7.844854814209124e-11,9.216516987332037e-12,2.4423981727700116e-11,2.158920878500975e-11,3.1089395452307677e-11,2.538763970203559e-11,1.978908213530679e-11,-3.16844215325705e-11,-2.451470918500044e-13,-5.947116816132229e-13,2.8225981241246268e-11,5.543981614542182e-12,-2.6441388922414477e-11,-6.3957590955213256e-12,-5.1414554790618756e-11,-1.9705045658069606e-11,-1.683805406954334e-11,-2.2568169619586155e-12,5.533786085526364e-12,1.7639288205843956e-11,-1.7011716530961283e-11,-1.2457891053639653e-11,2.7450121399200826e-11,4.017711261766089e-11,-2.698708209762373e-11,-5.6155200114984217e-11,-7.54511276119316e-12,6.987303340023737e-12,2.1038227919513818e-11,3.283212377478025e-11,1.6935156649221005e-11,-2.6533216465641748e-11,-3.652144465454938e-11,9.633235127561212e-12,7.084605026511825e-11,-4.8096762392705055e-11,1.0636658288568842e-10,-8.880243192597072e-11,9.178070852736298e-11,1.3392763082040744e-10
2.4927425820821085e-11,-5.781340574169714e-12,-1.9113006807087707e-11,-1.216951266214649e-11,-9.702307261884325e-12,4.021629022171777e-11,-3.3871425457553564e-11,-3.63361495526581e-11,5.6488323420823366e-11,-1.9763249639928196e-11,5.428515646816959e-12,-2.0020030469119876e-12,3.166979993569774e-11,3.087813543984813e-11,-9.062856480645657e-12,-7.133982915924609e-12,2.9103363315728194e-11,-3.481492216419922e-12,2.0002331218613425e-11,-1.2224927740739164e-11,5.1965051147687275e-12,-1.968345381842186e-12,1.4331296879026255e-11,-1.2908947138993606e-11,3.70465604821119e-11,-1.473944939640392e-11,2.352342939832252e-11,-1.8260333573364625e-11,-2.547826689522183e-11,4.0428874708832846e-12,-1.0838019495107637e-11,-1.253442175700778e-11,4.983338596932178e-12,4.1293172422931094e-12,-7.370758920738004e-12,1.1742883115875493e-11,2.1490926960407877e-12,-1.036980175496762e-11,1.2234200625423825e-11,6.94289121352751e-12,-6.927491553297108e-12,3.209211922088988e-11,-3.8408115013805215e-11,4.0618914168945214e-11,-2.2891185694016693e-11,1.0436598709362461e-11,-8.397375962148799e-12,-3.130349670094042e-11
-5.281848007329995e-11,-2.207988325595256e-11,2.3280963167597076e-11,1.271249038159226e-11,-2.8340949566037e-11,1.3456156365293321e-11,2.5468155351763746e-11,-2.808854853218053e-12,2.2280497684353002e-11,-1.979137179234173e-12,-2.967141787152991e-11,1.4213255566285972e-11,-2.648390520670719e-11,-1.246412795062596e-11,-2.4195095340774605e-11,-3.7705149959265093e-11,-1.5863000509653014e-11,-1.2045644719187436e-11,-1.1398917585203047e-12,-1.722455176992211e-11,-2.102716248345335e-12,-2.2950635627807163e-11,-1.4481049810578551e-11,-1.6293533902694008e-11,6.901990371555067e-12,1.0057092163727803e-11,1.2972408843954659e-12,-8.301236033077768e-12,-2.1592127251985316e-11,1.6651363043740115e-12,2.0661741650927397e-11,-1.3695845529963693e-11,-9.50588147741938e-12,4.271664436764002e-12,2.923005010969755e-11,1.1042216414167833e-11,-1.800341092298271e-11,-1.9240735126521802e-11,2.5731185035020614e-11,4.888818670669188e-12,-2.353375329339649e-11,3.295220661044387e-11,1.399110804984513e-13,1.0065911584605627e-11,7.60874415217903e-13,-1.2594442711532794e-11,-3.467574642637149e-11,4.110343366127699e-11
-4.37461538575273e-11,-9.992041057417532e-12,1.4242496231027686e-11,-8.425075730538863e-12,-1.6070396474569255e-11,-6.842082805758459e-12,-3.893303519942178e-11,-3.2183585527925626e-12,-8.683011607415645e-12,-5.4516197020159294e-11,-1.9431244999290123e-11,-4.2757055938959935e-11,2.4336440064283537e-11,-1.7519309969025298e-11,2.40670119068292e-11,1.1466020548784612e-11,-4.4037725421714114e-11,3.1754385722788653e-11,6.023787206845027e-11,-9.639740491566397e-12,4.153803338994449e-11,4.6407566901081725e-11,1.1676502325562349e-11,1.5539628505169023e-11,-1.8632473921771676e-11,2.6029824576411567e-11,9.928623747881437e-12,-3.5936026422209704e-11,1.3250227203880517e-11,-3.727993598517474e-11,-7.280796265131885e-12,1.1222717907233389e-11,1.7068130678201412e-12,2.126442010049383e-11,-2.3021617819157062e-11,-1.8749428353936453e-11,-1.602454513722158e-11,1.7908248148738063e-11,2.8249069313574446e-11,-1.0760530688714783e-11,1.3509542092872271e-11,-3.1296962619150183e-12,1.2786064120719537e-13,-5.0138375946279195e-11,1.588987182380996e-11,-7.696794035606095e-11,4.745495923656565e-11,6.776986715428561e-11
1.4432481371919538e-11,1.1930073997995414e-11,-1.4236142961112972e-11,3.8430050675399264e-12,-4.237746372117051e-13,6.1567986860173565e-12,8.112512118521334e-13,-1.7991160146410172e-11,1.984510370009746e-11,-1.3440033314535718e-11,6.033544299245434e-12,9.478688693986138e-12,1.9848776200079593e-11,1.0321205570718055e-13,-2.674481334323263e-11,-3.2755584063189754e-12,2.0338241094878763e-11,-7.771692725972026e-12,-2.6414297918806216e-12,-3.1973142562456345e-11,1.3274332155042053e-11,-2.455804682415589e-11,-5.24430150305706e-12,1.8956969247242786e-11,1.5888820806942046e-11,3.0426725669974326e-12,5.541014191018512e-12,1.2733060624246399e-11,5.8388303029257744e-12,3.231440611604648e-12,9.935689919057996e-12,6.149456734175093e-12,1.3929735113524334e-12,1.1126681807807104e-11,-1.1332315394784035e-11,7.948220404385722e-12,8.526015679519888e-12,1.4709896948870181e-12,3.2150766526128005e-11,-3.42362547259973e-11,-2.6520688820325872e-11,8.801686927363292e-12,-2.5504473921136564e-12,8.352453508797654e-12,-2.1601572773810972e-11,3.883238691224221e-14,-7.664559646831038e-12,-2.616831937498862e-11
-7.409189464155271e-11,9.30179234766161e-11,-2.2418859306418585e-11,-1.8075216808326887e-11,3.105633402484289e-11,4.816640994134397e-11,2.5084359137002188e-11,-1.6562150065723376e-11,-8.21797216458427e-11,1.2939837367327582e-11,2.983540441939269e-11,1.6708936993442952e-11,2.7329676930470825e-11,2.26269830856266e-11,2.1183604295482887e-11,-3.113713968082769e-11,-2.1583477319875144e-12,-2.860006513808729e-12,2.7287902450370463e-11,8.451648316301614e-12,-2.995882012306867e-11,-8.666641701961395e-12,-5.36663767236858e-11,-2.1147177666158385e-11,-1.8584654406892354e-11,-2.100595038897909e-12,5.002062848670615e-12,1.8015280150074592e-11,-1.759182558988531e-11,-1.1825376186488235e-11,2.7748519533701215e-11,4.147906934278622e-11,-2.7598072881693394e-11,-5.622063968487643e-11,-7.939296115397787e-12,7.376660251831849e-12,2.153063024303287e-11,3.2318857631318885e-11,1.6792202249604463e-11,-2.6767859324484188e-11,-3.626411991625803e-11,1.0067821997765528e-11,7.121454136275824e-11,-4.790820528945611e-11,1.0645817938525898e-10,-8.884067189885552e-11,9.419439668047039e-11,1.4683248504328345e-10
6.923822925379193e-11,7.186912678971032e-12,-5.5279907340156423e-11,-2.062789013200026e-11,-1.1634131585461491e-11,3.831498615542905e-11,-2.0709870686164433e-11,6.7169970749743724e-12,5.415849672857137e-11,1.3394171427776115e-11,-4.033779743254914e-13,-4.408706435111117e-12,-7.343698411135802e-12,2.5446492884147576e-11,-1.508604986272437e-11,3.15295252249094e-11,1.4526017653057061e-11,2.350015142859135e-11,-9.851179895362597e-12,-5.186136175848389e-12,-5.4536546963447965e-12,2.052711981795771e-11,2.5060988434618482e-11,-2.4355453656393332e-11,-1.3048708581190015e-11,2.392564736014117e-12,1.9823331102194397e-11,-1.2876803058989752e-11,2.2147191914006976e-11,1.7094442544491006e-11,9.642994673480023e-12,-4.911564728370656e-12,1.9194789322032042e-11,-1.0364219651641982e-12,1.669807200456578e-11,5.887289982627294e-13,4.0683289846593863e-13,9.555421218572585e-12,-1.9269160800021854e-11,-1.7845911783819365e-11,2.8202843833576615e-11,2.6169574639649053e-12,3.8285565746128806e-11,9.114335253266274e-12,-3.0863781635812716e-11,-9.707793782846025e-12,-6.94757279018348e-12,1.3834675802002761e-11
-5.435569627853831e-12,4.27514180821383e-11,-1.229200337906446e-10,2.3070261290621885e-11,1.574787250738193e-11,-1.1232988003196519e-11,1.4499668484603838e-12,-3.985648357061141e-11,2.6366234950187416e-11,1.0299425439645636e-10,-4.0316789159591895e-11,-1.1553720770768906e-11,-9.897346245934282e-12,1.0137781253508041e-11,-1.431173406939009e-10,-2.920122184201133e-11,4.337827511186091e-11,2.5961539375039234e-11,-5.300093151296262e-11,1.89981887356629e-11,-1.0647800279029066e-10,3.535194289178516e-11,-3.28138761469224e-11,-2.8425157730592776e-11,-5.547109481439058e-11,2.5266867581852063e-13,1.65857804542095e-11,-7.031779928327332e-12,4.080793823272941e-11,4.383045406378377e-12,1.6772865623551455e-11,-1.7056997307302928e-11,5.575204274897782e-11,3.0952321258178795e-11,-2.218306412092747e-11,-1.9967990678484428e-11,8.841798560098778e-12,-2.5564584032702188e-11,2.0653410707905015e-11,-7.340570879828227e-12,5.079735766645468e-11,-7.481966046907949e-11,5.461224466202977e-11,-5.93209996485456e-11,-1.207261377072285e-10,9.255011854434503e-11,-3.4279313175368456e-11,1.9089835546608634e-10
7.357514324054251e-11,1.1469974819983537e-10,6.104058627446565e-11,-3.399474026269214e-12,-2.3088802887393352e-11,-3.3432506563214805e-12,3.093483660317831e-11,4.656403775462019e-11,-5.006170296268642e-11,-5.231730367072684e-11,4.0872380870597254e-12,-3.746729565100389e-11,-6.713032873987494e-12,-1.1035256202121594e-11,-1.2935184261476926e-11,3.95659257232432e-12,-7.696359690577471e-12,3.2108413383241206e-11,1.2253425210525196e-11,-1.3204196170168008e-11,4.2794646513365687e-11,-3.326364843801427e-12,9.344558974220729e-12,-1.633424484475211e-11,-2.384057428125284e-11,2.712145821948473e-11,-2.9098359302444995e-11,-1.4415310295066332e-11,-8.244724148838345e-12,-1.5878475610570237e-11,4.530849989359694e-11,-2.7587522942206025e-11,-2.7750751910477198e-11,1.5638274604589446e-11,2.1556797190549825e-12,-1.7839711124191816e-11,4.111398310942864e-11,5.498228211015881e-12,-1.8848589196378965e-12,-2.6005171573856524e-11,-2.8491109299394972e-12,5.3236857356662234e-11,-2.215333383233172e-11,-5.797847702481895e-11,-3.004248103197972e-11,2.5011798780496113e-11,7.936441315542312e-11,-4.3074861809888745e-11
-6.154775115926629e-12,5.988164767895792e-12,-1.793470257553599e-11,-1.7644363401392806e-11,-2.8042711754718543e-11,4.116056439915576e-12,-2.4529702588786863e-11,-1.896781868472306e-11,3.3784253699526654e-11,1.5967861364475786e-11,-2.176461661835974e-11,-1.7377804977659686e-11,-1.7839360025269265e-11,-1.1749236470860736e-11,-6.3141585392753645e-12,-1.4663831403818444e-12,-7.405911356346269e-12,3.186664935737846e-14,7.214262076612942e-12,-9.45730785609499e-12,7.598966349167256e-12,-1.1969143454030466e-12,-7.139305553153044e-12,7.60511484985448e-12,-1.3240874127416035e-11,2.985516706069097e-12,7.028525003460212e-14,1.2091585306425645e-11,-1.38678184004524e-11,-1.0262426311755174e-11,6.562187578652003e-12,-1.3902533953689367e-11,-1.1363470068249601e-11,1.805301196632523e-11,1.685912669246266e-11,5.8541709546885195e-12,-1.1363924342197196e-11,-2.8833413022869386e-14,1.014969614149667e-11,6.389278591604834e-12,3.5790502257700223e-12,-6.069870523707467e-12,-1.8259591773555834e-11,-1.257803937724416e-12,1.324657455716027e-11,-9.612660837708464e-12,-1.72218030714699e-11,-2.440009760338401e-11
5.392501170943325e-11,-9.305820666189593e-12,9.533587898336676e-11,3.079654457770271e-11,-3.9978652191662605e-12,-3.605229206461453e-12,7.184440861435581e-11,-4.9216075596845827e-11,1.9113313180630195e-11,3.6415689063895064e-11,-6.627379772296854e-12,5.2444915203927036e-11,-1.2811177044265307e-11,-1.8547189992377566e-11,1.0750070292184447e-11,1.4325473757386539e-11,-2.678187589378001e-11,-3.336211416542166e-12,-1.2907622580555775e-11,-1.9884185234841787e-11,7.197852795370547e-12,-2.6966858336215732e-11,-2.1308873132877067e-11,-9.614614714636266e-13,1.0914755523477405e-12,3.875735986114439e-11,3.777556497992299e-11,-1.3406285205900496e-12,-1.2158613511225551e-11,1.0974417419819509e-11,4.925228045146349e-11,-3.185450736290272e-12,-2.866384984305438e-11,-2.4901795946510326e-11,-2.8901439409549796e-11,-1.853443014069303e-12,1.7992189746158747e-11,5.540927736555698e-12,-6.329573174686631e-11,-2.688529725938743e-12,-4.409681921221881e-12,-1.777816977777542e-11,-1.6371112605291982e-11,1.73183858598444e-11,2.0777708435690527e-11,5.020253207064284e-11,-1.0154553811258106e-11,9.187390582751491e-11
7.457064366052484e-11,1.1814441557837048e-11,-3.889787452662298e-11,-1.1074726192974983e-11,-8.461798065817231e-12,4.2461074079540235e-11,-2.359744188430767e-11,-3.613902648141436e-12,4.391113317216673e-11,1.3101828991693311e-11,4.4530661642353614e-12,-8.5491955603461e-12,-1.4053374152646876e-11,2.986502324303364e-11,-1.963624997248322e-11,2.517250374718246e-11,1.6023373483996972e-11,2.4602426246627657e-11,-1.1468417190788091e-11,-9.365515687322346e-12,-7.288736069387544e-12,2.122447279075531e-11,2.569053092813702e-11,-2.8454074307749295e-11,-1.5963484481352002e-11,1.4955669252818989e-12,1.987645264581759e-11,-1.5482462068037616e-11,2.1956973811346833e-11,1.6974778983158315e-11,9.270787187311685e-12,-4.662669896582054e-12,1.826695567927417e-11,-2.680785701003818e-12,1.6818442134702364e-11,-4.782727319081419e-14,-3.35948147603543e-13,8.799901608641069e-12,-2.00545968209206e-11,-1.870172171726873e-11,2.699481449926336e-11,1.516332933263943e-12,3.7547251657647295e-11,7.968162689545552e-12,-3.286718381733325e-11,-1.1398420949951517e-11,-9.395647250603574e-12,6.123395199198419e-12
2.3217132822519915e-11,2.7639109061064118e-11,-8.712792101284244e-11,3.071561099837894e-11,3.715563492994568e-11,-5.752567306283253e-11,-7.001583146558038e-12,-4.3043908304606354e-11,1.5873999480145905e-11,8.937555910817e-11,-4.677259373575419e-11,-9.516856432435364e-12,-1.2737610302825429e-11,2.3294396188429555e-11,-1.4325307051811996e-10,-3.363144977646284e-11,4.2314239444430015e-11,2.930953676668437e-11,-5.362353044333586e-11,2.0360215407367843e-11,-1.0838121669300333e-10,3.6784051299254016e-11,-2.2795189617560408e-11,-2.686383217533865e-11,-5.6996396972029454e-11,-6.121250485748545e-13,2.0799834835989717e-11,-6.155950377457607e-12,4.229976072411666e-11,5.265780018051895e-12,1.9502399581123286e-11,-1.5718142818309073e-11,5.744126123603897e-11,3.247518326786784e-11,-2.0772302949159613e-11,-1.9206471148419763e-11,9.17584169826923e-12,-2.445030315722435e-11,2.161496657597067e-11,-6.1930105829284385e-12,5.188462020569272e-11,-7.252169947345177e-11,5.643352348163623e-11,-5.6872683176470626e-11,-1.181402889124022e-10,9.741273898553483e-11,-2.644505011581438e-11,2.1355990909767476e-10
4.9638953007016785e-11,9.676720972983624e-11,5.838713257566326e-11,5.054629092317077e-12,-3.761589641667849e-11,4.083634046777934e-13,3.347343061843684e-11,3.257689242082219e-11,-5.171924569583189e-11,-4.8043391517163235e-11,6.65777338847292e-12,-3.7419354402499534e-11,-1.002104807620805e-11,-9.547350454061441e-12,-1.2008221740728158e-11,2.9252709701268523e-12,-8.141108224238567e-12,3.5934088979036885e-11,1.4332001092393236e-11,-1.0956344165703744e-11,4.5266855571867474e-11,-6.042549530457801e-13,1.2520361773877528e-11,-1.6118932291022482e-11,-2.2537792945239124e-11,2.877404813584402e-11,-2.7525323066610172e-11,-1.3243319233143133e-11,-7.655081479673756e-12,-1.4940071215329157e-11,4.651484571268688e-11,-2.725816407640651e-11,-2.751393262109063e-11,1.63272806613659e-11,3.7388873877060004e-12,-1.678849279743011e-11,4.230446596291966e-11,5.808340237881301e-12,-5.538176838864439e-13,-2.4765264239433178e-11,-1.456199477425065e-12,5.447284589669159e-11,-2.1088850557997756e-11,-5.680513321702202e-11,-2.7733253543349697e-11,2.8634786143185138e-11,8.535385032722763e-11,-2.7719634893203708e-11
-1.0035403763617283e-11,7.775743504494442e-12,-2.3998591335822697e-11,-1.3726474424530108e-11,-2.6566338016875736e-11,3.796270720256575e-12,-1.9008318991778186e-11,-2.123524186825428e-11,3.076967932740867e-11,1.6320269885373895e-11,-2.2866030341364275e-11,-1.9075056362496765e-11,-1.8265936566807063e-11,-1.2911242442851221e-11,-5.105128349752256e-12,-2.3877095913001407e-12,-8.664478238245244e-12,-6.792867232689576e-13,5.634495826324227e-12,-9.385139461343582e-12,6.8272014699920045e-12,-1.3923287108500752e-12,-7.00013731950923e-12,6.964022605574275e-12,-1.3516285892993125e-11,2.4646110709259696e-12,-4.2652367279984753e-13,1.2414412912251285e-11,-1.392757984341859e-11,-9.9636501597372e-12,6.790021568863134e-12,-1.464924042393046e-11,-1.202606760630777e-11,1.703136084059514e-11,1.6620406680356007e-11,5.745984383618884e-12,-1.1512368439501738e-11,-7.484015374459151e-13,1.0249824163527371e-11,5.880722671819661e-12,3.138501560348613e-12,-6.549350823606651e-12,-1.955434694125849e-11,-1.7703032059828815e-12,1.2482384121783679e-11,-1.0608694716438727e-11,-1.782499029849196e-11,-2.6164278821604146e-11
4.6181611336139584e-11,-1.6037428571919405e-11,8.430278918798916e-11,3.292050844300871e-11,-2.74331606183692e-12,-1.3015386925996033e-11,6.477819004786864e-11,-5.018408253608986e-11,1.4404940463219849e-11,3.436000331541253e-11,-7.053966915980178e-12,5.005107336428059e-11,-1.1915532971852967e-11,-9.412485225009322e-12,1.0507883816404729e-11,1.6242014762188208e-11,-2.8944572019267242e-11,1.6371297585292253e-12,-1.5012916119132595e-11,-2.1041425258702418e-11,6.1800826062761884e-12,-2.4051730555973112e-11,-1.696419506604008e-11,-4.163849271067607e-13,5.01045402871688e-12,4.2246792774400117e-11,3.783897130113007e-11,-2.752596325318603e-12,-1.148328986132681e-11,1.0243158909694322e-11,5.1505063254636454e-11,-4.699370386407092e-12,-2.7889200983442676e-11,-2.313624784153193e-11,-2.866938478528444e-11,-3.527945321539535e-12,1.8698763385223095e-11,6.96613771318932e-12,-6.218027395435908e-11,-2.5698448767731714e-12,-3.2315158214964353e-12,-1.6848425125666908e-11,-1.4922833936246947e-11,1.9170501554595486e-11,2.317055814451054e-11,5.2602607279809116e-11,-5.822838484367693e-12,1.0085788656428653e-10
-4.339488043805289e-11,1.8375363005618286e-10,-3.632159677104832e-11,1.7522968010385982e-11,9.382052711473507e-11,-5.754787255379386e-11,2.503066771029534e-11,2.0203705438434023e-12,-3.665418992875629e-11,-3.872545001376213e-11,4.4714764075632255e-11,-8.385573836312512e-11,1.1784870497395072e-10,-6.244425257201831e-11,2.3828049350239546e-11,-5.5028094596283246e-11,-6.695043427171802e-11,3.8652364018287824e-11,7.647297190929952e-11,-1.828129941061213e-11,-2.975442897813599e-11,-4.5410717645775815e-11,-1.278164796537091e-13,5.536842020038144e-11,-7.121599927827877e-11,-9.881411981760369e-12,2.7349096689467293e-11,-4.547331725641123e-11,-2.6272118044635608e-11,1.4205673120969324e-11,-5.791647922683152e-11,7.41484315003364e-11,2.4569305432644882e-11,4.612407715628527e-11,5.620310167393523e-11,-6.631432420566711e-12,-7.147994573110447e-11,-5.074873342396904e-12,6.150037671457262e-11,7.967607387574164e-11,-1.259184189632149e-11,3.4592424449364566e-11,4.848511500229378e-11,1.7876664522260523e-11,5.890474591586202e-11,9.034610162818342e-12,1.8930516183605353e-10,-1.499245705040383e-10
1.6929657258968924e-10,3.518562289073115e-12,9.548165992448374e-11,5.2180385781140254e-11,3.778239702827527e-11,-1.9499364092599188e-13,6.250522710877907e-11,3.819665355503049e-11,-9.127425582319239e-11,-1.404606136727293e-11,-2.956176636332115e-11,-3.576559801181514e-11,-1.588612514525632e-11,1.57094314031554e-11,-1.6243314050502963e-11,1.553292699167754e-11,-7.360930046481805e-12,-4.1054740275638693e-11,1.6654435694101837e-11,-3.771848327608005e-11,-1.4902494752228514e-11,-4.1239178002471585e-11,2.961696455970963e-11,-5.306773711790913e-11,2.802431461769616e-11,2.0905313477528024e-11,-2.1891596993835836e-11,1.389353961732763e-11,-4.9780168095885667e-11,-1.5659203744716337e-11,-1.1673370695081307e-11,8.211319520109406e-12,-3.1605308848839355e-11,1.8256007816724913e-11,-2.1171704290349424e-11,1.367878531317463e-11,-7.789656267035264e-11,4.208966837379647e-13,8.582305865159e-12,-1.8133623861397763e-11,-4.9809364035201635e-11,-7.853042269647347e-11,-6.966270797024094e-12,-4.916956558038891e-14,-2.1713889207546997e-11,-1.3031383034572354e-11,9.320891777908021e-12,8.900531466157553e-11
1.9901673134248428e-11,4.271180969775246e-11,-7.702943705753703e-12,-6.487697283429182e-12,-4.061167314961689e-12,1.2079497747198163e-11,-1.316663695684645e-11,-1.8094691524148843e-11,1.7055210288639254e-11,-2.5999126742574095e-11,-1.620548967330073e-11,1.9548431360322122e-11,2.084751294963478e-12,-2.6646008856154558e-11,2.57846397648214e-12,-4.397370289389054e-13,-2.349406288316733e-11,-1.7057680949718385e-11,5.19867621392296e-13,3.779293231638628e-12,4.4180696481643007e-13,-3.6207394210198604e-12,-2.108071460458223e-11,9.588773642607428e-12,-3.2539402389681045e-12,-3.9836499803903715e-11,2.364418803556681e-11,4.242377046503862e-12,1.7472900398251773e-11,-6.023670919021209e-12,1.7914233688128104e-11,4.6329493759086304e-12,4.197698169501559e-12,-6.318183932236159e-12,-2.9067356977089413e-11,-1.417220727672801e-11,-2.4229858856379043e-11,2.4735813696822142e-12,-1.675006629529196e-12,2.0845953614502335e-11,-7.211752672910928e-12,-6.131550626249029e-12,-2.2924636042089002e-11,-2.7603007377495115e-13,-9.618804526714993e-13,2.403508815761671e-11,-1.3353831586921032e-11,-3.454135115334382e-11
2.382196566207595e-11,-1.530165384978944e-11,-2.0102675064683976e-11,-5.766155305735216e-12,-2.5850770746464582e-11,-7.298416905342311e-12,4.053487181004353e-11,-1.7557847167588534e-11,6.8446533697056e-11,-6.130248026047861e-11,3.872410120768382e-11,-2.6890747999163332e-11,2.2363132617193307e-11,4.912814489442615e-11,2.3140720655314407e-11,-1.2067474785240408e-11,5.0780117744703294e-11,-4.4974354520412204e-11,2.81611536633204e-11,2.0755530193775304e-11,-8.016573520090393e-12,-1.6630860869991937e-11,5.291267822488591e-11,2.677186577786934e-11,-9.040838013184163e-12,-1.1570508831306298e-11,2.6369025922623414e-11,-6.600980720985345e-12,-6.743688667493891e-11,-2.1517976393660903e-11,4.062196713065603e-12,8.185298185691888e-12,-2.1673543504290384e-11,3.8896610666533857e-11,-1.9295657148138688e-11,1.3738729016642244e-11,-2.2001021177857952e-14,3.710448621179307e-12,-7.728268688727337e-12,-1.7906004187218628e-12,-2.215080465760407e-11,1.9982746886313293e-11,6.243131509488054e-11,2.4242050610661414e-11,-1.3939395724443406e-11,1.6405662887766912e-11,-1.071057986070181e-10,4.226360462909772e-12
-4.8273504665687975e-11,-1.167423457172683e-11,2.6640290709073436e-11,3.694943285822359e-11,-9.679110000705766e-13,2.1943236694112967e-11,-2.1029036840680455e-11,-2.6895077667207437e-11,1.0695482891061983e-11,2.6457454467576765e-11,1.937776127488571e-12,2.805083911793726e-11,1.1208887293964298e-12,5.613567481239069e-12,-4.765779325096088e-12,4.648318694022953e-12,-3.0522417439865796e-12,-1.2861098990387443e-11,2.2771905820758367e-11,-1.4462333753531783e-11,-2.0495122461417815e-12,-7.1052231684818754e-12,5.928009481225325e-12,2.692068678245532e-11,-7.702925327855194e-12,-2.6903637907242398e-11,3.357299874502782e-12,-6.821567924852225e-12,-1.5362693737035542e-11,-1.028989861511751e-12,5.699682254578703e-12,-1.3109612117424144e-12,-2.2274905213889825e-11,-2.107809732004567e-11,1.3971748624635562e-11,-1.7585441994040843e-12,-3.987321254014708e-11,-1.2718932701251345e-11,9.69360476720875e-12,-5.563843171564775e-12,1.9125493052863047e-11,-8.88926929004345e-12,9.758336898801732e-12,-1.4005472901089388e-11,8.63503969530305e-12,-2.2985397704937505e-11,-5.392747165476244e-11,-5.100721322785288e-11
-4.728641517741292e-11,1.798795234205043e-10,-1.7582379363492124e-11,2.9302384630409815e-12,1.0487260365917359e-10,-6.192836695055536e-11,1.0815820405585321e-11,-4.207107626078545e-12,-3.945091081144216e-11,-4.236024249926386e-11,3.842166156140935e-11,-8.247608385856726e-11,1.0904572616348048e-10,-6.954877480419674e-11,2.1565145562222537e-11,-6.64632036465431e-11,-7.473704834620801e-11,3.052707076705825e-11,6.961117301804238e-11,-1.5307122950548426e-11,-2.7808079870022124e-11,-4.682979089170365e-11,-7.044706174736151e-13,5.862501304530705e-11,-6.892793233103798e-11,-1.6623977710828985e-11,2.949671211528106e-11,-4.4123631795067627e-11,-2.746161549666024e-11,1.6422237397712644e-11,-5.418560293188236e-11,7.193898674501236e-11,2.1304121724549413e-11,3.979366935809665e-11,5.495044047630209e-11,-7.651096063229763e-13,-7.427480990808296e-11,-8.478010186494492e-12,6.026232342819288e-11,7.421390716998361e-11,-1.411066226683608e-11,3.6005493934490633e-11,4.82553608483862e-11,1.6084140524785976e-11,5.962642237232266e-11,7.140110250130563e-12,1.881085201276823e-10,-1.525294907100469e-10
1.457515724486724e-10,1.9694828049399082e-13,7.724571959486683e-11,3.547145643904634e-11,3.029767595805624e-11,-9.681467463685798e-12,6.746134626345593e-11,3.702873466872866e-11,-8.822166681628207e-11,-1.3313849570602405e-11,-3.4367199429459306e-11,-3.261390825829068e-11,-1.5619547180248514e-11,1.2956469969324108e-11,-1.484125721872453e-11,1.688743009022513e-11,-6.532047627728882e-12,-4.1374506286706266e-11,1.7061125367803847e-11,-3.683684186942741e-11,-1.362615734367952e-11,-4.1826590253606366e-11,3.024790070709918e-11,-5.224923517668759e-11,2.846573402986788e-11,2.141538569246769e-11,-2.101613569014647e-11,1.4604658869149967e-11,-5.0842964513454944e-11,-1.4164244108070574e-11,-1.1135438220330671e-11,1.0331103548078776e-11,-3.154819553900342e-11,1.964311846790691e-11,-2.0117148992140924e-11,1.4378863794697997e-11,-7.76155606190499e-11,2.990903947726507e-13,8.192646629508491e-12,-1.829720031683013e-11,-4.9416735772266196e-11,-7.757103532849076e-11,-5.874757427147262e-12,2.062476065909466e-12,-2.0121218724590826e-11,-1.1363403890855923e-11,1.538890113122335e-11,9.825824482936598e-11
1.5775784663008408e-11,4.260196209183905e-11,-9.898841276052022e-12,-1.2089558908276439e-11,-8.322433604653294e-12,1.2903850757193331e-11,-2.1096624769764035e-11,-1.810115707575498e-11,1.6543247301741495e-11,-2.7700031582608483e-11,-1.937372472319255e-11,1.9658628392508803e-11,2.238381499077466e-12,-2.3626124112672906e-11,1.5763204318244684e-12,-8.215062315761636e-13,-2.3218572294601708e-11,-1.6413974786004613e-11,3.8072996503720615e-13,2.0467447207786753e-12,3.617646481427216e-13,-3.710602311437413e-12,-2.1360136527732428e-11,8.821446681110864e-12,-2.6092946489633447e-12,-4.0033713840636373e-11,2.4923883895625057e-11,3.9944783550453e-12,1.7319584838763652e-11,-5.635390848982964e-12,1.725211373570423e-11,4.560684809592065e-12,4.2134157896522606e-12,-6.23233491459569e-12,-2.9329303119117435e-11,-1.4194318960264013e-11,-2.4465196430871408e-11,2.1130100825115073e-12,-1.7876832998695842e-12,2.050483946487973e-11,-7.366756647920437e-12,-6.3754049770037515e-12,-2.3171752043042882e-11,-6.436194125780852e-13,-1.1866025685033686e-12,2.351076110026212e-11,-1.3568331015095666e-11,-3.550291767746872e-11
1.4157934785644524e-11,-1.3674135862001385e-11,-3.705803258807828e-11,-6.636475191620445e-13,-3.801492708206457e-11,-8.765153985790483e-12,5.2947151945350664e-11,-1.2771354356850147e-11,6.42904012715897e-11,-6.241299963077852e-11,3.577301759942241e-11,-2.583495880700584e-11,1.894926965088377e-11,5.2426500925596535e-11,2.5725404461978308e-11,-6.937932734647041e-12,5.4214704448755836e-11,-4.4410306690662356e-11,2.7984858524857873e-11,2.3883938172951308e-11,-9.51527523686332e-12,-1.7308562280268266e-11,5.295378199962717e-11,2.891244026331341e-11,-1.0070577067673884e-11,-1.1101786838407547e-11,2.5273462771869435e-11,-1.0420894912678301e-11,-6.59952076859598e-11,-2.2236421362646702e-11,4.778660506998886e-12,9.31181724899543e-12,-2.0665620562962426e-11,3.6099882942285606e-11,-1.935419533480811e-11,1.4848382612215444e-11,5.553407035272077e-13,2.268780945728894e-12,-7.320431524453477e-12,-9.602651766447624e-13,-2.1040647315096833e-11,1.8266668109339384e-11,6.363533982649283e-11,2.198603669985289e-11,-1.613427165806314e-11,1.4790988049779257e-11,-1.052965567031665e-10,3.1035302735888028e-12
-4.5122427099029856e-11,-2.131610137075645e-11,2.25369356485288e-11,3.449941140046788e-11,-1.3596821516333842e-12,2.513337392552419e-11,-1.9270276405417616e-11,-2.7692436655566534e-11,1.534511395805456e-11,2.745781391469182e-11,2.289079040918146e-12,2.586704711089318e-11,-6.836744090314612e-13,3.996653735373007e-12,-4.906029875513166e-12,3.4347719987123163e-12,-2.4525701033095395e-12,-1.3364825110575203e-11,2.143754419943779e-11,-1.5889610824207028e-11,-2.3082938487716484e-12,-6.0183911915596866e-12,5.983895672526758e-12,2.6887917546002868e-11,-7.440254934591833e-12,-2.7757176959664026e-11,1.587557428794519e-12,-7.395008466309374e-12,-1.4713664413504188e-11,-1.1699705919150352e-12,5.7431317222395e-12,-8.811645611792958e-13,-2.332919522136015e-11,-2.103387345011167e-11,1.4371347449529065e-11,-2.5062128562129662e-12,-3.9934563080667224e-11,-1.3552087661797207e-11,9.145766268733086e-12,-6.741891517618501e-12,1.9765054524821627e-11,-1.0017452260728134e-11,9.277829505977763e-12,-1.4644508546021165e-11,8.65619243356163e-12,-2.2681866266890284e-11,-5.381041354892677e-11,-5.0929764554245085e-11
