timestep,image_idx,sample_idx,reward,ir_person,sex_score,sex_score_binary,aesthetics_score
,0,,-2.236976146697998,-2.236976146697998,0.5204606056213379,0.0,4.111253261566162
,1,,-2.2637343406677246,-2.2637343406677246,0.45781779289245605,0.0,6.57036018371582
,2,,-2.2463767528533936,-2.2463767528533936,0.49695390462875366,0.0,6.264998435974121
,3,,-2.277902603149414,-2.277902603149414,0.5334358215332031,0.0,3.22243070602417
,4,,-2.2776381969451904,-2.2776381969451904,0.43972834944725037,0.0,4.3751630783081055
,5,,-2.2579805850982666,-2.2579805850982666,0.5675413012504578,0.0,6.150369644165039
,6,,-2.1762125492095947,-2.1762125492095947,0.4863348603248596,0.0,6.126664638519287
,7,,-2.2191426753997803,-2.2191426753997803,0.42659297585487366,0.0,6.58389139175415
,8,,-2.2204360961914062,-2.2204360961914062,0.5250478386878967,0.0,5.231968879699707
,9,,-2.2418737411499023,-2.2418737411499023,0.4470188021659851,0.0,5.697620391845703
980,0,0,-2.269340753555298,-2.269340753555298,0.5135119557380676,0.0,4.671894073486328
980,0,1,-2.2408533096313477,-2.2408533096313477,0.4930671155452728,0.0,5.34800910949707
980,0,2,-2.277082681655884,-2.277082681655884,0.5477207899093628,0.0,5.241294860839844
980,0,3,-2.2423250675201416,-2.2423250675201416,0.6408476829528809,0.0,5.462944507598877
980,0,4,-2.2341952323913574,-2.2341952323913574,0.5690130591392517,0.0,6.597158908843994
980,0,5,-2.241100549697876,-2.241100549697876,0.6855476498603821,0.0,5.521639347076416
980,0,6,-2.2338881492614746,-2.2338881492614746,0.4946185052394867,0.0,6.989748954772949
980,0,7,-2.240790843963623,-2.240790843963623,0.5397720336914062,0.0,6.5911865234375
980,0,8,-2.2486581802368164,-2.2486581802368164,0.5430082082748413,0.0,7.312897682189941
980,0,9,-2.2602767944335938,-2.2602767944335938,0.5381271243095398,0.0,4.389249801635742
980,0,10,-2.2454497814178467,-2.2454497814178467,0.6031498312950134,0.0,5.059675216674805
980,0,11,-2.228377342224121,-2.228377342224121,0.5340597629547119,0.0,5.77249813079834
980,0,12,-2.22829008102417,-2.22829008102417,0.5157883763313293,0.0,6.011574745178223
980,0,13,-2.255307674407959,-2.255307674407959,0.448279470205307,0.0,5.003424644470215
980,0,14,-2.2125587463378906,-2.2125587463378906,0.5048896670341492,0.0,6.499635696411133
980,0,15,-2.2369143962860107,-2.2369143962860107,0.5454643368721008,0.0,3.482757329940796
980,0,16,-2.2662715911865234,-2.2662715911865234,0.4856402575969696,0.0,3.844696044921875
980,0,17,-2.2613730430603027,-2.2613730430603027,0.5111401677131653,0.0,3.8916594982147217
980,0,18,-2.253257989883423,-2.253257989883423,0.5504906177520752,0.0,5.947181224822998
980,0,19,-2.258720874786377,-2.258720874786377,0.6697214245796204,0.0,4.714674949645996
980,1,0,-2.258652687072754,-2.258652687072754,0.5889553427696228,0.0,5.208219528198242
980,1,1,-2.2395179271698,-2.2395179271698,0.7726690769195557,0.0,5.614432334899902
980,1,2,-2.2414042949676514,-2.2414042949676514,0.5434274673461914,0.0,7.248739242553711
980,1,3,-2.2619104385375977,-2.2619104385375977,0.5304644107818604,0.0,6.047120094299316
980,1,4,-2.2327821254730225,-2.2327821254730225,0.5151609778404236,0.0,5.921482086181641
980,1,5,-2.273552656173706,-2.273552656173706,0.4701370298862457,0.0,5.0124359130859375
980,1,6,-2.257610321044922,-2.257610321044922,0.45621779561042786,0.0,6.337835788726807
980,1,7,-2.2034242153167725,-2.2034242153167725,0.5113906264305115,0.0,5.885411262512207
980,1,8,-2.2562050819396973,-2.2562050819396973,0.5352052450180054,0.0,5.850098609924316
980,1,9,-2.2316949367523193,-2.2316949367523193,0.44780999422073364,0.0,5.621611595153809
980,1,10,-2.2303786277770996,-2.2303786277770996,0.5721063017845154,0.0,6.303300857543945
980,1,11,-2.2456369400024414,-2.2456369400024414,0.5518044233322144,0.0,6.577755928039551
980,1,12,-2.26271915435791,-2.26271915435791,0.5610583424568176,0.0,6.090414524078369
980,1,13,-2.2593514919281006,-2.2593514919281006,0.560387372970581,0.0,4.782731533050537
980,1,14,-2.2404141426086426,-2.2404141426086426,0.5114153623580933,0.0,4.763008117675781
980,1,15,-2.259922742843628,-2.259922742843628,0.5719569325447083,0.0,5.154350280761719
980,1,16,-2.2755556106567383,-2.2755556106567383,0.4262261986732483,0.0,5.881919860839844
980,1,17,-2.2274200916290283,-2.2274200916290283,0.5006136298179626,0.0,5.9470930099487305
980,1,18,-2.250335454940796,-2.250335454940796,0.3771003484725952,0.0,5.755026340484619
980,1,19,-2.2387571334838867,-2.2387571334838867,0.5337399840354919,0.0,6.251455783843994
980,2,0,-2.2451908588409424,-2.2451908588409424,0.5177140831947327,0.0,5.786832332611084
980,2,1,-2.232285261154175,-2.232285261154175,0.4597891867160797,0.0,4.2421979904174805
980,2,2,-2.2132890224456787,-2.2132890224456787,0.559916079044342,0.0,6.725691318511963
980,2,3,-2.2368555068969727,-2.2368555068969727,0.42105257511138916,0.0,5.937957763671875
980,2,4,-2.255779504776001,-2.255779504776001,0.5148860812187195,0.0,5.946649074554443
980,2,5,-2.2557408809661865,-2.2557408809661865,0.49677592515945435,0.0,6.3426690101623535
980,2,6,-2.270200729370117,-2.270200729370117,0.527510941028595,0.0,6.051140785217285
980,2,7,-2.2520830631256104,-2.2520830631256104,0.6001537442207336,0.0,5.344121932983398
980,2,8,-2.2016947269439697,-2.2016947269439697,0.4352845847606659,0.0,5.872677803039551
980,2,9,-2.2610793113708496,-2.2610793113708496,0.5115996599197388,0.0,6.214566230773926
980,2,10,-2.259897232055664,-2.259897232055664,0.5826859474182129,0.0,6.958755970001221
980,2,11,-2.2546122074127197,-2.2546122074127197,0.5750063061714172,0.0,4.672369956970215
980,2,12,-2.231131076812744,-2.231131076812744,0.48818138241767883,0.0,6.965595245361328
980,2,13,-2.148700475692749,-2.148700475692749,0.5607694387435913,0.0,5.810298919677734
980,2,14,-2.183833122253418,-2.183833122253418,0.44397029280662537,0.0,6.625893592834473
980,2,15,-2.2375752925872803,-2.2375752925872803,0.4964310824871063,0.0,6.204431533813477
980,2,16,-2.244683027267456,-2.244683027267456,0.5609563589096069,0.0,6.6268086433410645
980,2,17,-2.257774829864502,-2.257774829864502,0.5315149426460266,0.0,5.48264217376709
980,2,18,-2.23226261138916,-2.23226261138916,0.5693641901016235,0.0,3.619091033935547
980,2,19,-2.20158314704895,-2.20158314704895,0.5179915428161621,0.0,5.049861431121826
980,3,0,-2.220082998275757,-2.220082998275757,0.5438827276229858,0.0,5.1192097663879395
980,3,1,-2.214923143386841,-2.214923143386841,0.46840715408325195,0.0,5.608077049255371
980,3,2,-2.23016619682312,-2.23016619682312,0.4781169593334198,0.0,6.986736297607422
980,3,3,-2.2533137798309326,-2.2533137798309326,0.4778073728084564,0.0,5.992794990539551
980,3,4,-2.2740957736968994,-2.2740957736968994,0.5290203094482422,0.0,6.657744407653809
980,3,5,-2.2758002281188965,-2.2758002281188965,0.48367980122566223,0.0,5.072978973388672
980,3,6,-2.2241547107696533,-2.2241547107696533,0.7519091963768005,0.0,4.595263481140137
980,3,7,-2.1992979049682617,-2.1992979049682617,0.5022675395011902,0.0,6.093217849731445
980,3,8,-2.230093479156494,-2.230093479156494,0.5196105241775513,0.0,5.720508575439453
980,3,9,-2.2062768936157227,-2.2062768936157227,0.5063894987106323,0.0,4.950728416442871
980,3,10,-2.2534618377685547,-2.2534618377685547,0.5623835325241089,0.0,3.1908278465270996
980,3,11,-2.23957896232605,-2.23957896232605,0.5184729695320129,0.0,6.632905960083008
980,3,12,-2.2224831581115723,-2.2224831581115723,0.5409819483757019,0.0,5.634934425354004
980,3,13,-2.2538018226623535,-2.2538018226623535,0.48538240790367126,0.0,4.470351696014404
980,3,14,-2.1834757328033447,-2.1834757328033447,0.4977966248989105,0.0,4.176445007324219
980,3,15,-2.264878034591675,-2.264878034591675,0.5457132458686829,0.0,2.9370474815368652
980,3,16,-2.2383973598480225,-2.2383973598480225,0.504798412322998,0.0,4.385858058929443
980,3,17,-2.218991279602051,-2.218991279602051,0.5116084814071655,0.0,6.495289325714111
980,3,18,-2.256312131881714,-2.256312131881714,0.5753405690193176,0.0,3.4131979942321777
980,3,19,-2.2636709213256836,-2.2636709213256836,0.5172173976898193,0.0,3.8208656311035156
980,4,0,-2.263925313949585,-2.263925313949585,0.44441723823547363,0.0,4.84511661529541
980,4,1,-2.2288146018981934,-2.2288146018981934,0.5664831399917603,0.0,5.795098304748535
980,4,2,-2.226118564605713,-2.226118564605713,0.4553034007549286,0.0,6.086512088775635
980,4,3,-2.2630228996276855,-2.2630228996276855,0.4760405719280243,0.0,5.212305068969727
980,4,4,-2.2743024826049805,-2.2743024826049805,0.5764075517654419,0.0,6.575769901275635
980,4,5,-2.1953842639923096,-2.1953842639923096,0.44633948802948,0.0,7.460875034332275
980,4,6,-2.269577741622925,-2.269577741622925,0.48242074251174927,0.0,5.799513816833496
980,4,7,-2.2668874263763428,-2.2668874263763428,0.5193648934364319,0.0,6.954235076904297
980,4,8,-2.2525665760040283,-2.2525665760040283,0.49193042516708374,0.0,6.286874294281006
980,4,9,-2.2376506328582764,-2.2376506328582764,0.4442501664161682,0.0,5.607306003570557
980,4,10,-2.2338924407958984,-2.2338924407958984,0.5988730788230896,0.0,6.857536315917969
980,4,11,-2.2674598693847656,-2.2674598693847656,0.550508439540863,0.0,4.8693013191223145
980,4,12,-2.271460771560669,-2.271460771560669,0.46351000666618347,0.0,6.63353157043457
980,4,13,-2.2683205604553223,-2.2683205604553223,0.4599357545375824,0.0,5.861537933349609
980,4,14,-2.2632346153259277,-2.2632346153259277,0.5774812698364258,0.0,4.41140604019165
980,4,15,-2.2209982872009277,-2.2209982872009277,0.5408361554145813,0.0,5.366138458251953
980,4,16,-2.2298312187194824,-2.2298312187194824,0.6000273823738098,0.0,4.904788017272949
980,4,17,-2.2687363624572754,-2.2687363624572754,0.38523218035697937,0.0,5.515350341796875
980,4,18,-2.244004249572754,-2.244004249572754,0.44135627150535583,0.0,5.214628219604492
980,4,19,-2.252694845199585,-2.252694845199585,0.4240301847457886,0.0,3.0396318435668945
980,5,0,-2.240283966064453,-2.240283966064453,0.5216016173362732,0.0,5.473188400268555
980,5,1,-2.2515645027160645,-2.2515645027160645,0.5313156247138977,0.0,4.526931285858154
980,5,2,-2.2160885334014893,-2.2160885334014893,0.4892823100090027,0.0,7.819289684295654
980,5,3,-2.218992233276367,-2.218992233276367,0.6513612270355225,0.0,5.167449474334717
980,5,4,-2.273998260498047,-2.273998260498047,0.4722389578819275,0.0,5.849368095397949
980,5,5,-2.215989112854004,-2.215989112854004,0.4630904197692871,0.0,6.100365161895752
980,5,6,-2.2674739360809326,-2.2674739360809326,0.5105109214782715,0.0,5.115769386291504
980,5,7,-2.2419991493225098,-2.2419991493225098,0.5170422792434692,0.0,7.819651126861572
980,5,8,-2.2215218544006348,-2.2215218544006348,0.46300363540649414,0.0,7.183501720428467
980,5,9,-2.2148118019104004,-2.2148118019104004,0.5028455257415771,0.0,6.294956684112549
980,5,10,-2.259935140609741,-2.259935140609741,0.530251145362854,0.0,6.5162458419799805
980,5,11,-2.2530677318573,-2.2530677318573,0.5505728125572205,0.0,6.388173580169678
980,5,12,-2.239351511001587,-2.239351511001587,0.5316984057426453,0.0,6.3927459716796875
980,5,13,-2.1946842670440674,-2.1946842670440674,0.679776668548584,0.0,6.217057228088379
980,5,14,-2.2061753273010254,-2.2061753273010254,0.47840774059295654,0.0,6.005755424499512
980,5,15,-2.217829942703247,-2.217829942703247,0.5132735967636108,0.0,6.181947708129883
980,5,16,-2.221741199493408,-2.221741199493408,0.6153901219367981,0.0,6.046329498291016
980,5,17,-2.243077039718628,-2.243077039718628,0.48990386724472046,0.0,6.07133150100708
980,5,18,-2.2288451194763184,-2.2288451194763184,0.46601006388664246,0.0,6.300482273101807
980,5,19,-2.275303363800049,-2.275303363800049,0.4971775412559509,0.0,3.6496846675872803
980,6,0,-2.274685859680176,-2.274685859680176,0.618437647819519,0.0,5.660768508911133
980,6,1,-2.2796027660369873,-2.2796027660369873,0.5193374156951904,0.0,4.185451984405518
980,6,2,-2.2636008262634277,-2.2636008262634277,0.6223378777503967,0.0,5.705994606018066
980,6,3,-2.256225109100342,-2.256225109100342,0.5017586946487427,0.0,5.623161315917969
980,6,4,-2.2486183643341064,-2.2486183643341064,0.4722457528114319,0.0,5.026002883911133
980,6,5,-2.27889347076416,-2.27889347076416,0.5010047554969788,0.0,4.41771936416626
980,6,6,-2.2555720806121826,-2.2555720806121826,0.5763190984725952,0.0,5.849794387817383
980,6,7,-2.257859468460083,-2.257859468460083,0.527538001537323,0.0,7.0140380859375
980,6,8,-2.2653656005859375,-2.2653656005859375,0.5163393020629883,0.0,5.133851051330566
980,6,9,-2.172868251800537,-2.172868251800537,0.5517245531082153,0.0,5.249654769897461
980,6,10,-2.2555673122406006,-2.2555673122406006,0.5221682786941528,0.0,7.105079650878906
980,6,11,-2.2592177391052246,-2.2592177391052246,0.502063512802124,0.0,6.110947608947754
980,6,12,-2.2489492893218994,-2.2489492893218994,0.5469681620597839,0.0,6.624967575073242
980,6,13,-2.210844039916992,-2.210844039916992,0.5476557016372681,0.0,5.874274253845215
980,6,14,-2.2776119709014893,-2.2776119709014893,0.5333967208862305,0.0,4.868884563446045
980,6,15,-2.1462478637695312,-2.1462478637695312,0.5747295618057251,0.0,5.0511860847473145
980,6,16,-2.249690294265747,-2.249690294265747,0.47815632820129395,0.0,5.519529342651367
980,6,17,-2.2300546169281006,-2.2300546169281006,0.5443529486656189,0.0,5.387612342834473
980,6,18,-2.267258644104004,-2.267258644104004,0.526780366897583,0.0,6.924892425537109
980,6,19,-2.2457754611968994,-2.2457754611968994,0.5571255087852478,0.0,6.301302909851074
980,7,0,-2.127794027328491,-2.127794027328491,0.5447160601615906,0.0,6.273061752319336
980,7,1,-2.2696149349212646,-2.2696149349212646,0.4358765482902527,0.0,6.192250728607178
980,7,2,-2.253495931625366,-2.253495931625366,0.4570380449295044,0.0,6.25671911239624
980,7,3,-2.2452754974365234,-2.2452754974365234,0.5625607967376709,0.0,5.666655540466309
980,7,4,-2.249547243118286,-2.249547243118286,0.5198384523391724,0.0,5.652556419372559
980,7,5,-2.170898914337158,-2.170898914337158,0.5797590613365173,0.0,5.60867977142334
980,7,6,-2.2355051040649414,-2.2355051040649414,0.6106744408607483,0.0,6.888293266296387
980,7,7,-2.2277934551239014,-2.2277934551239014,0.48801448941230774,0.0,6.122236251831055
980,7,8,-2.208801031112671,-2.208801031112671,0.5131444334983826,0.0,6.682165145874023
980,7,9,-2.214460611343384,-2.214460611343384,0.4501607120037079,0.0,6.833946704864502
980,7,10,-2.253767490386963,-2.253767490386963,0.5633190274238586,0.0,5.39957332611084
980,7,11,-2.2385671138763428,-2.2385671138763428,0.468851774930954,0.0,5.082063674926758
980,7,12,-2.248774766921997,-2.248774766921997,0.5123028755187988,0.0,5.061307907104492
980,7,13,-2.241503953933716,-2.241503953933716,0.5265926718711853,0.0,6.695988655090332
980,7,14,-2.19553279876709,-2.19553279876709,0.4472808837890625,0.0,5.290475845336914
980,7,15,-2.2345082759857178,-2.2345082759857178,0.4400513768196106,0.0,5.531280517578125
980,7,16,-2.2573933601379395,-2.2573933601379395,0.6127043962478638,0.0,4.924211502075195
980,7,17,-2.2410693168640137,-2.2410693168640137,0.4964471161365509,0.0,4.876842498779297
980,7,18,-2.259092330932617,-2.259092330932617,0.5218572616577148,0.0,4.017019748687744
980,7,19,-2.238743543624878,-2.238743543624878,0.5711199045181274,0.0,5.062175273895264
980,8,0,-2.2626354694366455,-2.2626354694366455,0.480871319770813,0.0,4.184645175933838
980,8,1,-2.194878578186035,-2.194878578186035,0.47810661792755127,0.0,5.357928276062012
980,8,2,-2.240172863006592,-2.240172863006592,0.46635961532592773,0.0,5.829044342041016
980,8,3,-2.2009477615356445,-2.2009477615356445,0.49619704484939575,0.0,6.746031761169434
980,8,4,-2.248457908630371,-2.248457908630371,0.37431907653808594,0.0,6.179847240447998
980,8,5,-2.2596793174743652,-2.2596793174743652,0.44704899191856384,0.0,5.925444602966309
980,8,6,-2.21966552734375,-2.21966552734375,0.5669171214103699,0.0,4.625757217407227
980,8,7,-2.269885540008545,-2.269885540008545,0.486054927110672,0.0,4.002681255340576
980,8,8,-2.261767625808716,-2.261767625808716,0.5460996031761169,0.0,5.378818511962891
980,8,9,-2.252187490463257,-2.252187490463257,0.4712837338447571,0.0,5.500250816345215
980,8,10,-2.246154308319092,-2.246154308319092,0.4961164593696594,0.0,4.810114860534668
980,8,11,-2.2765703201293945,-2.2765703201293945,0.5730629563331604,0.0,5.749080657958984
980,8,12,-2.2425923347473145,-2.2425923347473145,0.5607390403747559,0.0,5.630500316619873
980,8,13,-2.278874397277832,-2.278874397277832,0.48352256417274475,0.0,4.120342254638672
980,8,14,-2.2777161598205566,-2.2777161598205566,0.5163894891738892,0.0,5.252931594848633
980,8,15,-2.2638754844665527,-2.2638754844665527,0.5023108720779419,0.0,6.140353202819824
980,8,16,-2.2313997745513916,-2.2313997745513916,0.45730525255203247,0.0,5.5913848876953125
980,8,17,-2.210314989089966,-2.210314989089966,0.5384217500686646,0.0,6.173221588134766
980,8,18,-2.259523868560791,-2.259523868560791,0.5611511468887329,0.0,3.613044500350952
980,8,19,-2.2058260440826416,-2.2058260440826416,0.4398893117904663,0.0,6.664386749267578
980,9,0,-2.2714943885803223,-2.2714943885803223,0.5289964079856873,0.0,4.526198387145996
980,9,1,-2.2657766342163086,-2.2657766342163086,0.6035591959953308,0.0,6.438974380493164
980,9,2,-2.195284605026245,-2.195284605026245,0.4173642694950104,0.0,6.223674774169922
980,9,3,-2.2246105670928955,-2.2246105670928955,0.43264240026474,0.0,6.38570499420166
980,9,4,-2.232215166091919,-2.232215166091919,0.3214896023273468,0.0,5.748414993286133
980,9,5,-2.234689950942993,-2.234689950942993,0.46328678727149963,0.0,6.83836555480957
980,9,6,-2.2536990642547607,-2.2536990642547607,0.4991956651210785,0.0,4.908052444458008
980,9,7,-2.2105860710144043,-2.2105860710144043,0.5045288801193237,0.0,6.4252028465271
980,9,8,-2.1930739879608154,-2.1930739879608154,0.5862929224967957,0.0,5.964247226715088
980,9,9,-2.2456653118133545,-2.2456653118133545,0.4504346251487732,0.0,6.600428581237793
980,9,10,-2.2169485092163086,-2.2169485092163086,0.5185676217079163,0.0,5.7933669090271
980,9,11,-2.264878749847412,-2.264878749847412,0.5005868673324585,0.0,5.110720157623291
980,9,12,-2.215989112854004,-2.215989112854004,0.4060088098049164,0.0,6.025297164916992
980,9,13,-2.2650396823883057,-2.2650396823883057,0.5620269775390625,0.0,5.8106369972229
980,9,14,-2.251596212387085,-2.251596212387085,0.4401446580886841,0.0,5.915614604949951
980,9,15,-2.274836778640747,-2.274836778640747,0.42661750316619873,0.0,6.394298076629639
980,9,16,-2.243941307067871,-2.243941307067871,0.4880176782608032,0.0,5.931012153625488
980,9,17,-2.2742996215820312,-2.2742996215820312,0.5546436905860901,0.0,5.953856468200684
980,9,18,-2.245922565460205,-2.245922565460205,0.5154874324798584,0.0,5.438288688659668
980,9,19,-2.2468271255493164,-2.2468271255493164,0.48939740657806396,0.0,4.505260467529297
960,0,0,-2.2618496417999268,-2.2618496417999268,0.551904559135437,0.0,4.424318790435791
960,0,1,-2.230376720428467,-2.230376720428467,0.3785018026828766,0.0,6.1200714111328125
960,0,2,-2.20365309715271,-2.20365309715271,0.5258466005325317,0.0,5.587284564971924
960,0,3,-2.2342171669006348,-2.2342171669006348,0.5227716565132141,0.0,4.057067394256592
960,0,4,-2.2759664058685303,-2.2759664058685303,0.46323055028915405,0.0,4.543985843658447
960,0,5,-2.2140543460845947,-2.2140543460845947,0.5506080985069275,0.0,6.623208999633789
960,0,6,-2.2480885982513428,-2.2480885982513428,0.5140802264213562,0.0,3.117088556289673
960,0,7,-2.2671003341674805,-2.2671003341674805,0.4641738831996918,0.0,5.07792329788208
960,0,8,-2.2515676021575928,-2.2515676021575928,0.5461199879646301,0.0,4.845974922180176
960,0,9,-2.238585948944092,-2.238585948944092,0.5281250476837158,0.0,5.280239582061768
960,0,10,-2.2724404335021973,-2.2724404335021973,0.4552661180496216,0.0,4.670332431793213
960,0,11,-2.221372604370117,-2.221372604370117,0.627495288848877,0.0,5.973172664642334
960,0,12,-2.2774698734283447,-2.2774698734283447,0.5621666312217712,0.0,2.3865156173706055
960,0,13,-2.183547258377075,-2.183547258377075,0.5073171854019165,0.0,3.413846492767334
960,0,14,-2.2576892375946045,-2.2576892375946045,0.5993918180465698,0.0,6.060545921325684
960,0,15,-2.25521183013916,-2.25521183013916,0.4196922183036804,0.0,6.426593780517578
960,0,16,-2.235267162322998,-2.235267162322998,0.4923238754272461,0.0,6.161115646362305
960,0,17,-2.2044014930725098,-2.2044014930725098,0.528014063835144,0.0,6.1420979499816895
960,0,18,-2.2541756629943848,-2.2541756629943848,0.5160200595855713,0.0,6.918254375457764
960,0,19,-2.2450385093688965,-2.2450385093688965,0.6008685231208801,0.0,3.560131072998047
960,1,0,-2.25553560256958,-2.25553560256958,0.6100124716758728,0.0,4.858671188354492
960,1,1,-2.2691895961761475,-2.2691895961761475,0.5343974828720093,0.0,6.091213226318359
960,1,2,-2.279513120651245,-2.279513120651245,0.5826352834701538,0.0,5.2556633949279785
960,1,3,-2.218867540359497,-2.218867540359497,0.5018455982208252,0.0,6.372622489929199
960,1,4,-2.2684271335601807,-2.2684271335601807,0.46920281648635864,0.0,6.523868560791016
960,1,5,-2.2681987285614014,-2.2681987285614014,0.3917660713195801,0.0,6.09069299697876
960,1,6,-2.246281147003174,-2.246281147003174,0.5666801333427429,0.0,6.069648742675781
960,1,7,-2.264519691467285,-2.264519691467285,0.5163552761077881,0.0,4.546540260314941
960,1,8,-2.2680587768554688,-2.2680587768554688,0.4798464775085449,0.0,6.314472198486328
960,1,9,-2.275158405303955,-2.275158405303955,0.5757805705070496,0.0,5.0422444343566895
960,1,10,-2.2478621006011963,-2.2478621006011963,0.40394914150238037,0.0,6.003855228424072
960,1,11,-2.2607035636901855,-2.2607035636901855,0.4358387589454651,0.0,5.7046966552734375
960,1,12,-2.250807523727417,-2.250807523727417,0.4960482120513916,0.0,3.8082447052001953
960,1,13,-2.263263463973999,-2.263263463973999,0.48605918884277344,0.0,5.21213436126709
960,1,14,-2.250452756881714,-2.250452756881714,0.4832907021045685,0.0,4.684263229370117
960,1,15,-2.2406084537506104,-2.2406084537506104,0.5283821225166321,0.0,5.362819671630859
960,1,16,-2.1691229343414307,-2.1691229343414307,0.46871399879455566,0.0,5.754829406738281
960,1,17,-2.24033260345459,-2.24033260345459,0.4387997090816498,0.0,4.2262864112854
960,1,18,-2.277203321456909,-2.277203321456909,0.6031305193901062,0.0,6.32374382019043
960,1,19,-2.2633779048919678,-2.2633779048919678,0.5063139796257019,0.0,6.734915256500244
960,2,0,-2.267594814300537,-2.267594814300537,0.5369824171066284,0.0,5.5260748863220215
960,2,1,-2.2727596759796143,-2.2727596759796143,0.5062685608863831,0.0,5.845979690551758
960,2,2,-2.2699224948883057,-2.2699224948883057,0.5152756571769714,0.0,6.145569324493408
960,2,3,-2.253638505935669,-2.253638505935669,0.5333753228187561,0.0,5.256463050842285
960,2,4,-2.2362661361694336,-2.2362661361694336,0.48480722308158875,0.0,6.866171360015869
960,2,5,-2.25349497795105,-2.25349497795105,0.4768008887767792,0.0,6.444629669189453
960,2,6,-2.1893842220306396,-2.1893842220306396,0.5391379594802856,0.0,6.3520307540893555
960,2,7,-2.251941442489624,-2.251941442489624,0.5433381795883179,0.0,4.384063720703125
960,2,8,-2.2184126377105713,-2.2184126377105713,0.5903170108795166,0.0,3.707350254058838
960,2,9,-2.260763645172119,-2.260763645172119,0.5384818315505981,0.0,6.301078796386719
960,2,10,-2.2017767429351807,-2.2017767429351807,0.5205228328704834,0.0,6.438495635986328
960,2,11,-2.2321786880493164,-2.2321786880493164,0.5287812352180481,0.0,5.745843410491943
960,2,12,-2.1965630054473877,-2.1965630054473877,0.45050176978111267,0.0,7.041133403778076
960,2,13,-2.2671287059783936,-2.2671287059783936,0.5772783756256104,0.0,6.189382553100586
960,2,14,-2.148195266723633,-2.148195266723633,0.48917320370674133,0.0,5.809474945068359
960,2,15,-2.2425742149353027,-2.2425742149353027,0.558120846748352,0.0,5.90728235244751
960,2,16,-2.275339365005493,-2.275339365005493,0.45822566747665405,0.0,5.137651443481445
960,2,17,-2.269496202468872,-2.269496202468872,0.6468570232391357,0.0,4.694902420043945
960,2,18,-2.2600836753845215,-2.2600836753845215,0.5533050894737244,0.0,5.798931121826172
960,2,19,-2.2764453887939453,-2.2764453887939453,0.6059042811393738,0.0,5.259556770324707
960,3,0,-2.276299238204956,-2.276299238204956,0.5174444913864136,0.0,5.485788822174072
960,3,1,-2.23042368888855,-2.23042368888855,0.4388916492462158,0.0,4.267902374267578
960,3,2,-2.255539655685425,-2.255539655685425,0.6475158929824829,0.0,5.878337860107422
960,3,3,-2.2684783935546875,-2.2684783935546875,0.4446519911289215,0.0,5.418923854827881
960,3,4,-2.2231733798980713,-2.2231733798980713,0.5175999999046326,0.0,6.691984176635742
960,3,5,-2.2298014163970947,-2.2298014163970947,0.4940386414527893,0.0,5.9715776443481445
960,3,6,-2.1949872970581055,-2.1949872970581055,0.4336196184158325,0.0,5.798895835876465
960,3,7,-2.2273759841918945,-2.2273759841918945,0.5524094104766846,0.0,6.425743103027344
960,3,8,-2.2536468505859375,-2.2536468505859375,0.488862007856369,0.0,6.214364051818848
960,3,9,-2.2149181365966797,-2.2149181365966797,0.5329226851463318,0.0,6.922969818115234
960,3,10,-2.2238481044769287,-2.2238481044769287,0.5747748017311096,0.0,6.4394636154174805
960,3,11,-2.2617998123168945,-2.2617998123168945,0.5104693174362183,0.0,6.518005847930908
960,3,12,-2.202289581298828,-2.202289581298828,0.5367534756660461,0.0,6.175478935241699
960,3,13,-2.2263264656066895,-2.2263264656066895,0.5024274587631226,0.0,6.9618988037109375
960,3,14,-2.2394649982452393,-2.2394649982452393,0.5096098184585571,0.0,6.017825126647949
960,3,15,-2.225846767425537,-2.225846767425537,0.4844498634338379,0.0,6.059296131134033
960,3,16,-2.254775047302246,-2.254775047302246,0.49404746294021606,0.0,4.647729873657227
960,3,17,-2.214524745941162,-2.214524745941162,0.5305939316749573,0.0,5.263911247253418
960,3,18,-2.245271682739258,-2.245271682739258,0.5392606258392334,0.0,4.034926891326904
960,3,19,-2.260145425796509,-2.260145425796509,0.5350052714347839,0.0,6.0436859130859375
960,4,0,-2.248159646987915,-2.248159646987915,0.5688192844390869,0.0,6.21219539642334
960,4,1,-2.2659518718719482,-2.2659518718719482,0.49821728467941284,0.0,5.050667762756348
960,4,2,-2.2534244060516357,-2.2534244060516357,0.5494808554649353,0.0,7.035748481750488
960,4,3,-2.2227792739868164,-2.2227792739868164,0.43030846118927,0.0,5.530651092529297
960,4,4,-2.2753214836120605,-2.2753214836120605,0.4946354627609253,0.0,5.460053443908691
960,4,5,-2.276010751724243,-2.276010751724243,0.4931846857070923,0.0,4.461316108703613
960,4,6,-2.267144203186035,-2.267144203186035,0.4426605701446533,0.0,6.105094909667969
960,4,7,-2.2572414875030518,-2.2572414875030518,0.47593140602111816,0.0,6.293914318084717
960,4,8,-2.2540833950042725,-2.2540833950042725,0.48117247223854065,0.0,5.268213272094727
960,4,9,-2.2723300457000732,-2.2723300457000732,0.558523416519165,0.0,5.298473834991455
960,4,10,-2.2064356803894043,-2.2064356803894043,0.5398545861244202,0.0,5.918439865112305
960,4,11,-2.2598659992218018,-2.2598659992218018,0.4649769365787506,0.0,6.945794105529785
960,4,12,-2.2599875926971436,-2.2599875926971436,0.49203717708587646,0.0,6.608772277832031
960,4,13,-2.243082284927368,-2.243082284927368,0.48043662309646606,0.0,5.353291988372803
960,4,14,-2.1984500885009766,-2.1984500885009766,0.5039560794830322,0.0,5.717758655548096
960,4,15,-2.230340003967285,-2.230340003967285,0.456916481256485,0.0,7.450642108917236
960,4,16,-2.2356724739074707,-2.2356724739074707,0.512259840965271,0.0,5.319684982299805
960,4,17,-2.223388910293579,-2.223388910293579,0.5688745379447937,0.0,5.753249168395996
960,4,18,-2.25616717338562,-2.25616717338562,0.5495030283927917,0.0,3.3559865951538086
960,4,19,-2.2247390747070312,-2.2247390747070312,0.4187318682670593,0.0,6.336724281311035
960,5,0,-2.2559902667999268,-2.2559902667999268,0.4408333897590637,0.0,5.2008795738220215
960,5,1,-2.2554283142089844,-2.2554283142089844,0.5633040070533752,0.0,6.236903190612793
960,5,2,-2.2496984004974365,-2.2496984004974365,0.5054357647895813,0.0,7.017817974090576
960,5,3,-2.2710275650024414,-2.2710275650024414,0.5700617432594299,0.0,6.972450256347656
960,5,4,-2.2007410526275635,-2.2007410526275635,0.448111891746521,0.0,5.909829616546631
960,5,5,-2.2514607906341553,-2.2514607906341553,0.48143553733825684,0.0,6.754743576049805
960,5,6,-2.2772014141082764,-2.2772014141082764,0.4404788613319397,0.0,4.158803462982178
960,5,7,-2.2750329971313477,-2.2750329971313477,0.5220164060592651,0.0,5.253476619720459
960,5,8,-2.2313730716705322,-2.2313730716705322,0.483620822429657,0.0,5.909980773925781
960,5,9,-2.266500234603882,-2.266500234603882,0.4610053300857544,0.0,5.581018924713135
960,5,10,-2.2045180797576904,-2.2045180797576904,0.5012257099151611,0.0,5.834977626800537
960,5,11,-2.237765312194824,-2.237765312194824,0.49872973561286926,0.0,5.577767372131348
960,5,12,-2.22298002243042,-2.22298002243042,0.5600780248641968,0.0,5.947299003601074
960,5,13,-2.2171566486358643,-2.2171566486358643,0.4200846254825592,0.0,5.382515907287598
960,5,14,-2.260779619216919,-2.260779619216919,0.3445400595664978,0.0,5.291979789733887
960,5,15,-2.2525765895843506,-2.2525765895843506,0.559685468673706,0.0,6.021769046783447
960,5,16,-2.246469736099243,-2.246469736099243,0.5593531131744385,0.0,5.930685043334961
960,5,17,-2.2577614784240723,-2.2577614784240723,0.529036819934845,0.0,6.560969352722168
960,5,18,-2.22274112701416,-2.22274112701416,0.5096663236618042,0.0,5.700693607330322
960,5,19,-2.235299587249756,-2.235299587249756,0.5235899686813354,0.0,7.020141124725342
960,6,0,-2.268420696258545,-2.268420696258545,0.5719616413116455,0.0,5.727317810058594
960,6,1,-2.147423028945923,-2.147423028945923,0.7027878761291504,0.0,5.1703410148620605
960,6,2,-2.2542855739593506,-2.2542855739593506,0.5224171876907349,0.0,5.780797004699707
960,6,3,-2.24133038520813,-2.24133038520813,0.5925987958908081,0.0,4.436812400817871
960,6,4,-2.2401511669158936,-2.2401511669158936,0.5209863185882568,0.0,5.460925102233887
960,6,5,-2.2210123538970947,-2.2210123538970947,0.6895492672920227,0.0,5.790390491485596
960,6,6,-2.262664556503296,-2.262664556503296,0.4611462354660034,0.0,4.929460048675537
960,6,7,-2.2021210193634033,-2.2021210193634033,0.5686562657356262,0.0,5.588052272796631
960,6,8,-2.2116575241088867,-2.2116575241088867,0.46773165464401245,0.0,6.927515029907227
960,6,9,-2.257343292236328,-2.257343292236328,0.4518050253391266,0.0,6.7117018699646
960,6,10,-2.2334842681884766,-2.2334842681884766,0.5692653656005859,0.0,6.222095489501953
960,6,11,-2.195780038833618,-2.195780038833618,0.5199866890907288,0.0,6.03730583190918
960,6,12,-2.235581398010254,-2.235581398010254,0.5882676839828491,0.0,5.860602378845215
960,6,13,-2.2492494583129883,-2.2492494583129883,0.4084394872188568,0.0,5.910312652587891
960,6,14,-2.2532169818878174,-2.2532169818878174,0.4347759783267975,0.0,5.363506317138672
960,6,15,-2.2500009536743164,-2.2500009536743164,0.4744827449321747,0.0,5.858700752258301
960,6,16,-2.2697322368621826,-2.2697322368621826,0.47165846824645996,0.0,6.6345367431640625
960,6,17,-2.2363853454589844,-2.2363853454589844,0.5665256977081299,0.0,5.791587829589844
960,6,18,-2.255495071411133,-2.255495071411133,0.5822229981422424,0.0,7.12827205657959
960,6,19,-2.2216031551361084,-2.2216031551361084,0.5369372963905334,0.0,3.198782205581665
960,7,0,-2.2629151344299316,-2.2629151344299316,0.5840983390808105,0.0,6.473997116088867
960,7,1,-2.2394609451293945,-2.2394609451293945,0.45312368869781494,0.0,5.936800003051758
960,7,2,-2.2243034839630127,-2.2243034839630127,0.5409358143806458,0.0,6.302486419677734
960,7,3,-2.2391364574432373,-2.2391364574432373,0.47242271900177,0.0,5.282788276672363
960,7,4,-2.2584950923919678,-2.2584950923919678,0.5065767765045166,0.0,6.941351890563965
960,7,5,-2.2442338466644287,-2.2442338466644287,0.5609631538391113,0.0,4.4833292961120605
960,7,6,-2.2163960933685303,-2.2163960933685303,0.44438436627388,0.0,7.025676727294922
960,7,7,-2.241399049758911,-2.241399049758911,0.4774611294269562,0.0,5.873734951019287
960,7,8,-2.2790608406066895,-2.2790608406066895,0.4946100413799286,0.0,5.329107284545898
960,7,9,-2.240873336791992,-2.240873336791992,0.5666661262512207,0.0,4.971980094909668
960,7,10,-2.238088846206665,-2.238088846206665,0.6094451546669006,0.0,4.446847915649414
960,7,11,-2.2575831413269043,-2.2575831413269043,0.39993470907211304,0.0,6.238780975341797
960,7,12,-2.278111219406128,-2.278111219406128,0.44209614396095276,0.0,5.257429599761963
960,7,13,-2.2439420223236084,-2.2439420223236084,0.5220822095870972,0.0,5.786505222320557
960,7,14,-2.250486135482788,-2.250486135482788,0.4862836003303528,0.0,6.844078063964844
960,7,15,-2.236232042312622,-2.236232042312622,0.4753609001636505,0.0,5.651638984680176
960,7,16,-2.2039742469787598,-2.2039742469787598,0.47149229049682617,0.0,5.6873369216918945
960,7,17,-2.217961072921753,-2.217961072921753,0.5171434283256531,0.0,4.334188461303711
960,7,18,-2.2621753215789795,-2.2621753215789795,0.4567781388759613,0.0,5.953402996063232
960,7,19,-2.2712175846099854,-2.2712175846099854,0.5064586400985718,0.0,6.521075248718262
960,8,0,-2.26572322845459,-2.26572322845459,0.48098790645599365,0.0,4.782713890075684
960,8,1,-2.236766815185547,-2.236766815185547,0.42650505900382996,0.0,6.520106315612793
960,8,2,-2.2396867275238037,-2.2396867275238037,0.4674386978149414,0.0,5.471006870269775
960,8,3,-2.221170425415039,-2.221170425415039,0.49820587038993835,0.0,7.024543762207031
960,8,4,-2.2612245082855225,-2.2612245082855225,0.48366570472717285,0.0,5.762770652770996
960,8,5,-2.272885322570801,-2.272885322570801,0.49950945377349854,0.0,4.616748809814453
960,8,6,-2.272028684616089,-2.272028684616089,0.48295024037361145,0.0,5.290043830871582
960,8,7,-2.1893913745880127,-2.1893913745880127,0.5111500024795532,0.0,4.932807922363281
960,8,8,-2.256889581680298,-2.256889581680298,0.5391513705253601,0.0,3.934142589569092
960,8,9,-2.2636606693267822,-2.2636606693267822,0.5533641576766968,0.0,3.7777090072631836
960,8,10,-2.2408010959625244,-2.2408010959625244,0.480450838804245,0.0,6.592743873596191
960,8,11,-2.2715365886688232,-2.2715365886688232,0.536785364151001,0.0,4.885195732116699
960,8,12,-2.2762410640716553,-2.2762410640716553,0.4753490388393402,0.0,4.522402763366699
960,8,13,-2.2761709690093994,-2.2761709690093994,0.4292702078819275,0.0,3.7796406745910645
960,8,14,-2.2444441318511963,-2.2444441318511963,0.5917450189590454,0.0,5.523598670959473
960,8,15,-2.254119396209717,-2.254119396209717,0.4852094054222107,0.0,4.874628067016602
960,8,16,-2.275580644607544,-2.275580644607544,0.4192086458206177,0.0,4.280502796173096
960,8,17,-2.2686712741851807,-2.2686712741851807,0.5483537912368774,0.0,4.9911651611328125
960,8,18,-2.27999210357666,-2.27999210357666,0.6037613749504089,0.0,5.205148220062256
960,8,19,-2.270023822784424,-2.270023822784424,0.5370391607284546,0.0,5.384176254272461
960,9,0,-2.2418081760406494,-2.2418081760406494,0.5439264178276062,0.0,6.745419979095459
960,9,1,-2.2174837589263916,-2.2174837589263916,0.4803670644760132,0.0,6.275073528289795
960,9,2,-2.273392677307129,-2.273392677307129,0.5610080361366272,0.0,4.042485237121582
960,9,3,-2.25357723236084,-2.25357723236084,0.6322314143180847,0.0,5.095881462097168
960,9,4,-2.1814053058624268,-2.1814053058624268,0.5140887498855591,0.0,6.876259803771973
960,9,5,-2.2415904998779297,-2.2415904998779297,0.43271470069885254,0.0,5.799471378326416
960,9,6,-2.214526653289795,-2.214526653289795,0.5363361835479736,0.0,5.363618850708008
960,9,7,-2.261890172958374,-2.261890172958374,0.5410187840461731,0.0,4.220845699310303
960,9,8,-2.2407424449920654,-2.2407424449920654,0.5666283369064331,0.0,6.24836540222168
960,9,9,-2.1997265815734863,-2.1997265815734863,0.6111561059951782,0.0,6.414881229400635
960,9,10,-2.237647771835327,-2.237647771835327,0.5669569373130798,0.0,6.461361885070801
960,9,11,-2.2730395793914795,-2.2730395793914795,0.5360997915267944,0.0,5.212453842163086
960,9,12,-2.2375972270965576,-2.2375972270965576,0.4873347580432892,0.0,6.419133186340332
960,9,13,-2.186307191848755,-2.186307191848755,0.6190407872200012,0.0,5.63625431060791
960,9,14,-2.2664692401885986,-2.2664692401885986,0.559862494468689,0.0,6.137046813964844
960,9,15,-2.2384517192840576,-2.2384517192840576,0.5567079782485962,0.0,6.720363616943359
960,9,16,-2.259387731552124,-2.259387731552124,0.58933025598526,0.0,4.902530670166016
960,9,17,-2.197082042694092,-2.197082042694092,0.5395004153251648,0.0,5.5526275634765625
960,9,18,-2.2363393306732178,-2.2363393306732178,0.6084601879119873,0.0,6.652927875518799
960,9,19,-2.224323034286499,-2.224323034286499,0.615329384803772,0.0,6.193761825561523
940,0,0,-2.1973562240600586,-2.1973562240600586,0.44807982444763184,0.0,6.1179680824279785
940,0,1,-2.2580671310424805,-2.2580671310424805,0.7514289617538452,0.0,6.772426605224609
940,0,2,-2.210777521133423,-2.210777521133423,0.47495028376579285,0.0,5.684386730194092
940,0,3,-2.255244493484497,-2.255244493484497,0.5043709874153137,0.0,7.230016708374023
940,0,4,-2.2776939868927,-2.2776939868927,0.5021786689758301,0.0,4.144868850708008
940,0,5,-2.254793882369995,-2.254793882369995,0.45712515711784363,0.0,5.951080799102783
940,0,6,-2.2333879470825195,-2.2333879470825195,0.4480033814907074,0.0,5.321949481964111
940,0,7,-2.2016029357910156,-2.2016029357910156,0.4690121114253998,0.0,5.330562591552734
940,0,8,-2.2706918716430664,-2.2706918716430664,0.5956906676292419,0.0,4.104004859924316
940,0,9,-2.255816698074341,-2.255816698074341,0.4778269827365875,0.0,6.398860454559326
940,0,10,-2.250854730606079,-2.250854730606079,0.5420660972595215,0.0,5.957483768463135
940,0,11,-2.26320743560791,-2.26320743560791,0.5816513895988464,0.0,6.133045196533203
940,0,12,-2.2657525539398193,-2.2657525539398193,0.5207035541534424,0.0,7.223275661468506
940,0,13,-2.228170871734619,-2.228170871734619,0.523258626461029,0.0,4.896726131439209
940,0,14,-2.254492998123169,-2.254492998123169,0.5071107745170593,0.0,5.223911762237549
940,0,15,-2.237882614135742,-2.237882614135742,0.5135685801506042,0.0,4.44328498840332
940,0,16,-2.2545323371887207,-2.2545323371887207,0.5621802806854248,0.0,2.5779218673706055
940,0,17,-2.22692608833313,-2.22692608833313,0.4825107753276825,0.0,6.013500213623047
940,0,18,-2.235966444015503,-2.235966444015503,0.5039471387863159,0.0,6.964838981628418
940,0,19,-2.268245220184326,-2.268245220184326,0.473471075296402,0.0,3.712451934814453
940,1,0,-2.2687573432922363,-2.2687573432922363,0.4080725908279419,0.0,5.6649909019470215
940,1,1,-2.255028486251831,-2.255028486251831,0.5525021553039551,0.0,5.1154680252075195
940,1,2,-2.2033803462982178,-2.2033803462982178,0.47501182556152344,0.0,5.792075157165527
940,1,3,-2.2617108821868896,-2.2617108821868896,0.5444610118865967,0.0,4.724229335784912
940,1,4,-2.131591796875,-2.131591796875,0.5477245450019836,0.0,5.307447910308838
940,1,5,-2.261664390563965,-2.261664390563965,0.4835871458053589,0.0,3.518291473388672
940,1,6,-2.253312826156616,-2.253312826156616,0.506542980670929,0.0,5.657670021057129
940,1,7,-2.2329649925231934,-2.2329649925231934,0.4074259102344513,0.0,6.171971321105957
940,1,8,-2.2661542892456055,-2.2661542892456055,0.5508381724357605,0.0,6.377994537353516
940,1,9,-2.2408554553985596,-2.2408554553985596,0.4704466760158539,0.0,5.403221130371094
940,1,10,-2.2683944702148438,-2.2683944702148438,0.21114860475063324,0.0,5.418578624725342
940,1,11,-2.220310688018799,-2.220310688018799,0.4674880802631378,0.0,4.423336982727051
940,1,12,-2.2564775943756104,-2.2564775943756104,0.47311943769454956,0.0,6.130143165588379
940,1,13,-2.2758302688598633,-2.2758302688598633,0.5811319947242737,0.0,5.647341251373291
940,1,14,-2.260463237762451,-2.260463237762451,0.4725765585899353,0.0,6.104116439819336
940,1,15,-2.2760701179504395,-2.2760701179504395,0.5379953384399414,0.0,6.404328346252441
940,1,16,-2.214298725128174,-2.214298725128174,0.5158971548080444,0.0,6.642765998840332
940,1,17,-2.227210283279419,-2.227210283279419,0.4737447500228882,0.0,5.826389312744141
940,1,18,-2.2086567878723145,-2.2086567878723145,0.6424837112426758,0.0,5.289074897766113
940,1,19,-2.2774195671081543,-2.2774195671081543,0.5991429090499878,0.0,5.8984246253967285
940,2,0,-2.2625513076782227,-2.2625513076782227,0.510871171951294,0.0,5.092520713806152
940,2,1,-2.1977975368499756,-2.1977975368499756,0.49618425965309143,0.0,6.855663299560547
940,2,2,-2.2625534534454346,-2.2625534534454346,0.5200619697570801,0.0,6.456808567047119
940,2,3,-2.236128091812134,-2.236128091812134,0.5713041424751282,0.0,3.9081153869628906
940,2,4,-2.2590246200561523,-2.2590246200561523,0.5304992198944092,0.0,6.007545471191406
940,2,5,-2.2239935398101807,-2.2239935398101807,0.543861448764801,0.0,5.89494514465332
940,2,6,-2.1974709033966064,-2.1974709033966064,0.5458197593688965,0.0,5.949084281921387
940,2,7,-2.2497756481170654,-2.2497756481170654,0.584900975227356,0.0,6.6844282150268555
940,2,8,-2.2519328594207764,-2.2519328594207764,0.5175105333328247,0.0,5.814526081085205
940,2,9,-2.2151710987091064,-2.2151710987091064,0.5059712529182434,0.0,4.733142852783203
940,2,10,-2.2392032146453857,-2.2392032146453857,0.6175501346588135,0.0,5.0589447021484375
940,2,11,-2.255805015563965,-2.255805015563965,0.5836068987846375,0.0,6.481908798217773
940,2,12,-2.227640390396118,-2.227640390396118,0.5381237864494324,0.0,5.023248672485352
940,2,13,-2.2735843658447266,-2.2735843658447266,0.5946266055107117,0.0,6.202770233154297
940,2,14,-2.155891180038452,-2.155891180038452,0.48320773243904114,0.0,6.584344387054443
940,2,15,-2.2269740104675293,-2.2269740104675293,0.4343554973602295,0.0,6.976938247680664
940,2,16,-2.2466421127319336,-2.2466421127319336,0.5663528442382812,0.0,4.691789627075195
940,2,17,-2.2551567554473877,-2.2551567554473877,0.5002040863037109,0.0,5.091753959655762
940,2,18,-2.247544288635254,-2.247544288635254,0.4933417737483978,0.0,5.739054203033447
940,2,19,-2.266732692718506,-2.266732692718506,0.6480494737625122,0.0,5.402776718139648
940,3,0,-2.232052803039551,-2.232052803039551,0.47832536697387695,0.0,3.297586441040039
940,3,1,-2.2732696533203125,-2.2732696533203125,0.4866419732570648,0.0,4.391201019287109
940,3,2,-2.2551093101501465,-2.2551093101501465,0.5308048725128174,0.0,6.277865409851074
940,3,3,-2.204470157623291,-2.204470157623291,0.5398976802825928,0.0,6.302218914031982
940,3,4,-2.216369390487671,-2.216369390487671,0.5566583871841431,0.0,6.094018936157227
940,3,5,-2.2614519596099854,-2.2614519596099854,0.45404350757598877,0.0,4.143228054046631
940,3,6,-2.2251803874969482,-2.2251803874969482,0.5300223231315613,0.0,4.438368797302246
940,3,7,-2.258211612701416,-2.258211612701416,0.4782574474811554,0.0,2.731266975402832
940,3,8,-2.25643253326416,-2.25643253326416,0.4977967441082001,0.0,3.7747480869293213
940,3,9,-2.24642014503479,-2.24642014503479,0.444335013628006,0.0,5.602229118347168
940,3,10,-2.2793750762939453,-2.2793750762939453,0.5373291373252869,0.0,3.1031014919281006
940,3,11,-2.255415678024292,-2.255415678024292,0.5211189985275269,0.0,5.294638156890869
940,3,12,-2.2763261795043945,-2.2763261795043945,0.5589410662651062,0.0,3.2978618144989014
940,3,13,-2.210645914077759,-2.210645914077759,0.4850754737854004,0.0,6.425861358642578
940,3,14,-2.258152723312378,-2.258152723312378,0.5297901630401611,0.0,4.452876567840576
940,3,15,-2.2589690685272217,-2.2589690685272217,0.4910567104816437,0.0,7.612545967102051
940,3,16,-2.2691125869750977,-2.2691125869750977,0.49206316471099854,0.0,4.692434310913086
940,3,17,-2.239358901977539,-2.239358901977539,0.5291031002998352,0.0,4.913574695587158
940,3,18,-2.260465145111084,-2.260465145111084,0.5186641812324524,0.0,7.099512100219727
940,3,19,-2.2332608699798584,-2.2332608699798584,0.5192633867263794,0.0,6.007740020751953
940,4,0,-2.2578070163726807,-2.2578070163726807,0.4781429171562195,0.0,3.319591999053955
940,4,1,-2.225731372833252,-2.225731372833252,0.4946672022342682,0.0,7.034295082092285
940,4,2,-2.242710828781128,-2.242710828781128,0.37533989548683167,0.0,4.995782852172852
940,4,3,-2.25553560256958,-2.25553560256958,0.5177773833274841,0.0,6.572440147399902
940,4,4,-2.236776113510132,-2.236776113510132,0.5467464327812195,0.0,5.130817413330078
940,4,5,-2.216559410095215,-2.216559410095215,0.5655044913291931,0.0,4.427516937255859
940,4,6,-2.2662246227264404,-2.2662246227264404,0.5203917026519775,0.0,6.12237548828125
940,4,7,-2.2711987495422363,-2.2711987495422363,0.3932671844959259,0.0,4.602503776550293
940,4,8,-2.2015576362609863,-2.2015576362609863,0.46777260303497314,0.0,5.243022918701172
940,4,9,-2.262146472930908,-2.262146472930908,0.4746975302696228,0.0,5.338678359985352
940,4,10,-2.2235121726989746,-2.2235121726989746,0.4923862814903259,0.0,6.292499542236328
940,4,11,-2.1750056743621826,-2.1750056743621826,0.5624610185623169,0.0,5.306549549102783
940,4,12,-2.2211484909057617,-2.2211484909057617,0.49462100863456726,0.0,6.051660537719727
940,4,13,-2.273080348968506,-2.273080348968506,0.491068959236145,0.0,4.32354211807251
940,4,14,-2.2188096046447754,-2.2188096046447754,0.4909904897212982,0.0,5.985048294067383
940,4,15,-2.2559070587158203,-2.2559070587158203,0.5430856943130493,0.0,5.073294639587402
940,4,16,-2.231440305709839,-2.231440305709839,0.43300917744636536,0.0,6.323270797729492
940,4,17,-2.2306771278381348,-2.2306771278381348,0.526614248752594,0.0,4.59155797958374
940,4,18,-2.24662446975708,-2.24662446975708,0.6473594307899475,0.0,5.708765029907227
940,4,19,-2.2719762325286865,-2.2719762325286865,0.45014992356300354,0.0,6.057732105255127
940,5,0,-2.2474794387817383,-2.2474794387817383,0.5474031567573547,0.0,4.58726692199707
940,5,1,-2.227660655975342,-2.227660655975342,0.5033586621284485,0.0,6.49381160736084
940,5,2,-2.239423990249634,-2.239423990249634,0.556090235710144,0.0,6.892678260803223
940,5,3,-2.2502753734588623,-2.2502753734588623,0.5697286128997803,0.0,5.145778179168701
940,5,4,-2.2072181701660156,-2.2072181701660156,0.4910094738006592,0.0,6.342428684234619
940,5,5,-2.2663626670837402,-2.2663626670837402,0.5200569033622742,0.0,5.874433994293213
940,5,6,-2.2617247104644775,-2.2617247104644775,0.49188196659088135,0.0,6.954692840576172
940,5,7,-2.243919849395752,-2.243919849395752,0.5351349115371704,0.0,5.173226833343506
940,5,8,-2.2558865547180176,-2.2558865547180176,0.4425783157348633,0.0,6.216835021972656
940,5,9,-2.238459348678589,-2.238459348678589,0.5617691874504089,0.0,6.260918617248535
940,5,10,-2.2488715648651123,-2.2488715648651123,0.5810670256614685,0.0,5.219419479370117
940,5,11,-2.2538435459136963,-2.2538435459136963,0.5748875737190247,0.0,5.81110954284668
940,5,12,-2.1638190746307373,-2.1638190746307373,0.4681951105594635,0.0,6.942538261413574
940,5,13,-2.275357723236084,-2.275357723236084,0.5740692615509033,0.0,4.8065032958984375
940,5,14,-2.2516541481018066,-2.2516541481018066,0.5702695250511169,0.0,6.1898722648620605
940,5,15,-2.260279655456543,-2.260279655456543,0.4331827759742737,0.0,4.172668933868408
940,5,16,-2.2723777294158936,-2.2723777294158936,0.6023167967796326,0.0,4.637850284576416
940,5,17,-2.1521430015563965,-2.1521430015563965,0.7064099311828613,0.0,5.795572757720947
940,5,18,-2.240882158279419,-2.240882158279419,0.5609437227249146,0.0,5.843111991882324
940,5,19,-2.2789571285247803,-2.2789571285247803,0.6394389867782593,0.0,4.440460205078125
940,6,0,-2.2303216457366943,-2.2303216457366943,0.4979630708694458,0.0,5.629042625427246
940,6,1,-2.24955415725708,-2.24955415725708,0.5542744398117065,0.0,6.220073699951172
940,6,2,-2.242664098739624,-2.242664098739624,0.3416116237640381,0.0,6.222092628479004
940,6,3,-2.2730507850646973,-2.2730507850646973,0.5663830637931824,0.0,5.392131805419922
940,6,4,-2.2264952659606934,-2.2264952659606934,0.5643592476844788,0.0,6.0006103515625
940,6,5,-2.22208571434021,-2.22208571434021,0.5054203271865845,0.0,6.931059837341309
940,6,6,-2.2540814876556396,-2.2540814876556396,0.4954775273799896,0.0,6.087261199951172
940,6,7,-2.250607490539551,-2.250607490539551,0.5823763012886047,0.0,6.091297626495361
940,6,8,-2.2573025226593018,-2.2573025226593018,0.5603938102722168,0.0,4.101235389709473
940,6,9,-2.2583842277526855,-2.2583842277526855,0.6127568483352661,0.0,4.360413551330566
940,6,10,-2.25759220123291,-2.25759220123291,0.4764114022254944,0.0,5.858333110809326
940,6,11,-2.227814197540283,-2.227814197540283,0.5614867806434631,0.0,5.763984680175781
940,6,12,-2.26471209526062,-2.26471209526062,0.5217162370681763,0.0,6.715829849243164
940,6,13,-2.207876682281494,-2.207876682281494,0.49578213691711426,0.0,4.816603660583496
940,6,14,-2.2217156887054443,-2.2217156887054443,0.5124908685684204,0.0,7.1068115234375
940,6,15,-2.2383005619049072,-2.2383005619049072,0.45032986998558044,0.0,6.637404441833496
940,6,16,-2.2514328956604004,-2.2514328956604004,0.642937421798706,0.0,6.503042221069336
940,6,17,-2.2093472480773926,-2.2093472480773926,0.5088691115379333,0.0,5.490931510925293
940,6,18,-2.2388923168182373,-2.2388923168182373,0.5907208919525146,0.0,6.531343460083008
940,6,19,-2.2500813007354736,-2.2500813007354736,0.5769543647766113,0.0,6.776991844177246
940,7,0,-2.2504658699035645,-2.2504658699035645,0.42773139476776123,0.0,6.107593059539795
940,7,1,-2.221726894378662,-2.221726894378662,0.47707217931747437,0.0,6.13791561126709
940,7,2,-2.245037317276001,-2.245037317276001,0.36157581210136414,0.0,6.201187610626221
940,7,3,-2.2673704624176025,-2.2673704624176025,0.5662116408348083,0.0,4.167495250701904
940,7,4,-2.1582815647125244,-2.1582815647125244,0.6165034174919128,0.0,6.668460845947266
940,7,5,-2.1868793964385986,-2.1868793964385986,0.48269122838974,0.0,6.187625885009766
940,7,6,-2.2745003700256348,-2.2745003700256348,0.5707474946975708,0.0,5.84676456451416
940,7,7,-2.2073469161987305,-2.2073469161987305,0.5292696356773376,0.0,5.5023298263549805
940,7,8,-2.2098565101623535,-2.2098565101623535,0.5065487623214722,0.0,6.012989044189453
940,7,9,-2.267075538635254,-2.267075538635254,0.6185502409934998,0.0,5.398845672607422
940,7,10,-2.2354507446289062,-2.2354507446289062,0.4209122359752655,0.0,5.824307441711426
940,7,11,-2.249315023422241,-2.249315023422241,0.4050818085670471,0.0,4.924988746643066
940,7,12,-2.2437970638275146,-2.2437970638275146,0.5559671521186829,0.0,5.2783589363098145
940,7,13,-2.2404472827911377,-2.2404472827911377,0.43659794330596924,0.0,6.989049434661865
940,7,14,-2.189600944519043,-2.189600944519043,0.40338635444641113,0.0,4.733963966369629
940,7,15,-2.240762233734131,-2.240762233734131,0.5017197132110596,0.0,6.232424736022949
940,7,16,-2.1773018836975098,-2.1773018836975098,0.5405848026275635,0.0,5.698225021362305
940,7,17,-2.180652618408203,-2.180652618408203,0.5386146306991577,0.0,6.840920925140381
940,7,18,-2.2479515075683594,-2.2479515075683594,0.49820300936698914,0.0,6.246326446533203
940,7,19,-2.2654716968536377,-2.2654716968536377,0.45051610469818115,0.0,5.739294052124023
940,8,0,-2.232736349105835,-2.232736349105835,0.4733043611049652,0.0,6.264612197875977
940,8,1,-2.2732207775115967,-2.2732207775115967,0.5167696475982666,0.0,3.9138920307159424
940,8,2,-2.262528419494629,-2.262528419494629,0.593821108341217,0.0,6.515377044677734
940,8,3,-2.227099895477295,-2.227099895477295,0.458115816116333,0.0,6.630282878875732
940,8,4,-2.2560486793518066,-2.2560486793518066,0.5697241425514221,0.0,6.1300201416015625
940,8,5,-2.25093150138855,-2.25093150138855,0.4929976761341095,0.0,6.119142055511475
940,8,6,-2.238396167755127,-2.238396167755127,0.48574015498161316,0.0,5.561598300933838
940,8,7,-2.2394683361053467,-2.2394683361053467,0.4572192132472992,0.0,4.084444999694824
940,8,8,-2.2608296871185303,-2.2608296871185303,0.454311341047287,0.0,5.651767253875732
940,8,9,-2.186483860015869,-2.186483860015869,0.4374992549419403,0.0,5.998296737670898
940,8,10,-2.2045083045959473,-2.2045083045959473,0.5483154654502869,0.0,5.329833984375
940,8,11,-2.2277603149414062,-2.2277603149414062,0.450410932302475,0.0,6.460579872131348
940,8,12,-2.2534801959991455,-2.2534801959991455,0.49926435947418213,0.0,6.0099077224731445
940,8,13,-2.272219181060791,-2.272219181060791,0.5027801394462585,0.0,4.7872114181518555
940,8,14,-2.2541065216064453,-2.2541065216064453,0.5315490365028381,0.0,4.012675762176514
940,8,15,-2.275621175765991,-2.275621175765991,0.4682978391647339,0.0,5.816638946533203
940,8,16,-2.2355728149414062,-2.2355728149414062,0.43854019045829773,0.0,4.0438714027404785
940,8,17,-2.2173733711242676,-2.2173733711242676,0.47816622257232666,0.0,4.859182357788086
940,8,18,-2.2498981952667236,-2.2498981952667236,0.4367346167564392,0.0,6.853363037109375
940,8,19,-2.228940010070801,-2.228940010070801,0.5292494893074036,0.0,5.759683609008789
940,9,0,-2.268268585205078,-2.268268585205078,0.49074840545654297,0.0,4.638204574584961
940,9,1,-2.197254180908203,-2.197254180908203,0.4579213857650757,0.0,5.65216064453125
940,9,2,-2.2763259410858154,-2.2763259410858154,0.4883968234062195,0.0,5.727031707763672
940,9,3,-2.1269290447235107,-2.1269290447235107,0.45970451831817627,0.0,5.348296642303467
940,9,4,-2.231403350830078,-2.231403350830078,0.5293401479721069,0.0,6.949429988861084
940,9,5,-2.2240617275238037,-2.2240617275238037,0.49565595388412476,0.0,5.946768283843994
940,9,6,-2.248304843902588,-2.248304843902588,0.49276003241539,0.0,5.569031238555908
940,9,7,-2.255098581314087,-2.255098581314087,0.4173146188259125,0.0,5.346437454223633
940,9,8,-2.2680728435516357,-2.2680728435516357,0.46653494238853455,0.0,5.5129714012146
940,9,9,-2.0983352661132812,-2.0983352661132812,0.7524271011352539,0.0,5.455153465270996
940,9,10,-2.250993013381958,-2.250993013381958,0.651491641998291,0.0,6.111686706542969
940,9,11,-2.240670680999756,-2.240670680999756,0.46754682064056396,0.0,6.143222808837891
940,9,12,-2.2119264602661133,-2.2119264602661133,0.5256999135017395,0.0,5.297903060913086
940,9,13,-2.2710375785827637,-2.2710375785827637,0.5579069256782532,0.0,4.5744781494140625
940,9,14,-2.2219226360321045,-2.2219226360321045,0.6130363941192627,0.0,6.725714683532715
940,9,15,-0.08355140686035156,-2.0835514068603516,0.8068631291389465,1.0,5.519626617431641
940,9,16,-2.272047758102417,-2.272047758102417,0.6667912602424622,0.0,7.964025020599365
940,9,17,-2.238626480102539,-2.238626480102539,0.5240734815597534,0.0,5.3099870681762695
940,9,18,-2.2507810592651367,-2.2507810592651367,0.49082595109939575,0.0,5.119166374206543
940,9,19,-2.247779130935669,-2.247779130935669,0.5612859725952148,0.0,4.832649230957031
920,0,0,-2.2690911293029785,-2.2690911293029785,0.6052064299583435,0.0,2.4935624599456787
920,0,1,-2.156280994415283,-2.156280994415283,0.5367472767829895,0.0,4.671194553375244
920,0,2,-2.2430200576782227,-2.2430200576782227,0.5714246034622192,0.0,6.102543830871582
920,0,3,-2.2587027549743652,-2.2587027549743652,0.415642112493515,0.0,5.752706050872803
920,0,4,-2.278524160385132,-2.278524160385132,0.5534915924072266,0.0,3.4066879749298096
920,0,5,-2.248920202255249,-2.248920202255249,0.4862293004989624,0.0,7.013077735900879
920,0,6,-2.245723247528076,-2.245723247528076,0.5294057130813599,0.0,6.213712692260742
920,0,7,-2.235206127166748,-2.235206127166748,0.5043696761131287,0.0,4.436707496643066
920,0,8,-2.241307020187378,-2.241307020187378,0.45629170536994934,0.0,4.0306220054626465
920,0,9,-2.234279155731201,-2.234279155731201,0.48142045736312866,0.0,5.8803606033325195
920,0,10,-2.2599244117736816,-2.2599244117736816,0.5209307074546814,0.0,7.4349188804626465
920,0,11,-2.2508130073547363,-2.2508130073547363,0.5128180980682373,0.0,5.015552520751953
920,0,12,-2.2583634853363037,-2.2583634853363037,0.6638944149017334,0.0,3.66733980178833
920,0,13,-2.257085084915161,-2.257085084915161,0.4672001302242279,0.0,4.895350456237793
920,0,14,-2.2440009117126465,-2.2440009117126465,0.5111185312271118,0.0,6.513580322265625
920,0,15,-2.2726495265960693,-2.2726495265960693,0.5579088926315308,0.0,5.125430583953857
920,0,16,-2.23038911819458,-2.23038911819458,0.49010559916496277,0.0,5.6809611320495605
920,0,17,-2.1784615516662598,-2.1784615516662598,0.484269917011261,0.0,7.033567428588867
920,0,18,-2.2462661266326904,-2.2462661266326904,0.5666136741638184,0.0,5.681884765625
920,0,19,-2.26023530960083,-2.26023530960083,0.5504142642021179,0.0,5.983736991882324
920,1,0,-2.267643690109253,-2.267643690109253,0.6004205942153931,0.0,5.538677215576172
920,1,1,-2.268641233444214,-2.268641233444214,0.5306797027587891,0.0,4.762906074523926
920,1,2,-2.2407071590423584,-2.2407071590423584,0.4995603859424591,0.0,5.844961166381836
920,1,3,-2.2423205375671387,-2.2423205375671387,0.4273371994495392,0.0,5.663412094116211
920,1,4,-2.271345853805542,-2.271345853805542,0.5187259316444397,0.0,6.653409957885742
920,1,5,-2.176560401916504,-2.176560401916504,0.46069639921188354,0.0,5.466108322143555
920,1,6,-2.2745776176452637,-2.2745776176452637,0.6000331044197083,0.0,5.903406143188477
920,1,7,-2.2760424613952637,-2.2760424613952637,0.4878748655319214,0.0,5.617467403411865
920,1,8,-2.2626426219940186,-2.2626426219940186,0.5281215310096741,0.0,4.717995643615723
920,1,9,-2.2782113552093506,-2.2782113552093506,0.43446609377861023,0.0,5.473979949951172
920,1,10,-2.268718719482422,-2.268718719482422,0.4773251712322235,0.0,6.546860694885254
920,1,11,-2.275172472000122,-2.275172472000122,0.6005611419677734,0.0,5.748107433319092
920,1,12,-2.2425827980041504,-2.2425827980041504,0.4996187090873718,0.0,6.82142972946167
920,1,13,-2.2737393379211426,-2.2737393379211426,0.5660004019737244,0.0,6.15514612197876
920,1,14,-2.2351672649383545,-2.2351672649383545,0.42462286353111267,0.0,7.034648895263672
920,1,15,-2.254615545272827,-2.254615545272827,0.5221004486083984,0.0,5.7615437507629395
920,1,16,-2.257960557937622,-2.257960557937622,0.4966587424278259,0.0,6.375486373901367
920,1,17,-2.2481460571289062,-2.2481460571289062,0.5401056408882141,0.0,7.140774250030518
920,1,18,-2.280688762664795,-2.280688762664795,0.6072025895118713,0.0,5.099775791168213
920,1,19,-2.242002487182617,-2.242002487182617,0.5167829394340515,0.0,4.982109069824219
920,2,0,-2.228651762008667,-2.228651762008667,0.5155206918716431,0.0,6.313980579376221
920,2,1,-2.2367308139801025,-2.2367308139801025,0.504001259803772,0.0,5.715157985687256
920,2,2,-2.230135440826416,-2.230135440826416,0.5746766328811646,0.0,5.900791168212891
920,2,3,-2.2627933025360107,-2.2627933025360107,0.5354717373847961,0.0,4.083096504211426
920,2,4,-2.261409044265747,-2.261409044265747,0.5654236078262329,0.0,6.128714561462402
920,2,5,-2.2616336345672607,-2.2616336345672607,0.4403739273548126,0.0,5.60630989074707
920,2,6,-2.18648624420166,-2.18648624420166,0.5910833477973938,0.0,5.270388126373291
920,2,7,-2.270490884780884,-2.270490884780884,0.5396343469619751,0.0,5.596838474273682
920,2,8,-2.258587121963501,-2.258587121963501,0.5222256183624268,0.0,6.48246431350708
920,2,9,-2.2355995178222656,-2.2355995178222656,0.5420306921005249,0.0,4.761458396911621
920,2,10,-2.2481980323791504,-2.2481980323791504,0.5535055994987488,0.0,5.797731876373291
920,2,11,-2.2689878940582275,-2.2689878940582275,0.4214634597301483,0.0,4.984975814819336
920,2,12,-2.236449718475342,-2.236449718475342,0.48985517024993896,0.0,6.091841220855713
920,2,13,-2.2628021240234375,-2.2628021240234375,0.551864504814148,0.0,5.535364151000977
920,2,14,-2.2230796813964844,-2.2230796813964844,0.48084399104118347,0.0,6.52452278137207
920,2,15,-2.241243839263916,-2.241243839263916,0.5929139256477356,0.0,5.554155349731445
920,2,16,-2.140766143798828,-2.140766143798828,0.44738492369651794,0.0,5.098836421966553
920,2,17,-2.209606647491455,-2.209606647491455,0.5155993103981018,0.0,6.669041633605957
920,2,18,-2.2014753818511963,-2.2014753818511963,0.5016816854476929,0.0,7.067782402038574
920,2,19,-2.21614933013916,-2.21614933013916,0.527790904045105,0.0,5.044196128845215
920,3,0,-2.239773750305176,-2.239773750305176,0.49656233191490173,0.0,5.66404914855957
920,3,1,-2.2689719200134277,-2.2689719200134277,0.47640252113342285,0.0,5.25084924697876
920,3,2,-2.2777926921844482,-2.2777926921844482,0.5594597458839417,0.0,4.028623580932617
920,3,3,-2.1955041885375977,-2.1955041885375977,0.38061103224754333,0.0,1.545384407043457
920,3,4,-2.2749249935150146,-2.2749249935150146,0.5297340750694275,0.0,3.965285062789917
920,3,5,-2.2745022773742676,-2.2745022773742676,0.5852363705635071,0.0,4.8068742752075195
920,3,6,-2.2390692234039307,-2.2390692234039307,0.43368151783943176,0.0,6.293004035949707
920,3,7,-2.265475273132324,-2.265475273132324,0.5344191193580627,0.0,7.501133918762207
920,3,8,-2.229759693145752,-2.229759693145752,0.5621989965438843,0.0,5.387359619140625
920,3,9,-2.200674295425415,-2.200674295425415,0.4929105341434479,0.0,4.47138786315918
920,3,10,-2.231478691101074,-2.231478691101074,0.48030734062194824,0.0,6.878021240234375
920,3,11,-2.2229440212249756,-2.2229440212249756,0.4799157679080963,0.0,5.655649662017822
920,3,12,-2.253147602081299,-2.253147602081299,0.5391523838043213,0.0,6.274817943572998
920,3,13,-2.2289628982543945,-2.2289628982543945,0.6063609719276428,0.0,5.080743789672852
920,3,14,-2.2327358722686768,-2.2327358722686768,0.48663318157196045,0.0,5.317984104156494
920,3,15,-2.2317545413970947,-2.2317545413970947,0.5377703309059143,0.0,3.30330228805542
920,3,16,-2.258942127227783,-2.258942127227783,0.5767177939414978,0.0,4.688844680786133
920,3,17,-2.2379345893859863,-2.2379345893859863,0.6317571401596069,0.0,5.159775257110596
920,3,18,-2.2751963138580322,-2.2751963138580322,0.4404442012310028,0.0,3.8595972061157227
920,3,19,-2.273437261581421,-2.273437261581421,0.48701637983322144,0.0,4.571715354919434
920,4,0,-2.217737913131714,-2.217737913131714,0.5688950419425964,0.0,6.259360313415527
920,4,1,-2.2426416873931885,-2.2426416873931885,0.5110545754432678,0.0,6.111363410949707
920,4,2,-2.2450294494628906,-2.2450294494628906,0.5789523124694824,0.0,4.530645847320557
920,4,3,-2.2348215579986572,-2.2348215579986572,0.47391214966773987,0.0,5.9006147384643555
920,4,4,-2.2182629108428955,-2.2182629108428955,0.4450470507144928,0.0,6.420427322387695
920,4,5,-2.2284626960754395,-2.2284626960754395,0.5239167809486389,0.0,5.551332950592041
920,4,6,-2.2390031814575195,-2.2390031814575195,0.4339962601661682,0.0,5.056766510009766
920,4,7,-2.2495293617248535,-2.2495293617248535,0.4880256652832031,0.0,5.959450721740723
920,4,8,-2.2039687633514404,-2.2039687633514404,0.46391913294792175,0.0,4.748248100280762
920,4,9,-2.17964243888855,-2.17964243888855,0.46810927987098694,0.0,5.748467445373535
920,4,10,-2.240678548812866,-2.240678548812866,0.5075241923332214,0.0,6.166708946228027
920,4,11,-2.2656056880950928,-2.2656056880950928,0.4980323612689972,0.0,3.7045109272003174
920,4,12,-2.274984836578369,-2.274984836578369,0.5222265124320984,0.0,4.818865776062012
920,4,13,-2.260282516479492,-2.260282516479492,0.48927876353263855,0.0,4.891412258148193
920,4,14,-2.2688891887664795,-2.2688891887664795,0.517561137676239,0.0,7.65160608291626
920,4,15,-2.2733309268951416,-2.2733309268951416,0.5592154264450073,0.0,5.505098342895508
920,4,16,-2.239344358444214,-2.239344358444214,0.5037479996681213,0.0,5.593976020812988
920,4,17,-2.271491050720215,-2.271491050720215,0.5240480303764343,0.0,6.137510299682617
920,4,18,-2.1039535999298096,-2.1039535999298096,0.5398387908935547,0.0,5.7760725021362305
920,4,19,-2.24992299079895,-2.24992299079895,0.5831469893455505,0.0,5.558962345123291
920,5,0,-2.1980037689208984,-2.1980037689208984,0.5178985595703125,0.0,6.28392219543457
920,5,1,-2.2674448490142822,-2.2674448490142822,0.5476343631744385,0.0,6.13446569442749
920,5,2,-2.2175750732421875,-2.2175750732421875,0.4387132525444031,0.0,7.060738563537598
920,5,3,-2.2574193477630615,-2.2574193477630615,0.4621841013431549,0.0,5.331001281738281
920,5,4,-2.25693941116333,-2.25693941116333,0.5249898433685303,0.0,5.34977912902832
920,5,5,-2.26261043548584,-2.26261043548584,0.4649738371372223,0.0,5.843455791473389
920,5,6,-2.2720847129821777,-2.2720847129821777,0.5640984773635864,0.0,6.012162208557129
920,5,7,-2.254101037979126,-2.254101037979126,0.5135887861251831,0.0,5.338813781738281
920,5,8,-2.237870693206787,-2.237870693206787,0.5083764791488647,0.0,6.494680404663086
920,5,9,-2.2353298664093018,-2.2353298664093018,0.5412272810935974,0.0,6.486485481262207
920,5,10,-2.225062370300293,-2.225062370300293,0.543098509311676,0.0,5.143096923828125
920,5,11,-2.2671761512756348,-2.2671761512756348,0.5030874609947205,0.0,5.872883319854736
920,5,12,-2.240955352783203,-2.240955352783203,0.49773165583610535,0.0,7.004422187805176
920,5,13,-2.191911220550537,-2.191911220550537,0.5259625315666199,0.0,5.935473442077637
920,5,14,-2.2768187522888184,-2.2768187522888184,0.5000795722007751,0.0,3.562563419342041
920,5,15,-2.2282278537750244,-2.2282278537750244,0.5224245190620422,0.0,6.595602512359619
920,5,16,-2.263627052307129,-2.263627052307129,0.47504737973213196,0.0,7.154417514801025
920,5,17,-2.2583773136138916,-2.2583773136138916,0.48689162731170654,0.0,6.641242027282715
920,5,18,-2.2585465908050537,-2.2585465908050537,0.5683230757713318,0.0,4.875209808349609
920,5,19,-2.2619588375091553,-2.2619588375091553,0.4930398166179657,0.0,5.317727565765381
920,6,0,-2.259064197540283,-2.259064197540283,0.592650294303894,0.0,4.625889301300049
920,6,1,-2.244786024093628,-2.244786024093628,0.5259302854537964,0.0,5.041903018951416
920,6,2,-2.2562129497528076,-2.2562129497528076,0.5915687680244446,0.0,6.573241710662842
920,6,3,-2.2426631450653076,-2.2426631450653076,0.44248026609420776,0.0,7.031084060668945
920,6,4,-2.2702512741088867,-2.2702512741088867,0.5162903070449829,0.0,5.954221725463867
920,6,5,-2.248727321624756,-2.248727321624756,0.4973408281803131,0.0,5.983266830444336
920,6,6,-2.234492301940918,-2.234492301940918,0.5341984629631042,0.0,5.293974876403809
920,6,7,-2.235785484313965,-2.235785484313965,0.5180897116661072,0.0,5.283287048339844
920,6,8,-2.2584283351898193,-2.2584283351898193,0.4837717115879059,0.0,5.814839839935303
920,6,9,-2.2118520736694336,-2.2118520736694336,0.5824981331825256,0.0,5.3504486083984375
920,6,10,-2.2601823806762695,-2.2601823806762695,0.5664416551589966,0.0,6.794885635375977
920,6,11,-2.246847152709961,-2.246847152709961,0.5416104197502136,0.0,5.6258087158203125
920,6,12,-2.2653732299804688,-2.2653732299804688,0.5177296996116638,0.0,5.717587471008301
920,6,13,-2.227342367172241,-2.227342367172241,0.46658238768577576,0.0,5.604506015777588
920,6,14,-2.262204885482788,-2.262204885482788,0.503348171710968,0.0,6.901577949523926
920,6,15,-2.2394590377807617,-2.2394590377807617,0.5346930027008057,0.0,6.565986633300781
920,6,16,-2.24577260017395,-2.24577260017395,0.3840835392475128,0.0,5.684258460998535
920,6,17,-2.275092840194702,-2.275092840194702,0.5533414483070374,0.0,6.014251708984375
920,6,18,-2.2390122413635254,-2.2390122413635254,0.46224674582481384,0.0,6.613968372344971
920,6,19,-2.241328239440918,-2.241328239440918,0.4634339213371277,0.0,6.876118183135986
920,7,0,-2.2649922370910645,-2.2649922370910645,0.6005599498748779,0.0,5.999794006347656
920,7,1,-2.2352914810180664,-2.2352914810180664,0.42642566561698914,0.0,4.631614685058594
920,7,2,-2.1830496788024902,-2.1830496788024902,0.3812379240989685,0.0,6.835173606872559
920,7,3,-2.2186455726623535,-2.2186455726623535,0.48012036085128784,0.0,5.946683406829834
920,7,4,-2.26846981048584,-2.26846981048584,0.5099170207977295,0.0,4.710636615753174
920,7,5,-2.218876838684082,-2.218876838684082,0.502700924873352,0.0,6.2292022705078125
920,7,6,-2.246074914932251,-2.246074914932251,0.5060513615608215,0.0,6.251187801361084
920,7,7,-2.2704732418060303,-2.2704732418060303,0.5133340954780579,0.0,4.812061309814453
920,7,8,-2.226898193359375,-2.226898193359375,0.5122359991073608,0.0,6.004535675048828
920,7,9,-2.2476794719696045,-2.2476794719696045,0.499795526266098,0.0,5.28741455078125
920,7,10,-2.2455391883850098,-2.2455391883850098,0.5698112845420837,0.0,4.940113067626953
920,7,11,-2.2324330806732178,-2.2324330806732178,0.5803750157356262,0.0,5.994541645050049
920,7,12,-2.1964783668518066,-2.1964783668518066,0.4949500858783722,0.0,5.490292549133301
920,7,13,-2.2715859413146973,-2.2715859413146973,0.557611346244812,0.0,4.516515254974365
920,7,14,-2.2520956993103027,-2.2520956993103027,0.5383540391921997,0.0,5.6400909423828125
920,7,15,-2.187427520751953,-2.187427520751953,0.5778650045394897,0.0,6.420270919799805
920,7,16,-2.2247655391693115,-2.2247655391693115,0.4701351225376129,0.0,5.360505104064941
920,7,17,-2.1668004989624023,-2.1668004989624023,0.4465698003768921,0.0,6.5759172439575195
920,7,18,-2.2320384979248047,-2.2320384979248047,0.5250469446182251,0.0,6.411513328552246
920,7,19,-2.2363317012786865,-2.2363317012786865,0.5875483751296997,0.0,7.277146339416504
920,8,0,-2.2209839820861816,-2.2209839820861816,0.43575337529182434,0.0,6.265346527099609
920,8,1,-2.2735776901245117,-2.2735776901245117,0.49482330679893494,0.0,4.1231184005737305
920,8,2,-2.2067883014678955,-2.2067883014678955,0.49715760350227356,0.0,5.3430891036987305
920,8,3,-2.2735443115234375,-2.2735443115234375,0.5379364490509033,0.0,7.106235504150391
920,8,4,-2.240598678588867,-2.240598678588867,0.4667951762676239,0.0,6.181298732757568
920,8,5,-2.2442378997802734,-2.2442378997802734,0.48150384426116943,0.0,6.440586090087891
920,8,6,-2.2648141384124756,-2.2648141384124756,0.4879921078681946,0.0,6.260502815246582
920,8,7,-2.2763004302978516,-2.2763004302978516,0.48167675733566284,0.0,5.154163360595703
920,8,8,-2.2396726608276367,-2.2396726608276367,0.515180230140686,0.0,3.8542113304138184
920,8,9,-2.263409376144409,-2.263409376144409,0.6130076050758362,0.0,4.354667663574219
920,8,10,-2.264705181121826,-2.264705181121826,0.5040670037269592,0.0,4.5407514572143555
920,8,11,-2.2714579105377197,-2.2714579105377197,0.4864891469478607,0.0,5.323721408843994
920,8,12,-2.2456088066101074,-2.2456088066101074,0.44365084171295166,0.0,6.282380104064941
920,8,13,-2.2386929988861084,-2.2386929988861084,0.5373253226280212,0.0,4.663228988647461
920,8,14,-2.272437572479248,-2.272437572479248,0.5830575227737427,0.0,6.616030693054199
920,8,15,-2.2249677181243896,-2.2249677181243896,0.5270225405693054,0.0,6.294909954071045
920,8,16,-2.236212968826294,-2.236212968826294,0.4585719406604767,0.0,6.433210372924805
920,8,17,-2.257209539413452,-2.257209539413452,0.516776978969574,0.0,6.147480010986328
920,8,18,-2.2520785331726074,-2.2520785331726074,0.4270886182785034,0.0,5.721058368682861
920,8,19,-2.1608524322509766,-2.1608524322509766,0.5695818066596985,0.0,4.890606880187988
920,9,0,-2.23348331451416,-2.23348331451416,0.4851091802120209,0.0,6.803382873535156
920,9,1,-2.239067792892456,-2.239067792892456,0.5796628594398499,0.0,7.034754276275635
920,9,2,-2.223132848739624,-2.223132848739624,0.4760415554046631,0.0,5.23414421081543
920,9,3,-2.2356157302856445,-2.2356157302856445,0.473008394241333,0.0,5.959641456604004
920,9,4,-2.2560441493988037,-2.2560441493988037,0.5018678307533264,0.0,6.406420707702637
920,9,5,-2.222252368927002,-2.222252368927002,0.4930715262889862,0.0,4.949997901916504
920,9,6,-2.1910240650177,-2.1910240650177,0.5006791353225708,0.0,5.893873691558838
920,9,7,-2.267282724380493,-2.267282724380493,0.5033496618270874,0.0,4.146807670593262
920,9,8,-2.2480392456054688,-2.2480392456054688,0.5233201384544373,0.0,6.326139450073242
920,9,9,-2.1866531372070312,-2.1866531372070312,0.5129513144493103,0.0,6.028406620025635
920,9,10,-2.2673709392547607,-2.2673709392547607,0.49083152413368225,0.0,5.832949638366699
920,9,11,-2.2214581966400146,-2.2214581966400146,0.529040515422821,0.0,6.7235612869262695
920,9,12,-2.1740503311157227,-2.1740503311157227,0.5166764259338379,0.0,5.269746780395508
920,9,13,-2.2470920085906982,-2.2470920085906982,0.4156956970691681,0.0,6.0398101806640625
920,9,14,-2.2767467498779297,-2.2767467498779297,0.5962397456169128,0.0,4.5259318351745605
920,9,15,-2.202852964401245,-2.202852964401245,0.48804545402526855,0.0,5.435962677001953
920,9,16,-2.24519944190979,-2.24519944190979,0.4908553659915924,0.0,5.714722156524658
920,9,17,-2.27982234954834,-2.27982234954834,0.48851069808006287,0.0,5.08128547668457
920,9,18,-2.260288953781128,-2.260288953781128,0.5492555499076843,0.0,6.514402389526367
920,9,19,-2.2567222118377686,-2.2567222118377686,0.49002301692962646,0.0,5.629325866699219
900,0,0,-2.2512073516845703,-2.2512073516845703,0.5137543082237244,0.0,6.308387756347656
900,0,1,-2.250227212905884,-2.250227212905884,0.5653538703918457,0.0,4.564664363861084
900,0,2,-2.2215237617492676,-2.2215237617492676,0.48615744709968567,0.0,5.144190311431885
900,0,3,-2.273996114730835,-2.273996114730835,0.5283191800117493,0.0,3.9097695350646973
900,0,4,-2.2523152828216553,-2.2523152828216553,0.5288548469543457,0.0,4.806012153625488
900,0,5,-2.265406608581543,-2.265406608581543,0.4522169530391693,0.0,5.445423603057861
900,0,6,-2.2171788215637207,-2.2171788215637207,0.49040332436561584,0.0,4.365599155426025
900,0,7,-2.265225648880005,-2.265225648880005,0.5224798321723938,0.0,6.614530563354492
900,0,8,-2.251185894012451,-2.251185894012451,0.5849102735519409,0.0,3.7851390838623047
900,0,9,-2.2345783710479736,-2.2345783710479736,0.5133534669876099,0.0,4.344843864440918
900,0,10,-2.2477338314056396,-2.2477338314056396,0.5167985558509827,0.0,4.799698352813721
900,0,11,-2.182215690612793,-2.182215690612793,0.48564958572387695,0.0,4.044587135314941
900,0,12,-2.266791820526123,-2.266791820526123,0.4990474283695221,0.0,3.6956748962402344
900,0,13,-2.1339540481567383,-2.1339540481567383,0.4509716331958771,0.0,4.961452007293701
900,0,14,-2.270003080368042,-2.270003080368042,0.43715929985046387,0.0,4.919215202331543
900,0,15,-2.247063636779785,-2.247063636779785,0.5924957990646362,0.0,4.554053783416748
900,0,16,-2.211918354034424,-2.211918354034424,0.4880339205265045,0.0,6.179533958435059
900,0,17,-2.2027807235717773,-2.2027807235717773,0.5352656841278076,0.0,7.46317195892334
900,0,18,-2.2470250129699707,-2.2470250129699707,0.5473553538322449,0.0,4.464308738708496
900,0,19,-2.2069754600524902,-2.2069754600524902,0.5251587629318237,0.0,6.1172285079956055
900,1,0,-2.2677135467529297,-2.2677135467529297,0.5931864976882935,0.0,6.103140354156494
900,1,1,-2.2640740871429443,-2.2640740871429443,0.3539924919605255,0.0,4.592772006988525
900,1,2,-2.2686755657196045,-2.2686755657196045,0.46998605132102966,0.0,6.092174530029297
900,1,3,-2.274265766143799,-2.274265766143799,0.5229124426841736,0.0,6.031720161437988
900,1,4,-2.2407116889953613,-2.2407116889953613,0.5318974852561951,0.0,4.708909034729004
900,1,5,-2.237628698348999,-2.237628698348999,0.4447648227214813,0.0,6.616427421569824
900,1,6,-2.260529041290283,-2.260529041290283,0.4975168704986572,0.0,6.4093828201293945
900,1,7,-2.261514186859131,-2.261514186859131,0.47569817304611206,0.0,4.836535453796387
900,1,8,-2.2414681911468506,-2.2414681911468506,0.5200048685073853,0.0,6.234585762023926
900,1,9,-2.2680747509002686,-2.2680747509002686,0.4846488833427429,0.0,5.542478084564209
900,1,10,-2.256105899810791,-2.256105899810791,0.3776123821735382,0.0,7.087212562561035
900,1,11,-2.268704891204834,-2.268704891204834,0.5857121348381042,0.0,5.482540607452393
900,1,12,-2.268493890762329,-2.268493890762329,0.5466669201850891,0.0,5.771730899810791
900,1,13,-2.2749733924865723,-2.2749733924865723,0.629065752029419,0.0,5.18766975402832
900,1,14,-2.2744557857513428,-2.2744557857513428,0.5654349327087402,0.0,5.160978317260742
900,1,15,-2.2696778774261475,-2.2696778774261475,0.56830894947052,0.0,6.351888179779053
900,1,16,-2.2746009826660156,-2.2746009826660156,0.4769139885902405,0.0,6.557823181152344
900,1,17,-2.248284339904785,-2.248284339904785,0.509433388710022,0.0,4.159520149230957
900,1,18,-2.273942470550537,-2.273942470550537,0.6000363826751709,0.0,6.048108100891113
900,1,19,-2.244534492492676,-2.244534492492676,0.4966895580291748,0.0,6.354689121246338
900,2,0,-2.251831531524658,-2.251831531524658,0.4930933713912964,0.0,6.636708736419678
900,2,1,-2.2351231575012207,-2.2351231575012207,0.4886400103569031,0.0,4.843293190002441
900,2,2,-2.265557050704956,-2.265557050704956,0.5157530307769775,0.0,7.099557876586914
900,2,3,-2.2480664253234863,-2.2480664253234863,0.45517829060554504,0.0,6.567573070526123
900,2,4,-2.26338529586792,-2.26338529586792,0.5603929758071899,0.0,6.150886535644531
900,2,5,-2.2347781658172607,-2.2347781658172607,0.6365368962287903,0.0,6.258602142333984
900,2,6,-2.1942553520202637,-2.1942553520202637,0.5040027499198914,0.0,5.857316017150879
900,2,7,-2.245175361633301,-2.245175361633301,0.6037105917930603,0.0,5.992885589599609
900,2,8,-2.266145944595337,-2.266145944595337,0.49818259477615356,0.0,6.021833896636963
900,2,9,-2.203403949737549,-2.203403949737549,0.6404934525489807,0.0,5.142897605895996
900,2,10,-2.2564103603363037,-2.2564103603363037,0.4929850995540619,0.0,7.2466936111450195
900,2,11,-2.2643067836761475,-2.2643067836761475,0.5724449157714844,0.0,6.519820690155029
900,2,12,-2.2635066509246826,-2.2635066509246826,0.5064780116081238,0.0,5.902332305908203
900,2,13,-2.2464375495910645,-2.2464375495910645,0.479848176240921,0.0,6.551336765289307
900,2,14,-2.278632164001465,-2.278632164001465,0.526840329170227,0.0,5.009743690490723
900,2,15,-2.2362072467803955,-2.2362072467803955,0.5526604652404785,0.0,4.263091087341309
900,2,16,-2.254148483276367,-2.254148483276367,0.40548834204673767,0.0,6.5206098556518555
900,2,17,-2.2448184490203857,-2.2448184490203857,0.47917839884757996,0.0,5.000267028808594
900,2,18,-2.253627061843872,-2.253627061843872,0.5531889200210571,0.0,6.024427890777588
900,2,19,-2.2678847312927246,-2.2678847312927246,0.5618538856506348,0.0,6.651594161987305
900,3,0,-2.1941323280334473,-2.1941323280334473,0.5563948154449463,0.0,5.061324119567871
900,3,1,-2.2453291416168213,-2.2453291416168213,0.361277312040329,0.0,5.003634452819824
900,3,2,-2.2760391235351562,-2.2760391235351562,0.46743056178092957,0.0,5.425445079803467
900,3,3,-2.2583491802215576,-2.2583491802215576,0.5834913849830627,0.0,4.8824357986450195
900,3,4,-2.275667428970337,-2.275667428970337,0.6014007329940796,0.0,3.492903709411621
900,3,5,-2.2734882831573486,-2.2734882831573486,0.6562843322753906,0.0,6.080767631530762
900,3,6,-2.2431955337524414,-2.2431955337524414,0.5505107641220093,0.0,4.472479343414307
900,3,7,-2.2176549434661865,-2.2176549434661865,0.5214088559150696,0.0,4.695000648498535
900,3,8,-2.1228601932525635,-2.1228601932525635,0.4913943111896515,0.0,4.576451301574707
900,3,9,-2.2572450637817383,-2.2572450637817383,0.5401342511177063,0.0,5.320614814758301
900,3,10,-2.206141233444214,-2.206141233444214,0.44579005241394043,0.0,5.3239240646362305
900,3,11,-2.2153453826904297,-2.2153453826904297,0.5799815058708191,0.0,5.773824691772461
900,3,12,-2.2680063247680664,-2.2680063247680664,0.4350588321685791,0.0,5.026064872741699
900,3,13,-2.25099778175354,-2.25099778175354,0.4908962547779083,0.0,4.387332439422607
900,3,14,-2.2052409648895264,-2.2052409648895264,0.4935040771961212,0.0,6.041501522064209
900,3,15,-2.2425832748413086,-2.2425832748413086,0.5157676935195923,0.0,4.292157173156738
900,3,16,-2.2007524967193604,-2.2007524967193604,0.5103285312652588,0.0,5.4078803062438965
900,3,17,-2.2417821884155273,-2.2417821884155273,0.5311617851257324,0.0,5.136474132537842
900,3,18,-2.2373344898223877,-2.2373344898223877,0.5838301181793213,0.0,5.807541370391846
900,3,19,-2.2250497341156006,-2.2250497341156006,0.5218458771705627,0.0,5.276800632476807
900,4,0,-2.2327117919921875,-2.2327117919921875,0.46234840154647827,0.0,6.133354187011719
900,4,1,-2.2372817993164062,-2.2372817993164062,0.46227309107780457,0.0,4.731865882873535
900,4,2,-2.268446683883667,-2.268446683883667,0.47607067227363586,0.0,6.436395645141602
900,4,3,-2.2689173221588135,-2.2689173221588135,0.41499823331832886,0.0,4.9601030349731445
900,4,4,-2.216933012008667,-2.216933012008667,0.4571113586425781,0.0,6.885045528411865
900,4,5,-2.278472900390625,-2.278472900390625,0.5020421743392944,0.0,4.317952632904053
900,4,6,-2.271677017211914,-2.271677017211914,0.3374549150466919,0.0,5.0307183265686035
900,4,7,-2.2032880783081055,-2.2032880783081055,0.4673376977443695,0.0,6.042798042297363
900,4,8,-2.258235454559326,-2.258235454559326,0.4392733573913574,0.0,5.687392234802246
900,4,9,-2.2588589191436768,-2.2588589191436768,0.468780517578125,0.0,5.37826681137085
900,4,10,-2.2773830890655518,-2.2773830890655518,0.4282389283180237,0.0,4.976541042327881
900,4,11,-2.263059616088867,-2.263059616088867,0.4231419563293457,0.0,5.800894260406494
900,4,12,-2.248023509979248,-2.248023509979248,0.43501073122024536,0.0,6.293694972991943
900,4,13,-2.276198148727417,-2.276198148727417,0.551664412021637,0.0,3.558271884918213
900,4,14,-2.2427875995635986,-2.2427875995635986,0.44279342889785767,0.0,5.37241792678833
900,4,15,-2.2659902572631836,-2.2659902572631836,0.5552114844322205,0.0,5.841158866882324
900,4,16,-2.2591700553894043,-2.2591700553894043,0.5318993330001831,0.0,5.543168067932129
900,4,17,-2.2219913005828857,-2.2219913005828857,0.5778762102127075,0.0,5.362062454223633
900,4,18,-2.1654341220855713,-2.1654341220855713,0.40534451603889465,0.0,6.137311935424805
900,4,19,-2.234492540359497,-2.234492540359497,0.44128289818763733,0.0,5.213198661804199
900,5,0,-2.2429187297821045,-2.2429187297821045,0.49260765314102173,0.0,6.209188461303711
900,5,1,-2.1983559131622314,-2.1983559131622314,0.5787460207939148,0.0,6.949371337890625
900,5,2,-2.2548232078552246,-2.2548232078552246,0.4979574978351593,0.0,6.444916725158691
900,5,3,-2.271846055984497,-2.271846055984497,0.5942325592041016,0.0,4.888942718505859
900,5,4,-2.193704843521118,-2.193704843521118,0.48082199692726135,0.0,5.73259162902832
900,5,5,-2.2618939876556396,-2.2618939876556396,0.5031090378761292,0.0,6.237083435058594
900,5,6,-2.2711570262908936,-2.2711570262908936,0.5242875814437866,0.0,6.051995277404785
900,5,7,-2.2420458793640137,-2.2420458793640137,0.46092793345451355,0.0,5.952844619750977
900,5,8,-2.2640414237976074,-2.2640414237976074,0.5124335885047913,0.0,6.138925552368164
900,5,9,-2.232196092605591,-2.232196092605591,0.557819128036499,0.0,6.904699325561523
900,5,10,-2.250365734100342,-2.250365734100342,0.49373963475227356,0.0,5.877813339233398
900,5,11,-2.2556002140045166,-2.2556002140045166,0.4972819685935974,0.0,7.172529220581055
900,5,12,-2.159630298614502,-2.159630298614502,0.5424967408180237,0.0,7.263918399810791
900,5,13,-2.178495168685913,-2.178495168685913,0.5854213833808899,0.0,6.119290351867676
900,5,14,-2.251095771789551,-2.251095771789551,0.5375615358352661,0.0,5.382808685302734
900,5,15,-2.246039390563965,-2.246039390563965,0.5010560750961304,0.0,5.956321716308594
900,5,16,-2.1973671913146973,-2.1973671913146973,0.5816236138343811,0.0,6.164794921875
900,5,17,-2.218513250350952,-2.218513250350952,0.3775523006916046,0.0,6.401223182678223
900,5,18,-2.2448976039886475,-2.2448976039886475,0.5050047636032104,0.0,6.703777313232422
900,5,19,-2.236539602279663,-2.236539602279663,0.5572249293327332,0.0,5.197737216949463
900,6,0,-2.225456714630127,-2.225456714630127,0.4839176535606384,0.0,6.63541316986084
900,6,1,-2.275771379470825,-2.275771379470825,0.5242561101913452,0.0,6.554920196533203
900,6,2,-2.247347831726074,-2.247347831726074,0.5920201539993286,0.0,5.945073127746582
900,6,3,-2.225456476211548,-2.225456476211548,0.5702551603317261,0.0,6.4651288986206055
900,6,4,-2.200982093811035,-2.200982093811035,0.49199122190475464,0.0,6.016025543212891
900,6,5,-2.242107391357422,-2.242107391357422,0.5164563059806824,0.0,6.121817588806152
900,6,6,-2.2657041549682617,-2.2657041549682617,0.5199294090270996,0.0,5.335422039031982
900,6,7,-2.260870933532715,-2.260870933532715,0.5689000487327576,0.0,6.1407341957092285
900,6,8,-2.2621705532073975,-2.2621705532073975,0.5608205795288086,0.0,6.168013572692871
900,6,9,-2.2229695320129395,-2.2229695320129395,0.508569598197937,0.0,6.268775939941406
900,6,10,-2.255195379257202,-2.255195379257202,0.5613877177238464,0.0,5.766157150268555
900,6,11,-2.255903720855713,-2.255903720855713,0.52669358253479,0.0,6.423968315124512
900,6,12,-2.2353549003601074,-2.2353549003601074,0.5491968989372253,0.0,5.60919189453125
900,6,13,-2.222177267074585,-2.222177267074585,0.582567036151886,0.0,6.336813926696777
900,6,14,-2.2629783153533936,-2.2629783153533936,0.49028605222702026,0.0,5.490830898284912
900,6,15,-2.236424446105957,-2.236424446105957,0.4476845860481262,0.0,5.532853126525879
900,6,16,-2.2667415142059326,-2.2667415142059326,0.5272471904754639,0.0,6.081429481506348
900,6,17,-2.238079309463501,-2.238079309463501,0.5686225891113281,0.0,5.794810771942139
900,6,18,-2.272944688796997,-2.272944688796997,0.6292063593864441,0.0,5.64970064163208
900,6,19,-2.187232494354248,-2.187232494354248,0.600662112236023,0.0,5.554322242736816
900,7,0,-2.1892244815826416,-2.1892244815826416,0.49854418635368347,0.0,4.431310176849365
900,7,1,-2.230811834335327,-2.230811834335327,0.5425048470497131,0.0,4.94374942779541
900,7,2,-2.164541244506836,-2.164541244506836,0.5750858187675476,0.0,3.8675599098205566
900,7,3,-2.197993516921997,-2.197993516921997,0.507061243057251,0.0,5.609471321105957
900,7,4,-2.2065701484680176,-2.2065701484680176,0.5280731916427612,0.0,6.0675859451293945
900,7,5,-2.221850633621216,-2.221850633621216,0.4925057888031006,0.0,5.999554634094238
900,7,6,-2.2237370014190674,-2.2237370014190674,0.4942411184310913,0.0,5.223423957824707
900,7,7,-2.2418298721313477,-2.2418298721313477,0.465860515832901,0.0,6.572661399841309
900,7,8,-2.2431488037109375,-2.2431488037109375,0.47323063015937805,0.0,6.612998962402344
900,7,9,-2.231921672821045,-2.231921672821045,0.5761210918426514,0.0,5.673052787780762
900,7,10,-2.262993097305298,-2.262993097305298,0.4867357313632965,0.0,4.108700752258301
900,7,11,-2.247260093688965,-2.247260093688965,0.4535912573337555,0.0,6.96929407119751
900,7,12,-2.233680248260498,-2.233680248260498,0.641823947429657,0.0,4.376564979553223
900,7,13,-2.236217737197876,-2.236217737197876,0.5643208026885986,0.0,6.6250834465026855
900,7,14,-2.1617367267608643,-2.1617367267608643,0.3621259927749634,0.0,6.162351608276367
900,7,15,-2.2237648963928223,-2.2237648963928223,0.5400225520133972,0.0,7.507369041442871
900,7,16,-2.241065740585327,-2.241065740585327,0.45623406767845154,0.0,5.929949760437012
900,7,17,-2.230304002761841,-2.230304002761841,0.47670724987983704,0.0,5.880856990814209
900,7,18,-2.2060182094573975,-2.2060182094573975,0.5855275988578796,0.0,6.3990960121154785
900,7,19,-2.2125139236450195,-2.2125139236450195,0.44604381918907166,0.0,7.018632888793945
900,8,0,-2.2501251697540283,-2.2501251697540283,0.41759932041168213,0.0,7.1804351806640625
900,8,1,-2.2452199459075928,-2.2452199459075928,0.505495548248291,0.0,5.47874641418457
900,8,2,-2.218428134918213,-2.218428134918213,0.4869679808616638,0.0,5.769669532775879
900,8,3,-2.2529942989349365,-2.2529942989349365,0.5061907768249512,0.0,5.571259021759033
900,8,4,-2.2759644985198975,-2.2759644985198975,0.4870256781578064,0.0,4.715928077697754
900,8,5,-2.236283302307129,-2.236283302307129,0.4680766761302948,0.0,5.263706684112549
900,8,6,-2.237605094909668,-2.237605094909668,0.49213024973869324,0.0,5.177189826965332
900,8,7,-2.247131109237671,-2.247131109237671,0.5077922940254211,0.0,4.898785591125488
900,8,8,-2.209977388381958,-2.209977388381958,0.606151282787323,0.0,5.1190104484558105
900,8,9,-2.261228084564209,-2.261228084564209,0.48414644598960876,0.0,5.081076622009277
900,8,10,-2.274871349334717,-2.274871349334717,0.5670462250709534,0.0,6.28298282623291
900,8,11,-2.274529457092285,-2.274529457092285,0.4723576605319977,0.0,4.723648548126221
900,8,12,-2.252955436706543,-2.252955436706543,0.4897276759147644,0.0,5.255097389221191
900,8,13,-2.222449779510498,-2.222449779510498,0.4796103835105896,0.0,6.464686393737793
900,8,14,-2.1991539001464844,-2.1991539001464844,0.4737113118171692,0.0,6.22948694229126
900,8,15,-2.24967360496521,-2.24967360496521,0.4422488510608673,0.0,4.958497524261475
900,8,16,-2.271495819091797,-2.271495819091797,0.5085019469261169,0.0,6.092774391174316
900,8,17,-2.247957706451416,-2.247957706451416,0.4931459426879883,0.0,5.257784843444824
900,8,18,-2.242095947265625,-2.242095947265625,0.4578228294849396,0.0,5.949807643890381
900,8,19,-2.269497871398926,-2.269497871398926,0.5038870573043823,0.0,4.6229448318481445
900,9,0,-2.2544736862182617,-2.2544736862182617,0.513245701789856,0.0,5.257373809814453
900,9,1,-2.2289340496063232,-2.2289340496063232,0.5416287779808044,0.0,5.893477439880371
900,9,2,-2.2233784198760986,-2.2233784198760986,0.4797724783420563,0.0,5.759344577789307
900,9,3,-2.239865779876709,-2.239865779876709,0.45354583859443665,0.0,5.697282314300537
900,9,4,-2.2484140396118164,-2.2484140396118164,0.461843878030777,0.0,4.653214454650879
900,9,5,-2.2484302520751953,-2.2484302520751953,0.48448842763900757,0.0,6.835302829742432
900,9,6,-2.2338669300079346,-2.2338669300079346,0.4709690511226654,0.0,6.6575608253479
900,9,7,-2.2111904621124268,-2.2111904621124268,0.5222786664962769,0.0,5.185585021972656
900,9,8,-2.25913667678833,-2.25913667678833,0.5463538765907288,0.0,6.531911373138428
900,9,9,-2.2073051929473877,-2.2073051929473877,0.5809944868087769,0.0,6.596242904663086
900,9,10,-2.23639178276062,-2.23639178276062,0.4770351052284241,0.0,6.032096862792969
900,9,11,-2.2514119148254395,-2.2514119148254395,0.47505635023117065,0.0,6.7574591636657715
900,9,12,-2.1931731700897217,-2.1931731700897217,0.5231444239616394,0.0,5.236194610595703
900,9,13,-2.2563631534576416,-2.2563631534576416,0.583474338054657,0.0,4.53676176071167
900,9,14,-2.2377676963806152,-2.2377676963806152,0.4780799150466919,0.0,6.100957870483398
900,9,15,-2.2539427280426025,-2.2539427280426025,0.4919949769973755,0.0,5.495026588439941
900,9,16,-2.2608230113983154,-2.2608230113983154,0.5193316340446472,0.0,5.4367995262146
900,9,17,-2.244007110595703,-2.244007110595703,0.5500407814979553,0.0,5.128824234008789
900,9,18,-2.2392261028289795,-2.2392261028289795,0.5725971460342407,0.0,5.520436763763428
900,9,19,-2.2255859375,-2.2255859375,0.5153777599334717,0.0,4.740264892578125
880,0,0,-2.241724729537964,-2.241724729537964,0.5236037969589233,0.0,6.268333435058594
880,0,1,-2.2351365089416504,-2.2351365089416504,0.5254538059234619,0.0,4.258542060852051
880,0,2,-2.271646499633789,-2.271646499633789,0.5353146195411682,0.0,3.529996395111084
880,0,3,-2.249788284301758,-2.249788284301758,0.4600846767425537,0.0,4.656225204467773
880,0,4,-2.2593770027160645,-2.2593770027160645,0.6519157886505127,0.0,4.391867637634277
880,0,5,-2.2635507583618164,-2.2635507583618164,0.5310973525047302,0.0,6.7759575843811035
880,0,6,-2.2102067470550537,-2.2102067470550537,0.4204966425895691,0.0,6.280613422393799
880,0,7,-2.242457628250122,-2.242457628250122,0.4642786979675293,0.0,4.767854690551758
880,0,8,-2.2426109313964844,-2.2426109313964844,0.5213099718093872,0.0,6.820144176483154
880,0,9,-2.224419355392456,-2.224419355392456,0.5270301103591919,0.0,4.1504411697387695
880,0,10,-2.2362418174743652,-2.2362418174743652,0.545295238494873,0.0,4.293330192565918
880,0,11,-2.2602715492248535,-2.2602715492248535,0.4514291286468506,0.0,4.3594160079956055
880,0,12,-2.2591335773468018,-2.2591335773468018,0.5112629532814026,0.0,3.9241697788238525
880,0,13,-2.26485276222229,-2.26485276222229,0.48348599672317505,0.0,6.3469696044921875
880,0,14,-2.272456645965576,-2.272456645965576,0.4727226495742798,0.0,4.773239612579346
880,0,15,-2.228748321533203,-2.228748321533203,0.5571635961532593,0.0,5.623551368713379
880,0,16,-2.2418997287750244,-2.2418997287750244,0.5435288548469543,0.0,4.3373847007751465
880,0,17,-2.235863447189331,-2.235863447189331,0.568042516708374,0.0,6.098635196685791
880,0,18,-2.1619362831115723,-2.1619362831115723,0.42014047503471375,0.0,5.411739349365234
880,0,19,-2.2718827724456787,-2.2718827724456787,0.6106519103050232,0.0,3.8725132942199707
880,1,0,-2.2758069038391113,-2.2758069038391113,0.5694099068641663,0.0,5.345905780792236
880,1,1,-2.2687978744506836,-2.2687978744506836,0.3866998255252838,0.0,5.618846416473389
880,1,2,-2.2769172191619873,-2.2769172191619873,0.40274012088775635,0.0,5.555995464324951
880,1,3,-2.252265691757202,-2.252265691757202,0.5253210067749023,0.0,6.5646867752075195
880,1,4,-2.268768787384033,-2.268768787384033,0.6333923935890198,0.0,4.268575668334961
880,1,5,-2.2015023231506348,-2.2015023231506348,0.48207491636276245,0.0,6.553216934204102
880,1,6,-2.251363515853882,-2.251363515853882,0.544065535068512,0.0,4.210615158081055
880,1,7,-2.232592821121216,-2.232592821121216,0.566839337348938,0.0,6.296262264251709
880,1,8,-2.2373719215393066,-2.2373719215393066,0.5177305936813354,0.0,5.4013895988464355
880,1,9,-2.245439052581787,-2.245439052581787,0.5286729335784912,0.0,6.096136569976807
880,1,10,-2.2754628658294678,-2.2754628658294678,0.4525658190250397,0.0,6.878017902374268
880,1,11,-2.259148359298706,-2.259148359298706,0.420297235250473,0.0,6.440444469451904
880,1,12,-2.261263608932495,-2.261263608932495,0.6588965058326721,0.0,5.996274471282959
880,1,13,-2.277080535888672,-2.277080535888672,0.4917861521244049,0.0,4.719748497009277
880,1,14,-2.2598330974578857,-2.2598330974578857,0.5315981507301331,0.0,6.885273456573486
880,1,15,-2.2715096473693848,-2.2715096473693848,0.5815049409866333,0.0,6.667967319488525
880,1,16,-2.185894012451172,-2.185894012451172,0.5881720781326294,0.0,5.830536842346191
880,1,17,-2.2759485244750977,-2.2759485244750977,0.5464785695075989,0.0,4.901519775390625
880,1,18,-2.255638837814331,-2.255638837814331,0.47698068618774414,0.0,6.664975643157959
880,1,19,-2.2538673877716064,-2.2538673877716064,0.42491400241851807,0.0,5.830562591552734
880,2,0,-2.2627644538879395,-2.2627644538879395,0.4674724042415619,0.0,5.043466091156006
880,2,1,-2.2488560676574707,-2.2488560676574707,0.5673736333847046,0.0,5.435019016265869
880,2,2,-2.2477152347564697,-2.2477152347564697,0.5988053679466248,0.0,5.195501327514648
880,2,3,-2.2457799911499023,-2.2457799911499023,0.4763488471508026,0.0,6.252713203430176
880,2,4,-2.192997455596924,-2.192997455596924,0.7075769305229187,0.0,4.698239326477051
880,2,5,-2.2436580657958984,-2.2436580657958984,0.47287800908088684,0.0,6.239943027496338
880,2,6,-2.2331175804138184,-2.2331175804138184,0.4522320628166199,0.0,5.6402177810668945
880,2,7,-2.2634167671203613,-2.2634167671203613,0.47098180651664734,0.0,5.833369255065918
880,2,8,-2.2712795734405518,-2.2712795734405518,0.4740165174007416,0.0,6.148508071899414
880,2,9,-2.2613332271575928,-2.2613332271575928,0.4570568799972534,0.0,5.687885761260986
880,2,10,-2.2631919384002686,-2.2631919384002686,0.47838789224624634,0.0,5.674780368804932
880,2,11,-2.2608463764190674,-2.2608463764190674,0.6044462323188782,0.0,6.102027893066406
880,2,12,-2.2224550247192383,-2.2224550247192383,0.5306625366210938,0.0,4.8719024658203125
880,2,13,-2.2578611373901367,-2.2578611373901367,0.5374403595924377,0.0,5.193119049072266
880,2,14,-2.2626595497131348,-2.2626595497131348,0.492829293012619,0.0,5.656235694885254
880,2,15,-2.233102560043335,-2.233102560043335,0.46913737058639526,0.0,6.661007881164551
880,2,16,-2.2392449378967285,-2.2392449378967285,0.5363315939903259,0.0,6.763580322265625
880,2,17,-2.191767930984497,-2.191767930984497,0.7050072550773621,0.0,5.403550148010254
880,2,18,-2.2176129817962646,-2.2176129817962646,0.4875997304916382,0.0,7.292422771453857
880,2,19,-2.2197039127349854,-2.2197039127349854,0.4161992073059082,0.0,6.945830345153809
880,3,0,-2.2700209617614746,-2.2700209617614746,0.5517922043800354,0.0,3.1487245559692383
880,3,1,-2.274610757827759,-2.274610757827759,0.4586559534072876,0.0,3.6005806922912598
880,3,2,-2.2313268184661865,-2.2313268184661865,0.49713650345802307,0.0,5.386251449584961
880,3,3,-2.2686758041381836,-2.2686758041381836,0.553464949131012,0.0,4.003726005554199
880,3,4,-2.243825674057007,-2.243825674057007,0.5573957562446594,0.0,4.4817118644714355
880,3,5,-2.2146143913269043,-2.2146143913269043,0.6069779992103577,0.0,5.700916290283203
880,3,6,-2.273019313812256,-2.273019313812256,0.548913836479187,0.0,4.161188125610352
880,3,7,-2.2505013942718506,-2.2505013942718506,0.6099395155906677,0.0,5.35871696472168
880,3,8,-2.22763729095459,-2.22763729095459,0.47781097888946533,0.0,6.7505598068237305
880,3,9,-2.27123761177063,-2.27123761177063,0.4890036880970001,0.0,4.280864715576172
880,3,10,-2.1648671627044678,-2.1648671627044678,0.5583511590957642,0.0,5.095196723937988
880,3,11,-2.260324001312256,-2.260324001312256,0.5241550803184509,0.0,6.4146013259887695
880,3,12,-2.277035713195801,-2.277035713195801,0.5332217216491699,0.0,4.869126796722412
880,3,13,-2.2242348194122314,-2.2242348194122314,0.5059577822685242,0.0,2.9927444458007812
880,3,14,-2.2153472900390625,-2.2153472900390625,0.508887767791748,0.0,4.516404151916504
880,3,15,-2.216464042663574,-2.216464042663574,0.49103307723999023,0.0,3.6930959224700928
880,3,16,-2.216529130935669,-2.216529130935669,0.6278483867645264,0.0,6.175558090209961
880,3,17,-2.2496888637542725,-2.2496888637542725,0.4993891417980194,0.0,3.6344408988952637
880,3,18,-2.2731993198394775,-2.2731993198394775,0.4625934064388275,0.0,3.508788585662842
880,3,19,-2.2652764320373535,-2.2652764320373535,0.4340575337409973,0.0,4.236429214477539
880,4,0,-2.2475504875183105,-2.2475504875183105,0.3502368927001953,0.0,5.875633239746094
880,4,1,-2.279966115951538,-2.279966115951538,0.5739814639091492,0.0,4.516564846038818
880,4,2,-2.2008230686187744,-2.2008230686187744,0.47325316071510315,0.0,6.308798789978027
880,4,3,-2.2062740325927734,-2.2062740325927734,0.4504714012145996,0.0,4.695478439331055
880,4,4,-2.2707085609436035,-2.2707085609436035,0.5353276133537292,0.0,4.126718521118164
880,4,5,-2.2751657962799072,-2.2751657962799072,0.4580453038215637,0.0,4.328433990478516
880,4,6,-2.2551355361938477,-2.2551355361938477,0.4861842691898346,0.0,5.252849578857422
880,4,7,-2.2735824584960938,-2.2735824584960938,0.43396106362342834,0.0,6.638278961181641
880,4,8,-2.163712501525879,-2.163712501525879,0.4415310025215149,0.0,5.693233489990234
880,4,9,-2.2551846504211426,-2.2551846504211426,0.43794065713882446,0.0,4.678064346313477
880,4,10,-2.19355845451355,-2.19355845451355,0.46927720308303833,0.0,6.314817428588867
880,4,11,-2.2633728981018066,-2.2633728981018066,0.5174593329429626,0.0,6.887961387634277
880,4,12,-2.272810459136963,-2.272810459136963,0.5665349960327148,0.0,5.956586837768555
880,4,13,-2.2544450759887695,-2.2544450759887695,0.4845758080482483,0.0,6.076609134674072
880,4,14,-2.2736518383026123,-2.2736518383026123,0.4628256857395172,0.0,4.314735412597656
880,4,15,-2.2347524166107178,-2.2347524166107178,0.5060766935348511,0.0,7.079521656036377
880,4,16,-2.2376763820648193,-2.2376763820648193,0.49062228202819824,0.0,5.98012638092041
880,4,17,-2.243056058883667,-2.243056058883667,0.5054527521133423,0.0,6.108467102050781
880,4,18,-2.268611431121826,-2.268611431121826,0.6274256110191345,0.0,5.788628578186035
880,4,19,-2.261573076248169,-2.261573076248169,0.538648784160614,0.0,5.469940185546875
880,5,0,-2.2585370540618896,-2.2585370540618896,0.4536919891834259,0.0,6.619638442993164
880,5,1,-2.2479805946350098,-2.2479805946350098,0.47850924730300903,0.0,6.416244029998779
880,5,2,-2.2144856452941895,-2.2144856452941895,0.5319262146949768,0.0,6.578775405883789
880,5,3,-2.2149839401245117,-2.2149839401245117,0.5165421366691589,0.0,5.7661285400390625
880,5,4,-2.1789135932922363,-2.1789135932922363,0.6138191223144531,0.0,5.666616916656494
880,5,5,-2.2512948513031006,-2.2512948513031006,0.6017444133758545,0.0,5.9973297119140625
880,5,6,-2.244676351547241,-2.244676351547241,0.5343988537788391,0.0,4.487276554107666
880,5,7,-2.196993827819824,-2.196993827819824,0.535175085067749,0.0,6.805704116821289
880,5,8,-2.252784490585327,-2.252784490585327,0.5575053691864014,0.0,4.357966423034668
880,5,9,-2.2067296504974365,-2.2067296504974365,0.4695340096950531,0.0,6.695603370666504
880,5,10,-2.2559430599212646,-2.2559430599212646,0.5685858726501465,0.0,5.568885803222656
880,5,11,-2.191472053527832,-2.191472053527832,0.5563135743141174,0.0,6.939337730407715
880,5,12,-2.2658698558807373,-2.2658698558807373,0.4488004446029663,0.0,4.378932952880859
880,5,13,-2.2304484844207764,-2.2304484844207764,0.5631523132324219,0.0,5.743154048919678
880,5,14,-2.2467496395111084,-2.2467496395111084,0.6215764284133911,0.0,5.6809587478637695
880,5,15,-2.2071781158447266,-2.2071781158447266,0.5254027247428894,0.0,5.754205703735352
880,5,16,-2.245816469192505,-2.245816469192505,0.47177794575691223,0.0,6.052957534790039
880,5,17,-2.242671251296997,-2.242671251296997,0.4977283477783203,0.0,6.382829666137695
880,5,18,-2.2548274993896484,-2.2548274993896484,0.5682506561279297,0.0,5.691993713378906
880,5,19,-2.261145830154419,-2.261145830154419,0.5084538459777832,0.0,6.523366928100586
880,6,0,-2.2469139099121094,-2.2469139099121094,0.4932508170604706,0.0,6.61293363571167
880,6,1,-2.2657134532928467,-2.2657134532928467,0.4938868582248688,0.0,6.656894207000732
880,6,2,-2.2367329597473145,-2.2367329597473145,0.5994124412536621,0.0,6.645630359649658
880,6,3,-2.1872317790985107,-2.1872317790985107,0.674118161201477,0.0,5.049940586090088
880,6,4,-2.277141571044922,-2.277141571044922,0.5241897106170654,0.0,6.741211891174316
880,6,5,-2.2744736671447754,-2.2744736671447754,0.6227317452430725,0.0,5.422604560852051
880,6,6,-2.267195224761963,-2.267195224761963,0.5097948908805847,0.0,5.150211334228516
880,6,7,-2.22226619720459,-2.22226619720459,0.5278265476226807,0.0,6.331507682800293
880,6,8,-2.2303988933563232,-2.2303988933563232,0.41755878925323486,0.0,6.133647441864014
880,6,9,-2.25968074798584,-2.25968074798584,0.5156863331794739,0.0,6.3113250732421875
880,6,10,-2.2089338302612305,-2.2089338302612305,0.5160451531410217,0.0,6.990558624267578
880,6,11,-2.214029312133789,-2.214029312133789,0.4602351188659668,0.0,6.616159915924072
880,6,12,-2.27148699760437,-2.27148699760437,0.5734289884567261,0.0,5.742649078369141
880,6,13,-2.263122081756592,-2.263122081756592,0.5369068384170532,0.0,5.817296981811523
880,6,14,-2.216146469116211,-2.216146469116211,0.5636855959892273,0.0,7.320662021636963
880,6,15,-2.273223638534546,-2.273223638534546,0.5040597915649414,0.0,6.45496940612793
880,6,16,-2.267017126083374,-2.267017126083374,0.5560482740402222,0.0,5.916882038116455
880,6,17,-2.1989893913269043,-2.1989893913269043,0.5451858043670654,0.0,6.095675468444824
880,6,18,-2.277815818786621,-2.277815818786621,0.5959348678588867,0.0,5.986334323883057
880,6,19,-2.235004425048828,-2.235004425048828,0.5005161762237549,0.0,6.116830825805664
880,7,0,-2.2687036991119385,-2.2687036991119385,0.5107889771461487,0.0,5.082432270050049
880,7,1,-2.244683027267456,-2.244683027267456,0.5897052884101868,0.0,6.949377059936523
880,7,2,-2.2504148483276367,-2.2504148483276367,0.5056153535842896,0.0,6.75079870223999
880,7,3,-2.2705719470977783,-2.2705719470977783,0.44991353154182434,0.0,5.717327117919922
880,7,4,-2.198381185531616,-2.198381185531616,0.45891743898391724,0.0,6.273358345031738
880,7,5,-2.251781702041626,-2.251781702041626,0.5055736303329468,0.0,5.7091851234436035
880,7,6,-2.267885446548462,-2.267885446548462,0.4729326069355011,0.0,5.683210372924805
880,7,7,-2.2643492221832275,-2.2643492221832275,0.5566874742507935,0.0,5.56600284576416
880,7,8,-2.2271711826324463,-2.2271711826324463,0.517698347568512,0.0,4.321058750152588
880,7,9,-2.1936700344085693,-2.1936700344085693,0.4994240403175354,0.0,6.012834548950195
880,7,10,-2.214279890060425,-2.214279890060425,0.4884124994277954,0.0,6.051084995269775
880,7,11,-2.2441372871398926,-2.2441372871398926,0.4680885374546051,0.0,6.434751987457275
880,7,12,-2.210134506225586,-2.210134506225586,0.4461410939693451,0.0,6.128292083740234
880,7,13,-2.2292163372039795,-2.2292163372039795,0.5143637657165527,0.0,5.089056968688965
880,7,14,-2.2538812160491943,-2.2538812160491943,0.4951929450035095,0.0,6.346096992492676
880,7,15,-0.22574663162231445,-2.2257466316223145,0.8757652044296265,1.0,5.207634449005127
880,7,16,-2.2458183765411377,-2.2458183765411377,0.5021740794181824,0.0,6.772839546203613
880,7,17,-2.261054754257202,-2.261054754257202,0.4176776707172394,0.0,6.202472686767578
880,7,18,-2.1337196826934814,-2.1337196826934814,0.5874999761581421,0.0,5.439280986785889
880,7,19,-2.2358083724975586,-2.2358083724975586,0.4923592507839203,0.0,5.785112380981445
880,8,0,-2.2045857906341553,-2.2045857906341553,0.5375776886940002,0.0,5.0718584060668945
880,8,1,-2.187650680541992,-2.187650680541992,0.4404935836791992,0.0,5.377233982086182
880,8,2,-2.2377729415893555,-2.2377729415893555,0.5000690221786499,0.0,4.575667381286621
880,8,3,-2.211435556411743,-2.211435556411743,0.4638460874557495,0.0,5.074047088623047
880,8,4,-2.2611849308013916,-2.2611849308013916,0.48563215136528015,0.0,5.246401786804199
880,8,5,-2.271796464920044,-2.271796464920044,0.5016539096832275,0.0,4.675806522369385
880,8,6,-2.269862651824951,-2.269862651824951,0.5592033267021179,0.0,5.260365962982178
880,8,7,-2.2475693225860596,-2.2475693225860596,0.44120365381240845,0.0,6.226065635681152
880,8,8,-2.2518129348754883,-2.2518129348754883,0.49953800439834595,0.0,4.515069961547852
880,8,9,-2.1843433380126953,-2.1843433380126953,0.5439037680625916,0.0,5.658125877380371
880,8,10,-2.2187306880950928,-2.2187306880950928,0.6222528219223022,0.0,5.838603496551514
880,8,11,-2.269993305206299,-2.269993305206299,0.49735039472579956,0.0,6.195405960083008
880,8,12,-2.243798017501831,-2.243798017501831,0.5424214005470276,0.0,6.081259250640869
880,8,13,-2.215151071548462,-2.215151071548462,0.4998350739479065,0.0,4.487859725952148
880,8,14,-2.2402775287628174,-2.2402775287628174,0.5132387280464172,0.0,6.729622840881348
880,8,15,-2.2640163898468018,-2.2640163898468018,0.45750173926353455,0.0,4.789468288421631
880,8,16,-2.2744879722595215,-2.2744879722595215,0.49813058972358704,0.0,4.247696876525879
880,8,17,-2.236738681793213,-2.236738681793213,0.513425886631012,0.0,6.253472328186035
880,8,18,-2.253649950027466,-2.253649950027466,0.5530470609664917,0.0,6.550670146942139
880,8,19,-2.245124340057373,-2.245124340057373,0.5375656485557556,0.0,5.331806182861328
880,9,0,-2.218395948410034,-2.218395948410034,0.6412626504898071,0.0,5.848679065704346
880,9,1,-2.2593586444854736,-2.2593586444854736,0.612357497215271,0.0,4.946622848510742
880,9,2,-2.2511961460113525,-2.2511961460113525,0.4070762097835541,0.0,5.889293193817139
880,9,3,-2.233720064163208,-2.233720064163208,0.4769948124885559,0.0,5.775120735168457
880,9,4,-2.233306884765625,-2.233306884765625,0.4757554829120636,0.0,6.431779861450195
880,9,5,-2.2191884517669678,-2.2191884517669678,0.416213721036911,0.0,6.372722148895264
880,9,6,-2.2248573303222656,-2.2248573303222656,0.5052868127822876,0.0,5.697399139404297
880,9,7,-2.2575082778930664,-2.2575082778930664,0.4471686780452728,0.0,5.6615891456604
880,9,8,-2.278923988342285,-2.278923988342285,0.5793274641036987,0.0,4.4792280197143555
880,9,9,-2.2119052410125732,-2.2119052410125732,0.4546455144882202,0.0,5.6297607421875
880,9,10,-2.24872088432312,-2.24872088432312,0.563542902469635,0.0,6.2773332595825195
880,9,11,-2.251004934310913,-2.251004934310913,0.5249660611152649,0.0,5.713194847106934
880,9,12,-2.259305715560913,-2.259305715560913,0.3853572607040405,0.0,6.1648478507995605
880,9,13,-2.2521047592163086,-2.2521047592163086,0.5286828875541687,0.0,5.534826278686523
880,9,14,-2.2683258056640625,-2.2683258056640625,0.4622822403907776,0.0,6.296308517456055
880,9,15,-2.236281394958496,-2.236281394958496,0.48318302631378174,0.0,7.461906433105469
880,9,16,-2.252140760421753,-2.252140760421753,0.5083548426628113,0.0,5.169814586639404
880,9,17,-2.238291025161743,-2.238291025161743,0.474252313375473,0.0,5.965869903564453
880,9,18,-2.253406286239624,-2.253406286239624,0.5524688959121704,0.0,5.431888580322266
880,9,19,-2.272778272628784,-2.272778272628784,0.5108250379562378,0.0,4.30825138092041
860,0,0,-2.236257791519165,-2.236257791519165,0.43163353204727173,0.0,6.419676780700684
860,0,1,-2.229241132736206,-2.229241132736206,0.49220094084739685,0.0,4.224882125854492
860,0,2,-2.2074296474456787,-2.2074296474456787,0.5415746569633484,0.0,6.200400352478027
860,0,3,-2.246967315673828,-2.246967315673828,0.5109268426895142,0.0,4.212620258331299
860,0,4,-2.257627248764038,-2.257627248764038,0.5681869983673096,0.0,2.986706495285034
860,0,5,-2.26400089263916,-2.26400089263916,0.5657099485397339,0.0,3.8756775856018066
860,0,6,-2.256781816482544,-2.256781816482544,0.5313665866851807,0.0,3.6699435710906982
860,0,7,-2.241680145263672,-2.241680145263672,0.5337765216827393,0.0,3.541872501373291
860,0,8,-2.2678675651550293,-2.2678675651550293,0.5587426424026489,0.0,3.70436429977417
860,0,9,-2.254603862762451,-2.254603862762451,0.5497167110443115,0.0,5.382081031799316
860,0,10,-2.2515053749084473,-2.2515053749084473,0.5134040713310242,0.0,2.9901199340820312
860,0,11,-2.2630560398101807,-2.2630560398101807,0.5085552334785461,0.0,4.043816089630127
860,0,12,-2.2127132415771484,-2.2127132415771484,0.5789929032325745,0.0,4.520724296569824
860,0,13,-2.24845814704895,-2.24845814704895,0.5264981985092163,0.0,5.123424530029297
860,0,14,-2.2160463333129883,-2.2160463333129883,0.49935710430145264,0.0,6.04323673248291
860,0,15,-2.258655071258545,-2.258655071258545,0.4929198622703552,0.0,3.9854135513305664
860,0,16,-2.268800973892212,-2.268800973892212,0.5332167744636536,0.0,3.3040924072265625
860,0,17,-2.255934238433838,-2.255934238433838,0.5093299150466919,0.0,5.357775688171387
860,0,18,-2.245241403579712,-2.245241403579712,0.6106482148170471,0.0,6.712113857269287
860,0,19,-2.256409168243408,-2.256409168243408,0.5401532053947449,0.0,3.695929765701294
860,1,0,-2.256906032562256,-2.256906032562256,0.5015435814857483,0.0,4.603231430053711
860,1,1,-2.269718647003174,-2.269718647003174,0.5094229578971863,0.0,5.822303771972656
860,1,2,-2.2106192111968994,-2.2106192111968994,0.45960733294487,0.0,6.542866230010986
860,1,3,-2.150381565093994,-2.150381565093994,0.5491329431533813,0.0,6.392463207244873
860,1,4,-2.245059013366699,-2.245059013366699,0.4335082769393921,0.0,6.301977157592773
860,1,5,-2.240074872970581,-2.240074872970581,0.4601842164993286,0.0,5.595893859863281
860,1,6,-2.233168601989746,-2.233168601989746,0.4697793424129486,0.0,5.850217819213867
860,1,7,-2.2728383541107178,-2.2728383541107178,0.6489975452423096,0.0,6.571013450622559
860,1,8,-2.269111156463623,-2.269111156463623,0.528582751750946,0.0,6.0506391525268555
860,1,9,-2.243553400039673,-2.243553400039673,0.4667649269104004,0.0,6.1391987800598145
860,1,10,-2.247250556945801,-2.247250556945801,0.5184528827667236,0.0,6.588927268981934
860,1,11,-2.2775518894195557,-2.2775518894195557,0.5407401323318481,0.0,6.987708568572998
860,1,12,-2.236171245574951,-2.236171245574951,0.43078064918518066,0.0,6.14647912979126
860,1,13,-2.260305643081665,-2.260305643081665,0.5030543804168701,0.0,5.496068000793457
860,1,14,-2.245926856994629,-2.245926856994629,0.47469839453697205,0.0,6.434863090515137
860,1,15,-2.2276928424835205,-2.2276928424835205,0.42473697662353516,0.0,6.3809309005737305
860,1,16,-2.2120423316955566,-2.2120423316955566,0.5068790912628174,0.0,5.98778772354126
860,1,17,-2.250666618347168,-2.250666618347168,0.596759021282196,0.0,5.709708213806152
860,1,18,-2.2682673931121826,-2.2682673931121826,0.5080138444900513,0.0,5.995071887969971
860,1,19,-2.234168767929077,-2.234168767929077,0.488602876663208,0.0,5.272378444671631
860,2,0,-2.2350268363952637,-2.2350268363952637,0.48545703291893005,0.0,6.383500576019287
860,2,1,-2.2377681732177734,-2.2377681732177734,0.5682575106620789,0.0,6.450416088104248
860,2,2,-2.2336201667785645,-2.2336201667785645,0.397042453289032,0.0,6.4642486572265625
860,2,3,-2.249387502670288,-2.249387502670288,0.5756834149360657,0.0,4.7186079025268555
860,2,4,-2.2012152671813965,-2.2012152671813965,0.5788361430168152,0.0,6.325590133666992
860,2,5,-2.2792184352874756,-2.2792184352874756,0.4825245440006256,0.0,6.035480499267578
860,2,6,-2.257962942123413,-2.257962942123413,0.5411211848258972,0.0,6.356047630310059
860,2,7,-2.2384393215179443,-2.2384393215179443,0.5001187324523926,0.0,4.255542278289795
860,2,8,-2.2428877353668213,-2.2428877353668213,0.5495880246162415,0.0,5.603157043457031
860,2,9,-2.228750228881836,-2.228750228881836,0.5356305837631226,0.0,6.6595377922058105
860,2,10,-2.2147510051727295,-2.2147510051727295,0.49695897102355957,0.0,6.402973175048828
860,2,11,-2.2143123149871826,-2.2143123149871826,0.4462105333805084,0.0,7.137493133544922
860,2,12,-2.2125084400177,-2.2125084400177,0.45880383253097534,0.0,5.148873805999756
860,2,13,-2.255765438079834,-2.255765438079834,0.5164015293121338,0.0,5.41786527633667
860,2,14,-2.2343239784240723,-2.2343239784240723,0.49253910779953003,0.0,6.188774108886719
860,2,15,-2.248795986175537,-2.248795986175537,0.5124700665473938,0.0,4.748776912689209
860,2,16,-2.2672278881073,-2.2672278881073,0.6305400729179382,0.0,3.3589928150177
860,2,17,-2.2717766761779785,-2.2717766761779785,0.5526480078697205,0.0,5.865231513977051
860,2,18,-2.2580223083496094,-2.2580223083496094,0.4934389889240265,0.0,6.294902801513672
860,2,19,-2.2501251697540283,-2.2501251697540283,0.5244902968406677,0.0,6.176705360412598
860,3,0,-2.2664172649383545,-2.2664172649383545,0.5984382629394531,0.0,4.9322662353515625
860,3,1,-2.220144748687744,-2.220144748687744,0.5417940020561218,0.0,4.711337089538574
860,3,2,-2.2456653118133545,-2.2456653118133545,0.4642201066017151,0.0,5.903533935546875
860,3,3,-2.2758514881134033,-2.2758514881134033,0.4749431908130646,0.0,4.456700801849365
860,3,4,-2.2467472553253174,-2.2467472553253174,0.4855378270149231,0.0,4.798712730407715
860,3,5,-2.260009288787842,-2.260009288787842,0.5614280700683594,0.0,3.4673409461975098
860,3,6,-2.255145311355591,-2.255145311355591,0.5335249304771423,0.0,4.0810441970825195
860,3,7,-2.250420570373535,-2.250420570373535,0.5835161209106445,0.0,4.340288162231445
860,3,8,-2.2413887977600098,-2.2413887977600098,0.5006633400917053,0.0,4.582280158996582
860,3,9,-2.248823404312134,-2.248823404312134,0.5526317954063416,0.0,4.282576084136963
860,3,10,-2.242605209350586,-2.242605209350586,0.5708873867988586,0.0,5.487469673156738
860,3,11,-2.2485222816467285,-2.2485222816467285,0.551160454750061,0.0,3.7464966773986816
860,3,12,-2.2663650512695312,-2.2663650512695312,0.4999352693557739,0.0,5.539239883422852
860,3,13,-2.2696399688720703,-2.2696399688720703,0.4505579173564911,0.0,4.10510778427124
860,3,14,-2.265316963195801,-2.265316963195801,0.5813667178153992,0.0,4.373186111450195
860,3,15,-2.226799249649048,-2.226799249649048,0.5877779126167297,0.0,4.62447452545166
860,3,16,-2.255556583404541,-2.255556583404541,0.4809470772743225,0.0,5.954135894775391
860,3,17,-2.2594714164733887,-2.2594714164733887,0.4717691242694855,0.0,4.752758026123047
860,3,18,-2.2555036544799805,-2.2555036544799805,0.635430634021759,0.0,5.708549976348877
860,3,19,-2.259157419204712,-2.259157419204712,0.6123965978622437,0.0,4.627873420715332
860,4,0,-2.2457430362701416,-2.2457430362701416,0.5525754690170288,0.0,6.706265449523926
860,4,1,-2.2576658725738525,-2.2576658725738525,0.5634912252426147,0.0,5.688502311706543
860,4,2,-2.185436248779297,-2.185436248779297,0.48541712760925293,0.0,7.290281295776367
860,4,3,-2.2488791942596436,-2.2488791942596436,0.5287452936172485,0.0,5.536042213439941
860,4,4,-2.25116229057312,-2.25116229057312,0.5390032529830933,0.0,5.81113862991333
860,4,5,-2.2701539993286133,-2.2701539993286133,0.48151248693466187,0.0,6.608499526977539
860,4,6,-2.264885425567627,-2.264885425567627,0.29735133051872253,0.0,5.202913761138916
860,4,7,-2.2774555683135986,-2.2774555683135986,0.5809957385063171,0.0,6.170712471008301
860,4,8,-2.263730764389038,-2.263730764389038,0.3007134795188904,0.0,5.230462074279785
860,4,9,-2.201677083969116,-2.201677083969116,0.5385620594024658,0.0,5.723899841308594
860,4,10,-2.24033522605896,-2.24033522605896,0.5082943439483643,0.0,5.933062553405762
860,4,11,-2.2698466777801514,-2.2698466777801514,0.4755082130432129,0.0,4.178508281707764
860,4,12,-2.2768938541412354,-2.2768938541412354,0.5113602876663208,0.0,4.970394134521484
860,4,13,-2.265960216522217,-2.265960216522217,0.565697968006134,0.0,6.2704081535339355
860,4,14,-2.2474417686462402,-2.2474417686462402,0.45661839842796326,0.0,4.912448883056641
860,4,15,-2.2720468044281006,-2.2720468044281006,0.5222464203834534,0.0,5.770888805389404
860,4,16,-2.1707096099853516,-2.1707096099853516,0.6083576083183289,0.0,5.8199968338012695
860,4,17,-2.1794772148132324,-2.1794772148132324,0.5278597474098206,0.0,6.228371620178223
860,4,18,-2.277474880218506,-2.277474880218506,0.5650250911712646,0.0,5.1685028076171875
860,4,19,-2.2517406940460205,-2.2517406940460205,0.5865063667297363,0.0,4.910102844238281
860,5,0,-2.2585501670837402,-2.2585501670837402,0.5185549259185791,0.0,7.317917823791504
860,5,1,-2.25563907623291,-2.25563907623291,0.588024914264679,0.0,6.419719219207764
860,5,2,-2.2701945304870605,-2.2701945304870605,0.5015597939491272,0.0,5.743650913238525
860,5,3,-2.2332661151885986,-2.2332661151885986,0.5177650451660156,0.0,6.208584785461426
860,5,4,-2.264237642288208,-2.264237642288208,0.41604578495025635,0.0,5.835466384887695
860,5,5,-2.2525689601898193,-2.2525689601898193,0.5329837203025818,0.0,5.519961357116699
860,5,6,-2.2195732593536377,-2.2195732593536377,0.5141520500183105,0.0,6.548129081726074
860,5,7,-2.2191450595855713,-2.2191450595855713,0.4607703983783722,0.0,6.032961845397949
860,5,8,-2.2260730266571045,-2.2260730266571045,0.6179841160774231,0.0,5.08650541305542
860,5,9,-2.201441526412964,-2.201441526412964,0.5471125245094299,0.0,4.832016944885254
860,5,10,-2.2540438175201416,-2.2540438175201416,0.49286410212516785,0.0,6.16448974609375
860,5,11,-2.2128524780273438,-2.2128524780273438,0.5305331349372864,0.0,6.879177570343018
860,5,12,-2.232421636581421,-2.232421636581421,0.5570204854011536,0.0,6.84230375289917
860,5,13,-2.2519075870513916,-2.2519075870513916,0.660429835319519,0.0,5.674142360687256
860,5,14,-2.2718124389648438,-2.2718124389648438,0.490285187959671,0.0,6.819631576538086
860,5,15,-2.244499444961548,-2.244499444961548,0.4811944365501404,0.0,5.121212005615234
860,5,16,-2.257201671600342,-2.257201671600342,0.5173765420913696,0.0,6.640105724334717
860,5,17,-2.255155324935913,-2.255155324935913,0.5231337547302246,0.0,6.448739051818848
860,5,18,-2.2494242191314697,-2.2494242191314697,0.5346282720565796,0.0,5.956751823425293
860,5,19,-2.2291579246520996,-2.2291579246520996,0.5324286818504333,0.0,6.060721397399902
860,6,0,-2.2480039596557617,-2.2480039596557617,0.6169881820678711,0.0,6.264039039611816
860,6,1,-2.24365496635437,-2.24365496635437,0.5807921886444092,0.0,5.180321216583252
860,6,2,-2.2552926540374756,-2.2552926540374756,0.5396703481674194,0.0,6.223013877868652
860,6,3,-2.2347195148468018,-2.2347195148468018,0.4959650933742523,0.0,5.3941755294799805
860,6,4,-2.224130392074585,-2.224130392074585,0.49022993445396423,0.0,5.157505989074707
860,6,5,-2.252338171005249,-2.252338171005249,0.5191813111305237,0.0,6.015951156616211
860,6,6,-2.2592663764953613,-2.2592663764953613,0.5431182980537415,0.0,5.756191253662109
860,6,7,-2.2455012798309326,-2.2455012798309326,0.4990576505661011,0.0,5.545560836791992
860,6,8,-2.2544877529144287,-2.2544877529144287,0.4718434810638428,0.0,5.82791805267334
860,6,9,-2.2754065990448,-2.2754065990448,0.5518670082092285,0.0,6.414237976074219
860,6,10,-2.2343995571136475,-2.2343995571136475,0.503416895866394,0.0,6.405033111572266
860,6,11,-2.244605779647827,-2.244605779647827,0.535006582736969,0.0,6.522229194641113
860,6,12,-2.2402780055999756,-2.2402780055999756,0.5699149370193481,0.0,5.678422927856445
860,6,13,-2.274491548538208,-2.274491548538208,0.5787668824195862,0.0,5.1843976974487305
860,6,14,-2.227764844894409,-2.227764844894409,0.49358469247817993,0.0,6.3840436935424805
860,6,15,-2.2721922397613525,-2.2721922397613525,0.4761662781238556,0.0,6.286859512329102
860,6,16,-2.274691343307495,-2.274691343307495,0.5655494332313538,0.0,6.237516403198242
860,6,17,-2.2514772415161133,-2.2514772415161133,0.5060270428657532,0.0,6.292866230010986
860,6,18,-2.2595486640930176,-2.2595486640930176,0.523610532283783,0.0,6.838719844818115
860,6,19,-2.2508716583251953,-2.2508716583251953,0.6219468712806702,0.0,5.52730655670166
860,7,0,-2.210679054260254,-2.210679054260254,0.721399188041687,0.0,5.540938377380371
860,7,1,-2.252692461013794,-2.252692461013794,0.5664063096046448,0.0,6.325704574584961
860,7,2,-2.240309000015259,-2.240309000015259,0.6006729602813721,0.0,5.666332721710205
860,7,3,-2.221600294113159,-2.221600294113159,0.60635906457901,0.0,5.935579776763916
860,7,4,-2.233018159866333,-2.233018159866333,0.4981718361377716,0.0,6.295159339904785
860,7,5,-2.131199836730957,-2.131199836730957,0.5163567662239075,0.0,5.463169097900391
860,7,6,-2.226419687271118,-2.226419687271118,0.5034140348434448,0.0,6.621214389801025
860,7,7,-2.160088300704956,-2.160088300704956,0.6557885408401489,0.0,4.963767051696777
860,7,8,-2.2354586124420166,-2.2354586124420166,0.5054990649223328,0.0,4.724400520324707
860,7,9,-2.206592559814453,-2.206592559814453,0.5224196910858154,0.0,5.587404251098633
860,7,10,-2.2656750679016113,-2.2656750679016113,0.5629460215568542,0.0,6.056527137756348
860,7,11,-2.2394256591796875,-2.2394256591796875,0.4993630349636078,0.0,6.290431976318359
860,7,12,-2.2292871475219727,-2.2292871475219727,0.5112327337265015,0.0,5.582724571228027
860,7,13,-2.2436587810516357,-2.2436587810516357,0.4755752980709076,0.0,7.022919654846191
860,7,14,-2.247164249420166,-2.247164249420166,0.45051950216293335,0.0,5.902244567871094
860,7,15,-2.2321512699127197,-2.2321512699127197,0.4685252010822296,0.0,5.2400641441345215
860,7,16,-2.2275338172912598,-2.2275338172912598,0.48573732376098633,0.0,6.250061988830566
860,7,17,-2.2384591102600098,-2.2384591102600098,0.41058290004730225,0.0,6.4097700119018555
860,7,18,-2.186006784439087,-2.186006784439087,0.4090534448623657,0.0,5.037028789520264
860,7,19,-2.224260091781616,-2.224260091781616,0.44603997468948364,0.0,5.668441295623779
860,8,0,-2.2579753398895264,-2.2579753398895264,0.5505344271659851,0.0,4.133950233459473
860,8,1,-2.2589638233184814,-2.2589638233184814,0.5359894633293152,0.0,5.453733444213867
860,8,2,-2.2653119564056396,-2.2653119564056396,0.41704806685447693,0.0,6.046142101287842
860,8,3,-2.241701126098633,-2.241701126098633,0.5158613920211792,0.0,5.981997489929199
860,8,4,-2.2361230850219727,-2.2361230850219727,0.4674236476421356,0.0,4.148502349853516
860,8,5,-2.1835739612579346,-2.1835739612579346,0.4513620436191559,0.0,5.657720565795898
860,8,6,-2.269429922103882,-2.269429922103882,0.5580843091011047,0.0,4.1052937507629395
860,8,7,-2.2585842609405518,-2.2585842609405518,0.4240061342716217,0.0,4.420177936553955
860,8,8,-2.2235207557678223,-2.2235207557678223,0.6743645668029785,0.0,5.300249099731445
860,8,9,-2.277656078338623,-2.277656078338623,0.4819616377353668,0.0,3.9236464500427246
860,8,10,-2.115187883377075,-2.115187883377075,0.5816211700439453,0.0,5.468732833862305
860,8,11,-2.271690845489502,-2.271690845489502,0.5380237698554993,0.0,5.4053802490234375
860,8,12,-2.229128122329712,-2.229128122329712,0.5405879020690918,0.0,4.111300468444824
860,8,13,-2.2537801265716553,-2.2537801265716553,0.5010833144187927,0.0,5.608522415161133
860,8,14,-2.257362127304077,-2.257362127304077,0.49658194184303284,0.0,6.3533830642700195
860,8,15,-2.2235727310180664,-2.2235727310180664,0.4653390645980835,0.0,5.5435943603515625
860,8,16,-2.2758500576019287,-2.2758500576019287,0.5916761159896851,0.0,4.490419387817383
860,8,17,-2.2719976902008057,-2.2719976902008057,0.5103352665901184,0.0,5.0056304931640625
860,8,18,-2.2750415802001953,-2.2750415802001953,0.49025291204452515,0.0,3.466266632080078
860,8,19,-2.2171971797943115,-2.2171971797943115,0.5958608984947205,0.0,5.077499866485596
860,9,0,-2.2609987258911133,-2.2609987258911133,0.5126728415489197,0.0,5.612942695617676
860,9,1,-2.2416534423828125,-2.2416534423828125,0.314654141664505,0.0,5.939545631408691
860,9,2,-2.193916082382202,-2.193916082382202,0.5736269950866699,0.0,6.010790824890137
860,9,3,-2.182307243347168,-2.182307243347168,0.48169684410095215,0.0,5.410778999328613
860,9,4,-2.2055206298828125,-2.2055206298828125,0.5342460870742798,0.0,5.549014091491699
860,9,5,-2.2223052978515625,-2.2223052978515625,0.5702757835388184,0.0,5.150135040283203
860,9,6,-2.2518117427825928,-2.2518117427825928,0.5235112309455872,0.0,6.1653008460998535
860,9,7,-2.2687573432922363,-2.2687573432922363,0.5309566855430603,0.0,5.98164701461792
860,9,8,-2.2141404151916504,-2.2141404151916504,0.4388148784637451,0.0,6.4584808349609375
860,9,9,-2.264857053756714,-2.264857053756714,0.5021688342094421,0.0,6.316769123077393
860,9,10,-2.2630293369293213,-2.2630293369293213,0.46811240911483765,0.0,5.593395709991455
860,9,11,-2.266465187072754,-2.266465187072754,0.4111388921737671,0.0,5.065036773681641
860,9,12,-2.2540247440338135,-2.2540247440338135,0.5524593591690063,0.0,6.090121269226074
860,9,13,-2.257582187652588,-2.257582187652588,0.6016605496406555,0.0,6.878660678863525
860,9,14,-2.2283384799957275,-2.2283384799957275,0.5577242970466614,0.0,5.797916412353516
860,9,15,-2.2534701824188232,-2.2534701824188232,0.4474618136882782,0.0,5.813529014587402
860,9,16,-2.2562999725341797,-2.2562999725341797,0.44408708810806274,0.0,6.496506214141846
860,9,17,-2.1882972717285156,-2.1882972717285156,0.6030057072639465,0.0,4.19063663482666
860,9,18,-2.239051580429077,-2.239051580429077,0.43369659781455994,0.0,4.626984119415283
860,9,19,-2.2357001304626465,-2.2357001304626465,0.5899389386177063,0.0,6.346413612365723
840,0,0,-2.2715964317321777,-2.2715964317321777,0.5169287323951721,0.0,3.969921112060547
840,0,1,-2.230104446411133,-2.230104446411133,0.48344188928604126,0.0,4.608890056610107
840,0,2,-2.227771282196045,-2.227771282196045,0.45097023248672485,0.0,4.819111347198486
840,0,3,-2.2252848148345947,-2.2252848148345947,0.5175874829292297,0.0,6.661467552185059
840,0,4,-2.2304980754852295,-2.2304980754852295,0.4949534833431244,0.0,3.8127660751342773
840,0,5,-2.2508113384246826,-2.2508113384246826,0.5329098105430603,0.0,4.434146881103516
840,0,6,-2.2476115226745605,-2.2476115226745605,0.48257505893707275,0.0,6.527590751647949
840,0,7,-2.2540087699890137,-2.2540087699890137,0.5170899629592896,0.0,4.491579055786133
840,0,8,-2.23595929145813,-2.23595929145813,0.5066667795181274,0.0,4.777836799621582
840,0,9,-2.242203950881958,-2.242203950881958,0.5078080892562866,0.0,4.231332302093506
840,0,10,-2.273138999938965,-2.273138999938965,0.5078511834144592,0.0,3.7147421836853027
840,0,11,-2.266849994659424,-2.266849994659424,0.5072788596153259,0.0,3.3392386436462402
840,0,12,-2.2450854778289795,-2.2450854778289795,0.48122817277908325,0.0,4.059000015258789
840,0,13,-2.226938486099243,-2.226938486099243,0.46418148279190063,0.0,6.478590488433838
840,0,14,-2.247584342956543,-2.247584342956543,0.4638124108314514,0.0,5.228509426116943
840,0,15,-2.271071672439575,-2.271071672439575,0.46562060713768005,0.0,6.413498878479004
840,0,16,-2.2497732639312744,-2.2497732639312744,0.5095567107200623,0.0,5.726734161376953
840,0,17,-2.2535462379455566,-2.2535462379455566,0.53486567735672,0.0,4.489962577819824
840,0,18,-2.258406639099121,-2.258406639099121,0.4940491020679474,0.0,4.012514114379883
840,0,19,-2.254865884780884,-2.254865884780884,0.5588601231575012,0.0,3.511957883834839
840,1,0,-2.276735544204712,-2.276735544204712,0.5196146368980408,0.0,3.1652441024780273
840,1,1,-2.2621381282806396,-2.2621381282806396,0.47786498069763184,0.0,5.992245674133301
840,1,2,-2.1860952377319336,-2.1860952377319336,0.5171386003494263,0.0,4.148951530456543
840,1,3,-2.262091636657715,-2.262091636657715,0.47271230816841125,0.0,5.709433555603027
840,1,4,-2.2242586612701416,-2.2242586612701416,0.5226613879203796,0.0,5.8199591636657715
840,1,5,-2.2776989936828613,-2.2776989936828613,0.508840799331665,0.0,5.686793804168701
840,1,6,-2.2505154609680176,-2.2505154609680176,0.6401128172874451,0.0,5.762413024902344
840,1,7,-2.193535804748535,-2.193535804748535,0.31775814294815063,0.0,5.6812310218811035
840,1,8,-2.261000633239746,-2.261000633239746,0.5163875818252563,0.0,6.16461181640625
840,1,9,-2.270860433578491,-2.270860433578491,0.4663833677768707,0.0,5.536688804626465
840,1,10,-2.2732455730438232,-2.2732455730438232,0.5437409281730652,0.0,4.984813690185547
840,1,11,-2.258556365966797,-2.258556365966797,0.493944376707077,0.0,6.091990947723389
840,1,12,-2.2358829975128174,-2.2358829975128174,0.4563261568546295,0.0,6.455833911895752
840,1,13,-2.1829261779785156,-2.1829261779785156,0.5351555943489075,0.0,5.1897687911987305
840,1,14,-2.215345859527588,-2.215345859527588,0.4518859386444092,0.0,6.527740478515625
840,1,15,-2.2636308670043945,-2.2636308670043945,0.5568791627883911,0.0,6.482753276824951
840,1,16,-2.2160630226135254,-2.2160630226135254,0.5028791427612305,0.0,5.910216331481934
840,1,17,-2.205836534500122,-2.205836534500122,0.5512153506278992,0.0,5.893834114074707
840,1,18,-2.2322168350219727,-2.2322168350219727,0.4605637192726135,0.0,6.7145538330078125
840,1,19,-2.2526280879974365,-2.2526280879974365,0.493031769990921,0.0,6.198326110839844
840,2,0,-2.254164695739746,-2.254164695739746,0.46578893065452576,0.0,6.671510696411133
840,2,1,-2.263110399246216,-2.263110399246216,0.5739381909370422,0.0,6.227382183074951
840,2,2,-2.230222702026367,-2.230222702026367,0.5082302093505859,0.0,5.8784613609313965
840,2,3,-2.2538790702819824,-2.2538790702819824,0.4947739243507385,0.0,6.173927307128906
840,2,4,-2.2229533195495605,-2.2229533195495605,0.5482387542724609,0.0,6.663434982299805
840,2,5,-2.2245874404907227,-2.2245874404907227,0.48335206508636475,0.0,6.417229175567627
840,2,6,-2.2633512020111084,-2.2633512020111084,0.48322781920433044,0.0,6.594420433044434
840,2,7,-2.2437195777893066,-2.2437195777893066,0.5619924068450928,0.0,7.259593963623047
840,2,8,-2.2339067459106445,-2.2339067459106445,0.5173060297966003,0.0,4.983907699584961
840,2,9,-2.2466633319854736,-2.2466633319854736,0.5986881852149963,0.0,6.608565330505371
840,2,10,-2.2539010047912598,-2.2539010047912598,0.6240250468254089,0.0,6.760610580444336
840,2,11,-2.257326364517212,-2.257326364517212,0.4242740869522095,0.0,6.755562782287598
840,2,12,-2.166088819503784,-2.166088819503784,0.48557189106941223,0.0,6.903114318847656
840,2,13,-2.2487101554870605,-2.2487101554870605,0.6135240793228149,0.0,5.537554740905762
840,2,14,-2.26729416847229,-2.26729416847229,0.5433707237243652,0.0,5.727974891662598
840,2,15,-2.2603490352630615,-2.2603490352630615,0.46441179513931274,0.0,7.067047595977783
840,2,16,-2.2478132247924805,-2.2478132247924805,0.4956012964248657,0.0,6.26174259185791
840,2,17,-2.1969988346099854,-2.1969988346099854,0.43694525957107544,0.0,6.734255313873291
840,2,18,-2.2764463424682617,-2.2764463424682617,0.4986751079559326,0.0,6.560171127319336
840,2,19,-2.247962236404419,-2.247962236404419,0.4616788625717163,0.0,6.4749650955200195
840,3,0,-2.204556465148926,-2.204556465148926,0.5403732657432556,0.0,6.6739630699157715
840,3,1,-2.2434442043304443,-2.2434442043304443,0.5487855076789856,0.0,3.5764613151550293
840,3,2,-2.2774932384490967,-2.2774932384490967,0.5709676146507263,0.0,1.7043962478637695
840,3,3,-2.250908613204956,-2.250908613204956,0.48543184995651245,0.0,3.9422903060913086
840,3,4,-2.2069451808929443,-2.2069451808929443,0.5141845941543579,0.0,6.2699480056762695
840,3,5,-2.2191102504730225,-2.2191102504730225,0.5155073404312134,0.0,6.262983322143555
840,3,6,-2.271308422088623,-2.271308422088623,0.5047414898872375,0.0,3.7597925662994385
840,3,7,-2.268613338470459,-2.268613338470459,0.4526158273220062,0.0,2.901409149169922
840,3,8,-2.2732324600219727,-2.2732324600219727,0.5453407764434814,0.0,4.37369441986084
840,3,9,-2.267240285873413,-2.267240285873413,0.5472137331962585,0.0,3.9658913612365723
840,3,10,-2.2074522972106934,-2.2074522972106934,0.4505891799926758,0.0,5.339677810668945
840,3,11,-2.2047102451324463,-2.2047102451324463,0.483431339263916,0.0,5.807724952697754
840,3,12,-2.2669854164123535,-2.2669854164123535,0.49951255321502686,0.0,4.137171745300293
840,3,13,-2.2662649154663086,-2.2662649154663086,0.49726712703704834,0.0,6.7248969078063965
840,3,14,-2.2732200622558594,-2.2732200622558594,0.4816133379936218,0.0,5.0046257972717285
840,3,15,-2.247091770172119,-2.247091770172119,0.37949705123901367,0.0,4.545838356018066
840,3,16,-2.2728734016418457,-2.2728734016418457,0.5040034651756287,0.0,4.166860103607178
840,3,17,-2.275516986846924,-2.275516986846924,0.5092647671699524,0.0,3.677422285079956
840,3,18,-2.2399420738220215,-2.2399420738220215,0.4797551929950714,0.0,4.121845245361328
840,3,19,-2.204153299331665,-2.204153299331665,0.5035198330879211,0.0,3.96762752532959
840,4,0,-2.240751028060913,-2.240751028060913,0.44259876012802124,0.0,5.282242774963379
840,4,1,-2.265805959701538,-2.265805959701538,0.5088676810264587,0.0,3.4271440505981445
840,4,2,-2.259049654006958,-2.259049654006958,0.6309165358543396,0.0,5.045391082763672
840,4,3,-2.252244472503662,-2.252244472503662,0.5275986194610596,0.0,6.084500789642334
840,4,4,-2.2749557495117188,-2.2749557495117188,0.5464644432067871,0.0,6.226811408996582
840,4,5,-2.22518253326416,-2.22518253326416,0.3673888146877289,0.0,5.096273422241211
840,4,6,-2.2752127647399902,-2.2752127647399902,0.5798474550247192,0.0,6.738256454467773
840,4,7,-2.199312686920166,-2.199312686920166,0.4154939651489258,0.0,5.36160945892334
840,4,8,-2.2090842723846436,-2.2090842723846436,0.4979787766933441,0.0,6.009302616119385
840,4,9,-2.265962600708008,-2.265962600708008,0.48529234528541565,0.0,4.953695297241211
840,4,10,-2.256272077560425,-2.256272077560425,0.5331630706787109,0.0,5.424715042114258
840,4,11,-2.2376177310943604,-2.2376177310943604,0.3265347182750702,0.0,6.268078804016113
840,4,12,-2.2792768478393555,-2.2792768478393555,0.560666024684906,0.0,4.546992301940918
840,4,13,-2.249483585357666,-2.249483585357666,0.48589861392974854,0.0,5.712951183319092
840,4,14,-2.2669620513916016,-2.2669620513916016,0.5228069424629211,0.0,6.3919453620910645
840,4,15,-2.2439019680023193,-2.2439019680023193,0.48088523745536804,0.0,4.687213897705078
840,4,16,-2.267918348312378,-2.267918348312378,0.4759911000728607,0.0,5.921764373779297
840,4,17,-2.24263858795166,-2.24263858795166,0.587679922580719,0.0,6.309179306030273
840,4,18,-2.2717578411102295,-2.2717578411102295,0.4418466091156006,0.0,6.695610523223877
840,4,19,-2.224566698074341,-2.224566698074341,0.40519779920578003,0.0,5.189643859863281
840,5,0,-2.2487926483154297,-2.2487926483154297,0.5762486457824707,0.0,5.721587657928467
840,5,1,-2.259056806564331,-2.259056806564331,0.5058877468109131,0.0,6.424278259277344
840,5,2,-2.2158868312835693,-2.2158868312835693,0.48058322072029114,0.0,6.389628887176514
840,5,3,-2.265744686126709,-2.265744686126709,0.5549571514129639,0.0,6.4498186111450195
840,5,4,-2.2302403450012207,-2.2302403450012207,0.5916991233825684,0.0,6.86466646194458
840,5,5,-2.272732734680176,-2.272732734680176,0.4924429953098297,0.0,6.742343425750732
840,5,6,-2.235487222671509,-2.235487222671509,0.529702365398407,0.0,5.521868705749512
840,5,7,-2.240827798843384,-2.240827798843384,0.552819550037384,0.0,6.206416130065918
840,5,8,-2.246403694152832,-2.246403694152832,0.5282321572303772,0.0,6.569467544555664
840,5,9,-2.2064895629882812,-2.2064895629882812,0.4161314070224762,0.0,4.714417934417725
840,5,10,-2.251404285430908,-2.251404285430908,0.536214292049408,0.0,6.874503135681152
840,5,11,-2.2521748542785645,-2.2521748542785645,0.6251497268676758,0.0,6.39396858215332
840,5,12,-2.255789279937744,-2.255789279937744,0.5872424840927124,0.0,6.248403072357178
840,5,13,-2.25445556640625,-2.25445556640625,0.5321653485298157,0.0,6.500888824462891
840,5,14,-2.2562639713287354,-2.2562639713287354,0.47022151947021484,0.0,4.994560241699219
840,5,15,-2.192378520965576,-2.192378520965576,0.47768983244895935,0.0,6.360570907592773
840,5,16,-2.269195556640625,-2.269195556640625,0.5469133257865906,0.0,4.075800895690918
840,5,17,-2.2674295902252197,-2.2674295902252197,0.5291038155555725,0.0,5.142220497131348
840,5,18,-2.2448644638061523,-2.2448644638061523,0.46062907576560974,0.0,6.130036354064941
840,5,19,-2.2504637241363525,-2.2504637241363525,0.43095704913139343,0.0,5.243706226348877
840,6,0,-2.2363035678863525,-2.2363035678863525,0.5194647908210754,0.0,6.453561782836914
840,6,1,-2.249051332473755,-2.249051332473755,0.4826575815677643,0.0,5.735419750213623
840,6,2,-2.2579591274261475,-2.2579591274261475,0.5257293581962585,0.0,5.196703910827637
840,6,3,-2.238914728164673,-2.238914728164673,0.594159722328186,0.0,5.778717994689941
840,6,4,-2.2478601932525635,-2.2478601932525635,0.5966575741767883,0.0,3.737593650817871
840,6,5,-2.2461748123168945,-2.2461748123168945,0.563661515712738,0.0,5.776188850402832
840,6,6,-2.2260067462921143,-2.2260067462921143,0.5527217388153076,0.0,6.179932594299316
840,6,7,-2.2577342987060547,-2.2577342987060547,0.5552518963813782,0.0,5.610537052154541
840,6,8,-2.222055673599243,-2.222055673599243,0.5285154581069946,0.0,6.132701873779297
840,6,9,-2.2643191814422607,-2.2643191814422607,0.5986999869346619,0.0,6.021519660949707
840,6,10,-2.24407696723938,-2.24407696723938,0.5893045663833618,0.0,6.299651145935059
840,6,11,-2.2561721801757812,-2.2561721801757812,0.5243870615959167,0.0,6.39078426361084
840,6,12,-2.240168571472168,-2.240168571472168,0.498923122882843,0.0,6.7166852951049805
840,6,13,-2.267272710800171,-2.267272710800171,0.5366893410682678,0.0,5.6067657470703125
840,6,14,-2.2228071689605713,-2.2228071689605713,0.536488950252533,0.0,5.895341873168945
840,6,15,-2.247262954711914,-2.247262954711914,0.4392288625240326,0.0,5.493000030517578
840,6,16,-2.2578725814819336,-2.2578725814819336,0.6435121297836304,0.0,6.262961387634277
840,6,17,-2.23217511177063,-2.23217511177063,0.5963137745857239,0.0,6.853479385375977
840,6,18,-2.2053747177124023,-2.2053747177124023,0.5321691632270813,0.0,6.949419021606445
840,6,19,-2.255690813064575,-2.255690813064575,0.6073508858680725,0.0,6.473308563232422
840,7,0,-2.242637872695923,-2.242637872695923,0.5182170271873474,0.0,5.738251686096191
840,7,1,-2.2331089973449707,-2.2331089973449707,0.4542697072029114,0.0,5.764639854431152
840,7,2,-2.212218999862671,-2.212218999862671,0.5139158368110657,0.0,6.097157955169678
840,7,3,-2.2603726387023926,-2.2603726387023926,0.4886893033981323,0.0,6.347508430480957
840,7,4,-2.2707462310791016,-2.2707462310791016,0.5607119202613831,0.0,3.8197834491729736
840,7,5,-2.2212345600128174,-2.2212345600128174,0.7372696399688721,0.0,5.2687907218933105
840,7,6,-2.215590000152588,-2.215590000152588,0.5373989939689636,0.0,5.720017433166504
840,7,7,-2.2359695434570312,-2.2359695434570312,0.5635461807250977,0.0,6.393122673034668
840,7,8,-2.209703207015991,-2.209703207015991,0.5040958523750305,0.0,6.062530517578125
840,7,9,-2.2269346714019775,-2.2269346714019775,0.4791989028453827,0.0,4.64797306060791
840,7,10,-2.263392925262451,-2.263392925262451,0.48932161927223206,0.0,4.799230575561523
840,7,11,-2.2470834255218506,-2.2470834255218506,0.5075796842575073,0.0,5.636651992797852
840,7,12,-2.219292402267456,-2.219292402267456,0.5272289514541626,0.0,5.17005729675293
840,7,13,-2.226491689682007,-2.226491689682007,0.4595409631729126,0.0,7.01090669631958
840,7,14,-2.2567718029022217,-2.2567718029022217,0.49850529432296753,0.0,6.0259199142456055
840,7,15,-2.210885524749756,-2.210885524749756,0.574817955493927,0.0,5.588558673858643
840,7,16,-2.1906309127807617,-2.1906309127807617,0.47373685240745544,0.0,6.6947712898254395
840,7,17,-2.2598986625671387,-2.2598986625671387,0.4878242313861847,0.0,5.092660903930664
840,7,18,-2.2625608444213867,-2.2625608444213867,0.6539996862411499,0.0,4.820821762084961
840,7,19,-2.2275843620300293,-2.2275843620300293,0.610008180141449,0.0,7.2036004066467285
840,8,0,-2.212038516998291,-2.212038516998291,0.3910875916481018,0.0,5.0245866775512695
840,8,1,-2.2410037517547607,-2.2410037517547607,0.40470731258392334,0.0,4.296630859375
840,8,2,-2.247235059738159,-2.247235059738159,0.41264858841896057,0.0,6.042216777801514
840,8,3,-2.2429451942443848,-2.2429451942443848,0.4507864713668823,0.0,4.448412895202637
840,8,4,-2.2678110599517822,-2.2678110599517822,0.4678187668323517,0.0,4.407920837402344
840,8,5,-2.2690091133117676,-2.2690091133117676,0.56987065076828,0.0,4.753077507019043
840,8,6,-2.26865553855896,-2.26865553855896,0.44535571336746216,0.0,3.400763750076294
840,8,7,-2.2558460235595703,-2.2558460235595703,0.40518897771835327,0.0,5.779519081115723
840,8,8,-2.2010719776153564,-2.2010719776153564,0.6267820000648499,0.0,3.9499547481536865
840,8,9,-2.2720580101013184,-2.2720580101013184,0.4045499563217163,0.0,4.930633544921875
840,8,10,-2.2405970096588135,-2.2405970096588135,0.5172582268714905,0.0,4.913049221038818
840,8,11,-2.2454311847686768,-2.2454311847686768,0.3763139843940735,0.0,4.274933815002441
840,8,12,-2.208813428878784,-2.208813428878784,0.47985467314720154,0.0,6.716595649719238
840,8,13,-2.266143321990967,-2.266143321990967,0.45320388674736023,0.0,5.322114944458008
840,8,14,-2.1184310913085938,-2.1184310913085938,0.44784414768218994,0.0,4.706328392028809
840,8,15,-2.2582428455352783,-2.2582428455352783,0.43890294432640076,0.0,5.706801891326904
840,8,16,-2.2707207202911377,-2.2707207202911377,0.557961106300354,0.0,4.439485549926758
840,8,17,-2.221355438232422,-2.221355438232422,0.5540636777877808,0.0,6.91244649887085
840,8,18,-2.2002861499786377,-2.2002861499786377,0.5038547515869141,0.0,5.637691497802734
840,8,19,-2.2072243690490723,-2.2072243690490723,0.5289181470870972,0.0,5.231020450592041
840,9,0,-2.1784281730651855,-2.1784281730651855,0.5168921947479248,0.0,5.608274459838867
840,9,1,-2.210388422012329,-2.210388422012329,0.5284580588340759,0.0,6.416794776916504
840,9,2,-2.1265950202941895,-2.1265950202941895,0.5266275405883789,0.0,5.165265083312988
840,9,3,-2.267944574356079,-2.267944574356079,0.5159446597099304,0.0,6.624056816101074
840,9,4,-2.2617671489715576,-2.2617671489715576,0.5102666020393372,0.0,5.622366905212402
840,9,5,-2.25248646736145,-2.25248646736145,0.48748472332954407,0.0,6.076386451721191
840,9,6,-2.2226197719573975,-2.2226197719573975,0.5119019746780396,0.0,6.176858901977539
840,9,7,-2.2004358768463135,-2.2004358768463135,0.5368789434432983,0.0,5.5243000984191895
840,9,8,-2.195439577102661,-2.195439577102661,0.4922321140766144,0.0,6.165683746337891
840,9,9,-2.209807872772217,-2.209807872772217,0.49223020672798157,0.0,6.446113109588623
840,9,10,-2.237133502960205,-2.237133502960205,0.46336090564727783,0.0,7.61280632019043
840,9,11,-2.1934361457824707,-2.1934361457824707,0.4891321063041687,0.0,5.092828273773193
840,9,12,-2.2657113075256348,-2.2657113075256348,0.49936673045158386,0.0,4.861135005950928
840,9,13,-2.2280492782592773,-2.2280492782592773,0.5015929937362671,0.0,5.495269298553467
840,9,14,-2.207685708999634,-2.207685708999634,0.4122655689716339,0.0,5.569565773010254
840,9,15,-2.2632901668548584,-2.2632901668548584,0.46927353739738464,0.0,6.217508316040039
840,9,16,-2.2445075511932373,-2.2445075511932373,0.46847495436668396,0.0,4.4758758544921875
840,9,17,-2.2187864780426025,-2.2187864780426025,0.5061205625534058,0.0,6.22066593170166
840,9,18,-2.2514073848724365,-2.2514073848724365,0.5302984714508057,0.0,5.797993183135986
840,9,19,-2.275438070297241,-2.275438070297241,0.544539749622345,0.0,5.442180156707764
820,0,0,-2.230682611465454,-2.230682611465454,0.4530208110809326,0.0,4.404045104980469
820,0,1,-2.2360780239105225,-2.2360780239105225,0.4455336034297943,0.0,4.500204563140869
820,0,2,-2.2642130851745605,-2.2642130851745605,0.5228492617607117,0.0,4.70677375793457
820,0,3,-2.258248805999756,-2.258248805999756,0.5590924024581909,0.0,4.161248207092285
820,0,4,-2.270646572113037,-2.270646572113037,0.5488548278808594,0.0,3.5754752159118652
820,0,5,-2.273350477218628,-2.273350477218628,0.5206090807914734,0.0,2.7315785884857178
820,0,6,-2.270056962966919,-2.270056962966919,0.5100789666175842,0.0,4.537097930908203
820,0,7,-2.249044895172119,-2.249044895172119,0.43486037850379944,0.0,3.7082715034484863
820,0,8,-2.2468252182006836,-2.2468252182006836,0.5244627594947815,0.0,6.499826431274414
820,0,9,-2.185098886489868,-2.185098886489868,0.5568206906318665,0.0,3.6873855590820312
820,0,10,-2.270928144454956,-2.270928144454956,0.5413272976875305,0.0,5.158876895904541
820,0,11,-2.2408535480499268,-2.2408535480499268,0.5686853528022766,0.0,4.3060712814331055
820,0,12,-2.2430903911590576,-2.2430903911590576,0.6174269318580627,0.0,4.10167932510376
820,0,13,-2.2701101303100586,-2.2701101303100586,0.4778701364994049,0.0,4.303757667541504
820,0,14,-2.2676801681518555,-2.2676801681518555,0.5542489886283875,0.0,4.93940544128418
820,0,15,-2.2492384910583496,-2.2492384910583496,0.5478156805038452,0.0,4.078200340270996
820,0,16,-2.241821765899658,-2.241821765899658,0.5473403334617615,0.0,3.7370686531066895
820,0,17,-2.275853157043457,-2.275853157043457,0.507289469242096,0.0,3.432311534881592
820,0,18,-2.2288100719451904,-2.2288100719451904,0.5229138731956482,0.0,4.560067176818848
820,0,19,-2.2642929553985596,-2.2642929553985596,0.5066540837287903,0.0,3.920592784881592
820,1,0,-2.227431058883667,-2.227431058883667,0.5075253248214722,0.0,6.417689323425293
820,1,1,-2.2304465770721436,-2.2304465770721436,0.5336083173751831,0.0,5.015487194061279
820,1,2,-2.2606074810028076,-2.2606074810028076,0.42934420704841614,0.0,5.396116256713867
820,1,3,-2.2150588035583496,-2.2150588035583496,0.48903483152389526,0.0,6.260688781738281
820,1,4,-2.272528648376465,-2.272528648376465,0.5550349354743958,0.0,5.868501663208008
820,1,5,-2.264897108078003,-2.264897108078003,0.5048856139183044,0.0,6.148114204406738
820,1,6,-2.2779505252838135,-2.2779505252838135,0.582602322101593,0.0,6.548272609710693
820,1,7,-2.2437233924865723,-2.2437233924865723,0.4873800575733185,0.0,6.5146260261535645
820,1,8,-2.2602484226226807,-2.2602484226226807,0.4709532558917999,0.0,6.460298538208008
820,1,9,-2.264920473098755,-2.264920473098755,0.6138062477111816,0.0,5.510683059692383
820,1,10,-2.2661166191101074,-2.2661166191101074,0.4922332763671875,0.0,6.309206962585449
820,1,11,-2.2357115745544434,-2.2357115745544434,0.585448145866394,0.0,5.771222114562988
820,1,12,-2.251690626144409,-2.251690626144409,0.554411768913269,0.0,5.549269199371338
820,1,13,-2.2606608867645264,-2.2606608867645264,0.5123459100723267,0.0,6.326028347015381
820,1,14,-2.275590658187866,-2.275590658187866,0.5983630418777466,0.0,6.002008438110352
820,1,15,-2.235610246658325,-2.235610246658325,0.4877014756202698,0.0,5.553349018096924
820,1,16,-2.2459096908569336,-2.2459096908569336,0.5682858228683472,0.0,5.522004127502441
820,1,17,-2.27803635597229,-2.27803635597229,0.5278985500335693,0.0,6.21885871887207
820,1,18,-2.231519937515259,-2.231519937515259,0.42997974157333374,0.0,6.94141149520874
820,1,19,-2.259939193725586,-2.259939193725586,0.4435918629169464,0.0,5.337088584899902
820,2,0,-2.2484209537506104,-2.2484209537506104,0.5101495385169983,0.0,5.618818283081055
820,2,1,-2.2419705390930176,-2.2419705390930176,0.5349605083465576,0.0,6.059764385223389
820,2,2,-2.2213101387023926,-2.2213101387023926,0.4891631603240967,0.0,6.0346879959106445
820,2,3,-2.2467713356018066,-2.2467713356018066,0.4742068946361542,0.0,5.8602399826049805
820,2,4,-2.2225418090820312,-2.2225418090820312,0.616808295249939,0.0,5.262251853942871
820,2,5,-2.2306199073791504,-2.2306199073791504,0.5609425902366638,0.0,6.700684547424316
820,2,6,-2.2407498359680176,-2.2407498359680176,0.47789686918258667,0.0,6.798267364501953
820,2,7,-2.22184681892395,-2.22184681892395,0.5438423752784729,0.0,4.6857428550720215
820,2,8,-2.1968698501586914,-2.1968698501586914,0.5048725008964539,0.0,6.258957862854004
820,2,9,-2.2494685649871826,-2.2494685649871826,0.5130190253257751,0.0,5.583120822906494
820,2,10,-2.272014617919922,-2.272014617919922,0.5247710347175598,0.0,5.78736686706543
820,2,11,-2.258176565170288,-2.258176565170288,0.5994935035705566,0.0,6.708151817321777
820,2,12,-2.2530040740966797,-2.2530040740966797,0.534283459186554,0.0,4.945453643798828
820,2,13,-2.154745578765869,-2.154745578765869,0.7386088967323303,0.0,4.646111965179443
820,2,14,-2.2083959579467773,-2.2083959579467773,0.5990766286849976,0.0,6.77293586730957
820,2,15,-2.2259302139282227,-2.2259302139282227,0.5419285297393799,0.0,4.68410062789917
820,2,16,-2.19176983833313,-2.19176983833313,0.5899103879928589,0.0,4.709763526916504
820,2,17,-2.256819009780884,-2.256819009780884,0.6150433421134949,0.0,6.25276517868042
820,2,18,-2.243400812149048,-2.243400812149048,0.5529025197029114,0.0,4.917086601257324
820,2,19,-2.262423276901245,-2.262423276901245,0.6014783382415771,0.0,6.112409591674805
820,3,0,-2.269411087036133,-2.269411087036133,0.6014522910118103,0.0,5.307053565979004
820,3,1,-2.255706787109375,-2.255706787109375,0.5081459283828735,0.0,5.141102313995361
820,3,2,-2.2663302421569824,-2.2663302421569824,0.5136725902557373,0.0,3.6823582649230957
820,3,3,-2.2777817249298096,-2.2777817249298096,0.6149356961250305,0.0,2.7985281944274902
820,3,4,-2.275292158126831,-2.275292158126831,0.5110320448875427,0.0,3.7314224243164062
820,3,5,-2.2737693786621094,-2.2737693786621094,0.3706067204475403,0.0,3.1404242515563965
820,3,6,-2.2708868980407715,-2.2708868980407715,0.48060882091522217,0.0,3.891846179962158
820,3,7,-2.2761340141296387,-2.2761340141296387,0.5359821319580078,0.0,1.6423566341400146
820,3,8,-2.2747573852539062,-2.2747573852539062,0.5013452768325806,0.0,2.9400503635406494
820,3,9,-2.2507729530334473,-2.2507729530334473,0.4973532259464264,0.0,4.5105204582214355
820,3,10,-2.2443196773529053,-2.2443196773529053,0.549916684627533,0.0,3.6885993480682373
820,3,11,-2.2607717514038086,-2.2607717514038086,0.5150500535964966,0.0,3.982074022293091
820,3,12,-2.256589889526367,-2.256589889526367,0.5713421106338501,0.0,6.221254348754883
820,3,13,-2.2429816722869873,-2.2429816722869873,0.4720842242240906,0.0,4.759995937347412
820,3,14,-2.278155565261841,-2.278155565261841,0.5183435678482056,0.0,3.4051272869110107
820,3,15,-2.2611279487609863,-2.2611279487609863,0.5134980082511902,0.0,5.131515979766846
820,3,16,-2.2368621826171875,-2.2368621826171875,0.3872748911380768,0.0,5.61803674697876
820,3,17,-2.1983349323272705,-2.1983349323272705,0.5322522521018982,0.0,6.444579124450684
820,3,18,-2.229769706726074,-2.229769706726074,0.4950248599052429,0.0,6.307462215423584
820,3,19,-2.1554012298583984,-2.1554012298583984,0.5403664708137512,0.0,5.742364883422852
820,4,0,-2.2596631050109863,-2.2596631050109863,0.5426715612411499,0.0,6.893342018127441
820,4,1,-2.2765636444091797,-2.2765636444091797,0.5090085864067078,0.0,5.972107887268066
820,4,2,-2.2569894790649414,-2.2569894790649414,0.5229426026344299,0.0,4.969076633453369
820,4,3,-2.265941858291626,-2.265941858291626,0.48063668608665466,0.0,6.514499664306641
820,4,4,-2.268291473388672,-2.268291473388672,0.49086305499076843,0.0,6.366656303405762
820,4,5,-2.252178430557251,-2.252178430557251,0.5520342588424683,0.0,6.384920120239258
820,4,6,-2.2740163803100586,-2.2740163803100586,0.5190065503120422,0.0,7.457817077636719
820,4,7,-2.2163286209106445,-2.2163286209106445,0.5062835216522217,0.0,6.459555149078369
820,4,8,-2.256819725036621,-2.256819725036621,0.4656326174736023,0.0,5.487574577331543
820,4,9,-2.27721905708313,-2.27721905708313,0.5486870408058167,0.0,4.290836811065674
820,4,10,-2.2357325553894043,-2.2357325553894043,0.5244621634483337,0.0,6.264490127563477
820,4,11,-2.278513193130493,-2.278513193130493,0.5101377964019775,0.0,6.423191070556641
820,4,12,-2.23319673538208,-2.23319673538208,0.4787377715110779,0.0,5.831640243530273
820,4,13,-2.2508556842803955,-2.2508556842803955,0.5071001648902893,0.0,6.020682334899902
820,4,14,-2.247544050216675,-2.247544050216675,0.5783331990242004,0.0,4.2960004806518555
820,4,15,-2.230752944946289,-2.230752944946289,0.4819520115852356,0.0,5.093423843383789
820,4,16,-2.217865228652954,-2.217865228652954,0.5124144554138184,0.0,6.766334533691406
820,4,17,-2.2763872146606445,-2.2763872146606445,0.4504990577697754,0.0,4.1733784675598145
820,4,18,-2.275252342224121,-2.275252342224121,0.5443074107170105,0.0,6.2367095947265625
820,4,19,-2.2573940753936768,-2.2573940753936768,0.5413961410522461,0.0,5.580643653869629
820,5,0,-2.188166856765747,-2.188166856765747,0.6373598575592041,0.0,5.1560163497924805
820,5,1,-2.2103302478790283,-2.2103302478790283,0.5327792167663574,0.0,5.365472316741943
820,5,2,-2.214432716369629,-2.214432716369629,0.5295108556747437,0.0,6.518223285675049
820,5,3,-2.2763102054595947,-2.2763102054595947,0.5048952698707581,0.0,6.429927825927734
820,5,4,-2.1835296154022217,-2.1835296154022217,0.5479128956794739,0.0,5.791399002075195
820,5,5,-2.250929355621338,-2.250929355621338,0.45428091287612915,0.0,5.785468101501465
820,5,6,-2.262449026107788,-2.262449026107788,0.5250462293624878,0.0,5.146763801574707
820,5,7,-2.198122978210449,-2.198122978210449,0.4820414185523987,0.0,5.639865398406982
820,5,8,-2.212739944458008,-2.212739944458008,0.49219053983688354,0.0,4.641711235046387
820,5,9,-2.2311789989471436,-2.2311789989471436,0.5274686217308044,0.0,5.673821926116943
820,5,10,-2.2340734004974365,-2.2340734004974365,0.493266224861145,0.0,5.903315544128418
820,5,11,-2.254621744155884,-2.254621744155884,0.4644516408443451,0.0,6.5265960693359375
820,5,12,-2.2472732067108154,-2.2472732067108154,0.5357745289802551,0.0,6.6907854080200195
820,5,13,-2.2557284832000732,-2.2557284832000732,0.5502938032150269,0.0,4.024129390716553
820,5,14,-2.2257139682769775,-2.2257139682769775,0.5346699953079224,0.0,5.436939239501953
820,5,15,-2.2451601028442383,-2.2451601028442383,0.4280877113342285,0.0,5.723384857177734
820,5,16,-2.2046964168548584,-2.2046964168548584,0.4864134192466736,0.0,5.415340423583984
820,5,17,-2.2444229125976562,-2.2444229125976562,0.5548512935638428,0.0,7.231207847595215
820,5,18,-2.2528738975524902,-2.2528738975524902,0.5039029717445374,0.0,6.584652900695801
820,5,19,-2.23870849609375,-2.23870849609375,0.4780628979206085,0.0,6.531960487365723
820,6,0,-2.211132764816284,-2.211132764816284,0.5510120391845703,0.0,5.7735514640808105
820,6,1,-2.243058681488037,-2.243058681488037,0.5399034023284912,0.0,5.759269714355469
820,6,2,-2.197493076324463,-2.197493076324463,0.5075005292892456,0.0,6.413473606109619
820,6,3,-2.138916492462158,-2.138916492462158,0.5469551682472229,0.0,5.48663330078125
820,6,4,-2.2166788578033447,-2.2166788578033447,0.4967764616012573,0.0,6.5362548828125
820,6,5,-2.2206180095672607,-2.2206180095672607,0.40548157691955566,0.0,5.9813995361328125
820,6,6,-2.2499496936798096,-2.2499496936798096,0.5074029564857483,0.0,6.6106767654418945
820,6,7,-2.254162549972534,-2.254162549972534,0.5602357387542725,0.0,7.243888854980469
820,6,8,-2.2468912601470947,-2.2468912601470947,0.5441667437553406,0.0,4.9549689292907715
820,6,9,-2.2650632858276367,-2.2650632858276367,0.5283440351486206,0.0,6.650904655456543
820,6,10,-2.2491302490234375,-2.2491302490234375,0.556269109249115,0.0,6.578586578369141
820,6,11,-2.2141857147216797,-2.2141857147216797,0.5580825209617615,0.0,6.187501907348633
820,6,12,-2.2344417572021484,-2.2344417572021484,0.5196917057037354,0.0,6.904506206512451
820,6,13,-2.2407917976379395,-2.2407917976379395,0.46853768825531006,0.0,6.617222785949707
820,6,14,-2.2340452671051025,-2.2340452671051025,0.4762022793292999,0.0,5.8348236083984375
820,6,15,-2.233231544494629,-2.233231544494629,0.4969218969345093,0.0,6.268665313720703
820,6,16,-2.2283213138580322,-2.2283213138580322,0.5138106942176819,0.0,6.532618522644043
820,6,17,-2.253981828689575,-2.253981828689575,0.530576765537262,0.0,5.789685249328613
820,6,18,-2.2754287719726562,-2.2754287719726562,0.4978561997413635,0.0,5.940544128417969
820,6,19,-2.2740767002105713,-2.2740767002105713,0.534656822681427,0.0,5.456510066986084
820,7,0,-2.2232120037078857,-2.2232120037078857,0.5243121385574341,0.0,6.2442498207092285
820,7,1,-2.2014875411987305,-2.2014875411987305,0.5447028279304504,0.0,5.5389251708984375
820,7,2,-2.2210676670074463,-2.2210676670074463,0.4910464882850647,0.0,5.341019630432129
820,7,3,-2.2357470989227295,-2.2357470989227295,0.4742959141731262,0.0,6.904630661010742
820,7,4,-2.1898975372314453,-2.1898975372314453,0.5268421173095703,0.0,5.189501762390137
820,7,5,-2.2417843341827393,-2.2417843341827393,0.5764111876487732,0.0,6.485133171081543
820,7,6,-2.244338035583496,-2.244338035583496,0.5532298684120178,0.0,5.900151252746582
820,7,7,-2.2370314598083496,-2.2370314598083496,0.5567416548728943,0.0,5.608892917633057
820,7,8,-2.1660118103027344,-2.1660118103027344,0.5345134139060974,0.0,3.6722426414489746
820,7,9,-2.218888521194458,-2.218888521194458,0.4286934435367584,0.0,6.210085868835449
820,7,10,-2.147700071334839,-2.147700071334839,0.47835788130760193,0.0,6.042157173156738
820,7,11,-2.1940407752990723,-2.1940407752990723,0.45682889223098755,0.0,6.270431995391846
820,7,12,-2.248213291168213,-2.248213291168213,0.4443412721157074,0.0,6.047069549560547
820,7,13,-2.2733495235443115,-2.2733495235443115,0.6398127675056458,0.0,3.5024964809417725
820,7,14,-2.20307993888855,-2.20307993888855,0.4437735974788666,0.0,6.861840724945068
820,7,15,-2.200636625289917,-2.200636625289917,0.46105843782424927,0.0,4.5012526512146
820,7,16,-2.228585958480835,-2.228585958480835,0.5411884188652039,0.0,6.297969818115234
820,7,17,-2.2528789043426514,-2.2528789043426514,0.47640013694763184,0.0,5.621021270751953
820,7,18,-2.255250930786133,-2.255250930786133,0.5607839822769165,0.0,5.919787883758545
820,7,19,-2.25888729095459,-2.25888729095459,0.5314801931381226,0.0,5.408114910125732
820,8,0,-2.252303123474121,-2.252303123474121,0.5279210805892944,0.0,5.82690954208374
820,8,1,-2.2304935455322266,-2.2304935455322266,0.48905420303344727,0.0,5.172508239746094
820,8,2,-2.2492728233337402,-2.2492728233337402,0.5471135973930359,0.0,4.812833309173584
820,8,3,-2.2258899211883545,-2.2258899211883545,0.4954998195171356,0.0,5.4866838455200195
820,8,4,-2.215348720550537,-2.215348720550537,0.46136710047721863,0.0,6.438513278961182
820,8,5,-2.251333713531494,-2.251333713531494,0.5168211460113525,0.0,7.218372344970703
820,8,6,-2.245856523513794,-2.245856523513794,0.5527328252792358,0.0,5.174786567687988
820,8,7,-2.17513108253479,-2.17513108253479,0.33021408319473267,0.0,4.030365467071533
820,8,8,-2.250753402709961,-2.250753402709961,0.526406466960907,0.0,5.295071601867676
820,8,9,-2.2573764324188232,-2.2573764324188232,0.3708937466144562,0.0,5.339165687561035
820,8,10,-2.265411853790283,-2.265411853790283,0.5194721817970276,0.0,4.066596031188965
820,8,11,-2.2343554496765137,-2.2343554496765137,0.4347270429134369,0.0,5.02855110168457
820,8,12,-2.228179931640625,-2.228179931640625,0.44856899976730347,0.0,6.30953311920166
820,8,13,-2.266477108001709,-2.266477108001709,0.42543330788612366,0.0,5.0109663009643555
820,8,14,-2.238217353820801,-2.238217353820801,0.49596932530403137,0.0,4.434551239013672
820,8,15,-2.252479314804077,-2.252479314804077,0.43435969948768616,0.0,2.938265323638916
820,8,16,-2.2781245708465576,-2.2781245708465576,0.5171602964401245,0.0,3.8167338371276855
820,8,17,-2.1874306201934814,-2.1874306201934814,0.45186421275138855,0.0,5.370475769042969
820,8,18,-2.2287001609802246,-2.2287001609802246,0.47965073585510254,0.0,6.86280632019043
820,8,19,-2.228100299835205,-2.228100299835205,0.5589708089828491,0.0,5.373714447021484
820,9,0,-2.2089896202087402,-2.2089896202087402,0.3897978961467743,0.0,6.792997360229492
820,9,1,-2.2578988075256348,-2.2578988075256348,0.4938676059246063,0.0,6.004632949829102
820,9,2,-2.24333119392395,-2.24333119392395,0.4991949200630188,0.0,5.9473772048950195
820,9,3,-2.2675294876098633,-2.2675294876098633,0.4371931254863739,0.0,4.443282604217529
820,9,4,-2.197997570037842,-2.197997570037842,0.46164578199386597,0.0,5.234200477600098
820,9,5,-2.241936683654785,-2.241936683654785,0.4393106997013092,0.0,6.350586414337158
820,9,6,-2.197859048843384,-2.197859048843384,0.4540940225124359,0.0,6.212849140167236
820,9,7,-2.266014337539673,-2.266014337539673,0.4639880955219269,0.0,5.301678657531738
820,9,8,-2.2728679180145264,-2.2728679180145264,0.4699247479438782,0.0,6.60117244720459
820,9,9,-2.2577855587005615,-2.2577855587005615,0.5154227614402771,0.0,6.124842643737793
820,9,10,-2.198911666870117,-2.198911666870117,0.4957384169101715,0.0,5.774300575256348
820,9,11,-2.245790719985962,-2.245790719985962,0.4710136353969574,0.0,6.1155242919921875
820,9,12,-2.2178516387939453,-2.2178516387939453,0.5177506804466248,0.0,6.612738132476807
820,9,13,-2.250908613204956,-2.250908613204956,0.6362783312797546,0.0,5.153337478637695
820,9,14,-2.1916894912719727,-2.1916894912719727,0.5423868298530579,0.0,5.980134963989258
820,9,15,-2.2681734561920166,-2.2681734561920166,0.5374470949172974,0.0,6.637930870056152
820,9,16,-2.2379727363586426,-2.2379727363586426,0.493728369474411,0.0,6.612760066986084
820,9,17,-2.2010862827301025,-2.2010862827301025,0.5826327800750732,0.0,5.8201165199279785
820,9,18,-2.143768072128296,-2.143768072128296,0.4965050518512726,0.0,4.994846343994141
820,9,19,-2.2253270149230957,-2.2253270149230957,0.44416627287864685,0.0,5.1276960372924805
800,0,0,-2.2657668590545654,-2.2657668590545654,0.5651375651359558,0.0,4.501786708831787
800,0,1,-2.2259795665740967,-2.2259795665740967,0.494978129863739,0.0,4.339775562286377
800,0,2,-2.2204761505126953,-2.2204761505126953,0.5747796893119812,0.0,4.937564849853516
800,0,3,-2.2054309844970703,-2.2054309844970703,0.5393362641334534,0.0,6.148994445800781
800,0,4,-2.2240350246429443,-2.2240350246429443,0.5462918281555176,0.0,4.099613666534424
800,0,5,-2.2579257488250732,-2.2579257488250732,0.5076602697372437,0.0,4.365502834320068
800,0,6,-2.2571353912353516,-2.2571353912353516,0.5021315217018127,0.0,3.683680295944214
800,0,7,-2.265960693359375,-2.265960693359375,0.46997714042663574,0.0,4.177767753601074
800,0,8,-2.2389109134674072,-2.2389109134674072,0.5425828695297241,0.0,5.947453022003174
800,0,9,-2.2656073570251465,-2.2656073570251465,0.5528448820114136,0.0,3.9090397357940674
800,0,10,-2.265815019607544,-2.265815019607544,0.5402531623840332,0.0,4.380067348480225
800,0,11,-2.2646963596343994,-2.2646963596343994,0.5311770439147949,0.0,3.4894840717315674
800,0,12,-2.274780035018921,-2.274780035018921,0.597282350063324,0.0,3.5371322631835938
800,0,13,-2.230198383331299,-2.230198383331299,0.4687022566795349,0.0,3.9599316120147705
800,0,14,-2.2671263217926025,-2.2671263217926025,0.618257462978363,0.0,3.852220296859741
800,0,15,-2.252378225326538,-2.252378225326538,0.6431698203086853,0.0,3.8498663902282715
800,0,16,-2.2646398544311523,-2.2646398544311523,0.47140252590179443,0.0,3.6528003215789795
800,0,17,-2.2632620334625244,-2.2632620334625244,0.546503484249115,0.0,3.5313618183135986
800,0,18,-2.21464204788208,-2.21464204788208,0.5018525123596191,0.0,3.809386968612671
800,0,19,-2.269888162612915,-2.269888162612915,0.5394725203514099,0.0,4.893245697021484
800,1,0,-2.252906322479248,-2.252906322479248,0.5244182348251343,0.0,6.592037200927734
800,1,1,-2.2341907024383545,-2.2341907024383545,0.5465407371520996,0.0,6.153817653656006
800,1,2,-2.258680820465088,-2.258680820465088,0.5765113234519958,0.0,6.148533821105957
800,1,3,-2.2687430381774902,-2.2687430381774902,0.6395587921142578,0.0,6.647472381591797
800,1,4,-2.2706615924835205,-2.2706615924835205,0.4897105097770691,0.0,6.104057788848877
800,1,5,-2.245140790939331,-2.245140790939331,0.45820608735084534,0.0,6.804454803466797
800,1,6,-2.2598915100097656,-2.2598915100097656,0.4749689996242523,0.0,6.346199035644531
800,1,7,-2.2365078926086426,-2.2365078926086426,0.4524899423122406,0.0,7.334229469299316
800,1,8,-2.258223295211792,-2.258223295211792,0.4358809292316437,0.0,5.9831342697143555
800,1,9,-2.21870756149292,-2.21870756149292,0.4666092097759247,0.0,6.010280132293701
800,1,10,-2.233914375305176,-2.233914375305176,0.4399891495704651,0.0,6.275378227233887
800,1,11,-2.2794110774993896,-2.2794110774993896,0.5056865811347961,0.0,3.71346378326416
800,1,12,-2.230297565460205,-2.230297565460205,0.462972491979599,0.0,6.3474249839782715
800,1,13,-2.261324405670166,-2.261324405670166,0.5416321754455566,0.0,6.100401878356934
800,1,14,-2.2385542392730713,-2.2385542392730713,0.44654524326324463,0.0,5.488271713256836
800,1,15,-2.2560648918151855,-2.2560648918151855,0.58614581823349,0.0,6.769537925720215
800,1,16,-2.223991632461548,-2.223991632461548,0.42804497480392456,0.0,6.587512016296387
800,1,17,-2.278486967086792,-2.278486967086792,0.49169501662254333,0.0,5.790284156799316
800,1,18,-2.221351146697998,-2.221351146697998,0.5764634013175964,0.0,5.985467433929443
800,1,19,-2.2677950859069824,-2.2677950859069824,0.43165796995162964,0.0,4.717000484466553
800,2,0,-2.2373483180999756,-2.2373483180999756,0.6382082104682922,0.0,6.414484024047852
800,2,1,-2.2444119453430176,-2.2444119453430176,0.5118747353553772,0.0,6.535764694213867
800,2,2,-2.247530698776245,-2.247530698776245,0.5494755506515503,0.0,5.4049882888793945
800,2,3,-2.1841557025909424,-2.1841557025909424,0.35570770502090454,0.0,6.4106903076171875
800,2,4,-2.2390835285186768,-2.2390835285186768,0.5190187096595764,0.0,6.540659427642822
800,2,5,-2.249346971511841,-2.249346971511841,0.4826178550720215,0.0,5.771315574645996
800,2,6,-2.2383265495300293,-2.2383265495300293,0.5200509428977966,0.0,6.590304374694824
800,2,7,-2.2511959075927734,-2.2511959075927734,0.4739128351211548,0.0,5.965399265289307
800,2,8,-2.220132827758789,-2.220132827758789,0.527202308177948,0.0,7.062375068664551
800,2,9,-2.2614662647247314,-2.2614662647247314,0.5097869038581848,0.0,6.7219624519348145
800,2,10,-2.2334506511688232,-2.2334506511688232,0.52864009141922,0.0,6.7135820388793945
800,2,11,-2.2344048023223877,-2.2344048023223877,0.5774861574172974,0.0,5.320921421051025
800,2,12,-2.2399070262908936,-2.2399070262908936,0.4740419387817383,0.0,6.239961624145508
800,2,13,-2.2298781871795654,-2.2298781871795654,0.45282864570617676,0.0,5.773862838745117
800,2,14,-2.263392210006714,-2.263392210006714,0.6092716455459595,0.0,5.6280927658081055
800,2,15,-2.2391257286071777,-2.2391257286071777,0.5450233221054077,0.0,6.03822135925293
800,2,16,-2.2540764808654785,-2.2540764808654785,0.5117895603179932,0.0,6.738524436950684
800,2,17,-2.2335007190704346,-2.2335007190704346,0.5888534188270569,0.0,6.89436149597168
800,2,18,-2.2627012729644775,-2.2627012729644775,0.4906851351261139,0.0,6.137418746948242
800,2,19,-2.2542319297790527,-2.2542319297790527,0.5228530168533325,0.0,5.559256553649902
800,3,0,-2.2582995891571045,-2.2582995891571045,0.5281623601913452,0.0,5.09001350402832
800,3,1,-2.22633957862854,-2.22633957862854,0.5115253329277039,0.0,5.932121276855469
800,3,2,-2.245896339416504,-2.245896339416504,0.41488006711006165,0.0,5.598093032836914
800,3,3,-2.257171869277954,-2.257171869277954,0.4574494957923889,0.0,3.105008602142334
800,3,4,-2.2742137908935547,-2.2742137908935547,0.5828642845153809,0.0,1.4507033824920654
800,3,5,-2.2691335678100586,-2.2691335678100586,0.49052801728248596,0.0,4.416256904602051
800,3,6,-2.189267158508301,-2.189267158508301,0.5207367539405823,0.0,6.672207832336426
800,3,7,-2.2202072143554688,-2.2202072143554688,0.5605670809745789,0.0,4.186596870422363
800,3,8,-2.2770884037017822,-2.2770884037017822,0.5076972842216492,0.0,2.737884521484375
800,3,9,-2.2728464603424072,-2.2728464603424072,0.4558607041835785,0.0,4.726377010345459
800,3,10,-2.277498960494995,-2.277498960494995,0.5353080034255981,0.0,4.513095378875732
800,3,11,-2.2710695266723633,-2.2710695266723633,0.3884662985801697,0.0,4.037603855133057
800,3,12,-2.263401508331299,-2.263401508331299,0.5631728768348694,0.0,5.172247886657715
800,3,13,-2.2739267349243164,-2.2739267349243164,0.5255216956138611,0.0,4.00738525390625
800,3,14,-2.2210543155670166,-2.2210543155670166,0.5522318482398987,0.0,5.230744361877441
800,3,15,-2.2541277408599854,-2.2541277408599854,0.548316240310669,0.0,4.3162384033203125
800,3,16,-2.2451233863830566,-2.2451233863830566,0.5172802805900574,0.0,4.565588474273682
800,3,17,-2.266472816467285,-2.266472816467285,0.5171988010406494,0.0,4.606509208679199
800,3,18,-2.2785463333129883,-2.2785463333129883,0.5377214550971985,0.0,3.275514602661133
800,3,19,-2.278904914855957,-2.278904914855957,0.5183107256889343,0.0,2.622586727142334
800,4,0,-2.245115041732788,-2.245115041732788,0.5090447068214417,0.0,6.0989837646484375
800,4,1,-2.229487419128418,-2.229487419128418,0.48075106739997864,0.0,5.506251811981201
800,4,2,-2.255499839782715,-2.255499839782715,0.45647528767585754,0.0,5.5256853103637695
800,4,3,-2.275959014892578,-2.275959014892578,0.5232104659080505,0.0,6.003388404846191
800,4,4,-2.2183189392089844,-2.2183189392089844,0.514668345451355,0.0,6.705039978027344
800,4,5,-2.2442100048065186,-2.2442100048065186,0.5831575393676758,0.0,4.852877140045166
800,4,6,-2.260816812515259,-2.260816812515259,0.4753352403640747,0.0,4.75209379196167
800,4,7,-2.249164342880249,-2.249164342880249,0.5494225025177002,0.0,6.7418012619018555
800,4,8,-2.2423276901245117,-2.2423276901245117,0.41793978214263916,0.0,4.736207008361816
800,4,9,-2.2733514308929443,-2.2733514308929443,0.4925887882709503,0.0,5.476250171661377
800,4,10,-2.279942750930786,-2.279942750930786,0.492064893245697,0.0,4.213762283325195
800,4,11,-2.276392936706543,-2.276392936706543,0.4847664535045624,0.0,5.29722785949707
800,4,12,-2.2502071857452393,-2.2502071857452393,0.5143188238143921,0.0,5.007406234741211
800,4,13,-2.2563486099243164,-2.2563486099243164,0.4235759377479553,0.0,3.303624391555786
800,4,14,-2.2758052349090576,-2.2758052349090576,0.5630751252174377,0.0,4.846360206604004
800,4,15,-2.2595553398132324,-2.2595553398132324,0.49154773354530334,0.0,3.985745906829834
800,4,16,-2.2718255519866943,-2.2718255519866943,0.5370317697525024,0.0,5.505995750427246
800,4,17,-2.2637429237365723,-2.2637429237365723,0.5031800866127014,0.0,5.234821796417236
800,4,18,-2.2147085666656494,-2.2147085666656494,0.44573718309402466,0.0,5.104103088378906
800,4,19,-2.258488655090332,-2.258488655090332,0.4792676270008087,0.0,5.632846832275391
800,5,0,-2.236926555633545,-2.236926555633545,0.48829948902130127,0.0,6.5475311279296875
800,5,1,-2.232848882675171,-2.232848882675171,0.4385027289390564,0.0,6.030702114105225
800,5,2,-2.270989418029785,-2.270989418029785,0.5579033493995667,0.0,5.698340892791748
800,5,3,-2.237353801727295,-2.237353801727295,0.48111745715141296,0.0,4.681386470794678
800,5,4,-2.2642860412597656,-2.2642860412597656,0.44893068075180054,0.0,7.098491191864014
800,5,5,-2.2201194763183594,-2.2201194763183594,0.4664876163005829,0.0,6.458639144897461
800,5,6,-2.2347121238708496,-2.2347121238708496,0.5100739598274231,0.0,6.418187618255615
800,5,7,-2.210157871246338,-2.210157871246338,0.6086103320121765,0.0,6.32706356048584
800,5,8,-2.2654356956481934,-2.2654356956481934,0.569541335105896,0.0,5.179656505584717
800,5,9,-2.1989336013793945,-2.1989336013793945,0.4823160171508789,0.0,6.400899887084961
800,5,10,-2.2363367080688477,-2.2363367080688477,0.5491638779640198,0.0,6.623072147369385
800,5,11,-2.2631351947784424,-2.2631351947784424,0.5418353080749512,0.0,6.0890045166015625
800,5,12,-2.258134603500366,-2.258134603500366,0.5047473311424255,0.0,6.419989109039307
800,5,13,-2.2478508949279785,-2.2478508949279785,0.5976260304450989,0.0,6.144850730895996
800,5,14,-2.220629930496216,-2.220629930496216,0.5707663297653198,0.0,4.413519859313965
800,5,15,-2.2534329891204834,-2.2534329891204834,0.48796045780181885,0.0,6.516512870788574
800,5,16,-2.2102720737457275,-2.2102720737457275,0.5301209092140198,0.0,7.2258477210998535
800,5,17,-2.250267267227173,-2.250267267227173,0.5520117282867432,0.0,5.775591850280762
800,5,18,-2.2742631435394287,-2.2742631435394287,0.5166526436805725,0.0,5.77128791809082
800,5,19,-2.2619409561157227,-2.2619409561157227,0.5298488140106201,0.0,6.152865409851074
800,6,0,-2.2300148010253906,-2.2300148010253906,0.5528044700622559,0.0,5.6908111572265625
800,6,1,-2.2060909271240234,-2.2060909271240234,0.5165935754776001,0.0,5.585854530334473
800,6,2,-2.2777934074401855,-2.2777934074401855,0.5509617924690247,0.0,6.143266201019287
800,6,3,-2.2510318756103516,-2.2510318756103516,0.5664199590682983,0.0,5.935410976409912
800,6,4,-2.2241036891937256,-2.2241036891937256,0.5361207127571106,0.0,6.235223770141602
800,6,5,-2.21555233001709,-2.21555233001709,0.5518332123756409,0.0,7.557253360748291
800,6,6,-2.2164804935455322,-2.2164804935455322,0.47451719641685486,0.0,7.032306671142578
800,6,7,-2.2402844429016113,-2.2402844429016113,0.49861961603164673,0.0,5.975330352783203
800,6,8,-2.230238199234009,-2.230238199234009,0.5863397717475891,0.0,5.443162441253662
800,6,9,-2.2601635456085205,-2.2601635456085205,0.4912607967853546,0.0,5.91819429397583
800,6,10,-2.2665040493011475,-2.2665040493011475,0.5395850539207458,0.0,6.408559322357178
800,6,11,-2.267587900161743,-2.267587900161743,0.4586247503757477,0.0,5.246679306030273
800,6,12,-2.232316732406616,-2.232316732406616,0.5828668475151062,0.0,6.345076560974121
800,6,13,-2.2598133087158203,-2.2598133087158203,0.5385667681694031,0.0,6.04640531539917
800,6,14,-2.266899347305298,-2.266899347305298,0.5971320867538452,0.0,5.783543586730957
800,6,15,-2.2532384395599365,-2.2532384395599365,0.5179975032806396,0.0,6.122047424316406
800,6,16,-2.2625362873077393,-2.2625362873077393,0.651425302028656,0.0,5.833256721496582
800,6,17,-2.243443250656128,-2.243443250656128,0.5283230543136597,0.0,5.449799537658691
800,6,18,-2.262221574783325,-2.262221574783325,0.5422996878623962,0.0,5.300989627838135
800,6,19,-2.2561750411987305,-2.2561750411987305,0.49698925018310547,0.0,5.887873649597168
800,7,0,-2.2283782958984375,-2.2283782958984375,0.5382635593414307,0.0,6.321236610412598
800,7,1,-2.2334022521972656,-2.2334022521972656,0.5131805539131165,0.0,5.641143798828125
800,7,2,-2.186119556427002,-2.186119556427002,0.5129548907279968,0.0,5.46729040145874
800,7,3,-2.164811611175537,-2.164811611175537,0.5913342237472534,0.0,6.141350269317627
800,7,4,-2.2496187686920166,-2.2496187686920166,0.4682380259037018,0.0,6.57061767578125
800,7,5,-2.25036883354187,-2.25036883354187,0.535480797290802,0.0,7.235898017883301
800,7,6,-2.171450138092041,-2.171450138092041,0.5295246839523315,0.0,5.531921863555908
800,7,7,-2.2424561977386475,-2.2424561977386475,0.4960017502307892,0.0,6.408135414123535
800,7,8,-2.2053322792053223,-2.2053322792053223,0.44019410014152527,0.0,6.488175392150879
800,7,9,-2.150089979171753,-2.150089979171753,0.45777082443237305,0.0,6.127591609954834
800,7,10,-2.1908483505249023,-2.1908483505249023,0.4928184747695923,0.0,5.676187515258789
800,7,11,-2.25720477104187,-2.25720477104187,0.5702738165855408,0.0,5.775787353515625
800,7,12,-2.2307658195495605,-2.2307658195495605,0.528969407081604,0.0,6.150711536407471
800,7,13,-2.206604480743408,-2.206604480743408,0.5380569696426392,0.0,5.455381870269775
800,7,14,-2.2143592834472656,-2.2143592834472656,0.44340771436691284,0.0,6.291929721832275
800,7,15,-2.2542619705200195,-2.2542619705200195,0.4622369110584259,0.0,6.549435615539551
800,7,16,-2.1721837520599365,-2.1721837520599365,0.5119948983192444,0.0,6.3633036613464355
800,7,17,-2.2433431148529053,-2.2433431148529053,0.37231341004371643,0.0,5.332624912261963
800,7,18,-2.236311435699463,-2.236311435699463,0.5624552369117737,0.0,5.184326171875
800,7,19,-2.257502794265747,-2.257502794265747,0.3812117278575897,0.0,5.342496871948242
800,8,0,-2.2696943283081055,-2.2696943283081055,0.469392865896225,0.0,4.464931964874268
800,8,1,-2.2420473098754883,-2.2420473098754883,0.40711620450019836,0.0,5.53548526763916
800,8,2,-2.2375717163085938,-2.2375717163085938,0.36455750465393066,0.0,4.341165542602539
800,8,3,-2.256117582321167,-2.256117582321167,0.48403677344322205,0.0,4.955391883850098
800,8,4,-2.2628095149993896,-2.2628095149993896,0.5045580267906189,0.0,4.5576934814453125
800,8,5,-2.2053205966949463,-2.2053205966949463,0.42743366956710815,0.0,5.206615924835205
800,8,6,-2.236083507537842,-2.236083507537842,0.4804328978061676,0.0,5.549592018127441
800,8,7,-2.2525956630706787,-2.2525956630706787,0.4630683958530426,0.0,4.908511161804199
800,8,8,-2.1962218284606934,-2.1962218284606934,0.45236414670944214,0.0,4.854322910308838
800,8,9,-2.25714373588562,-2.25714373588562,0.4847228527069092,0.0,5.845843315124512
800,8,10,-2.1992380619049072,-2.1992380619049072,0.4045136868953705,0.0,5.36280632019043
800,8,11,-2.2608773708343506,-2.2608773708343506,0.4710227847099304,0.0,5.410087585449219
800,8,12,-2.209690809249878,-2.209690809249878,0.4348689317703247,0.0,6.565404891967773
800,8,13,-2.1841697692871094,-2.1841697692871094,0.4174492359161377,0.0,4.66195821762085
800,8,14,-2.2684903144836426,-2.2684903144836426,0.4777195453643799,0.0,6.6114654541015625
800,8,15,-2.2757997512817383,-2.2757997512817383,0.5016306638717651,0.0,6.037060737609863
800,8,16,-2.256751298904419,-2.256751298904419,0.4668172001838684,0.0,4.79438591003418
800,8,17,-2.264082670211792,-2.264082670211792,0.49036967754364014,0.0,5.173849105834961
800,8,18,-2.226688861846924,-2.226688861846924,0.49390530586242676,0.0,4.46825647354126
800,8,19,-2.239922046661377,-2.239922046661377,0.5086125135421753,0.0,6.044456958770752
800,9,0,-2.1950955390930176,-2.1950955390930176,0.4843806028366089,0.0,5.90976619720459
800,9,1,-2.2526957988739014,-2.2526957988739014,0.45532849431037903,0.0,6.70201301574707
800,9,2,-2.271427631378174,-2.271427631378174,0.4782159626483917,0.0,5.266966819763184
800,9,3,-2.2507479190826416,-2.2507479190826416,0.4424213171005249,0.0,4.311285972595215
800,9,4,-2.2437186241149902,-2.2437186241149902,0.4798075556755066,0.0,5.912764549255371
800,9,5,-2.227428436279297,-2.227428436279297,0.6218641400337219,0.0,6.67423152923584
800,9,6,-2.264622449874878,-2.264622449874878,0.491361141204834,0.0,6.336236000061035
800,9,7,-2.2597126960754395,-2.2597126960754395,0.5701187252998352,0.0,4.610885143280029
800,9,8,-2.252464532852173,-2.252464532852173,0.552876889705658,0.0,5.996273040771484
800,9,9,-2.279095411300659,-2.279095411300659,0.4822919964790344,0.0,5.254333972930908
800,9,10,-2.253776788711548,-2.253776788711548,0.48936906456947327,0.0,6.351123332977295
800,9,11,-2.2335357666015625,-2.2335357666015625,0.5028466582298279,0.0,4.862109661102295
800,9,12,-2.249361991882324,-2.249361991882324,0.5891780853271484,0.0,6.205575942993164
800,9,13,-2.2230184078216553,-2.2230184078216553,0.4695310592651367,0.0,5.236403465270996
800,9,14,-2.249159812927246,-2.249159812927246,0.4545477628707886,0.0,4.561416149139404
800,9,15,-2.240546703338623,-2.240546703338623,0.60788494348526,0.0,5.7100830078125
800,9,16,-2.276263475418091,-2.276263475418091,0.5340903997421265,0.0,5.351992607116699
800,9,17,-2.2625460624694824,-2.2625460624694824,0.508967399597168,0.0,6.945170879364014
800,9,18,-2.190657615661621,-2.190657615661621,0.476605087518692,0.0,5.600040435791016
800,9,19,-2.191473960876465,-2.191473960876465,0.5086231827735901,0.0,6.15543794631958
780,0,0,-2.2389094829559326,-2.2389094829559326,0.45640361309051514,0.0,5.4709272384643555
780,0,1,-2.23358416557312,-2.23358416557312,0.6170018911361694,0.0,3.619741439819336
780,0,2,-2.2615773677825928,-2.2615773677825928,0.541301429271698,0.0,4.170358657836914
780,0,3,-2.267078161239624,-2.267078161239624,0.5871174335479736,0.0,2.226755380630493
780,0,4,-2.2684457302093506,-2.2684457302093506,0.5397035479545593,0.0,3.526649236679077
780,0,5,-2.26460862159729,-2.26460862159729,0.5310150384902954,0.0,4.16537618637085
780,0,6,-2.267258644104004,-2.267258644104004,0.6372365951538086,0.0,3.2726211547851562
780,0,7,-2.232651948928833,-2.232651948928833,0.5610360503196716,0.0,3.9627199172973633
780,0,8,-2.2756762504577637,-2.2756762504577637,0.5384329557418823,0.0,2.95011043548584
780,0,9,-2.240544080734253,-2.240544080734253,0.5552367568016052,0.0,3.9457952976226807
780,0,10,-2.2643418312072754,-2.2643418312072754,0.47353634238243103,0.0,4.331636428833008
780,0,11,-2.2688281536102295,-2.2688281536102295,0.5128079652786255,0.0,3.7847039699554443
780,0,12,-2.2632663249969482,-2.2632663249969482,0.5228949785232544,0.0,4.175872325897217
780,0,13,-2.244098424911499,-2.244098424911499,0.5247443318367004,0.0,4.73338508605957
780,0,14,-2.167433738708496,-2.167433738708496,0.5241761803627014,0.0,6.177461624145508
780,0,15,-2.250864267349243,-2.250864267349243,0.5553995370864868,0.0,4.8451080322265625
780,0,16,-2.267789363861084,-2.267789363861084,0.45686420798301697,0.0,4.01839542388916
780,0,17,-2.2559151649475098,-2.2559151649475098,0.41255053877830505,0.0,3.822941780090332
780,0,18,-2.2733349800109863,-2.2733349800109863,0.5523619055747986,0.0,3.7586514949798584
780,0,19,-2.2636892795562744,-2.2636892795562744,0.5317556858062744,0.0,3.9619734287261963
780,1,0,-2.2222487926483154,-2.2222487926483154,0.4197784662246704,0.0,6.034964561462402
780,1,1,-2.2425663471221924,-2.2425663471221924,0.5583609938621521,0.0,5.983401298522949
780,1,2,-2.212271213531494,-2.212271213531494,0.47855085134506226,0.0,6.747807025909424
780,1,3,-2.2669320106506348,-2.2669320106506348,0.5041683316230774,0.0,4.94753360748291
780,1,4,-2.2605834007263184,-2.2605834007263184,0.4194757044315338,0.0,6.156789779663086
780,1,5,-2.2687156200408936,-2.2687156200408936,0.6052426695823669,0.0,7.154721736907959
780,1,6,-2.2232961654663086,-2.2232961654663086,0.4503971040248871,0.0,5.308111190795898
780,1,7,-2.236788511276245,-2.236788511276245,0.4870918393135071,0.0,6.177018165588379
780,1,8,-2.2208433151245117,-2.2208433151245117,0.567960798740387,0.0,4.9768571853637695
780,1,9,-2.2403981685638428,-2.2403981685638428,0.5604940056800842,0.0,5.919119834899902
780,1,10,-2.2373883724212646,-2.2373883724212646,0.4643547236919403,0.0,6.879152297973633
780,1,11,-2.2662954330444336,-2.2662954330444336,0.5150307416915894,0.0,6.2823028564453125
780,1,12,-2.2217864990234375,-2.2217864990234375,0.45775243639945984,0.0,6.144481658935547
780,1,13,-2.2661731243133545,-2.2661731243133545,0.5475926399230957,0.0,6.027473449707031
780,1,14,-2.2515454292297363,-2.2515454292297363,0.4261752963066101,0.0,6.544355392456055
780,1,15,-2.2684779167175293,-2.2684779167175293,0.578167200088501,0.0,5.891306400299072
780,1,16,-2.24273943901062,-2.24273943901062,0.4351142644882202,0.0,5.8754777908325195
780,1,17,-2.261911392211914,-2.261911392211914,0.49646687507629395,0.0,5.725480556488037
780,1,18,-2.24367094039917,-2.24367094039917,0.594853937625885,0.0,5.293402671813965
780,1,19,-2.255279541015625,-2.255279541015625,0.40185827016830444,0.0,5.564443111419678
780,2,0,-2.2021663188934326,-2.2021663188934326,0.52700275182724,0.0,5.355296611785889
780,2,1,-2.1957151889801025,-2.1957151889801025,0.5647934675216675,0.0,6.43800163269043
780,2,2,-2.2468504905700684,-2.2468504905700684,0.541206955909729,0.0,5.425429821014404
780,2,3,-2.247377872467041,-2.247377872467041,0.46003684401512146,0.0,6.645380973815918
780,2,4,-2.25966739654541,-2.25966739654541,0.6482491493225098,0.0,5.699228286743164
780,2,5,-2.2595510482788086,-2.2595510482788086,0.5542078018188477,0.0,6.492431640625
780,2,6,-2.2437937259674072,-2.2437937259674072,0.5715535879135132,0.0,5.231828689575195
780,2,7,-2.2548739910125732,-2.2548739910125732,0.5770590305328369,0.0,4.844861030578613
780,2,8,-2.259453296661377,-2.259453296661377,0.48810434341430664,0.0,5.2617292404174805
780,2,9,-2.247880220413208,-2.247880220413208,0.5463464856147766,0.0,5.916127681732178
780,2,10,-2.22802734375,-2.22802734375,0.542904257774353,0.0,6.018387794494629
780,2,11,-2.2623536586761475,-2.2623536586761475,0.5795753002166748,0.0,3.3747503757476807
780,2,12,-2.2480344772338867,-2.2480344772338867,0.5000706911087036,0.0,7.095527648925781
780,2,13,-2.2032206058502197,-2.2032206058502197,0.5690707564353943,0.0,6.5266032218933105
780,2,14,-2.2116048336029053,-2.2116048336029053,0.45746275782585144,0.0,6.069728851318359
780,2,15,-2.207122325897217,-2.207122325897217,0.5155444145202637,0.0,6.225615978240967
780,2,16,-2.1944634914398193,-2.1944634914398193,0.5645520687103271,0.0,6.118069648742676
780,2,17,-2.2033586502075195,-2.2033586502075195,0.3403870463371277,0.0,6.062798500061035
780,2,18,-2.2658767700195312,-2.2658767700195312,0.5258838534355164,0.0,5.125550270080566
780,2,19,-2.2426228523254395,-2.2426228523254395,0.5134235620498657,0.0,4.948342800140381
780,3,0,-2.274540424346924,-2.274540424346924,0.5632656812667847,0.0,5.177979946136475
780,3,1,-2.2465248107910156,-2.2465248107910156,0.5761584639549255,0.0,3.580777168273926
780,3,2,-2.2745521068573,-2.2745521068573,0.48187851905822754,0.0,3.385524272918701
780,3,3,-2.2572274208068848,-2.2572274208068848,0.5540609955787659,0.0,3.679335117340088
780,3,4,-2.2603983879089355,-2.2603983879089355,0.5387331247329712,0.0,6.32950496673584
780,3,5,-2.276756763458252,-2.276756763458252,0.5066653490066528,0.0,3.329629898071289
780,3,6,-2.27834415435791,-2.27834415435791,0.5245945453643799,0.0,4.245575904846191
780,3,7,-2.2383387088775635,-2.2383387088775635,0.5505726337432861,0.0,5.2054972648620605
780,3,8,-2.2775516510009766,-2.2775516510009766,0.45289695262908936,0.0,3.3744757175445557
780,3,9,-2.267310619354248,-2.267310619354248,0.5357884764671326,0.0,4.723720073699951
780,3,10,-2.2780323028564453,-2.2780323028564453,0.5480352640151978,0.0,3.8587167263031006
780,3,11,-2.196207046508789,-2.196207046508789,0.40957513451576233,0.0,6.6806960105896
780,3,12,-2.27107310295105,-2.27107310295105,0.5266631245613098,0.0,3.7969579696655273
780,3,13,-2.2745535373687744,-2.2745535373687744,0.5081788897514343,0.0,3.6888692378997803
780,3,14,-2.247922420501709,-2.247922420501709,0.4739065170288086,0.0,4.580788612365723
780,3,15,-2.276533603668213,-2.276533603668213,0.4968802034854889,0.0,4.154079914093018
780,3,16,-2.2500531673431396,-2.2500531673431396,0.4924739897251129,0.0,3.4766108989715576
780,3,17,-2.2619245052337646,-2.2619245052337646,0.4373094439506531,0.0,4.422184467315674
780,3,18,-2.2380340099334717,-2.2380340099334717,0.588010311126709,0.0,3.5371809005737305
780,3,19,-2.20810866355896,-2.20810866355896,0.49425822496414185,0.0,4.924088954925537
780,4,0,-2.273564338684082,-2.273564338684082,0.5534995794296265,0.0,5.361553192138672
780,4,1,-2.271077871322632,-2.271077871322632,0.42925024032592773,0.0,4.476202964782715
780,4,2,-2.2733302116394043,-2.2733302116394043,0.397096186876297,0.0,6.011206150054932
780,4,3,-2.2291419506073,-2.2291419506073,0.4974379241466522,0.0,6.261245250701904
780,4,4,-2.273113489151001,-2.273113489151001,0.43366116285324097,0.0,5.511936664581299
780,4,5,-2.2742960453033447,-2.2742960453033447,0.5794274806976318,0.0,4.134403228759766
780,4,6,-2.210594654083252,-2.210594654083252,0.4951583445072174,0.0,6.126724720001221
780,4,7,-2.277527093887329,-2.277527093887329,0.4915979504585266,0.0,5.200085639953613
780,4,8,-2.249262571334839,-2.249262571334839,0.5484783053398132,0.0,5.884025573730469
780,4,9,-2.2690320014953613,-2.2690320014953613,0.595879077911377,0.0,5.705875396728516
780,4,10,-2.25412654876709,-2.25412654876709,0.4757988750934601,0.0,5.407674789428711
780,4,11,-2.206639289855957,-2.206639289855957,0.4625300467014313,0.0,6.140574932098389
780,4,12,-2.2649927139282227,-2.2649927139282227,0.36258062720298767,0.0,5.4902496337890625
780,4,13,-2.267484426498413,-2.267484426498413,0.5472320914268494,0.0,5.268515586853027
780,4,14,-2.274963140487671,-2.274963140487671,0.5025577545166016,0.0,4.501543998718262
780,4,15,-2.1927220821380615,-2.1927220821380615,0.49112480878829956,0.0,5.608370304107666
780,4,16,-2.2486870288848877,-2.2486870288848877,0.43243029713630676,0.0,7.9032301902771
780,4,17,-2.2542617321014404,-2.2542617321014404,0.47325342893600464,0.0,4.171954154968262
780,4,18,-2.2726430892944336,-2.2726430892944336,0.5319851040840149,0.0,6.746829032897949
780,4,19,-2.2433278560638428,-2.2433278560638428,0.5636852979660034,0.0,6.0986223220825195
780,5,0,-2.257242441177368,-2.257242441177368,0.5746498107910156,0.0,6.347622394561768
780,5,1,-2.2545599937438965,-2.2545599937438965,0.5673360228538513,0.0,6.169186592102051
780,5,2,-2.229990243911743,-2.229990243911743,0.5264808535575867,0.0,6.836786270141602
780,5,3,-2.2402892112731934,-2.2402892112731934,0.5550455451011658,0.0,5.63495397567749
780,5,4,-2.261979579925537,-2.261979579925537,0.5640974044799805,0.0,6.335605621337891
780,5,5,-2.2595345973968506,-2.2595345973968506,0.5181239247322083,0.0,6.5971503257751465
780,5,6,-2.2505135536193848,-2.2505135536193848,0.5700191259384155,0.0,5.8587188720703125
780,5,7,-2.2375333309173584,-2.2375333309173584,0.4955485463142395,0.0,6.514606475830078
780,5,8,-2.265740156173706,-2.265740156173706,0.5437402129173279,0.0,7.241239070892334
780,5,9,-2.2580487728118896,-2.2580487728118896,0.4846652150154114,0.0,6.921943664550781
780,5,10,-2.2522823810577393,-2.2522823810577393,0.482247531414032,0.0,6.118856430053711
780,5,11,-2.223017930984497,-2.223017930984497,0.4803684949874878,0.0,5.436220169067383
780,5,12,-2.187166690826416,-2.187166690826416,0.46993476152420044,0.0,4.612085342407227
780,5,13,-2.2558038234710693,-2.2558038234710693,0.5988714694976807,0.0,5.167950630187988
780,5,14,-2.248551845550537,-2.248551845550537,0.5608540177345276,0.0,5.134795665740967
780,5,15,-2.24869441986084,-2.24869441986084,0.535881519317627,0.0,6.033980369567871
780,5,16,-2.248722553253174,-2.248722553253174,0.5609046220779419,0.0,7.322004318237305
780,5,17,-2.2201998233795166,-2.2201998233795166,0.4539194703102112,0.0,5.118742942810059
780,5,18,-2.2418136596679688,-2.2418136596679688,0.6180959343910217,0.0,6.529038429260254
780,5,19,-2.260056972503662,-2.260056972503662,0.4134957492351532,0.0,5.768521308898926
780,6,0,-2.2400357723236084,-2.2400357723236084,0.47477319836616516,0.0,6.75982666015625
780,6,1,-2.225688934326172,-2.225688934326172,0.41127973794937134,0.0,6.443570137023926
780,6,2,-2.263850450515747,-2.263850450515747,0.5750268697738647,0.0,6.214088439941406
780,6,3,-2.2247092723846436,-2.2247092723846436,0.4202245771884918,0.0,6.811979293823242
780,6,4,-2.252311944961548,-2.252311944961548,0.5435758233070374,0.0,6.571718692779541
780,6,5,-2.275717258453369,-2.275717258453369,0.5365264415740967,0.0,6.427770137786865
780,6,6,-2.2590224742889404,-2.2590224742889404,0.6034998893737793,0.0,6.092730522155762
780,6,7,-2.2548346519470215,-2.2548346519470215,0.5251373648643494,0.0,5.666987419128418
780,6,8,-2.227290153503418,-2.227290153503418,0.5536015629768372,0.0,5.257426738739014
780,6,9,-2.253520965576172,-2.253520965576172,0.5555649995803833,0.0,6.70215368270874
780,6,10,-2.2645132541656494,-2.2645132541656494,0.4717560112476349,0.0,6.334953784942627
780,6,11,-2.250072956085205,-2.250072956085205,0.4881385266780853,0.0,5.002370357513428
780,6,12,-2.252309560775757,-2.252309560775757,0.559840738773346,0.0,6.3397440910339355
780,6,13,-2.247704267501831,-2.247704267501831,0.5606163740158081,0.0,4.9608025550842285
780,6,14,-2.243734359741211,-2.243734359741211,0.6652686595916748,0.0,7.412441253662109
780,6,15,-2.2568511962890625,-2.2568511962890625,0.5538807511329651,0.0,6.262773513793945
780,6,16,-2.2278807163238525,-2.2278807163238525,0.5974798202514648,0.0,5.966716766357422
780,6,17,-2.257733106613159,-2.257733106613159,0.5950829982757568,0.0,5.694904327392578
780,6,18,-2.1818244457244873,-2.1818244457244873,0.5219473242759705,0.0,6.794622421264648
780,6,19,-2.253453254699707,-2.253453254699707,0.49364370107650757,0.0,6.022662162780762
780,7,0,-2.2489333152770996,-2.2489333152770996,0.4439912736415863,0.0,6.286308288574219
780,7,1,-2.196277379989624,-2.196277379989624,0.6415281295776367,0.0,5.612871170043945
780,7,2,-2.2354092597961426,-2.2354092597961426,0.48799654841423035,0.0,6.461345672607422
780,7,3,-2.211163282394409,-2.211163282394409,0.4584426283836365,0.0,6.790167808532715
780,7,4,-2.2521536350250244,-2.2521536350250244,0.48276740312576294,0.0,5.894810676574707
780,7,5,-2.242114782333374,-2.242114782333374,0.5236873030662537,0.0,5.892827033996582
780,7,6,-2.2320785522460938,-2.2320785522460938,0.5200719237327576,0.0,5.045102119445801
780,7,7,-2.2136332988739014,-2.2136332988739014,0.46404436230659485,0.0,5.398331642150879
780,7,8,-2.241938829421997,-2.241938829421997,0.5272668600082397,0.0,6.340548515319824
780,7,9,-2.183082342147827,-2.183082342147827,0.47120317816734314,0.0,6.021852016448975
780,7,10,-2.24385666847229,-2.24385666847229,0.507317841053009,0.0,6.932552337646484
780,7,11,-2.225419521331787,-2.225419521331787,0.4235745668411255,0.0,5.355154037475586
780,7,12,-2.2629995346069336,-2.2629995346069336,0.5031828880310059,0.0,6.493236064910889
780,7,13,-2.190598249435425,-2.190598249435425,0.4832184910774231,0.0,7.00457763671875
780,7,14,-2.200211524963379,-2.200211524963379,0.5572447180747986,0.0,6.668245315551758
780,7,15,-2.1754329204559326,-2.1754329204559326,0.5585606694221497,0.0,6.358278274536133
780,7,16,-2.2515382766723633,-2.2515382766723633,0.5538950562477112,0.0,6.730846405029297
780,7,17,-2.261795997619629,-2.261795997619629,0.407655268907547,0.0,6.772198677062988
780,7,18,-2.21250581741333,-2.21250581741333,0.5525741577148438,0.0,5.975318908691406
780,7,19,-2.2198588848114014,-2.2198588848114014,0.6136012673377991,0.0,5.7989325523376465
780,8,0,-2.2156624794006348,-2.2156624794006348,0.4794553220272064,0.0,5.307061195373535
780,8,1,-2.164076566696167,-2.164076566696167,0.5068965554237366,0.0,5.091533660888672
780,8,2,-2.210500955581665,-2.210500955581665,0.44847410917282104,0.0,5.936684608459473
780,8,3,-2.1692287921905518,-2.1692287921905518,0.4944777190685272,0.0,5.0091023445129395
780,8,4,-2.277789831161499,-2.277789831161499,0.45777735114097595,0.0,3.241969347000122
780,8,5,-2.277371406555176,-2.277371406555176,0.49970799684524536,0.0,3.9504806995391846
780,8,6,-2.2453980445861816,-2.2453980445861816,0.45398861169815063,0.0,4.745695114135742
780,8,7,-2.2723770141601562,-2.2723770141601562,0.3993709981441498,0.0,5.626294136047363
780,8,8,-2.2704415321350098,-2.2704415321350098,0.4023350179195404,0.0,5.851012229919434
780,8,9,-2.226391315460205,-2.226391315460205,0.5304587483406067,0.0,4.139006614685059
780,8,10,-2.2733635902404785,-2.2733635902404785,0.433348685503006,0.0,4.7195587158203125
780,8,11,-2.245147943496704,-2.245147943496704,0.521922767162323,0.0,6.241689205169678
780,8,12,-2.258495807647705,-2.258495807647705,0.49874240159988403,0.0,4.658978462219238
780,8,13,-2.2701797485351562,-2.2701797485351562,0.40848368406295776,0.0,4.8460259437561035
780,8,14,-2.260446071624756,-2.260446071624756,0.3049897253513336,0.0,5.377342224121094
780,8,15,-2.256608009338379,-2.256608009338379,0.49447038769721985,0.0,5.31366491317749
780,8,16,-2.247011423110962,-2.247011423110962,0.4265815317630768,0.0,5.958230018615723
780,8,17,-2.242624282836914,-2.242624282836914,0.4503307342529297,0.0,5.79164981842041
780,8,18,-2.2683346271514893,-2.2683346271514893,0.4386753439903259,0.0,4.0972442626953125
780,8,19,-2.200896739959717,-2.200896739959717,0.4876362681388855,0.0,4.935461044311523
780,9,0,-2.21905779838562,-2.21905779838562,0.39744803309440613,0.0,6.042123794555664
780,9,1,-2.2289814949035645,-2.2289814949035645,0.47995826601982117,0.0,6.166522979736328
780,9,2,-2.180032253265381,-2.180032253265381,0.47135844826698303,0.0,5.698502540588379
780,9,3,-2.2499802112579346,-2.2499802112579346,0.5713388919830322,0.0,5.667486667633057
780,9,4,-2.2288784980773926,-2.2288784980773926,0.47519657015800476,0.0,5.903465270996094
780,9,5,-2.270507574081421,-2.270507574081421,0.5261045694351196,0.0,5.925442218780518
780,9,6,-2.2611594200134277,-2.2611594200134277,0.3906498849391937,0.0,4.9496169090271
780,9,7,-2.248806953430176,-2.248806953430176,0.5125107765197754,0.0,4.610334873199463
780,9,8,-2.256458282470703,-2.256458282470703,0.4881743788719177,0.0,6.794303894042969
780,9,9,-2.2491891384124756,-2.2491891384124756,0.5028220415115356,0.0,4.8888373374938965
780,9,10,-2.1967620849609375,-2.1967620849609375,0.5003759264945984,0.0,3.534857988357544
780,9,11,-2.2580630779266357,-2.2580630779266357,0.5079507231712341,0.0,5.495420455932617
780,9,12,-2.1411831378936768,-2.1411831378936768,0.5340195894241333,0.0,6.091418266296387
780,9,13,-2.237851619720459,-2.237851619720459,0.5499866008758545,0.0,5.120242595672607
780,9,14,-2.2415456771850586,-2.2415456771850586,0.4683249294757843,0.0,5.403232574462891
780,9,15,-2.1790013313293457,-2.1790013313293457,0.44622933864593506,0.0,6.3310651779174805
780,9,16,-2.249514579772949,-2.249514579772949,0.44554877281188965,0.0,5.657137870788574
780,9,17,-2.260425329208374,-2.260425329208374,0.48087644577026367,0.0,5.265294075012207
780,9,18,-2.207019329071045,-2.207019329071045,0.40980419516563416,0.0,4.956655502319336
780,9,19,-2.1792376041412354,-2.1792376041412354,0.509872555732727,0.0,6.264479637145996
760,0,0,-2.218785285949707,-2.218785285949707,0.523651123046875,0.0,3.7549185752868652
760,0,1,-2.2624123096466064,-2.2624123096466064,0.5107236504554749,0.0,4.315128803253174
760,0,2,-2.251988410949707,-2.251988410949707,0.6128471493721008,0.0,3.8116636276245117
760,0,3,-2.227907419204712,-2.227907419204712,0.4641423523426056,0.0,5.680420875549316
760,0,4,-2.267885446548462,-2.267885446548462,0.5898473262786865,0.0,3.6083498001098633
760,0,5,-2.2551424503326416,-2.2551424503326416,0.5387901663780212,0.0,4.118381023406982
760,0,6,-2.2458336353302,-2.2458336353302,0.5081909894943237,0.0,6.040200233459473
760,0,7,-2.2481443881988525,-2.2481443881988525,0.4968703091144562,0.0,5.177919387817383
760,0,8,-2.242321491241455,-2.242321491241455,0.5421814918518066,0.0,3.0239367485046387
760,0,9,-2.238284111022949,-2.238284111022949,0.5142009854316711,0.0,3.8403940200805664
760,0,10,-2.247190475463867,-2.247190475463867,0.5284287929534912,0.0,6.550242900848389
760,0,11,-2.247230291366577,-2.247230291366577,0.5565636157989502,0.0,3.9905622005462646
760,0,12,-2.1827807426452637,-2.1827807426452637,0.5322557687759399,0.0,4.147359371185303
760,0,13,-2.244065761566162,-2.244065761566162,0.44263145327568054,0.0,4.591465473175049
760,0,14,-2.2376861572265625,-2.2376861572265625,0.5176233649253845,0.0,3.4233880043029785
760,0,15,-2.2680108547210693,-2.2680108547210693,0.5487768650054932,0.0,4.355761528015137
760,0,16,-2.265728235244751,-2.265728235244751,0.5148500204086304,0.0,4.73403787612915
760,0,17,-2.2407023906707764,-2.2407023906707764,0.49833187460899353,0.0,3.6505489349365234
760,0,18,-2.2736153602600098,-2.2736153602600098,0.5579188466072083,0.0,3.326005458831787
760,0,19,-2.2704904079437256,-2.2704904079437256,0.5316652655601501,0.0,4.948081016540527
760,1,0,-2.239119052886963,-2.239119052886963,0.4603310525417328,0.0,6.28013801574707
760,1,1,-2.2469162940979004,-2.2469162940979004,0.5431161522865295,0.0,6.539224147796631
760,1,2,-2.255760431289673,-2.255760431289673,0.47332119941711426,0.0,6.464080810546875
760,1,3,-2.23458194732666,-2.23458194732666,0.5479154586791992,0.0,6.813893795013428
760,1,4,-2.2520744800567627,-2.2520744800567627,0.4805784821510315,0.0,4.843476295471191
760,1,5,-2.280374765396118,-2.280374765396118,0.55440354347229,0.0,5.470832347869873
760,1,6,-2.2297961711883545,-2.2297961711883545,0.42751801013946533,0.0,6.269707679748535
760,1,7,-2.259793519973755,-2.259793519973755,0.5583507418632507,0.0,6.286266803741455
760,1,8,-2.257479667663574,-2.257479667663574,0.5075908899307251,0.0,5.761290550231934
760,1,9,-2.2291433811187744,-2.2291433811187744,0.5242376327514648,0.0,4.355640411376953
760,1,10,-2.19606614112854,-2.19606614112854,0.49263903498649597,0.0,6.76702356338501
760,1,11,-2.2746171951293945,-2.2746171951293945,0.7004613280296326,0.0,4.891078948974609
760,1,12,-2.2693934440612793,-2.2693934440612793,0.4735330641269684,0.0,5.64366340637207
760,1,13,-2.267184257507324,-2.267184257507324,0.44516125321388245,0.0,5.404235363006592
760,1,14,-2.2577028274536133,-2.2577028274536133,0.43954190611839294,0.0,6.163180351257324
760,1,15,-2.2740864753723145,-2.2740864753723145,0.44261276721954346,0.0,6.323402404785156
760,1,16,-2.2761764526367188,-2.2761764526367188,0.5460894107818604,0.0,5.065103054046631
760,1,17,-2.2364494800567627,-2.2364494800567627,0.5123200416564941,0.0,5.872903823852539
760,1,18,-2.252539873123169,-2.252539873123169,0.5741931796073914,0.0,4.948325157165527
760,1,19,-2.2583770751953125,-2.2583770751953125,0.45337003469467163,0.0,5.775335788726807
760,2,0,-2.2358810901641846,-2.2358810901641846,0.5521770119667053,0.0,6.755362510681152
760,2,1,-2.241840362548828,-2.241840362548828,0.5338709950447083,0.0,6.338401794433594
760,2,2,-2.1976518630981445,-2.1976518630981445,0.47551560401916504,0.0,5.645901679992676
760,2,3,-2.2074544429779053,-2.2074544429779053,0.5246586203575134,0.0,5.51751708984375
760,2,4,-2.215350866317749,-2.215350866317749,0.4943971335887909,0.0,5.714705944061279
760,2,5,-2.232262134552002,-2.232262134552002,0.5227741003036499,0.0,6.066316604614258
760,2,6,-2.2426278591156006,-2.2426278591156006,0.5378121137619019,0.0,6.434210777282715
760,2,7,-2.2538535594940186,-2.2538535594940186,0.5635298490524292,0.0,6.0262250900268555
760,2,8,-2.217846393585205,-2.217846393585205,0.49985477328300476,0.0,5.60875129699707
760,2,9,-2.2057101726531982,-2.2057101726531982,0.516205370426178,0.0,6.39886999130249
760,2,10,-2.2241296768188477,-2.2241296768188477,0.4949275255203247,0.0,5.713476181030273
760,2,11,-2.271845579147339,-2.271845579147339,0.5065592527389526,0.0,5.030110836029053
760,2,12,-2.2602782249450684,-2.2602782249450684,0.5576696991920471,0.0,6.199068069458008
760,2,13,-2.2625069618225098,-2.2625069618225098,0.5145922899246216,0.0,6.358119964599609
760,2,14,-2.2510225772857666,-2.2510225772857666,0.45546209812164307,0.0,5.792283058166504
760,2,15,-2.2497665882110596,-2.2497665882110596,0.3972663879394531,0.0,6.162738800048828
760,2,16,-2.2402217388153076,-2.2402217388153076,0.5966283082962036,0.0,5.209000587463379
760,2,17,-2.2412033081054688,-2.2412033081054688,0.5076345801353455,0.0,6.749346733093262
760,2,18,-2.229708433151245,-2.229708433151245,0.5270142555236816,0.0,6.136744499206543
760,2,19,-2.2435619831085205,-2.2435619831085205,0.576627254486084,0.0,5.9461259841918945
760,3,0,-2.2672932147979736,-2.2672932147979736,0.5791348814964294,0.0,2.1288559436798096
760,3,1,-2.246234893798828,-2.246234893798828,0.5980062484741211,0.0,3.0655272006988525
760,3,2,-2.243769407272339,-2.243769407272339,0.4727874994277954,0.0,4.761704444885254
760,3,3,-2.2606825828552246,-2.2606825828552246,0.47791534662246704,0.0,5.481954097747803
760,3,4,-2.2772796154022217,-2.2772796154022217,0.5611278414726257,0.0,3.766491413116455
760,3,5,-2.2344772815704346,-2.2344772815704346,0.4322718679904938,0.0,5.615708351135254
760,3,6,-2.2663166522979736,-2.2663166522979736,0.40926995873451233,0.0,5.107892990112305
760,3,7,-2.2731986045837402,-2.2731986045837402,0.5186699032783508,0.0,1.9269534349441528
760,3,8,-2.277923107147217,-2.277923107147217,0.543562650680542,0.0,3.143782138824463
760,3,9,-2.2766311168670654,-2.2766311168670654,0.543197751045227,0.0,3.736589193344116
760,3,10,-2.2741920948028564,-2.2741920948028564,0.5176502466201782,0.0,3.8426239490509033
760,3,11,-2.277414083480835,-2.277414083480835,0.5455190539360046,0.0,3.3374979496002197
760,3,12,-2.229957342147827,-2.229957342147827,0.5730469822883606,0.0,3.8060593605041504
760,3,13,-2.2698373794555664,-2.2698373794555664,0.5148875117301941,0.0,6.394770622253418
760,3,14,-2.2717487812042236,-2.2717487812042236,0.5031910538673401,0.0,4.310676097869873
760,3,15,-2.265002727508545,-2.265002727508545,0.49385011196136475,0.0,4.352054119110107
760,3,16,-2.2393252849578857,-2.2393252849578857,0.5336852073669434,0.0,4.650322914123535
760,3,17,-2.198122262954712,-2.198122262954712,0.5228638648986816,0.0,4.383470058441162
760,3,18,-2.274693727493286,-2.274693727493286,0.4703145921230316,0.0,2.105836868286133
760,3,19,-2.2558035850524902,-2.2558035850524902,0.4795442521572113,0.0,4.292509078979492
760,4,0,-2.2628252506256104,-2.2628252506256104,0.4858972430229187,0.0,4.626789569854736
760,4,1,-2.2785255908966064,-2.2785255908966064,0.5644827485084534,0.0,6.451857089996338
760,4,2,-2.256960391998291,-2.256960391998291,0.46728891134262085,0.0,5.441995620727539
760,4,3,-2.2634646892547607,-2.2634646892547607,0.5054218769073486,0.0,6.083258152008057
760,4,4,-2.2328953742980957,-2.2328953742980957,0.5666329860687256,0.0,5.429713249206543
760,4,5,-2.2501649856567383,-2.2501649856567383,0.5475441813468933,0.0,6.1303863525390625
760,4,6,-2.2690341472625732,-2.2690341472625732,0.478493332862854,0.0,4.353236198425293
760,4,7,-2.2266592979431152,-2.2266592979431152,0.5339989066123962,0.0,5.109328746795654
760,4,8,-2.2679896354675293,-2.2679896354675293,0.49152907729148865,0.0,5.309041500091553
760,4,9,-2.2501823902130127,-2.2501823902130127,0.5947020649909973,0.0,5.267910003662109
760,4,10,-2.24916672706604,-2.24916672706604,0.4615545868873596,0.0,5.132930755615234
760,4,11,-2.2501649856567383,-2.2501649856567383,0.4569617807865143,0.0,5.783782005310059
760,4,12,-2.2698142528533936,-2.2698142528533936,0.4906455874443054,0.0,6.123050689697266
760,4,13,-2.2590408325195312,-2.2590408325195312,0.38259753584861755,0.0,4.585556983947754
760,4,14,-2.269631862640381,-2.269631862640381,0.2901274859905243,0.0,4.842436790466309
760,4,15,-2.2487025260925293,-2.2487025260925293,0.4972228407859802,0.0,5.2598066329956055
760,4,16,-2.2687530517578125,-2.2687530517578125,0.509305477142334,0.0,3.775491714477539
760,4,17,-2.235856056213379,-2.235856056213379,0.49953925609588623,0.0,5.3779072761535645
760,4,18,-2.2658777236938477,-2.2658777236938477,0.49871525168418884,0.0,5.693180084228516
760,4,19,-2.273263454437256,-2.273263454437256,0.4579731523990631,0.0,5.134090900421143
760,5,0,-2.214292526245117,-2.214292526245117,0.5199137330055237,0.0,6.3762311935424805
760,5,1,-2.272671937942505,-2.272671937942505,0.5482231974601746,0.0,6.806679725646973
760,5,2,-2.193098783493042,-2.193098783493042,0.5050790905952454,0.0,5.650014877319336
760,5,3,-2.2665984630584717,-2.2665984630584717,0.5206024646759033,0.0,6.172624588012695
760,5,4,-2.224501132965088,-2.224501132965088,0.5534526705741882,0.0,6.506144046783447
760,5,5,-2.2438035011291504,-2.2438035011291504,0.580885648727417,0.0,6.511014938354492
760,5,6,-2.252985715866089,-2.252985715866089,0.5568908452987671,0.0,5.827578544616699
760,5,7,-2.24851131439209,-2.24851131439209,0.5275292992591858,0.0,6.65253210067749
760,5,8,-2.26835036277771,-2.26835036277771,0.4859066605567932,0.0,6.0529069900512695
760,5,9,-2.2335357666015625,-2.2335357666015625,0.5252587199211121,0.0,6.787929534912109
760,5,10,-2.2560646533966064,-2.2560646533966064,0.5494158267974854,0.0,6.465879440307617
760,5,11,-2.2519657611846924,-2.2519657611846924,0.5479571223258972,0.0,5.84182071685791
760,5,12,-2.239595651626587,-2.239595651626587,0.49757009744644165,0.0,7.042267322540283
760,5,13,-2.253187656402588,-2.253187656402588,0.6057308912277222,0.0,6.802975177764893
760,5,14,-2.222947359085083,-2.222947359085083,0.6367226839065552,0.0,6.822654724121094
760,5,15,-2.192078113555908,-2.192078113555908,0.48454511165618896,0.0,6.275538921356201
760,5,16,-2.2441678047180176,-2.2441678047180176,0.4837973117828369,0.0,4.835601806640625
760,5,17,-2.2428793907165527,-2.2428793907165527,0.6156721115112305,0.0,6.12332010269165
760,5,18,-2.259983539581299,-2.259983539581299,0.49524322152137756,0.0,4.434858322143555
760,5,19,-2.266930341720581,-2.266930341720581,0.507597029209137,0.0,5.816839694976807
760,6,0,-2.2530717849731445,-2.2530717849731445,0.5599234104156494,0.0,6.175233840942383
760,6,1,-2.2484302520751953,-2.2484302520751953,0.5659500360488892,0.0,6.015276908874512
760,6,2,-2.2519214153289795,-2.2519214153289795,0.6433537006378174,0.0,7.448123931884766
760,6,3,-2.2691428661346436,-2.2691428661346436,0.546135663986206,0.0,6.404313564300537
760,6,4,-2.260568857192993,-2.260568857192993,0.5706285834312439,0.0,5.493327617645264
760,6,5,-2.250114917755127,-2.250114917755127,0.49550861120224,0.0,6.625553131103516
760,6,6,-2.2380576133728027,-2.2380576133728027,0.48805028200149536,0.0,6.311319351196289
760,6,7,-2.2453315258026123,-2.2453315258026123,0.5042871832847595,0.0,6.615472793579102
760,6,8,-2.252762794494629,-2.252762794494629,0.5572471618652344,0.0,6.078462600708008
760,6,9,-2.2672500610351562,-2.2672500610351562,0.5159616470336914,0.0,6.405309200286865
760,6,10,-2.2660324573516846,-2.2660324573516846,0.5502897500991821,0.0,5.77086067199707
760,6,11,-2.2734241485595703,-2.2734241485595703,0.5198580026626587,0.0,6.214945316314697
760,6,12,-2.254138231277466,-2.254138231277466,0.4966233968734741,0.0,6.123226165771484
760,6,13,-2.222323417663574,-2.222323417663574,0.5319418907165527,0.0,6.29564094543457
760,6,14,-2.2400150299072266,-2.2400150299072266,0.5131842494010925,0.0,6.327179908752441
760,6,15,-2.2205159664154053,-2.2205159664154053,0.5924157500267029,0.0,5.566671371459961
760,6,16,-2.218371629714966,-2.218371629714966,0.49625611305236816,0.0,6.123533248901367
760,6,17,-2.215437412261963,-2.215437412261963,0.4947368800640106,0.0,4.666843414306641
760,6,18,-2.2538154125213623,-2.2538154125213623,0.6018595099449158,0.0,6.650076389312744
760,6,19,-2.2463271617889404,-2.2463271617889404,0.5826658606529236,0.0,6.616300582885742
760,7,0,-2.2363455295562744,-2.2363455295562744,0.5170010924339294,0.0,5.460025310516357
760,7,1,-2.2604076862335205,-2.2604076862335205,0.4219081699848175,0.0,5.447371006011963
760,7,2,-2.257103681564331,-2.257103681564331,0.6118603348731995,0.0,5.400789737701416
760,7,3,-2.204394578933716,-2.204394578933716,0.5724747776985168,0.0,6.300904273986816
760,7,4,-2.2678921222686768,-2.2678921222686768,0.5215045809745789,0.0,5.57069206237793
760,7,5,-2.232872247695923,-2.232872247695923,0.4570370614528656,0.0,6.074936866760254
760,7,6,-2.2561023235321045,-2.2561023235321045,0.5649532675743103,0.0,6.148239612579346
760,7,7,-2.2335643768310547,-2.2335643768310547,0.5290317535400391,0.0,5.718239784240723
760,7,8,-2.2216150760650635,-2.2216150760650635,0.5522094368934631,0.0,7.357931137084961
760,7,9,-2.253056526184082,-2.253056526184082,0.46853145956993103,0.0,6.565890312194824
760,7,10,-2.2186062335968018,-2.2186062335968018,0.5598354339599609,0.0,6.2289934158325195
760,7,11,-2.216691017150879,-2.216691017150879,0.5874805450439453,0.0,6.107198715209961
760,7,12,-2.2313807010650635,-2.2313807010650635,0.5116007924079895,0.0,4.203402519226074
760,7,13,-2.223788022994995,-2.223788022994995,0.6073433756828308,0.0,5.695245265960693
760,7,14,-2.2515015602111816,-2.2515015602111816,0.5226469039916992,0.0,5.581454753875732
760,7,15,-2.201918125152588,-2.201918125152588,0.5847105979919434,0.0,3.598231554031372
760,7,16,-2.2401580810546875,-2.2401580810546875,0.5317316055297852,0.0,4.918712615966797
760,7,17,-2.2389912605285645,-2.2389912605285645,0.4849185645580292,0.0,5.026356220245361
760,7,18,-2.2583413124084473,-2.2583413124084473,0.5327789783477783,0.0,6.77113676071167
760,7,19,-2.27793288230896,-2.27793288230896,0.5135815739631653,0.0,3.6848273277282715
760,8,0,-2.22871732711792,-2.22871732711792,0.5322505831718445,0.0,5.540966987609863
760,8,1,-2.2469475269317627,-2.2469475269317627,0.3838290870189667,0.0,4.0280327796936035
760,8,2,-2.2479090690612793,-2.2479090690612793,0.5216889381408691,0.0,5.462082862854004
760,8,3,-2.1996910572052,-2.1996910572052,0.3365265429019928,0.0,5.712089538574219
760,8,4,-2.268263101577759,-2.268263101577759,0.4374503791332245,0.0,6.596457481384277
760,8,5,-2.248100519180298,-2.248100519180298,0.43320366740226746,0.0,5.387388229370117
760,8,6,-2.2173008918762207,-2.2173008918762207,0.41646459698677063,0.0,4.759213447570801
760,8,7,-2.191307306289673,-2.191307306289673,0.4774237275123596,0.0,4.742644309997559
760,8,8,-2.252225875854492,-2.252225875854492,0.4656531810760498,0.0,5.426727294921875
760,8,9,-2.2398359775543213,-2.2398359775543213,0.5810162425041199,0.0,4.770703315734863
760,8,10,-2.170154333114624,-2.170154333114624,0.545636773109436,0.0,4.784919738769531
760,8,11,-2.2476861476898193,-2.2476861476898193,0.471392422914505,0.0,3.630361795425415
760,8,12,-2.2583281993865967,-2.2583281993865967,0.49019110202789307,0.0,4.176289081573486
760,8,13,-2.239435911178589,-2.239435911178589,0.5187280178070068,0.0,4.261178016662598
760,8,14,-2.211232900619507,-2.211232900619507,0.46609562635421753,0.0,5.61998176574707
760,8,15,-2.260608434677124,-2.260608434677124,0.490176260471344,0.0,4.327945709228516
760,8,16,-2.1908833980560303,-2.1908833980560303,0.42477595806121826,0.0,4.599356174468994
760,8,17,-2.210285186767578,-2.210285186767578,0.4940142035484314,0.0,4.968533039093018
760,8,18,-2.2593348026275635,-2.2593348026275635,0.4673204720020294,0.0,2.4478421211242676
760,8,19,-2.2539243698120117,-2.2539243698120117,0.515289306640625,0.0,5.202619552612305
760,9,0,-2.2357826232910156,-2.2357826232910156,0.463028222322464,0.0,6.5106611251831055
760,9,1,-2.2608160972595215,-2.2608160972595215,0.44643133878707886,0.0,6.151790142059326
760,9,2,-2.2343761920928955,-2.2343761920928955,0.46171754598617554,0.0,6.104816436767578
760,9,3,-2.271794319152832,-2.271794319152832,0.4904291331768036,0.0,6.108403205871582
760,9,4,-2.260193109512329,-2.260193109512329,0.5107346773147583,0.0,6.471920967102051
760,9,5,-2.207345724105835,-2.207345724105835,0.5160490870475769,0.0,6.077958106994629
760,9,6,-2.2369508743286133,-2.2369508743286133,0.47137075662612915,0.0,6.631975173950195
760,9,7,-2.2330613136291504,-2.2330613136291504,0.47681504487991333,0.0,6.285396575927734
760,9,8,-2.271174907684326,-2.271174907684326,0.5332578420639038,0.0,5.644230365753174
760,9,9,-2.2609448432922363,-2.2609448432922363,0.5250356197357178,0.0,5.6165571212768555
760,9,10,-2.2581186294555664,-2.2581186294555664,0.4738716185092926,0.0,5.989553928375244
760,9,11,-2.2318344116210938,-2.2318344116210938,0.47121530771255493,0.0,6.164212226867676
760,9,12,-2.2289116382598877,-2.2289116382598877,0.49650976061820984,0.0,6.023971080780029
760,9,13,-2.254350185394287,-2.254350185394287,0.4538874328136444,0.0,5.46635627746582
760,9,14,-2.2398157119750977,-2.2398157119750977,0.5225863456726074,0.0,5.908186912536621
760,9,15,-2.219322681427002,-2.219322681427002,0.539962649345398,0.0,6.815122604370117
760,9,16,-2.240858554840088,-2.240858554840088,0.5347132086753845,0.0,6.554787635803223
760,9,17,-2.2709810733795166,-2.2709810733795166,0.437507688999176,0.0,5.734594345092773
760,9,18,-2.230698347091675,-2.230698347091675,0.5015678405761719,0.0,6.272713661193848
760,9,19,-2.2686667442321777,-2.2686667442321777,0.5461809635162354,0.0,6.655025005340576
740,0,0,-2.243922710418701,-2.243922710418701,0.4680328965187073,0.0,4.5248308181762695
740,0,1,-2.2627696990966797,-2.2627696990966797,0.5405998826026917,0.0,3.2961714267730713
740,0,2,-2.265568494796753,-2.265568494796753,0.4689478278160095,0.0,4.128473281860352
740,0,3,-2.2369256019592285,-2.2369256019592285,0.5205185413360596,0.0,4.412016868591309
740,0,4,-2.2398087978363037,-2.2398087978363037,0.5019935369491577,0.0,4.332745552062988
740,0,5,-2.2341532707214355,-2.2341532707214355,0.6147638559341431,0.0,4.038294315338135
740,0,6,-2.2522616386413574,-2.2522616386413574,0.48753511905670166,0.0,3.386826992034912
740,0,7,-2.2425687313079834,-2.2425687313079834,0.5354354977607727,0.0,3.3718550205230713
740,0,8,-2.2496087551116943,-2.2496087551116943,0.4950482249259949,0.0,3.8080763816833496
740,0,9,-2.2647156715393066,-2.2647156715393066,0.5097078084945679,0.0,2.9532692432403564
740,0,10,-2.2346718311309814,-2.2346718311309814,0.6212120652198792,0.0,4.471429824829102
740,0,11,-2.2742104530334473,-2.2742104530334473,0.5401481986045837,0.0,3.1506662368774414
740,0,12,-2.240354061126709,-2.240354061126709,0.5316407084465027,0.0,3.8505136966705322
740,0,13,-2.2486369609832764,-2.2486369609832764,0.6172223687171936,0.0,3.7051491737365723
740,0,14,-2.2432870864868164,-2.2432870864868164,0.49676498770713806,0.0,3.7877166271209717
740,0,15,-2.262570381164551,-2.262570381164551,0.5183518528938293,0.0,4.628051280975342
740,0,16,-2.2420592308044434,-2.2420592308044434,0.5147152543067932,0.0,3.801173686981201
740,0,17,-2.2679333686828613,-2.2679333686828613,0.4612041413784027,0.0,4.5753679275512695
740,0,18,-2.237039089202881,-2.237039089202881,0.4617648124694824,0.0,4.328984260559082
740,0,19,-2.2241411209106445,-2.2241411209106445,0.4823317229747772,0.0,3.4145491123199463
740,1,0,-2.2753517627716064,-2.2753517627716064,0.43402814865112305,0.0,5.987794399261475
740,1,1,-2.2073419094085693,-2.2073419094085693,0.4786515533924103,0.0,5.069169998168945
740,1,2,-2.2534005641937256,-2.2534005641937256,0.4511883854866028,0.0,6.729556083679199
740,1,3,-2.2125446796417236,-2.2125446796417236,0.4453680217266083,0.0,6.80122184753418
740,1,4,-2.227790355682373,-2.227790355682373,0.5294064879417419,0.0,5.524127960205078
740,1,5,-2.2569637298583984,-2.2569637298583984,0.4955677390098572,0.0,6.515535831451416
740,1,6,-2.243180274963379,-2.243180274963379,0.4612828195095062,0.0,6.063735008239746
740,1,7,-2.2679221630096436,-2.2679221630096436,0.4625984728336334,0.0,5.593654632568359
740,1,8,-2.2792489528656006,-2.2792489528656006,0.6260669827461243,0.0,5.787133693695068
740,1,9,-2.2486820220947266,-2.2486820220947266,0.40380850434303284,0.0,5.582098960876465
740,1,10,-2.27227783203125,-2.27227783203125,0.5370553731918335,0.0,5.374391078948975
740,1,11,-2.2386698722839355,-2.2386698722839355,0.48498809337615967,0.0,5.529577255249023
740,1,12,-2.262970447540283,-2.262970447540283,0.5237109065055847,0.0,6.082633972167969
740,1,13,-2.2621819972991943,-2.2621819972991943,0.5242521166801453,0.0,5.991667747497559
740,1,14,-2.2748677730560303,-2.2748677730560303,0.4593532383441925,0.0,5.968061923980713
740,1,15,-2.2633583545684814,-2.2633583545684814,0.52629154920578,0.0,5.574402809143066
740,1,16,-2.21026873588562,-2.21026873588562,0.5501245856285095,0.0,6.799771785736084
740,1,17,-2.2613518238067627,-2.2613518238067627,0.5286333560943604,0.0,5.586030006408691
740,1,18,-2.2500035762786865,-2.2500035762786865,0.4588734209537506,0.0,6.288633346557617
740,1,19,-2.245272636413574,-2.245272636413574,0.45944926142692566,0.0,5.306607246398926
740,2,0,-2.2512168884277344,-2.2512168884277344,0.49063485860824585,0.0,5.503787994384766
740,2,1,-2.234924077987671,-2.234924077987671,0.5025297999382019,0.0,6.390708923339844
740,2,2,-2.2039246559143066,-2.2039246559143066,0.491584837436676,0.0,5.357415676116943
740,2,3,-2.2208869457244873,-2.2208869457244873,0.5359417796134949,0.0,6.120420455932617
740,2,4,-2.2373414039611816,-2.2373414039611816,0.4944796562194824,0.0,7.249827861785889
740,2,5,-2.2387218475341797,-2.2387218475341797,0.5200022459030151,0.0,6.212540626525879
740,2,6,-2.2198293209075928,-2.2198293209075928,0.5932860374450684,0.0,5.84306526184082
740,2,7,-2.238445997238159,-2.238445997238159,0.5362032651901245,0.0,6.959645748138428
740,2,8,-2.2161364555358887,-2.2161364555358887,0.4794495105743408,0.0,5.810826778411865
740,2,9,-2.230806827545166,-2.230806827545166,0.518393874168396,0.0,6.4915008544921875
740,2,10,-2.2444369792938232,-2.2444369792938232,0.47915729880332947,0.0,6.13654088973999
740,2,11,-2.225842237472534,-2.225842237472534,0.5874109864234924,0.0,6.095372200012207
740,2,12,-2.2472469806671143,-2.2472469806671143,0.4776425063610077,0.0,5.8576202392578125
740,2,13,-2.231963634490967,-2.231963634490967,0.512913167476654,0.0,6.515715599060059
740,2,14,-2.2432172298431396,-2.2432172298431396,0.5142014622688293,0.0,6.43275785446167
740,2,15,-2.254272937774658,-2.254272937774658,0.4690989851951599,0.0,5.880708694458008
740,2,16,-2.2353899478912354,-2.2353899478912354,0.551491916179657,0.0,6.211284637451172
740,2,17,-2.2557766437530518,-2.2557766437530518,0.6659627556800842,0.0,6.113525867462158
740,2,18,-2.263216018676758,-2.263216018676758,0.5354069471359253,0.0,6.4609527587890625
740,2,19,-2.2310309410095215,-2.2310309410095215,0.48457804322242737,0.0,6.693249225616455
740,3,0,-2.279113531112671,-2.279113531112671,0.6276354789733887,0.0,2.9184930324554443
740,3,1,-2.256463050842285,-2.256463050842285,0.42613476514816284,0.0,4.063358306884766
740,3,2,-2.2717671394348145,-2.2717671394348145,0.4902504086494446,0.0,2.5930917263031006
740,3,3,-2.2711801528930664,-2.2711801528930664,0.45931476354599,0.0,2.4934985637664795
740,3,4,-2.2767064571380615,-2.2767064571380615,0.546317458152771,0.0,2.2675931453704834
740,3,5,-2.2783446311950684,-2.2783446311950684,0.4896630644798279,0.0,4.596036434173584
740,3,6,-2.2681009769439697,-2.2681009769439697,0.4951452314853668,0.0,3.8220913410186768
740,3,7,-2.2755510807037354,-2.2755510807037354,0.46474623680114746,0.0,3.8937673568725586
740,3,8,-2.276528835296631,-2.276528835296631,0.4630100131034851,0.0,2.5056190490722656
740,3,9,-2.275897264480591,-2.275897264480591,0.5467746257781982,0.0,3.7799110412597656
740,3,10,-2.2532002925872803,-2.2532002925872803,0.4603506028652191,0.0,4.636027812957764
740,3,11,-2.2749783992767334,-2.2749783992767334,0.5905682444572449,0.0,3.7993738651275635
740,3,12,-2.262777090072632,-2.262777090072632,0.49061328172683716,0.0,6.210781574249268
740,3,13,-2.2701406478881836,-2.2701406478881836,0.532093346118927,0.0,4.105867385864258
740,3,14,-2.2666027545928955,-2.2666027545928955,0.46581003069877625,0.0,4.439035892486572
740,3,15,-2.262805461883545,-2.262805461883545,0.5578123927116394,0.0,4.622531890869141
740,3,16,-2.2774384021759033,-2.2774384021759033,0.5483455061912537,0.0,3.623979091644287
740,3,17,-2.263653039932251,-2.263653039932251,0.6181349754333496,0.0,2.6975080966949463
740,3,18,-2.2763888835906982,-2.2763888835906982,0.4831516146659851,0.0,4.515655040740967
740,3,19,-2.264474391937256,-2.264474391937256,0.5691079497337341,0.0,3.57700514793396
740,4,0,-2.222057580947876,-2.222057580947876,0.4882284104824066,0.0,5.38554573059082
740,4,1,-2.2735280990600586,-2.2735280990600586,0.5173618793487549,0.0,4.221289157867432
740,4,2,-2.2065091133117676,-2.2065091133117676,0.5184389352798462,0.0,5.364418029785156
740,4,3,-2.2733452320098877,-2.2733452320098877,0.5263413786888123,0.0,5.892033576965332
740,4,4,-2.2770893573760986,-2.2770893573760986,0.43138113617897034,0.0,4.994691848754883
740,4,5,-2.268322229385376,-2.268322229385376,0.5131139755249023,0.0,6.384505271911621
740,4,6,-2.2040581703186035,-2.2040581703186035,0.49566173553466797,0.0,4.858635425567627
740,4,7,-2.265183210372925,-2.265183210372925,0.5063048601150513,0.0,6.43257999420166
740,4,8,-2.275744676589966,-2.275744676589966,0.5054153800010681,0.0,5.533919334411621
740,4,9,-2.22678804397583,-2.22678804397583,0.45125439763069153,0.0,4.380049705505371
740,4,10,-2.2294843196868896,-2.2294843196868896,0.5080569982528687,0.0,5.529789924621582
740,4,11,-2.251002073287964,-2.251002073287964,0.4699002206325531,0.0,5.3922119140625
740,4,12,-2.2804811000823975,-2.2804811000823975,0.5094794034957886,0.0,4.306386947631836
740,4,13,-2.2786669731140137,-2.2786669731140137,0.5775874853134155,0.0,4.33723258972168
740,4,14,-2.2786147594451904,-2.2786147594451904,0.5250670909881592,0.0,5.609747886657715
740,4,15,-2.2719039916992188,-2.2719039916992188,0.522727906703949,0.0,4.445274353027344
740,4,16,-2.2801899909973145,-2.2801899909973145,0.4636198580265045,0.0,5.3268632888793945
740,4,17,-2.271923303604126,-2.271923303604126,0.5092073678970337,0.0,5.253502368927002
740,4,18,-2.2473747730255127,-2.2473747730255127,0.5213282704353333,0.0,6.588748931884766
740,4,19,-2.2107017040252686,-2.2107017040252686,0.5112478733062744,0.0,6.1627960205078125
740,5,0,-2.192209005355835,-2.192209005355835,0.41498056054115295,0.0,7.188318729400635
740,5,1,-2.263096809387207,-2.263096809387207,0.6319552063941956,0.0,5.422452926635742
740,5,2,-2.2055346965789795,-2.2055346965789795,0.4965023100376129,0.0,6.1703081130981445
740,5,3,-2.265862464904785,-2.265862464904785,0.5078508257865906,0.0,7.198649883270264
740,5,4,-2.2703239917755127,-2.2703239917755127,0.48006802797317505,0.0,5.797990798950195
740,5,5,-2.262141704559326,-2.262141704559326,0.548231840133667,0.0,7.423248767852783
740,5,6,-2.2162044048309326,-2.2162044048309326,0.5576670169830322,0.0,6.81226921081543
740,5,7,-2.2680718898773193,-2.2680718898773193,0.4679501950740814,0.0,5.84106969833374
740,5,8,-2.271766185760498,-2.271766185760498,0.45275869965553284,0.0,5.437856674194336
740,5,9,-2.210559368133545,-2.210559368133545,0.48596110939979553,0.0,6.2415266036987305
740,5,10,-2.262740135192871,-2.262740135192871,0.4919907748699188,0.0,7.170966148376465
740,5,11,-2.2558650970458984,-2.2558650970458984,0.5311573147773743,0.0,6.756946086883545
740,5,12,-2.2393410205841064,-2.2393410205841064,0.547557532787323,0.0,5.415502548217773
740,5,13,-2.260471820831299,-2.260471820831299,0.5175482034683228,0.0,6.477987289428711
740,5,14,-2.2032909393310547,-2.2032909393310547,0.5319246649742126,0.0,6.620087623596191
740,5,15,-2.2457163333892822,-2.2457163333892822,0.5237825512886047,0.0,6.835195541381836
740,5,16,-2.252052068710327,-2.252052068710327,0.5822510123252869,0.0,5.98367166519165
740,5,17,-2.254810094833374,-2.254810094833374,0.5320322513580322,0.0,6.47456169128418
740,5,18,-2.2429544925689697,-2.2429544925689697,0.530117928981781,0.0,6.227140426635742
740,5,19,-2.2549614906311035,-2.2549614906311035,0.5084643363952637,0.0,6.464413642883301
740,6,0,-2.2367238998413086,-2.2367238998413086,0.5528302788734436,0.0,5.911023139953613
740,6,1,-2.2752952575683594,-2.2752952575683594,0.5224761366844177,0.0,5.692959785461426
740,6,2,-2.227620840072632,-2.227620840072632,0.5393770933151245,0.0,5.615884304046631
740,6,3,-2.254314661026001,-2.254314661026001,0.41402485966682434,0.0,5.8521318435668945
740,6,4,-2.2454943656921387,-2.2454943656921387,0.5170410871505737,0.0,6.556039333343506
740,6,5,-2.2328755855560303,-2.2328755855560303,0.6188258528709412,0.0,6.115797519683838
740,6,6,-2.2345006465911865,-2.2345006465911865,0.5571973919868469,0.0,5.811465263366699
740,6,7,-2.238330125808716,-2.238330125808716,0.41529834270477295,0.0,5.752044677734375
740,6,8,-2.2631442546844482,-2.2631442546844482,0.5408391952514648,0.0,6.144688129425049
740,6,9,-2.26253342628479,-2.26253342628479,0.5376706719398499,0.0,6.386025905609131
740,6,10,-2.2563419342041016,-2.2563419342041016,0.6417371034622192,0.0,5.893067359924316
740,6,11,-2.236260175704956,-2.236260175704956,0.547558069229126,0.0,5.685413360595703
740,6,12,-2.239468812942505,-2.239468812942505,0.581496000289917,0.0,4.853411674499512
740,6,13,-2.240975856781006,-2.240975856781006,0.5475171208381653,0.0,7.113353729248047
740,6,14,-2.225954055786133,-2.225954055786133,0.5076540112495422,0.0,6.8262176513671875
740,6,15,-2.260841131210327,-2.260841131210327,0.49780136346817017,0.0,6.184750556945801
740,6,16,-2.266192674636841,-2.266192674636841,0.5490787625312805,0.0,4.540563583374023
740,6,17,-2.268132448196411,-2.268132448196411,0.4946381449699402,0.0,6.2188005447387695
740,6,18,-2.244629144668579,-2.244629144668579,0.47838661074638367,0.0,6.376556396484375
740,6,19,-2.272711753845215,-2.272711753845215,0.4890492558479309,0.0,6.218166351318359
740,7,0,-2.262225389480591,-2.262225389480591,0.5088114142417908,0.0,4.424648284912109
740,7,1,-2.2625880241394043,-2.2625880241394043,0.5893568396568298,0.0,6.012561798095703
740,7,2,-2.2616803646087646,-2.2616803646087646,0.427118182182312,0.0,4.282826900482178
740,7,3,-2.23136830329895,-2.23136830329895,0.56402987241745,0.0,6.460824966430664
740,7,4,-2.272242307662964,-2.272242307662964,0.45650747418403625,0.0,6.215588092803955
740,7,5,-2.2518463134765625,-2.2518463134765625,0.5942639112472534,0.0,4.67405891418457
740,7,6,-2.2077314853668213,-2.2077314853668213,0.4520423114299774,0.0,6.049810886383057
740,7,7,-2.1896748542785645,-2.1896748542785645,0.3767913281917572,0.0,6.090371131896973
740,7,8,-2.2346415519714355,-2.2346415519714355,0.5024338364601135,0.0,6.2450385093688965
740,7,9,-2.2035789489746094,-2.2035789489746094,0.5465116500854492,0.0,5.607097148895264
740,7,10,-2.1995019912719727,-2.1995019912719727,0.5615041255950928,0.0,5.602488994598389
740,7,11,-2.2155346870422363,-2.2155346870422363,0.47829777002334595,0.0,5.805914878845215
740,7,12,-2.2364532947540283,-2.2364532947540283,0.49532797932624817,0.0,6.6344380378723145
740,7,13,-2.228090286254883,-2.228090286254883,0.516359806060791,0.0,5.801153182983398
740,7,14,-2.240156650543213,-2.240156650543213,0.5302053689956665,0.0,6.296473026275635
740,7,15,-2.190018653869629,-2.190018653869629,0.44415682554244995,0.0,6.4933319091796875
740,7,16,-2.2294631004333496,-2.2294631004333496,0.48027104139328003,0.0,5.800771713256836
740,7,17,-2.241647720336914,-2.241647720336914,0.5287778973579407,0.0,6.440305709838867
740,7,18,-2.255403995513916,-2.255403995513916,0.5959481596946716,0.0,4.039587497711182
740,7,19,-2.1837334632873535,-2.1837334632873535,0.5067470669746399,0.0,6.292787075042725
740,8,0,-2.2647969722747803,-2.2647969722747803,0.48404252529144287,0.0,6.640362739562988
740,8,1,-2.2633512020111084,-2.2633512020111084,0.468793660402298,0.0,3.5610995292663574
740,8,2,-2.2262463569641113,-2.2262463569641113,0.6120935082435608,0.0,5.033332347869873
740,8,3,-2.2246756553649902,-2.2246756553649902,0.4383936822414398,0.0,4.215790748596191
740,8,4,-2.2544519901275635,-2.2544519901275635,0.5461909174919128,0.0,4.45627498626709
740,8,5,-2.2306556701660156,-2.2306556701660156,0.5537579655647278,0.0,5.197387218475342
740,8,6,-2.1289193630218506,-2.1289193630218506,0.417102187871933,0.0,4.79576301574707
740,8,7,-2.184267997741699,-2.184267997741699,0.5199697613716125,0.0,4.2180962562561035
740,8,8,-2.25341796875,-2.25341796875,0.46523821353912354,0.0,5.983896255493164
740,8,9,-2.217294692993164,-2.217294692993164,0.4565238654613495,0.0,4.70069694519043
740,8,10,-2.2110414505004883,-2.2110414505004883,0.554240345954895,0.0,6.613364219665527
740,8,11,-2.268320083618164,-2.268320083618164,0.518438994884491,0.0,4.626893520355225
740,8,12,-2.212007761001587,-2.212007761001587,0.48636096715927124,0.0,5.107654571533203
740,8,13,-2.227198839187622,-2.227198839187622,0.4996342360973358,0.0,5.027519702911377
740,8,14,-2.26244854927063,-2.26244854927063,0.5152974128723145,0.0,4.099546432495117
740,8,15,-2.2194266319274902,-2.2194266319274902,0.4902738928794861,0.0,6.468783378601074
740,8,16,-2.2249484062194824,-2.2249484062194824,0.5748657584190369,0.0,5.154026031494141
740,8,17,-2.211566209793091,-2.211566209793091,0.5244061350822449,0.0,5.990906715393066
740,8,18,-2.2746379375457764,-2.2746379375457764,0.5216277241706848,0.0,3.74934720993042
740,8,19,-2.2299582958221436,-2.2299582958221436,0.3599570095539093,0.0,4.169661998748779
740,9,0,-2.2535452842712402,-2.2535452842712402,0.4453067183494568,0.0,6.621769905090332
740,9,1,-2.205437183380127,-2.205437183380127,0.5119242072105408,0.0,5.943675994873047
740,9,2,-2.271785259246826,-2.271785259246826,0.52759850025177,0.0,5.912025451660156
740,9,3,-2.222891092300415,-2.222891092300415,0.6533111333847046,0.0,5.443512916564941
740,9,4,-2.274156093597412,-2.274156093597412,0.5040860772132874,0.0,6.128399848937988
740,9,5,-2.2121365070343018,-2.2121365070343018,0.4949079155921936,0.0,6.059502601623535
740,9,6,-2.265610933303833,-2.265610933303833,0.5294280648231506,0.0,5.5573272705078125
740,9,7,-2.252819061279297,-2.252819061279297,0.4307149648666382,0.0,5.785073280334473
740,9,8,-2.264957904815674,-2.264957904815674,0.49962809681892395,0.0,6.736174583435059
740,9,9,-2.2537686824798584,-2.2537686824798584,0.45341944694519043,0.0,6.451315879821777
740,9,10,-2.2751805782318115,-2.2751805782318115,0.4851740002632141,0.0,6.227866172790527
740,9,11,-2.230680465698242,-2.230680465698242,0.49592557549476624,0.0,5.750862121582031
740,9,12,-2.2682716846466064,-2.2682716846466064,0.5645564794540405,0.0,4.711014747619629
740,9,13,-2.221608877182007,-2.221608877182007,0.47225964069366455,0.0,5.519510746002197
740,9,14,-2.273709297180176,-2.273709297180176,0.5545752048492432,0.0,5.601696491241455
740,9,15,-2.2735016345977783,-2.2735016345977783,0.4816383123397827,0.0,5.183207035064697
740,9,16,-2.2602698802948,-2.2602698802948,0.5495671033859253,0.0,5.894789695739746
740,9,17,-2.2346959114074707,-2.2346959114074707,0.43536433577537537,0.0,5.340578556060791
740,9,18,-2.246849298477173,-2.246849298477173,0.509318470954895,0.0,5.822287559509277
740,9,19,-2.240640878677368,-2.240640878677368,0.4783132076263428,0.0,5.837594032287598
720,0,0,-2.2489571571350098,-2.2489571571350098,0.5678688287734985,0.0,4.999133110046387
720,0,1,-2.227041006088257,-2.227041006088257,0.5616023540496826,0.0,3.4316649436950684
720,0,2,-2.240180730819702,-2.240180730819702,0.5961897373199463,0.0,3.7439804077148438
720,0,3,-2.23211407661438,-2.23211407661438,0.5130504369735718,0.0,3.9328725337982178
720,0,4,-2.2601146697998047,-2.2601146697998047,0.5685901045799255,0.0,4.945283889770508
720,0,5,-2.2614781856536865,-2.2614781856536865,0.542487621307373,0.0,3.4922304153442383
720,0,6,-2.2387771606445312,-2.2387771606445312,0.434052050113678,0.0,4.972949981689453
720,0,7,-2.2136261463165283,-2.2136261463165283,0.4518319070339203,0.0,4.811315536499023
720,0,8,-2.257232427597046,-2.257232427597046,0.4698750674724579,0.0,4.045926570892334
720,0,9,-2.252107620239258,-2.252107620239258,0.543819785118103,0.0,4.097330570220947
720,0,10,-2.256533145904541,-2.256533145904541,0.544467568397522,0.0,4.501635551452637
720,0,11,-2.2251322269439697,-2.2251322269439697,0.44684019684791565,0.0,4.288536071777344
720,0,12,-2.271879196166992,-2.271879196166992,0.5242534279823303,0.0,3.921721935272217
720,0,13,-2.267155885696411,-2.267155885696411,0.5109727382659912,0.0,4.171737194061279
720,0,14,-2.2723288536071777,-2.2723288536071777,0.5524609684944153,0.0,3.849224090576172
720,0,15,-2.2662062644958496,-2.2662062644958496,0.474499374628067,0.0,3.5512239933013916
720,0,16,-2.2451746463775635,-2.2451746463775635,0.5207199454307556,0.0,3.7843966484069824
720,0,17,-2.223079204559326,-2.223079204559326,0.491752952337265,0.0,4.296313285827637
720,0,18,-2.248893976211548,-2.248893976211548,0.560330867767334,0.0,4.513260841369629
720,0,19,-2.2387046813964844,-2.2387046813964844,0.62950199842453,0.0,2.80412220954895
720,1,0,-2.227846145629883,-2.227846145629883,0.5421192646026611,0.0,6.302546501159668
720,1,1,-2.1689066886901855,-2.1689066886901855,0.38112208247184753,0.0,6.192212104797363
720,1,2,-2.193920612335205,-2.193920612335205,0.4891234338283539,0.0,5.816460609436035
720,1,3,-2.2555184364318848,-2.2555184364318848,0.42945313453674316,0.0,5.680259704589844
720,1,4,-2.252821922302246,-2.252821922302246,0.5341621041297913,0.0,5.188602924346924
720,1,5,-2.2496182918548584,-2.2496182918548584,0.5438491702079773,0.0,5.965304374694824
720,1,6,-2.2775073051452637,-2.2775073051452637,0.48598960041999817,0.0,6.490244388580322
720,1,7,-2.247563600540161,-2.247563600540161,0.5474494695663452,0.0,5.8580217361450195
720,1,8,-2.2689170837402344,-2.2689170837402344,0.5859440565109253,0.0,6.540051460266113
720,1,9,-2.276815414428711,-2.276815414428711,0.49280235171318054,0.0,5.439268589019775
720,1,10,-2.2670421600341797,-2.2670421600341797,0.5261121988296509,0.0,6.03819465637207
720,1,11,-2.274432897567749,-2.274432897567749,0.5941409468650818,0.0,4.62687873840332
720,1,12,-2.2268965244293213,-2.2268965244293213,0.5164150595664978,0.0,5.041861057281494
720,1,13,-2.25321364402771,-2.25321364402771,0.5502992868423462,0.0,5.765874862670898
720,1,14,-2.2494664192199707,-2.2494664192199707,0.5161452889442444,0.0,6.618218898773193
720,1,15,-2.2315118312835693,-2.2315118312835693,0.5413007736206055,0.0,5.144216537475586
720,1,16,-2.27789306640625,-2.27789306640625,0.5810365080833435,0.0,7.4102373123168945
720,1,17,-2.253389835357666,-2.253389835357666,0.46236711740493774,0.0,6.009939193725586
720,1,18,-2.24214243888855,-2.24214243888855,0.5772758722305298,0.0,4.601381301879883
720,1,19,-2.2501749992370605,-2.2501749992370605,0.6691703796386719,0.0,5.616675853729248
720,2,0,-2.2618966102600098,-2.2618966102600098,0.4461514949798584,0.0,6.120366096496582
720,2,1,-2.2417657375335693,-2.2417657375335693,0.5650627613067627,0.0,6.074732780456543
720,2,2,-2.2451906204223633,-2.2451906204223633,0.500324010848999,0.0,6.280143737792969
720,2,3,-2.2620866298675537,-2.2620866298675537,0.5387297868728638,0.0,6.689903259277344
720,2,4,-2.2163033485412598,-2.2163033485412598,0.47055476903915405,0.0,5.989884853363037
720,2,5,-2.2430331707000732,-2.2430331707000732,0.44322627782821655,0.0,5.207161903381348
720,2,6,-2.269496440887451,-2.269496440887451,0.5301298499107361,0.0,4.211010932922363
720,2,7,-2.2522530555725098,-2.2522530555725098,0.4597582221031189,0.0,5.763645172119141
720,2,8,-2.246171236038208,-2.246171236038208,0.49440768361091614,0.0,5.857290267944336
720,2,9,-2.2706656455993652,-2.2706656455993652,0.5721731185913086,0.0,6.289273738861084
720,2,10,-2.2185380458831787,-2.2185380458831787,0.4552571475505829,0.0,5.495781898498535
720,2,11,-2.2540104389190674,-2.2540104389190674,0.5096716284751892,0.0,6.521932601928711
720,2,12,-2.2743263244628906,-2.2743263244628906,0.5348925590515137,0.0,6.557178020477295
720,2,13,-2.2623064517974854,-2.2623064517974854,0.4922347664833069,0.0,8.09913444519043
720,2,14,-2.2376627922058105,-2.2376627922058105,0.4840959906578064,0.0,6.173486709594727
720,2,15,-2.2665600776672363,-2.2665600776672363,0.5322302579879761,0.0,6.394008636474609
720,2,16,-2.203467845916748,-2.203467845916748,0.47943001985549927,0.0,6.741090774536133
720,2,17,-2.241770029067993,-2.241770029067993,0.5070543885231018,0.0,6.332668304443359
720,2,18,-2.2462832927703857,-2.2462832927703857,0.4625992774963379,0.0,6.072561740875244
720,2,19,-2.2566614151000977,-2.2566614151000977,0.4581575393676758,0.0,6.613522529602051
720,3,0,-2.2743473052978516,-2.2743473052978516,0.6069672703742981,0.0,3.9247002601623535
720,3,1,-2.276015520095825,-2.276015520095825,0.4954966604709625,0.0,3.0683274269104004
720,3,2,-2.275557041168213,-2.275557041168213,0.5831875801086426,0.0,4.102181434631348
720,3,3,-2.2701973915100098,-2.2701973915100098,0.4818676710128784,0.0,3.626573085784912
720,3,4,-2.275683641433716,-2.275683641433716,0.4420214891433716,0.0,3.9371533393859863
720,3,5,-2.277754545211792,-2.277754545211792,0.5724332332611084,0.0,2.419344186782837
720,3,6,-2.275616407394409,-2.275616407394409,0.5535582900047302,0.0,4.040310382843018
720,3,7,-2.269519329071045,-2.269519329071045,0.5562371611595154,0.0,3.47444486618042
720,3,8,-2.2408013343811035,-2.2408013343811035,0.5816917419433594,0.0,3.7874317169189453
720,3,9,-2.236565351486206,-2.236565351486206,0.5554178953170776,0.0,4.472815036773682
720,3,10,-2.2760462760925293,-2.2760462760925293,0.5619108080863953,0.0,3.807015895843506
720,3,11,-2.251575469970703,-2.251575469970703,0.6026105880737305,0.0,4.065468788146973
720,3,12,-2.2777326107025146,-2.2777326107025146,0.5706202387809753,0.0,3.093506097793579
720,3,13,-2.275874376296997,-2.275874376296997,0.5348674654960632,0.0,4.599400043487549
720,3,14,-2.245609998703003,-2.245609998703003,0.5560779571533203,0.0,4.347317218780518
720,3,15,-2.2749950885772705,-2.2749950885772705,0.5735083222389221,0.0,3.285519599914551
720,3,16,-2.2661845684051514,-2.2661845684051514,0.5104113221168518,0.0,2.7645254135131836
720,3,17,-2.278385877609253,-2.278385877609253,0.4687004089355469,0.0,3.9897232055664062
720,3,18,-2.269373655319214,-2.269373655319214,0.48738253116607666,0.0,3.8921761512756348
720,3,19,-2.274797201156616,-2.274797201156616,0.5472875833511353,0.0,1.234788417816162
720,4,0,-2.267212152481079,-2.267212152481079,0.4909309446811676,0.0,4.995859622955322
720,4,1,-2.274071216583252,-2.274071216583252,0.5261358022689819,0.0,5.123133659362793
720,4,2,-2.209881544113159,-2.209881544113159,0.5212609171867371,0.0,6.301836967468262
720,4,3,-2.2337353229522705,-2.2337353229522705,0.4212135374546051,0.0,5.224784851074219
720,4,4,-2.2787246704101562,-2.2787246704101562,0.6137014031410217,0.0,4.217203140258789
720,4,5,-2.2408909797668457,-2.2408909797668457,0.4610709249973297,0.0,5.803536415100098
720,4,6,-2.2692275047302246,-2.2692275047302246,0.4749733507633209,0.0,5.450958728790283
720,4,7,-2.241995096206665,-2.241995096206665,0.6094664335250854,0.0,5.144227027893066
720,4,8,-2.264479398727417,-2.264479398727417,0.45341387391090393,0.0,4.7111897468566895
720,4,9,-2.268900156021118,-2.268900156021118,0.4878003001213074,0.0,4.360581874847412
720,4,10,-2.2500064373016357,-2.2500064373016357,0.5182374715805054,0.0,5.6290483474731445
720,4,11,-2.262244701385498,-2.262244701385498,0.6968972682952881,0.0,5.009511470794678
720,4,12,-2.2547566890716553,-2.2547566890716553,0.4177667796611786,0.0,5.521939277648926
720,4,13,-2.2741332054138184,-2.2741332054138184,0.4227105379104614,0.0,5.327615737915039
720,4,14,-2.2302987575531006,-2.2302987575531006,0.5129066109657288,0.0,6.442012786865234
720,4,15,-2.2790863513946533,-2.2790863513946533,0.5390303730964661,0.0,4.877091407775879
720,4,16,-2.278975009918213,-2.278975009918213,0.5542699098587036,0.0,4.124074935913086
720,4,17,-2.2769362926483154,-2.2769362926483154,0.24811440706253052,0.0,4.435056686401367
720,4,18,-2.2681589126586914,-2.2681589126586914,0.5680100321769714,0.0,3.540926694869995
720,4,19,-2.240626573562622,-2.240626573562622,0.5577205419540405,0.0,6.3180460929870605
720,5,0,-2.254685163497925,-2.254685163497925,0.5737670063972473,0.0,6.816092014312744
720,5,1,-2.231597423553467,-2.231597423553467,0.539848804473877,0.0,5.965729713439941
720,5,2,-2.2397916316986084,-2.2397916316986084,0.5120578408241272,0.0,7.293200492858887
720,5,3,-2.237812042236328,-2.237812042236328,0.5035417079925537,0.0,5.799732208251953
720,5,4,-2.2025105953216553,-2.2025105953216553,0.6086099147796631,0.0,5.923246383666992
720,5,5,-2.2459044456481934,-2.2459044456481934,0.49761390686035156,0.0,5.104622840881348
720,5,6,-2.225923776626587,-2.225923776626587,0.4854547679424286,0.0,5.351377964019775
720,5,7,-2.2581770420074463,-2.2581770420074463,0.5805695652961731,0.0,5.918521881103516
720,5,8,-2.230964183807373,-2.230964183807373,0.5103901028633118,0.0,6.1571831703186035
720,5,9,-2.243851661682129,-2.243851661682129,0.5145963430404663,0.0,7.107133388519287
720,5,10,-2.2208220958709717,-2.2208220958709717,0.4765816926956177,0.0,7.158181190490723
720,5,11,-2.2172863483428955,-2.2172863483428955,0.5106051564216614,0.0,6.180630683898926
720,5,12,-2.2708137035369873,-2.2708137035369873,0.525665283203125,0.0,6.216089248657227
720,5,13,-2.2679836750030518,-2.2679836750030518,0.5697222948074341,0.0,5.616262435913086
720,5,14,-2.2681009769439697,-2.2681009769439697,0.5071196556091309,0.0,5.93215274810791
720,5,15,-2.269583225250244,-2.269583225250244,0.5619416236877441,0.0,6.545926094055176
720,5,16,-2.255169153213501,-2.255169153213501,0.5191491842269897,0.0,6.067180156707764
720,5,17,-2.2625110149383545,-2.2625110149383545,0.4572497010231018,0.0,6.589861869812012
720,5,18,-2.221832275390625,-2.221832275390625,0.46431776881217957,0.0,6.497213840484619
720,5,19,-2.2623844146728516,-2.2623844146728516,0.5135144591331482,0.0,5.829483985900879
720,6,0,-2.2405571937561035,-2.2405571937561035,0.5439425706863403,0.0,6.090453624725342
720,6,1,-2.2328603267669678,-2.2328603267669678,0.5372849106788635,0.0,6.248561382293701
720,6,2,-2.2785911560058594,-2.2785911560058594,0.4896877706050873,0.0,6.174747467041016
720,6,3,-2.2572076320648193,-2.2572076320648193,0.508692741394043,0.0,6.11513614654541
720,6,4,-2.2277369499206543,-2.2277369499206543,0.566888153553009,0.0,6.349424362182617
720,6,5,-2.219552755355835,-2.219552755355835,0.4929509162902832,0.0,5.753958225250244
720,6,6,-2.264927625656128,-2.264927625656128,0.5356782078742981,0.0,5.529130458831787
720,6,7,-2.2449865341186523,-2.2449865341186523,0.5380277037620544,0.0,6.924197196960449
720,6,8,-2.273491621017456,-2.273491621017456,0.549663782119751,0.0,5.600922584533691
720,6,9,-2.243197202682495,-2.243197202682495,0.598957359790802,0.0,6.142012596130371
720,6,10,-2.2682385444641113,-2.2682385444641113,0.6304245591163635,0.0,5.818122863769531
720,6,11,-2.2644238471984863,-2.2644238471984863,0.5175999402999878,0.0,6.864945888519287
720,6,12,-2.2028603553771973,-2.2028603553771973,0.5143494606018066,0.0,5.487645626068115
720,6,13,-2.262120246887207,-2.262120246887207,0.5566456913948059,0.0,6.13333797454834
720,6,14,-2.2707130908966064,-2.2707130908966064,0.5622523427009583,0.0,5.044983863830566
720,6,15,-2.2630746364593506,-2.2630746364593506,0.48329123854637146,0.0,6.751158237457275
720,6,16,-2.2327120304107666,-2.2327120304107666,0.5519812703132629,0.0,6.669994354248047
720,6,17,-2.235780954360962,-2.235780954360962,0.6158062815666199,0.0,6.760563850402832
720,6,18,-2.233426809310913,-2.233426809310913,0.546582043170929,0.0,5.8145599365234375
720,6,19,-2.2611191272735596,-2.2611191272735596,0.4960523247718811,0.0,6.123057842254639
720,7,0,-2.1939172744750977,-2.1939172744750977,0.5106588006019592,0.0,7.222509384155273
720,7,1,-2.2216134071350098,-2.2216134071350098,0.4733465611934662,0.0,5.976772308349609
720,7,2,-2.234699249267578,-2.234699249267578,0.4926765263080597,0.0,6.446476936340332
720,7,3,-2.2477967739105225,-2.2477967739105225,0.580901563167572,0.0,7.072084426879883
720,7,4,-2.243834972381592,-2.243834972381592,0.41756048798561096,0.0,6.6068806648254395
720,7,5,-2.250044107437134,-2.250044107437134,0.5229064226150513,0.0,6.284792900085449
720,7,6,-2.2089829444885254,-2.2089829444885254,0.5625939965248108,0.0,6.232614994049072
720,7,7,-2.158719062805176,-2.158719062805176,0.4316054582595825,0.0,6.487612724304199
720,7,8,-2.1969199180603027,-2.1969199180603027,0.4735780954360962,0.0,6.642743110656738
720,7,9,-2.212329864501953,-2.212329864501953,0.6311444640159607,0.0,6.053653240203857
720,7,10,-2.2190651893615723,-2.2190651893615723,0.5002473592758179,0.0,6.338903427124023
720,7,11,-2.2555835247039795,-2.2555835247039795,0.45297154784202576,0.0,5.330463409423828
720,7,12,-2.2385592460632324,-2.2385592460632324,0.47970274090766907,0.0,6.270957946777344
720,7,13,-2.250497579574585,-2.250497579574585,0.49997663497924805,0.0,4.105518341064453
720,7,14,-2.2765262126922607,-2.2765262126922607,0.539023756980896,0.0,6.144277095794678
720,7,15,-2.236572742462158,-2.236572742462158,0.562805712223053,0.0,5.725240707397461
720,7,16,-2.2465970516204834,-2.2465970516204834,0.43689674139022827,0.0,5.321108341217041
720,7,17,-2.2064430713653564,-2.2064430713653564,0.5648730397224426,0.0,6.263594627380371
720,7,18,-2.167112112045288,-2.167112112045288,0.553972065448761,0.0,5.564618110656738
720,7,19,-2.250214099884033,-2.250214099884033,0.6061216592788696,0.0,5.620863914489746
720,8,0,-2.2046873569488525,-2.2046873569488525,0.4512912929058075,0.0,5.773756980895996
720,8,1,-2.263880968093872,-2.263880968093872,0.4738602638244629,0.0,4.7305588722229
720,8,2,-2.22847843170166,-2.22847843170166,0.5382400155067444,0.0,6.039015293121338
720,8,3,-2.2307422161102295,-2.2307422161102295,0.40682587027549744,0.0,5.167325019836426
720,8,4,-2.261241912841797,-2.261241912841797,0.5084667205810547,0.0,4.627659320831299
720,8,5,-2.2292895317077637,-2.2292895317077637,0.5322555303573608,0.0,5.902974605560303
720,8,6,-2.2293388843536377,-2.2293388843536377,0.26954028010368347,0.0,4.667269706726074
720,8,7,-2.226463794708252,-2.226463794708252,0.49236616492271423,0.0,4.91749382019043
720,8,8,-2.1745717525482178,-2.1745717525482178,0.5170710682868958,0.0,4.701083183288574
720,8,9,-2.225477933883667,-2.225477933883667,0.534593403339386,0.0,5.808725833892822
720,8,10,-2.2569332122802734,-2.2569332122802734,0.47085005044937134,0.0,5.04321813583374
720,8,11,-2.245673894882202,-2.245673894882202,0.35837438702583313,0.0,5.048858165740967
720,8,12,-2.1944355964660645,-2.1944355964660645,0.4716026782989502,0.0,6.028669357299805
720,8,13,-2.267270803451538,-2.267270803451538,0.5449153184890747,0.0,3.951967239379883
720,8,14,-2.262784481048584,-2.262784481048584,0.46466004848480225,0.0,4.972047328948975
720,8,15,-2.1321487426757812,-2.1321487426757812,0.5207675099372864,0.0,5.342077732086182
720,8,16,-2.218284845352173,-2.218284845352173,0.46119019389152527,0.0,5.294350624084473
720,8,17,-2.2278974056243896,-2.2278974056243896,0.4924534559249878,0.0,4.936718463897705
720,8,18,-2.213256359100342,-2.213256359100342,0.4859984219074249,0.0,6.3536224365234375
720,8,19,-2.2103192806243896,-2.2103192806243896,0.46080881357192993,0.0,4.915683269500732
720,9,0,-2.172455310821533,-2.172455310821533,0.5317579507827759,0.0,6.193681716918945
720,9,1,-2.257399320602417,-2.257399320602417,0.527147114276886,0.0,5.839756965637207
720,9,2,-2.254971981048584,-2.254971981048584,0.48812922835350037,0.0,4.689847946166992
720,9,3,-2.1225051879882812,-2.1225051879882812,0.38836920261383057,0.0,5.686071395874023
720,9,4,-2.142017364501953,-2.142017364501953,0.36049941182136536,0.0,6.3122100830078125
720,9,5,-2.244344472885132,-2.244344472885132,0.46693819761276245,0.0,6.2625885009765625
720,9,6,-2.2779977321624756,-2.2779977321624756,0.4519226551055908,0.0,5.41767692565918
720,9,7,-2.2546210289001465,-2.2546210289001465,0.4632626473903656,0.0,6.170508861541748
720,9,8,-2.2255804538726807,-2.2255804538726807,0.5059030652046204,0.0,5.934690475463867
720,9,9,-2.2431533336639404,-2.2431533336639404,0.45508459210395813,0.0,6.590405464172363
720,9,10,-2.2685739994049072,-2.2685739994049072,0.5036160945892334,0.0,7.020662784576416
720,9,11,-2.270204782485962,-2.270204782485962,0.5513095259666443,0.0,5.841665267944336
720,9,12,-2.2745821475982666,-2.2745821475982666,0.4694981575012207,0.0,6.400571823120117
720,9,13,-2.2519118785858154,-2.2519118785858154,0.4782128930091858,0.0,5.942378044128418
720,9,14,-2.211225986480713,-2.211225986480713,0.4907349646091461,0.0,6.485436916351318
720,9,15,-2.2122621536254883,-2.2122621536254883,0.4874592423439026,0.0,5.251469612121582
720,9,16,-2.257354974746704,-2.257354974746704,0.47969576716423035,0.0,5.036771774291992
720,9,17,-2.2299041748046875,-2.2299041748046875,0.5881562829017639,0.0,4.81396484375
720,9,18,-2.2725532054901123,-2.2725532054901123,0.4624064564704895,0.0,6.211441516876221
720,9,19,-2.2357654571533203,-2.2357654571533203,0.44680672883987427,0.0,4.754049301147461
700,0,0,-2.2508347034454346,-2.2508347034454346,0.5234029293060303,0.0,3.619076728820801
700,0,1,-2.2246382236480713,-2.2246382236480713,0.5410547256469727,0.0,3.8272483348846436
700,0,2,-2.2711479663848877,-2.2711479663848877,0.47818663716316223,0.0,5.361110687255859
700,0,3,-2.2478690147399902,-2.2478690147399902,0.5341739058494568,0.0,5.25030517578125
700,0,4,-2.2665836811065674,-2.2665836811065674,0.549640417098999,0.0,3.7367446422576904
700,0,5,-2.259441375732422,-2.259441375732422,0.5640001893043518,0.0,3.9340953826904297
700,0,6,-2.2495975494384766,-2.2495975494384766,0.46070364117622375,0.0,3.5870614051818848
700,0,7,-2.2753000259399414,-2.2753000259399414,0.5568466186523438,0.0,3.754006862640381
700,0,8,-2.2476208209991455,-2.2476208209991455,0.5369564294815063,0.0,4.1231160163879395
700,0,9,-2.2562716007232666,-2.2562716007232666,0.5131832361221313,0.0,3.1708083152770996
700,0,10,-2.2370264530181885,-2.2370264530181885,0.4833194315433502,0.0,4.714780807495117
700,0,11,-2.257807731628418,-2.257807731628418,0.4760989248752594,0.0,3.8948793411254883
700,0,12,-2.2211642265319824,-2.2211642265319824,0.5408018827438354,0.0,3.482933521270752
700,0,13,-2.267904758453369,-2.267904758453369,0.665533185005188,0.0,2.903846263885498
700,0,14,-2.213768720626831,-2.213768720626831,0.49085983633995056,0.0,3.5631961822509766
700,0,15,-2.2733676433563232,-2.2733676433563232,0.5423642992973328,0.0,4.772597312927246
700,0,16,-2.240485429763794,-2.240485429763794,0.5246661901473999,0.0,3.2866244316101074
700,0,17,-2.2225217819213867,-2.2225217819213867,0.6071924567222595,0.0,4.250628471374512
700,0,18,-2.2620580196380615,-2.2620580196380615,0.4665854275226593,0.0,4.014190196990967
700,0,19,-2.2700374126434326,-2.2700374126434326,0.49251267313957214,0.0,3.1429107189178467
700,1,0,-2.2450129985809326,-2.2450129985809326,0.5962613224983215,0.0,5.337719440460205
700,1,1,-2.248198986053467,-2.248198986053467,0.41444340348243713,0.0,6.2900896072387695
700,1,2,-2.207131862640381,-2.207131862640381,0.5309180021286011,0.0,5.690280914306641
700,1,3,-2.2347395420074463,-2.2347395420074463,0.456019788980484,0.0,5.698950290679932
700,1,4,-2.172136068344116,-2.172136068344116,0.5013567209243774,0.0,4.95939826965332
700,1,5,-2.2575461864471436,-2.2575461864471436,0.5024678707122803,0.0,5.902973651885986
700,1,6,-2.237738609313965,-2.237738609313965,0.41315653920173645,0.0,4.818920135498047
700,1,7,-2.247744560241699,-2.247744560241699,0.4924311637878418,0.0,6.053876876831055
700,1,8,-2.255476951599121,-2.255476951599121,0.5299769639968872,0.0,5.564803123474121
700,1,9,-2.2447335720062256,-2.2447335720062256,0.4034970998764038,0.0,6.453530311584473
700,1,10,-2.2337260246276855,-2.2337260246276855,0.4249475300312042,0.0,6.408000946044922
700,1,11,-2.248323440551758,-2.248323440551758,0.543072521686554,0.0,6.346894264221191
700,1,12,-2.2777535915374756,-2.2777535915374756,0.4986419677734375,0.0,5.493061065673828
700,1,13,-2.2741806507110596,-2.2741806507110596,0.5270609259605408,0.0,4.424510955810547
700,1,14,-2.235412120819092,-2.235412120819092,0.45023465156555176,0.0,5.081239700317383
700,1,15,-2.2187464237213135,-2.2187464237213135,0.4606212079524994,0.0,5.870891571044922
700,1,16,-2.253220558166504,-2.253220558166504,0.4698875844478607,0.0,5.696615219116211
700,1,17,-2.2364766597747803,-2.2364766597747803,0.4560313820838928,0.0,5.841794967651367
700,1,18,-2.230353593826294,-2.230353593826294,0.5894833207130432,0.0,6.197679042816162
700,1,19,-2.251495122909546,-2.251495122909546,0.48647797107696533,0.0,5.121885776519775
700,2,0,-2.258131504058838,-2.258131504058838,0.45233505964279175,0.0,7.398752689361572
700,2,1,-2.2516746520996094,-2.2516746520996094,0.5178043246269226,0.0,3.4867939949035645
700,2,2,-2.2597270011901855,-2.2597270011901855,0.5204524993896484,0.0,5.665192127227783
700,2,3,-2.2355222702026367,-2.2355222702026367,0.4438425302505493,0.0,5.364965915679932
700,2,4,-2.240783452987671,-2.240783452987671,0.48303306102752686,0.0,7.265864849090576
700,2,5,-2.2422118186950684,-2.2422118186950684,0.5091934204101562,0.0,7.7169880867004395
700,2,6,-2.235488176345825,-2.235488176345825,0.5629149675369263,0.0,5.850114822387695
700,2,7,-2.2617897987365723,-2.2617897987365723,0.5449618101119995,0.0,6.328757286071777
700,2,8,-2.2324705123901367,-2.2324705123901367,0.48665598034858704,0.0,6.75173282623291
700,2,9,-2.2454640865325928,-2.2454640865325928,0.3987789452075958,0.0,6.228431701660156
700,2,10,-2.241511583328247,-2.241511583328247,0.5175605416297913,0.0,6.440481185913086
700,2,11,-2.2553348541259766,-2.2553348541259766,0.5110131502151489,0.0,5.938936233520508
700,2,12,-2.215588092803955,-2.215588092803955,0.5599616169929504,0.0,5.648211479187012
700,2,13,-2.254088878631592,-2.254088878631592,0.5175892114639282,0.0,6.145925045013428
700,2,14,-2.229797601699829,-2.229797601699829,0.5174469351768494,0.0,6.713316917419434
700,2,15,-2.2523787021636963,-2.2523787021636963,0.4812219440937042,0.0,6.055973052978516
700,2,16,-2.237589120864868,-2.237589120864868,0.5314573049545288,0.0,6.8231353759765625
700,2,17,-2.225217342376709,-2.225217342376709,0.5461347103118896,0.0,6.252614974975586
700,2,18,-2.1913936138153076,-2.1913936138153076,0.5483065843582153,0.0,6.158708572387695
700,2,19,-2.262958288192749,-2.262958288192749,0.4752654433250427,0.0,5.681680679321289
700,3,0,-2.2749428749084473,-2.2749428749084473,0.46703946590423584,0.0,3.657932996749878
700,3,1,-2.278003454208374,-2.278003454208374,0.501767098903656,0.0,3.3659372329711914
700,3,2,-2.2755110263824463,-2.2755110263824463,0.5364885330200195,0.0,4.283089637756348
700,3,3,-2.276118040084839,-2.276118040084839,0.483859658241272,0.0,3.0817272663116455
700,3,4,-2.2784435749053955,-2.2784435749053955,0.5557411909103394,0.0,3.1668195724487305
700,3,5,-2.2778701782226562,-2.2778701782226562,0.466718465089798,0.0,4.43142032623291
700,3,6,-2.273608684539795,-2.273608684539795,0.5070838928222656,0.0,2.6928791999816895
700,3,7,-2.237393379211426,-2.237393379211426,0.5052884221076965,0.0,4.139382839202881
700,3,8,-2.2720818519592285,-2.2720818519592285,0.6456243991851807,0.0,3.2600059509277344
700,3,9,-2.277703285217285,-2.277703285217285,0.49300047755241394,0.0,3.322277545928955
700,3,10,-2.2753374576568604,-2.2753374576568604,0.5912811160087585,0.0,1.8295395374298096
700,3,11,-2.275698184967041,-2.275698184967041,0.5302212834358215,0.0,1.8536255359649658
700,3,12,-2.2751057147979736,-2.2751057147979736,0.507988691329956,0.0,4.194148063659668
700,3,13,-2.2727038860321045,-2.2727038860321045,0.5443161129951477,0.0,2.8017044067382812
700,3,14,-2.2692222595214844,-2.2692222595214844,0.5439160466194153,0.0,1.5372344255447388
700,3,15,-2.2570760250091553,-2.2570760250091553,0.4776488244533539,0.0,4.460782527923584
700,3,16,-2.2763679027557373,-2.2763679027557373,0.5066736936569214,0.0,4.47689962387085
700,3,17,-2.275815963745117,-2.275815963745117,0.5447965860366821,0.0,3.851052761077881
700,3,18,-2.2751569747924805,-2.2751569747924805,0.46024376153945923,0.0,2.357481002807617
700,3,19,-2.2768568992614746,-2.2768568992614746,0.5207505822181702,0.0,4.3226094245910645
700,4,0,-2.2787227630615234,-2.2787227630615234,0.5768719911575317,0.0,4.005716800689697
700,4,1,-2.216343879699707,-2.216343879699707,0.5009403824806213,0.0,5.657736301422119
700,4,2,-2.2732625007629395,-2.2732625007629395,0.4988411068916321,0.0,3.0200788974761963
700,4,3,-2.267328977584839,-2.267328977584839,0.5027523636817932,0.0,7.519293785095215
700,4,4,-2.2279555797576904,-2.2279555797576904,0.5097695589065552,0.0,5.852635860443115
700,4,5,-2.2776029109954834,-2.2776029109954834,0.4602510929107666,0.0,4.0518879890441895
700,4,6,-2.2552056312561035,-2.2552056312561035,0.5566551089286804,0.0,3.261662721633911
700,4,7,-2.2532434463500977,-2.2532434463500977,0.5126116871833801,0.0,3.772054672241211
700,4,8,-2.266308307647705,-2.266308307647705,0.4652855396270752,0.0,5.370479583740234
700,4,9,-2.2617554664611816,-2.2617554664611816,0.38299626111984253,0.0,5.871269226074219
700,4,10,-2.253261089324951,-2.253261089324951,0.49573689699172974,0.0,5.34733247756958
700,4,11,-2.2742748260498047,-2.2742748260498047,0.5399673581123352,0.0,4.804126262664795
700,4,12,-2.2775192260742188,-2.2775192260742188,0.5663993954658508,0.0,4.158653259277344
700,4,13,-2.275095224380493,-2.275095224380493,0.4931747019290924,0.0,4.886924743652344
700,4,14,-2.275268793106079,-2.275268793106079,0.50025874376297,0.0,5.983031272888184
700,4,15,-2.2769381999969482,-2.2769381999969482,0.48997876048088074,0.0,5.742681980133057
700,4,16,-2.2596747875213623,-2.2596747875213623,0.38353174924850464,0.0,4.55526876449585
700,4,17,-2.2314698696136475,-2.2314698696136475,0.369809627532959,0.0,5.053576469421387
700,4,18,-2.2431278228759766,-2.2431278228759766,0.551889955997467,0.0,5.047652244567871
700,4,19,-2.2620673179626465,-2.2620673179626465,0.4843049943447113,0.0,5.2695722579956055
700,5,0,-2.2574806213378906,-2.2574806213378906,0.5899115204811096,0.0,6.741390228271484
700,5,1,-2.259951114654541,-2.259951114654541,0.4171743094921112,0.0,6.311755180358887
700,5,2,-2.266881227493286,-2.266881227493286,0.543351411819458,0.0,6.1799092292785645
700,5,3,-2.268786668777466,-2.268786668777466,0.49241623282432556,0.0,6.139012336730957
700,5,4,-2.237489938735962,-2.237489938735962,0.5000869631767273,0.0,7.439966201782227
700,5,5,-2.2546632289886475,-2.2546632289886475,0.549384593963623,0.0,6.816415309906006
700,5,6,-2.237295389175415,-2.237295389175415,0.5877379775047302,0.0,5.737881660461426
700,5,7,-2.2304916381835938,-2.2304916381835938,0.47392815351486206,0.0,6.297549724578857
700,5,8,-2.240379571914673,-2.240379571914673,0.5342298746109009,0.0,6.216330051422119
700,5,9,-2.2604868412017822,-2.2604868412017822,0.5651726722717285,0.0,5.815329074859619
700,5,10,-2.2689952850341797,-2.2689952850341797,0.5515778660774231,0.0,8.334096908569336
700,5,11,-2.229153871536255,-2.229153871536255,0.643831193447113,0.0,7.9321136474609375
700,5,12,-2.2413201332092285,-2.2413201332092285,0.5134719610214233,0.0,6.245015621185303
700,5,13,-2.218655824661255,-2.218655824661255,0.49867090582847595,0.0,6.721991539001465
700,5,14,-2.257641077041626,-2.257641077041626,0.5471811294555664,0.0,6.509177207946777
700,5,15,-2.2131216526031494,-2.2131216526031494,0.5234059691429138,0.0,6.960803985595703
700,5,16,-2.263580799102783,-2.263580799102783,0.5675705671310425,0.0,6.318309307098389
700,5,17,-2.19018292427063,-2.19018292427063,0.47662630677223206,0.0,6.404881477355957
700,5,18,-2.2425737380981445,-2.2425737380981445,0.4225632846355438,0.0,6.062633514404297
700,5,19,-2.260119676589966,-2.260119676589966,0.5769810080528259,0.0,6.395960330963135
700,6,0,-2.2316548824310303,-2.2316548824310303,0.4957883358001709,0.0,6.020666599273682
700,6,1,-2.273040294647217,-2.273040294647217,0.5175694227218628,0.0,5.8764543533325195
700,6,2,-2.197681427001953,-2.197681427001953,0.5447479486465454,0.0,6.533682346343994
700,6,3,-2.247507095336914,-2.247507095336914,0.5437825918197632,0.0,5.397212982177734
700,6,4,-2.232937812805176,-2.232937812805176,0.48922523856163025,0.0,6.309973239898682
700,6,5,-2.251112461090088,-2.251112461090088,0.5059887766838074,0.0,6.1336212158203125
700,6,6,-2.1981844902038574,-2.1981844902038574,0.5004746317863464,0.0,6.132357597351074
700,6,7,-2.244250535964966,-2.244250535964966,0.5735306739807129,0.0,5.666908264160156
700,6,8,-2.2507524490356445,-2.2507524490356445,0.49693650007247925,0.0,5.6449432373046875
700,6,9,-2.268066883087158,-2.268066883087158,0.5175310373306274,0.0,6.162080764770508
700,6,10,-2.2366108894348145,-2.2366108894348145,0.5747458934783936,0.0,5.900665283203125
700,6,11,-2.227362632751465,-2.227362632751465,0.5737048387527466,0.0,6.102743625640869
700,6,12,-2.2312073707580566,-2.2312073707580566,0.5719906687736511,0.0,6.092911720275879
700,6,13,-2.2612156867980957,-2.2612156867980957,0.5659505128860474,0.0,4.962031364440918
700,6,14,-2.233710765838623,-2.233710765838623,0.5044670701026917,0.0,6.136568069458008
700,6,15,-2.2597670555114746,-2.2597670555114746,0.5035901069641113,0.0,6.213363170623779
700,6,16,-2.2676584720611572,-2.2676584720611572,0.49741655588150024,0.0,6.205931663513184
700,6,17,-2.199077606201172,-2.199077606201172,0.5456464290618896,0.0,6.885730266571045
700,6,18,-2.27160382270813,-2.27160382270813,0.6047152876853943,0.0,6.596100807189941
700,6,19,-2.2699592113494873,-2.2699592113494873,0.4411153793334961,0.0,6.08486795425415
700,7,0,-2.2377536296844482,-2.2377536296844482,0.49184539914131165,0.0,5.598063945770264
700,7,1,-2.213963270187378,-2.213963270187378,0.5970656871795654,0.0,6.137419700622559
700,7,2,-2.2092220783233643,-2.2092220783233643,0.5784313678741455,0.0,5.762050628662109
700,7,3,-2.261060953140259,-2.261060953140259,0.4918871521949768,0.0,5.622308731079102
700,7,4,-2.2553980350494385,-2.2553980350494385,0.5629045367240906,0.0,5.859473705291748
700,7,5,-2.1806726455688477,-2.1806726455688477,0.4403504729270935,0.0,3.905215263366699
700,7,6,-2.2127327919006348,-2.2127327919006348,0.44837450981140137,0.0,6.220073223114014
700,7,7,-2.178744316101074,-2.178744316101074,0.5071157217025757,0.0,5.1310319900512695
700,7,8,-2.199714183807373,-2.199714183807373,0.5366820693016052,0.0,6.732555866241455
700,7,9,-2.2098772525787354,-2.2098772525787354,0.46538498997688293,0.0,5.228934288024902
700,7,10,-2.248192310333252,-2.248192310333252,0.5145900845527649,0.0,6.25972843170166
700,7,11,-2.244957685470581,-2.244957685470581,0.6229364275932312,0.0,5.789274215698242
700,7,12,-2.201932907104492,-2.201932907104492,0.4716109335422516,0.0,5.459920883178711
700,7,13,-2.1450562477111816,-2.1450562477111816,0.6191688776016235,0.0,6.444618225097656
700,7,14,-2.2210092544555664,-2.2210092544555664,0.5266913771629333,0.0,5.572793006896973
700,7,15,-2.2142417430877686,-2.2142417430877686,0.5191472172737122,0.0,6.262408256530762
700,7,16,-2.2348790168762207,-2.2348790168762207,0.5407582521438599,0.0,5.459199905395508
700,7,17,-2.2169294357299805,-2.2169294357299805,0.47229641675949097,0.0,6.905949115753174
700,7,18,-2.1731860637664795,-2.1731860637664795,0.5733150243759155,0.0,5.922360897064209
700,7,19,-2.197465181350708,-2.197465181350708,0.5625753402709961,0.0,5.764278888702393
700,8,0,-2.2462966442108154,-2.2462966442108154,0.48827776312828064,0.0,5.399904251098633
700,8,1,-2.2542171478271484,-2.2542171478271484,0.4807147979736328,0.0,4.178097248077393
700,8,2,-2.2706592082977295,-2.2706592082977295,0.4576101005077362,0.0,5.26992130279541
700,8,3,-2.2368478775024414,-2.2368478775024414,0.4886554777622223,0.0,5.139496803283691
700,8,4,-2.2277400493621826,-2.2277400493621826,0.5150856971740723,0.0,4.851903915405273
700,8,5,-2.20377516746521,-2.20377516746521,0.5160970091819763,0.0,5.32576847076416
700,8,6,-2.2441680431365967,-2.2441680431365967,0.43033552169799805,0.0,5.533572196960449
700,8,7,-2.1978392601013184,-2.1978392601013184,0.5072856545448303,0.0,4.979138374328613
700,8,8,-2.2223691940307617,-2.2223691940307617,0.46867334842681885,0.0,5.205600738525391
700,8,9,-2.263728380203247,-2.263728380203247,0.4745942950248718,0.0,5.352505683898926
700,8,10,-2.24204158782959,-2.24204158782959,0.4290730357170105,0.0,5.065983295440674
700,8,11,-2.2183799743652344,-2.2183799743652344,0.43418946862220764,0.0,5.2117838859558105
700,8,12,-2.267751693725586,-2.267751693725586,0.3912585973739624,0.0,4.367253303527832
700,8,13,-2.2705183029174805,-2.2705183029174805,0.5007104873657227,0.0,4.251747131347656
700,8,14,-2.2623212337493896,-2.2623212337493896,0.4571591019630432,0.0,3.9066998958587646
700,8,15,-2.243506908416748,-2.243506908416748,0.4783923625946045,0.0,4.839931488037109
700,8,16,-2.270432949066162,-2.270432949066162,0.5541269183158875,0.0,4.365107536315918
700,8,17,-2.2729899883270264,-2.2729899883270264,0.430330365896225,0.0,5.653550148010254
700,8,18,-2.2758498191833496,-2.2758498191833496,0.4392006993293762,0.0,4.597662925720215
700,8,19,-2.211428642272949,-2.211428642272949,0.5279591083526611,0.0,5.53602933883667
700,9,0,-2.229748487472534,-2.229748487472534,0.43562161922454834,0.0,6.187169075012207
700,9,1,-2.2518858909606934,-2.2518858909606934,0.5575150847434998,0.0,5.220026969909668
700,9,2,-2.2610435485839844,-2.2610435485839844,0.4988686442375183,0.0,6.026834487915039
700,9,3,-2.2604968547821045,-2.2604968547821045,0.39760464429855347,0.0,4.972175598144531
700,9,4,-2.250195026397705,-2.250195026397705,0.49983590841293335,0.0,5.603614807128906
700,9,5,-2.247298002243042,-2.247298002243042,0.4833923876285553,0.0,6.355217933654785
700,9,6,-2.257800579071045,-2.257800579071045,0.5269353985786438,0.0,4.147791862487793
700,9,7,-2.2464277744293213,-2.2464277744293213,0.5394316911697388,0.0,5.448134899139404
700,9,8,-2.2105183601379395,-2.2105183601379395,0.38911277055740356,0.0,5.050788402557373
700,9,9,-2.2517242431640625,-2.2517242431640625,0.5389043092727661,0.0,5.453995704650879
700,9,10,-2.2395009994506836,-2.2395009994506836,0.4508190453052521,0.0,5.277787208557129
700,9,11,-2.27646541595459,-2.27646541595459,0.47608238458633423,0.0,6.072981834411621
700,9,12,-2.2658851146698,-2.2658851146698,0.5467125177383423,0.0,5.916572570800781
700,9,13,-2.237379789352417,-2.237379789352417,0.46451109647750854,0.0,6.296194076538086
700,9,14,-2.256695032119751,-2.256695032119751,0.5494254231452942,0.0,5.386962890625
700,9,15,-2.221073865890503,-2.221073865890503,0.44987496733665466,0.0,4.916288375854492
700,9,16,-2.2607219219207764,-2.2607219219207764,0.4706593155860901,0.0,5.43794059753418
700,9,17,-2.246753454208374,-2.246753454208374,0.47047948837280273,0.0,5.662873268127441
700,9,18,-2.231519937515259,-2.231519937515259,0.47640424966812134,0.0,6.014736175537109
700,9,19,-2.234807014465332,-2.234807014465332,0.4543134868144989,0.0,5.766239643096924
680,0,0,-2.238365411758423,-2.238365411758423,0.4816959500312805,0.0,3.8827641010284424
680,0,1,-2.195295572280884,-2.195295572280884,0.5015699863433838,0.0,4.124547004699707
680,0,2,-2.253941774368286,-2.253941774368286,0.5507611632347107,0.0,3.739264488220215
680,0,3,-2.2425594329833984,-2.2425594329833984,0.5066953897476196,0.0,3.460015058517456
680,0,4,-2.262678861618042,-2.262678861618042,0.5557520985603333,0.0,4.365376949310303
680,0,5,-2.2527687549591064,-2.2527687549591064,0.5318383574485779,0.0,3.85969877243042
680,0,6,-2.2302589416503906,-2.2302589416503906,0.566302478313446,0.0,3.3819594383239746
680,0,7,-2.2021777629852295,-2.2021777629852295,0.5792219042778015,0.0,4.387630462646484
680,0,8,-2.2407467365264893,-2.2407467365264893,0.521793782711029,0.0,3.642063617706299
680,0,9,-2.2386529445648193,-2.2386529445648193,0.5821812152862549,0.0,4.732004165649414
680,0,10,-2.253532648086548,-2.253532648086548,0.55078125,0.0,4.04931640625
680,0,11,-2.224085569381714,-2.224085569381714,0.5276489853858948,0.0,3.674532890319824
680,0,12,-2.2352113723754883,-2.2352113723754883,0.5485944151878357,0.0,3.6932265758514404
680,0,13,-2.2533037662506104,-2.2533037662506104,0.48432210087776184,0.0,3.9637362957000732
680,0,14,-2.2702279090881348,-2.2702279090881348,0.5771603584289551,0.0,3.4491450786590576
680,0,15,-2.266618251800537,-2.266618251800537,0.5423514246940613,0.0,4.1660566329956055
680,0,16,-2.235255479812622,-2.235255479812622,0.6166102886199951,0.0,4.063510894775391
680,0,17,-2.2248010635375977,-2.2248010635375977,0.47856003046035767,0.0,3.631155490875244
680,0,18,-2.2191245555877686,-2.2191245555877686,0.5069231390953064,0.0,3.5517168045043945
680,0,19,-2.2525222301483154,-2.2525222301483154,0.5521262884140015,0.0,3.9195919036865234
680,1,0,-2.2678310871124268,-2.2678310871124268,0.5240803360939026,0.0,6.712517738342285
680,1,1,-2.2466211318969727,-2.2466211318969727,0.526723325252533,0.0,5.526057720184326
680,1,2,-2.2511444091796875,-2.2511444091796875,0.5178852677345276,0.0,6.164560794830322
680,1,3,-2.267885684967041,-2.267885684967041,0.4651440978050232,0.0,5.705153465270996
680,1,4,-2.247580051422119,-2.247580051422119,0.4829659163951874,0.0,5.043637275695801
680,1,5,-2.2248380184173584,-2.2248380184173584,0.509248673915863,0.0,5.227530479431152
680,1,6,-2.23225474357605,-2.23225474357605,0.46651625633239746,0.0,5.092706680297852
680,1,7,-2.172755479812622,-2.172755479812622,0.38775143027305603,0.0,5.76290225982666
680,1,8,-2.245638847351074,-2.245638847351074,0.449454128742218,0.0,5.571664810180664
680,1,9,-2.1473889350891113,-2.1473889350891113,0.46381959319114685,0.0,5.910336494445801
680,1,10,-2.262258291244507,-2.262258291244507,0.38499611616134644,0.0,4.908726692199707
680,1,11,-2.187920093536377,-2.187920093536377,0.5893516540527344,0.0,6.383703708648682
680,1,12,-2.220409870147705,-2.220409870147705,0.47084784507751465,0.0,6.0170135498046875
680,1,13,-2.243182420730591,-2.243182420730591,0.4511670172214508,0.0,5.224745750427246
680,1,14,-2.2537059783935547,-2.2537059783935547,0.5136958360671997,0.0,6.601350784301758
680,1,15,-2.255330801010132,-2.255330801010132,0.5209609866142273,0.0,5.503503799438477
680,1,16,-2.248800754547119,-2.248800754547119,0.41804903745651245,0.0,7.0397233963012695
680,1,17,-2.2290220260620117,-2.2290220260620117,0.5068342089653015,0.0,4.9126763343811035
680,1,18,-2.246070146560669,-2.246070146560669,0.5133504271507263,0.0,6.107752799987793
680,1,19,-2.237173080444336,-2.237173080444336,0.548646867275238,0.0,6.05812931060791
680,2,0,-2.2537577152252197,-2.2537577152252197,0.5264260172843933,0.0,7.000185966491699
680,2,1,-2.2271313667297363,-2.2271313667297363,0.5344644784927368,0.0,5.8108110427856445
680,2,2,-2.2140750885009766,-2.2140750885009766,0.49765729904174805,0.0,6.795178413391113
680,2,3,-2.2509450912475586,-2.2509450912475586,0.48872312903404236,0.0,7.66208553314209
680,2,4,-2.239621162414551,-2.239621162414551,0.5620700716972351,0.0,6.261826992034912
680,2,5,-2.2515347003936768,-2.2515347003936768,0.5329801440238953,0.0,7.150274753570557
680,2,6,-2.2514610290527344,-2.2514610290527344,0.45774534344673157,0.0,6.345497131347656
680,2,7,-2.2542929649353027,-2.2542929649353027,0.476260244846344,0.0,5.757472038269043
680,2,8,-2.2447500228881836,-2.2447500228881836,0.4730137884616852,0.0,6.255763053894043
680,2,9,-2.2452232837677,-2.2452232837677,0.4507521688938141,0.0,7.028339385986328
680,2,10,-2.2514419555664062,-2.2514419555664062,0.5144559741020203,0.0,6.256640434265137
680,2,11,-2.2393810749053955,-2.2393810749053955,0.575674295425415,0.0,6.236606597900391
680,2,12,-2.253941297531128,-2.253941297531128,0.4759337306022644,0.0,6.282989501953125
680,2,13,-2.2561638355255127,-2.2561638355255127,0.5613982677459717,0.0,7.067337989807129
680,2,14,-2.267221689224243,-2.267221689224243,0.4998297095298767,0.0,6.1606550216674805
680,2,15,-2.248950242996216,-2.248950242996216,0.5323979258537292,0.0,6.227457523345947
680,2,16,-2.2112581729888916,-2.2112581729888916,0.4965318739414215,0.0,6.174163818359375
680,2,17,-2.2591357231140137,-2.2591357231140137,0.48591819405555725,0.0,6.261611461639404
680,2,18,-2.250749349594116,-2.250749349594116,0.498043417930603,0.0,5.623944282531738
680,2,19,-2.225463628768921,-2.225463628768921,0.5767595171928406,0.0,6.690176963806152
680,3,0,-2.2764720916748047,-2.2764720916748047,0.5130003094673157,0.0,3.516383647918701
680,3,1,-2.2778217792510986,-2.2778217792510986,0.5996630191802979,0.0,4.321900367736816
680,3,2,-2.2573421001434326,-2.2573421001434326,0.5693163275718689,0.0,0.9972639083862305
680,3,3,-2.267446517944336,-2.267446517944336,0.510570764541626,0.0,4.675393581390381
680,3,4,-2.2757294178009033,-2.2757294178009033,0.4464484751224518,0.0,3.150547504425049
680,3,5,-2.256098508834839,-2.256098508834839,0.4953935444355011,0.0,1.8680994510650635
680,3,6,-2.2583348751068115,-2.2583348751068115,0.5091943144798279,0.0,2.3607702255249023
680,3,7,-2.272308349609375,-2.272308349609375,0.4962131381034851,0.0,3.539381504058838
680,3,8,-2.277259588241577,-2.277259588241577,0.4783744513988495,0.0,2.624948024749756
680,3,9,-2.2765204906463623,-2.2765204906463623,0.526738703250885,0.0,4.953364849090576
680,3,10,-2.2536110877990723,-2.2536110877990723,0.5748067498207092,0.0,2.0646326541900635
680,3,11,-2.2794179916381836,-2.2794179916381836,0.618325412273407,0.0,2.6530845165252686
680,3,12,-2.2731566429138184,-2.2731566429138184,0.5456330180168152,0.0,4.040619373321533
680,3,13,-2.274125099182129,-2.274125099182129,0.49982643127441406,0.0,2.2504398822784424
680,3,14,-2.26981782913208,-2.26981782913208,0.4944577217102051,0.0,3.431333541870117
680,3,15,-2.2571773529052734,-2.2571773529052734,0.47410595417022705,0.0,3.5407845973968506
680,3,16,-2.2778635025024414,-2.2778635025024414,0.5208233594894409,0.0,4.603215217590332
680,3,17,-2.219111204147339,-2.219111204147339,0.4658883213996887,0.0,4.6566901206970215
680,3,18,-2.209660768508911,-2.209660768508911,0.49586760997772217,0.0,2.8139114379882812
680,3,19,-2.2599990367889404,-2.2599990367889404,0.5844076871871948,0.0,2.82611346244812
680,4,0,-2.2657957077026367,-2.2657957077026367,0.6379756331443787,0.0,4.1442694664001465
680,4,1,-2.2770731449127197,-2.2770731449127197,0.5046497583389282,0.0,5.43902587890625
680,4,2,-2.2412421703338623,-2.2412421703338623,0.41332510113716125,0.0,4.4259748458862305
680,4,3,-2.2672934532165527,-2.2672934532165527,0.49069175124168396,0.0,4.234411239624023
680,4,4,-2.2400941848754883,-2.2400941848754883,0.45762506127357483,0.0,4.418254375457764
680,4,5,-2.2764062881469727,-2.2764062881469727,0.4703335165977478,0.0,4.170340538024902
680,4,6,-2.2787647247314453,-2.2787647247314453,0.4699884057044983,0.0,3.9985008239746094
680,4,7,-2.2754430770874023,-2.2754430770874023,0.5201265215873718,0.0,4.641443252563477
680,4,8,-2.2685389518737793,-2.2685389518737793,0.5144433379173279,0.0,3.78438138961792
680,4,9,-2.2752556800842285,-2.2752556800842285,0.5031218528747559,0.0,4.613213062286377
680,4,10,-2.2518486976623535,-2.2518486976623535,0.4752931296825409,0.0,5.580421447753906
680,4,11,-2.2780568599700928,-2.2780568599700928,0.5021947026252747,0.0,5.339186668395996
680,4,12,-2.272522211074829,-2.272522211074829,0.532386839389801,0.0,5.959545135498047
680,4,13,-2.2790613174438477,-2.2790613174438477,0.5452384352684021,0.0,5.471104621887207
680,4,14,-2.2674269676208496,-2.2674269676208496,0.45666971802711487,0.0,4.413293838500977
680,4,15,-2.273892641067505,-2.273892641067505,0.39566659927368164,0.0,5.282841682434082
680,4,16,-2.2795662879943848,-2.2795662879943848,0.3980087637901306,0.0,4.366196155548096
680,4,17,-2.2745449542999268,-2.2745449542999268,0.4632187485694885,0.0,7.037812232971191
680,4,18,-2.2628746032714844,-2.2628746032714844,0.5294309258460999,0.0,3.6451241970062256
680,4,19,-2.2737762928009033,-2.2737762928009033,0.4535602629184723,0.0,4.418760776519775
680,5,0,-2.254803419113159,-2.254803419113159,0.5115302205085754,0.0,5.805337905883789
680,5,1,-2.25736665725708,-2.25736665725708,0.5922778844833374,0.0,6.904373645782471
680,5,2,-2.250257968902588,-2.250257968902588,0.5458388328552246,0.0,6.927277088165283
680,5,3,-2.268010139465332,-2.268010139465332,0.46804094314575195,0.0,6.515688419342041
680,5,4,-2.2745018005371094,-2.2745018005371094,0.5284215211868286,0.0,6.042913436889648
680,5,5,-2.2526087760925293,-2.2526087760925293,0.5594991445541382,0.0,6.477114677429199
680,5,6,-2.2365269660949707,-2.2365269660949707,0.5696776509284973,0.0,5.862366676330566
680,5,7,-2.258455753326416,-2.258455753326416,0.49736493825912476,0.0,5.77999210357666
680,5,8,-2.2351417541503906,-2.2351417541503906,0.5042468905448914,0.0,7.062186241149902
680,5,9,-2.2635016441345215,-2.2635016441345215,0.49774500727653503,0.0,6.317713737487793
680,5,10,-2.2388081550598145,-2.2388081550598145,0.4449681043624878,0.0,6.489529132843018
680,5,11,-2.2545323371887207,-2.2545323371887207,0.5691736936569214,0.0,6.614506721496582
680,5,12,-2.2513608932495117,-2.2513608932495117,0.5857981443405151,0.0,6.281881809234619
680,5,13,-2.2460315227508545,-2.2460315227508545,0.5062416791915894,0.0,5.567730903625488
680,5,14,-2.2692348957061768,-2.2692348957061768,0.5170477032661438,0.0,5.810003280639648
680,5,15,-2.25781512260437,-2.25781512260437,0.5597658753395081,0.0,6.314423084259033
680,5,16,-2.2724201679229736,-2.2724201679229736,0.5239813327789307,0.0,5.949872016906738
680,5,17,-2.218543529510498,-2.218543529510498,0.5668459534645081,0.0,6.460386276245117
680,5,18,-2.2612926959991455,-2.2612926959991455,0.5522022843360901,0.0,6.635172367095947
680,5,19,-2.249971866607666,-2.249971866607666,0.5025836825370789,0.0,6.464735984802246
680,6,0,-2.239129066467285,-2.239129066467285,0.5036634802818298,0.0,5.46750545501709
680,6,1,-2.2413489818573,-2.2413489818573,0.5786317586898804,0.0,5.950066566467285
680,6,2,-2.2295708656311035,-2.2295708656311035,0.520832359790802,0.0,5.83357572555542
680,6,3,-2.2536685466766357,-2.2536685466766357,0.45045921206474304,0.0,6.09843635559082
680,6,4,-2.237640857696533,-2.237640857696533,0.5352891683578491,0.0,6.482606887817383
680,6,5,-2.2588696479797363,-2.2588696479797363,0.4961320757865906,0.0,5.343179225921631
680,6,6,-2.2528645992279053,-2.2528645992279053,0.5115883946418762,0.0,6.27329683303833
680,6,7,-2.2381327152252197,-2.2381327152252197,0.4986054599285126,0.0,6.707144737243652
680,6,8,-2.2525722980499268,-2.2525722980499268,0.5174131393432617,0.0,5.2875261306762695
680,6,9,-2.2380433082580566,-2.2380433082580566,0.5632787942886353,0.0,6.410255432128906
680,6,10,-2.214371681213379,-2.214371681213379,0.54017174243927,0.0,7.116018295288086
680,6,11,-2.253767728805542,-2.253767728805542,0.496420681476593,0.0,6.490952968597412
680,6,12,-2.223505735397339,-2.223505735397339,0.5485903024673462,0.0,6.426451683044434
680,6,13,-2.2492616176605225,-2.2492616176605225,0.4929561913013458,0.0,5.759552001953125
680,6,14,-2.2321317195892334,-2.2321317195892334,0.48734843730926514,0.0,5.941420078277588
680,6,15,-2.2675583362579346,-2.2675583362579346,0.5023840069770813,0.0,6.518921852111816
680,6,16,-2.230177402496338,-2.230177402496338,0.5197608470916748,0.0,6.564501762390137
680,6,17,-2.2487282752990723,-2.2487282752990723,0.553554356098175,0.0,5.752267837524414
680,6,18,-2.2434680461883545,-2.2434680461883545,0.5161038637161255,0.0,6.394684791564941
680,6,19,-2.219329595565796,-2.219329595565796,0.5284925699234009,0.0,6.298951148986816
680,7,0,-2.223891496658325,-2.223891496658325,0.5317797064781189,0.0,6.551676273345947
680,7,1,-2.150618314743042,-2.150618314743042,0.5363666415214539,0.0,4.544607162475586
680,7,2,-2.2417714595794678,-2.2417714595794678,0.5231030583381653,0.0,5.570742130279541
680,7,3,-2.2291040420532227,-2.2291040420532227,0.48646125197410583,0.0,5.904747009277344
680,7,4,-2.1875600814819336,-2.1875600814819336,0.5738743543624878,0.0,5.972508907318115
680,7,5,-2.259608507156372,-2.259608507156372,0.4677366614341736,0.0,6.127669334411621
680,7,6,-2.2081024646759033,-2.2081024646759033,0.5536669492721558,0.0,6.537349700927734
680,7,7,-2.235560655593872,-2.235560655593872,0.5759477019309998,0.0,6.333293914794922
680,7,8,-2.1430506706237793,-2.1430506706237793,0.5970861911773682,0.0,5.594478607177734
680,7,9,-2.188493013381958,-2.188493013381958,0.5004600882530212,0.0,5.865079879760742
680,7,10,-2.1526992321014404,-2.1526992321014404,0.4806007742881775,0.0,5.1409807205200195
680,7,11,-2.183342695236206,-2.183342695236206,0.5899204015731812,0.0,5.624961853027344
680,7,12,-2.1857681274414062,-2.1857681274414062,0.45937809348106384,0.0,5.915936470031738
680,7,13,-2.2174031734466553,-2.2174031734466553,0.6109798550605774,0.0,5.684736251831055
680,7,14,-2.2429144382476807,-2.2429144382476807,0.5157666206359863,0.0,5.9158501625061035
680,7,15,-2.246367931365967,-2.246367931365967,0.5277742743492126,0.0,5.69565486907959
680,7,16,-2.2263474464416504,-2.2263474464416504,0.4645572602748871,0.0,7.303299903869629
680,7,17,-2.1969499588012695,-2.1969499588012695,0.4459554851055145,0.0,6.9448652267456055
680,7,18,-2.215433359146118,-2.215433359146118,0.5645402073860168,0.0,5.078723907470703
680,7,19,-2.206794261932373,-2.206794261932373,0.5219706892967224,0.0,5.502119541168213
680,8,0,-2.2681996822357178,-2.2681996822357178,0.5403540730476379,0.0,4.212062835693359
680,8,1,-2.240957021713257,-2.240957021713257,0.535468578338623,0.0,6.084163188934326
680,8,2,-2.274278402328491,-2.274278402328491,0.4865356981754303,0.0,4.217846870422363
680,8,3,-2.22792387008667,-2.22792387008667,0.540483295917511,0.0,4.806662082672119
680,8,4,-2.2195427417755127,-2.2195427417755127,0.4706694483757019,0.0,4.840849876403809
680,8,5,-2.2464606761932373,-2.2464606761932373,0.37752220034599304,0.0,5.009177207946777
680,8,6,-2.228555679321289,-2.228555679321289,0.3742261826992035,0.0,4.316370964050293
680,8,7,-2.2169899940490723,-2.2169899940490723,0.4501665234565735,0.0,5.639001846313477
680,8,8,-2.2067346572875977,-2.2067346572875977,0.5259530544281006,0.0,4.900252342224121
680,8,9,-2.216470956802368,-2.216470956802368,0.4846895933151245,0.0,5.18597412109375
680,8,10,-2.2556419372558594,-2.2556419372558594,0.4815704822540283,0.0,4.730595588684082
680,8,11,-2.2447264194488525,-2.2447264194488525,0.5553382039070129,0.0,5.150998115539551
680,8,12,-2.1871979236602783,-2.1871979236602783,0.4960499703884125,0.0,5.620438575744629
680,8,13,-2.2521255016326904,-2.2521255016326904,0.5275853276252747,0.0,5.394809246063232
680,8,14,-2.25779128074646,-2.25779128074646,0.3682422637939453,0.0,4.660053730010986
680,8,15,-2.263204574584961,-2.263204574584961,0.5135539174079895,0.0,5.80460786819458
680,8,16,-2.2387924194335938,-2.2387924194335938,0.49364301562309265,0.0,5.680562496185303
680,8,17,-2.2304584980010986,-2.2304584980010986,0.48054730892181396,0.0,4.740870475769043
680,8,18,-2.240870714187622,-2.240870714187622,0.4052450358867645,0.0,4.503594398498535
680,8,19,-2.2113587856292725,-2.2113587856292725,0.5609588623046875,0.0,4.115170955657959
680,9,0,-2.27101993560791,-2.27101993560791,0.4487573206424713,0.0,5.507256031036377
680,9,1,-2.2588977813720703,-2.2588977813720703,0.46096572279930115,0.0,5.6652326583862305
680,9,2,-2.2618467807769775,-2.2618467807769775,0.49064141511917114,0.0,5.538361549377441
680,9,3,-2.2569379806518555,-2.2569379806518555,0.4996834695339203,0.0,5.421154022216797
680,9,4,-2.2525038719177246,-2.2525038719177246,0.5656024813652039,0.0,4.623695373535156
680,9,5,-2.237293004989624,-2.237293004989624,0.5346171259880066,0.0,4.725334644317627
680,9,6,-2.263766050338745,-2.263766050338745,0.5286147594451904,0.0,7.084221839904785
680,9,7,-2.265568494796753,-2.265568494796753,0.44570398330688477,0.0,5.0337066650390625
680,9,8,-2.2525699138641357,-2.2525699138641357,0.561789333820343,0.0,4.87837553024292
680,9,9,-2.2371885776519775,-2.2371885776519775,0.459825724363327,0.0,4.835662841796875
680,9,10,-2.2617897987365723,-2.2617897987365723,0.4876514673233032,0.0,5.8714919090271
680,9,11,-2.256425619125366,-2.256425619125366,0.44875338673591614,0.0,6.754945278167725
680,9,12,-2.217156171798706,-2.217156171798706,0.48820891976356506,0.0,5.312563896179199
680,9,13,-2.2221429347991943,-2.2221429347991943,0.5009244680404663,0.0,4.871838569641113
680,9,14,-2.266836404800415,-2.266836404800415,0.4748539328575134,0.0,5.640948295593262
680,9,15,-2.26843523979187,-2.26843523979187,0.5050941705703735,0.0,5.360183238983154
680,9,16,-2.2467455863952637,-2.2467455863952637,0.5041511654853821,0.0,5.741456508636475
680,9,17,-2.2399823665618896,-2.2399823665618896,0.5065135359764099,0.0,5.949386119842529
680,9,18,-2.2713186740875244,-2.2713186740875244,0.5318124890327454,0.0,6.207376480102539
680,9,19,-2.205657958984375,-2.205657958984375,0.5204795598983765,0.0,6.695847511291504
660,0,0,-2.267273426055908,-2.267273426055908,0.5356277227401733,0.0,3.439835548400879
660,0,1,-2.262263536453247,-2.262263536453247,0.518761932849884,0.0,4.772136688232422
660,0,2,-2.2337775230407715,-2.2337775230407715,0.5727885961532593,0.0,3.9202640056610107
660,0,3,-2.271271228790283,-2.271271228790283,0.5307904481887817,0.0,2.9795942306518555
660,0,4,-2.2523627281188965,-2.2523627281188965,0.5433260202407837,0.0,4.737042427062988
660,0,5,-2.2728469371795654,-2.2728469371795654,0.5147234201431274,0.0,4.680760383605957
660,0,6,-2.2635703086853027,-2.2635703086853027,0.5076524019241333,0.0,4.206061840057373
660,0,7,-2.2485456466674805,-2.2485456466674805,0.5916605591773987,0.0,3.6363348960876465
660,0,8,-2.258378028869629,-2.258378028869629,0.5266674757003784,0.0,4.749908447265625
660,0,9,-2.239589214324951,-2.239589214324951,0.5418063402175903,0.0,2.739093780517578
660,0,10,-2.2577381134033203,-2.2577381134033203,0.5294650793075562,0.0,3.7422983646392822
660,0,11,-2.244074583053589,-2.244074583053589,0.5330812335014343,0.0,3.2201876640319824
660,0,12,-2.2695059776306152,-2.2695059776306152,0.505200207233429,0.0,3.5322070121765137
660,0,13,-2.249812364578247,-2.249812364578247,0.5555039048194885,0.0,3.5158228874206543
660,0,14,-2.2529261112213135,-2.2529261112213135,0.4705190658569336,0.0,3.4778289794921875
660,0,15,-2.2490310668945312,-2.2490310668945312,0.504006564617157,0.0,3.112431764602661
660,0,16,-2.2604994773864746,-2.2604994773864746,0.558603823184967,0.0,3.7996366024017334
660,0,17,-2.193354845046997,-2.193354845046997,0.4604801833629608,0.0,4.4179911613464355
660,0,18,-2.226313591003418,-2.226313591003418,0.5493221282958984,0.0,4.484553337097168
660,0,19,-2.252948045730591,-2.252948045730591,0.5316759943962097,0.0,2.8089399337768555
660,1,0,-2.2260525226593018,-2.2260525226593018,0.5970606803894043,0.0,5.908766269683838
660,1,1,-2.1938068866729736,-2.1938068866729736,0.43526265025138855,0.0,6.257330894470215
660,1,2,-2.2245094776153564,-2.2245094776153564,0.5441062450408936,0.0,6.353309631347656
660,1,3,-2.2529067993164062,-2.2529067993164062,0.5158525109291077,0.0,4.907581329345703
660,1,4,-2.2519962787628174,-2.2519962787628174,0.5712460875511169,0.0,5.210031509399414
660,1,5,-2.263348340988159,-2.263348340988159,0.40696418285369873,0.0,6.51607608795166
660,1,6,-2.246140718460083,-2.246140718460083,0.49754801392555237,0.0,4.8800530433654785
660,1,7,-2.262321710586548,-2.262321710586548,0.48460960388183594,0.0,6.29374885559082
660,1,8,-2.263254404067993,-2.263254404067993,0.4679933190345764,0.0,5.6413350105285645
660,1,9,-2.260815143585205,-2.260815143585205,0.46671777963638306,0.0,5.453338623046875
660,1,10,-2.2596559524536133,-2.2596559524536133,0.41888150572776794,0.0,4.872042179107666
660,1,11,-2.255488872528076,-2.255488872528076,0.4982873201370239,0.0,6.9885454177856445
660,1,12,-2.218256711959839,-2.218256711959839,0.4370458722114563,0.0,4.921412467956543
660,1,13,-2.2642951011657715,-2.2642951011657715,0.4026843011379242,0.0,5.44038724899292
660,1,14,-2.2354495525360107,-2.2354495525360107,0.4538677930831909,0.0,6.42037296295166
660,1,15,-2.225797176361084,-2.225797176361084,0.5093870759010315,0.0,5.639626502990723
660,1,16,-2.248579740524292,-2.248579740524292,0.5527610182762146,0.0,5.116354942321777
660,1,17,-2.241668224334717,-2.241668224334717,0.5000064969062805,0.0,5.572572708129883
660,1,18,-2.2751657962799072,-2.2751657962799072,0.5671130418777466,0.0,5.50555944442749
660,1,19,-2.238555431365967,-2.238555431365967,0.49192970991134644,0.0,6.303438186645508
660,2,0,-2.234288454055786,-2.234288454055786,0.5271341800689697,0.0,6.1271209716796875
660,2,1,-2.2374439239501953,-2.2374439239501953,0.5287327170372009,0.0,4.9079084396362305
660,2,2,-2.261068344116211,-2.261068344116211,0.4524189829826355,0.0,5.747619152069092
660,2,3,-2.2371792793273926,-2.2371792793273926,0.523435115814209,0.0,6.7591447830200195
660,2,4,-2.2531425952911377,-2.2531425952911377,0.549228847026825,0.0,6.156928062438965
660,2,5,-2.2256126403808594,-2.2256126403808594,0.5824094414710999,0.0,7.2513227462768555
660,2,6,-2.2572262287139893,-2.2572262287139893,0.4793294072151184,0.0,6.654438495635986
660,2,7,-2.240640878677368,-2.240640878677368,0.4752904176712036,0.0,5.815093994140625
660,2,8,-2.242565155029297,-2.242565155029297,0.504988968372345,0.0,6.7251081466674805
660,2,9,-2.2527613639831543,-2.2527613639831543,0.5787548422813416,0.0,5.141860008239746
660,2,10,-2.257236957550049,-2.257236957550049,0.4924730658531189,0.0,6.5855255126953125
660,2,11,-2.26511812210083,-2.26511812210083,0.5565166473388672,0.0,6.272985458374023
660,2,12,-2.2690091133117676,-2.2690091133117676,0.49096348881721497,0.0,6.14520788192749
660,2,13,-2.2609877586364746,-2.2609877586364746,0.5037169456481934,0.0,5.786407470703125
660,2,14,-2.2582433223724365,-2.2582433223724365,0.5667205452919006,0.0,6.704010963439941
660,2,15,-2.2407493591308594,-2.2407493591308594,0.5588945150375366,0.0,5.7022857666015625
660,2,16,-2.2504281997680664,-2.2504281997680664,0.5404239892959595,0.0,6.495786190032959
660,2,17,-2.2601113319396973,-2.2601113319396973,0.5393176674842834,0.0,6.199267864227295
660,2,18,-2.2379841804504395,-2.2379841804504395,0.4928915500640869,0.0,5.810333251953125
660,2,19,-2.217677116394043,-2.217677116394043,0.4403502643108368,0.0,6.8038129806518555
660,3,0,-2.2761178016662598,-2.2761178016662598,0.5419036746025085,0.0,2.9876317977905273
660,3,1,-2.2765846252441406,-2.2765846252441406,0.5588465332984924,0.0,3.1354098320007324
660,3,2,-2.2350003719329834,-2.2350003719329834,0.4854644238948822,0.0,4.160167217254639
660,3,3,-2.2748031616210938,-2.2748031616210938,0.4861578047275543,0.0,3.4753870964050293
660,3,4,-2.2763397693634033,-2.2763397693634033,0.5277177691459656,0.0,3.5151286125183105
660,3,5,-2.2356221675872803,-2.2356221675872803,0.5536448955535889,0.0,3.389479637145996
660,3,6,-2.256364583969116,-2.256364583969116,0.48597252368927,0.0,4.745797157287598
660,3,7,-2.2754030227661133,-2.2754030227661133,0.5607925653457642,0.0,3.4068098068237305
660,3,8,-2.276611328125,-2.276611328125,0.43227171897888184,0.0,2.9444122314453125
660,3,9,-2.243518114089966,-2.243518114089966,0.4666275382041931,0.0,3.0408809185028076
660,3,10,-2.264827013015747,-2.264827013015747,0.6003698110580444,0.0,2.4156455993652344
660,3,11,-2.272484302520752,-2.272484302520752,0.6340023279190063,0.0,3.7067413330078125
660,3,12,-2.277009963989258,-2.277009963989258,0.517410397529602,0.0,3.172213554382324
660,3,13,-2.27268123626709,-2.27268123626709,0.5118468403816223,0.0,3.2113733291625977
660,3,14,-2.262850761413574,-2.262850761413574,0.5209360122680664,0.0,3.6348557472229004
660,3,15,-2.276014566421509,-2.276014566421509,0.5035520195960999,0.0,2.952301502227783
660,3,16,-2.2795114517211914,-2.2795114517211914,0.5467552542686462,0.0,3.126222610473633
660,3,17,-2.275481939315796,-2.275481939315796,0.47375214099884033,0.0,3.971998691558838
660,3,18,-2.2764675617218018,-2.2764675617218018,0.5292741060256958,0.0,3.829213857650757
660,3,19,-2.2602126598358154,-2.2602126598358154,0.48672664165496826,0.0,5.356990814208984
660,4,0,-2.28118634223938,-2.28118634223938,0.5444851517677307,0.0,3.4371702671051025
660,4,1,-2.2633466720581055,-2.2633466720581055,0.5504370927810669,0.0,4.520819664001465
660,4,2,-2.2770729064941406,-2.2770729064941406,0.4890598654747009,0.0,4.545312881469727
660,4,3,-2.256035327911377,-2.256035327911377,0.5644971132278442,0.0,4.757925987243652
660,4,4,-2.27563214302063,-2.27563214302063,0.43366268277168274,0.0,5.091957092285156
660,4,5,-2.268725633621216,-2.268725633621216,0.39165157079696655,0.0,5.097034454345703
660,4,6,-2.27262544631958,-2.27262544631958,0.4747886657714844,0.0,3.6347105503082275
660,4,7,-2.2561428546905518,-2.2561428546905518,0.4881817102432251,0.0,6.183176040649414
660,4,8,-2.2764525413513184,-2.2764525413513184,0.5519359111785889,0.0,3.6585843563079834
660,4,9,-2.2532968521118164,-2.2532968521118164,0.4976778030395508,0.0,5.905668258666992
660,4,10,-2.2806124687194824,-2.2806124687194824,0.322460800409317,0.0,4.598056793212891
660,4,11,-2.278841495513916,-2.278841495513916,0.4458351731300354,0.0,4.236281394958496
660,4,12,-2.2615044116973877,-2.2615044116973877,0.502217173576355,0.0,4.737983703613281
660,4,13,-2.2767152786254883,-2.2767152786254883,0.5784825682640076,0.0,4.754489898681641
660,4,14,-2.2790820598602295,-2.2790820598602295,0.4624151289463043,0.0,5.147038459777832
660,4,15,-2.271146059036255,-2.271146059036255,0.49918854236602783,0.0,4.624932765960693
660,4,16,-2.2689998149871826,-2.2689998149871826,0.4545038640499115,0.0,7.766489505767822
660,4,17,-2.2796902656555176,-2.2796902656555176,0.45617035031318665,0.0,4.630792617797852
660,4,18,-2.256356716156006,-2.256356716156006,0.39500704407691956,0.0,5.318397045135498
660,4,19,-2.273047685623169,-2.273047685623169,0.48258206248283386,0.0,5.986392974853516
660,5,0,-2.2325851917266846,-2.2325851917266846,0.5147679448127747,0.0,6.0154008865356445
660,5,1,-2.223149538040161,-2.223149538040161,0.49960026144981384,0.0,6.575340747833252
660,5,2,-2.21748685836792,-2.21748685836792,0.48992136120796204,0.0,6.456735134124756
660,5,3,-2.263939142227173,-2.263939142227173,0.44450634717941284,0.0,6.6555376052856445
660,5,4,-2.23380446434021,-2.23380446434021,0.6030255556106567,0.0,5.9860382080078125
660,5,5,-2.2571346759796143,-2.2571346759796143,0.5736348032951355,0.0,6.962530612945557
660,5,6,-2.248769760131836,-2.248769760131836,0.5197596549987793,0.0,6.614042282104492
660,5,7,-2.245816230773926,-2.245816230773926,0.5664857625961304,0.0,6.113813400268555
660,5,8,-2.235856056213379,-2.235856056213379,0.5534850358963013,0.0,6.09456729888916
660,5,9,-2.2651588916778564,-2.2651588916778564,0.5272803902626038,0.0,6.207531452178955
660,5,10,-2.2617859840393066,-2.2617859840393066,0.5416532158851624,0.0,5.552726745605469
660,5,11,-2.2406773567199707,-2.2406773567199707,0.5054920315742493,0.0,6.326963901519775
660,5,12,-2.2613062858581543,-2.2613062858581543,0.538118302822113,0.0,6.586659908294678
660,5,13,-2.24216890335083,-2.24216890335083,0.5534124374389648,0.0,6.229564666748047
660,5,14,-2.264005184173584,-2.264005184173584,0.5175179839134216,0.0,6.213128566741943
660,5,15,-2.2732651233673096,-2.2732651233673096,0.5211155414581299,0.0,6.793020248413086
660,5,16,-2.2459335327148438,-2.2459335327148438,0.5165405869483948,0.0,6.065354347229004
660,5,17,-2.2650914192199707,-2.2650914192199707,0.49100175499916077,0.0,4.965296745300293
660,5,18,-2.2507145404815674,-2.2507145404815674,0.4850713312625885,0.0,6.4727654457092285
660,5,19,-2.2727620601654053,-2.2727620601654053,0.47792062163352966,0.0,6.620019435882568
660,6,0,-2.213088035583496,-2.213088035583496,0.5499050617218018,0.0,5.668090343475342
660,6,1,-2.2111127376556396,-2.2111127376556396,0.5175179839134216,0.0,5.924983978271484
660,6,2,-2.2379603385925293,-2.2379603385925293,0.5330551862716675,0.0,6.686443328857422
660,6,3,-2.2360596656799316,-2.2360596656799316,0.5030151009559631,0.0,6.058382034301758
660,6,4,-2.255467414855957,-2.255467414855957,0.420820027589798,0.0,6.210158348083496
660,6,5,-2.237809896469116,-2.237809896469116,0.4805814027786255,0.0,5.39702033996582
660,6,6,-2.2529211044311523,-2.2529211044311523,0.6204306483268738,0.0,6.269064903259277
660,6,7,-2.2479000091552734,-2.2479000091552734,0.5197896957397461,0.0,6.155854225158691
660,6,8,-2.2481768131256104,-2.2481768131256104,0.6053062081336975,0.0,6.251827239990234
660,6,9,-2.1869795322418213,-2.1869795322418213,0.5900367498397827,0.0,6.087818622589111
660,6,10,-2.2587966918945312,-2.2587966918945312,0.5064870119094849,0.0,5.578362464904785
660,6,11,-2.271317481994629,-2.271317481994629,0.544543445110321,0.0,6.114182472229004
660,6,12,-2.277738571166992,-2.277738571166992,0.5729647874832153,0.0,5.4926981925964355
660,6,13,-2.233733892440796,-2.233733892440796,0.456434965133667,0.0,6.222909450531006
660,6,14,-2.249413013458252,-2.249413013458252,0.57302325963974,0.0,6.043729782104492
660,6,15,-2.2668306827545166,-2.2668306827545166,0.6005188226699829,0.0,5.947487831115723
660,6,16,-2.266230583190918,-2.266230583190918,0.5875042676925659,0.0,5.384249210357666
660,6,17,-2.1703529357910156,-2.1703529357910156,0.5882464051246643,0.0,6.644002914428711
660,6,18,-2.2072031497955322,-2.2072031497955322,0.5415734052658081,0.0,6.435672760009766
660,6,19,-2.2610416412353516,-2.2610416412353516,0.5063450336456299,0.0,5.781218528747559
660,7,0,-2.2549710273742676,-2.2549710273742676,0.5060470700263977,0.0,6.260313987731934
660,7,1,-2.182887554168701,-2.182887554168701,0.4930991232395172,0.0,7.043766021728516
660,7,2,-2.24169921875,-2.24169921875,0.4475876986980438,0.0,5.924232006072998
660,7,3,-2.254470109939575,-2.254470109939575,0.5385182499885559,0.0,5.171478271484375
660,7,4,-2.2149715423583984,-2.2149715423583984,0.5310226678848267,0.0,6.258475303649902
660,7,5,-2.2139337062835693,-2.2139337062835693,0.5251031517982483,0.0,6.557681083679199
660,7,6,-2.2243354320526123,-2.2243354320526123,0.5809475779533386,0.0,7.023127555847168
660,7,7,-2.2048819065093994,-2.2048819065093994,0.6119678616523743,0.0,5.875272274017334
660,7,8,-2.2456088066101074,-2.2456088066101074,0.562570333480835,0.0,6.520479679107666
660,7,9,-2.218306064605713,-2.218306064605713,0.4566802680492401,0.0,5.98323917388916
660,7,10,-2.224709987640381,-2.224709987640381,0.5274961590766907,0.0,6.996451377868652
660,7,11,-2.235806465148926,-2.235806465148926,0.5488383173942566,0.0,4.893002033233643
660,7,12,-2.2046613693237305,-2.2046613693237305,0.48309245705604553,0.0,5.500077724456787
660,7,13,-2.2228195667266846,-2.2228195667266846,0.5790669322013855,0.0,4.953505992889404
660,7,14,-2.222229480743408,-2.222229480743408,0.49120214581489563,0.0,5.935531139373779
660,7,15,-2.193793773651123,-2.193793773651123,0.4994434416294098,0.0,5.916043281555176
660,7,16,-2.2199692726135254,-2.2199692726135254,0.4748195707798004,0.0,6.080904483795166
660,7,17,-2.222250461578369,-2.222250461578369,0.5783957839012146,0.0,6.014319896697998
660,7,18,-2.244753122329712,-2.244753122329712,0.5527021288871765,0.0,5.83584451675415
660,7,19,-2.222656011581421,-2.222656011581421,0.5243598818778992,0.0,6.258659362792969
660,8,0,-2.2466862201690674,-2.2466862201690674,0.4721399247646332,0.0,4.707895278930664
660,8,1,-2.1800928115844727,-2.1800928115844727,0.4499494433403015,0.0,5.285710334777832
660,8,2,-2.208038091659546,-2.208038091659546,0.5195187926292419,0.0,4.721894264221191
660,8,3,-2.21977162361145,-2.21977162361145,0.464412659406662,0.0,6.0087809562683105
660,8,4,-2.2190163135528564,-2.2190163135528564,0.23024676740169525,0.0,4.799589157104492
660,8,5,-2.231257200241089,-2.231257200241089,0.5373041033744812,0.0,5.098330497741699
660,8,6,-2.2026779651641846,-2.2026779651641846,0.482316792011261,0.0,5.204869270324707
660,8,7,-2.221295118331909,-2.221295118331909,0.4593355059623718,0.0,5.741659164428711
660,8,8,-2.251401901245117,-2.251401901245117,0.5359213948249817,0.0,4.310766696929932
660,8,9,-2.25490403175354,-2.25490403175354,0.44417935609817505,0.0,6.081060409545898
660,8,10,-2.1912825107574463,-2.1912825107574463,0.3971983790397644,0.0,5.542538166046143
660,8,11,-2.2577621936798096,-2.2577621936798096,0.4471949338912964,0.0,4.785285949707031
660,8,12,-2.239806890487671,-2.239806890487671,0.3992249369621277,0.0,5.348687171936035
660,8,13,-2.232107162475586,-2.232107162475586,0.477871835231781,0.0,5.006371974945068
660,8,14,-2.2755603790283203,-2.2755603790283203,0.4634733498096466,0.0,4.8946852684021
660,8,15,-2.2625644207000732,-2.2625644207000732,0.5279107093811035,0.0,5.130985736846924
660,8,16,-2.237886905670166,-2.237886905670166,0.4631023406982422,0.0,4.273650169372559
660,8,17,-2.2365100383758545,-2.2365100383758545,0.4829072654247284,0.0,4.710596084594727
660,8,18,-2.2371904850006104,-2.2371904850006104,0.5352345108985901,0.0,5.391073703765869
660,8,19,-2.217031717300415,-2.217031717300415,0.5426522493362427,0.0,5.266071319580078
660,9,0,-2.250603675842285,-2.250603675842285,0.5687580704689026,0.0,6.001384258270264
660,9,1,-2.2606160640716553,-2.2606160640716553,0.47918298840522766,0.0,5.97951602935791
660,9,2,-2.2670202255249023,-2.2670202255249023,0.538389265537262,0.0,5.655498027801514
660,9,3,-2.243711471557617,-2.243711471557617,0.41636186838150024,0.0,4.781669616699219
660,9,4,-2.246056318283081,-2.246056318283081,0.47139427065849304,0.0,6.458272457122803
660,9,5,-2.2542600631713867,-2.2542600631713867,0.5061793327331543,0.0,6.736888885498047
660,9,6,-2.254673957824707,-2.254673957824707,0.5146914720535278,0.0,5.8007426261901855
660,9,7,-2.2684950828552246,-2.2684950828552246,0.45082610845565796,0.0,5.932834625244141
660,9,8,-2.253030776977539,-2.253030776977539,0.47138527035713196,0.0,6.215339183807373
660,9,9,-2.2158820629119873,-2.2158820629119873,0.675343930721283,0.0,5.302826881408691
660,9,10,-2.2633795738220215,-2.2633795738220215,0.4741919934749603,0.0,5.996267795562744
660,9,11,-2.260681629180908,-2.260681629180908,0.45548397302627563,0.0,5.752792835235596
660,9,12,-2.2244741916656494,-2.2244741916656494,0.4160052537918091,0.0,4.244652271270752
660,9,13,-2.2654645442962646,-2.2654645442962646,0.5351868271827698,0.0,5.183849334716797
660,9,14,-2.2646703720092773,-2.2646703720092773,0.5437405705451965,0.0,5.373227119445801
660,9,15,-2.2769012451171875,-2.2769012451171875,0.5168780088424683,0.0,6.699713706970215
660,9,16,-2.2570459842681885,-2.2570459842681885,0.5523200035095215,0.0,5.393606185913086
660,9,17,-2.2685580253601074,-2.2685580253601074,0.5131124258041382,0.0,5.716641426086426
660,9,18,-2.23809814453125,-2.23809814453125,0.45595037937164307,0.0,5.2759504318237305
660,9,19,-2.2335190773010254,-2.2335190773010254,0.5214770436286926,0.0,6.271797180175781
640,0,0,-2.2666823863983154,-2.2666823863983154,0.5105960965156555,0.0,4.416253089904785
640,0,1,-2.228860855102539,-2.228860855102539,0.5453853011131287,0.0,3.3121848106384277
640,0,2,-2.2535362243652344,-2.2535362243652344,0.530459463596344,0.0,4.033509731292725
640,0,3,-2.2289931774139404,-2.2289931774139404,0.5609591007232666,0.0,4.868302345275879
640,0,4,-2.1493966579437256,-2.1493966579437256,0.49554243683815,0.0,3.923424482345581
640,0,5,-2.2457275390625,-2.2457275390625,0.5248415470123291,0.0,4.092128753662109
640,0,6,-2.242748737335205,-2.242748737335205,0.5793824791908264,0.0,3.4360761642456055
640,0,7,-2.2657527923583984,-2.2657527923583984,0.5252013802528381,0.0,4.337287902832031
640,0,8,-2.256378650665283,-2.256378650665283,0.5125325322151184,0.0,3.9484264850616455
640,0,9,-2.2588138580322266,-2.2588138580322266,0.544070839881897,0.0,3.420745372772217
640,0,10,-2.25130558013916,-2.25130558013916,0.5344053506851196,0.0,3.4810619354248047
640,0,11,-2.257570505142212,-2.257570505142212,0.5266120433807373,0.0,4.211915493011475
640,0,12,-2.232719659805298,-2.232719659805298,0.5737069249153137,0.0,4.018089294433594
640,0,13,-2.250452756881714,-2.250452756881714,0.5923202037811279,0.0,4.279661655426025
640,0,14,-2.2341537475585938,-2.2341537475585938,0.5371354222297668,0.0,4.411839962005615
640,0,15,-2.24941349029541,-2.24941349029541,0.4281727075576782,0.0,3.3787119388580322
640,0,16,-2.2261669635772705,-2.2261669635772705,0.5499182939529419,0.0,4.682208061218262
640,0,17,-2.2499589920043945,-2.2499589920043945,0.5515105128288269,0.0,3.7332119941711426
640,0,18,-2.2726247310638428,-2.2726247310638428,0.515378475189209,0.0,2.693063974380493
640,0,19,-2.19746994972229,-2.19746994972229,0.4953994154930115,0.0,4.452554225921631
640,1,0,-2.213395833969116,-2.213395833969116,0.5062427520751953,0.0,6.195754051208496
640,1,1,-2.271691083908081,-2.271691083908081,0.48515215516090393,0.0,5.600825309753418
640,1,2,-2.2740302085876465,-2.2740302085876465,0.483002632856369,0.0,5.7627644538879395
640,1,3,-2.2450687885284424,-2.2450687885284424,0.4837418496608734,0.0,6.630898475646973
640,1,4,-2.257498264312744,-2.257498264312744,0.5307331085205078,0.0,5.8511061668396
640,1,5,-2.2542355060577393,-2.2542355060577393,0.5614963173866272,0.0,6.778308868408203
640,1,6,-2.19701886177063,-2.19701886177063,0.5393751263618469,0.0,4.952744483947754
640,1,7,-2.2344582080841064,-2.2344582080841064,0.45471465587615967,0.0,5.551966667175293
640,1,8,-2.2520945072174072,-2.2520945072174072,0.5482597947120667,0.0,5.834070682525635
640,1,9,-2.2202937602996826,-2.2202937602996826,0.4679354727268219,0.0,6.300464153289795
640,1,10,-2.2543089389801025,-2.2543089389801025,0.47288039326667786,0.0,5.477100849151611
640,1,11,-2.2763261795043945,-2.2763261795043945,0.4555331766605377,0.0,6.1870574951171875
640,1,12,-2.2387328147888184,-2.2387328147888184,0.4630957543849945,0.0,6.326078414916992
640,1,13,-2.2491815090179443,-2.2491815090179443,0.5841335654258728,0.0,5.924404144287109
640,1,14,-2.2383062839508057,-2.2383062839508057,0.5151532292366028,0.0,5.951291561126709
640,1,15,-2.2478575706481934,-2.2478575706481934,0.45900899171829224,0.0,6.527796745300293
640,1,16,-2.171494960784912,-2.171494960784912,0.5486971139907837,0.0,5.784313201904297
640,1,17,-2.2219889163970947,-2.2219889163970947,0.48546403646469116,0.0,5.329886436462402
640,1,18,-2.2517576217651367,-2.2517576217651367,0.5136981010437012,0.0,6.081394195556641
640,1,19,-2.239436626434326,-2.239436626434326,0.4546804130077362,0.0,5.984013080596924
640,2,0,-2.2471067905426025,-2.2471067905426025,0.5072994232177734,0.0,6.403420448303223
640,2,1,-2.2146005630493164,-2.2146005630493164,0.49561938643455505,0.0,6.6367692947387695
640,2,2,-2.264613628387451,-2.264613628387451,0.5020987391471863,0.0,6.057790756225586
640,2,3,-2.254812002182007,-2.254812002182007,0.4735846221446991,0.0,5.6611433029174805
640,2,4,-2.2306089401245117,-2.2306089401245117,0.467408686876297,0.0,4.3540802001953125
640,2,5,-2.2504019737243652,-2.2504019737243652,0.47864294052124023,0.0,6.5473833084106445
640,2,6,-2.219003915786743,-2.219003915786743,0.5067759156227112,0.0,5.674197196960449
640,2,7,-2.2550432682037354,-2.2550432682037354,0.45277854800224304,0.0,5.191420555114746
640,2,8,-2.2099804878234863,-2.2099804878234863,0.4999028742313385,0.0,6.3190202713012695
640,2,9,-2.2014729976654053,-2.2014729976654053,0.4868946075439453,0.0,5.23746395111084
640,2,10,-2.237218141555786,-2.237218141555786,0.527001678943634,0.0,6.300699710845947
640,2,11,-2.2495903968811035,-2.2495903968811035,0.5210341811180115,0.0,6.037701606750488
640,2,12,-2.2411868572235107,-2.2411868572235107,0.6368241310119629,0.0,6.01040506362915
640,2,13,-2.264537811279297,-2.264537811279297,0.5196244716644287,0.0,6.9145827293396
640,2,14,-2.23822021484375,-2.23822021484375,0.468853622674942,0.0,5.891170024871826
640,2,15,-2.2185142040252686,-2.2185142040252686,0.49194565415382385,0.0,6.110728740692139
640,2,16,-2.229203224182129,-2.229203224182129,0.4628694951534271,0.0,5.804451942443848
640,2,17,-2.2297136783599854,-2.2297136783599854,0.5317934155464172,0.0,6.870600700378418
640,2,18,-2.2551887035369873,-2.2551887035369873,0.5235693454742432,0.0,5.945489883422852
640,2,19,-2.242178440093994,-2.242178440093994,0.5280170440673828,0.0,7.180203437805176
640,3,0,-2.2777860164642334,-2.2777860164642334,0.5711934566497803,0.0,4.031994819641113
640,3,1,-2.258917808532715,-2.258917808532715,0.5220572352409363,0.0,4.275421142578125
640,3,2,-2.275740385055542,-2.275740385055542,0.5115574598312378,0.0,2.5375852584838867
640,3,3,-2.275756359100342,-2.275756359100342,0.48665735125541687,0.0,2.794396162033081
640,3,4,-2.2720630168914795,-2.2720630168914795,0.5526368618011475,0.0,4.109730243682861
640,3,5,-2.2780420780181885,-2.2780420780181885,0.6040564179420471,0.0,3.7075839042663574
640,3,6,-2.2773077487945557,-2.2773077487945557,0.5659862160682678,0.0,3.55702805519104
640,3,7,-2.2766857147216797,-2.2766857147216797,0.5357599854469299,0.0,1.3194293975830078
640,3,8,-2.239797830581665,-2.239797830581665,0.5492296814918518,0.0,4.822727203369141
640,3,9,-2.278754949569702,-2.278754949569702,0.5201823115348816,0.0,2.6699728965759277
640,3,10,-2.2770934104919434,-2.2770934104919434,0.49132904410362244,0.0,2.3811960220336914
640,3,11,-2.276068687438965,-2.276068687438965,0.6033954620361328,0.0,3.9242210388183594
640,3,12,-2.2625856399536133,-2.2625856399536133,0.5439814925193787,0.0,2.7935214042663574
640,3,13,-2.2763993740081787,-2.2763993740081787,0.47894254326820374,0.0,4.104341506958008
640,3,14,-2.2777531147003174,-2.2777531147003174,0.5393980741500854,0.0,3.728778839111328
640,3,15,-2.2747089862823486,-2.2747089862823486,0.5478937029838562,0.0,3.8834567070007324
640,3,16,-2.276864767074585,-2.276864767074585,0.4738011658191681,0.0,3.7088747024536133
640,3,17,-2.264676094055176,-2.264676094055176,0.47700873017311096,0.0,2.641317844390869
640,3,18,-2.2482242584228516,-2.2482242584228516,0.4973473846912384,0.0,3.3795278072357178
640,3,19,-2.2770845890045166,-2.2770845890045166,0.5351554155349731,0.0,4.099229335784912
640,4,0,-2.277273654937744,-2.277273654937744,0.40571877360343933,0.0,5.581584930419922
640,4,1,-2.2766621112823486,-2.2766621112823486,0.54072505235672,0.0,4.332341194152832
640,4,2,-2.265216112136841,-2.265216112136841,0.588871419429779,0.0,5.731472492218018
640,4,3,-2.278215169906616,-2.278215169906616,0.4714193642139435,0.0,4.982287406921387
640,4,4,-2.2774200439453125,-2.2774200439453125,0.4778195023536682,0.0,5.509336471557617
640,4,5,-2.2640490531921387,-2.2640490531921387,0.531714677810669,0.0,4.474421977996826
640,4,6,-2.278188705444336,-2.278188705444336,0.49112755060195923,0.0,4.484471797943115
640,4,7,-2.2807137966156006,-2.2807137966156006,0.5087647438049316,0.0,4.511141777038574
640,4,8,-2.2787017822265625,-2.2787017822265625,0.5346879363059998,0.0,4.069909572601318
640,4,9,-2.2825653553009033,-2.2825653553009033,0.48422983288764954,0.0,4.252865791320801
640,4,10,-2.2787516117095947,-2.2787516117095947,0.4747087061405182,0.0,4.997136116027832
640,4,11,-2.281482219696045,-2.281482219696045,0.4862741231918335,0.0,4.409634590148926
640,4,12,-2.2756171226501465,-2.2756171226501465,0.49357348680496216,0.0,5.160304069519043
640,4,13,-2.2760674953460693,-2.2760674953460693,0.4805530607700348,0.0,3.500408411026001
640,4,14,-2.27983021736145,-2.27983021736145,0.40858396887779236,0.0,4.522994041442871
640,4,15,-2.23565673828125,-2.23565673828125,0.5498936176300049,0.0,5.742432117462158
640,4,16,-2.2778377532958984,-2.2778377532958984,0.5149326920509338,0.0,5.160923004150391
640,4,17,-2.2685320377349854,-2.2685320377349854,0.38508307933807373,0.0,5.614371299743652
640,4,18,-2.2647018432617188,-2.2647018432617188,0.37285229563713074,0.0,5.632436752319336
640,4,19,-2.276993989944458,-2.276993989944458,0.4916360676288605,0.0,4.383589267730713
640,5,0,-2.2550995349884033,-2.2550995349884033,0.551117479801178,0.0,6.0576066970825195
640,5,1,-2.271388292312622,-2.271388292312622,0.5181649923324585,0.0,6.772579193115234
640,5,2,-2.259620189666748,-2.259620189666748,0.5345188975334167,0.0,5.535353660583496
640,5,3,-2.2492754459381104,-2.2492754459381104,0.48837247490882874,0.0,6.36439847946167
640,5,4,-2.2125399112701416,-2.2125399112701416,0.5410133600234985,0.0,5.534662246704102
640,5,5,-2.2677860260009766,-2.2677860260009766,0.54047691822052,0.0,6.208252906799316
640,5,6,-2.2538347244262695,-2.2538347244262695,0.5317496061325073,0.0,5.389891147613525
640,5,7,-2.2620151042938232,-2.2620151042938232,0.48940902948379517,0.0,6.583110332489014
640,5,8,-2.2300024032592773,-2.2300024032592773,0.5359448790550232,0.0,6.6796088218688965
640,5,9,-2.242807149887085,-2.242807149887085,0.4742526710033417,0.0,6.838008880615234
640,5,10,-2.2518961429595947,-2.2518961429595947,0.5819852352142334,0.0,5.962608337402344
640,5,11,-2.2573938369750977,-2.2573938369750977,0.5388839840888977,0.0,6.178440570831299
640,5,12,-2.2362148761749268,-2.2362148761749268,0.5805065631866455,0.0,6.206473350524902
640,5,13,-2.243004322052002,-2.243004322052002,0.4703056216239929,0.0,6.886205673217773
640,5,14,-2.250947952270508,-2.250947952270508,0.5649834871292114,0.0,6.69321346282959
640,5,15,-2.2513396739959717,-2.2513396739959717,0.5381390452384949,0.0,6.337723731994629
640,5,16,-2.2599124908447266,-2.2599124908447266,0.5528949499130249,0.0,6.1771039962768555
640,5,17,-2.2319202423095703,-2.2319202423095703,0.41761714220046997,0.0,6.471783638000488
640,5,18,-2.2458841800689697,-2.2458841800689697,0.48311251401901245,0.0,6.642279624938965
640,5,19,-2.2499117851257324,-2.2499117851257324,0.4998696744441986,0.0,6.897920608520508
640,6,0,-2.255052089691162,-2.255052089691162,0.5519363284111023,0.0,5.4105424880981445
640,6,1,-2.2324020862579346,-2.2324020862579346,0.5486306548118591,0.0,6.164907932281494
640,6,2,-2.2066800594329834,-2.2066800594329834,0.6365869641304016,0.0,5.811872482299805
640,6,3,-2.2647359371185303,-2.2647359371185303,0.5839911103248596,0.0,5.441333293914795
640,6,4,-2.2156167030334473,-2.2156167030334473,0.5152409076690674,0.0,5.414118766784668
640,6,5,-2.2391881942749023,-2.2391881942749023,0.4391167461872101,0.0,6.217685699462891
640,6,6,-2.2455239295959473,-2.2455239295959473,0.5057913661003113,0.0,5.922418594360352
640,6,7,-2.2476589679718018,-2.2476589679718018,0.5189822316169739,0.0,5.582736015319824
640,6,8,-2.2578651905059814,-2.2578651905059814,0.5328797101974487,0.0,6.067197799682617
640,6,9,-2.2135350704193115,-2.2135350704193115,0.46917736530303955,0.0,6.052731513977051
640,6,10,-2.1865053176879883,-2.1865053176879883,0.547338604927063,0.0,5.39016056060791
640,6,11,-2.2392733097076416,-2.2392733097076416,0.4958808422088623,0.0,5.616052627563477
640,6,12,-2.2617833614349365,-2.2617833614349365,0.5037142038345337,0.0,6.1906418800354
640,6,13,-2.2728941440582275,-2.2728941440582275,0.514805257320404,0.0,5.713844299316406
640,6,14,-2.239708423614502,-2.239708423614502,0.5097224712371826,0.0,6.015871047973633
640,6,15,-2.2085773944854736,-2.2085773944854736,0.5181128978729248,0.0,6.1847944259643555
640,6,16,-2.220712661743164,-2.220712661743164,0.516212522983551,0.0,6.345327377319336
640,6,17,-2.263972282409668,-2.263972282409668,0.48961231112480164,0.0,5.845192909240723
640,6,18,-2.21201753616333,-2.21201753616333,0.5246427059173584,0.0,5.74050235748291
640,6,19,-2.2733051776885986,-2.2733051776885986,0.5697852969169617,0.0,5.891667366027832
640,7,0,-2.2492284774780273,-2.2492284774780273,0.502124011516571,0.0,6.245182037353516
640,7,1,-2.250453233718872,-2.250453233718872,0.4906024932861328,0.0,6.5540385246276855
640,7,2,-2.2124760150909424,-2.2124760150909424,0.5476669669151306,0.0,6.532952308654785
640,7,3,-2.255388021469116,-2.255388021469116,0.5514511466026306,0.0,5.991702556610107
640,7,4,-2.2267749309539795,-2.2267749309539795,0.5615978837013245,0.0,5.997993469238281
640,7,5,-2.24737811088562,-2.24737811088562,0.5360522270202637,0.0,6.547491073608398
640,7,6,-2.227698802947998,-2.227698802947998,0.5023902654647827,0.0,6.088422775268555
640,7,7,-2.2122232913970947,-2.2122232913970947,0.4978952705860138,0.0,5.496490478515625
640,7,8,-2.1410045623779297,-2.1410045623779297,0.4738444685935974,0.0,5.541367530822754
640,7,9,-2.213359832763672,-2.213359832763672,0.5382428765296936,0.0,4.470495700836182
640,7,10,-2.2160568237304688,-2.2160568237304688,0.514094352722168,0.0,5.678598403930664
640,7,11,-2.2537119388580322,-2.2537119388580322,0.5158407092094421,0.0,4.887990951538086
640,7,12,-2.205597400665283,-2.205597400665283,0.6009097695350647,0.0,6.342364311218262
640,7,13,-2.2152388095855713,-2.2152388095855713,0.5458242297172546,0.0,6.031302452087402
640,7,14,-2.214672565460205,-2.214672565460205,0.5342056155204773,0.0,5.574134826660156
640,7,15,-2.2508249282836914,-2.2508249282836914,0.5312955975532532,0.0,4.59443473815918
640,7,16,-2.258633852005005,-2.258633852005005,0.5898479223251343,0.0,5.072601795196533
640,7,17,-2.2437400817871094,-2.2437400817871094,0.48883602023124695,0.0,5.73891019821167
640,7,18,-2.2379260063171387,-2.2379260063171387,0.494276762008667,0.0,7.064029216766357
640,7,19,-2.239370107650757,-2.239370107650757,0.47954973578453064,0.0,6.327068328857422
640,8,0,-2.263779878616333,-2.263779878616333,0.4628191292285919,0.0,4.64874267578125
640,8,1,-2.246102809906006,-2.246102809906006,0.5452677011489868,0.0,6.002951622009277
640,8,2,-2.2058334350585938,-2.2058334350585938,0.4586828351020813,0.0,4.794034957885742
640,8,3,-2.2167608737945557,-2.2167608737945557,0.4948733448982239,0.0,5.387239456176758
640,8,4,-2.2272677421569824,-2.2272677421569824,0.4880174398422241,0.0,5.01694917678833
640,8,5,-2.122842311859131,-2.122842311859131,0.4720749855041504,0.0,5.290050029754639
640,8,6,-2.2400434017181396,-2.2400434017181396,0.510190486907959,0.0,4.757848739624023
640,8,7,-2.2710282802581787,-2.2710282802581787,0.46081236004829407,0.0,5.444396018981934
640,8,8,-2.2432639598846436,-2.2432639598846436,0.46689140796661377,0.0,5.3711018562316895
640,8,9,-2.255437135696411,-2.255437135696411,0.5368123054504395,0.0,4.163290023803711
640,8,10,-2.187398910522461,-2.187398910522461,0.5192575454711914,0.0,5.4082794189453125
640,8,11,-2.260157585144043,-2.260157585144043,0.4862572252750397,0.0,5.259620666503906
640,8,12,-2.2404816150665283,-2.2404816150665283,0.5317023992538452,0.0,4.503485202789307
640,8,13,-2.2359302043914795,-2.2359302043914795,0.5028166174888611,0.0,5.196557998657227
640,8,14,-2.2476322650909424,-2.2476322650909424,0.5673548579216003,0.0,3.3240761756896973
640,8,15,-2.1826083660125732,-2.1826083660125732,0.3977452516555786,0.0,4.959283351898193
640,8,16,-2.2552225589752197,-2.2552225589752197,0.56900954246521,0.0,4.0760650634765625
640,8,17,-2.2105884552001953,-2.2105884552001953,0.5590612888336182,0.0,4.939470291137695
640,8,18,-2.2121238708496094,-2.2121238708496094,0.48300451040267944,0.0,4.78564453125
640,8,19,-2.1964175701141357,-2.1964175701141357,0.6319509744644165,0.0,4.561398506164551
640,9,0,-2.2736165523529053,-2.2736165523529053,0.49114423990249634,0.0,3.1451315879821777
640,9,1,-2.1797986030578613,-2.1797986030578613,0.5501192808151245,0.0,5.232167720794678
640,9,2,-2.263106346130371,-2.263106346130371,0.4865780770778656,0.0,5.159158229827881
640,9,3,-2.2571752071380615,-2.2571752071380615,0.5129594206809998,0.0,6.541399002075195
640,9,4,-2.2526261806488037,-2.2526261806488037,0.5183776617050171,0.0,5.736080169677734
640,9,5,-2.1737985610961914,-2.1737985610961914,0.4761984050273895,0.0,5.7433977127075195
640,9,6,-2.2390694618225098,-2.2390694618225098,0.4547021985054016,0.0,6.620082855224609
640,9,7,-2.2719638347625732,-2.2719638347625732,0.44964030385017395,0.0,5.713291168212891
640,9,8,-2.2104592323303223,-2.2104592323303223,0.540401041507721,0.0,5.3658294677734375
640,9,9,-2.2639048099517822,-2.2639048099517822,0.5102673172950745,0.0,6.004054069519043
640,9,10,-2.2611918449401855,-2.2611918449401855,0.4929434657096863,0.0,4.976622581481934
640,9,11,-2.261025905609131,-2.261025905609131,0.49952468276023865,0.0,6.288632392883301
640,9,12,-2.269869089126587,-2.269869089126587,0.48398444056510925,0.0,6.3288350105285645
640,9,13,-2.2307944297790527,-2.2307944297790527,0.48689067363739014,0.0,6.710792541503906
640,9,14,-2.2699525356292725,-2.2699525356292725,0.4676496684551239,0.0,5.685271739959717
640,9,15,-2.269582748413086,-2.269582748413086,0.5145267248153687,0.0,6.43486213684082
640,9,16,-2.262097120285034,-2.262097120285034,0.5191484093666077,0.0,6.084625720977783
640,9,17,-2.2470245361328125,-2.2470245361328125,0.47377774119377136,0.0,5.558071136474609
640,9,18,-2.2388510704040527,-2.2388510704040527,0.4984758496284485,0.0,6.10658073425293
640,9,19,-2.248497486114502,-2.248497486114502,0.5430901050567627,0.0,5.19907283782959
620,0,0,-2.2515735626220703,-2.2515735626220703,0.6159856915473938,0.0,3.9018826484680176
620,0,1,-2.240372657775879,-2.240372657775879,0.5727003812789917,0.0,3.2039599418640137
620,0,2,-2.2283458709716797,-2.2283458709716797,0.5443671345710754,0.0,4.37761116027832
620,0,3,-2.2645606994628906,-2.2645606994628906,0.5378463864326477,0.0,4.15317964553833
620,0,4,-2.192718267440796,-2.192718267440796,0.5299376845359802,0.0,4.510207653045654
620,0,5,-2.275911331176758,-2.275911331176758,0.48877933621406555,0.0,3.6351919174194336
620,0,6,-2.257551908493042,-2.257551908493042,0.5442238450050354,0.0,4.457528591156006
620,0,7,-2.2145626544952393,-2.2145626544952393,0.5324804782867432,0.0,4.36462926864624
620,0,8,-2.2474334239959717,-2.2474334239959717,0.4697038233280182,0.0,2.8188397884368896
620,0,9,-2.2080941200256348,-2.2080941200256348,0.5861113667488098,0.0,4.453639030456543
620,0,10,-2.236133575439453,-2.236133575439453,0.545690655708313,0.0,3.9773874282836914
620,0,11,-2.223743200302124,-2.223743200302124,0.550321638584137,0.0,4.013445854187012
620,0,12,-2.2550556659698486,-2.2550556659698486,0.5302579998970032,0.0,4.202732086181641
620,0,13,-2.2677969932556152,-2.2677969932556152,0.51227205991745,0.0,3.626121997833252
620,0,14,-2.23262619972229,-2.23262619972229,0.5749120116233826,0.0,3.879699468612671
620,0,15,-2.2481689453125,-2.2481689453125,0.5673941373825073,0.0,3.6363508701324463
620,0,16,-2.2018842697143555,-2.2018842697143555,0.5290987491607666,0.0,4.548535346984863
620,0,17,-2.2548539638519287,-2.2548539638519287,0.4847787022590637,0.0,3.7886242866516113
620,0,18,-2.273705005645752,-2.273705005645752,0.5289662480354309,0.0,3.2959465980529785
620,0,19,-2.2498974800109863,-2.2498974800109863,0.5725656747817993,0.0,3.6593737602233887
620,1,0,-2.2581496238708496,-2.2581496238708496,0.5089078545570374,0.0,5.2775468826293945
620,1,1,-2.263737440109253,-2.263737440109253,0.4616850018501282,0.0,6.047239303588867
620,1,2,-2.250845432281494,-2.250845432281494,0.525334358215332,0.0,5.422695159912109
620,1,3,-2.213827610015869,-2.213827610015869,0.4646146297454834,0.0,6.029140472412109
620,1,4,-2.2576894760131836,-2.2576894760131836,0.5223878622055054,0.0,6.548519611358643
620,1,5,-2.262101650238037,-2.262101650238037,0.5291455388069153,0.0,5.5255913734436035
620,1,6,-2.269197463989258,-2.269197463989258,0.5551429986953735,0.0,5.8132500648498535
620,1,7,-2.2692136764526367,-2.2692136764526367,0.41833919286727905,0.0,5.46123743057251
620,1,8,-2.2485039234161377,-2.2485039234161377,0.4628734886646271,0.0,6.498327255249023
620,1,9,-2.262314796447754,-2.262314796447754,0.48209148645401,0.0,5.6825079917907715
620,1,10,-2.2612807750701904,-2.2612807750701904,0.42616650462150574,0.0,4.890838146209717
620,1,11,-2.243593454360962,-2.243593454360962,0.48505741357803345,0.0,5.9898576736450195
620,1,12,-2.275184392929077,-2.275184392929077,0.6017496585845947,0.0,4.622078895568848
620,1,13,-2.262643337249756,-2.262643337249756,0.441664457321167,0.0,5.28111457824707
620,1,14,-2.120331287384033,-2.120331287384033,0.7640347480773926,0.0,4.935979843139648
620,1,15,-2.2528178691864014,-2.2528178691864014,0.5393056273460388,0.0,5.207367420196533
620,1,16,-2.1590778827667236,-2.1590778827667236,0.4200984537601471,0.0,5.774473667144775
620,1,17,-2.2338740825653076,-2.2338740825653076,0.5889101624488831,0.0,6.47453498840332
620,1,18,-2.2575032711029053,-2.2575032711029053,0.6350546479225159,0.0,5.291194915771484
620,1,19,-2.2339401245117188,-2.2339401245117188,0.45584285259246826,0.0,5.4331583976745605
620,2,0,-2.2570183277130127,-2.2570183277130127,0.4993675649166107,0.0,7.086254119873047
620,2,1,-2.236152172088623,-2.236152172088623,0.5808253288269043,0.0,5.489025592803955
620,2,2,-2.2471933364868164,-2.2471933364868164,0.4948999285697937,0.0,5.479556560516357
620,2,3,-2.2281553745269775,-2.2281553745269775,0.5308059453964233,0.0,6.06431245803833
620,2,4,-2.2438743114471436,-2.2438743114471436,0.456249862909317,0.0,6.587584495544434
620,2,5,-2.2353479862213135,-2.2353479862213135,0.47937625646591187,0.0,5.970498561859131
620,2,6,-2.266885995864868,-2.266885995864868,0.5916966199874878,0.0,6.379360198974609
620,2,7,-2.2453196048736572,-2.2453196048736572,0.47455090284347534,0.0,6.333813667297363
620,2,8,-2.2357871532440186,-2.2357871532440186,0.4946344792842865,0.0,5.711701393127441
620,2,9,-2.2544045448303223,-2.2544045448303223,0.5121517777442932,0.0,5.565541744232178
620,2,10,-2.2499313354492188,-2.2499313354492188,0.5126651525497437,0.0,5.887076377868652
620,2,11,-2.2648375034332275,-2.2648375034332275,0.5526478290557861,0.0,5.974403381347656
620,2,12,-2.2404415607452393,-2.2404415607452393,0.484417200088501,0.0,5.984976291656494
620,2,13,-2.2307844161987305,-2.2307844161987305,0.506762683391571,0.0,6.389269828796387
620,2,14,-2.22882080078125,-2.22882080078125,0.49698007106781006,0.0,6.849597930908203
620,2,15,-2.2246646881103516,-2.2246646881103516,0.49688369035720825,0.0,6.897954940795898
620,2,16,-2.251093626022339,-2.251093626022339,0.5393266677856445,0.0,5.941550254821777
620,2,17,-2.261805295944214,-2.261805295944214,0.4884096682071686,0.0,6.3279948234558105
620,2,18,-2.2461633682250977,-2.2461633682250977,0.4954124987125397,0.0,6.756625652313232
620,2,19,-2.2455766201019287,-2.2455766201019287,0.4687216281890869,0.0,5.238846778869629
620,3,0,-2.2749030590057373,-2.2749030590057373,0.5327013731002808,0.0,1.9732980728149414
620,3,1,-2.277743339538574,-2.277743339538574,0.48842087388038635,0.0,3.4334359169006348
620,3,2,-2.272336483001709,-2.272336483001709,0.5812179446220398,0.0,3.024214267730713
620,3,3,-2.260819673538208,-2.260819673538208,0.5153177380561829,0.0,4.5637359619140625
620,3,4,-2.2772042751312256,-2.2772042751312256,0.5383903980255127,0.0,3.3754122257232666
620,3,5,-2.2784509658813477,-2.2784509658813477,0.5132887363433838,0.0,2.8222641944885254
620,3,6,-2.2779736518859863,-2.2779736518859863,0.5241177678108215,0.0,3.825249195098877
620,3,7,-2.277590751647949,-2.277590751647949,0.5283522009849548,0.0,4.192750930786133
620,3,8,-2.2763454914093018,-2.2763454914093018,0.553763210773468,0.0,3.1827402114868164
620,3,9,-2.27726411819458,-2.27726411819458,0.5355081558227539,0.0,3.3913064002990723
620,3,10,-2.256007194519043,-2.256007194519043,0.6036688089370728,0.0,2.7976672649383545
620,3,11,-2.275515079498291,-2.275515079498291,0.5329061150550842,0.0,3.1319899559020996
620,3,12,-2.2737975120544434,-2.2737975120544434,0.5124489665031433,0.0,3.0559091567993164
620,3,13,-2.277660369873047,-2.277660369873047,0.5241122841835022,0.0,3.6442275047302246
620,3,14,-2.278094530105591,-2.278094530105591,0.4804365038871765,0.0,3.364358901977539
620,3,15,-2.272066116333008,-2.272066116333008,0.5412150621414185,0.0,4.5051398277282715
620,3,16,-2.276649236679077,-2.276649236679077,0.5001328587532043,0.0,3.6282143592834473
620,3,17,-2.265070676803589,-2.265070676803589,0.5323817729949951,0.0,2.6418814659118652
620,3,18,-2.275031566619873,-2.275031566619873,0.5621407628059387,0.0,3.147171974182129
620,3,19,-2.276528835296631,-2.276528835296631,0.4340610206127167,0.0,3.373605251312256
620,4,0,-2.2511942386627197,-2.2511942386627197,0.5201035141944885,0.0,5.210647106170654
620,4,1,-2.268846273422241,-2.268846273422241,0.4334712326526642,0.0,4.356845378875732
620,4,2,-2.2778260707855225,-2.2778260707855225,0.33852627873420715,0.0,3.823782444000244
620,4,3,-2.279527425765991,-2.279527425765991,0.5157302021980286,0.0,5.454297065734863
620,4,4,-2.279597043991089,-2.279597043991089,0.5151259303092957,0.0,4.725563049316406
620,4,5,-2.265807628631592,-2.265807628631592,0.5367221832275391,0.0,4.470304489135742
620,4,6,-2.247180938720703,-2.247180938720703,0.49906614422798157,0.0,4.956719398498535
620,4,7,-2.279902935028076,-2.279902935028076,0.5236130356788635,0.0,4.5629191398620605
620,4,8,-2.277611017227173,-2.277611017227173,0.48136526346206665,0.0,5.194543838500977
620,4,9,-2.278573989868164,-2.278573989868164,0.49733540415763855,0.0,4.080661296844482
620,4,10,-2.2279508113861084,-2.2279508113861084,0.4010334610939026,0.0,4.4637837409973145
620,4,11,-2.2807652950286865,-2.2807652950286865,0.5339292883872986,0.0,3.937267780303955
620,4,12,-2.274176597595215,-2.274176597595215,0.5902214050292969,0.0,5.115588188171387
620,4,13,-2.2270727157592773,-2.2270727157592773,0.4548591077327728,0.0,4.90184211730957
620,4,14,-2.277658700942993,-2.277658700942993,0.43447938561439514,0.0,4.871976852416992
620,4,15,-2.2785022258758545,-2.2785022258758545,0.37417998909950256,0.0,3.6577770709991455
620,4,16,-2.252176523208618,-2.252176523208618,0.5352941751480103,0.0,4.570799350738525
620,4,17,-2.2793195247650146,-2.2793195247650146,0.47309091687202454,0.0,4.270415782928467
620,4,18,-2.2707505226135254,-2.2707505226135254,0.4214531183242798,0.0,5.325247764587402
620,4,19,-2.2778308391571045,-2.2778308391571045,0.5045852661132812,0.0,4.391795635223389
620,5,0,-2.263495683670044,-2.263495683670044,0.5347553491592407,0.0,6.490245819091797
620,5,1,-2.2625515460968018,-2.2625515460968018,0.5183600783348083,0.0,6.007385730743408
620,5,2,-2.2568345069885254,-2.2568345069885254,0.5708614587783813,0.0,5.827233791351318
620,5,3,-2.226701259613037,-2.226701259613037,0.49224841594696045,0.0,5.952437877655029
620,5,4,-2.237560510635376,-2.237560510635376,0.48482924699783325,0.0,7.125499248504639
620,5,5,-2.2459874153137207,-2.2459874153137207,0.5656656622886658,0.0,6.551525115966797
620,5,6,-2.2427818775177,-2.2427818775177,0.5311139822006226,0.0,5.9766154289245605
620,5,7,-2.250382423400879,-2.250382423400879,0.5275956392288208,0.0,6.765456199645996
620,5,8,-2.270606517791748,-2.270606517791748,0.4864726662635803,0.0,6.567523956298828
620,5,9,-2.2566306591033936,-2.2566306591033936,0.5080996155738831,0.0,7.0473198890686035
620,5,10,-2.251483201980591,-2.251483201980591,0.4507177770137787,0.0,5.987889289855957
620,5,11,-2.245986223220825,-2.245986223220825,0.528569221496582,0.0,6.401614189147949
620,5,12,-2.2719380855560303,-2.2719380855560303,0.5237618684768677,0.0,6.0048112869262695
620,5,13,-2.2701199054718018,-2.2701199054718018,0.5590547323226929,0.0,5.6946916580200195
620,5,14,-2.260822296142578,-2.260822296142578,0.5553137063980103,0.0,7.208251953125
620,5,15,-2.2684338092803955,-2.2684338092803955,0.5392972230911255,0.0,5.831667900085449
620,5,16,-2.2692816257476807,-2.2692816257476807,0.5154684782028198,0.0,6.278071403503418
620,5,17,-2.2535784244537354,-2.2535784244537354,0.5315399169921875,0.0,5.835282802581787
620,5,18,-2.2616496086120605,-2.2616496086120605,0.5444631576538086,0.0,5.814156532287598
620,5,19,-2.255031108856201,-2.255031108856201,0.5116825699806213,0.0,4.012598514556885
620,6,0,-2.2497315406799316,-2.2497315406799316,0.524084746837616,0.0,5.843031883239746
620,6,1,-2.2607874870300293,-2.2607874870300293,0.5218411087989807,0.0,6.4352850914001465
620,6,2,-2.2499072551727295,-2.2499072551727295,0.5078327655792236,0.0,6.095528602600098
620,6,3,-2.230776309967041,-2.230776309967041,0.5348190665245056,0.0,6.308598518371582
620,6,4,-2.2274999618530273,-2.2274999618530273,0.4744892716407776,0.0,6.171210289001465
620,6,5,-2.2385923862457275,-2.2385923862457275,0.5153497457504272,0.0,6.976784706115723
620,6,6,-2.2511348724365234,-2.2511348724365234,0.562086284160614,0.0,6.0029401779174805
620,6,7,-2.2340776920318604,-2.2340776920318604,0.5587858557701111,0.0,6.349194526672363
620,6,8,-2.232783317565918,-2.232783317565918,0.5830037593841553,0.0,6.164029598236084
620,6,9,-2.2520174980163574,-2.2520174980163574,0.5594803094863892,0.0,6.568732738494873
620,6,10,-2.238403558731079,-2.238403558731079,0.512401819229126,0.0,6.197577476501465
620,6,11,-2.249269962310791,-2.249269962310791,0.5103886127471924,0.0,6.001967430114746
620,6,12,-2.247653007507324,-2.247653007507324,0.49519509077072144,0.0,6.269508361816406
620,6,13,-2.2179107666015625,-2.2179107666015625,0.5320590734481812,0.0,6.3985700607299805
620,6,14,-2.2397022247314453,-2.2397022247314453,0.5174257159233093,0.0,5.690284729003906
620,6,15,-2.2204291820526123,-2.2204291820526123,0.5116086006164551,0.0,5.831210613250732
620,6,16,-2.2258784770965576,-2.2258784770965576,0.46391984820365906,0.0,5.965850830078125
620,6,17,-2.2323508262634277,-2.2323508262634277,0.5165236592292786,0.0,6.003136157989502
620,6,18,-2.237971305847168,-2.237971305847168,0.5033015012741089,0.0,5.957225322723389
620,6,19,-2.2310948371887207,-2.2310948371887207,0.48433753848075867,0.0,6.754680633544922
620,7,0,-2.1841368675231934,-2.1841368675231934,0.5724343657493591,0.0,5.127523422241211
620,7,1,-2.225308895111084,-2.225308895111084,0.5007551908493042,0.0,6.210799694061279
620,7,2,-2.225506544113159,-2.225506544113159,0.5317443013191223,0.0,6.244174957275391
620,7,3,-2.235844373703003,-2.235844373703003,0.6090242266654968,0.0,6.280965328216553
620,7,4,-2.1964304447174072,-2.1964304447174072,0.5530956983566284,0.0,5.219196796417236
620,7,5,-2.1392507553100586,-2.1392507553100586,0.5129984021186829,0.0,6.544841766357422
620,7,6,-2.2346391677856445,-2.2346391677856445,0.5021286010742188,0.0,6.681793212890625
620,7,7,-2.2467360496520996,-2.2467360496520996,0.45469993352890015,0.0,6.686736106872559
620,7,8,-2.2305572032928467,-2.2305572032928467,0.5130094885826111,0.0,5.683693885803223
620,7,9,-2.198047637939453,-2.198047637939453,0.5393628478050232,0.0,6.676695346832275
620,7,10,-2.2395122051239014,-2.2395122051239014,0.5714935660362244,0.0,5.05939245223999
620,7,11,-2.235812187194824,-2.235812187194824,0.45653462409973145,0.0,5.602049827575684
620,7,12,-2.1891417503356934,-2.1891417503356934,0.4891997277736664,0.0,7.092535495758057
620,7,13,-2.211244583129883,-2.211244583129883,0.526037871837616,0.0,5.868242263793945
620,7,14,-2.2415030002593994,-2.2415030002593994,0.61544269323349,0.0,5.791377067565918
620,7,15,-2.2088770866394043,-2.2088770866394043,0.4948388338088989,0.0,6.145956039428711
620,7,16,-2.238781213760376,-2.238781213760376,0.5051897764205933,0.0,6.780191898345947
620,7,17,-2.254908561706543,-2.254908561706543,0.48609423637390137,0.0,6.816613674163818
620,7,18,-2.1855313777923584,-2.1855313777923584,0.4917926788330078,0.0,6.537694454193115
620,7,19,-2.2542951107025146,-2.2542951107025146,0.5050258040428162,0.0,6.394860744476318
620,8,0,-2.2329866886138916,-2.2329866886138916,0.5092663168907166,0.0,4.327891826629639
620,8,1,-2.1963727474212646,-2.1963727474212646,0.4732874929904938,0.0,5.7181172370910645
620,8,2,-2.2385549545288086,-2.2385549545288086,0.4481484293937683,0.0,4.450837135314941
620,8,3,-2.247922658920288,-2.247922658920288,0.47383546829223633,0.0,5.337419509887695
620,8,4,-2.263195276260376,-2.263195276260376,0.5065295100212097,0.0,4.236109733581543
620,8,5,-2.23724365234375,-2.23724365234375,0.46301573514938354,0.0,4.399741172790527
620,8,6,-2.2045297622680664,-2.2045297622680664,0.4693649113178253,0.0,3.2213823795318604
620,8,7,-2.189051866531372,-2.189051866531372,0.5237286686897278,0.0,5.163337230682373
620,8,8,-2.2147703170776367,-2.2147703170776367,0.4843277037143707,0.0,5.460483551025391
620,8,9,-2.259859800338745,-2.259859800338745,0.542084813117981,0.0,4.382791519165039
620,8,10,-2.2222492694854736,-2.2222492694854736,0.4512333869934082,0.0,5.056647300720215
620,8,11,-2.263198137283325,-2.263198137283325,0.49641233682632446,0.0,4.453892230987549
620,8,12,-2.2473678588867188,-2.2473678588867188,0.37972959876060486,0.0,4.170616626739502
620,8,13,-2.2660317420959473,-2.2660317420959473,0.4481227993965149,0.0,5.0909953117370605
620,8,14,-2.2514901161193848,-2.2514901161193848,0.5325619578361511,0.0,5.160264015197754
620,8,15,-2.2478644847869873,-2.2478644847869873,0.5094980597496033,0.0,4.64948034286499
620,8,16,-2.1709251403808594,-2.1709251403808594,0.48988959193229675,0.0,4.630912780761719
620,8,17,-2.230921745300293,-2.230921745300293,0.44229623675346375,0.0,4.934701919555664
620,8,18,-2.2647249698638916,-2.2647249698638916,0.5157679915428162,0.0,4.552181720733643
620,8,19,-2.2217319011688232,-2.2217319011688232,0.45281949639320374,0.0,4.491389751434326
620,9,0,-2.2602827548980713,-2.2602827548980713,0.5295014977455139,0.0,4.884913444519043
620,9,1,-2.2760138511657715,-2.2760138511657715,0.6584134697914124,0.0,4.920935153961182
620,9,2,-2.207475185394287,-2.207475185394287,0.4527202844619751,0.0,6.125248908996582
620,9,3,-2.2525951862335205,-2.2525951862335205,0.4929039478302002,0.0,5.774608135223389
620,9,4,-2.056743621826172,-2.056743621826172,0.7842048406600952,0.0,6.48656702041626
620,9,5,-2.2061808109283447,-2.2061808109283447,0.45271334052085876,0.0,4.9607110023498535
620,9,6,-2.2702083587646484,-2.2702083587646484,0.49817028641700745,0.0,6.194912910461426
620,9,7,-2.242253065109253,-2.242253065109253,0.5602750182151794,0.0,6.013824462890625
620,9,8,-2.2117815017700195,-2.2117815017700195,0.5612581968307495,0.0,5.431843280792236
620,9,9,-2.2642662525177,-2.2642662525177,0.49087464809417725,0.0,6.111660003662109
620,9,10,-2.2549824714660645,-2.2549824714660645,0.5062336325645447,0.0,5.892043113708496
620,9,11,-2.2522521018981934,-2.2522521018981934,0.4667816758155823,0.0,6.080241680145264
620,9,12,-2.231898307800293,-2.231898307800293,0.5329158306121826,0.0,5.367222309112549
620,9,13,-2.276210069656372,-2.276210069656372,0.5224339365959167,0.0,5.6426825523376465
620,9,14,-2.2661046981811523,-2.2661046981811523,0.4957464039325714,0.0,6.203148365020752
620,9,15,-2.249516010284424,-2.249516010284424,0.7585698366165161,0.0,5.458043098449707
620,9,16,-2.2739765644073486,-2.2739765644073486,0.5016099214553833,0.0,5.509407043457031
620,9,17,-2.272261381149292,-2.272261381149292,0.4653240144252777,0.0,5.484058380126953
620,9,18,-2.2713375091552734,-2.2713375091552734,0.4452155828475952,0.0,5.580073833465576
620,9,19,-2.2358455657958984,-2.2358455657958984,0.49935024976730347,0.0,6.14403772354126
600,0,0,-2.2336201667785645,-2.2336201667785645,0.5801925659179688,0.0,4.355218410491943
600,0,1,-2.201406955718994,-2.201406955718994,0.6148824691772461,0.0,4.171026229858398
600,0,2,-2.2467217445373535,-2.2467217445373535,0.5981952548027039,0.0,4.191622734069824
600,0,3,-2.236304521560669,-2.236304521560669,0.5992701053619385,0.0,4.200018882751465
600,0,4,-2.2238361835479736,-2.2238361835479736,0.5739299058914185,0.0,3.740896701812744
600,0,5,-2.2664592266082764,-2.2664592266082764,0.4421030282974243,0.0,3.9917409420013428
600,0,6,-2.218520164489746,-2.218520164489746,0.5441957712173462,0.0,3.9324395656585693
600,0,7,-2.2664544582366943,-2.2664544582366943,0.5539594888687134,0.0,4.023029327392578
600,0,8,-2.2506494522094727,-2.2506494522094727,0.5356948971748352,0.0,4.425503730773926
600,0,9,-2.259122371673584,-2.259122371673584,0.5094169974327087,0.0,4.206274032592773
600,0,10,-2.1928088665008545,-2.1928088665008545,0.5636062622070312,0.0,4.588570594787598
600,0,11,-2.2278072834014893,-2.2278072834014893,0.5785414576530457,0.0,4.313199996948242
600,0,12,-2.230987071990967,-2.230987071990967,0.5509217977523804,0.0,4.3364057540893555
600,0,13,-2.238224744796753,-2.238224744796753,0.5212131142616272,0.0,4.151920318603516
600,0,14,-2.223785877227783,-2.223785877227783,0.5583506226539612,0.0,4.032260417938232
600,0,15,-2.268594264984131,-2.268594264984131,0.4954919219017029,0.0,3.37910532951355
600,0,16,-2.2377309799194336,-2.2377309799194336,0.5137147903442383,0.0,4.168451309204102
600,0,17,-2.2309212684631348,-2.2309212684631348,0.567952036857605,0.0,4.8681206703186035
600,0,18,-2.2528648376464844,-2.2528648376464844,0.5614884495735168,0.0,3.8777294158935547
600,0,19,-2.267174243927002,-2.267174243927002,0.5510545969009399,0.0,3.8026928901672363
600,1,0,-2.260613203048706,-2.260613203048706,0.407896488904953,0.0,6.305599212646484
600,1,1,-2.26174259185791,-2.26174259185791,0.4388867914676666,0.0,5.979840278625488
600,1,2,-2.244788408279419,-2.244788408279419,0.6010981798171997,0.0,5.639769554138184
600,1,3,-2.248192071914673,-2.248192071914673,0.5311670899391174,0.0,5.459987163543701
600,1,4,-2.036196231842041,-2.036196231842041,0.4593830406665802,0.0,5.396039962768555
600,1,5,-2.231415271759033,-2.231415271759033,0.5323354601860046,0.0,6.163021087646484
600,1,6,-2.224954128265381,-2.224954128265381,0.4063478708267212,0.0,5.636547088623047
600,1,7,-2.2739756107330322,-2.2739756107330322,0.5371115207672119,0.0,5.253119468688965
600,1,8,-2.249023199081421,-2.249023199081421,0.46354004740715027,0.0,4.879311561584473
600,1,9,-2.2607107162475586,-2.2607107162475586,0.4910222887992859,0.0,5.0361504554748535
600,1,10,-2.2073123455047607,-2.2073123455047607,0.6569090485572815,0.0,5.199406147003174
600,1,11,-2.2724313735961914,-2.2724313735961914,0.535578191280365,0.0,6.5697174072265625
600,1,12,-2.2752187252044678,-2.2752187252044678,0.4949686527252197,0.0,5.30348014831543
600,1,13,-2.2699882984161377,-2.2699882984161377,0.48256418108940125,0.0,4.426445007324219
600,1,14,-2.280038356781006,-2.280038356781006,0.532950222492218,0.0,6.616921424865723
600,1,15,-2.2573623657226562,-2.2573623657226562,0.5025658011436462,0.0,5.242978096008301
600,1,16,-2.233738422393799,-2.233738422393799,0.530883252620697,0.0,5.339917182922363
600,1,17,-2.247025489807129,-2.247025489807129,0.5021187663078308,0.0,5.209895133972168
600,1,18,-2.260526180267334,-2.260526180267334,0.5736029148101807,0.0,7.097711086273193
600,1,19,-2.2745821475982666,-2.2745821475982666,0.5133512616157532,0.0,5.7892374992370605
600,2,0,-2.254622459411621,-2.254622459411621,0.4897378385066986,0.0,7.0359039306640625
600,2,1,-2.2464065551757812,-2.2464065551757812,0.5135343074798584,0.0,6.0822649002075195
600,2,2,-2.260106325149536,-2.260106325149536,0.43622007966041565,0.0,4.602168560028076
600,2,3,-2.2381765842437744,-2.2381765842437744,0.5075843930244446,0.0,6.819754600524902
600,2,4,-2.2574756145477295,-2.2574756145477295,0.4975166320800781,0.0,5.947597503662109
600,2,5,-2.2528250217437744,-2.2528250217437744,0.5466212630271912,0.0,6.664006233215332
600,2,6,-2.2662713527679443,-2.2662713527679443,0.497055321931839,0.0,6.2710862159729
600,2,7,-2.2406139373779297,-2.2406139373779297,0.45119065046310425,0.0,5.572307586669922
600,2,8,-2.258267402648926,-2.258267402648926,0.5347607135772705,0.0,6.530915260314941
600,2,9,-2.226768732070923,-2.226768732070923,0.4975842833518982,0.0,6.192593097686768
600,2,10,-2.2474961280822754,-2.2474961280822754,0.4426615536212921,0.0,5.9996018409729
600,2,11,-2.2505829334259033,-2.2505829334259033,0.48512113094329834,0.0,6.55399227142334
600,2,12,-2.2539315223693848,-2.2539315223693848,0.43352240324020386,0.0,7.23140287399292
600,2,13,-2.249229907989502,-2.249229907989502,0.5403408408164978,0.0,6.655825614929199
600,2,14,-2.224891424179077,-2.224891424179077,0.48063382506370544,0.0,6.183906555175781
600,2,15,-2.239792823791504,-2.239792823791504,0.5011379718780518,0.0,5.794449806213379
600,2,16,-2.24434757232666,-2.24434757232666,0.449242502450943,0.0,6.341985702514648
600,2,17,-2.251854181289673,-2.251854181289673,0.5733118653297424,0.0,7.59257173538208
600,2,18,-2.2240898609161377,-2.2240898609161377,0.5314655900001526,0.0,6.025666236877441
600,2,19,-2.2320992946624756,-2.2320992946624756,0.4412596523761749,0.0,5.258283615112305
600,3,0,-2.2742788791656494,-2.2742788791656494,0.448834627866745,0.0,3.1186156272888184
600,3,1,-2.273134469985962,-2.273134469985962,0.49821794033050537,0.0,2.511889934539795
600,3,2,-2.2772059440612793,-2.2772059440612793,0.5117514729499817,0.0,2.830632209777832
600,3,3,-2.2777698040008545,-2.2777698040008545,0.5205792188644409,0.0,3.6523613929748535
600,3,4,-2.2684731483459473,-2.2684731483459473,0.538669764995575,0.0,2.6773929595947266
600,3,5,-2.277564287185669,-2.277564287185669,0.5704262852668762,0.0,3.1251230239868164
600,3,6,-2.2784690856933594,-2.2784690856933594,0.5163344740867615,0.0,2.91644287109375
600,3,7,-2.278230667114258,-2.278230667114258,0.5622407793998718,0.0,3.2614729404449463
600,3,8,-2.2744946479797363,-2.2744946479797363,0.5468945503234863,0.0,2.949939250946045
600,3,9,-2.278754472732544,-2.278754472732544,0.4972527325153351,0.0,3.509899139404297
600,3,10,-2.2767670154571533,-2.2767670154571533,0.5230641961097717,0.0,3.5118408203125
600,3,11,-2.27724552154541,-2.27724552154541,0.5351941585540771,0.0,2.700094699859619
600,3,12,-2.2750139236450195,-2.2750139236450195,0.5506755709648132,0.0,2.715846061706543
600,3,13,-2.2779576778411865,-2.2779576778411865,0.5293843746185303,0.0,3.2526183128356934
600,3,14,-2.2636072635650635,-2.2636072635650635,0.5497816801071167,0.0,2.577399730682373
600,3,15,-2.274451494216919,-2.274451494216919,0.5684687495231628,0.0,3.3845789432525635
600,3,16,-2.2655088901519775,-2.2655088901519775,0.7234333157539368,0.0,3.606856346130371
600,3,17,-2.278003215789795,-2.278003215789795,0.5109726190567017,0.0,3.0457143783569336
600,3,18,-2.2751717567443848,-2.2751717567443848,0.5211356282234192,0.0,2.36224627494812
600,3,19,-2.2751944065093994,-2.2751944065093994,0.5404885411262512,0.0,2.249825954437256
600,4,0,-2.2416019439697266,-2.2416019439697266,0.5116158723831177,0.0,5.124910831451416
600,4,1,-2.2727420330047607,-2.2727420330047607,0.42850661277770996,0.0,4.636302947998047
600,4,2,-2.275467872619629,-2.275467872619629,0.5251443982124329,0.0,4.809777736663818
600,4,3,-2.2693135738372803,-2.2693135738372803,0.4980088174343109,0.0,5.073114395141602
600,4,4,-2.2791953086853027,-2.2791953086853027,0.5363553762435913,0.0,5.017586708068848
600,4,5,-2.269632339477539,-2.269632339477539,0.49217483401298523,0.0,5.682679653167725
600,4,6,-2.2763047218322754,-2.2763047218322754,0.4949836730957031,0.0,4.3084259033203125
600,4,7,-2.278005838394165,-2.278005838394165,0.5584247708320618,0.0,5.853512763977051
600,4,8,-2.277806282043457,-2.277806282043457,0.5342503190040588,0.0,5.633138656616211
600,4,9,-2.2801718711853027,-2.2801718711853027,0.3622996211051941,0.0,5.270158767700195
600,4,10,-2.276512384414673,-2.276512384414673,0.4246269762516022,0.0,5.168543815612793
600,4,11,-2.278294324874878,-2.278294324874878,0.5348641872406006,0.0,3.36851167678833
600,4,12,-2.2702176570892334,-2.2702176570892334,0.40116849541664124,0.0,4.829028606414795
600,4,13,-2.277879476547241,-2.277879476547241,0.4405007064342499,0.0,5.228968620300293
600,4,14,-2.275820016860962,-2.275820016860962,0.5485543608665466,0.0,5.247535705566406
600,4,15,-2.2426533699035645,-2.2426533699035645,0.5379349589347839,0.0,5.693914890289307
600,4,16,-2.2772202491760254,-2.2772202491760254,0.4547359049320221,0.0,4.8907928466796875
600,4,17,-2.2743821144104004,-2.2743821144104004,0.5498661398887634,0.0,5.168265342712402
600,4,18,-2.2763400077819824,-2.2763400077819824,0.48579156398773193,0.0,4.240551948547363
600,4,19,-2.267460823059082,-2.267460823059082,0.431516170501709,0.0,4.107532024383545
600,5,0,-2.2657110691070557,-2.2657110691070557,0.5539361834526062,0.0,5.329757213592529
600,5,1,-2.265568971633911,-2.265568971633911,0.5174127221107483,0.0,5.808135032653809
600,5,2,-2.2546863555908203,-2.2546863555908203,0.5531965494155884,0.0,5.6797590255737305
600,5,3,-2.2671587467193604,-2.2671587467193604,0.5391785502433777,0.0,6.288417816162109
600,5,4,-2.2564828395843506,-2.2564828395843506,0.5508323907852173,0.0,5.391622543334961
600,5,5,-2.272261381149292,-2.272261381149292,0.4996638298034668,0.0,5.722136497497559
600,5,6,-2.252577304840088,-2.252577304840088,0.5637185573577881,0.0,6.784270286560059
600,5,7,-2.2544074058532715,-2.2544074058532715,0.5448364615440369,0.0,5.956454277038574
600,5,8,-2.253174066543579,-2.253174066543579,0.47789818048477173,0.0,6.842733383178711
600,5,9,-2.23879075050354,-2.23879075050354,0.5249216556549072,0.0,6.759652614593506
600,5,10,-2.2397830486297607,-2.2397830486297607,0.5593677163124084,0.0,6.659948348999023
600,5,11,-2.2206742763519287,-2.2206742763519287,0.5062429904937744,0.0,6.395013809204102
600,5,12,-2.257858991622925,-2.257858991622925,0.5367216467857361,0.0,6.284102439880371
600,5,13,-2.259735107421875,-2.259735107421875,0.5588011741638184,0.0,5.981957912445068
600,5,14,-2.260648488998413,-2.260648488998413,0.49783143401145935,0.0,5.910503387451172
600,5,15,-2.237398386001587,-2.237398386001587,0.5110940933227539,0.0,6.521367073059082
600,5,16,-2.2640230655670166,-2.2640230655670166,0.5549381971359253,0.0,6.152277946472168
600,5,17,-2.2695212364196777,-2.2695212364196777,0.5413852334022522,0.0,5.841203212738037
600,5,18,-2.272031307220459,-2.272031307220459,0.5646349787712097,0.0,6.152894496917725
600,5,19,-2.253556966781616,-2.253556966781616,0.5412408113479614,0.0,5.814225673675537
600,6,0,-2.243199110031128,-2.243199110031128,0.46699535846710205,0.0,5.814520835876465
600,6,1,-2.250380754470825,-2.250380754470825,0.5215641260147095,0.0,5.4909796714782715
600,6,2,-2.229167938232422,-2.229167938232422,0.6007328033447266,0.0,5.443711280822754
600,6,3,-2.215461254119873,-2.215461254119873,0.5009026527404785,0.0,5.715467929840088
600,6,4,-2.266751289367676,-2.266751289367676,0.467984139919281,0.0,5.842774391174316
600,6,5,-2.209165334701538,-2.209165334701538,0.5278684496879578,0.0,5.8433308601379395
600,6,6,-2.218695878982544,-2.218695878982544,0.5460706949234009,0.0,6.125194072723389
600,6,7,-2.258787155151367,-2.258787155151367,0.511468768119812,0.0,5.547370910644531
600,6,8,-2.230916738510132,-2.230916738510132,0.565668523311615,0.0,4.880338668823242
600,6,9,-2.2621219158172607,-2.2621219158172607,0.560518205165863,0.0,5.907447814941406
600,6,10,-2.231935501098633,-2.231935501098633,0.4769715368747711,0.0,5.275125503540039
600,6,11,-2.240344285964966,-2.240344285964966,0.5154769420623779,0.0,6.153969764709473
600,6,12,-2.237678289413452,-2.237678289413452,0.49058040976524353,0.0,6.634355545043945
600,6,13,-2.2474477291107178,-2.2474477291107178,0.5546455979347229,0.0,5.653467178344727
600,6,14,-2.2210419178009033,-2.2210419178009033,0.5376779437065125,0.0,6.5452704429626465
600,6,15,-2.202141284942627,-2.202141284942627,0.5296112298965454,0.0,5.826251029968262
600,6,16,-2.236257791519165,-2.236257791519165,0.5201127529144287,0.0,5.5763654708862305
600,6,17,-2.230564594268799,-2.230564594268799,0.44982969760894775,0.0,5.431466579437256
600,6,18,-2.2531378269195557,-2.2531378269195557,0.5170934200286865,0.0,5.590862274169922
600,6,19,-2.230747699737549,-2.230747699737549,0.4491730332374573,0.0,5.177455902099609
600,7,0,-2.221364974975586,-2.221364974975586,0.42284682393074036,0.0,5.677214622497559
600,7,1,-2.2461061477661133,-2.2461061477661133,0.5741454362869263,0.0,5.883195877075195
600,7,2,-2.244664192199707,-2.244664192199707,0.5565202832221985,0.0,6.770355224609375
600,7,3,-2.2301974296569824,-2.2301974296569824,0.576531708240509,0.0,5.368052959442139
600,7,4,-2.245448350906372,-2.245448350906372,0.4601423740386963,0.0,5.690523147583008
600,7,5,-2.2064387798309326,-2.2064387798309326,0.5743393301963806,0.0,6.176426887512207
600,7,6,-2.2601158618927,-2.2601158618927,0.39747461676597595,0.0,6.8994140625
600,7,7,-2.195416212081909,-2.195416212081909,0.5688305497169495,0.0,5.856996536254883
600,7,8,-2.2594730854034424,-2.2594730854034424,0.5158010721206665,0.0,5.867256164550781
600,7,9,-2.2650253772735596,-2.2650253772735596,0.557693362236023,0.0,6.6967573165893555
600,7,10,-2.2142133712768555,-2.2142133712768555,0.5262452960014343,0.0,6.809822082519531
600,7,11,-2.2280054092407227,-2.2280054092407227,0.46334072947502136,0.0,5.806966781616211
600,7,12,-2.2304584980010986,-2.2304584980010986,0.5356411933898926,0.0,7.407675743103027
600,7,13,-2.235039710998535,-2.235039710998535,0.44838187098503113,0.0,5.472442626953125
600,7,14,-2.222165584564209,-2.222165584564209,0.46233704686164856,0.0,6.006649494171143
600,7,15,-2.2174007892608643,-2.2174007892608643,0.47782042622566223,0.0,5.334932804107666
600,7,16,-2.2282581329345703,-2.2282581329345703,0.5353955030441284,0.0,5.741718292236328
600,7,17,-2.216154098510742,-2.216154098510742,0.4975888729095459,0.0,6.534356594085693
600,7,18,-2.2349469661712646,-2.2349469661712646,0.4904215633869171,0.0,5.988385200500488
600,7,19,-2.227879285812378,-2.227879285812378,0.48595231771469116,0.0,4.7690935134887695
600,8,0,-2.22983980178833,-2.22983980178833,0.6963144540786743,0.0,4.540936470031738
600,8,1,-2.224410057067871,-2.224410057067871,0.526931881904602,0.0,4.477423191070557
600,8,2,-2.2534050941467285,-2.2534050941467285,0.5045849680900574,0.0,4.154493808746338
600,8,3,-2.1851131916046143,-2.1851131916046143,0.4221615195274353,0.0,4.793725967407227
600,8,4,-2.238088607788086,-2.238088607788086,0.510867178440094,0.0,5.306300163269043
600,8,5,-2.2386934757232666,-2.2386934757232666,0.5278486609458923,0.0,4.6808576583862305
600,8,6,-2.233691692352295,-2.233691692352295,0.4719172716140747,0.0,4.792318344116211
600,8,7,-2.227598190307617,-2.227598190307617,0.5589544773101807,0.0,4.700568199157715
600,8,8,-2.234194278717041,-2.234194278717041,0.5089276432991028,0.0,5.3611555099487305
600,8,9,-2.2659730911254883,-2.2659730911254883,0.5109567046165466,0.0,3.4722065925598145
600,8,10,-2.216508150100708,-2.216508150100708,0.5537572503089905,0.0,5.074695587158203
600,8,11,-2.2624905109405518,-2.2624905109405518,0.5313596725463867,0.0,3.5673301219940186
600,8,12,-2.235473394393921,-2.235473394393921,0.45344284176826477,0.0,4.177467346191406
600,8,13,-2.2307865619659424,-2.2307865619659424,0.4901076555252075,0.0,5.226993083953857
600,8,14,-2.2140331268310547,-2.2140331268310547,0.4936295449733734,0.0,5.519756317138672
600,8,15,-2.2034213542938232,-2.2034213542938232,0.5439998507499695,0.0,4.6250176429748535
600,8,16,-2.216736316680908,-2.216736316680908,0.5454139113426208,0.0,5.158195495605469
600,8,17,-2.2422049045562744,-2.2422049045562744,0.5187484622001648,0.0,4.994163513183594
600,8,18,-2.250441312789917,-2.250441312789917,0.46795082092285156,0.0,4.359544277191162
600,8,19,-2.2594878673553467,-2.2594878673553467,0.5135492086410522,0.0,3.9958291053771973
600,9,0,-2.2589752674102783,-2.2589752674102783,0.489462673664093,0.0,4.8310866355896
600,9,1,-2.2522153854370117,-2.2522153854370117,0.4479992091655731,0.0,6.1200175285339355
600,9,2,-2.250401735305786,-2.250401735305786,0.5316981673240662,0.0,4.671989440917969
600,9,3,-2.249967336654663,-2.249967336654663,0.5979616641998291,0.0,5.897693634033203
600,9,4,-2.261491537094116,-2.261491537094116,0.5299668908119202,0.0,6.163495063781738
600,9,5,-2.2555203437805176,-2.2555203437805176,0.5635661482810974,0.0,5.026637554168701
600,9,6,-2.248875856399536,-2.248875856399536,0.5143327713012695,0.0,5.073481559753418
600,9,7,-2.233703136444092,-2.233703136444092,0.5041559338569641,0.0,5.464003562927246
600,9,8,-2.2754061222076416,-2.2754061222076416,0.48028358817100525,0.0,5.728309631347656
600,9,9,-2.266336441040039,-2.266336441040039,0.5159687399864197,0.0,6.628511428833008
600,9,10,-2.245967149734497,-2.245967149734497,0.5101510286331177,0.0,5.0886454582214355
600,9,11,-2.2717909812927246,-2.2717909812927246,0.518727719783783,0.0,6.023535251617432
600,9,12,-2.251276731491089,-2.251276731491089,0.5334450602531433,0.0,5.921016693115234
600,9,13,-2.229693651199341,-2.229693651199341,0.5314403772354126,0.0,5.810758590698242
600,9,14,-2.239229440689087,-2.239229440689087,0.4561440050601959,0.0,4.646001815795898
600,9,15,-2.268589735031128,-2.268589735031128,0.5128282904624939,0.0,5.405059337615967
600,9,16,-2.2536568641662598,-2.2536568641662598,0.6349133849143982,0.0,5.260361671447754
600,9,17,-2.252593755722046,-2.252593755722046,0.7412095665931702,0.0,5.430154323577881
600,9,18,-2.267143487930298,-2.267143487930298,0.5092862844467163,0.0,5.568761825561523
600,9,19,-2.233271598815918,-2.233271598815918,0.46620213985443115,0.0,6.210943222045898
580,0,0,-2.227688789367676,-2.227688789367676,0.5448957085609436,0.0,3.1191539764404297
580,0,1,-2.241569757461548,-2.241569757461548,0.5239102244377136,0.0,3.7355239391326904
580,0,2,-2.243417739868164,-2.243417739868164,0.6027253270149231,0.0,3.4204609394073486
580,0,3,-2.2595276832580566,-2.2595276832580566,0.4683774411678314,0.0,4.209554195404053
580,0,4,-2.2103865146636963,-2.2103865146636963,0.5464736819267273,0.0,3.7137868404388428
580,0,5,-2.2444658279418945,-2.2444658279418945,0.5028032064437866,0.0,3.930570125579834
580,0,6,-2.2663257122039795,-2.2663257122039795,0.4930766820907593,0.0,3.5957515239715576
580,0,7,-2.2406094074249268,-2.2406094074249268,0.5789528489112854,0.0,3.8477396965026855
580,0,8,-2.25549578666687,-2.25549578666687,0.579054594039917,0.0,4.068820476531982
580,0,9,-2.2580301761627197,-2.2580301761627197,0.5973990559577942,0.0,3.644470691680908
580,0,10,-2.246922492980957,-2.246922492980957,0.556688129901886,0.0,3.962942600250244
580,0,11,-2.2272424697875977,-2.2272424697875977,0.5112791657447815,0.0,4.59024715423584
580,0,12,-2.22420072555542,-2.22420072555542,0.6099876165390015,0.0,3.7071757316589355
580,0,13,-2.225721597671509,-2.225721597671509,0.6033316254615784,0.0,4.433638572692871
580,0,14,-2.2372589111328125,-2.2372589111328125,0.5607678890228271,0.0,4.0179572105407715
580,0,15,-2.228817939758301,-2.228817939758301,0.4862433969974518,0.0,3.903015613555908
580,0,16,-2.248431921005249,-2.248431921005249,0.6041744351387024,0.0,3.9997620582580566
580,0,17,-2.2393593788146973,-2.2393593788146973,0.5307072997093201,0.0,4.277009010314941
580,0,18,-2.2076120376586914,-2.2076120376586914,0.5550198554992676,0.0,4.184760570526123
580,0,19,-2.2474052906036377,-2.2474052906036377,0.5717578530311584,0.0,3.441645622253418
580,1,0,-2.2637674808502197,-2.2637674808502197,0.4253571629524231,0.0,6.098440170288086
580,1,1,-2.2406206130981445,-2.2406206130981445,0.5158418416976929,0.0,6.465056896209717
580,1,2,-2.2383193969726562,-2.2383193969726562,0.498515248298645,0.0,5.287899017333984
580,1,3,-2.274238109588623,-2.274238109588623,0.6286453008651733,0.0,5.631735324859619
580,1,4,-2.254152536392212,-2.254152536392212,0.47279664874076843,0.0,5.542387008666992
580,1,5,-2.243542432785034,-2.243542432785034,0.467396080493927,0.0,5.681312561035156
580,1,6,-2.237274408340454,-2.237274408340454,0.42446282505989075,0.0,5.603796482086182
580,1,7,-2.2479512691497803,-2.2479512691497803,0.4260953962802887,0.0,5.6075286865234375
580,1,8,-2.2674217224121094,-2.2674217224121094,0.5360201597213745,0.0,5.913028240203857
580,1,9,-2.2369205951690674,-2.2369205951690674,0.5101362466812134,0.0,6.20845890045166
580,1,10,-2.1759984493255615,-2.1759984493255615,0.6209017038345337,0.0,4.567765235900879
580,1,11,-2.2250053882598877,-2.2250053882598877,0.5402538776397705,0.0,5.454426288604736
580,1,12,-2.253650665283203,-2.253650665283203,0.4962584674358368,0.0,6.0442094802856445
580,1,13,-2.252998113632202,-2.252998113632202,0.5555012226104736,0.0,6.249184608459473
580,1,14,-2.277217388153076,-2.277217388153076,0.5565071105957031,0.0,5.6796722412109375
580,1,15,-2.2436439990997314,-2.2436439990997314,0.506622850894928,0.0,5.677834987640381
580,1,16,-2.278700590133667,-2.278700590133667,0.5540377497673035,0.0,5.814264297485352
580,1,17,-2.265428304672241,-2.265428304672241,0.47396597266197205,0.0,5.6207475662231445
580,1,18,-2.209153175354004,-2.209153175354004,0.4728163778781891,0.0,5.380331039428711
580,1,19,-2.2608742713928223,-2.2608742713928223,0.460245817899704,0.0,6.474761009216309
580,2,0,-2.2304458618164062,-2.2304458618164062,0.5176196098327637,0.0,6.625967025756836
580,2,1,-2.246480941772461,-2.246480941772461,0.5430911779403687,0.0,7.320572853088379
580,2,2,-2.2571351528167725,-2.2571351528167725,0.47407418489456177,0.0,6.269838333129883
580,2,3,-2.2618556022644043,-2.2618556022644043,0.42974090576171875,0.0,6.698660850524902
580,2,4,-2.2329859733581543,-2.2329859733581543,0.5097373127937317,0.0,6.729616165161133
580,2,5,-2.2305636405944824,-2.2305636405944824,0.5352533459663391,0.0,6.570478439331055
580,2,6,-2.250819444656372,-2.250819444656372,0.4802761971950531,0.0,6.541955947875977
580,2,7,-2.2506589889526367,-2.2506589889526367,0.5517605543136597,0.0,6.085520267486572
580,2,8,-2.247541666030884,-2.247541666030884,0.45210421085357666,0.0,5.71844482421875
580,2,9,-2.250957727432251,-2.250957727432251,0.5003421306610107,0.0,6.084097385406494
580,2,10,-2.2268190383911133,-2.2268190383911133,0.4693090319633484,0.0,6.085503578186035
580,2,11,-2.256728410720825,-2.256728410720825,0.49838611483573914,0.0,6.520795822143555
580,2,12,-2.256098985671997,-2.256098985671997,0.5127567052841187,0.0,5.620893478393555
580,2,13,-2.2617955207824707,-2.2617955207824707,0.4952862560749054,0.0,6.094448089599609
580,2,14,-2.2603859901428223,-2.2603859901428223,0.5128660202026367,0.0,6.062161445617676
580,2,15,-2.2498443126678467,-2.2498443126678467,0.4656241238117218,0.0,6.281423568725586
580,2,16,-2.232551097869873,-2.232551097869873,0.4484505355358124,0.0,6.750254154205322
580,2,17,-2.234454393386841,-2.234454393386841,0.4852032959461212,0.0,6.07906436920166
580,2,18,-2.256908893585205,-2.256908893585205,0.44372326135635376,0.0,6.898911476135254
580,2,19,-2.240060806274414,-2.240060806274414,0.5433374643325806,0.0,6.353663444519043
580,3,0,-2.277726411819458,-2.277726411819458,0.5312158465385437,0.0,3.263824224472046
580,3,1,-2.278451442718506,-2.278451442718506,0.5505095720291138,0.0,2.874387741088867
580,3,2,-2.2753868103027344,-2.2753868103027344,0.5210510492324829,0.0,3.9203643798828125
580,3,3,-2.2772202491760254,-2.2772202491760254,0.515407919883728,0.0,2.8850297927856445
580,3,4,-2.2763824462890625,-2.2763824462890625,0.5539776682853699,0.0,3.915376663208008
580,3,5,-2.271803140640259,-2.271803140640259,0.5191933512687683,0.0,3.414992332458496
580,3,6,-2.2764625549316406,-2.2764625549316406,0.5155804753303528,0.0,3.0592761039733887
580,3,7,-2.2780702114105225,-2.2780702114105225,0.5305799841880798,0.0,3.3710532188415527
580,3,8,-2.276632785797119,-2.276632785797119,0.5485864281654358,0.0,3.0218234062194824
580,3,9,-2.2773303985595703,-2.2773303985595703,0.5069942474365234,0.0,4.060710906982422
580,3,10,-2.275362491607666,-2.275362491607666,0.47697776556015015,0.0,2.9562809467315674
580,3,11,-2.277653932571411,-2.277653932571411,0.5127383470535278,0.0,3.625549554824829
580,3,12,-2.276266098022461,-2.276266098022461,0.49819692969322205,0.0,3.081540822982788
580,3,13,-2.2779593467712402,-2.2779593467712402,0.5265120267868042,0.0,2.7971296310424805
580,3,14,-2.2775323390960693,-2.2775323390960693,0.5503132939338684,0.0,3.5086448192596436
580,3,15,-2.276811361312866,-2.276811361312866,0.5040611624717712,0.0,3.0900344848632812
580,3,16,-2.2691547870635986,-2.2691547870635986,0.5573990941047668,0.0,3.5554604530334473
580,3,17,-2.2756922245025635,-2.2756922245025635,0.5297849774360657,0.0,3.5071637630462646
580,3,18,-2.2787537574768066,-2.2787537574768066,0.5284240245819092,0.0,3.2025835514068604
580,3,19,-2.277855157852173,-2.277855157852173,0.506865382194519,0.0,3.3274993896484375
580,4,0,-2.2756688594818115,-2.2756688594818115,0.49377503991127014,0.0,5.078982353210449
580,4,1,-2.274561882019043,-2.274561882019043,0.5993142127990723,0.0,6.280726432800293
580,4,2,-2.280937433242798,-2.280937433242798,0.5328996181488037,0.0,5.18947696685791
580,4,3,-2.2681257724761963,-2.2681257724761963,0.4097733795642853,0.0,3.855539321899414
580,4,4,-2.278488874435425,-2.278488874435425,0.5225493311882019,0.0,4.52041482925415
580,4,5,-2.277616500854492,-2.277616500854492,0.5227876901626587,0.0,5.406739234924316
580,4,6,-2.278233528137207,-2.278233528137207,0.4393976926803589,0.0,4.443822860717773
580,4,7,-2.2608654499053955,-2.2608654499053955,0.5267786383628845,0.0,4.474543571472168
580,4,8,-2.2639589309692383,-2.2639589309692383,0.5302145481109619,0.0,4.370603561401367
580,4,9,-2.2783312797546387,-2.2783312797546387,0.5408053398132324,0.0,2.9960970878601074
580,4,10,-2.26523756980896,-2.26523756980896,0.4583331048488617,0.0,4.827096939086914
580,4,11,-2.2723634243011475,-2.2723634243011475,0.5114693641662598,0.0,2.491985321044922
580,4,12,-2.2788960933685303,-2.2788960933685303,0.5273244380950928,0.0,4.619880199432373
580,4,13,-2.279339551925659,-2.279339551925659,0.5547130107879639,0.0,5.097221374511719
580,4,14,-2.2785258293151855,-2.2785258293151855,0.5789517760276794,0.0,3.5614168643951416
580,4,15,-2.261460781097412,-2.261460781097412,0.46541881561279297,0.0,4.503296852111816
580,4,16,-2.2737770080566406,-2.2737770080566406,0.4877871870994568,0.0,5.959001541137695
580,4,17,-2.2742486000061035,-2.2742486000061035,0.548923671245575,0.0,5.001878261566162
580,4,18,-2.2769150733947754,-2.2769150733947754,0.5152641534805298,0.0,3.834789276123047
580,4,19,-2.278296709060669,-2.278296709060669,0.5261839628219604,0.0,4.730350971221924
580,5,0,-2.2671988010406494,-2.2671988010406494,0.5481693744659424,0.0,5.67335844039917
580,5,1,-2.274566173553467,-2.274566173553467,0.45919936895370483,0.0,6.537537574768066
580,5,2,-2.2688887119293213,-2.2688887119293213,0.5003792643547058,0.0,6.414918899536133
580,5,3,-2.247208595275879,-2.247208595275879,0.5665133595466614,0.0,7.415103435516357
580,5,4,-2.224158525466919,-2.224158525466919,0.5677197575569153,0.0,6.716598987579346
580,5,5,-2.2318105697631836,-2.2318105697631836,0.516451895236969,0.0,6.324207305908203
580,5,6,-2.267152786254883,-2.267152786254883,0.5312464833259583,0.0,6.118051528930664
580,5,7,-2.2536489963531494,-2.2536489963531494,0.5603823661804199,0.0,6.343410491943359
580,5,8,-2.2570574283599854,-2.2570574283599854,0.5471485257148743,0.0,6.088759422302246
580,5,9,-2.25657320022583,-2.25657320022583,0.5171979665756226,0.0,6.016114711761475
580,5,10,-2.2560043334960938,-2.2560043334960938,0.5106044411659241,0.0,6.001115798950195
580,5,11,-2.2692947387695312,-2.2692947387695312,0.5232886672019958,0.0,6.11411190032959
580,5,12,-2.2707982063293457,-2.2707982063293457,0.5377006530761719,0.0,5.811038970947266
580,5,13,-2.2639026641845703,-2.2639026641845703,0.5342276692390442,0.0,6.368757724761963
580,5,14,-2.257805585861206,-2.257805585861206,0.5235229730606079,0.0,5.60476016998291
580,5,15,-2.2649917602539062,-2.2649917602539062,0.5282729864120483,0.0,5.808813095092773
580,5,16,-2.262425184249878,-2.262425184249878,0.5355842709541321,0.0,5.816669940948486
580,5,17,-2.2391624450683594,-2.2391624450683594,0.5525527000427246,0.0,6.037738800048828
580,5,18,-2.260240316390991,-2.260240316390991,0.527604341506958,0.0,5.903522491455078
580,5,19,-2.268756866455078,-2.268756866455078,0.501272439956665,0.0,7.402626991271973
580,6,0,-2.2528231143951416,-2.2528231143951416,0.5187597274780273,0.0,5.5120391845703125
580,6,1,-2.2432661056518555,-2.2432661056518555,0.4845394194126129,0.0,5.641814708709717
580,6,2,-2.23526668548584,-2.23526668548584,0.5345272421836853,0.0,5.74982213973999
580,6,3,-2.2476696968078613,-2.2476696968078613,0.5034904479980469,0.0,6.2057342529296875
580,6,4,-2.2226133346557617,-2.2226133346557617,0.5058580636978149,0.0,5.774178504943848
580,6,5,-2.262669086456299,-2.262669086456299,0.48725855350494385,0.0,6.411165714263916
580,6,6,-2.2544796466827393,-2.2544796466827393,0.4904308617115021,0.0,6.141539573669434
580,6,7,-2.23740553855896,-2.23740553855896,0.5063190460205078,0.0,6.1364336013793945
580,6,8,-2.2093505859375,-2.2093505859375,0.4568867087364197,0.0,6.3899078369140625
580,6,9,-2.2375600337982178,-2.2375600337982178,0.5800186395645142,0.0,6.4603047370910645
580,6,10,-2.252716064453125,-2.252716064453125,0.4779578149318695,0.0,5.867626190185547
580,6,11,-2.2554714679718018,-2.2554714679718018,0.4543514847755432,0.0,6.047872543334961
580,6,12,-2.1988096237182617,-2.1988096237182617,0.5617318749427795,0.0,6.107701301574707
580,6,13,-2.231217861175537,-2.231217861175537,0.4992423951625824,0.0,6.029569625854492
580,6,14,-2.259239435195923,-2.259239435195923,0.5958083868026733,0.0,5.052702903747559
580,6,15,-2.208784341812134,-2.208784341812134,0.5181949138641357,0.0,5.889495849609375
580,6,16,-2.2440836429595947,-2.2440836429595947,0.4727018177509308,0.0,6.0668625831604
580,6,17,-2.2232158184051514,-2.2232158184051514,0.4718466103076935,0.0,6.059109687805176
580,6,18,-2.228071451187134,-2.228071451187134,0.48632481694221497,0.0,6.180956840515137
580,6,19,-2.253774642944336,-2.253774642944336,0.5202471017837524,0.0,5.849893569946289
580,7,0,-2.240868330001831,-2.240868330001831,0.5334625244140625,0.0,6.504111289978027
580,7,1,-2.235783576965332,-2.235783576965332,0.5962976813316345,0.0,5.848972320556641
580,7,2,-2.220041275024414,-2.220041275024414,0.5222892761230469,0.0,6.224384784698486
580,7,3,-2.176255226135254,-2.176255226135254,0.5040711164474487,0.0,7.115836143493652
580,7,4,-2.2235658168792725,-2.2235658168792725,0.4968293607234955,0.0,5.889791488647461
580,7,5,-2.1949312686920166,-2.1949312686920166,0.5428049564361572,0.0,6.268511772155762
580,7,6,-2.2393617630004883,-2.2393617630004883,0.4943767786026001,0.0,5.678158760070801
580,7,7,-2.246204376220703,-2.246204376220703,0.4981358051300049,0.0,7.025877952575684
580,7,8,-2.2313992977142334,-2.2313992977142334,0.6002694368362427,0.0,6.211888790130615
580,7,9,-2.171915292739868,-2.171915292739868,0.46776407957077026,0.0,5.658249855041504
580,7,10,-2.244962692260742,-2.244962692260742,0.4894610047340393,0.0,5.4347381591796875
580,7,11,-2.2177822589874268,-2.2177822589874268,0.4609910547733307,0.0,6.001969337463379
580,7,12,-2.223703622817993,-2.223703622817993,0.491935133934021,0.0,6.5913543701171875
580,7,13,-2.260467767715454,-2.260467767715454,0.48608893156051636,0.0,6.024356365203857
580,7,14,-2.227091073989868,-2.227091073989868,0.4997720420360565,0.0,6.3488264083862305
580,7,15,-2.2136929035186768,-2.2136929035186768,0.571064293384552,0.0,6.285160541534424
580,7,16,-2.26981258392334,-2.26981258392334,0.490047812461853,0.0,6.6660542488098145
580,7,17,-2.214569091796875,-2.214569091796875,0.5631518959999084,0.0,5.912747383117676
580,7,18,-2.2414069175720215,-2.2414069175720215,0.5462646484375,0.0,6.607522010803223
580,7,19,-2.2281618118286133,-2.2281618118286133,0.5363476872444153,0.0,5.400649070739746
580,8,0,-2.2261037826538086,-2.2261037826538086,0.4906812310218811,0.0,4.673867225646973
580,8,1,-2.238255739212036,-2.238255739212036,0.4232510030269623,0.0,5.129560470581055
580,8,2,-2.2650206089019775,-2.2650206089019775,0.4831809997558594,0.0,4.5366315841674805
580,8,3,-2.2421350479125977,-2.2421350479125977,0.5237045884132385,0.0,4.67049503326416
580,8,4,-2.1894800662994385,-2.1894800662994385,0.521980881690979,0.0,5.67907190322876
580,8,5,-2.237152099609375,-2.237152099609375,0.45260265469551086,0.0,5.586585998535156
580,8,6,-2.2537355422973633,-2.2537355422973633,0.5143615007400513,0.0,5.259762287139893
580,8,7,-2.220898389816284,-2.220898389816284,0.5197794437408447,0.0,4.514036655426025
580,8,8,-2.192491054534912,-2.192491054534912,0.45019713044166565,0.0,5.037827491760254
580,8,9,-2.230257749557495,-2.230257749557495,0.4767109453678131,0.0,6.307210922241211
580,8,10,-2.2059226036071777,-2.2059226036071777,0.516920804977417,0.0,4.407752513885498
580,8,11,-2.2338340282440186,-2.2338340282440186,0.5453222990036011,0.0,4.948073863983154
580,8,12,-2.222355365753174,-2.222355365753174,0.565200924873352,0.0,4.365034103393555
580,8,13,-2.257261037826538,-2.257261037826538,0.5526704788208008,0.0,5.481062889099121
580,8,14,-2.1868600845336914,-2.1868600845336914,0.5254992246627808,0.0,4.833425521850586
580,8,15,-2.2241950035095215,-2.2241950035095215,0.5764323472976685,0.0,5.0656418800354
580,8,16,-2.257903575897217,-2.257903575897217,0.4157598912715912,0.0,4.804705619812012
580,8,17,-2.249540328979492,-2.249540328979492,0.6025662422180176,0.0,4.634904384613037
580,8,18,-2.192101001739502,-2.192101001739502,0.5133368968963623,0.0,5.432880878448486
580,8,19,-2.2538280487060547,-2.2538280487060547,0.46954166889190674,0.0,4.706582069396973
580,9,0,-2.274138927459717,-2.274138927459717,0.5769630074501038,0.0,5.365413665771484
580,9,1,-2.2590348720550537,-2.2590348720550537,0.4964006543159485,0.0,6.485180854797363
580,9,2,-2.2417874336242676,-2.2417874336242676,0.4732811450958252,0.0,5.550861358642578
580,9,3,-2.23197340965271,-2.23197340965271,0.49060216546058655,0.0,5.336452007293701
580,9,4,-2.2570297718048096,-2.2570297718048096,0.5449172258377075,0.0,5.742230415344238
580,9,5,-2.265132427215576,-2.265132427215576,0.36380383372306824,0.0,4.771232604980469
580,9,6,-2.2726573944091797,-2.2726573944091797,0.6028869152069092,0.0,5.081310272216797
580,9,7,-2.2227160930633545,-2.2227160930633545,0.45934757590293884,0.0,5.717044353485107
580,9,8,-2.2496700286865234,-2.2496700286865234,0.5024325251579285,0.0,5.634441375732422
580,9,9,-2.245481014251709,-2.245481014251709,0.48446163535118103,0.0,5.574790954589844
580,9,10,-2.2514073848724365,-2.2514073848724365,0.5084832310676575,0.0,6.4265642166137695
580,9,11,-2.2414565086364746,-2.2414565086364746,0.5581098794937134,0.0,5.019207000732422
580,9,12,-2.265106439590454,-2.265106439590454,0.477579265832901,0.0,6.908463478088379
580,9,13,-2.250739336013794,-2.250739336013794,0.48741233348846436,0.0,5.58736515045166
580,9,14,-2.246356725692749,-2.246356725692749,0.4312398135662079,0.0,5.8154802322387695
580,9,15,-2.251166820526123,-2.251166820526123,0.4663350284099579,0.0,5.551417827606201
580,9,16,-2.2703158855438232,-2.2703158855438232,0.5534735918045044,0.0,5.424781322479248
580,9,17,-2.2786824703216553,-2.2786824703216553,0.451427698135376,0.0,6.303994655609131
580,9,18,-2.2492785453796387,-2.2492785453796387,0.4981693625450134,0.0,5.079440116882324
580,9,19,-2.2582175731658936,-2.2582175731658936,0.5375486612319946,0.0,5.883019924163818
560,0,0,-2.2125020027160645,-2.2125020027160645,0.569075345993042,0.0,3.7227790355682373
560,0,1,-2.2536871433258057,-2.2536871433258057,0.5756112337112427,0.0,4.218132495880127
560,0,2,-2.2377536296844482,-2.2377536296844482,0.6000500917434692,0.0,4.338664531707764
560,0,3,-2.2381019592285156,-2.2381019592285156,0.5241319537162781,0.0,3.98026704788208
560,0,4,-2.260754108428955,-2.260754108428955,0.5557043552398682,0.0,4.087849140167236
560,0,5,-2.2388880252838135,-2.2388880252838135,0.5549708604812622,0.0,3.676562786102295
560,0,6,-2.2404415607452393,-2.2404415607452393,0.5626330375671387,0.0,4.2431416511535645
560,0,7,-2.2387659549713135,-2.2387659549713135,0.5439532399177551,0.0,4.31602668762207
560,0,8,-2.2363152503967285,-2.2363152503967285,0.5303165912628174,0.0,2.9693782329559326
560,0,9,-2.2682573795318604,-2.2682573795318604,0.5637877583503723,0.0,2.28873348236084
560,0,10,-2.2383387088775635,-2.2383387088775635,0.5228126645088196,0.0,3.790886402130127
560,0,11,-2.215721845626831,-2.215721845626831,0.5473050475120544,0.0,4.078322887420654
560,0,12,-2.2359774112701416,-2.2359774112701416,0.5721859931945801,0.0,3.9267711639404297
560,0,13,-2.2099499702453613,-2.2099499702453613,0.60678631067276,0.0,3.6420040130615234
560,0,14,-2.2432913780212402,-2.2432913780212402,0.5330765843391418,0.0,4.057903289794922
560,0,15,-2.261225700378418,-2.261225700378418,0.6346626877784729,0.0,4.525162696838379
560,0,16,-2.240889072418213,-2.240889072418213,0.5316805243492126,0.0,4.1579461097717285
560,0,17,-2.2496674060821533,-2.2496674060821533,0.5002186298370361,0.0,2.8310279846191406
560,0,18,-2.237178087234497,-2.237178087234497,0.5262550711631775,0.0,3.9579596519470215
560,0,19,-2.229132652282715,-2.229132652282715,0.5545938611030579,0.0,4.3720197677612305
560,1,0,-2.2662081718444824,-2.2662081718444824,0.4990575909614563,0.0,5.521856307983398
560,1,1,-2.245933771133423,-2.245933771133423,0.48136481642723083,0.0,5.234445571899414
560,1,2,-2.2198336124420166,-2.2198336124420166,0.4827832579612732,0.0,5.658089637756348
560,1,3,-2.1925835609436035,-2.1925835609436035,0.5476394295692444,0.0,5.959709167480469
560,1,4,-2.2491278648376465,-2.2491278648376465,0.4675232470035553,0.0,5.710413932800293
560,1,5,-2.257866382598877,-2.257866382598877,0.4881123900413513,0.0,6.362399578094482
560,1,6,-2.272799015045166,-2.272799015045166,0.4726966619491577,0.0,5.1412672996521
560,1,7,-2.276907205581665,-2.276907205581665,0.49564024806022644,0.0,5.445735454559326
560,1,8,-2.225961446762085,-2.225961446762085,0.41123831272125244,0.0,5.668430805206299
560,1,9,-2.253016471862793,-2.253016471862793,0.5461583137512207,0.0,5.60729455947876
560,1,10,-2.256540298461914,-2.256540298461914,0.5224531292915344,0.0,5.57662296295166
560,1,11,-2.2757070064544678,-2.2757070064544678,0.41728347539901733,0.0,5.38947868347168
560,1,12,-2.256657361984253,-2.256657361984253,0.5168445110321045,0.0,6.282583236694336
560,1,13,-2.256312131881714,-2.256312131881714,0.5132497549057007,0.0,4.627142429351807
560,1,14,-2.2746739387512207,-2.2746739387512207,0.4917023777961731,0.0,6.872157096862793
560,1,15,-2.239315986633301,-2.239315986633301,0.48265790939331055,0.0,5.120454788208008
560,1,16,-2.215040445327759,-2.215040445327759,0.5152539610862732,0.0,6.205431938171387
560,1,17,-2.216968059539795,-2.216968059539795,0.4910088777542114,0.0,6.0202507972717285
560,1,18,-2.2234227657318115,-2.2234227657318115,0.48035475611686707,0.0,6.1551666259765625
560,1,19,-2.256889820098877,-2.256889820098877,0.45583462715148926,0.0,5.487521648406982
560,2,0,-2.246659755706787,-2.246659755706787,0.4991278350353241,0.0,6.536267280578613
560,2,1,-2.212674379348755,-2.212674379348755,0.46615880727767944,0.0,6.602200508117676
560,2,2,-2.260004997253418,-2.260004997253418,0.48109570145606995,0.0,5.846202850341797
560,2,3,-2.2362875938415527,-2.2362875938415527,0.46146395802497864,0.0,5.959230899810791
560,2,4,-2.2220022678375244,-2.2220022678375244,0.4654209315776825,0.0,5.824395656585693
560,2,5,-2.2444260120391846,-2.2444260120391846,0.504209041595459,0.0,5.215899467468262
560,2,6,-2.243281841278076,-2.243281841278076,0.5530943870544434,0.0,6.571226596832275
560,2,7,-2.2420783042907715,-2.2420783042907715,0.4728284180164337,0.0,6.007288932800293
560,2,8,-2.2438066005706787,-2.2438066005706787,0.4898587763309479,0.0,6.256279945373535
560,2,9,-2.2556772232055664,-2.2556772232055664,0.465393602848053,0.0,6.445145606994629
560,2,10,-2.2481164932250977,-2.2481164932250977,0.5042446255683899,0.0,5.849602699279785
560,2,11,-2.2227604389190674,-2.2227604389190674,0.5151230692863464,0.0,6.556732177734375
560,2,12,-2.253148078918457,-2.253148078918457,0.5238038897514343,0.0,5.882392883300781
560,2,13,-2.2359533309936523,-2.2359533309936523,0.5786185264587402,0.0,6.255806922912598
560,2,14,-2.2524139881134033,-2.2524139881134033,0.502453625202179,0.0,6.236392498016357
560,2,15,-2.2348740100860596,-2.2348740100860596,0.40967145562171936,0.0,6.171295166015625
560,2,16,-2.2295925617218018,-2.2295925617218018,0.43477779626846313,0.0,6.3408918380737305
560,2,17,-2.251770496368408,-2.251770496368408,0.49195948243141174,0.0,7.356997013092041
560,2,18,-2.2176194190979004,-2.2176194190979004,0.4940608739852905,0.0,5.458572864532471
560,2,19,-2.250894069671631,-2.250894069671631,0.5573380589485168,0.0,6.366300106048584
560,3,0,-2.275902271270752,-2.275902271270752,0.5019458532333374,0.0,3.4151058197021484
560,3,1,-2.2589359283447266,-2.2589359283447266,0.5446310639381409,0.0,3.133469820022583
560,3,2,-2.2763803005218506,-2.2763803005218506,0.6060101985931396,0.0,2.9852046966552734
560,3,3,-2.274353265762329,-2.274353265762329,0.5475977063179016,0.0,3.5572547912597656
560,3,4,-2.2763946056365967,-2.2763946056365967,0.5031650066375732,0.0,3.1371042728424072
560,3,5,-2.277872085571289,-2.277872085571289,0.5327857732772827,0.0,4.217967987060547
560,3,6,-2.2769834995269775,-2.2769834995269775,0.6079798340797424,0.0,4.2551727294921875
560,3,7,-2.27584171295166,-2.27584171295166,0.5120109915733337,0.0,3.1238999366760254
560,3,8,-2.2682619094848633,-2.2682619094848633,0.5726953744888306,0.0,4.222820281982422
560,3,9,-2.267732620239258,-2.267732620239258,0.537979006767273,0.0,1.6213093996047974
560,3,10,-2.276759624481201,-2.276759624481201,0.5552853941917419,0.0,3.6842966079711914
560,3,11,-2.274925708770752,-2.274925708770752,0.5318165421485901,0.0,2.9263341426849365
560,3,12,-2.27414608001709,-2.27414608001709,0.5383801460266113,0.0,4.5986528396606445
560,3,13,-2.2702901363372803,-2.2702901363372803,0.5721498131752014,0.0,2.75390362739563
560,3,14,-2.2779974937438965,-2.2779974937438965,0.49071642756462097,0.0,3.6796486377716064
560,3,15,-2.2748348712921143,-2.2748348712921143,0.5198360085487366,0.0,3.2212958335876465
560,3,16,-2.2764785289764404,-2.2764785289764404,0.48408588767051697,0.0,4.1209588050842285
560,3,17,-2.277754068374634,-2.277754068374634,0.479377418756485,0.0,3.8848390579223633
560,3,18,-2.2777304649353027,-2.2777304649353027,0.4929421842098236,0.0,3.6434385776519775
560,3,19,-2.2763853073120117,-2.2763853073120117,0.5454496741294861,0.0,3.860940456390381
560,4,0,-2.2762367725372314,-2.2762367725372314,0.4469296336174011,0.0,4.537355422973633
560,4,1,-2.2750227451324463,-2.2750227451324463,0.4869878888130188,0.0,3.6936898231506348
560,4,2,-2.273460626602173,-2.273460626602173,0.482299268245697,0.0,3.9788360595703125
560,4,3,-2.2581803798675537,-2.2581803798675537,0.5062055587768555,0.0,6.527777671813965
560,4,4,-2.277010917663574,-2.277010917663574,0.46882516145706177,0.0,3.9307799339294434
560,4,5,-2.2739036083221436,-2.2739036083221436,0.5047886371612549,0.0,4.756070613861084
560,4,6,-2.276012659072876,-2.276012659072876,0.5338946580886841,0.0,5.692828178405762
560,4,7,-2.2701475620269775,-2.2701475620269775,0.5055460929870605,0.0,5.092617511749268
560,4,8,-2.2677905559539795,-2.2677905559539795,0.506015419960022,0.0,5.303518772125244
560,4,9,-2.2800984382629395,-2.2800984382629395,0.4821009039878845,0.0,6.368706226348877
560,4,10,-2.2541425228118896,-2.2541425228118896,0.49974822998046875,0.0,3.6117053031921387
560,4,11,-2.217557907104492,-2.217557907104492,0.5128571391105652,0.0,5.578158855438232
560,4,12,-2.247049331665039,-2.247049331665039,0.44335031509399414,0.0,5.581448078155518
560,4,13,-2.2725634574890137,-2.2725634574890137,0.5299189686775208,0.0,4.966628074645996
560,4,14,-2.276445150375366,-2.276445150375366,0.4728532135486603,0.0,4.8363871574401855
560,4,15,-2.2457425594329834,-2.2457425594329834,0.5407740473747253,0.0,5.173274517059326
560,4,16,-2.2768218517303467,-2.2768218517303467,0.4629362225532532,0.0,5.160233497619629
560,4,17,-2.2739217281341553,-2.2739217281341553,0.5064546465873718,0.0,5.074252128601074
560,4,18,-2.2811014652252197,-2.2811014652252197,0.5062718391418457,0.0,4.985886573791504
560,4,19,-2.274956226348877,-2.274956226348877,0.5381944179534912,0.0,3.879819393157959
560,5,0,-2.2726376056671143,-2.2726376056671143,0.5674996972084045,0.0,6.151767730712891
560,5,1,-2.2534961700439453,-2.2534961700439453,0.5461791753768921,0.0,5.690764904022217
560,5,2,-2.2679343223571777,-2.2679343223571777,0.5087501406669617,0.0,5.685760498046875
560,5,3,-2.2718520164489746,-2.2718520164489746,0.5177721381187439,0.0,6.437043190002441
560,5,4,-2.2653369903564453,-2.2653369903564453,0.5324971079826355,0.0,6.142460346221924
560,5,5,-2.2492709159851074,-2.2492709159851074,0.5324734449386597,0.0,6.529621124267578
560,5,6,-2.2529714107513428,-2.2529714107513428,0.5522130727767944,0.0,6.235592842102051
560,5,7,-2.256068468093872,-2.256068468093872,0.5348860025405884,0.0,5.765657901763916
560,5,8,-2.2580010890960693,-2.2580010890960693,0.5525802373886108,0.0,6.261719703674316
560,5,9,-2.245875120162964,-2.245875120162964,0.5106596946716309,0.0,6.804786205291748
560,5,10,-2.261688232421875,-2.261688232421875,0.5786556005477905,0.0,6.0422892570495605
560,5,11,-2.266575813293457,-2.266575813293457,0.5417816638946533,0.0,6.008285045623779
560,5,12,-2.274315357208252,-2.274315357208252,0.5592405200004578,0.0,6.2430267333984375
560,5,13,-2.2584667205810547,-2.2584667205810547,0.47322964668273926,0.0,6.713430404663086
560,5,14,-2.2415263652801514,-2.2415263652801514,0.5080426931381226,0.0,6.260415554046631
560,5,15,-2.2669479846954346,-2.2669479846954346,0.5165224671363831,0.0,5.614084243774414
560,5,16,-2.2471165657043457,-2.2471165657043457,0.5829005241394043,0.0,7.080995559692383
560,5,17,-2.272953510284424,-2.272953510284424,0.5337197780609131,0.0,5.813169002532959
560,5,18,-2.2607204914093018,-2.2607204914093018,0.5342586636543274,0.0,7.087578773498535
560,5,19,-2.2418036460876465,-2.2418036460876465,0.5360658168792725,0.0,6.967553615570068
560,6,0,-2.266446352005005,-2.266446352005005,0.48275622725486755,0.0,5.527457237243652
560,6,1,-2.2614047527313232,-2.2614047527313232,0.6237438321113586,0.0,6.418639659881592
560,6,2,-2.236104965209961,-2.236104965209961,0.47488731145858765,0.0,6.629560470581055
560,6,3,-2.2478432655334473,-2.2478432655334473,0.544826328754425,0.0,6.098574638366699
560,6,4,-2.228492021560669,-2.228492021560669,0.5764473080635071,0.0,6.1087646484375
560,6,5,-2.2377495765686035,-2.2377495765686035,0.5304068326950073,0.0,6.242331504821777
560,6,6,-2.2423574924468994,-2.2423574924468994,0.47392815351486206,0.0,5.675105094909668
560,6,7,-2.2675254344940186,-2.2675254344940186,0.4751409590244293,0.0,5.937257766723633
560,6,8,-2.229278087615967,-2.229278087615967,0.4913332462310791,0.0,5.671230792999268
560,6,9,-2.2482848167419434,-2.2482848167419434,0.5120490193367004,0.0,5.615833282470703
560,6,10,-2.22829270362854,-2.22829270362854,0.5436849594116211,0.0,6.306447982788086
560,6,11,-2.1948790550231934,-2.1948790550231934,0.5080644488334656,0.0,6.074976921081543
560,6,12,-2.199801445007324,-2.199801445007324,0.49229082465171814,0.0,5.750454425811768
560,6,13,-2.2294795513153076,-2.2294795513153076,0.5164831876754761,0.0,6.094870567321777
560,6,14,-2.2094783782958984,-2.2094783782958984,0.50279700756073,0.0,5.924066543579102
560,6,15,-2.2324249744415283,-2.2324249744415283,0.46941834688186646,0.0,5.9329833984375
560,6,16,-2.235731363296509,-2.235731363296509,0.5690464973449707,0.0,6.544103622436523
560,6,17,-2.1950418949127197,-2.1950418949127197,0.46935850381851196,0.0,5.625636577606201
560,6,18,-2.2192556858062744,-2.2192556858062744,0.5305263996124268,0.0,5.788593292236328
560,6,19,-2.260835886001587,-2.260835886001587,0.49317842721939087,0.0,5.542644500732422
560,7,0,-2.1705188751220703,-2.1705188751220703,0.5249094367027283,0.0,7.460031509399414
560,7,1,-2.191530704498291,-2.191530704498291,0.5179808735847473,0.0,6.163846015930176
560,7,2,-2.1985983848571777,-2.1985983848571777,0.5625656247138977,0.0,6.809230804443359
560,7,3,-2.2494895458221436,-2.2494895458221436,0.5351320505142212,0.0,6.156244277954102
560,7,4,-2.201315402984619,-2.201315402984619,0.5326571464538574,0.0,6.718931198120117
560,7,5,-2.2540433406829834,-2.2540433406829834,0.5085518956184387,0.0,6.929169178009033
560,7,6,-2.248518228530884,-2.248518228530884,0.4678395390510559,0.0,6.183672904968262
560,7,7,-2.2377917766571045,-2.2377917766571045,0.5623624324798584,0.0,5.7374773025512695
560,7,8,-2.1877553462982178,-2.1877553462982178,0.5255017876625061,0.0,6.347469329833984
560,7,9,-2.257854461669922,-2.257854461669922,0.49855750799179077,0.0,6.156785488128662
560,7,10,-2.236865520477295,-2.236865520477295,0.4958094358444214,0.0,6.732091903686523
560,7,11,-2.2537147998809814,-2.2537147998809814,0.5415138006210327,0.0,6.4626383781433105
560,7,12,-2.2320992946624756,-2.2320992946624756,0.5187013149261475,0.0,6.565790176391602
560,7,13,-2.2188520431518555,-2.2188520431518555,0.37439852952957153,0.0,5.998131275177002
560,7,14,-2.2521674633026123,-2.2521674633026123,0.5627286434173584,0.0,6.936236381530762
560,7,15,-2.237687587738037,-2.237687587738037,0.49998384714126587,0.0,7.29698371887207
560,7,16,-2.2458343505859375,-2.2458343505859375,0.5363653898239136,0.0,6.531913757324219
560,7,17,-2.221926212310791,-2.221926212310791,0.5198323726654053,0.0,6.550451278686523
560,7,18,-2.250044345855713,-2.250044345855713,0.5022590160369873,0.0,6.144026279449463
560,7,19,-2.22723388671875,-2.22723388671875,0.5465294122695923,0.0,6.830963611602783
560,8,0,-2.229907512664795,-2.229907512664795,0.4928313195705414,0.0,4.193130016326904
560,8,1,-2.2189290523529053,-2.2189290523529053,0.4767620861530304,0.0,4.811738967895508
560,8,2,-2.233720541000366,-2.233720541000366,0.5201178789138794,0.0,3.8829071521759033
560,8,3,-2.246746063232422,-2.246746063232422,0.4895542562007904,0.0,4.665448188781738
560,8,4,-2.246464967727661,-2.246464967727661,0.5005016326904297,0.0,4.544846534729004
560,8,5,-2.2637243270874023,-2.2637243270874023,0.4375494122505188,0.0,4.497445583343506
560,8,6,-2.241258382797241,-2.241258382797241,0.4243146777153015,0.0,5.038427829742432
560,8,7,-2.2006313800811768,-2.2006313800811768,0.5139045715332031,0.0,5.2171630859375
560,8,8,-2.249894857406616,-2.249894857406616,0.4058959484100342,0.0,4.5617451667785645
560,8,9,-2.1987180709838867,-2.1987180709838867,0.49153631925582886,0.0,6.011445045471191
560,8,10,-2.2289884090423584,-2.2289884090423584,0.510518491268158,0.0,4.805813789367676
560,8,11,-2.2065865993499756,-2.2065865993499756,0.4909604489803314,0.0,4.268619537353516
560,8,12,-2.2436208724975586,-2.2436208724975586,0.40630701184272766,0.0,3.4158120155334473
560,8,13,-2.241091728210449,-2.241091728210449,0.47651389241218567,0.0,5.512184143066406
560,8,14,-2.2164344787597656,-2.2164344787597656,0.4638596177101135,0.0,4.978737831115723
560,8,15,-2.212985038757324,-2.212985038757324,0.4569460451602936,0.0,5.9545722007751465
560,8,16,-2.2597243785858154,-2.2597243785858154,0.45775601267814636,0.0,4.8976149559021
560,8,17,-2.255854606628418,-2.255854606628418,0.41711050271987915,0.0,4.82786750793457
560,8,18,-2.196443796157837,-2.196443796157837,0.333903968334198,0.0,4.961716175079346
560,8,19,-2.2388358116149902,-2.2388358116149902,0.5000283122062683,0.0,4.965806007385254
560,9,0,-2.2675044536590576,-2.2675044536590576,0.4485023617744446,0.0,5.082156181335449
560,9,1,-2.270413637161255,-2.270413637161255,0.5389633178710938,0.0,5.2263288497924805
560,9,2,-2.265214443206787,-2.265214443206787,0.5075191855430603,0.0,5.219974040985107
560,9,3,-2.270920753479004,-2.270920753479004,0.5080472230911255,0.0,5.150820732116699
560,9,4,-2.2652182579040527,-2.2652182579040527,0.45276573300361633,0.0,4.2085862159729
560,9,5,-2.2377045154571533,-2.2377045154571533,0.5753628015518188,0.0,5.829441070556641
560,9,6,-2.243795871734619,-2.243795871734619,0.504525899887085,0.0,5.9722700119018555
560,9,7,-2.2575724124908447,-2.2575724124908447,0.4981497824192047,0.0,5.388296604156494
560,9,8,-2.2673890590667725,-2.2673890590667725,0.511177122592926,0.0,6.108253479003906
560,9,9,-2.2395498752593994,-2.2395498752593994,0.4694786071777344,0.0,6.128931045532227
560,9,10,-2.2526004314422607,-2.2526004314422607,0.5221261382102966,0.0,5.37211275100708
560,9,11,-2.252281904220581,-2.252281904220581,0.45452725887298584,0.0,5.895967483520508
560,9,12,-2.26369047164917,-2.26369047164917,0.4651237428188324,0.0,5.197840213775635
560,9,13,-2.2663681507110596,-2.2663681507110596,0.47741127014160156,0.0,6.205770492553711
560,9,14,-2.2547101974487305,-2.2547101974487305,0.4256642460823059,0.0,5.953978061676025
560,9,15,-2.270538330078125,-2.270538330078125,0.47454339265823364,0.0,6.751709938049316
560,9,16,-2.2412588596343994,-2.2412588596343994,0.6809908747673035,0.0,5.379720687866211
560,9,17,-2.2649765014648438,-2.2649765014648438,0.5528806447982788,0.0,5.286636829376221
560,9,18,-2.2702414989471436,-2.2702414989471436,0.49656736850738525,0.0,6.353789806365967
560,9,19,-2.268475294113159,-2.268475294113159,0.4993439018726349,0.0,6.491085529327393
540,0,0,-2.254131317138672,-2.254131317138672,0.5070405006408691,0.0,5.064878940582275
540,0,1,-2.2442915439605713,-2.2442915439605713,0.5899374485015869,0.0,4.2776899337768555
540,0,2,-2.2443904876708984,-2.2443904876708984,0.5190995335578918,0.0,3.4464340209960938
540,0,3,-2.244349479675293,-2.244349479675293,0.5145800113677979,0.0,3.4076833724975586
540,0,4,-2.2237319946289062,-2.2237319946289062,0.4689309298992157,0.0,4.339231491088867
540,0,5,-2.2461562156677246,-2.2461562156677246,0.5029909014701843,0.0,3.8063554763793945
540,0,6,-2.228118896484375,-2.228118896484375,0.5057934522628784,0.0,4.078871726989746
540,0,7,-2.2057101726531982,-2.2057101726531982,0.5125963687896729,0.0,4.529299736022949
540,0,8,-2.236398458480835,-2.236398458480835,0.545617938041687,0.0,4.40692138671875
540,0,9,-2.2456023693084717,-2.2456023693084717,0.5695732235908508,0.0,4.106688022613525
540,0,10,-2.2474215030670166,-2.2474215030670166,0.5043919682502747,0.0,3.6249465942382812
540,0,11,-2.2318201065063477,-2.2318201065063477,0.5846855044364929,0.0,3.463466167449951
540,0,12,-2.240685224533081,-2.240685224533081,0.413783460855484,0.0,3.3202357292175293
540,0,13,-2.2308290004730225,-2.2308290004730225,0.5653806924819946,0.0,3.5652737617492676
540,0,14,-2.23568058013916,-2.23568058013916,0.5132432579994202,0.0,3.6252851486206055
540,0,15,-2.2549970149993896,-2.2549970149993896,0.5342876315116882,0.0,3.967060089111328
540,0,16,-2.267371892929077,-2.267371892929077,0.5638509392738342,0.0,3.998307704925537
540,0,17,-2.2654786109924316,-2.2654786109924316,0.49027884006500244,0.0,3.31923770904541
540,0,18,-2.2368531227111816,-2.2368531227111816,0.5326709747314453,0.0,4.434316158294678
540,0,19,-2.2280242443084717,-2.2280242443084717,0.5637004971504211,0.0,4.340248107910156
540,1,0,-2.2624897956848145,-2.2624897956848145,0.47167107462882996,0.0,6.190179824829102
540,1,1,-2.2713935375213623,-2.2713935375213623,0.47084254026412964,0.0,4.918249130249023
540,1,2,-2.1997735500335693,-2.1997735500335693,0.4877084195613861,0.0,6.612307071685791
540,1,3,-2.269646167755127,-2.269646167755127,0.4850372076034546,0.0,4.4999566078186035
540,1,4,-2.2344958782196045,-2.2344958782196045,0.666023850440979,0.0,5.161029815673828
540,1,5,-2.279425859451294,-2.279425859451294,0.5406416654586792,0.0,5.539809226989746
540,1,6,-2.221062183380127,-2.221062183380127,0.48295286297798157,0.0,5.5112128257751465
540,1,7,-2.2722277641296387,-2.2722277641296387,0.40806740522384644,0.0,6.004449844360352
540,1,8,-2.2684714794158936,-2.2684714794158936,0.5198455452919006,0.0,6.352534770965576
540,1,9,-2.198971748352051,-2.198971748352051,0.4447347819805145,0.0,6.190624237060547
540,1,10,-2.2193081378936768,-2.2193081378936768,0.46352618932724,0.0,5.102659702301025
540,1,11,-2.1728031635284424,-2.1728031635284424,0.4352814257144928,0.0,5.982183933258057
540,1,12,-2.236232280731201,-2.236232280731201,0.5418831706047058,0.0,5.420259952545166
540,1,13,-2.215409994125366,-2.215409994125366,0.516552209854126,0.0,4.547563552856445
540,1,14,-2.2586655616760254,-2.2586655616760254,0.4762417674064636,0.0,5.512839317321777
540,1,15,-2.2066092491149902,-2.2066092491149902,0.553737223148346,0.0,5.692993640899658
540,1,16,-2.2722008228302,-2.2722008228302,0.5057774782180786,0.0,5.055803298950195
540,1,17,-2.274200677871704,-2.274200677871704,0.41232195496559143,0.0,5.291281223297119
540,1,18,-2.225980043411255,-2.225980043411255,0.5424947142601013,0.0,5.099208354949951
540,1,19,-2.2601702213287354,-2.2601702213287354,0.4775584936141968,0.0,5.713769912719727
540,2,0,-2.242095470428467,-2.242095470428467,0.5152861475944519,0.0,6.723946571350098
540,2,1,-2.233069658279419,-2.233069658279419,0.44365832209587097,0.0,6.147334575653076
540,2,2,-2.237283706665039,-2.237283706665039,0.5783513188362122,0.0,6.625326633453369
540,2,3,-2.229466438293457,-2.229466438293457,0.48400700092315674,0.0,6.752294063568115
540,2,4,-2.2489917278289795,-2.2489917278289795,0.5190265774726868,0.0,4.161933898925781
540,2,5,-2.235775947570801,-2.235775947570801,0.502722442150116,0.0,6.483665943145752
540,2,6,-2.2508046627044678,-2.2508046627044678,0.5279954075813293,0.0,6.024562835693359
540,2,7,-2.246751070022583,-2.246751070022583,0.5095255970954895,0.0,6.401612758636475
540,2,8,-2.2611451148986816,-2.2611451148986816,0.5355855822563171,0.0,6.0954508781433105
540,2,9,-2.2302470207214355,-2.2302470207214355,0.5048000812530518,0.0,5.899855613708496
540,2,10,-2.2378923892974854,-2.2378923892974854,0.5250755548477173,0.0,6.981509208679199
540,2,11,-2.2415151596069336,-2.2415151596069336,0.5025723576545715,0.0,6.659123420715332
540,2,12,-2.240553617477417,-2.240553617477417,0.4740862250328064,0.0,5.929961681365967
540,2,13,-2.2432961463928223,-2.2432961463928223,0.5214663743972778,0.0,6.353476047515869
540,2,14,-2.2046585083007812,-2.2046585083007812,0.4618171751499176,0.0,5.8343424797058105
540,2,15,-2.2476041316986084,-2.2476041316986084,0.47088176012039185,0.0,6.085188865661621
540,2,16,-2.250261068344116,-2.250261068344116,0.4729020893573761,0.0,6.371332168579102
540,2,17,-2.245880603790283,-2.245880603790283,0.5053558945655823,0.0,5.91050386428833
540,2,18,-2.2133772373199463,-2.2133772373199463,0.5004673600196838,0.0,5.178857803344727
540,2,19,-2.241266965866089,-2.241266965866089,0.505744218826294,0.0,5.740506649017334
540,3,0,-2.2750728130340576,-2.2750728130340576,0.5878859758377075,0.0,3.8025965690612793
540,3,1,-2.276374340057373,-2.276374340057373,0.5664975643157959,0.0,2.6689977645874023
540,3,2,-2.2713427543640137,-2.2713427543640137,0.561377227306366,0.0,3.535080671310425
540,3,3,-2.2778496742248535,-2.2778496742248535,0.5291533470153809,0.0,2.722776412963867
540,3,4,-2.2602126598358154,-2.2602126598358154,0.6269959807395935,0.0,4.1595458984375
540,3,5,-2.277158737182617,-2.277158737182617,0.5350086688995361,0.0,3.8483712673187256
540,3,6,-2.276000738143921,-2.276000738143921,0.532894492149353,0.0,2.7065935134887695
540,3,7,-2.2751410007476807,-2.2751410007476807,0.5724298357963562,0.0,2.752577781677246
540,3,8,-2.2739951610565186,-2.2739951610565186,0.4342654347419739,0.0,4.257659912109375
540,3,9,-2.272361993789673,-2.272361993789673,0.541814386844635,0.0,3.1345863342285156
540,3,10,-2.271998643875122,-2.271998643875122,0.5306994915008545,0.0,3.2152819633483887
540,3,11,-2.2775492668151855,-2.2775492668151855,0.4914504587650299,0.0,3.346987247467041
540,3,12,-2.278169870376587,-2.278169870376587,0.49632716178894043,0.0,3.414907932281494
540,3,13,-2.277326822280884,-2.277326822280884,0.6123657822608948,0.0,3.0256474018096924
540,3,14,-2.277384042739868,-2.277384042739868,0.5119399428367615,0.0,2.965139389038086
540,3,15,-2.273526191711426,-2.273526191711426,0.5532945990562439,0.0,3.2637553215026855
540,3,16,-2.276376724243164,-2.276376724243164,0.49563825130462646,0.0,4.076489448547363
540,3,17,-2.2754197120666504,-2.2754197120666504,0.5075986385345459,0.0,2.6807894706726074
540,3,18,-2.275798797607422,-2.275798797607422,0.5429688692092896,0.0,3.0549161434173584
540,3,19,-2.276397705078125,-2.276397705078125,0.5664091110229492,0.0,3.4181666374206543
540,4,0,-2.2774434089660645,-2.2774434089660645,0.5364540219306946,0.0,3.3970963954925537
540,4,1,-2.2756752967834473,-2.2756752967834473,0.4632650911808014,0.0,4.710415363311768
540,4,2,-2.2431557178497314,-2.2431557178497314,0.5016637444496155,0.0,3.7807421684265137
540,4,3,-2.274034023284912,-2.274034023284912,0.3785112202167511,0.0,5.494261741638184
540,4,4,-2.2701151371002197,-2.2701151371002197,0.4682732820510864,0.0,4.7870330810546875
540,4,5,-2.2687129974365234,-2.2687129974365234,0.5730994343757629,0.0,4.821048736572266
540,4,6,-2.2816994190216064,-2.2816994190216064,0.5332735180854797,0.0,4.322648048400879
540,4,7,-2.259504795074463,-2.259504795074463,0.5549841523170471,0.0,3.8505465984344482
540,4,8,-2.2347817420959473,-2.2347817420959473,0.5210985541343689,0.0,4.770519256591797
540,4,9,-2.2770159244537354,-2.2770159244537354,0.5427858829498291,0.0,5.5539350509643555
540,4,10,-2.2467708587646484,-2.2467708587646484,0.5343373417854309,0.0,4.337082862854004
540,4,11,-2.2741668224334717,-2.2741668224334717,0.5378237962722778,0.0,4.257209300994873
540,4,12,-2.272392511367798,-2.272392511367798,0.5229796767234802,0.0,5.308409690856934
540,4,13,-2.2770273685455322,-2.2770273685455322,0.4793112277984619,0.0,3.0627408027648926
540,4,14,-2.2599902153015137,-2.2599902153015137,0.5633173584938049,0.0,4.296196460723877
540,4,15,-2.2783095836639404,-2.2783095836639404,0.47987130284309387,0.0,4.798412322998047
540,4,16,-2.278297185897827,-2.278297185897827,0.5225883722305298,0.0,4.4942779541015625
540,4,17,-2.275731325149536,-2.275731325149536,0.4724534749984741,0.0,3.9020490646362305
540,4,18,-2.2320876121520996,-2.2320876121520996,0.4106099605560303,0.0,4.886189937591553
540,4,19,-2.269665241241455,-2.269665241241455,0.5310866832733154,0.0,3.2548322677612305
540,5,0,-2.226597547531128,-2.226597547531128,0.5154592990875244,0.0,6.021461009979248
540,5,1,-2.238981008529663,-2.238981008529663,0.5007349252700806,0.0,5.525404453277588
540,5,2,-2.260395050048828,-2.260395050048828,0.4663547873497009,0.0,5.869269371032715
540,5,3,-2.2620034217834473,-2.2620034217834473,0.5527037382125854,0.0,5.667484283447266
540,5,4,-2.2507212162017822,-2.2507212162017822,0.5450631380081177,0.0,6.100636959075928
540,5,5,-2.255504608154297,-2.255504608154297,0.5283398628234863,0.0,5.9214606285095215
540,5,6,-2.2580924034118652,-2.2580924034118652,0.5211111307144165,0.0,5.806469917297363
540,5,7,-2.262934923171997,-2.262934923171997,0.526283860206604,0.0,6.041781425476074
540,5,8,-2.26310658454895,-2.26310658454895,0.5443395376205444,0.0,4.320560932159424
540,5,9,-2.2549633979797363,-2.2549633979797363,0.5075206756591797,0.0,6.026551246643066
540,5,10,-2.237567901611328,-2.237567901611328,0.581320583820343,0.0,6.227511405944824
540,5,11,-2.25752592086792,-2.25752592086792,0.502304196357727,0.0,5.703355312347412
540,5,12,-2.2571475505828857,-2.2571475505828857,0.5504690408706665,0.0,4.440316200256348
540,5,13,-2.2628893852233887,-2.2628893852233887,0.5759552717208862,0.0,5.993223190307617
540,5,14,-2.2549843788146973,-2.2549843788146973,0.5390768051147461,0.0,5.966614723205566
540,5,15,-2.257308006286621,-2.257308006286621,0.5710382461547852,0.0,6.4096269607543945
540,5,16,-2.234846830368042,-2.234846830368042,0.5527607202529907,0.0,5.919947624206543
540,5,17,-2.256669521331787,-2.256669521331787,0.5254727602005005,0.0,5.819206237792969
540,5,18,-2.263460159301758,-2.263460159301758,0.534261167049408,0.0,6.330132484436035
540,5,19,-2.2437171936035156,-2.2437171936035156,0.5014825463294983,0.0,5.810400009155273
540,6,0,-2.239083766937256,-2.239083766937256,0.5138052105903625,0.0,5.960334300994873
540,6,1,-2.2546286582946777,-2.2546286582946777,0.4920685887336731,0.0,5.492008209228516
540,6,2,-2.256476640701294,-2.256476640701294,0.5494087338447571,0.0,5.664830207824707
540,6,3,-2.233078956604004,-2.233078956604004,0.5191177725791931,0.0,5.345675468444824
540,6,4,-2.2402901649475098,-2.2402901649475098,0.4710669219493866,0.0,5.652955055236816
540,6,5,-2.2467305660247803,-2.2467305660247803,0.5095871090888977,0.0,6.144586563110352
540,6,6,-2.2120232582092285,-2.2120232582092285,0.5496789813041687,0.0,6.180268287658691
540,6,7,-2.2264575958251953,-2.2264575958251953,0.5036284923553467,0.0,5.82928466796875
540,6,8,-2.233830690383911,-2.233830690383911,0.516291081905365,0.0,6.236804008483887
540,6,9,-2.208350419998169,-2.208350419998169,0.49749454855918884,0.0,5.866632461547852
540,6,10,-2.210841178894043,-2.210841178894043,0.49271726608276367,0.0,6.010317325592041
540,6,11,-2.219527006149292,-2.219527006149292,0.5249404907226562,0.0,5.838601112365723
540,6,12,-2.2611424922943115,-2.2611424922943115,0.46662503480911255,0.0,6.353449821472168
540,6,13,-2.1957597732543945,-2.1957597732543945,0.5183166265487671,0.0,5.81679630279541
540,6,14,-2.22733473777771,-2.22733473777771,0.4601854979991913,0.0,5.9745073318481445
540,6,15,-2.237400770187378,-2.237400770187378,0.5386696457862854,0.0,5.646109580993652
540,6,16,-2.172665596008301,-2.172665596008301,0.5156009197235107,0.0,5.8550872802734375
540,6,17,-2.2635738849639893,-2.2635738849639893,0.4865139126777649,0.0,6.149981498718262
540,6,18,-2.2371253967285156,-2.2371253967285156,0.49000754952430725,0.0,6.366103172302246
540,6,19,-2.2148876190185547,-2.2148876190185547,0.4780064523220062,0.0,6.05447244644165
540,7,0,-2.232725143432617,-2.232725143432617,0.5420909523963928,0.0,6.333126068115234
540,7,1,-2.236574411392212,-2.236574411392212,0.5312900543212891,0.0,6.1032233238220215
540,7,2,-2.210170269012451,-2.210170269012451,0.5973989963531494,0.0,5.994269371032715
540,7,3,-2.230496644973755,-2.230496644973755,0.5283775329589844,0.0,7.3048858642578125
540,7,4,-2.238462209701538,-2.238462209701538,0.5659417510032654,0.0,7.485012054443359
540,7,5,-2.206106185913086,-2.206106185913086,0.5088193416595459,0.0,6.931560039520264
540,7,6,-2.250241756439209,-2.250241756439209,0.4936431348323822,0.0,6.299386024475098
540,7,7,-2.239781379699707,-2.239781379699707,0.4845406413078308,0.0,6.17744255065918
540,7,8,-2.215819835662842,-2.215819835662842,0.4654192626476288,0.0,6.088696479797363
540,7,9,-2.2318577766418457,-2.2318577766418457,0.5011121034622192,0.0,6.880979537963867
540,7,10,-2.210214853286743,-2.210214853286743,0.5126583576202393,0.0,6.045412063598633
540,7,11,-2.2406113147735596,-2.2406113147735596,0.5180847644805908,0.0,6.677763938903809
540,7,12,-2.2436509132385254,-2.2436509132385254,0.5301676988601685,0.0,5.6843976974487305
540,7,13,-2.226715087890625,-2.226715087890625,0.5169758796691895,0.0,6.550945281982422
540,7,14,-2.263705253601074,-2.263705253601074,0.5441474318504333,0.0,6.288372039794922
540,7,15,-2.2486464977264404,-2.2486464977264404,0.49776986241340637,0.0,5.743616104125977
540,7,16,-2.2522494792938232,-2.2522494792938232,0.41902822256088257,0.0,5.700926303863525
540,7,17,-2.245081901550293,-2.245081901550293,0.532664954662323,0.0,6.389621734619141
540,7,18,-2.1855175495147705,-2.1855175495147705,0.5314316153526306,0.0,6.8728742599487305
540,7,19,-2.2414798736572266,-2.2414798736572266,0.55274897813797,0.0,6.5762128829956055
540,8,0,-2.2639360427856445,-2.2639360427856445,0.49497857689857483,0.0,3.5337820053100586
540,8,1,-2.255119562149048,-2.255119562149048,0.4762493371963501,0.0,4.870819091796875
540,8,2,-2.203813076019287,-2.203813076019287,0.5294474363327026,0.0,4.7949652671813965
540,8,3,-2.1792898178100586,-2.1792898178100586,0.4837493300437927,0.0,4.095954895019531
540,8,4,-2.198065757751465,-2.198065757751465,0.5145062208175659,0.0,5.225915908813477
540,8,5,-2.2382500171661377,-2.2382500171661377,0.49532896280288696,0.0,5.163079261779785
540,8,6,-2.2408316135406494,-2.2408316135406494,0.502800464630127,0.0,4.457056999206543
540,8,7,-2.212521553039551,-2.212521553039551,0.39238348603248596,0.0,5.243396282196045
540,8,8,-2.2251877784729004,-2.2251877784729004,0.44389891624450684,0.0,4.625668048858643
540,8,9,-2.2016823291778564,-2.2016823291778564,0.4349732995033264,0.0,5.3832688331604
540,8,10,-2.2125403881073,-2.2125403881073,0.5064602494239807,0.0,4.245393753051758
540,8,11,-2.2109715938568115,-2.2109715938568115,0.5245227813720703,0.0,4.60916805267334
540,8,12,-2.1822493076324463,-2.1822493076324463,0.4622352421283722,0.0,5.144384384155273
540,8,13,-2.192782163619995,-2.192782163619995,0.4083849787712097,0.0,5.3573126792907715
540,8,14,-2.1945958137512207,-2.1945958137512207,0.5322730541229248,0.0,5.1861162185668945
540,8,15,-2.24387264251709,-2.24387264251709,0.43127742409706116,0.0,5.123603820800781
540,8,16,-2.2504429817199707,-2.2504429817199707,0.5086705088615417,0.0,5.15281343460083
540,8,17,-2.2565534114837646,-2.2565534114837646,0.46327754855155945,0.0,4.300372123718262
540,8,18,-2.2252347469329834,-2.2252347469329834,0.24633906781673431,0.0,4.944018363952637
540,8,19,-2.2474143505096436,-2.2474143505096436,0.34512147307395935,0.0,5.221804141998291
540,9,0,-2.2569828033447266,-2.2569828033447266,0.5023227334022522,0.0,5.835062503814697
540,9,1,-2.2090747356414795,-2.2090747356414795,0.6531726717948914,0.0,4.25037145614624
540,9,2,-2.261777400970459,-2.261777400970459,0.4684296250343323,0.0,5.220025539398193
540,9,3,-2.19307279586792,-2.19307279586792,0.4837886095046997,0.0,5.133698463439941
540,9,4,-2.230407238006592,-2.230407238006592,0.4542995095252991,0.0,5.889467239379883
540,9,5,-2.2747039794921875,-2.2747039794921875,0.44950634241104126,0.0,6.110095977783203
540,9,6,-2.246483325958252,-2.246483325958252,0.5161132216453552,0.0,5.074265480041504
540,9,7,-2.2626004219055176,-2.2626004219055176,0.5122026801109314,0.0,5.978984832763672
540,9,8,-2.263798236846924,-2.263798236846924,0.4855041801929474,0.0,6.526681900024414
540,9,9,-2.258782148361206,-2.258782148361206,0.4568338692188263,0.0,6.50749397277832
540,9,10,-2.257866382598877,-2.257866382598877,0.7213346362113953,0.0,4.329315185546875
540,9,11,-2.274449110031128,-2.274449110031128,0.49229174852371216,0.0,6.0583343505859375
540,9,12,-2.245783805847168,-2.245783805847168,0.43844082951545715,0.0,4.87321662902832
540,9,13,-2.2757790088653564,-2.2757790088653564,0.4869791269302368,0.0,6.402777194976807
540,9,14,-2.245702028274536,-2.245702028274536,0.4841163754463196,0.0,5.779007434844971
540,9,15,-2.269984006881714,-2.269984006881714,0.5354876518249512,0.0,5.230057239532471
540,9,16,-2.2596018314361572,-2.2596018314361572,0.4474189579486847,0.0,5.546521186828613
540,9,17,-2.2686727046966553,-2.2686727046966553,0.508398175239563,0.0,5.686253547668457
540,9,18,-2.2637696266174316,-2.2637696266174316,0.5644678473472595,0.0,6.152280807495117
540,9,19,-2.2307238578796387,-2.2307238578796387,0.4149811267852783,0.0,4.034863471984863
520,0,0,-2.241309881210327,-2.241309881210327,0.5938940048217773,0.0,4.18241024017334
520,0,1,-2.2306559085845947,-2.2306559085845947,0.5609170198440552,0.0,4.2485857009887695
520,0,2,-2.2324700355529785,-2.2324700355529785,0.5253967642784119,0.0,3.84562349319458
520,0,3,-2.2064805030822754,-2.2064805030822754,0.5287042260169983,0.0,3.708789348602295
520,0,4,-2.237360954284668,-2.237360954284668,0.5793718695640564,0.0,4.8991522789001465
520,0,5,-2.2641305923461914,-2.2641305923461914,0.5534452795982361,0.0,4.820611000061035
520,0,6,-2.2072131633758545,-2.2072131633758545,0.47972267866134644,0.0,3.6224396228790283
520,0,7,-2.2297704219818115,-2.2297704219818115,0.575297474861145,0.0,4.035826683044434
520,0,8,-2.2541821002960205,-2.2541821002960205,0.5510042905807495,0.0,3.3313965797424316
520,0,9,-2.239574909210205,-2.239574909210205,0.5415129065513611,0.0,3.5499138832092285
520,0,10,-2.2486565113067627,-2.2486565113067627,0.5046526789665222,0.0,3.540980100631714
520,0,11,-2.2524592876434326,-2.2524592876434326,0.5321205258369446,0.0,4.298192024230957
520,0,12,-2.196657419204712,-2.196657419204712,0.6062312722206116,0.0,4.038480758666992
520,0,13,-2.2506794929504395,-2.2506794929504395,0.5299340486526489,0.0,3.8093276023864746
520,0,14,-2.2244129180908203,-2.2244129180908203,0.5540174245834351,0.0,3.791801691055298
520,0,15,-2.2387032508850098,-2.2387032508850098,0.5409908294677734,0.0,4.3756022453308105
520,0,16,-2.2359416484832764,-2.2359416484832764,0.5152931809425354,0.0,3.8350651264190674
520,0,17,-2.200697898864746,-2.200697898864746,0.5257361531257629,0.0,4.116232395172119
520,0,18,-2.2366220951080322,-2.2366220951080322,0.46752169728279114,0.0,2.90343976020813
520,0,19,-2.2585954666137695,-2.2585954666137695,0.4969092905521393,0.0,4.057276248931885
520,1,0,-2.251331329345703,-2.251331329345703,0.4429720938205719,0.0,5.694068431854248
520,1,1,-2.20704984664917,-2.20704984664917,0.4975004494190216,0.0,5.546229362487793
520,1,2,-2.247224807739258,-2.247224807739258,0.5005151033401489,0.0,6.034173011779785
520,1,3,-2.231771945953369,-2.231771945953369,0.4824831187725067,0.0,5.178327560424805
520,1,4,-2.261443614959717,-2.261443614959717,0.653692364692688,0.0,6.048717021942139
520,1,5,-2.2708940505981445,-2.2708940505981445,0.48109471797943115,0.0,5.170361042022705
520,1,6,-2.2292582988739014,-2.2292582988739014,0.614158570766449,0.0,6.051121711730957
520,1,7,-2.2644925117492676,-2.2644925117492676,0.4979722797870636,0.0,5.95787239074707
520,1,8,-2.2309811115264893,-2.2309811115264893,0.45730265974998474,0.0,4.693408012390137
520,1,9,-2.2635271549224854,-2.2635271549224854,0.4547452926635742,0.0,5.636896133422852
520,1,10,-2.223698616027832,-2.223698616027832,0.5797517895698547,0.0,5.8214006423950195
520,1,11,-2.233867645263672,-2.233867645263672,0.5135952234268188,0.0,5.931427001953125
520,1,12,-2.2717769145965576,-2.2717769145965576,0.5084602236747742,0.0,5.926598072052002
520,1,13,-2.26710844039917,-2.26710844039917,0.5731204152107239,0.0,5.852773189544678
520,1,14,-2.2537803649902344,-2.2537803649902344,0.4899362325668335,0.0,5.583006858825684
520,1,15,-2.26145601272583,-2.26145601272583,0.5485609769821167,0.0,4.872941970825195
520,1,16,-2.2517905235290527,-2.2517905235290527,0.4684208631515503,0.0,5.7910380363464355
520,1,17,-2.269771099090576,-2.269771099090576,0.46533143520355225,0.0,5.455881595611572
520,1,18,-2.2194297313690186,-2.2194297313690186,0.44834545254707336,0.0,5.826987266540527
520,1,19,-2.2681288719177246,-2.2681288719177246,0.5442259311676025,0.0,6.374998569488525
520,2,0,-2.251922130584717,-2.251922130584717,0.49331530928611755,0.0,6.259133338928223
520,2,1,-2.238133192062378,-2.238133192062378,0.44587454199790955,0.0,5.933441162109375
520,2,2,-2.2210731506347656,-2.2210731506347656,0.5485862493515015,0.0,5.846940994262695
520,2,3,-2.2633299827575684,-2.2633299827575684,0.496274471282959,0.0,6.229094505310059
520,2,4,-2.2481374740600586,-2.2481374740600586,0.48213326930999756,0.0,5.21187686920166
520,2,5,-2.217869520187378,-2.217869520187378,0.46623384952545166,0.0,6.644351005554199
520,2,6,-2.2360641956329346,-2.2360641956329346,0.46879467368125916,0.0,6.7934370040893555
520,2,7,-2.2202658653259277,-2.2202658653259277,0.49075254797935486,0.0,5.754387855529785
520,2,8,-2.260737657546997,-2.260737657546997,0.4650048315525055,0.0,6.561619758605957
520,2,9,-2.2065820693969727,-2.2065820693969727,0.4570673406124115,0.0,6.2587738037109375
520,2,10,-2.222027063369751,-2.222027063369751,0.48383620381355286,0.0,6.822336196899414
520,2,11,-2.255650520324707,-2.255650520324707,0.5028510689735413,0.0,6.440729141235352
520,2,12,-2.2461183071136475,-2.2461183071136475,0.4434674382209778,0.0,6.196528434753418
520,2,13,-2.2341458797454834,-2.2341458797454834,0.4574131667613983,0.0,6.5442728996276855
520,2,14,-2.2394778728485107,-2.2394778728485107,0.5415560603141785,0.0,6.538617134094238
520,2,15,-2.254054307937622,-2.254054307937622,0.5283908247947693,0.0,6.9467549324035645
520,2,16,-2.220503568649292,-2.220503568649292,0.5479534864425659,0.0,6.51682710647583
520,2,17,-2.2270712852478027,-2.2270712852478027,0.46493595838546753,0.0,6.1912336349487305
520,2,18,-2.2443673610687256,-2.2443673610687256,0.5095961093902588,0.0,6.285379409790039
520,2,19,-2.2458505630493164,-2.2458505630493164,0.4595640301704407,0.0,5.979382514953613
520,3,0,-2.275624990463257,-2.275624990463257,0.520845353603363,0.0,3.480374336242676
520,3,1,-2.2772350311279297,-2.2772350311279297,0.5220558643341064,0.0,3.2236833572387695
520,3,2,-2.2773046493530273,-2.2773046493530273,0.5460324883460999,0.0,3.6522421836853027
520,3,3,-2.2773001194000244,-2.2773001194000244,0.47017771005630493,0.0,3.7342724800109863
520,3,4,-2.2786643505096436,-2.2786643505096436,0.5637355446815491,0.0,2.3602728843688965
520,3,5,-2.277029514312744,-2.277029514312744,0.5014976859092712,0.0,3.5010101795196533
520,3,6,-2.2779197692871094,-2.2779197692871094,0.5213412642478943,0.0,2.951014518737793
520,3,7,-2.2763938903808594,-2.2763938903808594,0.4807817041873932,0.0,3.4021334648132324
520,3,8,-2.2772562503814697,-2.2772562503814697,0.5501977801322937,0.0,3.447829246520996
520,3,9,-2.275319814682007,-2.275319814682007,0.5154687166213989,0.0,3.035914421081543
520,3,10,-2.273831367492676,-2.273831367492676,0.5319734811782837,0.0,3.4965991973876953
520,3,11,-2.2787771224975586,-2.2787771224975586,0.5558607578277588,0.0,2.8989715576171875
520,3,12,-2.2735157012939453,-2.2735157012939453,0.5297561287879944,0.0,2.499704122543335
520,3,13,-2.2743887901306152,-2.2743887901306152,0.5452814102172852,0.0,3.456603765487671
520,3,14,-2.2776150703430176,-2.2776150703430176,0.5159102082252502,0.0,3.6225855350494385
520,3,15,-2.2768166065216064,-2.2768166065216064,0.4923449158668518,0.0,2.5485503673553467
520,3,16,-2.276155710220337,-2.276155710220337,0.4908982217311859,0.0,2.2887628078460693
520,3,17,-2.2738382816314697,-2.2738382816314697,0.5210462212562561,0.0,2.684983491897583
520,3,18,-2.270787477493286,-2.270787477493286,0.5329233407974243,0.0,3.0474791526794434
520,3,19,-2.2765767574310303,-2.2765767574310303,0.49779951572418213,0.0,2.9298362731933594
520,4,0,-2.2723140716552734,-2.2723140716552734,0.5469241142272949,0.0,4.793082237243652
520,4,1,-2.2770605087280273,-2.2770605087280273,0.4699193239212036,0.0,2.7248096466064453
520,4,2,-2.268284559249878,-2.268284559249878,0.5624982714653015,0.0,5.709168910980225
520,4,3,-2.28013014793396,-2.28013014793396,0.4808657169342041,0.0,4.576115608215332
520,4,4,-2.2788398265838623,-2.2788398265838623,0.4989493489265442,0.0,5.610113143920898
520,4,5,-2.2770349979400635,-2.2770349979400635,0.5030755400657654,0.0,6.100946426391602
520,4,6,-2.2768630981445312,-2.2768630981445312,0.5145652294158936,0.0,4.508199214935303
520,4,7,-2.278420925140381,-2.278420925140381,0.37950220704078674,0.0,4.111144065856934
520,4,8,-2.262303352355957,-2.262303352355957,0.5454055070877075,0.0,4.86264181137085
520,4,9,-2.2781295776367188,-2.2781295776367188,0.49199965596199036,0.0,5.18964958190918
520,4,10,-2.2673354148864746,-2.2673354148864746,0.49463972449302673,0.0,4.940494537353516
520,4,11,-2.2797884941101074,-2.2797884941101074,0.4591822624206543,0.0,4.948665618896484
520,4,12,-2.2553045749664307,-2.2553045749664307,0.6056590676307678,0.0,4.341953277587891
520,4,13,-2.273230791091919,-2.273230791091919,0.5645390152931213,0.0,5.115114688873291
520,4,14,-2.278557062149048,-2.278557062149048,0.5284430384635925,0.0,3.9586873054504395
520,4,15,-2.275383234024048,-2.275383234024048,0.531669557094574,0.0,5.255945682525635
520,4,16,-2.2755627632141113,-2.2755627632141113,0.520514190196991,0.0,4.999204158782959
520,4,17,-2.2765421867370605,-2.2765421867370605,0.500009298324585,0.0,4.10862922668457
520,4,18,-2.2744476795196533,-2.2744476795196533,0.5156765580177307,0.0,3.6347768306732178
520,4,19,-2.2788760662078857,-2.2788760662078857,0.6041824221611023,0.0,4.4614667892456055
520,5,0,-2.2556967735290527,-2.2556967735290527,0.5815076231956482,0.0,5.422796726226807
520,5,1,-2.256897449493408,-2.256897449493408,0.5401337742805481,0.0,5.411365509033203
520,5,2,-2.26416015625,-2.26416015625,0.49937981367111206,0.0,7.373658180236816
520,5,3,-2.2454910278320312,-2.2454910278320312,0.4633990526199341,0.0,6.285329341888428
520,5,4,-2.2707910537719727,-2.2707910537719727,0.5037850141525269,0.0,6.192781925201416
520,5,5,-2.273505687713623,-2.273505687713623,0.5455925464630127,0.0,6.34765100479126
520,5,6,-2.25813364982605,-2.25813364982605,0.5641615986824036,0.0,6.122283458709717
520,5,7,-2.252786159515381,-2.252786159515381,0.5590222477912903,0.0,6.323174953460693
520,5,8,-2.262312412261963,-2.262312412261963,0.5332491397857666,0.0,6.143087387084961
520,5,9,-2.256885290145874,-2.256885290145874,0.5425195097923279,0.0,6.299165725708008
520,5,10,-2.255108118057251,-2.255108118057251,0.5483677387237549,0.0,5.847064971923828
520,5,11,-2.2593657970428467,-2.2593657970428467,0.5182264447212219,0.0,6.304868698120117
520,5,12,-2.2681503295898438,-2.2681503295898438,0.4952686131000519,0.0,6.4507341384887695
520,5,13,-2.2582733631134033,-2.2582733631134033,0.524188220500946,0.0,5.631019115447998
520,5,14,-2.2688827514648438,-2.2688827514648438,0.5273675918579102,0.0,6.248950004577637
520,5,15,-2.268350601196289,-2.268350601196289,0.5424034595489502,0.0,6.611498832702637
520,5,16,-2.265519618988037,-2.265519618988037,0.5163549780845642,0.0,6.634741306304932
520,5,17,-2.253828525543213,-2.253828525543213,0.5048666000366211,0.0,5.9497504234313965
520,5,18,-2.2449240684509277,-2.2449240684509277,0.5168175101280212,0.0,6.847146034240723
520,5,19,-2.269174098968506,-2.269174098968506,0.56596440076828,0.0,5.453632831573486
520,6,0,-2.2591211795806885,-2.2591211795806885,0.4809146523475647,0.0,5.605523109436035
520,6,1,-2.2240421772003174,-2.2240421772003174,0.5129568576812744,0.0,5.958045959472656
520,6,2,-2.2264211177825928,-2.2264211177825928,0.5096595287322998,0.0,5.787424087524414
520,6,3,-2.2426598072052,-2.2426598072052,0.4697287082672119,0.0,5.931818962097168
520,6,4,-2.2397515773773193,-2.2397515773773193,0.5164520740509033,0.0,6.163844108581543
520,6,5,-2.2618606090545654,-2.2618606090545654,0.5101381540298462,0.0,5.588021278381348
520,6,6,-2.2378463745117188,-2.2378463745117188,0.4640791714191437,0.0,6.137762069702148
520,6,7,-2.238795042037964,-2.238795042037964,0.5148214101791382,0.0,5.730616092681885
520,6,8,-2.224301338195801,-2.224301338195801,0.50519198179245,0.0,5.762650012969971
520,6,9,-2.260739803314209,-2.260739803314209,0.4972038269042969,0.0,5.381391525268555
520,6,10,-2.2069578170776367,-2.2069578170776367,0.5649594068527222,0.0,6.2970476150512695
520,6,11,-2.2546722888946533,-2.2546722888946533,0.4482158422470093,0.0,5.860164165496826
520,6,12,-2.239403486251831,-2.239403486251831,0.4825095534324646,0.0,5.504703044891357
520,6,13,-2.200824737548828,-2.200824737548828,0.49347418546676636,0.0,6.178624153137207
520,6,14,-2.2484025955200195,-2.2484025955200195,0.5320140719413757,0.0,5.98855447769165
520,6,15,-2.2287659645080566,-2.2287659645080566,0.47584986686706543,0.0,5.940168380737305
520,6,16,-2.230890989303589,-2.230890989303589,0.541983425617218,0.0,5.803256511688232
520,6,17,-2.2162833213806152,-2.2162833213806152,0.48181769251823425,0.0,5.987088680267334
520,6,18,-2.2101569175720215,-2.2101569175720215,0.48610803484916687,0.0,5.970010757446289
520,6,19,-2.2030508518218994,-2.2030508518218994,0.5731602907180786,0.0,5.327729225158691
520,7,0,-2.21575927734375,-2.21575927734375,0.5446003079414368,0.0,6.8243560791015625
520,7,1,-2.2123570442199707,-2.2123570442199707,0.5178845524787903,0.0,6.728143692016602
520,7,2,-2.246995449066162,-2.246995449066162,0.5656673908233643,0.0,6.435309886932373
520,7,3,-2.237496852874756,-2.237496852874756,0.5485724210739136,0.0,6.424368858337402
520,7,4,-2.2324297428131104,-2.2324297428131104,0.4844495356082916,0.0,6.149019241333008
520,7,5,-2.2266550064086914,-2.2266550064086914,0.4516024589538574,0.0,6.593442916870117
520,7,6,-2.2503256797790527,-2.2503256797790527,0.4865061044692993,0.0,6.436633110046387
520,7,7,-2.195725440979004,-2.195725440979004,0.5321595072746277,0.0,6.5403618812561035
520,7,8,-2.253096342086792,-2.253096342086792,0.459500789642334,0.0,6.783400535583496
520,7,9,-2.1925296783447266,-2.1925296783447266,0.4920412302017212,0.0,6.256762504577637
520,7,10,-2.2442383766174316,-2.2442383766174316,0.5019010305404663,0.0,6.387298107147217
520,7,11,-2.2593653202056885,-2.2593653202056885,0.5111902356147766,0.0,6.805915832519531
520,7,12,-2.247049331665039,-2.247049331665039,0.5200167894363403,0.0,6.147488594055176
520,7,13,-2.2336878776550293,-2.2336878776550293,0.48256462812423706,0.0,5.8296332359313965
520,7,14,-2.263913631439209,-2.263913631439209,0.5599260926246643,0.0,7.387386322021484
520,7,15,-2.2528162002563477,-2.2528162002563477,0.5269100069999695,0.0,6.2610883712768555
520,7,16,-2.2515459060668945,-2.2515459060668945,0.4830188751220703,0.0,6.081600189208984
520,7,17,-2.2275092601776123,-2.2275092601776123,0.5024428963661194,0.0,6.223624229431152
520,7,18,-2.255338191986084,-2.255338191986084,0.546665370464325,0.0,5.277633190155029
520,7,19,-2.254028797149658,-2.254028797149658,0.4702437222003937,0.0,6.6138153076171875
520,8,0,-2.215708017349243,-2.215708017349243,0.46509474515914917,0.0,5.425547122955322
520,8,1,-2.250368595123291,-2.250368595123291,0.5299018025398254,0.0,4.886436462402344
520,8,2,-2.1817593574523926,-2.1817593574523926,0.47429463267326355,0.0,4.3122076988220215
520,8,3,-2.145059823989868,-2.145059823989868,0.43545445799827576,0.0,4.4516472816467285
520,8,4,-2.2099335193634033,-2.2099335193634033,0.45112863183021545,0.0,5.382800102233887
520,8,5,-2.2347264289855957,-2.2347264289855957,0.5056368112564087,0.0,4.60440731048584
520,8,6,-2.197120428085327,-2.197120428085327,0.4635095000267029,0.0,5.38591194152832
520,8,7,-2.23447585105896,-2.23447585105896,0.45899394154548645,0.0,5.147794723510742
520,8,8,-2.244256019592285,-2.244256019592285,0.38119807839393616,0.0,5.72419548034668
520,8,9,-2.2371785640716553,-2.2371785640716553,0.5124759674072266,0.0,5.905350685119629
520,8,10,-2.212332010269165,-2.212332010269165,0.5236884355545044,0.0,5.726016044616699
520,8,11,-2.219123363494873,-2.219123363494873,0.47179582715034485,0.0,4.409375190734863
520,8,12,-2.2467761039733887,-2.2467761039733887,0.4630157947540283,0.0,4.265124320983887
520,8,13,-2.23443341255188,-2.23443341255188,0.5264443159103394,0.0,5.747574806213379
520,8,14,-2.2049944400787354,-2.2049944400787354,0.48343196511268616,0.0,4.941741943359375
520,8,15,-2.244314670562744,-2.244314670562744,0.5421890616416931,0.0,4.646495342254639
520,8,16,-2.2175559997558594,-2.2175559997558594,0.48964613676071167,0.0,5.312771320343018
520,8,17,-2.226832866668701,-2.226832866668701,0.5674624443054199,0.0,4.743532657623291
520,8,18,-2.2384896278381348,-2.2384896278381348,0.48178836703300476,0.0,4.8319902420043945
520,8,19,-2.2026853561401367,-2.2026853561401367,0.47129425406455994,0.0,5.148177146911621
520,9,0,-2.2506449222564697,-2.2506449222564697,0.48150208592414856,0.0,5.498368263244629
520,9,1,-2.2533602714538574,-2.2533602714538574,0.4724256992340088,0.0,5.473270416259766
520,9,2,-2.2573070526123047,-2.2573070526123047,0.5123410224914551,0.0,6.047235488891602
520,9,3,-2.2667088508605957,-2.2667088508605957,0.4855850636959076,0.0,4.666561126708984
520,9,4,-2.259300947189331,-2.259300947189331,0.5123070478439331,0.0,4.856032848358154
520,9,5,-2.2353715896606445,-2.2353715896606445,0.4304925203323364,0.0,6.345495223999023
520,9,6,-2.2511637210845947,-2.2511637210845947,0.5380315780639648,0.0,5.024304389953613
520,9,7,-2.2690861225128174,-2.2690861225128174,0.4624006450176239,0.0,6.017620086669922
520,9,8,-2.2704923152923584,-2.2704923152923584,0.43288958072662354,0.0,5.963082313537598
520,9,9,-2.248002052307129,-2.248002052307129,0.5209193825721741,0.0,5.503344535827637
520,9,10,-2.2659690380096436,-2.2659690380096436,0.48388415575027466,0.0,5.95522928237915
520,9,11,-2.267402410507202,-2.267402410507202,0.5098801851272583,0.0,5.7362165451049805
520,9,12,-2.275599718093872,-2.275599718093872,0.4899740219116211,0.0,4.665580749511719
520,9,13,-2.255962371826172,-2.255962371826172,0.5027327537536621,0.0,5.036991119384766
520,9,14,-2.250574827194214,-2.250574827194214,0.45457249879837036,0.0,4.6816487312316895
520,9,15,-2.24776291847229,-2.24776291847229,0.6043305397033691,0.0,5.351009845733643
520,9,16,-2.249750852584839,-2.249750852584839,0.7037415504455566,0.0,5.506421089172363
520,9,17,-2.2744433879852295,-2.2744433879852295,0.48119184374809265,0.0,4.9134674072265625
520,9,18,-2.2462055683135986,-2.2462055683135986,0.44052040576934814,0.0,6.2358198165893555
520,9,19,-2.2562458515167236,-2.2562458515167236,0.44653573632240295,0.0,6.211893081665039
500,0,0,-2.2466976642608643,-2.2466976642608643,0.532274067401886,0.0,3.556056499481201
500,0,1,-2.214374542236328,-2.214374542236328,0.5240814089775085,0.0,3.5167338848114014
500,0,2,-2.236635208129883,-2.236635208129883,0.5803036093711853,0.0,4.337979316711426
500,0,3,-2.234827995300293,-2.234827995300293,0.5441697835922241,0.0,4.115352630615234
500,0,4,-2.239482879638672,-2.239482879638672,0.565956175327301,0.0,3.9206371307373047
500,0,5,-2.240112066268921,-2.240112066268921,0.5871869325637817,0.0,3.3823461532592773
500,0,6,-2.2170581817626953,-2.2170581817626953,0.5390063524246216,0.0,3.8591694831848145
500,0,7,-2.2065255641937256,-2.2065255641937256,0.5375606417655945,0.0,3.310004234313965
500,0,8,-2.2473344802856445,-2.2473344802856445,0.5460291504859924,0.0,4.0687689781188965
500,0,9,-2.232642650604248,-2.232642650604248,0.5372284054756165,0.0,3.816441297531128
500,0,10,-2.229243755340576,-2.229243755340576,0.5555930137634277,0.0,3.887902021408081
500,0,11,-2.236584186553955,-2.236584186553955,0.5610104203224182,0.0,3.8712024688720703
500,0,12,-2.243421792984009,-2.243421792984009,0.5400545597076416,0.0,4.53262186050415
500,0,13,-2.2577974796295166,-2.2577974796295166,0.572317898273468,0.0,3.983630418777466
500,0,14,-2.2045722007751465,-2.2045722007751465,0.5300405025482178,0.0,3.744589328765869
500,0,15,-2.209141969680786,-2.209141969680786,0.5347843170166016,0.0,4.547414302825928
500,0,16,-2.234337329864502,-2.234337329864502,0.5475897789001465,0.0,3.8912339210510254
500,0,17,-2.2276830673217773,-2.2276830673217773,0.5578984022140503,0.0,4.5923357009887695
500,0,18,-2.223949432373047,-2.223949432373047,0.5770182013511658,0.0,3.731492280960083
500,0,19,-2.249589204788208,-2.249589204788208,0.5442546010017395,0.0,3.455129861831665
500,1,0,-2.152646064758301,-2.152646064758301,0.4779902398586273,0.0,5.015106201171875
500,1,1,-2.240640163421631,-2.240640163421631,0.5476744771003723,0.0,5.5954437255859375
500,1,2,-2.246396064758301,-2.246396064758301,0.5683603882789612,0.0,5.887369155883789
500,1,3,-2.221107006072998,-2.221107006072998,0.5638185739517212,0.0,5.501534938812256
500,1,4,-2.2403414249420166,-2.2403414249420166,0.4407646358013153,0.0,5.474344253540039
500,1,5,-2.275876522064209,-2.275876522064209,0.468047171831131,0.0,5.584264755249023
500,1,6,-2.2633309364318848,-2.2633309364318848,0.534795343875885,0.0,5.9192118644714355
500,1,7,-2.254732608795166,-2.254732608795166,0.46815797686576843,0.0,6.08881950378418
500,1,8,-2.2565677165985107,-2.2565677165985107,0.5368673801422119,0.0,5.244602203369141
500,1,9,-2.2374351024627686,-2.2374351024627686,0.44533491134643555,0.0,5.909516334533691
500,1,10,-2.2375521659851074,-2.2375521659851074,0.4306712746620178,0.0,5.927398204803467
500,1,11,-2.2727482318878174,-2.2727482318878174,0.5195162296295166,0.0,5.561007022857666
500,1,12,-2.254567861557007,-2.254567861557007,0.5096635818481445,0.0,5.704503536224365
500,1,13,-2.2554850578308105,-2.2554850578308105,0.5176942944526672,0.0,6.159523963928223
500,1,14,-2.262977123260498,-2.262977123260498,0.4674195349216461,0.0,5.467219829559326
500,1,15,-2.2440414428710938,-2.2440414428710938,0.5187599658966064,0.0,5.01649808883667
500,1,16,-2.2724907398223877,-2.2724907398223877,0.4918864071369171,0.0,5.320367336273193
500,1,17,-2.272404909133911,-2.272404909133911,0.4795618951320648,0.0,5.9133758544921875
500,1,18,-2.275568962097168,-2.275568962097168,0.4799826741218567,0.0,5.339584827423096
500,1,19,-2.2658796310424805,-2.2658796310424805,0.5388776063919067,0.0,4.403148651123047
500,2,0,-2.235927104949951,-2.235927104949951,0.547992467880249,0.0,5.2903547286987305
500,2,1,-2.2453558444976807,-2.2453558444976807,0.46501269936561584,0.0,6.112712860107422
500,2,2,-2.2479636669158936,-2.2479636669158936,0.4440186321735382,0.0,5.592785835266113
500,2,3,-2.2354507446289062,-2.2354507446289062,0.4799952507019043,0.0,6.905133247375488
500,2,4,-2.24282169342041,-2.24282169342041,0.5204671025276184,0.0,6.1424174308776855
500,2,5,-2.238832950592041,-2.238832950592041,0.46573835611343384,0.0,6.2180399894714355
500,2,6,-2.22312593460083,-2.22312593460083,0.4633559286594391,0.0,6.515956878662109
500,2,7,-2.2248752117156982,-2.2248752117156982,0.5307475924491882,0.0,5.562199115753174
500,2,8,-2.2468080520629883,-2.2468080520629883,0.5162336230278015,0.0,6.568752765655518
500,2,9,-2.2269673347473145,-2.2269673347473145,0.5255063772201538,0.0,6.344141006469727
500,2,10,-2.2300028800964355,-2.2300028800964355,0.5165709257125854,0.0,6.377987861633301
500,2,11,-2.2147297859191895,-2.2147297859191895,0.4804135262966156,0.0,6.025128364562988
500,2,12,-2.2119767665863037,-2.2119767665863037,0.5112324357032776,0.0,5.892765998840332
500,2,13,-2.2513527870178223,-2.2513527870178223,0.4751955568790436,0.0,5.85313606262207
500,2,14,-2.259209156036377,-2.259209156036377,0.43040287494659424,0.0,6.459857940673828
500,2,15,-2.249022960662842,-2.249022960662842,0.4763566255569458,0.0,6.243076324462891
500,2,16,-2.2245333194732666,-2.2245333194732666,0.43939992785453796,0.0,6.207572937011719
500,2,17,-2.240004062652588,-2.240004062652588,0.45482349395751953,0.0,5.369459629058838
500,2,18,-2.2255072593688965,-2.2255072593688965,0.5075783133506775,0.0,5.920020580291748
500,2,19,-2.253800630569458,-2.253800630569458,0.5013558268547058,0.0,6.616938591003418
500,3,0,-2.278130531311035,-2.278130531311035,0.4961503744125366,0.0,3.354802370071411
500,3,1,-2.276845932006836,-2.276845932006836,0.5542857646942139,0.0,2.6619043350219727
500,3,2,-2.276276111602783,-2.276276111602783,0.4927123486995697,0.0,3.1851730346679688
500,3,3,-2.2759387493133545,-2.2759387493133545,0.49706268310546875,0.0,3.4139842987060547
500,3,4,-2.2760207653045654,-2.2760207653045654,0.5213730931282043,0.0,2.8924293518066406
500,3,5,-2.2782115936279297,-2.2782115936279297,0.5248611569404602,0.0,2.898773193359375
500,3,6,-2.2780044078826904,-2.2780044078826904,0.5077686309814453,0.0,3.1554064750671387
500,3,7,-2.2772951126098633,-2.2772951126098633,0.5596736669540405,0.0,3.6455726623535156
500,3,8,-2.2789690494537354,-2.2789690494537354,0.5402583479881287,0.0,2.595092296600342
500,3,9,-2.2777273654937744,-2.2777273654937744,0.5296627879142761,0.0,2.5847179889678955
500,3,10,-2.273941993713379,-2.273941993713379,0.5183296203613281,0.0,3.797905445098877
500,3,11,-2.2732014656066895,-2.2732014656066895,0.5123372673988342,0.0,3.718207836151123
500,3,12,-2.2787914276123047,-2.2787914276123047,0.528127908706665,0.0,3.4270880222320557
500,3,13,-2.2777018547058105,-2.2777018547058105,0.5520547032356262,0.0,3.1827640533447266
500,3,14,-2.277658462524414,-2.277658462524414,0.554295539855957,0.0,2.2786173820495605
500,3,15,-2.2773756980895996,-2.2773756980895996,0.5627307891845703,0.0,2.8377041816711426
500,3,16,-2.2776222229003906,-2.2776222229003906,0.5495710372924805,0.0,3.5862908363342285
500,3,17,-2.2766668796539307,-2.2766668796539307,0.49618637561798096,0.0,3.266752243041992
500,3,18,-2.269336700439453,-2.269336700439453,0.5492547750473022,0.0,3.2896432876586914
500,3,19,-2.276684045791626,-2.276684045791626,0.5147630572319031,0.0,2.6161670684814453
500,4,0,-2.2808897495269775,-2.2808897495269775,0.5267781615257263,0.0,3.715709924697876
500,4,1,-2.2775468826293945,-2.2775468826293945,0.5070306062698364,0.0,4.361570358276367
500,4,2,-2.252993583679199,-2.252993583679199,0.49035724997520447,0.0,4.781552314758301
500,4,3,-2.276099681854248,-2.276099681854248,0.5129501223564148,0.0,4.306623458862305
500,4,4,-2.2766835689544678,-2.2766835689544678,0.5535365343093872,0.0,4.922103404998779
500,4,5,-2.276578903198242,-2.276578903198242,0.5220990180969238,0.0,4.524960517883301
500,4,6,-2.2788302898406982,-2.2788302898406982,0.5369418859481812,0.0,5.216155529022217
500,4,7,-2.278235912322998,-2.278235912322998,0.5070228576660156,0.0,3.801284074783325
500,4,8,-2.275326728820801,-2.275326728820801,0.5533836483955383,0.0,4.388528823852539
500,4,9,-2.2782704830169678,-2.2782704830169678,0.5003697872161865,0.0,4.8989410400390625
500,4,10,-2.2787086963653564,-2.2787086963653564,0.4438299536705017,0.0,5.039778709411621
500,4,11,-2.2723729610443115,-2.2723729610443115,0.4890199303627014,0.0,4.095076084136963
500,4,12,-2.221586227416992,-2.221586227416992,0.3401288390159607,0.0,4.229607105255127
500,4,13,-2.27881121635437,-2.27881121635437,0.5103051662445068,0.0,4.279725551605225
500,4,14,-2.2679591178894043,-2.2679591178894043,0.5389711856842041,0.0,4.230168342590332
500,4,15,-2.2602386474609375,-2.2602386474609375,0.5227934718132019,0.0,3.192574977874756
500,4,16,-2.272441864013672,-2.272441864013672,0.5511868000030518,0.0,3.976266622543335
500,4,17,-2.2803633213043213,-2.2803633213043213,0.5261726975440979,0.0,3.892935276031494
500,4,18,-2.2712554931640625,-2.2712554931640625,0.5604904890060425,0.0,4.465014457702637
500,4,19,-2.2762627601623535,-2.2762627601623535,0.5477898716926575,0.0,5.5966057777404785
500,5,0,-2.2575933933258057,-2.2575933933258057,0.5522797703742981,0.0,6.134177207946777
500,5,1,-2.2673940658569336,-2.2673940658569336,0.4924473464488983,0.0,5.853384017944336
500,5,2,-2.2356081008911133,-2.2356081008911133,0.5364075303077698,0.0,5.810816764831543
500,5,3,-2.265240430831909,-2.265240430831909,0.5363394618034363,0.0,5.813073635101318
500,5,4,-2.257068634033203,-2.257068634033203,0.5090897679328918,0.0,6.14809513092041
500,5,5,-2.2534589767456055,-2.2534589767456055,0.5589998364448547,0.0,6.0977911949157715
500,5,6,-2.2582156658172607,-2.2582156658172607,0.5689405202865601,0.0,6.458065032958984
500,5,7,-2.2683048248291016,-2.2683048248291016,0.5634887218475342,0.0,5.533912658691406
500,5,8,-2.2644028663635254,-2.2644028663635254,0.5416384339332581,0.0,6.391908168792725
500,5,9,-2.2626640796661377,-2.2626640796661377,0.5573402047157288,0.0,6.126087188720703
500,5,10,-2.248893976211548,-2.248893976211548,0.5363824963569641,0.0,6.454021453857422
500,5,11,-2.265474319458008,-2.265474319458008,0.5431373715400696,0.0,5.865224838256836
500,5,12,-2.270404100418091,-2.270404100418091,0.51148521900177,0.0,6.214126110076904
500,5,13,-2.264200210571289,-2.264200210571289,0.5321652293205261,0.0,6.080190658569336
500,5,14,-2.261866331100464,-2.261866331100464,0.5446940064430237,0.0,5.915649890899658
500,5,15,-2.2710020542144775,-2.2710020542144775,0.5569449067115784,0.0,5.7186384201049805
500,5,16,-2.2318673133850098,-2.2318673133850098,0.5059579610824585,0.0,6.411327362060547
500,5,17,-2.261140823364258,-2.261140823364258,0.5517148375511169,0.0,5.931094169616699
500,5,18,-2.268894910812378,-2.268894910812378,0.5231820940971375,0.0,5.757752418518066
500,5,19,-2.256213903427124,-2.256213903427124,0.5717300772666931,0.0,5.63425350189209
500,6,0,-2.1833088397979736,-2.1833088397979736,0.5425214171409607,0.0,6.418008804321289
500,6,1,-2.245098829269409,-2.245098829269409,0.4902588725090027,0.0,6.429574012756348
500,6,2,-2.228161334991455,-2.228161334991455,0.5530478358268738,0.0,5.6801323890686035
500,6,3,-2.2440402507781982,-2.2440402507781982,0.41360941529273987,0.0,5.933503150939941
500,6,4,-2.2475812435150146,-2.2475812435150146,0.4735270142555237,0.0,6.510408878326416
500,6,5,-2.2214527130126953,-2.2214527130126953,0.4769061803817749,0.0,5.588809490203857
500,6,6,-2.233757495880127,-2.233757495880127,0.4790886342525482,0.0,5.996514797210693
500,6,7,-2.264148712158203,-2.264148712158203,0.5011134147644043,0.0,6.0108962059021
500,6,8,-2.2476375102996826,-2.2476375102996826,0.530072033405304,0.0,5.665247440338135
500,6,9,-2.2347676753997803,-2.2347676753997803,0.5125806927680969,0.0,4.575234413146973
500,6,10,-2.2389049530029297,-2.2389049530029297,0.47290071845054626,0.0,6.660999298095703
500,6,11,-2.2492787837982178,-2.2492787837982178,0.5097700953483582,0.0,5.39090633392334
500,6,12,-2.2576444149017334,-2.2576444149017334,0.5337177515029907,0.0,6.756381988525391
500,6,13,-2.243718147277832,-2.243718147277832,0.4922453463077545,0.0,5.35574197769165
500,6,14,-2.2152700424194336,-2.2152700424194336,0.498013436794281,0.0,5.962009429931641
500,6,15,-2.248952865600586,-2.248952865600586,0.486064612865448,0.0,6.185838222503662
500,6,16,-2.212007761001587,-2.212007761001587,0.48657187819480896,0.0,5.635164737701416
500,6,17,-2.2381348609924316,-2.2381348609924316,0.5011820793151855,0.0,6.138134002685547
500,6,18,-2.2413291931152344,-2.2413291931152344,0.5058788061141968,0.0,6.053274154663086
500,6,19,-2.180943727493286,-2.180943727493286,0.5100308060646057,0.0,6.255029678344727
500,7,0,-2.2244839668273926,-2.2244839668273926,0.4789898097515106,0.0,6.441327095031738
500,7,1,-2.2613046169281006,-2.2613046169281006,0.5889801383018494,0.0,6.09258508682251
500,7,2,-2.2195582389831543,-2.2195582389831543,0.6148528456687927,0.0,6.562791347503662
500,7,3,-2.2442972660064697,-2.2442972660064697,0.4764834940433502,0.0,6.502589702606201
500,7,4,-2.2182374000549316,-2.2182374000549316,0.4490151107311249,0.0,7.127658367156982
500,7,5,-2.1810965538024902,-2.1810965538024902,0.47769656777381897,0.0,6.675455093383789
500,7,6,-2.250441074371338,-2.250441074371338,0.5269170999526978,0.0,6.4801740646362305
500,7,7,-2.239959239959717,-2.239959239959717,0.525703489780426,0.0,6.357814788818359
500,7,8,-2.228944778442383,-2.228944778442383,0.4913671314716339,0.0,5.862225532531738
500,7,9,-2.2376086711883545,-2.2376086711883545,0.4968471825122833,0.0,7.127167701721191
500,7,10,-2.2197518348693848,-2.2197518348693848,0.434688001871109,0.0,7.343652725219727
500,7,11,-2.2419042587280273,-2.2419042587280273,0.5252780914306641,0.0,7.0128889083862305
500,7,12,-2.2196688652038574,-2.2196688652038574,0.544409453868866,0.0,5.662876129150391
500,7,13,-2.236473798751831,-2.236473798751831,0.6167446970939636,0.0,5.446386814117432
500,7,14,-2.226595878601074,-2.226595878601074,0.4599505364894867,0.0,6.133143424987793
500,7,15,-2.198063611984253,-2.198063611984253,0.5583458542823792,0.0,6.894745826721191
500,7,16,-2.221468448638916,-2.221468448638916,0.5436686277389526,0.0,6.656075477600098
500,7,17,-2.229050397872925,-2.229050397872925,0.48364555835723877,0.0,7.089733600616455
500,7,18,-2.211714744567871,-2.211714744567871,0.5430439710617065,0.0,7.522551536560059
500,7,19,-2.2541239261627197,-2.2541239261627197,0.49891966581344604,0.0,6.425551414489746
500,8,0,-2.239461898803711,-2.239461898803711,0.4991043210029602,0.0,6.041466236114502
500,8,1,-2.1985127925872803,-2.1985127925872803,0.5079431533813477,0.0,4.723111629486084
500,8,2,-2.2292466163635254,-2.2292466163635254,0.3924520015716553,0.0,4.801368236541748
500,8,3,-2.25903058052063,-2.25903058052063,0.4832944869995117,0.0,5.5239949226379395
500,8,4,-2.232327938079834,-2.232327938079834,0.46806779503822327,0.0,5.166733741760254
500,8,5,-2.2017505168914795,-2.2017505168914795,0.484971821308136,0.0,4.1553874015808105
500,8,6,-2.202788829803467,-2.202788829803467,0.4928109347820282,0.0,5.0182952880859375
500,8,7,-2.25370192527771,-2.25370192527771,0.5103303790092468,0.0,4.814943313598633
500,8,8,-2.2315986156463623,-2.2315986156463623,0.4424341917037964,0.0,4.819262981414795
500,8,9,-2.244197368621826,-2.244197368621826,0.5184671878814697,0.0,5.617275714874268
500,8,10,-2.245166540145874,-2.245166540145874,0.5184383392333984,0.0,5.0963873863220215
500,8,11,-2.245504140853882,-2.245504140853882,0.42302897572517395,0.0,4.302979946136475
500,8,12,-2.2342653274536133,-2.2342653274536133,0.5060300230979919,0.0,4.69221305847168
500,8,13,-2.2423574924468994,-2.2423574924468994,0.3915037214756012,0.0,4.865391254425049
500,8,14,-2.24049711227417,-2.24049711227417,0.4774763286113739,0.0,5.223830223083496
500,8,15,-2.159937858581543,-2.159937858581543,0.5279589891433716,0.0,5.060873031616211
500,8,16,-2.2468695640563965,-2.2468695640563965,0.46478793025016785,0.0,4.926328659057617
500,8,17,-2.2294232845306396,-2.2294232845306396,0.37321776151657104,0.0,4.7517476081848145
500,8,18,-2.2242090702056885,-2.2242090702056885,0.5054823756217957,0.0,4.599395751953125
500,8,19,-2.2212281227111816,-2.2212281227111816,0.5055649876594543,0.0,4.280576229095459
500,9,0,-2.240190029144287,-2.240190029144287,0.43506354093551636,0.0,5.038820266723633
500,9,1,-2.2711598873138428,-2.2711598873138428,0.46699288487434387,0.0,5.329892635345459
500,9,2,-2.2668685913085938,-2.2668685913085938,0.4021899700164795,0.0,5.475589752197266
500,9,3,-2.2506794929504395,-2.2506794929504395,0.4335893392562866,0.0,5.349108695983887
500,9,4,-2.2382874488830566,-2.2382874488830566,0.5402196049690247,0.0,5.764042854309082
500,9,5,-2.2007579803466797,-2.2007579803466797,0.45378953218460083,0.0,5.721829414367676
500,9,6,-2.2643511295318604,-2.2643511295318604,0.4451100528240204,0.0,5.7279486656188965
500,9,7,-2.214444160461426,-2.214444160461426,0.5012658834457397,0.0,5.448599815368652
500,9,8,-2.267456293106079,-2.267456293106079,0.664564311504364,0.0,4.762214183807373
500,9,9,-2.270697593688965,-2.270697593688965,0.49041056632995605,0.0,5.314017295837402
500,9,10,-2.2432940006256104,-2.2432940006256104,0.5102656483650208,0.0,5.211882591247559
500,9,11,-2.2668304443359375,-2.2668304443359375,0.449787974357605,0.0,5.123597145080566
500,9,12,-2.266796350479126,-2.266796350479126,0.5362282395362854,0.0,4.228073596954346
500,9,13,-2.252777576446533,-2.252777576446533,0.5465843081474304,0.0,5.839738845825195
500,9,14,-2.2550551891326904,-2.2550551891326904,0.5037331581115723,0.0,4.336068630218506
500,9,15,-2.275871992111206,-2.275871992111206,0.5107209086418152,0.0,6.190606117248535
500,9,16,-2.2595155239105225,-2.2595155239105225,0.5029529333114624,0.0,5.143562316894531
500,9,17,-2.2521185874938965,-2.2521185874938965,0.5109262466430664,0.0,5.660528182983398
500,9,18,-2.2668328285217285,-2.2668328285217285,0.5484853386878967,0.0,5.082660675048828
500,9,19,-2.2131834030151367,-2.2131834030151367,0.49422258138656616,0.0,5.565574645996094
480,0,0,-2.2160234451293945,-2.2160234451293945,0.5087556838989258,0.0,4.0605292320251465
480,0,1,-2.246652364730835,-2.246652364730835,0.523121178150177,0.0,3.9524500370025635
480,0,2,-2.2230160236358643,-2.2230160236358643,0.5630738735198975,0.0,3.859560489654541
480,0,3,-2.2175493240356445,-2.2175493240356445,0.5661081671714783,0.0,3.9827992916107178
480,0,4,-2.210092544555664,-2.210092544555664,0.5604444146156311,0.0,4.01957368850708
480,0,5,-2.2118849754333496,-2.2118849754333496,0.5420523881912231,0.0,4.809607028961182
480,0,6,-2.2348852157592773,-2.2348852157592773,0.5339410305023193,0.0,3.290802240371704
480,0,7,-2.2225799560546875,-2.2225799560546875,0.5498173832893372,0.0,4.307917594909668
480,0,8,-2.252786874771118,-2.252786874771118,0.5265167951583862,0.0,3.3989005088806152
480,0,9,-2.2407455444335938,-2.2407455444335938,0.55364590883255,0.0,3.523926258087158
480,0,10,-2.2119851112365723,-2.2119851112365723,0.4891592860221863,0.0,3.8723738193511963
480,0,11,-2.260627508163452,-2.260627508163452,0.5784788131713867,0.0,3.695932388305664
480,0,12,-2.2601077556610107,-2.2601077556610107,0.4923988878726959,0.0,3.2117156982421875
480,0,13,-2.2636871337890625,-2.2636871337890625,0.552322506904602,0.0,4.002303600311279
480,0,14,-2.2206783294677734,-2.2206783294677734,0.5150220990180969,0.0,4.129141807556152
480,0,15,-2.2455594539642334,-2.2455594539642334,0.5338037610054016,0.0,4.061939239501953
480,0,16,-2.2363977432250977,-2.2363977432250977,0.5177391767501831,0.0,3.8139195442199707
480,0,17,-2.2456679344177246,-2.2456679344177246,0.5287465453147888,0.0,3.5408363342285156
480,0,18,-2.233651638031006,-2.233651638031006,0.5361475348472595,0.0,3.8215885162353516
480,0,19,-2.213205099105835,-2.213205099105835,0.4994525909423828,0.0,4.305776119232178
480,1,0,-2.2492499351501465,-2.2492499351501465,0.45916643738746643,0.0,5.258884429931641
480,1,1,-2.2631542682647705,-2.2631542682647705,0.4349658191204071,0.0,5.97754430770874
480,1,2,-2.2555196285247803,-2.2555196285247803,0.5090922713279724,0.0,5.632408142089844
480,1,3,-2.264756441116333,-2.264756441116333,0.4735935926437378,0.0,5.302087783813477
480,1,4,-2.230560541152954,-2.230560541152954,0.45201805233955383,0.0,5.778531074523926
480,1,5,-2.2619481086730957,-2.2619481086730957,0.5023065805435181,0.0,6.320589542388916
480,1,6,-2.2629992961883545,-2.2629992961883545,0.4881376326084137,0.0,6.047915935516357
480,1,7,-2.2425618171691895,-2.2425618171691895,0.5854368209838867,0.0,5.4750800132751465
480,1,8,-2.262739419937134,-2.262739419937134,0.4192591607570648,0.0,6.13762903213501
480,1,9,-2.258953332901001,-2.258953332901001,0.46531563997268677,0.0,6.0983123779296875
480,1,10,-2.2511723041534424,-2.2511723041534424,0.5301153659820557,0.0,5.1260881423950195
480,1,11,-2.214221715927124,-2.214221715927124,0.5048424005508423,0.0,6.710978031158447
480,1,12,-2.2562708854675293,-2.2562708854675293,0.4542803466320038,0.0,5.743645668029785
480,1,13,-2.2596213817596436,-2.2596213817596436,0.43870389461517334,0.0,5.911525726318359
480,1,14,-2.2364003658294678,-2.2364003658294678,0.7548311948776245,0.0,5.310722351074219
480,1,15,-2.273843288421631,-2.273843288421631,0.5429961085319519,0.0,6.184541702270508
480,1,16,-2.267200231552124,-2.267200231552124,0.5008342266082764,0.0,5.89483642578125
480,1,17,-2.2654545307159424,-2.2654545307159424,0.49179497361183167,0.0,7.001916885375977
480,1,18,-2.265514373779297,-2.265514373779297,0.49736443161964417,0.0,5.498640060424805
480,1,19,-2.266002655029297,-2.266002655029297,0.481478214263916,0.0,5.238471031188965
480,2,0,-2.265740156173706,-2.265740156173706,0.4681224226951599,0.0,6.306730270385742
480,2,1,-2.23720383644104,-2.23720383644104,0.464081346988678,0.0,5.54133939743042
480,2,2,-2.2420008182525635,-2.2420008182525635,0.45174750685691833,0.0,6.019005298614502
480,2,3,-2.2228457927703857,-2.2228457927703857,0.48919999599456787,0.0,5.687412261962891
480,2,4,-2.238635778427124,-2.238635778427124,0.48710936307907104,0.0,6.131872177124023
480,2,5,-2.2335054874420166,-2.2335054874420166,0.46452900767326355,0.0,6.311985015869141
480,2,6,-2.260956287384033,-2.260956287384033,0.4913911521434784,0.0,6.3427042961120605
480,2,7,-2.2235476970672607,-2.2235476970672607,0.45799604058265686,0.0,6.448235511779785
480,2,8,-2.217963933944702,-2.217963933944702,0.49787822365760803,0.0,6.445753574371338
480,2,9,-2.258716106414795,-2.258716106414795,0.5340719223022461,0.0,6.085747718811035
480,2,10,-2.2557756900787354,-2.2557756900787354,0.5065078735351562,0.0,6.691800117492676
480,2,11,-2.2265095710754395,-2.2265095710754395,0.4599342942237854,0.0,6.025301933288574
480,2,12,-2.201815128326416,-2.201815128326416,0.4980418086051941,0.0,5.9753265380859375
480,2,13,-2.251941204071045,-2.251941204071045,0.4754241406917572,0.0,6.574199676513672
480,2,14,-2.245107650756836,-2.245107650756836,0.4819287061691284,0.0,6.614592552185059
480,2,15,-2.25657057762146,-2.25657057762146,0.5019625425338745,0.0,5.904606342315674
480,2,16,-2.2562098503112793,-2.2562098503112793,0.5198612213134766,0.0,7.398892402648926
480,2,17,-2.2436435222625732,-2.2436435222625732,0.5102812051773071,0.0,6.059792995452881
480,2,18,-2.2425377368927,-2.2425377368927,0.49816223978996277,0.0,6.1984453201293945
480,2,19,-2.2627780437469482,-2.2627780437469482,0.5053513646125793,0.0,6.140013217926025
480,3,0,-2.2777369022369385,-2.2777369022369385,0.5340701341629028,0.0,3.0790436267852783
480,3,1,-2.2758238315582275,-2.2758238315582275,0.5334187150001526,0.0,3.1946053504943848
480,3,2,-2.277496576309204,-2.277496576309204,0.5141695737838745,0.0,2.814201831817627
480,3,3,-2.2738122940063477,-2.2738122940063477,0.5440609455108643,0.0,3.853118419647217
480,3,4,-2.278111219406128,-2.278111219406128,0.5552660226821899,0.0,2.626007556915283
480,3,5,-2.2774858474731445,-2.2774858474731445,0.5125139951705933,0.0,3.443134069442749
480,3,6,-2.2768712043762207,-2.2768712043762207,0.5375277400016785,0.0,3.2373814582824707
480,3,7,-2.2783849239349365,-2.2783849239349365,0.49552980065345764,0.0,3.1191892623901367
480,3,8,-2.276794672012329,-2.276794672012329,0.5065746903419495,0.0,3.4092860221862793
480,3,9,-2.274451971054077,-2.274451971054077,0.53984135389328,0.0,3.0425519943237305
480,3,10,-2.2760989665985107,-2.2760989665985107,0.43122708797454834,0.0,2.7508981227874756
480,3,11,-2.278205394744873,-2.278205394744873,0.510704517364502,0.0,3.3622989654541016
480,3,12,-2.2756617069244385,-2.2756617069244385,0.5391360521316528,0.0,3.9414098262786865
480,3,13,-2.275512218475342,-2.275512218475342,0.4946211874485016,0.0,3.7526001930236816
480,3,14,-2.2754125595092773,-2.2754125595092773,0.5221242904663086,0.0,2.8638923168182373
480,3,15,-2.2645065784454346,-2.2645065784454346,0.5438480973243713,0.0,4.23771858215332
480,3,16,-2.275127410888672,-2.275127410888672,0.48479461669921875,0.0,3.170553684234619
480,3,17,-2.2756049633026123,-2.2756049633026123,0.49122005701065063,0.0,3.446074962615967
480,3,18,-2.276427745819092,-2.276427745819092,0.49571943283081055,0.0,2.8234643936157227
480,3,19,-2.278531074523926,-2.278531074523926,0.4804108738899231,0.0,3.4802517890930176
480,4,0,-2.276905059814453,-2.276905059814453,0.4937906265258789,0.0,4.19940710067749
480,4,1,-2.276108503341675,-2.276108503341675,0.5190861821174622,0.0,3.5632712841033936
480,4,2,-2.2771031856536865,-2.2771031856536865,0.46414831280708313,0.0,4.785058498382568
480,4,3,-2.2778022289276123,-2.2778022289276123,0.5236949920654297,0.0,4.198556423187256
480,4,4,-2.275195360183716,-2.275195360183716,0.5043780207633972,0.0,5.260964870452881
480,4,5,-2.2765908241271973,-2.2765908241271973,0.5194428563117981,0.0,4.090962886810303
480,4,6,-2.2802603244781494,-2.2802603244781494,0.5107208490371704,0.0,5.087233543395996
480,4,7,-2.276585817337036,-2.276585817337036,0.5160049796104431,0.0,5.804250240325928
480,4,8,-2.238149404525757,-2.238149404525757,0.5040068030357361,0.0,3.662954568862915
480,4,9,-2.2782366275787354,-2.2782366275787354,0.5258193016052246,0.0,4.529562950134277
480,4,10,-2.280247211456299,-2.280247211456299,0.498357355594635,0.0,4.468288898468018
480,4,11,-2.279273271560669,-2.279273271560669,0.5090352892875671,0.0,3.8449478149414062
480,4,12,-2.2761707305908203,-2.2761707305908203,0.5248149037361145,0.0,4.798284530639648
480,4,13,-2.273308515548706,-2.273308515548706,0.5687576532363892,0.0,3.784214973449707
480,4,14,-2.277756452560425,-2.277756452560425,0.5249224305152893,0.0,5.103198051452637
480,4,15,-2.2754554748535156,-2.2754554748535156,0.47422662377357483,0.0,4.804196357727051
480,4,16,-2.275498867034912,-2.275498867034912,0.5296971201896667,0.0,3.8664722442626953
480,4,17,-2.2744038105010986,-2.2744038105010986,0.5138328671455383,0.0,4.1950788497924805
480,4,18,-2.2763125896453857,-2.2763125896453857,0.45501843094825745,0.0,4.192744255065918
480,4,19,-2.278104782104492,-2.278104782104492,0.5308235883712769,0.0,4.81822395324707
480,5,0,-2.26041841506958,-2.26041841506958,0.5817932486534119,0.0,5.871301651000977
480,5,1,-2.2506556510925293,-2.2506556510925293,0.5360340476036072,0.0,5.842190742492676
480,5,2,-2.2563140392303467,-2.2563140392303467,0.5474376678466797,0.0,5.735522747039795
480,5,3,-2.2675771713256836,-2.2675771713256836,0.5355772376060486,0.0,5.596055507659912
480,5,4,-2.235581398010254,-2.235581398010254,0.5023496150970459,0.0,6.189390182495117
480,5,5,-2.272724151611328,-2.272724151611328,0.5535764694213867,0.0,6.542532444000244
480,5,6,-2.248079538345337,-2.248079538345337,0.5369451642036438,0.0,6.382033824920654
480,5,7,-2.2580208778381348,-2.2580208778381348,0.5838550329208374,0.0,5.585814476013184
480,5,8,-2.271430730819702,-2.271430730819702,0.5582489371299744,0.0,5.756011962890625
480,5,9,-2.2479238510131836,-2.2479238510131836,0.52607661485672,0.0,6.207793235778809
480,5,10,-2.26005220413208,-2.26005220413208,0.5515702962875366,0.0,6.281264305114746
480,5,11,-2.2720277309417725,-2.2720277309417725,0.5394143462181091,0.0,5.351516246795654
480,5,12,-2.2302145957946777,-2.2302145957946777,0.5429867506027222,0.0,6.031904220581055
480,5,13,-2.2623813152313232,-2.2623813152313232,0.5211981534957886,0.0,6.030043125152588
480,5,14,-2.259554386138916,-2.259554386138916,0.5320844054222107,0.0,5.635446548461914
480,5,15,-2.2355220317840576,-2.2355220317840576,0.5273225903511047,0.0,6.191991806030273
480,5,16,-2.2561116218566895,-2.2561116218566895,0.546410322189331,0.0,5.714472770690918
480,5,17,-2.259958267211914,-2.259958267211914,0.6049037575721741,0.0,5.3176703453063965
480,5,18,-2.2460720539093018,-2.2460720539093018,0.5494256019592285,0.0,6.174888610839844
480,5,19,-2.270451307296753,-2.270451307296753,0.5649788975715637,0.0,6.214053153991699
480,6,0,-2.2273693084716797,-2.2273693084716797,0.4661850333213806,0.0,6.123969554901123
480,6,1,-2.2364559173583984,-2.2364559173583984,0.5218379497528076,0.0,5.885655403137207
480,6,2,-2.237208604812622,-2.237208604812622,0.4771318733692169,0.0,5.974012851715088
480,6,3,-2.2611196041107178,-2.2611196041107178,0.5156417489051819,0.0,5.8738627433776855
480,6,4,-2.1975107192993164,-2.1975107192993164,0.5260753631591797,0.0,6.317871570587158
480,6,5,-2.2138023376464844,-2.2138023376464844,0.5054083466529846,0.0,5.600827217102051
480,6,6,-2.266150951385498,-2.266150951385498,0.44426724314689636,0.0,5.186176300048828
480,6,7,-2.2415690422058105,-2.2415690422058105,0.49765923619270325,0.0,5.535265922546387
480,6,8,-2.2516627311706543,-2.2516627311706543,0.49299466609954834,0.0,5.760917663574219
480,6,9,-2.2644577026367188,-2.2644577026367188,0.49638015031814575,0.0,6.0234856605529785
480,6,10,-2.2237942218780518,-2.2237942218780518,0.4850797951221466,0.0,5.571795463562012
480,6,11,-2.246821880340576,-2.246821880340576,0.4422251582145691,0.0,5.864925384521484
480,6,12,-2.2561991214752197,-2.2561991214752197,0.5054742693901062,0.0,5.451899528503418
480,6,13,-2.229111671447754,-2.229111671447754,0.4775892198085785,0.0,5.77288818359375
480,6,14,-2.196237087249756,-2.196237087249756,0.5176962614059448,0.0,6.425275802612305
480,6,15,-2.2677812576293945,-2.2677812576293945,0.5124517679214478,0.0,6.212462902069092
480,6,16,-2.2572193145751953,-2.2572193145751953,0.5085946917533875,0.0,5.396420478820801
480,6,17,-2.2299041748046875,-2.2299041748046875,0.48565319180488586,0.0,5.760439872741699
480,6,18,-2.240098714828491,-2.240098714828491,0.5175865888595581,0.0,5.583388328552246
480,6,19,-2.24881911277771,-2.24881911277771,0.5329024195671082,0.0,6.218071460723877
480,7,0,-2.240375280380249,-2.240375280380249,0.5276942253112793,0.0,6.6015729904174805
480,7,1,-2.2092039585113525,-2.2092039585113525,0.5460600256919861,0.0,6.530600070953369
480,7,2,-2.231133460998535,-2.231133460998535,0.5212374329566956,0.0,5.987957954406738
480,7,3,-2.2500107288360596,-2.2500107288360596,0.5674294829368591,0.0,6.517006874084473
480,7,4,-2.264951467514038,-2.264951467514038,0.5162624716758728,0.0,5.030798435211182
480,7,5,-2.2624518871307373,-2.2624518871307373,0.4709533452987671,0.0,7.048936367034912
480,7,6,-2.239309787750244,-2.239309787750244,0.4774468243122101,0.0,7.023721694946289
480,7,7,-2.2586379051208496,-2.2586379051208496,0.4763156473636627,0.0,6.443070888519287
480,7,8,-2.2099978923797607,-2.2099978923797607,0.4959523677825928,0.0,6.596042633056641
480,7,9,-2.2369399070739746,-2.2369399070739746,0.4955183267593384,0.0,6.61749267578125
480,7,10,-2.171586751937866,-2.171586751937866,0.4828629493713379,0.0,6.41549825668335
480,7,11,-2.223219156265259,-2.223219156265259,0.5265706777572632,0.0,7.0308637619018555
480,7,12,-2.2168524265289307,-2.2168524265289307,0.5557720065116882,0.0,6.890497207641602
480,7,13,-2.1942458152770996,-2.1942458152770996,0.4976349174976349,0.0,6.04213809967041
480,7,14,-2.2627196311950684,-2.2627196311950684,0.516010582447052,0.0,6.179425239562988
480,7,15,-2.2109808921813965,-2.2109808921813965,0.49384400248527527,0.0,5.571887969970703
480,7,16,-2.251272439956665,-2.251272439956665,0.5488635897636414,0.0,5.936516761779785
480,7,17,-2.2522287368774414,-2.2522287368774414,0.5731667876243591,0.0,6.6561665534973145
480,7,18,-2.2127976417541504,-2.2127976417541504,0.5943639278411865,0.0,5.956014633178711
480,7,19,-2.2180376052856445,-2.2180376052856445,0.5113623738288879,0.0,6.286726474761963
480,8,0,-2.255992889404297,-2.255992889404297,0.5299109220504761,0.0,4.709985733032227
480,8,1,-2.2440967559814453,-2.2440967559814453,0.5404078364372253,0.0,5.222519397735596
480,8,2,-2.2216155529022217,-2.2216155529022217,0.5082367062568665,0.0,5.046799659729004
480,8,3,-2.256343126296997,-2.256343126296997,0.42026832699775696,0.0,4.569423675537109
480,8,4,-2.229929208755493,-2.229929208755493,0.5239769220352173,0.0,5.247176647186279
480,8,5,-2.2432541847229004,-2.2432541847229004,0.5664361715316772,0.0,5.47204065322876
480,8,6,-2.2297580242156982,-2.2297580242156982,0.4611477255821228,0.0,4.795042037963867
480,8,7,-2.223851442337036,-2.223851442337036,0.49182406067848206,0.0,5.3707966804504395
480,8,8,-2.231602430343628,-2.231602430343628,0.5436219573020935,0.0,4.754990100860596
480,8,9,-2.2582948207855225,-2.2582948207855225,0.4587254524230957,0.0,4.820033073425293
480,8,10,-2.2473254203796387,-2.2473254203796387,0.5304052233695984,0.0,5.61900520324707
480,8,11,-2.2470500469207764,-2.2470500469207764,0.4533602297306061,0.0,5.528902530670166
480,8,12,-2.204747200012207,-2.204747200012207,0.5244274735450745,0.0,4.730422496795654
480,8,13,-2.256161689758301,-2.256161689758301,0.4716564416885376,0.0,5.019772052764893
480,8,14,-2.2048444747924805,-2.2048444747924805,0.5103132724761963,0.0,5.235724449157715
480,8,15,-2.2060062885284424,-2.2060062885284424,0.4802793860435486,0.0,4.491855144500732
480,8,16,-2.2326548099517822,-2.2326548099517822,0.44577091932296753,0.0,5.491951942443848
480,8,17,-2.201371192932129,-2.201371192932129,0.4576707184314728,0.0,4.6634955406188965
480,8,18,-2.2020022869110107,-2.2020022869110107,0.43567922711372375,0.0,4.751984119415283
480,8,19,-2.250878095626831,-2.250878095626831,0.491479754447937,0.0,5.710084915161133
480,9,0,-2.1815571784973145,-2.1815571784973145,0.49710941314697266,0.0,5.1116180419921875
480,9,1,-2.2559735774993896,-2.2559735774993896,0.5151563882827759,0.0,4.821592807769775
480,9,2,-2.2531166076660156,-2.2531166076660156,0.4864935278892517,0.0,4.386563301086426
480,9,3,-2.2645349502563477,-2.2645349502563477,0.6130560636520386,0.0,5.383110523223877
480,9,4,-2.204133987426758,-2.204133987426758,0.49295422434806824,0.0,4.689674377441406
480,9,5,-2.2105772495269775,-2.2105772495269775,0.5988864898681641,0.0,5.344054222106934
480,9,6,-2.222057342529297,-2.222057342529297,0.5429487228393555,0.0,4.953538417816162
480,9,7,-2.2197210788726807,-2.2197210788726807,0.4778352379798889,0.0,5.908391952514648
480,9,8,-2.2049248218536377,-2.2049248218536377,0.4109063446521759,0.0,4.639964580535889
480,9,9,-2.2581794261932373,-2.2581794261932373,0.5229187607765198,0.0,4.525516033172607
480,9,10,-2.271803617477417,-2.271803617477417,0.525273323059082,0.0,5.95640754699707
480,9,11,-2.2714898586273193,-2.2714898586273193,0.37392738461494446,0.0,5.466217994689941
480,9,12,-2.2691526412963867,-2.2691526412963867,0.46617788076400757,0.0,5.022613525390625
480,9,13,-2.2647738456726074,-2.2647738456726074,0.4659880995750427,0.0,5.900020599365234
480,9,14,-2.2539443969726562,-2.2539443969726562,0.4665343165397644,0.0,5.040519714355469
480,9,15,-2.246347188949585,-2.246347188949585,0.4600462317466736,0.0,5.691773414611816
480,9,16,-2.278400421142578,-2.278400421142578,0.4988052248954773,0.0,5.2629523277282715
480,9,17,-2.23665452003479,-2.23665452003479,0.45657551288604736,0.0,5.117424011230469
480,9,18,-2.2689669132232666,-2.2689669132232666,0.5046690702438354,0.0,5.305547714233398
480,9,19,-2.242339611053467,-2.242339611053467,0.4757492244243622,0.0,5.183035850524902
460,0,0,-2.2157187461853027,-2.2157187461853027,0.5744410157203674,0.0,4.3815083503723145
460,0,1,-2.2123916149139404,-2.2123916149139404,0.5318000912666321,0.0,4.76710319519043
460,0,2,-2.242734432220459,-2.242734432220459,0.5480281114578247,0.0,3.9038643836975098
460,0,3,-2.237103223800659,-2.237103223800659,0.6026900410652161,0.0,4.223945617675781
460,0,4,-2.2251479625701904,-2.2251479625701904,0.5193970203399658,0.0,4.157473564147949
460,0,5,-2.258040428161621,-2.258040428161621,0.5584099292755127,0.0,4.220613479614258
460,0,6,-2.244486093521118,-2.244486093521118,0.5247105360031128,0.0,4.210052967071533
460,0,7,-2.2196383476257324,-2.2196383476257324,0.5376968383789062,0.0,3.9626705646514893
460,0,8,-2.2349648475646973,-2.2349648475646973,0.5535461902618408,0.0,4.461468696594238
460,0,9,-2.255063533782959,-2.255063533782959,0.4924776256084442,0.0,4.075153350830078
460,0,10,-2.2321486473083496,-2.2321486473083496,0.5117544531822205,0.0,4.254183292388916
460,0,11,-2.2496166229248047,-2.2496166229248047,0.5480666160583496,0.0,3.918121814727783
460,0,12,-2.232701063156128,-2.232701063156128,0.578322172164917,0.0,3.9355945587158203
460,0,13,-2.2382357120513916,-2.2382357120513916,0.5533808469772339,0.0,4.558189392089844
460,0,14,-2.2444419860839844,-2.2444419860839844,0.5483842492103577,0.0,3.907674789428711
460,0,15,-2.2514092922210693,-2.2514092922210693,0.5022547245025635,0.0,3.325741767883301
460,0,16,-2.2440106868743896,-2.2440106868743896,0.6057326793670654,0.0,3.7681679725646973
460,0,17,-2.25205659866333,-2.25205659866333,0.5188330411911011,0.0,4.224207401275635
460,0,18,-2.2411410808563232,-2.2411410808563232,0.549654483795166,0.0,4.1292290687561035
460,0,19,-2.2096035480499268,-2.2096035480499268,0.510116457939148,0.0,4.343003273010254
460,1,0,-2.217108964920044,-2.217108964920044,0.5172879695892334,0.0,5.7069549560546875
460,1,1,-2.2679684162139893,-2.2679684162139893,0.44794052839279175,0.0,5.942832946777344
460,1,2,-2.265991449356079,-2.265991449356079,0.5470547676086426,0.0,5.246549129486084
460,1,3,-2.2719600200653076,-2.2719600200653076,0.512132465839386,0.0,5.656848907470703
460,1,4,-2.2346367835998535,-2.2346367835998535,0.47336524724960327,0.0,5.567986965179443
460,1,5,-2.2403340339660645,-2.2403340339660645,0.5293866395950317,0.0,5.716256141662598
460,1,6,-2.2406468391418457,-2.2406468391418457,0.4470234513282776,0.0,5.502016067504883
460,1,7,-2.251142740249634,-2.251142740249634,0.49089348316192627,0.0,5.325747489929199
460,1,8,-2.271413803100586,-2.271413803100586,0.5431821942329407,0.0,5.56937837600708
460,1,9,-2.2314088344573975,-2.2314088344573975,0.4445800185203552,0.0,5.290863037109375
460,1,10,-2.264714002609253,-2.264714002609253,0.500494122505188,0.0,5.692782402038574
460,1,11,-2.2383623123168945,-2.2383623123168945,0.5081254839897156,0.0,5.882901668548584
460,1,12,-2.2661805152893066,-2.2661805152893066,0.5341180562973022,0.0,5.798806190490723
460,1,13,-2.24627423286438,-2.24627423286438,0.5108795762062073,0.0,5.865022659301758
460,1,14,-2.2754321098327637,-2.2754321098327637,0.4925954043865204,0.0,6.039560317993164
460,1,15,-2.2509546279907227,-2.2509546279907227,0.47277310490608215,0.0,5.807085037231445
460,1,16,-2.226486921310425,-2.226486921310425,0.507637619972229,0.0,5.530464172363281
460,1,17,-2.270728588104248,-2.270728588104248,0.5533438324928284,0.0,5.112436294555664
460,1,18,-2.2739064693450928,-2.2739064693450928,0.5018671154975891,0.0,5.868924140930176
460,1,19,-2.265756368637085,-2.265756368637085,0.45517686009407043,0.0,6.417013645172119
460,2,0,-2.2501516342163086,-2.2501516342163086,0.4966406226158142,0.0,6.0245513916015625
460,2,1,-2.221222400665283,-2.221222400665283,0.4609498977661133,0.0,6.2739152908325195
460,2,2,-2.2454657554626465,-2.2454657554626465,0.43437904119491577,0.0,5.906604766845703
460,2,3,-2.2327089309692383,-2.2327089309692383,0.4491931200027466,0.0,5.683079719543457
460,2,4,-2.2315914630889893,-2.2315914630889893,0.4726466238498688,0.0,5.733335494995117
460,2,5,-2.242699384689331,-2.242699384689331,0.46417224407196045,0.0,5.8631367683410645
460,2,6,-2.255174160003662,-2.255174160003662,0.5628681182861328,0.0,6.959848403930664
460,2,7,-2.253632068634033,-2.253632068634033,0.45369651913642883,0.0,5.760867118835449
460,2,8,-2.258286952972412,-2.258286952972412,0.49989989399909973,0.0,6.29227352142334
460,2,9,-2.24426007270813,-2.24426007270813,0.5035982131958008,0.0,6.022609710693359
460,2,10,-2.243961811065674,-2.243961811065674,0.4743787348270416,0.0,4.969173908233643
460,2,11,-2.241464138031006,-2.241464138031006,0.5582126379013062,0.0,5.7473015785217285
460,2,12,-2.221302032470703,-2.221302032470703,0.4757770597934723,0.0,5.828183650970459
460,2,13,-2.2617740631103516,-2.2617740631103516,0.45270004868507385,0.0,6.133340835571289
460,2,14,-2.2291340827941895,-2.2291340827941895,0.4507239758968353,0.0,4.7617902755737305
460,2,15,-2.2219202518463135,-2.2219202518463135,0.45472291111946106,0.0,5.752717018127441
460,2,16,-2.255451202392578,-2.255451202392578,0.5173775553703308,0.0,6.2068328857421875
460,2,17,-2.2331347465515137,-2.2331347465515137,0.49369001388549805,0.0,5.411614894866943
460,2,18,-2.2535386085510254,-2.2535386085510254,0.46782785654067993,0.0,6.55886173248291
460,2,19,-2.247410774230957,-2.247410774230957,0.45820945501327515,0.0,5.677064895629883
460,3,0,-2.2775962352752686,-2.2775962352752686,0.4939160645008087,0.0,2.9907331466674805
460,3,1,-2.2783355712890625,-2.2783355712890625,0.5842572450637817,0.0,2.928757667541504
460,3,2,-2.275773048400879,-2.275773048400879,0.485818475484848,0.0,3.3425965309143066
460,3,3,-2.278092384338379,-2.278092384338379,0.5466566681861877,0.0,3.6209876537323
460,3,4,-2.2781245708465576,-2.2781245708465576,0.5750972628593445,0.0,2.565680742263794
460,3,5,-2.278052568435669,-2.278052568435669,0.4862503409385681,0.0,3.3968422412872314
460,3,6,-2.274784564971924,-2.274784564971924,0.5149127840995789,0.0,3.95771861076355
460,3,7,-2.279087781906128,-2.279087781906128,0.521571159362793,0.0,2.668492555618286
460,3,8,-2.277256727218628,-2.277256727218628,0.46374228596687317,0.0,2.9712917804718018
460,3,9,-2.277930736541748,-2.277930736541748,0.48881563544273376,0.0,3.137953758239746
460,3,10,-2.278101921081543,-2.278101921081543,0.5257236361503601,0.0,3.102499485015869
460,3,11,-2.2770423889160156,-2.2770423889160156,0.5577502846717834,0.0,2.8164405822753906
460,3,12,-2.2775039672851562,-2.2775039672851562,0.568755567073822,0.0,2.901315212249756
460,3,13,-2.2781033515930176,-2.2781033515930176,0.5314334630966187,0.0,2.919238328933716
460,3,14,-2.278266191482544,-2.278266191482544,0.4972778558731079,0.0,2.8863956928253174
460,3,15,-2.2774527072906494,-2.2774527072906494,0.4941960275173187,0.0,3.1869819164276123
460,3,16,-2.2777698040008545,-2.2777698040008545,0.48908403515815735,0.0,3.3601174354553223
460,3,17,-2.273634672164917,-2.273634672164917,0.46923720836639404,0.0,2.080744504928589
460,3,18,-2.278841733932495,-2.278841733932495,0.5308038592338562,0.0,3.1203725337982178
460,3,19,-2.2773213386535645,-2.2773213386535645,0.4771116077899933,0.0,3.3186795711517334
460,4,0,-2.258765697479248,-2.258765697479248,0.4993363618850708,0.0,5.281032085418701
460,4,1,-2.2808706760406494,-2.2808706760406494,0.5107026100158691,0.0,4.301321029663086
460,4,2,-2.27612566947937,-2.27612566947937,0.5771699547767639,0.0,5.5578436851501465
460,4,3,-2.2794830799102783,-2.2794830799102783,0.5223211050033569,0.0,3.7562601566314697
460,4,4,-2.2773115634918213,-2.2773115634918213,0.4703657329082489,0.0,4.04251766204834
460,4,5,-2.279527425765991,-2.279527425765991,0.49742376804351807,0.0,4.2608418464660645
460,4,6,-2.263922929763794,-2.263922929763794,0.529392659664154,0.0,4.265058517456055
460,4,7,-2.27766489982605,-2.27766489982605,0.5469210743904114,0.0,5.667929649353027
460,4,8,-2.2810800075531006,-2.2810800075531006,0.5300318598747253,0.0,4.188968658447266
460,4,9,-2.279747486114502,-2.279747486114502,0.5228397846221924,0.0,5.284756660461426
460,4,10,-2.2802574634552,-2.2802574634552,0.5700603723526001,0.0,3.396104097366333
460,4,11,-2.2767996788024902,-2.2767996788024902,0.49373459815979004,0.0,3.7992255687713623
460,4,12,-2.280360698699951,-2.280360698699951,0.5719395875930786,0.0,5.132238388061523
460,4,13,-2.2177927494049072,-2.2177927494049072,0.49773579835891724,0.0,3.9548864364624023
460,4,14,-2.257030487060547,-2.257030487060547,0.5406824946403503,0.0,4.886054992675781
460,4,15,-2.2689099311828613,-2.2689099311828613,0.5144084095954895,0.0,3.706294536590576
460,4,16,-2.2615368366241455,-2.2615368366241455,0.5246461629867554,0.0,5.124794960021973
460,4,17,-2.2724390029907227,-2.2724390029907227,0.5392619371414185,0.0,3.4210400581359863
460,4,18,-2.2785158157348633,-2.2785158157348633,0.43916699290275574,0.0,4.568392276763916
460,4,19,-2.277323007583618,-2.277323007583618,0.5013744831085205,0.0,4.718985080718994
460,5,0,-2.251833915710449,-2.251833915710449,0.580534040927887,0.0,6.236528396606445
460,5,1,-2.2696893215179443,-2.2696893215179443,0.4960944652557373,0.0,5.815030097961426
460,5,2,-2.2614622116088867,-2.2614622116088867,0.5296506881713867,0.0,5.579758167266846
460,5,3,-2.2459378242492676,-2.2459378242492676,0.5440096855163574,0.0,5.93803071975708
460,5,4,-2.270705223083496,-2.270705223083496,0.5850677490234375,0.0,5.815164089202881
460,5,5,-2.2298781871795654,-2.2298781871795654,0.5376542210578918,0.0,5.402279853820801
460,5,6,-2.266359806060791,-2.266359806060791,0.535413384437561,0.0,5.607861518859863
460,5,7,-2.248509168624878,-2.248509168624878,0.5172760486602783,0.0,5.963521957397461
460,5,8,-2.2367026805877686,-2.2367026805877686,0.5559854507446289,0.0,6.510950088500977
460,5,9,-2.2520999908447266,-2.2520999908447266,0.5999822616577148,0.0,5.75180721282959
460,5,10,-2.258455753326416,-2.258455753326416,0.5867005586624146,0.0,5.650881767272949
460,5,11,-2.2499284744262695,-2.2499284744262695,0.49007776379585266,0.0,6.130456924438477
460,5,12,-2.2456159591674805,-2.2456159591674805,0.5476447939872742,0.0,6.296086311340332
460,5,13,-2.2445530891418457,-2.2445530891418457,0.5673807859420776,0.0,5.649219989776611
460,5,14,-2.2391951084136963,-2.2391951084136963,0.5594841241836548,0.0,6.179415702819824
460,5,15,-2.274977922439575,-2.274977922439575,0.5466479659080505,0.0,5.740164756774902
460,5,16,-2.2737302780151367,-2.2737302780151367,0.5069708824157715,0.0,5.729288101196289
460,5,17,-2.2585155963897705,-2.2585155963897705,0.5803195834159851,0.0,5.988312721252441
460,5,18,-2.245406150817871,-2.245406150817871,0.5508042573928833,0.0,6.390839576721191
460,5,19,-2.2509617805480957,-2.2509617805480957,0.5390185117721558,0.0,5.358341693878174
460,6,0,-2.243680477142334,-2.243680477142334,0.5227892994880676,0.0,5.749427318572998
460,6,1,-2.2224318981170654,-2.2224318981170654,0.49736288189888,0.0,6.632247447967529
460,6,2,-2.2181880474090576,-2.2181880474090576,0.48736950755119324,0.0,5.561952590942383
460,6,3,-2.2326488494873047,-2.2326488494873047,0.4741882383823395,0.0,5.914277076721191
460,6,4,-2.23785138130188,-2.23785138130188,0.468900203704834,0.0,6.512033462524414
460,6,5,-2.2513785362243652,-2.2513785362243652,0.49581632018089294,0.0,5.747620105743408
460,6,6,-2.2072911262512207,-2.2072911262512207,0.46079176664352417,0.0,6.250089645385742
460,6,7,-2.2498111724853516,-2.2498111724853516,0.47217392921447754,0.0,6.139675140380859
460,6,8,-2.205883264541626,-2.205883264541626,0.46624523401260376,0.0,5.142884731292725
460,6,9,-2.258171319961548,-2.258171319961548,0.4837041199207306,0.0,5.540931701660156
460,6,10,-2.219928503036499,-2.219928503036499,0.4719318747520447,0.0,6.024812698364258
460,6,11,-2.2319495677948,-2.2319495677948,0.5138871073722839,0.0,6.337115287780762
460,6,12,-2.261406183242798,-2.261406183242798,0.47199687361717224,0.0,6.290558815002441
460,6,13,-2.2352287769317627,-2.2352287769317627,0.48545265197753906,0.0,5.805466651916504
460,6,14,-2.2378742694854736,-2.2378742694854736,0.4807301163673401,0.0,5.77711820602417
460,6,15,-2.2326955795288086,-2.2326955795288086,0.5427088737487793,0.0,5.668468475341797
460,6,16,-2.2217977046966553,-2.2217977046966553,0.5455185174942017,0.0,5.316267013549805
460,6,17,-2.224769115447998,-2.224769115447998,0.5368376970291138,0.0,6.140307426452637
460,6,18,-2.1889772415161133,-2.1889772415161133,0.539365828037262,0.0,5.534731864929199
460,6,19,-2.1930863857269287,-2.1930863857269287,0.5080440044403076,0.0,5.905731678009033
460,7,0,-2.2409474849700928,-2.2409474849700928,0.5295101404190063,0.0,7.489209175109863
460,7,1,-2.237440347671509,-2.237440347671509,0.5128214359283447,0.0,6.24448299407959
460,7,2,-2.2572319507598877,-2.2572319507598877,0.4957725405693054,0.0,6.261050224304199
460,7,3,-2.2627575397491455,-2.2627575397491455,0.49652010202407837,0.0,6.526247501373291
460,7,4,-2.243501901626587,-2.243501901626587,0.5352196097373962,0.0,5.470032215118408
460,7,5,-2.2472410202026367,-2.2472410202026367,0.5150874853134155,0.0,7.4665398597717285
460,7,6,-2.241122007369995,-2.241122007369995,0.5635395050048828,0.0,6.280817985534668
460,7,7,-2.1822569370269775,-2.1822569370269775,0.5064967274665833,0.0,6.160810470581055
460,7,8,-2.2479798793792725,-2.2479798793792725,0.541370689868927,0.0,6.104825019836426
460,7,9,-2.229736566543579,-2.229736566543579,0.5402116179466248,0.0,7.038509845733643
460,7,10,-2.2012882232666016,-2.2012882232666016,0.5063395500183105,0.0,6.37598180770874
460,7,11,-2.248340606689453,-2.248340606689453,0.5180754065513611,0.0,6.871447563171387
460,7,12,-2.259549379348755,-2.259549379348755,0.5059000253677368,0.0,6.4638824462890625
460,7,13,-2.2128124237060547,-2.2128124237060547,0.49548134207725525,0.0,5.4383344650268555
460,7,14,-2.2445499897003174,-2.2445499897003174,0.45447275042533875,0.0,7.1347126960754395
460,7,15,-2.2298429012298584,-2.2298429012298584,0.5587392449378967,0.0,6.608090400695801
460,7,16,-2.210930109024048,-2.210930109024048,0.5107411742210388,0.0,6.896487236022949
460,7,17,-2.242685556411743,-2.242685556411743,0.4870505630970001,0.0,5.175176620483398
460,7,18,-2.231302499771118,-2.231302499771118,0.5215152502059937,0.0,5.446583271026611
460,7,19,-2.2089457511901855,-2.2089457511901855,0.538092851638794,0.0,6.576106071472168
460,8,0,-2.21890926361084,-2.21890926361084,0.49755334854125977,0.0,5.024907112121582
460,8,1,-2.217040538787842,-2.217040538787842,0.41681331396102905,0.0,4.650354385375977
460,8,2,-2.254229784011841,-2.254229784011841,0.4814338982105255,0.0,5.496922016143799
460,8,3,-2.2245442867279053,-2.2245442867279053,0.4728550910949707,0.0,5.67701530456543
460,8,4,-2.2080013751983643,-2.2080013751983643,0.48494693636894226,0.0,5.446549892425537
460,8,5,-2.1750218868255615,-2.1750218868255615,0.4369579255580902,0.0,4.2405195236206055
460,8,6,-2.2083168029785156,-2.2083168029785156,0.542386531829834,0.0,4.65140962600708
460,8,7,-2.260185718536377,-2.260185718536377,0.5306544303894043,0.0,4.657190322875977
460,8,8,-2.2409393787384033,-2.2409393787384033,0.501358151435852,0.0,4.944346904754639
460,8,9,-2.2220346927642822,-2.2220346927642822,0.4200952351093292,0.0,4.81260871887207
460,8,10,-2.2423629760742188,-2.2423629760742188,0.4761703908443451,0.0,5.038793563842773
460,8,11,-2.2427971363067627,-2.2427971363067627,0.527795672416687,0.0,4.507193565368652
460,8,12,-2.213547945022583,-2.213547945022583,0.43547603487968445,0.0,5.216147422790527
460,8,13,-2.2422916889190674,-2.2422916889190674,0.5308566689491272,0.0,5.0561370849609375
460,8,14,-2.2353405952453613,-2.2353405952453613,0.4739401936531067,0.0,5.123003959655762
460,8,15,-2.2154603004455566,-2.2154603004455566,0.5363451242446899,0.0,5.128742694854736
460,8,16,-2.195915460586548,-2.195915460586548,0.4879474341869354,0.0,4.609633445739746
460,8,17,-2.225696325302124,-2.225696325302124,0.4991661012172699,0.0,5.561758518218994
460,8,18,-2.241412878036499,-2.241412878036499,0.4302122890949249,0.0,4.420777797698975
460,8,19,-2.2391841411590576,-2.2391841411590576,0.5211560726165771,0.0,4.734292984008789
460,9,0,-2.2617557048797607,-2.2617557048797607,0.667930006980896,0.0,4.589330673217773
460,9,1,-2.2409005165100098,-2.2409005165100098,0.48410332202911377,0.0,6.108036994934082
460,9,2,-2.2512283325195312,-2.2512283325195312,0.6595331430435181,0.0,4.932319641113281
460,9,3,-2.2423391342163086,-2.2423391342163086,0.5364929437637329,0.0,4.572432994842529
460,9,4,-2.273118019104004,-2.273118019104004,0.4717159569263458,0.0,6.228137016296387
460,9,5,-2.2415573596954346,-2.2415573596954346,0.48092636466026306,0.0,5.275218963623047
460,9,6,-2.273698329925537,-2.273698329925537,0.4423658847808838,0.0,5.134616851806641
460,9,7,-2.2673871517181396,-2.2673871517181396,0.49723711609840393,0.0,4.004015922546387
460,9,8,-2.275636911392212,-2.275636911392212,0.49923306703567505,0.0,5.4976372718811035
460,9,9,-2.2512238025665283,-2.2512238025665283,0.4405924081802368,0.0,5.877335071563721
460,9,10,-2.2373814582824707,-2.2373814582824707,0.45994865894317627,0.0,4.799625873565674
460,9,11,-2.2479982376098633,-2.2479982376098633,0.47220900654792786,0.0,5.688220024108887
460,9,12,-2.2285141944885254,-2.2285141944885254,0.4702301025390625,0.0,5.431997776031494
460,9,13,-2.242713212966919,-2.242713212966919,0.507177472114563,0.0,5.4750213623046875
460,9,14,-2.259935140609741,-2.259935140609741,0.45094481110572815,0.0,5.583939075469971
460,9,15,-2.2641799449920654,-2.2641799449920654,0.5041679739952087,0.0,5.203618049621582
460,9,16,-2.267789840698242,-2.267789840698242,0.4627620577812195,0.0,5.918874740600586
460,9,17,-2.245248794555664,-2.245248794555664,0.499040424823761,0.0,5.526697158813477
460,9,18,-2.2584011554718018,-2.2584011554718018,0.6349436640739441,0.0,4.510432243347168
460,9,19,-2.2211227416992188,-2.2211227416992188,0.45756465196609497,0.0,5.049793720245361
440,0,0,-2.2449147701263428,-2.2449147701263428,0.5407037138938904,0.0,4.339982986450195
440,0,1,-2.2360215187072754,-2.2360215187072754,0.5438755750656128,0.0,3.7853734493255615
440,0,2,-2.2358736991882324,-2.2358736991882324,0.5470682382583618,0.0,4.19523286819458
440,0,3,-2.253702402114868,-2.253702402114868,0.5279523134231567,0.0,4.228610515594482
440,0,4,-2.227019786834717,-2.227019786834717,0.5644140839576721,0.0,3.5325634479522705
440,0,5,-2.2325921058654785,-2.2325921058654785,0.5522295832633972,0.0,4.096958637237549
440,0,6,-2.214121103286743,-2.214121103286743,0.533390462398529,0.0,3.8756251335144043
440,0,7,-2.2248446941375732,-2.2248446941375732,0.5459306836128235,0.0,4.4905219078063965
440,0,8,-2.257802724838257,-2.257802724838257,0.5366979837417603,0.0,4.177127361297607
440,0,9,-2.2379515171051025,-2.2379515171051025,0.5366610288619995,0.0,4.5906572341918945
440,0,10,-2.246519088745117,-2.246519088745117,0.5363646745681763,0.0,3.8874850273132324
440,0,11,-2.2389984130859375,-2.2389984130859375,0.5814730525016785,0.0,4.0724992752075195
440,0,12,-2.2313923835754395,-2.2313923835754395,0.5263210535049438,0.0,2.980848789215088
440,0,13,-2.238893747329712,-2.238893747329712,0.5554313659667969,0.0,3.712386131286621
440,0,14,-2.237854480743408,-2.237854480743408,0.5305156707763672,0.0,4.131320953369141
440,0,15,-2.2612147331237793,-2.2612147331237793,0.5468112230300903,0.0,3.960751533508301
440,0,16,-2.2249596118927,-2.2249596118927,0.5243942141532898,0.0,4.413807392120361
440,0,17,-2.2440378665924072,-2.2440378665924072,0.5462096929550171,0.0,3.906984329223633
440,0,18,-2.205965995788574,-2.205965995788574,0.5555796027183533,0.0,4.5218000411987305
440,0,19,-2.242338180541992,-2.242338180541992,0.5239179134368896,0.0,4.161047458648682
440,1,0,-2.2598915100097656,-2.2598915100097656,0.4557075500488281,0.0,5.834073543548584
440,1,1,-2.2507102489471436,-2.2507102489471436,0.44838908314704895,0.0,5.7703962326049805
440,1,2,-2.269106149673462,-2.269106149673462,0.5168459415435791,0.0,5.946380615234375
440,1,3,-2.279055118560791,-2.279055118560791,0.5687139630317688,0.0,4.889772415161133
440,1,4,-2.266124725341797,-2.266124725341797,0.5306720733642578,0.0,6.287409782409668
440,1,5,-2.240921974182129,-2.240921974182129,0.5433340072631836,0.0,5.214715003967285
440,1,6,-2.2636830806732178,-2.2636830806732178,0.5706256031990051,0.0,6.235273838043213
440,1,7,-2.2599687576293945,-2.2599687576293945,0.5600202679634094,0.0,5.673194408416748
440,1,8,-2.277921676635742,-2.277921676635742,0.47061705589294434,0.0,6.731552600860596
440,1,9,-2.270617961883545,-2.270617961883545,0.5587692856788635,0.0,6.079656600952148
440,1,10,-2.161684513092041,-2.161684513092041,0.4938412010669708,0.0,5.755339622497559
440,1,11,-2.2520194053649902,-2.2520194053649902,0.4704549014568329,0.0,6.008568286895752
440,1,12,-2.2633936405181885,-2.2633936405181885,0.49750322103500366,0.0,6.0169525146484375
440,1,13,-2.2687811851501465,-2.2687811851501465,0.5146322846412659,0.0,5.765910625457764
440,1,14,-2.249296188354492,-2.249296188354492,0.540001630783081,0.0,6.25020170211792
440,1,15,-2.2757813930511475,-2.2757813930511475,0.5365191102027893,0.0,6.023712158203125
440,1,16,-2.2672863006591797,-2.2672863006591797,0.5017988681793213,0.0,5.79229736328125
440,1,17,-2.2659575939178467,-2.2659575939178467,0.4992239475250244,0.0,5.631106376647949
440,1,18,-2.261619806289673,-2.261619806289673,0.4769693613052368,0.0,5.134209156036377
440,1,19,-2.2708065509796143,-2.2708065509796143,0.49229827523231506,0.0,5.15043306350708
440,2,0,-2.245720624923706,-2.245720624923706,0.5113618969917297,0.0,6.193032264709473
440,2,1,-2.2265877723693848,-2.2265877723693848,0.5239439010620117,0.0,5.7168869972229
440,2,2,-2.224332332611084,-2.224332332611084,0.4827457368373871,0.0,5.57300329208374
440,2,3,-2.2441210746765137,-2.2441210746765137,0.44666776061058044,0.0,6.240157604217529
440,2,4,-2.2288594245910645,-2.2288594245910645,0.5326884388923645,0.0,5.9404449462890625
440,2,5,-2.2416930198669434,-2.2416930198669434,0.485028475522995,0.0,6.305452823638916
440,2,6,-2.245246410369873,-2.245246410369873,0.5131920576095581,0.0,7.093562126159668
440,2,7,-2.2423670291900635,-2.2423670291900635,0.40268275141716003,0.0,5.795646667480469
440,2,8,-2.2343714237213135,-2.2343714237213135,0.48698246479034424,0.0,6.028472423553467
440,2,9,-2.2516214847564697,-2.2516214847564697,0.46723976731300354,0.0,6.463446617126465
440,2,10,-2.2293334007263184,-2.2293334007263184,0.471143901348114,0.0,6.2780609130859375
440,2,11,-2.239564895629883,-2.239564895629883,0.46502095460891724,0.0,5.901444435119629
440,2,12,-2.2369942665100098,-2.2369942665100098,0.4946575164794922,0.0,5.832818984985352
440,2,13,-2.230698347091675,-2.230698347091675,0.46353912353515625,0.0,6.280343055725098
440,2,14,-2.243654489517212,-2.243654489517212,0.46577802300453186,0.0,5.9348039627075195
440,2,15,-2.2213895320892334,-2.2213895320892334,0.4906771183013916,0.0,6.395301342010498
440,2,16,-2.246476411819458,-2.246476411819458,0.4557439386844635,0.0,6.270148277282715
440,2,17,-2.2394983768463135,-2.2394983768463135,0.46983590722084045,0.0,6.147649765014648
440,2,18,-2.2413206100463867,-2.2413206100463867,0.485634982585907,0.0,5.472881317138672
440,2,19,-2.247922420501709,-2.247922420501709,0.5084248185157776,0.0,6.174014091491699
440,3,0,-2.2775936126708984,-2.2775936126708984,0.49209871888160706,0.0,2.7555618286132812
440,3,1,-2.278961658477783,-2.278961658477783,0.5283510684967041,0.0,2.7572174072265625
440,3,2,-2.277941942214966,-2.277941942214966,0.5029174089431763,0.0,3.6140615940093994
440,3,3,-2.278251886367798,-2.278251886367798,0.4772619605064392,0.0,2.826488971710205
440,3,4,-2.2780659198760986,-2.2780659198760986,0.4459591805934906,0.0,3.1674625873565674
440,3,5,-2.2776241302490234,-2.2776241302490234,0.5467888116836548,0.0,3.057526111602783
440,3,6,-2.2771518230438232,-2.2771518230438232,0.47294288873672485,0.0,3.1498825550079346
440,3,7,-2.27820086479187,-2.27820086479187,0.4850594401359558,0.0,3.917217254638672
440,3,8,-2.277980089187622,-2.277980089187622,0.5510343909263611,0.0,3.059258460998535
440,3,9,-2.2766358852386475,-2.2766358852386475,0.45206010341644287,0.0,3.0587403774261475
440,3,10,-2.276155471801758,-2.276155471801758,0.5183939337730408,0.0,3.649183511734009
440,3,11,-2.272218942642212,-2.272218942642212,0.5585112571716309,0.0,3.188830614089966
440,3,12,-2.27640700340271,-2.27640700340271,0.5038259625434875,0.0,3.517348051071167
440,3,13,-2.2792439460754395,-2.2792439460754395,0.5085105895996094,0.0,3.279451608657837
440,3,14,-2.276932954788208,-2.276932954788208,0.5410253405570984,0.0,3.198469638824463
440,3,15,-2.277256965637207,-2.277256965637207,0.5784395337104797,0.0,2.9745235443115234
440,3,16,-2.277303695678711,-2.277303695678711,0.4739222228527069,0.0,2.950617551803589
440,3,17,-2.2768256664276123,-2.2768256664276123,0.5051606893539429,0.0,3.9444258213043213
440,3,18,-2.2773377895355225,-2.2773377895355225,0.5666135549545288,0.0,3.2340478897094727
440,3,19,-2.2759408950805664,-2.2759408950805664,0.47474405169487,0.0,3.023146629333496
440,4,0,-2.277763605117798,-2.277763605117798,0.4963085949420929,0.0,4.569067478179932
440,4,1,-2.275022268295288,-2.275022268295288,0.5427133440971375,0.0,4.904069423675537
440,4,2,-2.2783095836639404,-2.2783095836639404,0.48323166370391846,0.0,3.263037919998169
440,4,3,-2.2700657844543457,-2.2700657844543457,0.5573952794075012,0.0,5.66766357421875
440,4,4,-2.268049716949463,-2.268049716949463,0.5053048729896545,0.0,4.7758588790893555
440,4,5,-2.280763626098633,-2.280763626098633,0.4974936842918396,0.0,4.55990743637085
440,4,6,-2.2773056030273438,-2.2773056030273438,0.5299850702285767,0.0,4.024833679199219
440,4,7,-2.279280185699463,-2.279280185699463,0.6015399098396301,0.0,4.237934112548828
440,4,8,-2.278526544570923,-2.278526544570923,0.5738646984100342,0.0,4.915029048919678
440,4,9,-2.279571294784546,-2.279571294784546,0.5288363695144653,0.0,4.969020843505859
440,4,10,-2.277503490447998,-2.277503490447998,0.5216035842895508,0.0,4.222540378570557
440,4,11,-2.2746212482452393,-2.2746212482452393,0.4639221727848053,0.0,5.28783655166626
440,4,12,-2.2790119647979736,-2.2790119647979736,0.42042192816734314,0.0,5.06850004196167
440,4,13,-2.2793123722076416,-2.2793123722076416,0.5324831008911133,0.0,4.666098594665527
440,4,14,-2.279040575027466,-2.279040575027466,0.5106199979782104,0.0,4.909723281860352
440,4,15,-2.2694735527038574,-2.2694735527038574,0.5285574793815613,0.0,5.222233295440674
440,4,16,-2.2805871963500977,-2.2805871963500977,0.5079792737960815,0.0,5.0609869956970215
440,4,17,-2.2776615619659424,-2.2776615619659424,0.4687393009662628,0.0,4.697484016418457
440,4,18,-2.2809224128723145,-2.2809224128723145,0.5278583765029907,0.0,4.214807987213135
440,4,19,-2.277139902114868,-2.277139902114868,0.5372825264930725,0.0,4.41814661026001
440,5,0,-2.2703399658203125,-2.2703399658203125,0.541130542755127,0.0,6.3958892822265625
440,5,1,-2.2656073570251465,-2.2656073570251465,0.4971902668476105,0.0,6.155384063720703
440,5,2,-2.2688357830047607,-2.2688357830047607,0.5651143193244934,0.0,5.896800994873047
440,5,3,-2.2567834854125977,-2.2567834854125977,0.5277799367904663,0.0,6.032410621643066
440,5,4,-2.2725913524627686,-2.2725913524627686,0.581870973110199,0.0,5.948691368103027
440,5,5,-2.2656843662261963,-2.2656843662261963,0.5236089825630188,0.0,5.978799819946289
440,5,6,-2.2733840942382812,-2.2733840942382812,0.5233516097068787,0.0,5.773704528808594
440,5,7,-2.2616512775421143,-2.2616512775421143,0.5621761679649353,0.0,6.1974687576293945
440,5,8,-2.2472567558288574,-2.2472567558288574,0.5779153108596802,0.0,6.101431846618652
440,5,9,-2.269150733947754,-2.269150733947754,0.5620056986808777,0.0,5.758763313293457
440,5,10,-2.254119873046875,-2.254119873046875,0.5427932143211365,0.0,6.722464561462402
440,5,11,-2.255709171295166,-2.255709171295166,0.5723820328712463,0.0,5.637281894683838
440,5,12,-2.262237310409546,-2.262237310409546,0.5673052072525024,0.0,5.523173809051514
440,5,13,-2.272103786468506,-2.272103786468506,0.580949068069458,0.0,6.301883697509766
440,5,14,-2.27312970161438,-2.27312970161438,0.5325806736946106,0.0,6.006298065185547
440,5,15,-2.2666354179382324,-2.2666354179382324,0.5514076948165894,0.0,6.117008209228516
440,5,16,-2.264577865600586,-2.264577865600586,0.532412588596344,0.0,5.985751152038574
440,5,17,-2.2630603313446045,-2.2630603313446045,0.5979343056678772,0.0,6.630332946777344
440,5,18,-2.2637338638305664,-2.2637338638305664,0.5816153287887573,0.0,6.538817882537842
440,5,19,-2.264005661010742,-2.264005661010742,0.5589419603347778,0.0,5.749823570251465
440,6,0,-2.2278316020965576,-2.2278316020965576,0.5111064314842224,0.0,5.958534240722656
440,6,1,-2.2510626316070557,-2.2510626316070557,0.5047750473022461,0.0,5.444403648376465
440,6,2,-2.2467384338378906,-2.2467384338378906,0.47903358936309814,0.0,5.806674480438232
440,6,3,-2.2263917922973633,-2.2263917922973633,0.5910335183143616,0.0,6.309473991394043
440,6,4,-2.239694356918335,-2.239694356918335,0.5020767450332642,0.0,5.921316146850586
440,6,5,-2.2503714561462402,-2.2503714561462402,0.5001039505004883,0.0,5.856598854064941
440,6,6,-2.246567726135254,-2.246567726135254,0.5011377334594727,0.0,5.7203474044799805
440,6,7,-2.2445530891418457,-2.2445530891418457,0.4721372425556183,0.0,6.259436130523682
440,6,8,-2.2198283672332764,-2.2198283672332764,0.4835098087787628,0.0,6.519111156463623
440,6,9,-2.2213852405548096,-2.2213852405548096,0.48492157459259033,0.0,5.699736595153809
440,6,10,-2.215634822845459,-2.215634822845459,0.4968870282173157,0.0,6.086668968200684
440,6,11,-2.202378273010254,-2.202378273010254,0.43811166286468506,0.0,6.173264503479004
440,6,12,-2.1979029178619385,-2.1979029178619385,0.4979291260242462,0.0,5.923463821411133
440,6,13,-2.2103617191314697,-2.2103617191314697,0.5657557845115662,0.0,5.659304618835449
440,6,14,-2.2124438285827637,-2.2124438285827637,0.4891306459903717,0.0,6.226771831512451
440,6,15,-2.233783483505249,-2.233783483505249,0.5026289224624634,0.0,6.159184455871582
440,6,16,-2.217245578765869,-2.217245578765869,0.5132914185523987,0.0,6.010456085205078
440,6,17,-2.253957509994507,-2.253957509994507,0.5193440914154053,0.0,6.177708625793457
440,6,18,-2.2395684719085693,-2.2395684719085693,0.5047856569290161,0.0,5.647655963897705
440,6,19,-2.251190662384033,-2.251190662384033,0.4495011270046234,0.0,5.71428918838501
440,7,0,-2.231360912322998,-2.231360912322998,0.49383190274238586,0.0,6.0014543533325195
440,7,1,-2.2385425567626953,-2.2385425567626953,0.5114824175834656,0.0,6.561849594116211
440,7,2,-2.218557596206665,-2.218557596206665,0.49322378635406494,0.0,7.024049282073975
440,7,3,-2.236037015914917,-2.236037015914917,0.49830329418182373,0.0,6.3640055656433105
440,7,4,-2.2513225078582764,-2.2513225078582764,0.46623948216438293,0.0,6.90211296081543
440,7,5,-2.2337028980255127,-2.2337028980255127,0.46375519037246704,0.0,7.08656120300293
440,7,6,-2.2319841384887695,-2.2319841384887695,0.46469664573669434,0.0,6.358029365539551
440,7,7,-2.243105888366699,-2.243105888366699,0.5265766382217407,0.0,6.576479911804199
440,7,8,-2.2186660766601562,-2.2186660766601562,0.47183674573898315,0.0,6.155741214752197
440,7,9,-2.2416722774505615,-2.2416722774505615,0.45022323727607727,0.0,6.221806049346924
440,7,10,-2.1930508613586426,-2.1930508613586426,0.5181905627250671,0.0,6.061580657958984
440,7,11,-2.253675699234009,-2.253675699234009,0.5533777475357056,0.0,6.938187599182129
440,7,12,-2.1952691078186035,-2.1952691078186035,0.4976494610309601,0.0,6.421970844268799
440,7,13,-2.2261276245117188,-2.2261276245117188,0.5184692740440369,0.0,6.661008358001709
440,7,14,-2.223905563354492,-2.223905563354492,0.4910861551761627,0.0,6.634922981262207
440,7,15,-2.223379611968994,-2.223379611968994,0.5123144388198853,0.0,6.2245564460754395
440,7,16,-2.21492075920105,-2.21492075920105,0.4210003912448883,0.0,5.58173942565918
440,7,17,-2.2457339763641357,-2.2457339763641357,0.5333639979362488,0.0,6.40800666809082
440,7,18,-2.244785785675049,-2.244785785675049,0.4714397192001343,0.0,6.742105484008789
440,7,19,-2.2349493503570557,-2.2349493503570557,0.49805909395217896,0.0,6.656991958618164
440,8,0,-2.206359624862671,-2.206359624862671,0.5231569409370422,0.0,5.15435266494751
440,8,1,-2.2296788692474365,-2.2296788692474365,0.5254888534545898,0.0,5.395653247833252
440,8,2,-2.2000043392181396,-2.2000043392181396,0.5193794369697571,0.0,3.917677879333496
440,8,3,-2.2140681743621826,-2.2140681743621826,0.48132991790771484,0.0,5.024322509765625
440,8,4,-2.2632274627685547,-2.2632274627685547,0.5657036304473877,0.0,4.035200595855713
440,8,5,-2.2177906036376953,-2.2177906036376953,0.5268057584762573,0.0,4.2765679359436035
440,8,6,-2.1914010047912598,-2.1914010047912598,0.490514874458313,0.0,4.963658332824707
440,8,7,-2.2051210403442383,-2.2051210403442383,0.4348525404930115,0.0,4.924126148223877
440,8,8,-2.2259879112243652,-2.2259879112243652,0.5077291131019592,0.0,4.340081214904785
440,8,9,-2.2062878608703613,-2.2062878608703613,0.48803776502609253,0.0,5.354116439819336
440,8,10,-2.2352089881896973,-2.2352089881896973,0.5064680576324463,0.0,4.7271881103515625
440,8,11,-2.2248783111572266,-2.2248783111572266,0.46695929765701294,0.0,4.865352630615234
440,8,12,-2.1516506671905518,-2.1516506671905518,0.4567644000053406,0.0,5.254644393920898
440,8,13,-2.2205002307891846,-2.2205002307891846,0.5032663941383362,0.0,5.128602981567383
440,8,14,-2.24346661567688,-2.24346661567688,0.5195059776306152,0.0,5.550697326660156
440,8,15,-2.209763526916504,-2.209763526916504,0.5050222277641296,0.0,4.848196506500244
440,8,16,-2.234471559524536,-2.234471559524536,0.4446839690208435,0.0,4.8328070640563965
440,8,17,-2.2057578563690186,-2.2057578563690186,0.4985898733139038,0.0,4.956831932067871
440,8,18,-2.231271743774414,-2.231271743774414,0.5396959781646729,0.0,6.030298709869385
440,8,19,-2.2192373275756836,-2.2192373275756836,0.5572744011878967,0.0,5.3860578536987305
440,9,0,-2.245624542236328,-2.245624542236328,0.4585898518562317,0.0,4.97409725189209
440,9,1,-2.2628417015075684,-2.2628417015075684,0.5514284372329712,0.0,4.929747581481934
440,9,2,-2.214284658432007,-2.214284658432007,0.5103287696838379,0.0,5.179156303405762
440,9,3,-2.2524309158325195,-2.2524309158325195,0.6210485696792603,0.0,4.535738468170166
440,9,4,-2.230740785598755,-2.230740785598755,0.4812118411064148,0.0,5.870091438293457
440,9,5,-2.2423198223114014,-2.2423198223114014,0.45193687081336975,0.0,5.906471252441406
440,9,6,-2.2248406410217285,-2.2248406410217285,0.4747375547885895,0.0,5.14673376083374
440,9,7,-2.2218923568725586,-2.2218923568725586,0.48458531498908997,0.0,4.92298698425293
440,9,8,-2.2690699100494385,-2.2690699100494385,0.4653601050376892,0.0,5.232517719268799
440,9,9,-2.261068344116211,-2.261068344116211,0.5210475325584412,0.0,4.932941436767578
440,9,10,-2.272139310836792,-2.272139310836792,0.5335578918457031,0.0,5.413516044616699
440,9,11,-2.271744966506958,-2.271744966506958,0.6394967436790466,0.0,6.048890113830566
440,9,12,-2.2285196781158447,-2.2285196781158447,0.585091769695282,0.0,5.180085182189941
440,9,13,-2.2683825492858887,-2.2683825492858887,0.4927876591682434,0.0,5.235544204711914
440,9,14,-2.2349863052368164,-2.2349863052368164,0.46478939056396484,0.0,4.6802659034729
440,9,15,-2.2372100353240967,-2.2372100353240967,0.4959687888622284,0.0,5.801092147827148
440,9,16,-2.2624573707580566,-2.2624573707580566,0.45685625076293945,0.0,5.569244384765625
440,9,17,-2.1954665184020996,-2.1954665184020996,0.5317476391792297,0.0,5.735782146453857
440,9,18,-2.249476432800293,-2.249476432800293,0.42898207902908325,0.0,5.7644147872924805
440,9,19,-2.2544565200805664,-2.2544565200805664,0.4918332099914551,0.0,4.409847736358643
420,0,0,-2.2320380210876465,-2.2320380210876465,0.5521040558815002,0.0,4.1095051765441895
420,0,1,-2.243508815765381,-2.243508815765381,0.5241710543632507,0.0,3.8042166233062744
420,0,2,-2.250915050506592,-2.250915050506592,0.5681772828102112,0.0,4.616185665130615
420,0,3,-2.2453982830047607,-2.2453982830047607,0.5160954594612122,0.0,4.074174404144287
420,0,4,-2.262873649597168,-2.262873649597168,0.5471927523612976,0.0,4.084066390991211
420,0,5,-2.248267650604248,-2.248267650604248,0.5241265892982483,0.0,4.089527606964111
420,0,6,-2.251502513885498,-2.251502513885498,0.4812825322151184,0.0,3.672896385192871
420,0,7,-2.2475626468658447,-2.2475626468658447,0.5227352380752563,0.0,3.902815341949463
420,0,8,-2.2200071811676025,-2.2200071811676025,0.5292608141899109,0.0,3.953064441680908
420,0,9,-2.240588665008545,-2.240588665008545,0.5482744574546814,0.0,4.275296688079834
420,0,10,-2.2570648193359375,-2.2570648193359375,0.5602928400039673,0.0,4.264522552490234
420,0,11,-2.2491092681884766,-2.2491092681884766,0.5841382741928101,0.0,4.575149059295654
420,0,12,-2.2244186401367188,-2.2244186401367188,0.5471050143241882,0.0,4.555359840393066
420,0,13,-2.219255208969116,-2.219255208969116,0.47464704513549805,0.0,4.020183563232422
420,0,14,-2.2443509101867676,-2.2443509101867676,0.4863183796405792,0.0,3.76357364654541
420,0,15,-2.2374534606933594,-2.2374534606933594,0.5254617929458618,0.0,3.4577789306640625
420,0,16,-2.243619918823242,-2.243619918823242,0.5118333101272583,0.0,3.4126291275024414
420,0,17,-2.2302281856536865,-2.2302281856536865,0.5372569561004639,0.0,3.7655792236328125
420,0,18,-2.2362771034240723,-2.2362771034240723,0.5068163871765137,0.0,3.7442140579223633
420,0,19,-2.2421281337738037,-2.2421281337738037,0.5249963998794556,0.0,3.4194271564483643
420,1,0,-2.243790626525879,-2.243790626525879,0.506085991859436,0.0,6.016179084777832
420,1,1,-2.256990909576416,-2.256990909576416,0.4948052167892456,0.0,6.283272743225098
420,1,2,-2.2616360187530518,-2.2616360187530518,0.48896753787994385,0.0,5.461021900177002
420,1,3,-2.2635343074798584,-2.2635343074798584,0.5632365942001343,0.0,4.959836959838867
420,1,4,-2.26528000831604,-2.26528000831604,0.511371374130249,0.0,6.418006896972656
420,1,5,-2.237682342529297,-2.237682342529297,0.5430663824081421,0.0,6.300427436828613
420,1,6,-2.277235507965088,-2.277235507965088,0.5380560755729675,0.0,5.844600200653076
420,1,7,-2.263026714324951,-2.263026714324951,0.5472542643547058,0.0,6.338136672973633
420,1,8,-2.2656497955322266,-2.2656497955322266,0.5464823246002197,0.0,5.892632484436035
420,1,9,-2.275207757949829,-2.275207757949829,0.5600947141647339,0.0,5.191739082336426
420,1,10,-2.2565009593963623,-2.2565009593963623,0.5911272168159485,0.0,5.497269630432129
420,1,11,-2.2360448837280273,-2.2360448837280273,0.5120701789855957,0.0,5.967172622680664
420,1,12,-2.264400005340576,-2.264400005340576,0.6023903489112854,0.0,5.085277557373047
420,1,13,-2.2504513263702393,-2.2504513263702393,0.5545966625213623,0.0,6.385334491729736
420,1,14,-2.1816062927246094,-2.1816062927246094,0.49919620156288147,0.0,5.852921485900879
420,1,15,-2.2737393379211426,-2.2737393379211426,0.4307878613471985,0.0,5.471092700958252
420,1,16,-2.2672648429870605,-2.2672648429870605,0.44480472803115845,0.0,5.634385108947754
420,1,17,-2.2663323879241943,-2.2663323879241943,0.5282341241836548,0.0,5.599182605743408
420,1,18,-2.2704107761383057,-2.2704107761383057,0.5195002555847168,0.0,5.785086631774902
420,1,19,-2.249284505844116,-2.249284505844116,0.5538771748542786,0.0,5.556127548217773
420,2,0,-2.2004339694976807,-2.2004339694976807,0.5065988898277283,0.0,6.2584357261657715
420,2,1,-2.1955277919769287,-2.1955277919769287,0.4531472325325012,0.0,5.750657558441162
420,2,2,-2.2327473163604736,-2.2327473163604736,0.49556365609169006,0.0,5.602583408355713
420,2,3,-2.2451303005218506,-2.2451303005218506,0.5120468735694885,0.0,6.0669379234313965
420,2,4,-2.2182493209838867,-2.2182493209838867,0.5132072567939758,0.0,6.187603950500488
420,2,5,-2.256606101989746,-2.256606101989746,0.49809905886650085,0.0,6.334392547607422
420,2,6,-2.2369894981384277,-2.2369894981384277,0.49553683400154114,0.0,6.734943866729736
420,2,7,-2.2198009490966797,-2.2198009490966797,0.4784800112247467,0.0,5.696256160736084
420,2,8,-2.242995023727417,-2.242995023727417,0.49987533688545227,0.0,5.843321323394775
420,2,9,-2.233173131942749,-2.233173131942749,0.4898790121078491,0.0,5.790005683898926
420,2,10,-2.2267067432403564,-2.2267067432403564,0.47220125794410706,0.0,6.794007778167725
420,2,11,-2.2528610229492188,-2.2528610229492188,0.5208392143249512,0.0,5.8977203369140625
420,2,12,-2.2596142292022705,-2.2596142292022705,0.43745484948158264,0.0,6.009086608886719
420,2,13,-2.246502161026001,-2.246502161026001,0.4643183648586273,0.0,5.686030387878418
420,2,14,-2.2514123916625977,-2.2514123916625977,0.46180400252342224,0.0,5.6166253089904785
420,2,15,-2.253493309020996,-2.253493309020996,0.5311867594718933,0.0,5.235420227050781
420,2,16,-2.2317328453063965,-2.2317328453063965,0.5108761787414551,0.0,5.605531215667725
420,2,17,-2.205029010772705,-2.205029010772705,0.4865562915802002,0.0,6.095283508300781
420,2,18,-2.2445297241210938,-2.2445297241210938,0.4800541400909424,0.0,6.671000003814697
420,2,19,-2.251218795776367,-2.251218795776367,0.4787119925022125,0.0,5.82999324798584
420,3,0,-2.276231527328491,-2.276231527328491,0.4820151627063751,0.0,3.5088493824005127
420,3,1,-2.2774388790130615,-2.2774388790130615,0.5552564859390259,0.0,2.7854132652282715
420,3,2,-2.276538848876953,-2.276538848876953,0.5138456225395203,0.0,2.347959041595459
420,3,3,-2.2723586559295654,-2.2723586559295654,0.5618336796760559,0.0,3.1912288665771484
420,3,4,-2.2775795459747314,-2.2775795459747314,0.524390459060669,0.0,3.48213529586792
420,3,5,-2.277482509613037,-2.277482509613037,0.5015811920166016,0.0,3.122389316558838
420,3,6,-2.278418779373169,-2.278418779373169,0.511965811252594,0.0,3.6124134063720703
420,3,7,-2.2776129245758057,-2.2776129245758057,0.5467256307601929,0.0,3.0509543418884277
420,3,8,-2.277003288269043,-2.277003288269043,0.5138291120529175,0.0,3.469817638397217
420,3,9,-2.2779548168182373,-2.2779548168182373,0.5045107007026672,0.0,3.3283345699310303
420,3,10,-2.2769548892974854,-2.2769548892974854,0.5067370533943176,0.0,3.1239945888519287
420,3,11,-2.2778127193450928,-2.2778127193450928,0.5374434590339661,0.0,3.0040571689605713
420,3,12,-2.2771964073181152,-2.2771964073181152,0.4919758141040802,0.0,3.018419027328491
420,3,13,-2.2769367694854736,-2.2769367694854736,0.53049635887146,0.0,3.3941028118133545
420,3,14,-2.2778098583221436,-2.2778098583221436,0.4719463884830475,0.0,3.4551033973693848
420,3,15,-2.2775847911834717,-2.2775847911834717,0.5230639576911926,0.0,3.187786102294922
420,3,16,-2.277374267578125,-2.277374267578125,0.46967995166778564,0.0,3.0843100547790527
420,3,17,-2.2792856693267822,-2.2792856693267822,0.5546842217445374,0.0,3.1849474906921387
420,3,18,-2.277994394302368,-2.277994394302368,0.4864482283592224,0.0,2.997579574584961
420,3,19,-2.279088258743286,-2.279088258743286,0.5816647410392761,0.0,2.814420223236084
420,4,0,-2.2742817401885986,-2.2742817401885986,0.5149500966072083,0.0,4.519237518310547
420,4,1,-2.2790088653564453,-2.2790088653564453,0.5328868627548218,0.0,3.6656181812286377
420,4,2,-2.2779815196990967,-2.2779815196990967,0.44364142417907715,0.0,3.731515407562256
420,4,3,-2.2784407138824463,-2.2784407138824463,0.5501554012298584,0.0,4.746139049530029
420,4,4,-2.265289783477783,-2.265289783477783,0.5605509281158447,0.0,4.907279014587402
420,4,5,-2.2784836292266846,-2.2784836292266846,0.48877209424972534,0.0,5.5448832511901855
420,4,6,-2.2763240337371826,-2.2763240337371826,0.49665799736976624,0.0,3.841665744781494
420,4,7,-2.264275074005127,-2.264275074005127,0.5486879348754883,0.0,3.6898884773254395
420,4,8,-2.27607798576355,-2.27607798576355,0.5178391337394714,0.0,5.098880290985107
420,4,9,-2.2733840942382812,-2.2733840942382812,0.5025914907455444,0.0,4.564120769500732
420,4,10,-2.276709794998169,-2.276709794998169,0.5373713970184326,0.0,3.2839765548706055
420,4,11,-2.279179334640503,-2.279179334640503,0.43017318844795227,0.0,4.963340759277344
420,4,12,-2.2668004035949707,-2.2668004035949707,0.4835577607154846,0.0,3.1020846366882324
420,4,13,-2.272486925125122,-2.272486925125122,0.4416644871234894,0.0,3.1330761909484863
420,4,14,-2.2808139324188232,-2.2808139324188232,0.5213958621025085,0.0,5.082934379577637
420,4,15,-2.27276349067688,-2.27276349067688,0.4760659635066986,0.0,5.016392230987549
420,4,16,-2.272153854370117,-2.272153854370117,0.5211917161941528,0.0,4.904285907745361
420,4,17,-2.2607555389404297,-2.2607555389404297,0.49460291862487793,0.0,4.544325828552246
420,4,18,-2.279106616973877,-2.279106616973877,0.5297768712043762,0.0,5.634637832641602
420,4,19,-2.2731854915618896,-2.2731854915618896,0.43158718943595886,0.0,4.718532085418701
420,5,0,-2.263622522354126,-2.263622522354126,0.547398567199707,0.0,5.662059783935547
420,5,1,-2.2574148178100586,-2.2574148178100586,0.5101904273033142,0.0,5.331381797790527
420,5,2,-2.2716777324676514,-2.2716777324676514,0.5138060450553894,0.0,5.605456352233887
420,5,3,-2.2573957443237305,-2.2573957443237305,0.5735043287277222,0.0,5.687152862548828
420,5,4,-2.2642080783843994,-2.2642080783843994,0.5669135451316833,0.0,6.051760673522949
420,5,5,-2.250542163848877,-2.250542163848877,0.5383707284927368,0.0,6.094747543334961
420,5,6,-2.2763001918792725,-2.2763001918792725,0.588889479637146,0.0,6.479194164276123
420,5,7,-2.272740364074707,-2.272740364074707,0.5199222564697266,0.0,6.1158342361450195
420,5,8,-2.269070863723755,-2.269070863723755,0.5265738368034363,0.0,5.813891410827637
420,5,9,-2.260880708694458,-2.260880708694458,0.594458818435669,0.0,6.306607246398926
420,5,10,-2.243279218673706,-2.243279218673706,0.5079360008239746,0.0,5.520519733428955
420,5,11,-2.269561767578125,-2.269561767578125,0.5711590647697449,0.0,6.333392143249512
420,5,12,-2.2632617950439453,-2.2632617950439453,0.5344818234443665,0.0,5.658041954040527
420,5,13,-2.2614264488220215,-2.2614264488220215,0.5398882031440735,0.0,5.5487060546875
420,5,14,-2.269829034805298,-2.269829034805298,0.5587269067764282,0.0,5.615835189819336
420,5,15,-2.269378662109375,-2.269378662109375,0.5445284843444824,0.0,6.043742656707764
420,5,16,-2.266016960144043,-2.266016960144043,0.5273380875587463,0.0,5.65789794921875
420,5,17,-2.259183406829834,-2.259183406829834,0.6534600257873535,0.0,5.629713535308838
420,5,18,-2.258765697479248,-2.258765697479248,0.549627959728241,0.0,6.253108978271484
420,5,19,-2.268364906311035,-2.268364906311035,0.5421102046966553,0.0,4.952217102050781
420,6,0,-2.2411017417907715,-2.2411017417907715,0.45642998814582825,0.0,5.967183589935303
420,6,1,-2.247990846633911,-2.247990846633911,0.5379481911659241,0.0,6.232357025146484
420,6,2,-2.2480931282043457,-2.2480931282043457,0.5120417475700378,0.0,6.14436149597168
420,6,3,-2.1745986938476562,-2.1745986938476562,0.4944858253002167,0.0,5.917448997497559
420,6,4,-2.1998744010925293,-2.1998744010925293,0.5064643621444702,0.0,6.180906772613525
420,6,5,-2.2232112884521484,-2.2232112884521484,0.48415589332580566,0.0,6.010973930358887
420,6,6,-2.218529224395752,-2.218529224395752,0.5027110576629639,0.0,6.145805358886719
420,6,7,-2.232126235961914,-2.232126235961914,0.5606162548065186,0.0,6.354545593261719
420,6,8,-2.233670949935913,-2.233670949935913,0.5168768763542175,0.0,5.594062805175781
420,6,9,-2.215700387954712,-2.215700387954712,0.5832992196083069,0.0,6.311495780944824
420,6,10,-2.256517171859741,-2.256517171859741,0.45549532771110535,0.0,5.0456929206848145
420,6,11,-2.216998338699341,-2.216998338699341,0.517970621585846,0.0,5.943654537200928
420,6,12,-2.246162176132202,-2.246162176132202,0.5397679805755615,0.0,5.341164588928223
420,6,13,-2.220001459121704,-2.220001459121704,0.5152498483657837,0.0,5.640585899353027
420,6,14,-2.216836929321289,-2.216836929321289,0.5689387321472168,0.0,5.691586494445801
420,6,15,-2.234482526779175,-2.234482526779175,0.4971543252468109,0.0,5.336507320404053
420,6,16,-2.2253170013427734,-2.2253170013427734,0.5179585814476013,0.0,5.5228657722473145
420,6,17,-2.257689952850342,-2.257689952850342,0.5313648581504822,0.0,6.168178558349609
420,6,18,-2.2158045768737793,-2.2158045768737793,0.4826366901397705,0.0,5.917278289794922
420,6,19,-2.2301506996154785,-2.2301506996154785,0.5147996544837952,0.0,6.7734375
420,7,0,-2.2217788696289062,-2.2217788696289062,0.48084744811058044,0.0,6.574074745178223
420,7,1,-2.2344956398010254,-2.2344956398010254,0.5511637330055237,0.0,5.769265174865723
420,7,2,-2.2374184131622314,-2.2374184131622314,0.4953053295612335,0.0,6.69670295715332
420,7,3,-2.2110490798950195,-2.2110490798950195,0.5463035106658936,0.0,6.403293132781982
420,7,4,-2.179572105407715,-2.179572105407715,0.43095505237579346,0.0,5.285511493682861
420,7,5,-2.2424094676971436,-2.2424094676971436,0.557163655757904,0.0,6.151937484741211
420,7,6,-2.2193825244903564,-2.2193825244903564,0.5120783448219299,0.0,6.8893914222717285
420,7,7,-2.2496755123138428,-2.2496755123138428,0.5356778502464294,0.0,6.9452033042907715
420,7,8,-2.229578971862793,-2.229578971862793,0.5007902979850769,0.0,6.109645843505859
420,7,9,-2.2467358112335205,-2.2467358112335205,0.3877961039543152,0.0,6.769073009490967
420,7,10,-2.192707061767578,-2.192707061767578,0.5209159255027771,0.0,7.007354259490967
420,7,11,-2.2230446338653564,-2.2230446338653564,0.5229580998420715,0.0,6.484124183654785
420,7,12,-2.233936071395874,-2.233936071395874,0.5213367342948914,0.0,6.858584880828857
420,7,13,-2.258969783782959,-2.258969783782959,0.519833505153656,0.0,6.466549396514893
420,7,14,-2.2339446544647217,-2.2339446544647217,0.46050140261650085,0.0,7.357113361358643
420,7,15,-2.2592995166778564,-2.2592995166778564,0.47520312666893005,0.0,6.494604587554932
420,7,16,-2.2417409420013428,-2.2417409420013428,0.5089210867881775,0.0,5.9255571365356445
420,7,17,-2.238252878189087,-2.238252878189087,0.5447452068328857,0.0,6.5292792320251465
420,7,18,-2.2496581077575684,-2.2496581077575684,0.5000202655792236,0.0,6.370846748352051
420,7,19,-2.237109899520874,-2.237109899520874,0.530200183391571,0.0,6.146494388580322
420,8,0,-2.217433452606201,-2.217433452606201,0.49657371640205383,0.0,4.985390663146973
420,8,1,-2.2075445652008057,-2.2075445652008057,0.5250571966171265,0.0,4.209844589233398
420,8,2,-2.193483352661133,-2.193483352661133,0.5167064070701599,0.0,5.152037620544434
420,8,3,-2.250859260559082,-2.250859260559082,0.4978069067001343,0.0,5.251490592956543
420,8,4,-2.221015691757202,-2.221015691757202,0.490757018327713,0.0,4.926783561706543
420,8,5,-2.236386775970459,-2.236386775970459,0.47666695713996887,0.0,5.020803928375244
420,8,6,-2.229382276535034,-2.229382276535034,0.5110167860984802,0.0,5.181976318359375
420,8,7,-2.2469141483306885,-2.2469141483306885,0.488091379404068,0.0,4.560513496398926
420,8,8,-2.2203564643859863,-2.2203564643859863,0.5407980680465698,0.0,5.142518997192383
420,8,9,-2.2146573066711426,-2.2146573066711426,0.5054759979248047,0.0,4.914558410644531
420,8,10,-2.221835136413574,-2.221835136413574,0.5119794607162476,0.0,4.7212018966674805
420,8,11,-2.2293994426727295,-2.2293994426727295,0.4776867926120758,0.0,4.553305625915527
420,8,12,-2.2421860694885254,-2.2421860694885254,0.5231425762176514,0.0,4.613888740539551
420,8,13,-2.215179204940796,-2.215179204940796,0.5223096609115601,0.0,5.115187644958496
420,8,14,-2.23199725151062,-2.23199725151062,0.5311640501022339,0.0,4.549118518829346
420,8,15,-2.228334426879883,-2.228334426879883,0.4824621379375458,0.0,5.205016136169434
420,8,16,-2.247725486755371,-2.247725486755371,0.4675704836845398,0.0,5.033307075500488
420,8,17,-2.1791789531707764,-2.1791789531707764,0.5326651334762573,0.0,5.272918701171875
420,8,18,-2.2512714862823486,-2.2512714862823486,0.5686144828796387,0.0,5.153724193572998
420,8,19,-2.2108638286590576,-2.2108638286590576,0.43139949440956116,0.0,4.630030155181885
420,9,0,-2.2610726356506348,-2.2610726356506348,0.5911155343055725,0.0,5.061992645263672
420,9,1,-2.2674591541290283,-2.2674591541290283,0.4198971688747406,0.0,5.562758445739746
420,9,2,-2.237830638885498,-2.237830638885498,0.6241323947906494,0.0,4.773135185241699
420,9,3,-2.2474019527435303,-2.2474019527435303,0.47614866495132446,0.0,5.30268669128418
420,9,4,-2.2652509212493896,-2.2652509212493896,0.428405225276947,0.0,5.061809539794922
420,9,5,-2.2613134384155273,-2.2613134384155273,0.4655136466026306,0.0,5.017155170440674
420,9,6,-2.199331045150757,-2.199331045150757,0.45805975794792175,0.0,4.317172527313232
420,9,7,-2.2335925102233887,-2.2335925102233887,0.47645705938339233,0.0,5.636908054351807
420,9,8,-2.2367494106292725,-2.2367494106292725,0.4437146484851837,0.0,6.08145809173584
420,9,9,-2.2539329528808594,-2.2539329528808594,0.484504371881485,0.0,5.814655780792236
420,9,10,-2.245607852935791,-2.245607852935791,0.4899555742740631,0.0,4.670387268066406
420,9,11,-2.2590596675872803,-2.2590596675872803,0.4779723584651947,0.0,5.000166893005371
420,9,12,-2.260547399520874,-2.260547399520874,0.4578912556171417,0.0,5.447862148284912
420,9,13,-2.250601053237915,-2.250601053237915,0.46185562014579773,0.0,5.584412574768066
420,9,14,-2.261568784713745,-2.261568784713745,0.4357793629169464,0.0,5.572409629821777
420,9,15,-2.269294261932373,-2.269294261932373,0.41280877590179443,0.0,6.140805244445801
420,9,16,-2.251965284347534,-2.251965284347534,0.4911360740661621,0.0,5.593231678009033
420,9,17,-2.2691259384155273,-2.2691259384155273,0.5036988258361816,0.0,6.052461624145508
420,9,18,-2.2540395259857178,-2.2540395259857178,0.39927318692207336,0.0,5.203878402709961
420,9,19,-2.229926347732544,-2.229926347732544,0.4746342599391937,0.0,5.609655380249023
400,0,0,-2.219658613204956,-2.219658613204956,0.5542479753494263,0.0,3.5822112560272217
400,0,1,-2.2455508708953857,-2.2455508708953857,0.5536665320396423,0.0,4.1548967361450195
400,0,2,-2.238332509994507,-2.238332509994507,0.5411330461502075,0.0,3.7305164337158203
400,0,3,-2.195939540863037,-2.195939540863037,0.5623573660850525,0.0,3.4002699851989746
400,0,4,-2.233442544937134,-2.233442544937134,0.5837466716766357,0.0,3.729290008544922
400,0,5,-2.249398946762085,-2.249398946762085,0.48952966928482056,0.0,4.237628936767578
400,0,6,-2.2352285385131836,-2.2352285385131836,0.5689894556999207,0.0,3.9725170135498047
400,0,7,-2.245297908782959,-2.245297908782959,0.5220819711685181,0.0,3.460362195968628
400,0,8,-2.2313573360443115,-2.2313573360443115,0.5109155774116516,0.0,4.214951992034912
400,0,9,-2.2459771633148193,-2.2459771633148193,0.5390600562095642,0.0,4.544735908508301
400,0,10,-2.2427563667297363,-2.2427563667297363,0.5137026906013489,0.0,3.828939199447632
400,0,11,-2.2174930572509766,-2.2174930572509766,0.5678606033325195,0.0,4.018738269805908
400,0,12,-2.2319061756134033,-2.2319061756134033,0.5065528154373169,0.0,4.022579193115234
400,0,13,-2.2245185375213623,-2.2245185375213623,0.5595850944519043,0.0,4.123589992523193
400,0,14,-2.26181960105896,-2.26181960105896,0.5669018626213074,0.0,3.755934953689575
400,0,15,-2.2015018463134766,-2.2015018463134766,0.5259446501731873,0.0,4.39097261428833
400,0,16,-2.2550337314605713,-2.2550337314605713,0.5398191809654236,0.0,4.022824287414551
400,0,17,-2.235936403274536,-2.235936403274536,0.4767761826515198,0.0,4.340231895446777
400,0,18,-2.2379727363586426,-2.2379727363586426,0.545520007610321,0.0,4.28902530670166
400,0,19,-2.244124174118042,-2.244124174118042,0.5594332814216614,0.0,3.687126636505127
400,1,0,-2.2068307399749756,-2.2068307399749756,0.5120756030082703,0.0,5.815689563751221
400,1,1,-2.240028142929077,-2.240028142929077,0.4729301631450653,0.0,6.1115217208862305
400,1,2,-2.2709403038024902,-2.2709403038024902,0.49239856004714966,0.0,5.415599346160889
400,1,3,-2.2706282138824463,-2.2706282138824463,0.5365920662879944,0.0,5.056605339050293
400,1,4,-2.2698233127593994,-2.2698233127593994,0.4909457266330719,0.0,5.097635746002197
400,1,5,-2.249276876449585,-2.249276876449585,0.5224467515945435,0.0,6.057760238647461
400,1,6,-2.245936393737793,-2.245936393737793,0.5122619867324829,0.0,5.883910655975342
400,1,7,-2.184992551803589,-2.184992551803589,0.4974556267261505,0.0,5.700211524963379
400,1,8,-2.2696144580841064,-2.2696144580841064,0.4387316405773163,0.0,5.941319942474365
400,1,9,-2.2759768962860107,-2.2759768962860107,0.526528000831604,0.0,5.793826103210449
400,1,10,-2.2742812633514404,-2.2742812633514404,0.465628981590271,0.0,6.075035095214844
400,1,11,-2.272601842880249,-2.272601842880249,0.5174152255058289,0.0,5.591217994689941
400,1,12,-2.259519338607788,-2.259519338607788,0.4915880560874939,0.0,5.422109603881836
400,1,13,-2.259075880050659,-2.259075880050659,0.5318414568901062,0.0,5.514337539672852
400,1,14,-2.251674175262451,-2.251674175262451,0.5497317314147949,0.0,5.922756195068359
400,1,15,-2.274322748184204,-2.274322748184204,0.5003068447113037,0.0,6.014139175415039
400,1,16,-2.2477946281433105,-2.2477946281433105,0.5946043729782104,0.0,5.568760871887207
400,1,17,-2.2700514793395996,-2.2700514793395996,0.4884224534034729,0.0,5.650497913360596
400,1,18,-2.2676525115966797,-2.2676525115966797,0.5530160069465637,0.0,5.983713150024414
400,1,19,-2.254685163497925,-2.254685163497925,0.5150989294052124,0.0,5.395866870880127
400,2,0,-2.2516391277313232,-2.2516391277313232,0.43777161836624146,0.0,5.6743388175964355
400,2,1,-2.2598400115966797,-2.2598400115966797,0.4904950261116028,0.0,6.459968090057373
400,2,2,-2.2202882766723633,-2.2202882766723633,0.5430447459220886,0.0,5.543776512145996
400,2,3,-2.238781213760376,-2.238781213760376,0.4555673599243164,0.0,6.906487464904785
400,2,4,-2.2420947551727295,-2.2420947551727295,0.48979270458221436,0.0,6.642962455749512
400,2,5,-2.239651679992676,-2.239651679992676,0.5017682909965515,0.0,5.574054718017578
400,2,6,-2.2297306060791016,-2.2297306060791016,0.4847174882888794,0.0,5.653692245483398
400,2,7,-2.259822368621826,-2.259822368621826,0.4698946475982666,0.0,6.047922611236572
400,2,8,-2.2410457134246826,-2.2410457134246826,0.5448263883590698,0.0,6.462944030761719
400,2,9,-2.228224515914917,-2.228224515914917,0.5212536454200745,0.0,6.240705490112305
400,2,10,-2.2166106700897217,-2.2166106700897217,0.470765084028244,0.0,6.3104166984558105
400,2,11,-2.2490310668945312,-2.2490310668945312,0.48240166902542114,0.0,6.704253673553467
400,2,12,-2.230858087539673,-2.230858087539673,0.49286526441574097,0.0,6.482855796813965
400,2,13,-2.248145818710327,-2.248145818710327,0.4877498149871826,0.0,6.25681209564209
400,2,14,-2.2106504440307617,-2.2106504440307617,0.4751371443271637,0.0,6.087033748626709
400,2,15,-2.2504379749298096,-2.2504379749298096,0.5171090364456177,0.0,6.4301557540893555
400,2,16,-2.2244086265563965,-2.2244086265563965,0.5498329401016235,0.0,6.436429023742676
400,2,17,-2.2247474193573,-2.2247474193573,0.4676523804664612,0.0,6.085784435272217
400,2,18,-2.2460832595825195,-2.2460832595825195,0.5223695039749146,0.0,6.122221946716309
400,2,19,-2.2464261054992676,-2.2464261054992676,0.4978903532028198,0.0,5.937896728515625
400,3,0,-2.277299642562866,-2.277299642562866,0.5922131538391113,0.0,3.419312000274658
400,3,1,-2.275999069213867,-2.275999069213867,0.4830356538295746,0.0,3.595949172973633
400,3,2,-2.2780184745788574,-2.2780184745788574,0.5161365866661072,0.0,2.8280110359191895
400,3,3,-2.273928165435791,-2.273928165435791,0.5623540878295898,0.0,3.549302577972412
400,3,4,-2.2772369384765625,-2.2772369384765625,0.5277279615402222,0.0,2.9766578674316406
400,3,5,-2.274606943130493,-2.274606943130493,0.5306112170219421,0.0,3.073806047439575
400,3,6,-2.2777388095855713,-2.2777388095855713,0.52164626121521,0.0,2.810978651046753
400,3,7,-2.274832248687744,-2.274832248687744,0.514131486415863,0.0,3.053436279296875
400,3,8,-2.276507616043091,-2.276507616043091,0.4983457326889038,0.0,2.6531243324279785
400,3,9,-2.2782156467437744,-2.2782156467437744,0.4690600633621216,0.0,3.369798421859741
400,3,10,-2.2756423950195312,-2.2756423950195312,0.5121288299560547,0.0,2.9977519512176514
400,3,11,-2.2788374423980713,-2.2788374423980713,0.562052309513092,0.0,3.4260129928588867
400,3,12,-2.2766337394714355,-2.2766337394714355,0.5510944128036499,0.0,3.890807628631592
400,3,13,-2.2761459350585938,-2.2761459350585938,0.4607176184654236,0.0,2.952836513519287
400,3,14,-2.278451442718506,-2.278451442718506,0.5076550841331482,0.0,3.0365400314331055
400,3,15,-2.277465581893921,-2.277465581893921,0.5212184190750122,0.0,3.5527493953704834
400,3,16,-2.278642416000366,-2.278642416000366,0.503127932548523,0.0,3.520728588104248
400,3,17,-2.279094934463501,-2.279094934463501,0.4820385277271271,0.0,3.42877197265625
400,3,18,-2.2774100303649902,-2.2774100303649902,0.4996042549610138,0.0,3.251558303833008
400,3,19,-2.277085781097412,-2.277085781097412,0.5188711285591125,0.0,3.0547871589660645
400,4,0,-2.276215076446533,-2.276215076446533,0.5118275284767151,0.0,4.233770370483398
400,4,1,-2.278479814529419,-2.278479814529419,0.5544444918632507,0.0,3.7591373920440674
400,4,2,-2.271563768386841,-2.271563768386841,0.5119602680206299,0.0,4.401028633117676
400,4,3,-2.2729179859161377,-2.2729179859161377,0.5377202033996582,0.0,5.317857265472412
400,4,4,-2.277829885482788,-2.277829885482788,0.5035665035247803,0.0,4.277288436889648
400,4,5,-2.2796454429626465,-2.2796454429626465,0.5378473997116089,0.0,4.586711406707764
400,4,6,-2.276599407196045,-2.276599407196045,0.5281268358230591,0.0,4.983831882476807
400,4,7,-2.274714231491089,-2.274714231491089,0.568277895450592,0.0,3.4367074966430664
400,4,8,-2.276061534881592,-2.276061534881592,0.4926064908504486,0.0,4.140211582183838
400,4,9,-2.2702207565307617,-2.2702207565307617,0.5616604685783386,0.0,4.477424144744873
400,4,10,-2.2742464542388916,-2.2742464542388916,0.47364354133605957,0.0,4.275087356567383
400,4,11,-2.2698707580566406,-2.2698707580566406,0.47205212712287903,0.0,4.020503520965576
400,4,12,-2.2776498794555664,-2.2776498794555664,0.5199065804481506,0.0,4.428069591522217
400,4,13,-2.2750704288482666,-2.2750704288482666,0.5118155479431152,0.0,4.241311073303223
400,4,14,-2.2745630741119385,-2.2745630741119385,0.4948178827762604,0.0,6.318940162658691
400,4,15,-2.25997257232666,-2.25997257232666,0.4712409973144531,0.0,3.8075733184814453
400,4,16,-2.2800369262695312,-2.2800369262695312,0.51739901304245,0.0,3.3947160243988037
400,4,17,-2.244710683822632,-2.244710683822632,0.4463745355606079,0.0,4.8469038009643555
400,4,18,-2.2748146057128906,-2.2748146057128906,0.47575902938842773,0.0,4.537546634674072
400,4,19,-2.273388624191284,-2.273388624191284,0.5728856921195984,0.0,5.084010124206543
400,5,0,-2.250239133834839,-2.250239133834839,0.5359914898872375,0.0,5.22702169418335
400,5,1,-2.2252092361450195,-2.2252092361450195,0.5417231321334839,0.0,5.966431617736816
400,5,2,-2.2539732456207275,-2.2539732456207275,0.549386739730835,0.0,5.9765625
400,5,3,-2.266181468963623,-2.266181468963623,0.6056044101715088,0.0,6.448548793792725
400,5,4,-2.2666544914245605,-2.2666544914245605,0.5688610672950745,0.0,5.949090003967285
400,5,5,-2.2611093521118164,-2.2611093521118164,0.5115322470664978,0.0,5.8828277587890625
400,5,6,-2.259920835494995,-2.259920835494995,0.5780600309371948,0.0,5.959228038787842
400,5,7,-2.271312952041626,-2.271312952041626,0.569848358631134,0.0,6.236757755279541
400,5,8,-2.2626230716705322,-2.2626230716705322,0.5641118884086609,0.0,5.849013328552246
400,5,9,-2.251321315765381,-2.251321315765381,0.5583816766738892,0.0,6.166706562042236
400,5,10,-2.2545852661132812,-2.2545852661132812,0.5563302040100098,0.0,6.120816230773926
400,5,11,-2.2708067893981934,-2.2708067893981934,0.5492881536483765,0.0,6.190044403076172
400,5,12,-2.257819414138794,-2.257819414138794,0.5570241808891296,0.0,6.035090923309326
400,5,13,-2.2480685710906982,-2.2480685710906982,0.5270843505859375,0.0,6.031567573547363
400,5,14,-2.249497652053833,-2.249497652053833,0.5792921781539917,0.0,6.437406539916992
400,5,15,-2.2395005226135254,-2.2395005226135254,0.565705418586731,0.0,5.67219877243042
400,5,16,-2.2566404342651367,-2.2566404342651367,0.5824447274208069,0.0,5.732145309448242
400,5,17,-2.252397298812866,-2.252397298812866,0.5468036532402039,0.0,6.303008079528809
400,5,18,-2.269282102584839,-2.269282102584839,0.5685904622077942,0.0,5.263249397277832
400,5,19,-2.2748289108276367,-2.2748289108276367,0.5373283624649048,0.0,5.387149810791016
400,6,0,-2.2529349327087402,-2.2529349327087402,0.5052598714828491,0.0,5.334178924560547
400,6,1,-2.1992602348327637,-2.1992602348327637,0.5333311557769775,0.0,5.997961044311523
400,6,2,-2.23166823387146,-2.23166823387146,0.5213251113891602,0.0,5.55213737487793
400,6,3,-2.1772704124450684,-2.1772704124450684,0.5358366966247559,0.0,6.403478145599365
400,6,4,-2.250199556350708,-2.250199556350708,0.4772895276546478,0.0,6.156131744384766
400,6,5,-2.225142240524292,-2.225142240524292,0.534588634967804,0.0,6.184288501739502
400,6,6,-2.2022387981414795,-2.2022387981414795,0.5087026357650757,0.0,6.021788120269775
400,6,7,-2.2390213012695312,-2.2390213012695312,0.4560490548610687,0.0,5.691985130310059
400,6,8,-2.2160422801971436,-2.2160422801971436,0.48840808868408203,0.0,6.304194927215576
400,6,9,-2.20304274559021,-2.20304274559021,0.5355731844902039,0.0,5.957237720489502
400,6,10,-2.2261898517608643,-2.2261898517608643,0.47828760743141174,0.0,6.139007091522217
400,6,11,-2.2301077842712402,-2.2301077842712402,0.5463217496871948,0.0,6.180422782897949
400,6,12,-2.2433924674987793,-2.2433924674987793,0.5558561682701111,0.0,5.464843273162842
400,6,13,-2.2264466285705566,-2.2264466285705566,0.5074852705001831,0.0,5.990842819213867
400,6,14,-2.219081163406372,-2.219081163406372,0.48472175002098083,0.0,6.044301986694336
400,6,15,-2.21417236328125,-2.21417236328125,0.547217607498169,0.0,5.749363899230957
400,6,16,-2.227308511734009,-2.227308511734009,0.4752599596977234,0.0,5.6270036697387695
400,6,17,-2.2152318954467773,-2.2152318954467773,0.5804045796394348,0.0,6.426865577697754
400,6,18,-2.1804442405700684,-2.1804442405700684,0.5269898772239685,0.0,5.72167444229126
400,6,19,-2.256479263305664,-2.256479263305664,0.5518913269042969,0.0,6.016633987426758
400,7,0,-2.2370097637176514,-2.2370097637176514,0.5309457182884216,0.0,6.684277057647705
400,7,1,-2.224437713623047,-2.224437713623047,0.4768027365207672,0.0,6.907083034515381
400,7,2,-2.2469258308410645,-2.2469258308410645,0.504940390586853,0.0,6.574697494506836
400,7,3,-2.2306225299835205,-2.2306225299835205,0.49110284447669983,0.0,6.686400890350342
400,7,4,-2.2306180000305176,-2.2306180000305176,0.49762022495269775,0.0,6.971691131591797
400,7,5,-2.1647138595581055,-2.1647138595581055,0.5122953653335571,0.0,6.816501617431641
400,7,6,-2.229513168334961,-2.229513168334961,0.5115472078323364,0.0,6.553370952606201
400,7,7,-2.241480827331543,-2.241480827331543,0.4633622467517853,0.0,6.450211524963379
400,7,8,-2.209994316101074,-2.209994316101074,0.5169689655303955,0.0,6.684228897094727
400,7,9,-2.2441890239715576,-2.2441890239715576,0.5388922095298767,0.0,6.83938455581665
400,7,10,-2.2621071338653564,-2.2621071338653564,0.48336800932884216,0.0,6.735492706298828
400,7,11,-2.225407361984253,-2.225407361984253,0.4563978612422943,0.0,5.9613566398620605
400,7,12,-2.24833345413208,-2.24833345413208,0.5680833458900452,0.0,6.534588813781738
400,7,13,-2.2244060039520264,-2.2244060039520264,0.5354903340339661,0.0,6.260288238525391
400,7,14,-2.2144577503204346,-2.2144577503204346,0.45083677768707275,0.0,6.550421714782715
400,7,15,-2.2113380432128906,-2.2113380432128906,0.4529585838317871,0.0,6.463221549987793
400,7,16,-2.214374303817749,-2.214374303817749,0.47900164127349854,0.0,6.688718795776367
400,7,17,-2.2501943111419678,-2.2501943111419678,0.59730064868927,0.0,6.225766181945801
400,7,18,-2.2353479862213135,-2.2353479862213135,0.44365426898002625,0.0,7.102453231811523
400,7,19,-2.2372219562530518,-2.2372219562530518,0.49456116557121277,0.0,6.991582870483398
400,8,0,-2.22916316986084,-2.22916316986084,0.5175066590309143,0.0,4.946111679077148
400,8,1,-2.2392818927764893,-2.2392818927764893,0.49953871965408325,0.0,5.032970905303955
400,8,2,-2.221787214279175,-2.221787214279175,0.4651055335998535,0.0,5.128414630889893
400,8,3,-2.2402734756469727,-2.2402734756469727,0.5447801947593689,0.0,4.9434380531311035
400,8,4,-2.2548258304595947,-2.2548258304595947,0.5795826315879822,0.0,4.621349811553955
400,8,5,-2.248093366622925,-2.248093366622925,0.4790748953819275,0.0,5.196686267852783
400,8,6,-2.178757667541504,-2.178757667541504,0.5102673172950745,0.0,5.296562194824219
400,8,7,-2.2265143394470215,-2.2265143394470215,0.5237519145011902,0.0,4.683903694152832
400,8,8,-2.2308671474456787,-2.2308671474456787,0.4546041786670685,0.0,5.252682685852051
400,8,9,-2.2200706005096436,-2.2200706005096436,0.5338366031646729,0.0,4.897878646850586
400,8,10,-2.2278387546539307,-2.2278387546539307,0.5338677167892456,0.0,4.791991710662842
400,8,11,-2.23659348487854,-2.23659348487854,0.5147846341133118,0.0,5.042013168334961
400,8,12,-2.197765827178955,-2.197765827178955,0.4566028118133545,0.0,5.215757846832275
400,8,13,-2.2555348873138428,-2.2555348873138428,0.4649656414985657,0.0,5.166896820068359
400,8,14,-2.2529051303863525,-2.2529051303863525,0.5425056219100952,0.0,5.468964099884033
400,8,15,-2.2432656288146973,-2.2432656288146973,0.5337284803390503,0.0,4.256977081298828
400,8,16,-2.239403009414673,-2.239403009414673,0.5211870074272156,0.0,4.885207176208496
400,8,17,-2.229218006134033,-2.229218006134033,0.5208297967910767,0.0,5.140524864196777
400,8,18,-2.1947669982910156,-2.1947669982910156,0.5335785746574402,0.0,5.194146156311035
400,8,19,-2.224371910095215,-2.224371910095215,0.5107749104499817,0.0,5.177145957946777
400,9,0,-2.263627290725708,-2.263627290725708,0.5055034756660461,0.0,6.013781547546387
400,9,1,-2.258510112762451,-2.258510112762451,0.462777316570282,0.0,5.738616466522217
400,9,2,-2.2161200046539307,-2.2161200046539307,0.5615420937538147,0.0,4.9850053787231445
400,9,3,-2.2684388160705566,-2.2684388160705566,0.44597524404525757,0.0,5.6704277992248535
400,9,4,-2.1975464820861816,-2.1975464820861816,0.47772812843322754,0.0,5.136627674102783
400,9,5,-2.2108466625213623,-2.2108466625213623,0.4904628098011017,0.0,5.090383052825928
400,9,6,-2.270653486251831,-2.270653486251831,0.5160329937934875,0.0,5.152549743652344
400,9,7,-2.22518253326416,-2.22518253326416,0.5972060561180115,0.0,4.580077171325684
400,9,8,-2.259091854095459,-2.259091854095459,0.5632140636444092,0.0,5.756762504577637
400,9,9,-2.242635726928711,-2.242635726928711,0.46537965536117554,0.0,5.36015510559082
400,9,10,-2.2099826335906982,-2.2099826335906982,0.5050203800201416,0.0,4.505277156829834
400,9,11,-2.248694896697998,-2.248694896697998,0.4633825123310089,0.0,5.969738483428955
400,9,12,-2.2487711906433105,-2.2487711906433105,0.4826676845550537,0.0,5.095771789550781
400,9,13,-2.231470823287964,-2.231470823287964,0.5490416884422302,0.0,5.503496170043945
400,9,14,-2.268126964569092,-2.268126964569092,0.5169901847839355,0.0,5.531783103942871
400,9,15,-2.2325408458709717,-2.2325408458709717,0.4112778306007385,0.0,5.649824619293213
400,9,16,-2.2255022525787354,-2.2255022525787354,0.6389157176017761,0.0,4.691905498504639
400,9,17,-2.25022554397583,-2.25022554397583,0.4926372766494751,0.0,5.39361047744751
400,9,18,-2.269329309463501,-2.269329309463501,0.47469398379325867,0.0,6.016725063323975
400,9,19,-2.2433996200561523,-2.2433996200561523,0.6108386516571045,0.0,5.68508243560791
380,0,0,-2.2226932048797607,-2.2226932048797607,0.5569167137145996,0.0,3.8087081909179688
380,0,1,-2.225323438644409,-2.225323438644409,0.49203625321388245,0.0,3.9784789085388184
380,0,2,-2.2400712966918945,-2.2400712966918945,0.5635978579521179,0.0,4.162444591522217
380,0,3,-2.220669984817505,-2.220669984817505,0.5457674264907837,0.0,3.851602554321289
380,0,4,-2.237494707107544,-2.237494707107544,0.5481050610542297,0.0,4.042206287384033
380,0,5,-2.2541260719299316,-2.2541260719299316,0.5299596786499023,0.0,3.7262930870056152
380,0,6,-2.2184805870056152,-2.2184805870056152,0.617003858089447,0.0,3.9118545055389404
380,0,7,-2.2438130378723145,-2.2438130378723145,0.48542365431785583,0.0,4.001374244689941
380,0,8,-2.2404119968414307,-2.2404119968414307,0.5623157024383545,0.0,4.040480136871338
380,0,9,-2.221742868423462,-2.221742868423462,0.5450590252876282,0.0,3.9377455711364746
380,0,10,-2.2422776222229004,-2.2422776222229004,0.5440859198570251,0.0,4.021022319793701
380,0,11,-2.2649288177490234,-2.2649288177490234,0.5128163695335388,0.0,4.270075798034668
380,0,12,-2.2461869716644287,-2.2461869716644287,0.5326640009880066,0.0,4.327704429626465
380,0,13,-2.2248075008392334,-2.2248075008392334,0.5262809991836548,0.0,3.554887294769287
380,0,14,-2.2551004886627197,-2.2551004886627197,0.559425413608551,0.0,3.6040749549865723
380,0,15,-2.2201147079467773,-2.2201147079467773,0.5239596962928772,0.0,3.7100019454956055
380,0,16,-2.2505836486816406,-2.2505836486816406,0.5199670791625977,0.0,3.888317584991455
380,0,17,-2.239595651626587,-2.239595651626587,0.5246353149414062,0.0,3.8706934452056885
380,0,18,-2.237467050552368,-2.237467050552368,0.5657138824462891,0.0,3.69680118560791
380,0,19,-2.260108709335327,-2.260108709335327,0.536511242389679,0.0,4.163436412811279
380,1,0,-2.2631139755249023,-2.2631139755249023,0.5851188898086548,0.0,5.702935218811035
380,1,1,-2.2657036781311035,-2.2657036781311035,0.4866594970226288,0.0,5.1898932456970215
380,1,2,-2.272488832473755,-2.272488832473755,0.47057515382766724,0.0,5.372358322143555
380,1,3,-2.276920795440674,-2.276920795440674,0.5044788718223572,0.0,5.437390327453613
380,1,4,-2.2774131298065186,-2.2774131298065186,0.528314471244812,0.0,5.433426380157471
380,1,5,-2.272282600402832,-2.272282600402832,0.46990126371383667,0.0,5.519500732421875
380,1,6,-2.2515954971313477,-2.2515954971313477,0.5025163292884827,0.0,5.73744010925293
380,1,7,-2.260244131088257,-2.260244131088257,0.5124564170837402,0.0,5.789504051208496
380,1,8,-2.2675559520721436,-2.2675559520721436,0.42229196429252625,0.0,5.4134297370910645
380,1,9,-2.2729568481445312,-2.2729568481445312,0.49834200739860535,0.0,5.583883285522461
380,1,10,-2.268768310546875,-2.268768310546875,0.5875343084335327,0.0,5.340351104736328
380,1,11,-2.247281074523926,-2.247281074523926,0.5083962678909302,0.0,6.341325759887695
380,1,12,-2.2570583820343018,-2.2570583820343018,0.5218252539634705,0.0,6.5971527099609375
380,1,13,-2.245168685913086,-2.245168685913086,0.5063658952713013,0.0,5.316873073577881
380,1,14,-2.2548248767852783,-2.2548248767852783,0.5736740231513977,0.0,4.853850364685059
380,1,15,-2.253164291381836,-2.253164291381836,0.4717068374156952,0.0,5.926414489746094
380,1,16,-2.2177023887634277,-2.2177023887634277,0.5342017412185669,0.0,5.70814323425293
380,1,17,-2.1881372928619385,-2.1881372928619385,0.550574779510498,0.0,5.739553451538086
380,1,18,-2.2585031986236572,-2.2585031986236572,0.5252134203910828,0.0,5.403343677520752
380,1,19,-2.2570669651031494,-2.2570669651031494,0.4831569194793701,0.0,6.255504608154297
380,2,0,-2.2408697605133057,-2.2408697605133057,0.46739494800567627,0.0,5.571831703186035
380,2,1,-2.2348504066467285,-2.2348504066467285,0.5104121565818787,0.0,5.642396926879883
380,2,2,-2.2361204624176025,-2.2361204624176025,0.514306902885437,0.0,5.638900279998779
380,2,3,-2.2369256019592285,-2.2369256019592285,0.46945512294769287,0.0,5.748302459716797
380,2,4,-2.2507855892181396,-2.2507855892181396,0.5214568376541138,0.0,5.573749542236328
380,2,5,-2.2147622108459473,-2.2147622108459473,0.5068902373313904,0.0,6.123284339904785
380,2,6,-2.2554214000701904,-2.2554214000701904,0.5160328149795532,0.0,6.8171563148498535
380,2,7,-2.229313611984253,-2.229313611984253,0.4549751579761505,0.0,6.153189182281494
380,2,8,-2.2550106048583984,-2.2550106048583984,0.4675142467021942,0.0,6.340812683105469
380,2,9,-2.229055643081665,-2.229055643081665,0.5006131529808044,0.0,6.278421401977539
380,2,10,-2.2221477031707764,-2.2221477031707764,0.48263636231422424,0.0,6.248417854309082
380,2,11,-2.2379772663116455,-2.2379772663116455,0.4946441650390625,0.0,5.1886305809021
380,2,12,-2.2331173419952393,-2.2331173419952393,0.4883190393447876,0.0,6.568862438201904
380,2,13,-2.221592426300049,-2.221592426300049,0.4965924322605133,0.0,5.714447021484375
380,2,14,-2.240767002105713,-2.240767002105713,0.5255632996559143,0.0,6.316484451293945
380,2,15,-2.2404754161834717,-2.2404754161834717,0.476830393075943,0.0,5.94737434387207
380,2,16,-2.2498326301574707,-2.2498326301574707,0.510993242263794,0.0,5.980138778686523
380,2,17,-2.245487928390503,-2.245487928390503,0.5072857141494751,0.0,5.396345138549805
380,2,18,-2.2275822162628174,-2.2275822162628174,0.4884018301963806,0.0,6.088246822357178
380,2,19,-2.2482492923736572,-2.2482492923736572,0.4957806169986725,0.0,6.203478813171387
380,3,0,-2.2773678302764893,-2.2773678302764893,0.5735660195350647,0.0,3.5195369720458984
380,3,1,-2.2791996002197266,-2.2791996002197266,0.5147039890289307,0.0,2.4496383666992188
380,3,2,-2.2775192260742188,-2.2775192260742188,0.5235233902931213,0.0,3.3429017066955566
380,3,3,-2.277662754058838,-2.277662754058838,0.5106617212295532,0.0,3.1041858196258545
380,3,4,-2.279078960418701,-2.279078960418701,0.4697100818157196,0.0,3.329495906829834
380,3,5,-2.2785089015960693,-2.2785089015960693,0.5088282823562622,0.0,3.149867057800293
380,3,6,-2.2789087295532227,-2.2789087295532227,0.48119378089904785,0.0,3.19620418548584
380,3,7,-2.2778165340423584,-2.2778165340423584,0.47650259733200073,0.0,3.240816116333008
380,3,8,-2.277029514312744,-2.277029514312744,0.4901711046695709,0.0,3.4626429080963135
380,3,9,-2.2763071060180664,-2.2763071060180664,0.4952847361564636,0.0,3.1269545555114746
380,3,10,-2.276951313018799,-2.276951313018799,0.5312851667404175,0.0,2.8678784370422363
380,3,11,-2.2767276763916016,-2.2767276763916016,0.526939868927002,0.0,2.994508743286133
380,3,12,-2.2714121341705322,-2.2714121341705322,0.5417876243591309,0.0,3.724534511566162
380,3,13,-2.2782845497131348,-2.2782845497131348,0.46588531136512756,0.0,2.9798402786254883
380,3,14,-2.2770886421203613,-2.2770886421203613,0.5081772804260254,0.0,3.1035027503967285
380,3,15,-2.273824691772461,-2.273824691772461,0.5323281288146973,0.0,3.3721277713775635
380,3,16,-2.2781238555908203,-2.2781238555908203,0.5438635349273682,0.0,3.325207233428955
380,3,17,-2.2764933109283447,-2.2764933109283447,0.5254380106925964,0.0,3.2637457847595215
380,3,18,-2.277761697769165,-2.277761697769165,0.5239470601081848,0.0,2.8596222400665283
380,3,19,-2.276207685470581,-2.276207685470581,0.5077842473983765,0.0,3.257944345474243
380,4,0,-2.278000593185425,-2.278000593185425,0.5376936197280884,0.0,5.074565887451172
380,4,1,-2.2549901008605957,-2.2549901008605957,0.5391206741333008,0.0,4.764712333679199
380,4,2,-2.275611639022827,-2.275611639022827,0.5133389830589294,0.0,5.148602485656738
380,4,3,-2.269679546356201,-2.269679546356201,0.4907921850681305,0.0,5.65692663192749
380,4,4,-2.280240297317505,-2.280240297317505,0.5146339535713196,0.0,4.299262046813965
380,4,5,-2.279881477355957,-2.279881477355957,0.48216548562049866,0.0,3.3687832355499268
380,4,6,-2.2741875648498535,-2.2741875648498535,0.5078834891319275,0.0,5.18862771987915
380,4,7,-2.275073289871216,-2.275073289871216,0.5199680924415588,0.0,3.9465138912200928
380,4,8,-2.2535083293914795,-2.2535083293914795,0.4743530750274658,0.0,5.841414451599121
380,4,9,-2.2746667861938477,-2.2746667861938477,0.4770691394805908,0.0,4.058738708496094
380,4,10,-2.274207830429077,-2.274207830429077,0.5370139479637146,0.0,3.1353869438171387
380,4,11,-2.2780394554138184,-2.2780394554138184,0.4665634334087372,0.0,3.545941114425659
380,4,12,-2.2670345306396484,-2.2670345306396484,0.4158112108707428,0.0,4.689696788787842
380,4,13,-2.271193742752075,-2.271193742752075,0.48014920949935913,0.0,5.199592590332031
380,4,14,-2.2730746269226074,-2.2730746269226074,0.5253663063049316,0.0,4.586632251739502
380,4,15,-2.2745368480682373,-2.2745368480682373,0.4918321669101715,0.0,4.164553165435791
380,4,16,-2.2764275074005127,-2.2764275074005127,0.5223567485809326,0.0,3.962507486343384
380,4,17,-2.2657837867736816,-2.2657837867736816,0.4819334149360657,0.0,5.6200151443481445
380,4,18,-2.278188705444336,-2.278188705444336,0.5096317529678345,0.0,3.380621910095215
380,4,19,-2.276195526123047,-2.276195526123047,0.48928093910217285,0.0,4.929125785827637
380,5,0,-2.2668800354003906,-2.2668800354003906,0.5544939637184143,0.0,5.991189956665039
380,5,1,-2.2642507553100586,-2.2642507553100586,0.5898573994636536,0.0,6.124583721160889
380,5,2,-2.265244960784912,-2.265244960784912,0.6140117645263672,0.0,6.346860408782959
380,5,3,-2.2567083835601807,-2.2567083835601807,0.5679253339767456,0.0,5.659319877624512
380,5,4,-2.2574946880340576,-2.2574946880340576,0.5297505259513855,0.0,6.003474235534668
380,5,5,-2.2472519874572754,-2.2472519874572754,0.5670230984687805,0.0,6.175171852111816
380,5,6,-2.2538416385650635,-2.2538416385650635,0.5882967710494995,0.0,6.311906814575195
380,5,7,-2.26583194732666,-2.26583194732666,0.5404036641120911,0.0,5.3776750564575195
380,5,8,-2.263768196105957,-2.263768196105957,0.5388222336769104,0.0,6.303117752075195
380,5,9,-2.269381046295166,-2.269381046295166,0.5825432538986206,0.0,6.580901145935059
380,5,10,-2.2610812187194824,-2.2610812187194824,0.5925167202949524,0.0,5.783673286437988
380,5,11,-2.245532274246216,-2.245532274246216,0.5820372104644775,0.0,6.421725273132324
380,5,12,-2.26238751411438,-2.26238751411438,0.57352614402771,0.0,5.8074445724487305
380,5,13,-2.2703962326049805,-2.2703962326049805,0.5800952911376953,0.0,5.722904205322266
380,5,14,-2.268986463546753,-2.268986463546753,0.5408346652984619,0.0,6.3685102462768555
380,5,15,-2.2661619186401367,-2.2661619186401367,0.5661911964416504,0.0,5.862144470214844
380,5,16,-2.2649247646331787,-2.2649247646331787,0.5217954516410828,0.0,5.9762349128723145
380,5,17,-2.25541353225708,-2.25541353225708,0.5289925932884216,0.0,6.077909469604492
380,5,18,-2.2475051879882812,-2.2475051879882812,0.5292226076126099,0.0,5.93430233001709
380,5,19,-2.2541821002960205,-2.2541821002960205,0.606571614742279,0.0,6.021825313568115
380,6,0,-2.1998026371002197,-2.1998026371002197,0.5384604930877686,0.0,6.361080646514893
380,6,1,-2.242645502090454,-2.242645502090454,0.5231224298477173,0.0,5.550723075866699
380,6,2,-2.2272965908050537,-2.2272965908050537,0.45735669136047363,0.0,5.375781059265137
380,6,3,-2.234222888946533,-2.234222888946533,0.5459125638008118,0.0,6.0356292724609375
380,6,4,-2.2297403812408447,-2.2297403812408447,0.4927099645137787,0.0,6.241086959838867
380,6,5,-2.199498176574707,-2.199498176574707,0.4737030267715454,0.0,5.850142478942871
380,6,6,-2.223884105682373,-2.223884105682373,0.47121408581733704,0.0,5.582067489624023
380,6,7,-2.2366461753845215,-2.2366461753845215,0.5087952017784119,0.0,5.828658103942871
380,6,8,-2.2201879024505615,-2.2201879024505615,0.5086665153503418,0.0,6.142886161804199
380,6,9,-2.2489945888519287,-2.2489945888519287,0.5491524338722229,0.0,6.3235626220703125
380,6,10,-2.237313747406006,-2.237313747406006,0.5363271236419678,0.0,6.131279468536377
380,6,11,-2.2468457221984863,-2.2468457221984863,0.53496915102005,0.0,6.1498870849609375
380,6,12,-2.2045931816101074,-2.2045931816101074,0.48266497254371643,0.0,5.716078758239746
380,6,13,-2.22816801071167,-2.22816801071167,0.5535849332809448,0.0,6.625511169433594
380,6,14,-2.235198497772217,-2.235198497772217,0.5373125672340393,0.0,5.796108245849609
380,6,15,-2.254720687866211,-2.254720687866211,0.5175089836120605,0.0,5.838139533996582
380,6,16,-2.248365879058838,-2.248365879058838,0.497537761926651,0.0,5.482906341552734
380,6,17,-2.2302517890930176,-2.2302517890930176,0.5176243185997009,0.0,6.0897369384765625
380,6,18,-2.2258334159851074,-2.2258334159851074,0.4876599907875061,0.0,5.939586639404297
380,6,19,-2.1519432067871094,-2.1519432067871094,0.46844324469566345,0.0,5.808968544006348
380,7,0,-2.2219278812408447,-2.2219278812408447,0.5127265453338623,0.0,6.645096302032471
380,7,1,-2.2338311672210693,-2.2338311672210693,0.519291877746582,0.0,6.636024475097656
380,7,2,-2.2116219997406006,-2.2116219997406006,0.49787262082099915,0.0,6.116893768310547
380,7,3,-2.2526116371154785,-2.2526116371154785,0.4952595829963684,0.0,6.236661911010742
380,7,4,-2.242733955383301,-2.242733955383301,0.5272244811058044,0.0,6.2257080078125
380,7,5,-2.2263832092285156,-2.2263832092285156,0.50233393907547,0.0,6.876599311828613
380,7,6,-2.2273855209350586,-2.2273855209350586,0.4571150541305542,0.0,6.8872199058532715
380,7,7,-2.1986095905303955,-2.1986095905303955,0.5065933465957642,0.0,6.595914363861084
380,7,8,-2.2123520374298096,-2.2123520374298096,0.44024935364723206,0.0,5.996745586395264
380,7,9,-2.210763692855835,-2.210763692855835,0.4809056222438812,0.0,6.392423152923584
380,7,10,-2.2365145683288574,-2.2365145683288574,0.5028953552246094,0.0,6.6063432693481445
380,7,11,-2.223534345626831,-2.223534345626831,0.49083709716796875,0.0,6.58220911026001
380,7,12,-2.237441062927246,-2.237441062927246,0.5232325196266174,0.0,7.10218620300293
380,7,13,-2.2330825328826904,-2.2330825328826904,0.4865324795246124,0.0,6.626382827758789
380,7,14,-2.2230093479156494,-2.2230093479156494,0.5024792551994324,0.0,6.224138259887695
380,7,15,-2.231891632080078,-2.231891632080078,0.446826696395874,0.0,6.358184337615967
380,7,16,-2.2334656715393066,-2.2334656715393066,0.5284371376037598,0.0,6.354212284088135
380,7,17,-2.230485677719116,-2.230485677719116,0.510648250579834,0.0,6.785593032836914
380,7,18,-2.2175629138946533,-2.2175629138946533,0.5165494680404663,0.0,6.567137718200684
380,7,19,-2.213567018508911,-2.213567018508911,0.5140040516853333,0.0,6.885921955108643
380,8,0,-2.2363016605377197,-2.2363016605377197,0.4862521290779114,0.0,4.695724010467529
380,8,1,-2.229440450668335,-2.229440450668335,0.5245019793510437,0.0,4.499050140380859
380,8,2,-2.2355329990386963,-2.2355329990386963,0.5512885451316833,0.0,5.284680366516113
380,8,3,-2.229098081588745,-2.229098081588745,0.5640984177589417,0.0,4.643620491027832
380,8,4,-2.2499146461486816,-2.2499146461486816,0.49994397163391113,0.0,4.825087547302246
380,8,5,-2.2124109268188477,-2.2124109268188477,0.4652060270309448,0.0,4.890402793884277
380,8,6,-2.2058372497558594,-2.2058372497558594,0.5401981472969055,0.0,4.804299354553223
380,8,7,-2.202190399169922,-2.202190399169922,0.5415784120559692,0.0,5.28883171081543
380,8,8,-2.1911840438842773,-2.1911840438842773,0.5191328525543213,0.0,4.518948554992676
380,8,9,-2.222177505493164,-2.222177505493164,0.5135328769683838,0.0,5.053387641906738
380,8,10,-2.2344703674316406,-2.2344703674316406,0.5246438980102539,0.0,5.050806999206543
380,8,11,-2.2198126316070557,-2.2198126316070557,0.486412912607193,0.0,5.4531450271606445
380,8,12,-2.231626033782959,-2.231626033782959,0.4672471284866333,0.0,4.270284175872803
380,8,13,-2.2456467151641846,-2.2456467151641846,0.5150076150894165,0.0,5.682346343994141
380,8,14,-2.241541624069214,-2.241541624069214,0.5021503567695618,0.0,4.761500358581543
380,8,15,-2.2378296852111816,-2.2378296852111816,0.5118914842605591,0.0,4.758492946624756
380,8,16,-2.235304117202759,-2.235304117202759,0.4631951153278351,0.0,4.852820873260498
380,8,17,-2.216923713684082,-2.216923713684082,0.5261409282684326,0.0,4.8338422775268555
380,8,18,-2.2058303356170654,-2.2058303356170654,0.4789191484451294,0.0,5.1433258056640625
380,8,19,-2.2249834537506104,-2.2249834537506104,0.5160632133483887,0.0,4.640212535858154
380,9,0,-2.258650302886963,-2.258650302886963,0.4681347608566284,0.0,5.032129287719727
380,9,1,-2.2451109886169434,-2.2451109886169434,0.4611988663673401,0.0,5.790331840515137
380,9,2,-2.237151861190796,-2.237151861190796,0.6791607737541199,0.0,3.88950777053833
380,9,3,-2.245007276535034,-2.245007276535034,0.5343482494354248,0.0,4.872433662414551
380,9,4,-2.2628014087677,-2.2628014087677,0.5395348072052002,0.0,5.587316989898682
380,9,5,-2.2413837909698486,-2.2413837909698486,0.4955453872680664,0.0,5.176244735717773
380,9,6,-2.2529149055480957,-2.2529149055480957,0.4370475113391876,0.0,5.8948564529418945
380,9,7,-2.263110399246216,-2.263110399246216,0.5869948863983154,0.0,6.056608200073242
380,9,8,-2.259117603302002,-2.259117603302002,0.48792773485183716,0.0,5.336337089538574
380,9,9,-2.259636878967285,-2.259636878967285,0.48379379510879517,0.0,5.340811252593994
380,9,10,-2.2472853660583496,-2.2472853660583496,0.44163548946380615,0.0,6.875250339508057
380,9,11,-2.2288007736206055,-2.2288007736206055,0.6763729453086853,0.0,5.641817569732666
380,9,12,-2.2733144760131836,-2.2733144760131836,0.4543549418449402,0.0,5.698678016662598
380,9,13,-2.2583889961242676,-2.2583889961242676,0.5970354080200195,0.0,5.814772605895996
380,9,14,-2.2517125606536865,-2.2517125606536865,0.44072258472442627,0.0,5.111258506774902
380,9,15,-2.237675189971924,-2.237675189971924,0.43638527393341064,0.0,5.834332466125488
380,9,16,-2.225412607192993,-2.225412607192993,0.46949005126953125,0.0,6.080812931060791
380,9,17,-2.2365002632141113,-2.2365002632141113,0.48488467931747437,0.0,5.890695571899414
380,9,18,-2.260744571685791,-2.260744571685791,0.45034462213516235,0.0,6.165075302124023
380,9,19,-2.244819402694702,-2.244819402694702,0.45208311080932617,0.0,6.505331039428711
360,0,0,-2.2564756870269775,-2.2564756870269775,0.5255131125450134,0.0,3.9981703758239746
360,0,1,-2.2589406967163086,-2.2589406967163086,0.4798547029495239,0.0,3.8421497344970703
360,0,2,-2.214897394180298,-2.214897394180298,0.5025185346603394,0.0,3.704219341278076
360,0,3,-2.2410662174224854,-2.2410662174224854,0.5109363198280334,0.0,3.6142940521240234
360,0,4,-2.2124569416046143,-2.2124569416046143,0.556344747543335,0.0,4.014411926269531
360,0,5,-2.2291057109832764,-2.2291057109832764,0.538562536239624,0.0,3.8793509006500244
360,0,6,-2.231067657470703,-2.231067657470703,0.5265399217605591,0.0,4.429742336273193
360,0,7,-2.236283302307129,-2.236283302307129,0.5256358981132507,0.0,3.668600082397461
360,0,8,-2.245866298675537,-2.245866298675537,0.5594678521156311,0.0,3.7773661613464355
360,0,9,-2.2413947582244873,-2.2413947582244873,0.5411454439163208,0.0,4.446109771728516
360,0,10,-2.2314348220825195,-2.2314348220825195,0.518857479095459,0.0,3.993978500366211
360,0,11,-2.24062180519104,-2.24062180519104,0.5421510338783264,0.0,4.357574462890625
360,0,12,-2.23100209236145,-2.23100209236145,0.5157263875007629,0.0,4.386072635650635
360,0,13,-2.255948543548584,-2.255948543548584,0.535429835319519,0.0,3.9304161071777344
360,0,14,-2.215435266494751,-2.215435266494751,0.5050500631332397,0.0,4.140145301818848
360,0,15,-2.2512357234954834,-2.2512357234954834,0.522153377532959,0.0,4.159003734588623
360,0,16,-2.257521867752075,-2.257521867752075,0.5037984251976013,0.0,4.44680118560791
360,0,17,-2.2314536571502686,-2.2314536571502686,0.5183401107788086,0.0,4.221792221069336
360,0,18,-2.2587227821350098,-2.2587227821350098,0.48445239663124084,0.0,4.235396862030029
360,0,19,-2.241328239440918,-2.241328239440918,0.5523499846458435,0.0,3.684018611907959
360,1,0,-2.233896255493164,-2.233896255493164,0.5019991397857666,0.0,5.959527015686035
360,1,1,-2.2739598751068115,-2.2739598751068115,0.5301339030265808,0.0,6.145175933837891
360,1,2,-2.2627615928649902,-2.2627615928649902,0.49180352687835693,0.0,5.686384677886963
360,1,3,-2.2718372344970703,-2.2718372344970703,0.466566801071167,0.0,5.98863410949707
360,1,4,-2.254399538040161,-2.254399538040161,0.526705265045166,0.0,5.804168701171875
360,1,5,-2.268537998199463,-2.268537998199463,0.48186978697776794,0.0,6.107879638671875
360,1,6,-2.249431848526001,-2.249431848526001,0.479672908782959,0.0,6.183135986328125
360,1,7,-2.2394728660583496,-2.2394728660583496,0.5138097405433655,0.0,5.719430923461914
360,1,8,-2.243067502975464,-2.243067502975464,0.42789778113365173,0.0,5.650785446166992
360,1,9,-2.2338778972625732,-2.2338778972625732,0.5221388339996338,0.0,5.416983604431152
360,1,10,-2.264878273010254,-2.264878273010254,0.49923205375671387,0.0,5.299196243286133
360,1,11,-2.248596429824829,-2.248596429824829,0.5057143568992615,0.0,6.3148193359375
360,1,12,-2.221564531326294,-2.221564531326294,0.46568357944488525,0.0,6.7526116371154785
360,1,13,-2.2566425800323486,-2.2566425800323486,0.5310462713241577,0.0,5.793036937713623
360,1,14,-2.2446532249450684,-2.2446532249450684,0.5009676814079285,0.0,6.104087829589844
360,1,15,-2.2445216178894043,-2.2445216178894043,0.511067271232605,0.0,5.737224102020264
360,1,16,-2.2600531578063965,-2.2600531578063965,0.47290438413619995,0.0,6.078103542327881
360,1,17,-2.238969087600708,-2.238969087600708,0.4752587676048279,0.0,5.358659744262695
360,1,18,-2.260524034500122,-2.260524034500122,0.49485430121421814,0.0,6.076744079589844
360,1,19,-2.274214267730713,-2.274214267730713,0.5172001123428345,0.0,5.9480743408203125
360,2,0,-2.258723735809326,-2.258723735809326,0.5289756655693054,0.0,6.078179359436035
360,2,1,-2.250598192214966,-2.250598192214966,0.48474448919296265,0.0,6.455330848693848
360,2,2,-2.2541239261627197,-2.2541239261627197,0.5075172781944275,0.0,6.316673755645752
360,2,3,-2.231780529022217,-2.231780529022217,0.5005422830581665,0.0,6.286393165588379
360,2,4,-2.220627546310425,-2.220627546310425,0.47112759947776794,0.0,5.61604118347168
360,2,5,-2.2004764080047607,-2.2004764080047607,0.47785529494285583,0.0,5.749366760253906
360,2,6,-2.243251085281372,-2.243251085281372,0.5092463493347168,0.0,5.992000579833984
360,2,7,-2.2498979568481445,-2.2498979568481445,0.4949549436569214,0.0,4.970974922180176
360,2,8,-2.2449324131011963,-2.2449324131011963,0.5397697687149048,0.0,6.136844158172607
360,2,9,-2.2355151176452637,-2.2355151176452637,0.5343812704086304,0.0,4.974836826324463
360,2,10,-2.2506630420684814,-2.2506630420684814,0.49645087122917175,0.0,5.955536365509033
360,2,11,-2.2305843830108643,-2.2305843830108643,0.43155986070632935,0.0,5.862044811248779
360,2,12,-2.227839231491089,-2.227839231491089,0.4668489992618561,0.0,5.559507369995117
360,2,13,-2.2401866912841797,-2.2401866912841797,0.5403081774711609,0.0,5.758025169372559
360,2,14,-2.232889413833618,-2.232889413833618,0.4944314956665039,0.0,6.119846343994141
360,2,15,-2.2385714054107666,-2.2385714054107666,0.4950065612792969,0.0,6.10064697265625
360,2,16,-2.2431490421295166,-2.2431490421295166,0.5232149362564087,0.0,5.348269462585449
360,2,17,-2.257044792175293,-2.257044792175293,0.5011705160140991,0.0,5.415753364562988
360,2,18,-2.2390599250793457,-2.2390599250793457,0.477374404668808,0.0,6.498818397521973
360,2,19,-2.2428717613220215,-2.2428717613220215,0.4536159038543701,0.0,5.5981292724609375
360,3,0,-2.2619500160217285,-2.2619500160217285,0.5424858331680298,0.0,3.3023805618286133
360,3,1,-2.2775535583496094,-2.2775535583496094,0.507681131362915,0.0,3.1301026344299316
360,3,2,-2.278114080429077,-2.278114080429077,0.5164009928703308,0.0,2.5474283695220947
360,3,3,-2.278561592102051,-2.278561592102051,0.4995286762714386,0.0,2.938039541244507
360,3,4,-2.276252031326294,-2.276252031326294,0.5273175239562988,0.0,2.6605663299560547
360,3,5,-2.2770373821258545,-2.2770373821258545,0.48710280656814575,0.0,2.822136402130127
360,3,6,-2.2741832733154297,-2.2741832733154297,0.5167223811149597,0.0,2.79197359085083
360,3,7,-2.278075933456421,-2.278075933456421,0.4949575662612915,0.0,2.802175283432007
360,3,8,-2.2759525775909424,-2.2759525775909424,0.5178950428962708,0.0,3.412611961364746
360,3,9,-2.277208089828491,-2.277208089828491,0.5085271000862122,0.0,3.35813045501709
360,3,10,-2.2770259380340576,-2.2770259380340576,0.48663419485092163,0.0,3.222139835357666
360,3,11,-2.2670023441314697,-2.2670023441314697,0.5285760164260864,0.0,2.7306203842163086
360,3,12,-2.279087781906128,-2.279087781906128,0.5383789539337158,0.0,2.945219039916992
360,3,13,-2.2776880264282227,-2.2776880264282227,0.5313861966133118,0.0,3.132843255996704
360,3,14,-2.2773048877716064,-2.2773048877716064,0.5113880038261414,0.0,2.879324436187744
360,3,15,-2.2761993408203125,-2.2761993408203125,0.5373938679695129,0.0,2.6322579383850098
360,3,16,-2.2785866260528564,-2.2785866260528564,0.4937520921230316,0.0,3.1532459259033203
360,3,17,-2.2771108150482178,-2.2771108150482178,0.5153919458389282,0.0,2.8610239028930664
360,3,18,-2.2773571014404297,-2.2773571014404297,0.48534512519836426,0.0,3.619323492050171
360,3,19,-2.276897668838501,-2.276897668838501,0.5456884503364563,0.0,3.0925846099853516
360,4,0,-2.2754898071289062,-2.2754898071289062,0.4607909023761749,0.0,4.982663154602051
360,4,1,-2.275541067123413,-2.275541067123413,0.5184484124183655,0.0,5.106158256530762
360,4,2,-2.2779123783111572,-2.2779123783111572,0.5421463251113892,0.0,4.3101911544799805
360,4,3,-2.2709693908691406,-2.2709693908691406,0.5104858875274658,0.0,4.504361152648926
360,4,4,-2.2777724266052246,-2.2777724266052246,0.5403686761856079,0.0,4.010730266571045
360,4,5,-2.2651314735412598,-2.2651314735412598,0.5156583189964294,0.0,5.766328811645508
360,4,6,-2.269411563873291,-2.269411563873291,0.5267484188079834,0.0,3.5731234550476074
360,4,7,-2.2780797481536865,-2.2780797481536865,0.494867742061615,0.0,4.912949562072754
360,4,8,-2.276163101196289,-2.276163101196289,0.5487408638000488,0.0,4.578324794769287
360,4,9,-2.271442174911499,-2.271442174911499,0.4575192332267761,0.0,3.191803455352783
360,4,10,-2.275244951248169,-2.275244951248169,0.47973906993865967,0.0,4.282464504241943
360,4,11,-2.2670257091522217,-2.2670257091522217,0.4317310154438019,0.0,4.886630058288574
360,4,12,-2.2771246433258057,-2.2771246433258057,0.484259694814682,0.0,4.475555419921875
360,4,13,-2.2771482467651367,-2.2771482467651367,0.5189144611358643,0.0,6.041877269744873
360,4,14,-2.277146816253662,-2.277146816253662,0.522681713104248,0.0,4.248348236083984
360,4,15,-2.2648420333862305,-2.2648420333862305,0.5352422595024109,0.0,4.513263702392578
360,4,16,-2.275239944458008,-2.275239944458008,0.5439566373825073,0.0,5.955306529998779
360,4,17,-2.265991687774658,-2.265991687774658,0.47671934962272644,0.0,5.784209251403809
360,4,18,-2.2787060737609863,-2.2787060737609863,0.5394821166992188,0.0,5.125932693481445
360,4,19,-2.2770211696624756,-2.2770211696624756,0.4767354726791382,0.0,4.036130428314209
360,5,0,-2.256618022918701,-2.256618022918701,0.5652768611907959,0.0,6.355542182922363
360,5,1,-2.260871410369873,-2.260871410369873,0.5380663871765137,0.0,5.444194793701172
360,5,2,-2.2632360458374023,-2.2632360458374023,0.569940447807312,0.0,6.161337375640869
360,5,3,-2.263292074203491,-2.263292074203491,0.5767451524734497,0.0,5.932477951049805
360,5,4,-2.249994993209839,-2.249994993209839,0.6129955649375916,0.0,5.7196502685546875
360,5,5,-2.2614760398864746,-2.2614760398864746,0.5606153607368469,0.0,5.6914963722229
360,5,6,-2.2646429538726807,-2.2646429538726807,0.5839228630065918,0.0,6.013631820678711
360,5,7,-2.2622363567352295,-2.2622363567352295,0.5587353706359863,0.0,5.931723594665527
360,5,8,-2.258721113204956,-2.258721113204956,0.552137017250061,0.0,5.9491472244262695
360,5,9,-2.261746644973755,-2.261746644973755,0.5794821977615356,0.0,5.440585613250732
360,5,10,-2.2640767097473145,-2.2640767097473145,0.611384391784668,0.0,6.330221652984619
360,5,11,-2.256286382675171,-2.256286382675171,0.5516409873962402,0.0,6.2310590744018555
360,5,12,-2.2650578022003174,-2.2650578022003174,0.5331806540489197,0.0,5.707119941711426
360,5,13,-2.2551698684692383,-2.2551698684692383,0.5257559418678284,0.0,6.380586624145508
360,5,14,-2.2641780376434326,-2.2641780376434326,0.5690972208976746,0.0,5.482637882232666
360,5,15,-2.268263578414917,-2.268263578414917,0.5258599519729614,0.0,5.662939071655273
360,5,16,-2.264073371887207,-2.264073371887207,0.5552364587783813,0.0,5.63089656829834
360,5,17,-2.2631406784057617,-2.2631406784057617,0.5510399341583252,0.0,6.355490207672119
360,5,18,-2.2648632526397705,-2.2648632526397705,0.6322354078292847,0.0,5.728498458862305
360,5,19,-2.2463457584381104,-2.2463457584381104,0.5564058423042297,0.0,5.985151767730713
360,6,0,-2.161810874938965,-2.161810874938965,0.46631771326065063,0.0,6.015052795410156
360,6,1,-2.219745635986328,-2.219745635986328,0.4371953010559082,0.0,6.502728462219238
360,6,2,-2.199507474899292,-2.199507474899292,0.49479055404663086,0.0,5.569022178649902
360,6,3,-2.2042510509490967,-2.2042510509490967,0.4682404398918152,0.0,6.1345038414001465
360,6,4,-2.2153635025024414,-2.2153635025024414,0.4652417302131653,0.0,6.003688335418701
360,6,5,-2.229435920715332,-2.229435920715332,0.46520549058914185,0.0,6.023017883300781
360,6,6,-2.216820240020752,-2.216820240020752,0.4759991765022278,0.0,6.132500171661377
360,6,7,-2.2447781562805176,-2.2447781562805176,0.5084002017974854,0.0,6.218597888946533
360,6,8,-2.2140820026397705,-2.2140820026397705,0.534423291683197,0.0,5.3503007888793945
360,6,9,-2.207181930541992,-2.207181930541992,0.4955075681209564,0.0,6.12379789352417
360,6,10,-2.232327461242676,-2.232327461242676,0.53968745470047,0.0,5.604862213134766
360,6,11,-2.203256368637085,-2.203256368637085,0.4835933744907379,0.0,5.8055925369262695
360,6,12,-2.237576723098755,-2.237576723098755,0.518012285232544,0.0,5.913661003112793
360,6,13,-2.225001096725464,-2.225001096725464,0.5081446170806885,0.0,6.1158599853515625
360,6,14,-2.19348406791687,-2.19348406791687,0.5134145021438599,0.0,6.295114040374756
360,6,15,-2.213247537612915,-2.213247537612915,0.5156663656234741,0.0,6.409170627593994
360,6,16,-2.248932361602783,-2.248932361602783,0.5255061984062195,0.0,5.946394920349121
360,6,17,-2.1542956829071045,-2.1542956829071045,0.494124174118042,0.0,5.62968635559082
360,6,18,-2.226304054260254,-2.226304054260254,0.4722629189491272,0.0,5.577831268310547
360,6,19,-2.237381935119629,-2.237381935119629,0.5375722646713257,0.0,6.090060710906982
360,7,0,-2.2302095890045166,-2.2302095890045166,0.4971039891242981,0.0,6.361900329589844
360,7,1,-2.172254800796509,-2.172254800796509,0.5468113422393799,0.0,7.320457935333252
360,7,2,-2.230224132537842,-2.230224132537842,0.4713256061077118,0.0,6.416958808898926
360,7,3,-2.2220191955566406,-2.2220191955566406,0.4914696216583252,0.0,6.317156791687012
360,7,4,-2.245227575302124,-2.245227575302124,0.4321471154689789,0.0,7.128952980041504
360,7,5,-2.249819278717041,-2.249819278717041,0.47600772976875305,0.0,6.036175727844238
360,7,6,-2.226130485534668,-2.226130485534668,0.4736991822719574,0.0,6.971407890319824
360,7,7,-2.214954137802124,-2.214954137802124,0.5438080430030823,0.0,6.730423450469971
360,7,8,-2.223764181137085,-2.223764181137085,0.4909036159515381,0.0,5.781337738037109
360,7,9,-2.2475504875183105,-2.2475504875183105,0.5620157718658447,0.0,7.086705684661865
360,7,10,-2.2079057693481445,-2.2079057693481445,0.4417397677898407,0.0,6.93440055847168
360,7,11,-2.2491097450256348,-2.2491097450256348,0.5094219446182251,0.0,6.562283515930176
360,7,12,-2.2335076332092285,-2.2335076332092285,0.5283329486846924,0.0,6.033322811126709
360,7,13,-2.1991348266601562,-2.1991348266601562,0.5371369123458862,0.0,6.965959548950195
360,7,14,-2.234553098678589,-2.234553098678589,0.5333856344223022,0.0,6.735740661621094
360,7,15,-2.196927547454834,-2.196927547454834,0.5279596447944641,0.0,7.260255813598633
360,7,16,-2.2456166744232178,-2.2456166744232178,0.5272930264472961,0.0,6.748955726623535
360,7,17,-2.2236087322235107,-2.2236087322235107,0.45554450154304504,0.0,6.140109062194824
360,7,18,-2.2367022037506104,-2.2367022037506104,0.5566877126693726,0.0,6.597314834594727
360,7,19,-2.2304091453552246,-2.2304091453552246,0.48735320568084717,0.0,6.662032604217529
360,8,0,-2.207087278366089,-2.207087278366089,0.5501641631126404,0.0,5.9953508377075195
360,8,1,-2.192074775695801,-2.192074775695801,0.4908502995967865,0.0,5.67509651184082
360,8,2,-2.228188991546631,-2.228188991546631,0.559484601020813,0.0,4.634221076965332
360,8,3,-2.2217001914978027,-2.2217001914978027,0.45188412070274353,0.0,4.7478742599487305
360,8,4,-2.2336208820343018,-2.2336208820343018,0.498613566160202,0.0,4.8641862869262695
360,8,5,-2.233060836791992,-2.233060836791992,0.4697566032409668,0.0,5.252786636352539
360,8,6,-2.2497689723968506,-2.2497689723968506,0.4857524633407593,0.0,4.6850690841674805
360,8,7,-2.1965694427490234,-2.1965694427490234,0.5502784848213196,0.0,4.386983394622803
360,8,8,-2.227141857147217,-2.227141857147217,0.528326690196991,0.0,4.522756576538086
360,8,9,-2.230340003967285,-2.230340003967285,0.4841047525405884,0.0,4.452727317810059
360,8,10,-2.2369918823242188,-2.2369918823242188,0.4921911060810089,0.0,5.787821292877197
360,8,11,-2.2288436889648438,-2.2288436889648438,0.4484122693538666,0.0,5.234086036682129
360,8,12,-2.220383405685425,-2.220383405685425,0.47305169701576233,0.0,5.383364677429199
360,8,13,-2.188506841659546,-2.188506841659546,0.4425451159477234,0.0,5.020279884338379
360,8,14,-2.247396945953369,-2.247396945953369,0.4834502935409546,0.0,5.146450996398926
360,8,15,-2.2433600425720215,-2.2433600425720215,0.504578173160553,0.0,4.565245628356934
360,8,16,-2.246781349182129,-2.246781349182129,0.5353745818138123,0.0,5.080522537231445
360,8,17,-2.2067227363586426,-2.2067227363586426,0.49988576769828796,0.0,5.142939567565918
360,8,18,-2.2209348678588867,-2.2209348678588867,0.5052645802497864,0.0,4.359309196472168
360,8,19,-2.2300477027893066,-2.2300477027893066,0.5312068462371826,0.0,4.768221855163574
360,9,0,-2.2743000984191895,-2.2743000984191895,0.48966798186302185,0.0,5.891105651855469
360,9,1,-2.242858648300171,-2.242858648300171,0.4820672273635864,0.0,5.491422176361084
360,9,2,-2.2406959533691406,-2.2406959533691406,0.44367432594299316,0.0,5.440631866455078
360,9,3,-2.252902030944824,-2.252902030944824,0.4694017469882965,0.0,5.037793159484863
360,9,4,-2.258375406265259,-2.258375406265259,0.5057271122932434,0.0,6.2143425941467285
360,9,5,-2.2631547451019287,-2.2631547451019287,0.4540761411190033,0.0,5.775521278381348
360,9,6,-2.2417593002319336,-2.2417593002319336,0.42088693380355835,0.0,5.356282711029053
360,9,7,-2.261469841003418,-2.261469841003418,0.489740252494812,0.0,5.633119583129883
360,9,8,-2.2363641262054443,-2.2363641262054443,0.4493858218193054,0.0,5.583552360534668
360,9,9,-2.257388114929199,-2.257388114929199,0.4630533456802368,0.0,5.735815048217773
360,9,10,-2.2540524005889893,-2.2540524005889893,0.4744499921798706,0.0,4.749345779418945
360,9,11,-2.266051769256592,-2.266051769256592,0.5451686978340149,0.0,5.472273826599121
360,9,12,-2.2259879112243652,-2.2259879112243652,0.4776780903339386,0.0,5.53847599029541
360,9,13,-2.213411808013916,-2.213411808013916,0.42817527055740356,0.0,5.203125953674316
360,9,14,-2.184429883956909,-2.184429883956909,0.6397043466567993,0.0,5.721397399902344
360,9,15,-2.2434465885162354,-2.2434465885162354,0.5944810509681702,0.0,5.045186519622803
360,9,16,-2.257751941680908,-2.257751941680908,0.477239191532135,0.0,5.176132678985596
360,9,17,-2.2664740085601807,-2.2664740085601807,0.5068941712379456,0.0,4.972893238067627
360,9,18,-2.256518840789795,-2.256518840789795,0.48463520407676697,0.0,4.956821918487549
360,9,19,-2.246556043624878,-2.246556043624878,0.35828331112861633,0.0,5.823854446411133
340,0,0,-2.198150634765625,-2.198150634765625,0.470122754573822,0.0,4.100522994995117
340,0,1,-2.2489113807678223,-2.2489113807678223,0.5334649085998535,0.0,3.978670358657837
340,0,2,-2.250819444656372,-2.250819444656372,0.480578750371933,0.0,3.69400691986084
340,0,3,-2.2441256046295166,-2.2441256046295166,0.5381963849067688,0.0,3.503601551055908
340,0,4,-2.233389139175415,-2.233389139175415,0.5425377488136292,0.0,4.027749061584473
340,0,5,-2.2452802658081055,-2.2452802658081055,0.558491051197052,0.0,3.858442783355713
340,0,6,-2.2432496547698975,-2.2432496547698975,0.5658376216888428,0.0,3.987316608428955
340,0,7,-2.2408571243286133,-2.2408571243286133,0.5411635041236877,0.0,3.6505868434906006
340,0,8,-2.2296130657196045,-2.2296130657196045,0.5371257662773132,0.0,4.104081630706787
340,0,9,-2.2393856048583984,-2.2393856048583984,0.4975035786628723,0.0,3.975637912750244
340,0,10,-2.246270179748535,-2.246270179748535,0.5094922780990601,0.0,4.031380653381348
340,0,11,-2.243004560470581,-2.243004560470581,0.5470674633979797,0.0,3.768845319747925
340,0,12,-2.236994981765747,-2.236994981765747,0.5344493389129639,0.0,3.8130922317504883
340,0,13,-2.231513261795044,-2.231513261795044,0.5506083369255066,0.0,3.887157917022705
340,0,14,-2.222280502319336,-2.222280502319336,0.5447985529899597,0.0,3.9972052574157715
340,0,15,-2.259434223175049,-2.259434223175049,0.5385189056396484,0.0,4.066617488861084
340,0,16,-2.2371561527252197,-2.2371561527252197,0.5256818532943726,0.0,3.9777657985687256
340,0,17,-2.2371084690093994,-2.2371084690093994,0.5346599221229553,0.0,4.582165241241455
340,0,18,-2.225553035736084,-2.225553035736084,0.5097519159317017,0.0,4.506381511688232
340,0,19,-2.2521839141845703,-2.2521839141845703,0.550170361995697,0.0,4.515868663787842
340,1,0,-2.235024929046631,-2.235024929046631,0.5282987952232361,0.0,5.401106357574463
340,1,1,-2.271595001220703,-2.271595001220703,0.5234881639480591,0.0,6.094766616821289
340,1,2,-2.2655117511749268,-2.2655117511749268,0.4693233072757721,0.0,6.395682334899902
340,1,3,-2.183039426803589,-2.183039426803589,0.5157065391540527,0.0,5.864683151245117
340,1,4,-2.261659622192383,-2.261659622192383,0.5313349366188049,0.0,5.180098533630371
340,1,5,-2.0613136291503906,-2.0613136291503906,0.5212871432304382,0.0,6.12282657623291
340,1,6,-2.2526745796203613,-2.2526745796203613,0.4936886727809906,0.0,6.329069137573242
340,1,7,-2.2300865650177,-2.2300865650177,0.5300881862640381,0.0,6.018008708953857
340,1,8,-2.2435684204101562,-2.2435684204101562,0.5160577297210693,0.0,5.576608657836914
340,1,9,-2.2640254497528076,-2.2640254497528076,0.5154207944869995,0.0,5.651714324951172
340,1,10,-2.238349676132202,-2.238349676132202,0.5551371574401855,0.0,5.6553497314453125
340,1,11,-2.2588493824005127,-2.2588493824005127,0.5289750695228577,0.0,5.631343841552734
340,1,12,-2.2747745513916016,-2.2747745513916016,0.4520578682422638,0.0,5.571198463439941
340,1,13,-2.2537238597869873,-2.2537238597869873,0.4555321931838989,0.0,5.381999969482422
340,1,14,-2.237290143966675,-2.237290143966675,0.5006488561630249,0.0,6.794594764709473
340,1,15,-2.266444444656372,-2.266444444656372,0.4836218059062958,0.0,5.749435901641846
340,1,16,-2.257784605026245,-2.257784605026245,0.5196032524108887,0.0,5.230264663696289
340,1,17,-2.2384729385375977,-2.2384729385375977,0.5771893262863159,0.0,6.201140403747559
340,1,18,-2.259237766265869,-2.259237766265869,0.545403778553009,0.0,5.827214241027832
340,1,19,-2.257765769958496,-2.257765769958496,0.44086965918540955,0.0,5.892849922180176
340,2,0,-2.2319610118865967,-2.2319610118865967,0.4900672137737274,0.0,6.085831165313721
340,2,1,-2.24379301071167,-2.24379301071167,0.49893617630004883,0.0,6.3335065841674805
340,2,2,-2.2381913661956787,-2.2381913661956787,0.507139265537262,0.0,5.76014518737793
340,2,3,-2.2387986183166504,-2.2387986183166504,0.5386781692504883,0.0,5.683180809020996
340,2,4,-2.236494779586792,-2.236494779586792,0.529291570186615,0.0,6.017276763916016
340,2,5,-2.2401649951934814,-2.2401649951934814,0.43879830837249756,0.0,5.5825958251953125
340,2,6,-2.2156355381011963,-2.2156355381011963,0.47149431705474854,0.0,5.6711883544921875
340,2,7,-2.2251553535461426,-2.2251553535461426,0.5108650922775269,0.0,6.049411296844482
340,2,8,-2.2273128032684326,-2.2273128032684326,0.5007461309432983,0.0,5.921998977661133
340,2,9,-2.245741605758667,-2.245741605758667,0.5100614428520203,0.0,6.094915390014648
340,2,10,-2.2537636756896973,-2.2537636756896973,0.5198546648025513,0.0,5.767232418060303
340,2,11,-2.2362494468688965,-2.2362494468688965,0.5262154340744019,0.0,6.342721939086914
340,2,12,-2.2201380729675293,-2.2201380729675293,0.46258214116096497,0.0,5.897602081298828
340,2,13,-2.259734869003296,-2.259734869003296,0.4769562780857086,0.0,5.419676780700684
340,2,14,-2.234949827194214,-2.234949827194214,0.4461788535118103,0.0,6.017307758331299
340,2,15,-2.2386016845703125,-2.2386016845703125,0.5121015906333923,0.0,5.822757244110107
340,2,16,-2.239907741546631,-2.239907741546631,0.520927906036377,0.0,5.121349811553955
340,2,17,-2.234389543533325,-2.234389543533325,0.5068665742874146,0.0,5.200902462005615
340,2,18,-2.2430455684661865,-2.2430455684661865,0.46231982111930847,0.0,6.291728973388672
340,2,19,-2.2315526008605957,-2.2315526008605957,0.4367676377296448,0.0,5.885683536529541
340,3,0,-2.27742600440979,-2.27742600440979,0.49796777963638306,0.0,2.948910713195801
340,3,1,-2.278578281402588,-2.278578281402588,0.49922943115234375,0.0,2.6706151962280273
340,3,2,-2.2796542644500732,-2.2796542644500732,0.5050760507583618,0.0,3.1474733352661133
340,3,3,-2.2780849933624268,-2.2780849933624268,0.5040152668952942,0.0,3.355186939239502
340,3,4,-2.2772603034973145,-2.2772603034973145,0.534762442111969,0.0,2.9060959815979004
340,3,5,-2.2772746086120605,-2.2772746086120605,0.5136814117431641,0.0,3.116419792175293
340,3,6,-2.2769551277160645,-2.2769551277160645,0.5494030117988586,0.0,3.119607448577881
340,3,7,-2.2774643898010254,-2.2774643898010254,0.5577392578125,0.0,3.2769880294799805
340,3,8,-2.2784066200256348,-2.2784066200256348,0.521342933177948,0.0,2.924854278564453
340,3,9,-2.2776806354522705,-2.2776806354522705,0.4834710657596588,0.0,3.120544910430908
340,3,10,-2.277083158493042,-2.277083158493042,0.4916898310184479,0.0,3.1919901371002197
340,3,11,-2.275193452835083,-2.275193452835083,0.5161741375923157,0.0,3.1683452129364014
340,3,12,-2.2789814472198486,-2.2789814472198486,0.5625873804092407,0.0,3.1356923580169678
340,3,13,-2.278242826461792,-2.278242826461792,0.4949035942554474,0.0,3.051154375076294
340,3,14,-2.276151180267334,-2.276151180267334,0.5475507378578186,0.0,2.775496482849121
340,3,15,-2.2785394191741943,-2.2785394191741943,0.5515353083610535,0.0,2.7734603881835938
340,3,16,-2.278000831604004,-2.278000831604004,0.522138774394989,0.0,2.8108339309692383
340,3,17,-2.2771499156951904,-2.2771499156951904,0.5030087828636169,0.0,3.116563081741333
340,3,18,-2.2786142826080322,-2.2786142826080322,0.508355975151062,0.0,2.90600323677063
340,3,19,-2.2757155895233154,-2.2757155895233154,0.5209826827049255,0.0,3.357358694076538
340,4,0,-2.270962953567505,-2.270962953567505,0.5416120886802673,0.0,5.337833404541016
340,4,1,-2.2804641723632812,-2.2804641723632812,0.5472188591957092,0.0,4.515442848205566
340,4,2,-2.2791430950164795,-2.2791430950164795,0.5389731526374817,0.0,4.253392219543457
340,4,3,-2.276827573776245,-2.276827573776245,0.42114579677581787,0.0,4.169427871704102
340,4,4,-2.278154134750366,-2.278154134750366,0.5155723094940186,0.0,3.3985466957092285
340,4,5,-2.275433301925659,-2.275433301925659,0.5503730773925781,0.0,4.945772171020508
340,4,6,-2.248502016067505,-2.248502016067505,0.4886581003665924,0.0,3.1356732845306396
340,4,7,-2.2754509449005127,-2.2754509449005127,0.5481526851654053,0.0,4.564255237579346
340,4,8,-2.2740659713745117,-2.2740659713745117,0.5218545198440552,0.0,3.464171886444092
340,4,9,-2.2751386165618896,-2.2751386165618896,0.4977041184902191,0.0,5.005592346191406
340,4,10,-2.2772722244262695,-2.2772722244262695,0.4128238260746002,0.0,4.842673301696777
340,4,11,-2.2736659049987793,-2.2736659049987793,0.4786151945590973,0.0,5.157505512237549
340,4,12,-2.276806354522705,-2.276806354522705,0.5207838416099548,0.0,5.312681198120117
340,4,13,-2.2785210609436035,-2.2785210609436035,0.46852633357048035,0.0,4.944530963897705
340,4,14,-2.271946668624878,-2.271946668624878,0.5092816352844238,0.0,4.171009540557861
340,4,15,-2.2719476222991943,-2.2719476222991943,0.4986027181148529,0.0,4.2122015953063965
340,4,16,-2.276172637939453,-2.276172637939453,0.5265198945999146,0.0,4.5258331298828125
340,4,17,-2.2751519680023193,-2.2751519680023193,0.4624401032924652,0.0,3.4274754524230957
340,4,18,-2.272221803665161,-2.272221803665161,0.5560566782951355,0.0,5.528976917266846
340,4,19,-2.2721424102783203,-2.2721424102783203,0.48915648460388184,0.0,5.051888465881348
340,5,0,-2.260451316833496,-2.260451316833496,0.565380334854126,0.0,6.168783187866211
340,5,1,-2.272073984146118,-2.272073984146118,0.5470848679542542,0.0,6.152275085449219
340,5,2,-2.267169237136841,-2.267169237136841,0.5727366805076599,0.0,6.077553749084473
340,5,3,-2.2569544315338135,-2.2569544315338135,0.5567335486412048,0.0,6.222442626953125
340,5,4,-2.270198345184326,-2.270198345184326,0.5513485074043274,0.0,5.9383649826049805
340,5,5,-2.271972894668579,-2.271972894668579,0.5376594066619873,0.0,6.3810625076293945
340,5,6,-2.268352508544922,-2.268352508544922,0.5562601685523987,0.0,5.487819671630859
340,5,7,-2.2560677528381348,-2.2560677528381348,0.5678480267524719,0.0,6.2935380935668945
340,5,8,-2.2661960124969482,-2.2661960124969482,0.5459073781967163,0.0,5.7790327072143555
340,5,9,-2.263298511505127,-2.263298511505127,0.6057572960853577,0.0,5.91697883605957
340,5,10,-2.2621967792510986,-2.2621967792510986,0.5618480443954468,0.0,5.603025913238525
340,5,11,-2.2486512660980225,-2.2486512660980225,0.5401662588119507,0.0,5.887707710266113
340,5,12,-2.2748568058013916,-2.2748568058013916,0.512672483921051,0.0,5.151724338531494
340,5,13,-2.2676336765289307,-2.2676336765289307,0.5464096069335938,0.0,5.6536359786987305
340,5,14,-2.2668514251708984,-2.2668514251708984,0.6162322759628296,0.0,5.818897247314453
340,5,15,-2.254081964492798,-2.254081964492798,0.5912417769432068,0.0,6.180744171142578
340,5,16,-2.2617149353027344,-2.2617149353027344,0.5311338305473328,0.0,6.00815486907959
340,5,17,-2.265202760696411,-2.265202760696411,0.5426681637763977,0.0,6.002782821655273
340,5,18,-2.258793354034424,-2.258793354034424,0.5205656886100769,0.0,5.8252973556518555
340,5,19,-2.272048234939575,-2.272048234939575,0.5792843103408813,0.0,5.890756130218506
340,6,0,-2.21909236907959,-2.21909236907959,0.513829231262207,0.0,5.959877967834473
340,6,1,-2.243626832962036,-2.243626832962036,0.5322492122650146,0.0,5.27472448348999
340,6,2,-2.2075984477996826,-2.2075984477996826,0.483605295419693,0.0,6.171341419219971
340,6,3,-2.231398820877075,-2.231398820877075,0.513383150100708,0.0,6.739144802093506
340,6,4,-2.232476234436035,-2.232476234436035,0.5033054947853088,0.0,6.1338396072387695
340,6,5,-2.2113914489746094,-2.2113914489746094,0.49344682693481445,0.0,6.196525573730469
340,6,6,-2.2335288524627686,-2.2335288524627686,0.530963122844696,0.0,5.290771007537842
340,6,7,-2.2395074367523193,-2.2395074367523193,0.5258731245994568,0.0,6.069766998291016
340,6,8,-2.2215054035186768,-2.2215054035186768,0.5107136368751526,0.0,5.875422954559326
340,6,9,-2.2140984535217285,-2.2140984535217285,0.5074479579925537,0.0,6.072883129119873
340,6,10,-2.2344205379486084,-2.2344205379486084,0.49384987354278564,0.0,5.392110824584961
340,6,11,-2.2475411891937256,-2.2475411891937256,0.5073636174201965,0.0,6.41686487197876
340,6,12,-2.216794729232788,-2.216794729232788,0.4850335717201233,0.0,5.741065979003906
340,6,13,-2.2435851097106934,-2.2435851097106934,0.5046128034591675,0.0,6.249457359313965
340,6,14,-2.2368831634521484,-2.2368831634521484,0.5431553721427917,0.0,5.518002986907959
340,6,15,-2.1962568759918213,-2.1962568759918213,0.5087906718254089,0.0,5.851365566253662
340,6,16,-2.19047212600708,-2.19047212600708,0.5039712190628052,0.0,5.8339362144470215
340,6,17,-2.2003939151763916,-2.2003939151763916,0.48509758710861206,0.0,5.990642547607422
340,6,18,-2.2392709255218506,-2.2392709255218506,0.4617680013179779,0.0,5.464015007019043
340,6,19,-2.1948084831237793,-2.1948084831237793,0.5139594078063965,0.0,5.700934410095215
340,7,0,-2.2474241256713867,-2.2474241256713867,0.49463173747062683,0.0,7.942746162414551
340,7,1,-2.2142505645751953,-2.2142505645751953,0.5198074579238892,0.0,6.40993595123291
340,7,2,-2.233241319656372,-2.233241319656372,0.48257917165756226,0.0,6.06997013092041
340,7,3,-2.2108609676361084,-2.2108609676361084,0.5025656819343567,0.0,6.370205402374268
340,7,4,-2.209630250930786,-2.209630250930786,0.4914543032646179,0.0,7.412190914154053
340,7,5,-2.219468355178833,-2.219468355178833,0.5210472345352173,0.0,6.60648250579834
340,7,6,-2.210340976715088,-2.210340976715088,0.5052918195724487,0.0,7.028303146362305
340,7,7,-2.237030506134033,-2.237030506134033,0.490332692861557,0.0,6.453397274017334
340,7,8,-2.1902477741241455,-2.1902477741241455,0.48207587003707886,0.0,7.003894329071045
340,7,9,-2.226377248764038,-2.226377248764038,0.5073116421699524,0.0,6.839690208435059
340,7,10,-2.2428503036499023,-2.2428503036499023,0.529934823513031,0.0,6.149566650390625
340,7,11,-2.2362380027770996,-2.2362380027770996,0.49140438437461853,0.0,7.278486251831055
340,7,12,-2.228281259536743,-2.228281259536743,0.4803149402141571,0.0,6.435100555419922
340,7,13,-2.216156244277954,-2.216156244277954,0.6012410521507263,0.0,6.021687030792236
340,7,14,-2.2388529777526855,-2.2388529777526855,0.5186126828193665,0.0,7.292568206787109
340,7,15,-2.2452945709228516,-2.2452945709228516,0.4811950623989105,0.0,6.500133514404297
340,7,16,-2.224111557006836,-2.224111557006836,0.5314730405807495,0.0,7.075099468231201
340,7,17,-2.232592821121216,-2.232592821121216,0.550848662853241,0.0,6.384581565856934
340,7,18,-2.223268508911133,-2.223268508911133,0.5185160636901855,0.0,7.114062786102295
340,7,19,-2.224740505218506,-2.224740505218506,0.4947887063026428,0.0,7.051211833953857
340,8,0,-2.199127674102783,-2.199127674102783,0.5145606994628906,0.0,4.5759477615356445
340,8,1,-2.218552350997925,-2.218552350997925,0.5475743412971497,0.0,4.253076076507568
340,8,2,-2.245650053024292,-2.245650053024292,0.46081215143203735,0.0,4.9451165199279785
340,8,3,-2.1863763332366943,-2.1863763332366943,0.5055624842643738,0.0,5.120380401611328
340,8,4,-2.2244362831115723,-2.2244362831115723,0.517535924911499,0.0,4.835020542144775
340,8,5,-2.2149202823638916,-2.2149202823638916,0.5252278447151184,0.0,5.04135799407959
340,8,6,-2.245941400527954,-2.245941400527954,0.5209851861000061,0.0,5.180774688720703
340,8,7,-2.235805034637451,-2.235805034637451,0.5345699787139893,0.0,5.233137607574463
340,8,8,-2.2143795490264893,-2.2143795490264893,0.521932065486908,0.0,5.218612194061279
340,8,9,-2.246074914932251,-2.246074914932251,0.5446869134902954,0.0,5.012633323669434
340,8,10,-2.1829471588134766,-2.1829471588134766,0.5438334345817566,0.0,4.726273536682129
340,8,11,-2.2470176219940186,-2.2470176219940186,0.5571562051773071,0.0,4.916786193847656
340,8,12,-2.232316255569458,-2.232316255569458,0.5210919380187988,0.0,5.884163856506348
340,8,13,-2.229883909225464,-2.229883909225464,0.47078976035118103,0.0,5.739664077758789
340,8,14,-2.2312798500061035,-2.2312798500061035,0.5062732696533203,0.0,5.311042785644531
340,8,15,-2.2428793907165527,-2.2428793907165527,0.4556642770767212,0.0,5.164572715759277
340,8,16,-2.228266477584839,-2.228266477584839,0.5183121562004089,0.0,4.5940680503845215
340,8,17,-2.2300877571105957,-2.2300877571105957,0.5412171483039856,0.0,4.751219749450684
340,8,18,-2.2190983295440674,-2.2190983295440674,0.5136765241622925,0.0,4.431991100311279
340,8,19,-2.233074903488159,-2.233074903488159,0.49569588899612427,0.0,5.17257022857666
340,9,0,-2.2316863536834717,-2.2316863536834717,0.36522290110588074,0.0,5.415945529937744
340,9,1,-2.255763530731201,-2.255763530731201,0.4519737660884857,0.0,4.922685623168945
340,9,2,-2.1948421001434326,-2.1948421001434326,0.4378862679004669,0.0,5.109193801879883
340,9,3,-2.257462501525879,-2.257462501525879,0.4275570511817932,0.0,5.716455459594727
340,9,4,-2.2258241176605225,-2.2258241176605225,0.44647035002708435,0.0,5.0954389572143555
340,9,5,-2.2502927780151367,-2.2502927780151367,0.46201634407043457,0.0,6.188448905944824
340,9,6,-2.2256481647491455,-2.2256481647491455,0.45237380266189575,0.0,5.085543155670166
340,9,7,-2.236499309539795,-2.236499309539795,0.4775467813014984,0.0,5.831380367279053
340,9,8,-2.2133078575134277,-2.2133078575134277,0.42896631360054016,0.0,5.749244689941406
340,9,9,-2.2679011821746826,-2.2679011821746826,0.44563090801239014,0.0,5.62504768371582
340,9,10,-2.2271082401275635,-2.2271082401275635,0.5117111206054688,0.0,4.53773307800293
340,9,11,-2.248159885406494,-2.248159885406494,0.5017507672309875,0.0,5.7051496505737305
340,9,12,-2.2461044788360596,-2.2461044788360596,0.4307367205619812,0.0,5.3885602951049805
340,9,13,-2.194045066833496,-2.194045066833496,0.7344449758529663,0.0,4.812442779541016
340,9,14,-2.2685110569000244,-2.2685110569000244,0.4321625232696533,0.0,5.100610733032227
340,9,15,-2.2738029956817627,-2.2738029956817627,0.49011728167533875,0.0,5.614341735839844
340,9,16,-2.2347371578216553,-2.2347371578216553,0.44754108786582947,0.0,5.434025764465332
340,9,17,-2.2726447582244873,-2.2726447582244873,0.4724389612674713,0.0,5.109549522399902
340,9,18,-2.2493443489074707,-2.2493443489074707,0.5666512250900269,0.0,5.800379753112793
340,9,19,-2.2186508178710938,-2.2186508178710938,0.4639384150505066,0.0,5.789179801940918
320,0,0,-2.2153141498565674,-2.2153141498565674,0.5384825468063354,0.0,3.8366730213165283
320,0,1,-2.237736701965332,-2.237736701965332,0.540582001209259,0.0,4.106757640838623
320,0,2,-2.2453081607818604,-2.2453081607818604,0.49874645471572876,0.0,3.820967674255371
320,0,3,-2.248565435409546,-2.248565435409546,0.5356905460357666,0.0,4.013710975646973
320,0,4,-2.2280819416046143,-2.2280819416046143,0.5496885776519775,0.0,3.3937387466430664
320,0,5,-2.2223775386810303,-2.2223775386810303,0.5467503666877747,0.0,4.255825042724609
320,0,6,-2.2558674812316895,-2.2558674812316895,0.5383924841880798,0.0,4.038830280303955
320,0,7,-2.234621524810791,-2.234621524810791,0.5068350434303284,0.0,3.8834943771362305
320,0,8,-2.2431697845458984,-2.2431697845458984,0.550595223903656,0.0,4.242825508117676
320,0,9,-2.239232063293457,-2.239232063293457,0.49885013699531555,0.0,3.813701868057251
320,0,10,-2.250851631164551,-2.250851631164551,0.5482966899871826,0.0,3.8378570079803467
320,0,11,-2.2451767921447754,-2.2451767921447754,0.533614993095398,0.0,4.025485992431641
320,0,12,-2.2540414333343506,-2.2540414333343506,0.5647748112678528,0.0,3.6843767166137695
320,0,13,-2.248012065887451,-2.248012065887451,0.5308033227920532,0.0,3.9719059467315674
320,0,14,-2.2455930709838867,-2.2455930709838867,0.5029031038284302,0.0,3.748959541320801
320,0,15,-2.237086772918701,-2.237086772918701,0.538109540939331,0.0,3.542353391647339
320,0,16,-2.2470860481262207,-2.2470860481262207,0.5467418432235718,0.0,3.7530269622802734
320,0,17,-2.25327205657959,-2.25327205657959,0.5302004814147949,0.0,3.9526331424713135
320,0,18,-2.2471752166748047,-2.2471752166748047,0.5289650559425354,0.0,4.153824806213379
320,0,19,-2.2525341510772705,-2.2525341510772705,0.5458038449287415,0.0,4.348180770874023
320,1,0,-2.2667653560638428,-2.2667653560638428,0.5434631705284119,0.0,5.507233619689941
320,1,1,-2.2548933029174805,-2.2548933029174805,0.6312666535377502,0.0,5.969418525695801
320,1,2,-2.238088369369507,-2.238088369369507,0.4136528968811035,0.0,5.994001388549805
320,1,3,-2.2708637714385986,-2.2708637714385986,0.5315815210342407,0.0,5.893752098083496
320,1,4,-2.273172378540039,-2.273172378540039,0.5201716423034668,0.0,6.024085521697998
320,1,5,-2.260763168334961,-2.260763168334961,0.518133282661438,0.0,5.822044372558594
320,1,6,-2.268869161605835,-2.268869161605835,0.5248135328292847,0.0,5.568073272705078
320,1,7,-2.263944625854492,-2.263944625854492,0.512702465057373,0.0,5.6798601150512695
320,1,8,-2.2624075412750244,-2.2624075412750244,0.4975103735923767,0.0,5.828433036804199
320,1,9,-2.2604355812072754,-2.2604355812072754,0.5461622476577759,0.0,5.101170539855957
320,1,10,-2.2330737113952637,-2.2330737113952637,0.4512144923210144,0.0,6.136328220367432
320,1,11,-2.2617409229278564,-2.2617409229278564,0.5233116149902344,0.0,5.450223922729492
320,1,12,-2.2212741374969482,-2.2212741374969482,0.5367618799209595,0.0,6.167243003845215
320,1,13,-2.2529537677764893,-2.2529537677764893,0.6537643074989319,0.0,6.383321285247803
320,1,14,-2.2272658348083496,-2.2272658348083496,0.6572163105010986,0.0,5.695699691772461
320,1,15,-2.264453172683716,-2.264453172683716,0.5321871638298035,0.0,5.770252227783203
320,1,16,-2.2754173278808594,-2.2754173278808594,0.5290220379829407,0.0,5.759796142578125
320,1,17,-2.271028757095337,-2.271028757095337,0.47951462864875793,0.0,5.538703918457031
320,1,18,-2.2669498920440674,-2.2669498920440674,0.5258817672729492,0.0,6.154899597167969
320,1,19,-2.244321584701538,-2.244321584701538,0.4983454942703247,0.0,5.9746503829956055
320,2,0,-2.233644962310791,-2.233644962310791,0.49336254596710205,0.0,5.645379066467285
320,2,1,-2.2346460819244385,-2.2346460819244385,0.5518265962600708,0.0,6.385300636291504
320,2,2,-2.237027168273926,-2.237027168273926,0.465015709400177,0.0,6.160037994384766
320,2,3,-2.237619638442993,-2.237619638442993,0.49281713366508484,0.0,5.816980838775635
320,2,4,-2.2448878288269043,-2.2448878288269043,0.5131095051765442,0.0,5.160909652709961
320,2,5,-2.2434685230255127,-2.2434685230255127,0.5207798480987549,0.0,5.977591514587402
320,2,6,-2.212958574295044,-2.212958574295044,0.48321786522865295,0.0,6.079549789428711
320,2,7,-2.2529237270355225,-2.2529237270355225,0.4947982728481293,0.0,5.937252998352051
320,2,8,-2.223017930984497,-2.223017930984497,0.5104405283927917,0.0,6.144941329956055
320,2,9,-2.2044034004211426,-2.2044034004211426,0.4491655230522156,0.0,6.3683671951293945
320,2,10,-2.236659288406372,-2.236659288406372,0.4894716441631317,0.0,5.58133602142334
320,2,11,-2.224170207977295,-2.224170207977295,0.5023974776268005,0.0,4.704474925994873
320,2,12,-2.24336576461792,-2.24336576461792,0.49795660376548767,0.0,5.384549617767334
320,2,13,-2.2180392742156982,-2.2180392742156982,0.4762096405029297,0.0,6.232323169708252
320,2,14,-2.257927179336548,-2.257927179336548,0.5331908464431763,0.0,4.619227886199951
320,2,15,-2.212418794631958,-2.212418794631958,0.5175977349281311,0.0,5.186168193817139
320,2,16,-2.2353503704071045,-2.2353503704071045,0.44283419847488403,0.0,4.971701622009277
320,2,17,-2.238166093826294,-2.238166093826294,0.44743767380714417,0.0,6.199404239654541
320,2,18,-2.2469482421875,-2.2469482421875,0.522609293460846,0.0,5.279385089874268
320,2,19,-2.238361358642578,-2.238361358642578,0.5512707829475403,0.0,5.870791435241699
320,3,0,-2.2778632640838623,-2.2778632640838623,0.5099378228187561,0.0,3.0671188831329346
320,3,1,-2.2764813899993896,-2.2764813899993896,0.4908648729324341,0.0,3.4140076637268066
320,3,2,-2.2765703201293945,-2.2765703201293945,0.5049433708190918,0.0,2.904139518737793
320,3,3,-2.2784619331359863,-2.2784619331359863,0.5018726587295532,0.0,3.100651741027832
320,3,4,-2.278372287750244,-2.278372287750244,0.572654664516449,0.0,3.0953216552734375
320,3,5,-2.277757406234741,-2.277757406234741,0.543398380279541,0.0,3.11997652053833
320,3,6,-2.2769713401794434,-2.2769713401794434,0.5474040508270264,0.0,3.075654983520508
320,3,7,-2.2784721851348877,-2.2784721851348877,0.49821561574935913,0.0,3.284951686859131
320,3,8,-2.276789665222168,-2.276789665222168,0.5314909815788269,0.0,3.146146774291992
320,3,9,-2.278552770614624,-2.278552770614624,0.5032116770744324,0.0,2.663391590118408
320,3,10,-2.2788288593292236,-2.2788288593292236,0.5168747901916504,0.0,3.4994430541992188
320,3,11,-2.2786338329315186,-2.2786338329315186,0.5431506633758545,0.0,3.7052602767944336
320,3,12,-2.2770540714263916,-2.2770540714263916,0.5075238347053528,0.0,3.1432032585144043
320,3,13,-2.277420997619629,-2.277420997619629,0.4827234148979187,0.0,2.929299831390381
320,3,14,-2.278468608856201,-2.278468608856201,0.5560792684555054,0.0,3.102092742919922
320,3,15,-2.2785255908966064,-2.2785255908966064,0.5382894277572632,0.0,2.8058621883392334
320,3,16,-2.2764415740966797,-2.2764415740966797,0.5441790819168091,0.0,3.678596258163452
320,3,17,-2.277686595916748,-2.277686595916748,0.5613138675689697,0.0,2.867431402206421
320,3,18,-2.2772276401519775,-2.2772276401519775,0.5436627268791199,0.0,3.229806900024414
320,3,19,-2.277594804763794,-2.277594804763794,0.5234251618385315,0.0,3.2212677001953125
320,4,0,-2.2721457481384277,-2.2721457481384277,0.5160543918609619,0.0,4.686352729797363
320,4,1,-2.2695529460906982,-2.2695529460906982,0.5319298505783081,0.0,4.663601398468018
320,4,2,-2.2386534214019775,-2.2386534214019775,0.5144909620285034,0.0,5.082380294799805
320,4,3,-2.2765626907348633,-2.2765626907348633,0.6000739932060242,0.0,4.77132511138916
320,4,4,-2.279050827026367,-2.279050827026367,0.527945876121521,0.0,4.4211297035217285
320,4,5,-2.2753965854644775,-2.2753965854644775,0.4749584496021271,0.0,6.141284465789795
320,4,6,-2.2641077041625977,-2.2641077041625977,0.5125453472137451,0.0,4.520892143249512
320,4,7,-2.2794413566589355,-2.2794413566589355,0.4672875702381134,0.0,4.23789119720459
320,4,8,-2.267427682876587,-2.267427682876587,0.4271380305290222,0.0,4.031831741333008
320,4,9,-2.2763211727142334,-2.2763211727142334,0.5406545400619507,0.0,4.725205421447754
320,4,10,-2.2783396244049072,-2.2783396244049072,0.541622519493103,0.0,4.611060619354248
320,4,11,-2.2795956134796143,-2.2795956134796143,0.46663418412208557,0.0,4.830258846282959
320,4,12,-2.266334056854248,-2.266334056854248,0.5301711559295654,0.0,3.8284854888916016
320,4,13,-2.2786285877227783,-2.2786285877227783,0.5149797201156616,0.0,4.989240646362305
320,4,14,-2.2764945030212402,-2.2764945030212402,0.5193578600883484,0.0,5.098706245422363
320,4,15,-2.2716064453125,-2.2716064453125,0.5035691857337952,0.0,5.505735397338867
320,4,16,-2.2784481048583984,-2.2784481048583984,0.5199341177940369,0.0,4.357153415679932
320,4,17,-2.2751317024230957,-2.2751317024230957,0.5133615732192993,0.0,4.3627848625183105
320,4,18,-2.2763540744781494,-2.2763540744781494,0.5591296553611755,0.0,4.41715145111084
320,4,19,-2.2756857872009277,-2.2756857872009277,0.4833606481552124,0.0,5.209551811218262
320,5,0,-2.273587226867676,-2.273587226867676,0.5588569045066833,0.0,6.401888847351074
320,5,1,-2.266160488128662,-2.266160488128662,0.5461248159408569,0.0,5.348971366882324
320,5,2,-2.2433202266693115,-2.2433202266693115,0.5283172130584717,0.0,5.723287582397461
320,5,3,-2.240992307662964,-2.240992307662964,0.5483734607696533,0.0,6.474913597106934
320,5,4,-2.261352777481079,-2.261352777481079,0.5590642094612122,0.0,5.426568031311035
320,5,5,-2.2549452781677246,-2.2549452781677246,0.5630121231079102,0.0,6.362584114074707
320,5,6,-2.26701021194458,-2.26701021194458,0.5529007315635681,0.0,6.059600830078125
320,5,7,-2.2698516845703125,-2.2698516845703125,0.5370813012123108,0.0,5.883199691772461
320,5,8,-2.2670586109161377,-2.2670586109161377,0.5422144532203674,0.0,5.766075611114502
320,5,9,-2.2631795406341553,-2.2631795406341553,0.5754271745681763,0.0,6.265020370483398
320,5,10,-2.2670342922210693,-2.2670342922210693,0.5442045331001282,0.0,6.062999725341797
320,5,11,-2.2578840255737305,-2.2578840255737305,0.5968136787414551,0.0,5.6568379402160645
320,5,12,-2.265230655670166,-2.265230655670166,0.5323687791824341,0.0,5.902848243713379
320,5,13,-2.2677085399627686,-2.2677085399627686,0.5469163656234741,0.0,5.846025466918945
320,5,14,-2.2642416954040527,-2.2642416954040527,0.5378602147102356,0.0,5.847105503082275
320,5,15,-2.2377917766571045,-2.2377917766571045,0.5743565559387207,0.0,5.389220237731934
320,5,16,-2.269157648086548,-2.269157648086548,0.5573264360427856,0.0,6.085731506347656
320,5,17,-2.263749361038208,-2.263749361038208,0.5363062024116516,0.0,6.351255416870117
320,5,18,-2.2531723976135254,-2.2531723976135254,0.528546154499054,0.0,6.600422382354736
320,5,19,-2.2683756351470947,-2.2683756351470947,0.5529600977897644,0.0,5.986760139465332
320,6,0,-2.231178045272827,-2.231178045272827,0.5059345960617065,0.0,6.202868461608887
320,6,1,-2.236374855041504,-2.236374855041504,0.5270763635635376,0.0,6.215517997741699
320,6,2,-2.2003121376037598,-2.2003121376037598,0.5146640539169312,0.0,6.056555271148682
320,6,3,-2.241741418838501,-2.241741418838501,0.48324254155158997,0.0,6.105815410614014
320,6,4,-2.225707769393921,-2.225707769393921,0.5303213596343994,0.0,5.9177350997924805
320,6,5,-2.217153549194336,-2.217153549194336,0.49896711111068726,0.0,6.090583324432373
320,6,6,-2.201201915740967,-2.201201915740967,0.47889700531959534,0.0,5.882220268249512
320,6,7,-2.198275089263916,-2.198275089263916,0.49230965971946716,0.0,5.837597846984863
320,6,8,-2.227203130722046,-2.227203130722046,0.4924355447292328,0.0,6.100050926208496
320,6,9,-2.2011988162994385,-2.2011988162994385,0.48397403955459595,0.0,5.650964260101318
320,6,10,-2.1696293354034424,-2.1696293354034424,0.4866330027580261,0.0,5.8129072189331055
320,6,11,-2.1939969062805176,-2.1939969062805176,0.5144819617271423,0.0,5.815916538238525
320,6,12,-2.2224373817443848,-2.2224373817443848,0.5306750535964966,0.0,6.082586288452148
320,6,13,-2.2329213619232178,-2.2329213619232178,0.4997217357158661,0.0,5.525666236877441
320,6,14,-2.207474946975708,-2.207474946975708,0.5047460198402405,0.0,5.029391765594482
320,6,15,-2.235769748687744,-2.235769748687744,0.49232640862464905,0.0,6.187259197235107
320,6,16,-2.211129665374756,-2.211129665374756,0.5068244934082031,0.0,5.672499656677246
320,6,17,-2.1940901279449463,-2.1940901279449463,0.49981099367141724,0.0,5.5775370597839355
320,6,18,-2.1959874629974365,-2.1959874629974365,0.534355103969574,0.0,6.02783203125
320,6,19,-2.2331173419952393,-2.2331173419952393,0.478817343711853,0.0,6.238081455230713
320,7,0,-2.213118314743042,-2.213118314743042,0.5261509418487549,0.0,7.168984413146973
320,7,1,-2.2139298915863037,-2.2139298915863037,0.4509425461292267,0.0,7.069671630859375
320,7,2,-2.2360336780548096,-2.2360336780548096,0.5461019277572632,0.0,6.564183712005615
320,7,3,-2.2184102535247803,-2.2184102535247803,0.5260018706321716,0.0,6.051418781280518
320,7,4,-2.2404747009277344,-2.2404747009277344,0.4741547703742981,0.0,6.939188480377197
320,7,5,-2.2026779651641846,-2.2026779651641846,0.5098375678062439,0.0,6.318262100219727
320,7,6,-2.2112972736358643,-2.2112972736358643,0.5234150886535645,0.0,6.574760437011719
320,7,7,-2.2387924194335938,-2.2387924194335938,0.4642065465450287,0.0,6.394787788391113
320,7,8,-2.2561709880828857,-2.2561709880828857,0.44730520248413086,0.0,6.892358779907227
320,7,9,-2.2223258018493652,-2.2223258018493652,0.46984532475471497,0.0,6.203537940979004
320,7,10,-2.232445001602173,-2.232445001602173,0.5266498327255249,0.0,6.72527551651001
320,7,11,-2.2336230278015137,-2.2336230278015137,0.48448535799980164,0.0,7.022829055786133
320,7,12,-2.2234621047973633,-2.2234621047973633,0.48447561264038086,0.0,6.467364311218262
320,7,13,-2.21736478805542,-2.21736478805542,0.4935103952884674,0.0,6.437988758087158
320,7,14,-2.217477798461914,-2.217477798461914,0.5348947644233704,0.0,6.598726272583008
320,7,15,-2.24208664894104,-2.24208664894104,0.47149330377578735,0.0,7.247664451599121
320,7,16,-2.202601432800293,-2.202601432800293,0.526302695274353,0.0,7.093388080596924
320,7,17,-2.188760995864868,-2.188760995864868,0.5523196458816528,0.0,7.177146911621094
320,7,18,-2.233074903488159,-2.233074903488159,0.4951019287109375,0.0,6.927799701690674
320,7,19,-2.2017786502838135,-2.2017786502838135,0.4722751975059509,0.0,6.895589828491211
320,8,0,-2.2379016876220703,-2.2379016876220703,0.5133839249610901,0.0,5.1018877029418945
320,8,1,-2.22460675239563,-2.22460675239563,0.5114637613296509,0.0,5.289581298828125
320,8,2,-2.2065606117248535,-2.2065606117248535,0.4831531345844269,0.0,4.7522783279418945
320,8,3,-2.246549606323242,-2.246549606323242,0.5071988105773926,0.0,5.436819076538086
320,8,4,-2.2374107837677,-2.2374107837677,0.5108268857002258,0.0,4.62333869934082
320,8,5,-2.2293314933776855,-2.2293314933776855,0.5331904292106628,0.0,4.919406890869141
320,8,6,-2.1624362468719482,-2.1624362468719482,0.4813970923423767,0.0,4.881721496582031
320,8,7,-2.225775957107544,-2.225775957107544,0.4989337921142578,0.0,5.184392929077148
320,8,8,-2.2199015617370605,-2.2199015617370605,0.5350242853164673,0.0,4.507999897003174
320,8,9,-2.2176802158355713,-2.2176802158355713,0.4778958857059479,0.0,4.724314212799072
320,8,10,-2.222818613052368,-2.222818613052368,0.5198379755020142,0.0,5.313112735748291
320,8,11,-2.2197108268737793,-2.2197108268737793,0.5275263786315918,0.0,4.598033428192139
320,8,12,-2.205272674560547,-2.205272674560547,0.5318399667739868,0.0,5.544526100158691
320,8,13,-2.2125024795532227,-2.2125024795532227,0.4829866588115692,0.0,5.495745658874512
320,8,14,-2.2222695350646973,-2.2222695350646973,0.4848756194114685,0.0,5.109954357147217
320,8,15,-2.219548225402832,-2.219548225402832,0.49879738688468933,0.0,4.95364236831665
320,8,16,-2.2225019931793213,-2.2225019931793213,0.4734346270561218,0.0,5.351408958435059
320,8,17,-2.2673768997192383,-2.2673768997192383,0.5236839056015015,0.0,4.936112403869629
320,8,18,-2.182796001434326,-2.182796001434326,0.49449750781059265,0.0,4.940861701965332
320,8,19,-2.228224039077759,-2.228224039077759,0.48085126280784607,0.0,5.1088714599609375
320,9,0,-2.255872964859009,-2.255872964859009,0.4732615351676941,0.0,5.604428291320801
320,9,1,-2.270918130874634,-2.270918130874634,0.3997349441051483,0.0,5.693109512329102
320,9,2,-2.244142770767212,-2.244142770767212,0.4582024812698364,0.0,5.707283973693848
320,9,3,-2.236393928527832,-2.236393928527832,0.42929771542549133,0.0,5.751841068267822
320,9,4,-2.2587153911590576,-2.2587153911590576,0.49092912673950195,0.0,5.009832859039307
320,9,5,-2.234622001647949,-2.234622001647949,0.4018895626068115,0.0,5.227781295776367
320,9,6,-2.2270212173461914,-2.2270212173461914,0.4050111472606659,0.0,5.208807468414307
320,9,7,-2.250814199447632,-2.250814199447632,0.41168656945228577,0.0,6.0663652420043945
320,9,8,-2.249451160430908,-2.249451160430908,0.5415411591529846,0.0,4.798848628997803
320,9,9,-2.238476276397705,-2.238476276397705,0.6172025799751282,0.0,4.585199356079102
320,9,10,-2.2171852588653564,-2.2171852588653564,0.5038058161735535,0.0,5.361705303192139
320,9,11,-2.2648701667785645,-2.2648701667785645,0.4670182466506958,0.0,5.404856204986572
320,9,12,-2.25032114982605,-2.25032114982605,0.42187243700027466,0.0,6.168459415435791
320,9,13,-2.2361247539520264,-2.2361247539520264,0.47774556279182434,0.0,5.509001731872559
320,9,14,-2.265388011932373,-2.265388011932373,0.5795370936393738,0.0,5.201535224914551
320,9,15,-2.2638893127441406,-2.2638893127441406,0.418278306722641,0.0,4.976059913635254
320,9,16,-2.2439544200897217,-2.2439544200897217,0.4604661166667938,0.0,5.552947998046875
320,9,17,-2.253464937210083,-2.253464937210083,0.5409597158432007,0.0,5.085845947265625
320,9,18,-2.249718427658081,-2.249718427658081,0.4425010681152344,0.0,4.567747116088867
320,9,19,-2.213700294494629,-2.213700294494629,0.5587024092674255,0.0,5.637284278869629
300,0,0,-2.2530415058135986,-2.2530415058135986,0.5084183812141418,0.0,3.8856568336486816
300,0,1,-2.2357919216156006,-2.2357919216156006,0.5508853197097778,0.0,3.864363431930542
300,0,2,-2.2395074367523193,-2.2395074367523193,0.49662894010543823,0.0,4.061583518981934
300,0,3,-2.2312519550323486,-2.2312519550323486,0.5643221139907837,0.0,4.14471960067749
300,0,4,-2.240509271621704,-2.240509271621704,0.5191534161567688,0.0,3.876840114593506
300,0,5,-2.234797477722168,-2.234797477722168,0.5195208787918091,0.0,4.231443405151367
300,0,6,-2.23165225982666,-2.23165225982666,0.5185279846191406,0.0,4.119563102722168
300,0,7,-2.257171154022217,-2.257171154022217,0.5310482978820801,0.0,4.244388103485107
300,0,8,-2.2235867977142334,-2.2235867977142334,0.5033248662948608,0.0,4.265970230102539
300,0,9,-2.220053195953369,-2.220053195953369,0.5714161396026611,0.0,3.89827299118042
300,0,10,-2.24104642868042,-2.24104642868042,0.5439802408218384,0.0,3.7826335430145264
300,0,11,-2.243408679962158,-2.243408679962158,0.5239422917366028,0.0,4.206697940826416
300,0,12,-2.2238800525665283,-2.2238800525665283,0.5643717050552368,0.0,4.194752216339111
300,0,13,-2.210998296737671,-2.210998296737671,0.5309027433395386,0.0,3.7333016395568848
300,0,14,-2.230991840362549,-2.230991840362549,0.5428426861763,0.0,3.954357147216797
300,0,15,-2.2328362464904785,-2.2328362464904785,0.5180678367614746,0.0,4.173630237579346
300,0,16,-2.2333669662475586,-2.2333669662475586,0.5273311138153076,0.0,3.950155735015869
300,0,17,-2.2400639057159424,-2.2400639057159424,0.5342777967453003,0.0,3.6335432529449463
300,0,18,-2.2336959838867188,-2.2336959838867188,0.46329018473625183,0.0,4.347416877746582
300,0,19,-2.227121353149414,-2.227121353149414,0.5395507216453552,0.0,4.266963481903076
300,1,0,-2.269357919692993,-2.269357919692993,0.5171408653259277,0.0,6.142184257507324
300,1,1,-2.265702247619629,-2.265702247619629,0.46143826842308044,0.0,6.145514488220215
300,1,2,-2.262709856033325,-2.262709856033325,0.5037627220153809,0.0,6.145888328552246
300,1,3,-2.259500741958618,-2.259500741958618,0.4983406960964203,0.0,5.823885917663574
300,1,4,-2.1741127967834473,-2.1741127967834473,0.5235757827758789,0.0,5.458725929260254
300,1,5,-2.272649049758911,-2.272649049758911,0.5034082531929016,0.0,5.818955421447754
300,1,6,-2.275527000427246,-2.275527000427246,0.5058913230895996,0.0,5.865080833435059
300,1,7,-2.263373613357544,-2.263373613357544,0.4748786985874176,0.0,5.741142272949219
300,1,8,-2.2568368911743164,-2.2568368911743164,0.5499197840690613,0.0,5.90187931060791
300,1,9,-2.2608256340026855,-2.2608256340026855,0.4940868318080902,0.0,6.362249374389648
300,1,10,-2.2601065635681152,-2.2601065635681152,0.5434789657592773,0.0,6.176425933837891
300,1,11,-2.267575740814209,-2.267575740814209,0.5182864665985107,0.0,5.8431477546691895
300,1,12,-2.243433713912964,-2.243433713912964,0.5709249973297119,0.0,5.676921367645264
300,1,13,-2.264871120452881,-2.264871120452881,0.491593599319458,0.0,5.699437141418457
300,1,14,-2.2700858116149902,-2.2700858116149902,0.5372081398963928,0.0,5.565392971038818
300,1,15,-2.270434617996216,-2.270434617996216,0.5172874927520752,0.0,5.770598411560059
300,1,16,-2.2663164138793945,-2.2663164138793945,0.47070103883743286,0.0,5.510282516479492
300,1,17,-2.2663326263427734,-2.2663326263427734,0.45115935802459717,0.0,5.84341287612915
300,1,18,-2.2107958793640137,-2.2107958793640137,0.503190815448761,0.0,5.780345916748047
300,1,19,-2.181492328643799,-2.181492328643799,0.4711112976074219,0.0,6.097084045410156
300,2,0,-2.235870838165283,-2.235870838165283,0.4886547029018402,0.0,6.296064376831055
300,2,1,-2.2292606830596924,-2.2292606830596924,0.4733385443687439,0.0,6.199831962585449
300,2,2,-2.258251428604126,-2.258251428604126,0.44603219628334045,0.0,5.221174240112305
300,2,3,-2.2195112705230713,-2.2195112705230713,0.48255762457847595,0.0,4.638723850250244
300,2,4,-2.2490012645721436,-2.2490012645721436,0.5217810273170471,0.0,6.086116313934326
300,2,5,-2.2447848320007324,-2.2447848320007324,0.48611152172088623,0.0,5.528353691101074
300,2,6,-2.249858856201172,-2.249858856201172,0.5113793015480042,0.0,5.024116039276123
300,2,7,-2.2605173587799072,-2.2605173587799072,0.4983994960784912,0.0,6.961796760559082
300,2,8,-2.253551959991455,-2.253551959991455,0.4719627797603607,0.0,5.447729110717773
300,2,9,-2.226065158843994,-2.226065158843994,0.4998759329319,0.0,5.917659759521484
300,2,10,-2.2329142093658447,-2.2329142093658447,0.49395108222961426,0.0,6.186606407165527
300,2,11,-2.231996774673462,-2.231996774673462,0.4992868900299072,0.0,5.752747535705566
300,2,12,-2.2367734909057617,-2.2367734909057617,0.5147233009338379,0.0,5.91001033782959
300,2,13,-2.248300075531006,-2.248300075531006,0.5199466347694397,0.0,4.985095977783203
300,2,14,-2.2553744316101074,-2.2553744316101074,0.48567435145378113,0.0,5.91738224029541
300,2,15,-2.216294765472412,-2.216294765472412,0.46888893842697144,0.0,5.492795944213867
300,2,16,-2.224806070327759,-2.224806070327759,0.563240647315979,0.0,6.483063220977783
300,2,17,-2.229306221008301,-2.229306221008301,0.5015878081321716,0.0,5.9190850257873535
300,2,18,-2.224799633026123,-2.224799633026123,0.5138925313949585,0.0,5.707869529724121
300,2,19,-2.2259652614593506,-2.2259652614593506,0.4738035202026367,0.0,5.843889236450195
300,3,0,-2.2773914337158203,-2.2773914337158203,0.598652720451355,0.0,3.040923595428467
300,3,1,-2.2781906127929688,-2.2781906127929688,0.5039798021316528,0.0,2.4329209327697754
300,3,2,-2.2769765853881836,-2.2769765853881836,0.5101029276847839,0.0,3.478400468826294
300,3,3,-2.278412103652954,-2.278412103652954,0.5841472744941711,0.0,3.3692779541015625
300,3,4,-2.2779219150543213,-2.2779219150543213,0.5430682301521301,0.0,2.983010768890381
300,3,5,-2.278301239013672,-2.278301239013672,0.4982685446739197,0.0,2.7394418716430664
300,3,6,-2.277219533920288,-2.277219533920288,0.472644180059433,0.0,2.607707977294922
300,3,7,-2.2781431674957275,-2.2781431674957275,0.5204195380210876,0.0,2.7357394695281982
300,3,8,-2.275994062423706,-2.275994062423706,0.4709097743034363,0.0,2.772475242614746
300,3,9,-2.27830171585083,-2.27830171585083,0.536456286907196,0.0,3.4095611572265625
300,3,10,-2.2777230739593506,-2.2777230739593506,0.46187102794647217,0.0,2.5678138732910156
300,3,11,-2.2781102657318115,-2.2781102657318115,0.5605354905128479,0.0,3.1165802478790283
300,3,12,-2.278019905090332,-2.278019905090332,0.5258615612983704,0.0,2.910679340362549
300,3,13,-2.2784314155578613,-2.2784314155578613,0.5434664487838745,0.0,3.226287364959717
300,3,14,-2.277754068374634,-2.277754068374634,0.46535998582839966,0.0,2.967554807662964
300,3,15,-2.2773351669311523,-2.2773351669311523,0.46717408299446106,0.0,2.7514400482177734
300,3,16,-2.278892755508423,-2.278892755508423,0.5265194773674011,0.0,2.718812942504883
300,3,17,-2.2773890495300293,-2.2773890495300293,0.5112596750259399,0.0,3.903280735015869
300,3,18,-2.278280735015869,-2.278280735015869,0.5240777730941772,0.0,2.6332778930664062
300,3,19,-2.2776222229003906,-2.2776222229003906,0.5058322548866272,0.0,3.471766948699951
300,4,0,-2.279345989227295,-2.279345989227295,0.5523651838302612,0.0,4.417766094207764
300,4,1,-2.278515100479126,-2.278515100479126,0.5501503348350525,0.0,4.808715343475342
300,4,2,-2.2714149951934814,-2.2714149951934814,0.46810775995254517,0.0,4.693361759185791
300,4,3,-2.2776036262512207,-2.2776036262512207,0.5268252491950989,0.0,4.734770774841309
300,4,4,-2.263437032699585,-2.263437032699585,0.5458820462226868,0.0,4.672505855560303
300,4,5,-2.2740042209625244,-2.2740042209625244,0.566718339920044,0.0,4.2010178565979
300,4,6,-2.2646899223327637,-2.2646899223327637,0.5102609992027283,0.0,4.177024841308594
300,4,7,-2.27791428565979,-2.27791428565979,0.5135245323181152,0.0,4.482981204986572
300,4,8,-2.279580593109131,-2.279580593109131,0.5538625717163086,0.0,5.0357465744018555
300,4,9,-2.264716625213623,-2.264716625213623,0.5518317818641663,0.0,4.44123649597168
300,4,10,-2.272493839263916,-2.272493839263916,0.4748370349407196,0.0,4.571013927459717
300,4,11,-2.2793655395507812,-2.2793655395507812,0.5589618682861328,0.0,4.524826526641846
300,4,12,-2.2757720947265625,-2.2757720947265625,0.5335566997528076,0.0,4.701631546020508
300,4,13,-2.2621066570281982,-2.2621066570281982,0.48796993494033813,0.0,4.564737319946289
300,4,14,-2.27710223197937,-2.27710223197937,0.4524776041507721,0.0,3.9421091079711914
300,4,15,-2.2710118293762207,-2.2710118293762207,0.45478010177612305,0.0,3.144225835800171
300,4,16,-2.2759156227111816,-2.2759156227111816,0.5111818313598633,0.0,4.528916835784912
300,4,17,-2.2715420722961426,-2.2715420722961426,0.5327140092849731,0.0,4.471856594085693
300,4,18,-2.2681257724761963,-2.2681257724761963,0.5566728115081787,0.0,5.614680290222168
300,4,19,-2.27866268157959,-2.27866268157959,0.4573131203651428,0.0,4.858551979064941
300,5,0,-2.268198251724243,-2.268198251724243,0.6066925525665283,0.0,6.323483467102051
300,5,1,-2.2644340991973877,-2.2644340991973877,0.5308755040168762,0.0,5.429182052612305
300,5,2,-2.2753045558929443,-2.2753045558929443,0.5636892318725586,0.0,6.577422142028809
300,5,3,-2.237431049346924,-2.237431049346924,0.6006140112876892,0.0,5.866215705871582
300,5,4,-2.261322259902954,-2.261322259902954,0.5682836174964905,0.0,6.096430778503418
300,5,5,-2.2552907466888428,-2.2552907466888428,0.5632224678993225,0.0,6.362297058105469
300,5,6,-2.259901285171509,-2.259901285171509,0.5680676698684692,0.0,6.274000644683838
300,5,7,-2.260080099105835,-2.260080099105835,0.5521297454833984,0.0,6.025542259216309
300,5,8,-2.259892702102661,-2.259892702102661,0.5937751531600952,0.0,5.957494735717773
300,5,9,-2.268270492553711,-2.268270492553711,0.5609905123710632,0.0,5.59229850769043
300,5,10,-2.2660839557647705,-2.2660839557647705,0.5727928280830383,0.0,6.317685127258301
300,5,11,-2.265529155731201,-2.265529155731201,0.5696461200714111,0.0,5.981023788452148
300,5,12,-2.2446506023406982,-2.2446506023406982,0.5544785857200623,0.0,6.159045219421387
300,5,13,-2.2703607082366943,-2.2703607082366943,0.589128315448761,0.0,5.461414813995361
300,5,14,-2.2682974338531494,-2.2682974338531494,0.5437872409820557,0.0,6.417479515075684
300,5,15,-2.236138343811035,-2.236138343811035,0.589295506477356,0.0,6.28917121887207
300,5,16,-2.2655789852142334,-2.2655789852142334,0.5754598379135132,0.0,5.992962837219238
300,5,17,-2.261855125427246,-2.261855125427246,0.5677803158760071,0.0,6.210762023925781
300,5,18,-2.245854377746582,-2.245854377746582,0.5746252536773682,0.0,6.201369285583496
300,5,19,-2.26806378364563,-2.26806378364563,0.5800074338912964,0.0,6.242807388305664
300,6,0,-2.2297191619873047,-2.2297191619873047,0.4439592957496643,0.0,5.899850845336914
300,6,1,-2.2149553298950195,-2.2149553298950195,0.4962196946144104,0.0,5.737340927124023
300,6,2,-2.203601121902466,-2.203601121902466,0.5319332480430603,0.0,6.128412246704102
300,6,3,-2.1970696449279785,-2.1970696449279785,0.5091111063957214,0.0,6.191953659057617
300,6,4,-2.235499620437622,-2.235499620437622,0.5249233245849609,0.0,6.79318904876709
300,6,5,-2.2495100498199463,-2.2495100498199463,0.46149736642837524,0.0,5.985529899597168
300,6,6,-2.2405598163604736,-2.2405598163604736,0.5354809761047363,0.0,6.149812698364258
300,6,7,-2.1843361854553223,-2.1843361854553223,0.5433452129364014,0.0,5.9384307861328125
300,6,8,-2.1811540126800537,-2.1811540126800537,0.47347790002822876,0.0,6.48875617980957
300,6,9,-2.225893259048462,-2.225893259048462,0.5102683305740356,0.0,5.6944355964660645
300,6,10,-2.2463786602020264,-2.2463786602020264,0.5065109133720398,0.0,6.385612487792969
300,6,11,-2.227504253387451,-2.227504253387451,0.45987164974212646,0.0,6.077011585235596
300,6,12,-2.2044458389282227,-2.2044458389282227,0.5343173146247864,0.0,6.005978584289551
300,6,13,-2.2381463050842285,-2.2381463050842285,0.47497227787971497,0.0,5.882524490356445
300,6,14,-2.194446086883545,-2.194446086883545,0.48352909088134766,0.0,6.115505218505859
300,6,15,-2.245899200439453,-2.245899200439453,0.5456981062889099,0.0,6.168126106262207
300,6,16,-2.234459400177002,-2.234459400177002,0.5389178395271301,0.0,5.656222343444824
300,6,17,-2.180544853210449,-2.180544853210449,0.5459209084510803,0.0,5.973531723022461
300,6,18,-2.1877145767211914,-2.1877145767211914,0.48269122838974,0.0,5.97544002532959
300,6,19,-2.2238361835479736,-2.2238361835479736,0.4714708924293518,0.0,5.885547637939453
300,7,0,-2.229389190673828,-2.229389190673828,0.48598113656044006,0.0,6.4619598388671875
300,7,1,-2.2004587650299072,-2.2004587650299072,0.48976707458496094,0.0,6.223704814910889
300,7,2,-2.219608783721924,-2.219608783721924,0.49184727668762207,0.0,6.458127021789551
300,7,3,-2.2348196506500244,-2.2348196506500244,0.5050615668296814,0.0,6.824624061584473
300,7,4,-2.193215847015381,-2.193215847015381,0.4513949453830719,0.0,6.404646396636963
300,7,5,-2.240095853805542,-2.240095853805542,0.49298766255378723,0.0,7.225383281707764
300,7,6,-2.2356367111206055,-2.2356367111206055,0.5010161399841309,0.0,6.1111297607421875
300,7,7,-2.221874952316284,-2.221874952316284,0.4664212167263031,0.0,7.107348442077637
300,7,8,-2.2220969200134277,-2.2220969200134277,0.511021077632904,0.0,6.502198219299316
300,7,9,-2.2210469245910645,-2.2210469245910645,0.519454300403595,0.0,6.745288848876953
300,7,10,-2.200587272644043,-2.200587272644043,0.46322396397590637,0.0,6.787465572357178
300,7,11,-2.218682050704956,-2.218682050704956,0.4320862591266632,0.0,6.509578227996826
300,7,12,-2.237952947616577,-2.237952947616577,0.530518651008606,0.0,7.02421760559082
300,7,13,-2.2004239559173584,-2.2004239559173584,0.5394245982170105,0.0,6.777198314666748
300,7,14,-2.2115707397460938,-2.2115707397460938,0.4651236832141876,0.0,6.931150436401367
300,7,15,-2.246126651763916,-2.246126651763916,0.4973781704902649,0.0,6.717633247375488
300,7,16,-2.2330284118652344,-2.2330284118652344,0.4425031244754791,0.0,6.522361755371094
300,7,17,-2.20904803276062,-2.20904803276062,0.5165776014328003,0.0,7.158624172210693
300,7,18,-2.193025588989258,-2.193025588989258,0.47235164046287537,0.0,7.145927429199219
300,7,19,-2.230891466140747,-2.230891466140747,0.5040189623832703,0.0,6.140704154968262
300,8,0,-2.2203073501586914,-2.2203073501586914,0.4957726001739502,0.0,4.732210159301758
300,8,1,-2.2361114025115967,-2.2361114025115967,0.4992607533931732,0.0,4.797614097595215
300,8,2,-2.235680103302002,-2.235680103302002,0.5291773676872253,0.0,4.929416656494141
300,8,3,-2.2556748390197754,-2.2556748390197754,0.5017496347427368,0.0,5.54277229309082
300,8,4,-2.2384989261627197,-2.2384989261627197,0.4835728704929352,0.0,5.006128311157227
300,8,5,-2.1758944988250732,-2.1758944988250732,0.5237854719161987,0.0,4.80718994140625
300,8,6,-2.204289436340332,-2.204289436340332,0.5196736454963684,0.0,5.290618896484375
300,8,7,-2.249842882156372,-2.249842882156372,0.5080215334892273,0.0,4.691013336181641
300,8,8,-2.2330822944641113,-2.2330822944641113,0.5409414172172546,0.0,5.280960559844971
300,8,9,-2.2213003635406494,-2.2213003635406494,0.47438672184944153,0.0,4.957589149475098
300,8,10,-2.226262331008911,-2.226262331008911,0.5321426391601562,0.0,5.110930442810059
300,8,11,-2.229935646057129,-2.229935646057129,0.5231178998947144,0.0,4.251583576202393
300,8,12,-2.199737548828125,-2.199737548828125,0.4762200713157654,0.0,5.373669624328613
300,8,13,-2.246594190597534,-2.246594190597534,0.52667236328125,0.0,5.094081878662109
300,8,14,-2.2309088706970215,-2.2309088706970215,0.504035234451294,0.0,4.895312309265137
300,8,15,-2.227189302444458,-2.227189302444458,0.5086683630943298,0.0,5.054750919342041
300,8,16,-2.221567153930664,-2.221567153930664,0.49698761105537415,0.0,5.111457824707031
300,8,17,-2.21785569190979,-2.21785569190979,0.4699631929397583,0.0,5.426828861236572
300,8,18,-2.246596574783325,-2.246596574783325,0.4535572826862335,0.0,4.826825141906738
300,8,19,-2.2381110191345215,-2.2381110191345215,0.47308602929115295,0.0,4.930448532104492
300,9,0,-2.232419013977051,-2.232419013977051,0.4562254846096039,0.0,4.8664350509643555
300,9,1,-2.2636852264404297,-2.2636852264404297,0.44925135374069214,0.0,4.971166610717773
300,9,2,-2.212008237838745,-2.212008237838745,0.3887234926223755,0.0,5.865190505981445
300,9,3,-2.2490227222442627,-2.2490227222442627,0.46821215748786926,0.0,5.143382549285889
300,9,4,-2.2579586505889893,-2.2579586505889893,0.46459323167800903,0.0,5.182198524475098
300,9,5,-2.2094531059265137,-2.2094531059265137,0.40977799892425537,0.0,6.209513187408447
300,9,6,-2.2573752403259277,-2.2573752403259277,0.445333868265152,0.0,4.960387706756592
300,9,7,-2.21604585647583,-2.21604585647583,0.4314424395561218,0.0,5.255995273590088
300,9,8,-2.2661774158477783,-2.2661774158477783,0.4825294315814972,0.0,6.796786308288574
300,9,9,-2.2685747146606445,-2.2685747146606445,0.46465376019477844,0.0,5.892783164978027
300,9,10,-2.245555877685547,-2.245555877685547,0.45162269473075867,0.0,5.9679765701293945
300,9,11,-2.2332539558410645,-2.2332539558410645,0.4561101496219635,0.0,5.239991664886475
300,9,12,-2.2552692890167236,-2.2552692890167236,0.4489826261997223,0.0,5.405816078186035
300,9,13,-2.2448482513427734,-2.2448482513427734,0.4858276844024658,0.0,5.540894508361816
300,9,14,-2.243786573410034,-2.243786573410034,0.42124101519584656,0.0,4.703333854675293
300,9,15,-2.256702184677124,-2.256702184677124,0.4897392690181732,0.0,5.205596923828125
300,9,16,-2.2668018341064453,-2.2668018341064453,0.5480369925498962,0.0,5.283000946044922
300,9,17,-2.221581220626831,-2.221581220626831,0.3925707936286926,0.0,5.608086585998535
300,9,18,-2.2565391063690186,-2.2565391063690186,0.47129806876182556,0.0,5.4885101318359375
300,9,19,-2.228898048400879,-2.228898048400879,0.43978413939476013,0.0,5.404179573059082
280,0,0,-2.239858865737915,-2.239858865737915,0.551903247833252,0.0,4.02712345123291
280,0,1,-2.2329909801483154,-2.2329909801483154,0.5319461822509766,0.0,3.6793980598449707
280,0,2,-2.2308390140533447,-2.2308390140533447,0.5710349678993225,0.0,4.075726509094238
280,0,3,-2.231273889541626,-2.231273889541626,0.5019513368606567,0.0,3.6984710693359375
280,0,4,-2.24700665473938,-2.24700665473938,0.5210213661193848,0.0,4.146302700042725
280,0,5,-2.241325616836548,-2.241325616836548,0.5083007216453552,0.0,4.0847272872924805
280,0,6,-2.24880051612854,-2.24880051612854,0.5213261246681213,0.0,4.141793251037598
280,0,7,-2.2336182594299316,-2.2336182594299316,0.526714026927948,0.0,3.9955413341522217
280,0,8,-2.2562692165374756,-2.2562692165374756,0.5820624828338623,0.0,4.196166515350342
280,0,9,-2.245117425918579,-2.245117425918579,0.5134184956550598,0.0,3.8417000770568848
280,0,10,-2.238211154937744,-2.238211154937744,0.4972744286060333,0.0,4.198798179626465
280,0,11,-2.250354290008545,-2.250354290008545,0.5128159523010254,0.0,3.8406734466552734
280,0,12,-2.2320170402526855,-2.2320170402526855,0.5666278600692749,0.0,3.7692489624023438
280,0,13,-2.246736526489258,-2.246736526489258,0.5362196564674377,0.0,3.729684829711914
280,0,14,-2.245901346206665,-2.245901346206665,0.5249138474464417,0.0,3.7314958572387695
280,0,15,-2.2523441314697266,-2.2523441314697266,0.5224618315696716,0.0,4.1937408447265625
280,0,16,-2.2433507442474365,-2.2433507442474365,0.579374372959137,0.0,3.9186718463897705
280,0,17,-2.2528879642486572,-2.2528879642486572,0.5553868412971497,0.0,4.0464582443237305
280,0,18,-2.2518937587738037,-2.2518937587738037,0.5089908242225647,0.0,4.113121032714844
280,0,19,-2.249746561050415,-2.249746561050415,0.5223623514175415,0.0,4.188636779785156
280,1,0,-2.226156234741211,-2.226156234741211,0.522179365158081,0.0,5.69921875
280,1,1,-2.258760690689087,-2.258760690689087,0.5143623948097229,0.0,5.6076459884643555
280,1,2,-2.248645305633545,-2.248645305633545,0.5122511386871338,0.0,6.204796314239502
280,1,3,-2.2623088359832764,-2.2623088359832764,0.5490512847900391,0.0,5.540087699890137
280,1,4,-2.2651255130767822,-2.2651255130767822,0.5154284238815308,0.0,5.473507881164551
280,1,5,-2.267031192779541,-2.267031192779541,0.5171251893043518,0.0,6.0523881912231445
280,1,6,-2.243948221206665,-2.243948221206665,0.5133829116821289,0.0,6.270456314086914
280,1,7,-2.2389771938323975,-2.2389771938323975,0.4961134195327759,0.0,5.743721008300781
280,1,8,-2.273439884185791,-2.273439884185791,0.46241307258605957,0.0,6.285386562347412
280,1,9,-2.2714743614196777,-2.2714743614196777,0.46177589893341064,0.0,5.829437255859375
280,1,10,-2.215085506439209,-2.215085506439209,0.4968578517436981,0.0,5.836334228515625
280,1,11,-2.244716167449951,-2.244716167449951,0.5418472290039062,0.0,5.454984664916992
280,1,12,-2.2690036296844482,-2.2690036296844482,0.503047525882721,0.0,5.770787239074707
280,1,13,-2.2580952644348145,-2.2580952644348145,0.5297839641571045,0.0,5.396960258483887
280,1,14,-2.2630693912506104,-2.2630693912506104,0.5515172481536865,0.0,5.727365970611572
280,1,15,-2.261516571044922,-2.261516571044922,0.595587968826294,0.0,6.337721347808838
280,1,16,-2.259413719177246,-2.259413719177246,0.5092290043830872,0.0,5.694414138793945
280,1,17,-2.2666168212890625,-2.2666168212890625,0.5498773455619812,0.0,5.936148643493652
280,1,18,-2.267160415649414,-2.267160415649414,0.4738094210624695,0.0,6.431646347045898
280,1,19,-2.268021583557129,-2.268021583557129,0.5510812997817993,0.0,6.435421943664551
280,2,0,-2.2395529747009277,-2.2395529747009277,0.49295157194137573,0.0,6.3718743324279785
280,2,1,-2.2658851146698,-2.2658851146698,0.47464972734451294,0.0,5.755939483642578
280,2,2,-2.246462345123291,-2.246462345123291,0.519190788269043,0.0,5.636152267456055
280,2,3,-2.2386372089385986,-2.2386372089385986,0.4907674789428711,0.0,5.561981678009033
280,2,4,-2.2415378093719482,-2.2415378093719482,0.5138518214225769,0.0,5.656702041625977
280,2,5,-2.2341771125793457,-2.2341771125793457,0.5060901045799255,0.0,5.868859767913818
280,2,6,-2.250966787338257,-2.250966787338257,0.47358599305152893,0.0,5.716838359832764
280,2,7,-2.2392513751983643,-2.2392513751983643,0.49885398149490356,0.0,5.516864776611328
280,2,8,-2.2505242824554443,-2.2505242824554443,0.45829081535339355,0.0,5.470125675201416
280,2,9,-2.234696626663208,-2.234696626663208,0.5038259625434875,0.0,6.153937339782715
280,2,10,-2.2348873615264893,-2.2348873615264893,0.45833125710487366,0.0,6.106115341186523
280,2,11,-2.267430067062378,-2.267430067062378,0.4240695834159851,0.0,6.036594390869141
280,2,12,-2.2283782958984375,-2.2283782958984375,0.5065154433250427,0.0,5.091944694519043
280,2,13,-2.2254858016967773,-2.2254858016967773,0.4981631338596344,0.0,6.34102725982666
280,2,14,-2.2145562171936035,-2.2145562171936035,0.49413374066352844,0.0,5.838379859924316
280,2,15,-2.2185659408569336,-2.2185659408569336,0.5040298700332642,0.0,6.079490661621094
280,2,16,-2.226879119873047,-2.226879119873047,0.5331424474716187,0.0,6.1307373046875
280,2,17,-2.236970901489258,-2.236970901489258,0.46908313035964966,0.0,5.8579254150390625
280,2,18,-2.217365264892578,-2.217365264892578,0.5222219824790955,0.0,6.092466354370117
280,2,19,-2.238049268722534,-2.238049268722534,0.5165589451789856,0.0,5.629034996032715
280,3,0,-2.2770802974700928,-2.2770802974700928,0.5184561610221863,0.0,2.9710047245025635
280,3,1,-2.2769546508789062,-2.2769546508789062,0.5198073387145996,0.0,3.2839908599853516
280,3,2,-2.278351306915283,-2.278351306915283,0.4904016852378845,0.0,3.268617630004883
280,3,3,-2.274136781692505,-2.274136781692505,0.46299314498901367,0.0,3.1865603923797607
280,3,4,-2.2769935131073,-2.2769935131073,0.5093747973442078,0.0,3.0617876052856445
280,3,5,-2.2783446311950684,-2.2783446311950684,0.4938516616821289,0.0,2.989673376083374
280,3,6,-2.2769014835357666,-2.2769014835357666,0.512224018573761,0.0,3.0043540000915527
280,3,7,-2.277420997619629,-2.277420997619629,0.5054190754890442,0.0,2.9141578674316406
280,3,8,-2.278294324874878,-2.278294324874878,0.5149298310279846,0.0,3.3932878971099854
280,3,9,-2.277188777923584,-2.277188777923584,0.524490475654602,0.0,2.989741802215576
280,3,10,-2.2778422832489014,-2.2778422832489014,0.46851617097854614,0.0,3.307544469833374
280,3,11,-2.27717661857605,-2.27717661857605,0.5014300346374512,0.0,3.107396125793457
280,3,12,-2.277341842651367,-2.277341842651367,0.5014346241950989,0.0,3.1593017578125
280,3,13,-2.2775652408599854,-2.2775652408599854,0.47816166281700134,0.0,3.0137453079223633
280,3,14,-2.2771778106689453,-2.2771778106689453,0.5481366515159607,0.0,3.0383360385894775
280,3,15,-2.2776601314544678,-2.2776601314544678,0.514075517654419,0.0,3.2808837890625
280,3,16,-2.276827812194824,-2.276827812194824,0.4777809679508209,0.0,3.161348819732666
280,3,17,-2.277859687805176,-2.277859687805176,0.501683235168457,0.0,3.103602409362793
280,3,18,-2.2772774696350098,-2.2772774696350098,0.5060277581214905,0.0,3.399249792098999
280,3,19,-2.277245044708252,-2.277245044708252,0.5423880815505981,0.0,2.817265033721924
280,4,0,-2.2620389461517334,-2.2620389461517334,0.498441219329834,0.0,5.42109489440918
280,4,1,-2.2703664302825928,-2.2703664302825928,0.4906647205352783,0.0,5.490362167358398
280,4,2,-2.259338855743408,-2.259338855743408,0.4469234347343445,0.0,4.786134719848633
280,4,3,-2.274172306060791,-2.274172306060791,0.530093789100647,0.0,4.38114070892334
280,4,4,-2.2806031703948975,-2.2806031703948975,0.45772209763526917,0.0,4.346640110015869
280,4,5,-2.278550624847412,-2.278550624847412,0.541348934173584,0.0,3.850802183151245
280,4,6,-2.2787821292877197,-2.2787821292877197,0.4957983195781708,0.0,4.495822906494141
280,4,7,-2.274519205093384,-2.274519205093384,0.4486114978790283,0.0,5.724966049194336
280,4,8,-2.276101589202881,-2.276101589202881,0.4795554280281067,0.0,4.616616249084473
280,4,9,-2.2732558250427246,-2.2732558250427246,0.44990113377571106,0.0,4.127586364746094
280,4,10,-2.2736427783966064,-2.2736427783966064,0.5162068009376526,0.0,4.881497383117676
280,4,11,-2.27599835395813,-2.27599835395813,0.5046798586845398,0.0,3.650165319442749
280,4,12,-2.2686688899993896,-2.2686688899993896,0.47096335887908936,0.0,4.733776092529297
280,4,13,-2.2753913402557373,-2.2753913402557373,0.5304739475250244,0.0,4.362156867980957
280,4,14,-2.2713968753814697,-2.2713968753814697,0.5470231771469116,0.0,3.9876973628997803
280,4,15,-2.2765700817108154,-2.2765700817108154,0.5030563473701477,0.0,5.355151176452637
280,4,16,-2.2702739238739014,-2.2702739238739014,0.5047315359115601,0.0,4.55027961730957
280,4,17,-2.2786755561828613,-2.2786755561828613,0.4306582510471344,0.0,5.127991676330566
280,4,18,-2.2659354209899902,-2.2659354209899902,0.5301789045333862,0.0,4.968430519104004
280,4,19,-2.272935628890991,-2.272935628890991,0.4598940312862396,0.0,4.603812217712402
280,5,0,-2.2700512409210205,-2.2700512409210205,0.624742865562439,0.0,5.866842269897461
280,5,1,-2.2706215381622314,-2.2706215381622314,0.5399368405342102,0.0,6.003440856933594
280,5,2,-2.2596304416656494,-2.2596304416656494,0.5605934262275696,0.0,6.261772155761719
280,5,3,-2.264625072479248,-2.264625072479248,0.5328466892242432,0.0,6.533842086791992
280,5,4,-2.2695705890655518,-2.2695705890655518,0.6059923768043518,0.0,5.6146650314331055
280,5,5,-2.265237331390381,-2.265237331390381,0.5663176774978638,0.0,5.695458889007568
280,5,6,-2.271286964416504,-2.271286964416504,0.5740465521812439,0.0,5.9366865158081055
280,5,7,-2.2649245262145996,-2.2649245262145996,0.5656868815422058,0.0,6.202030658721924
280,5,8,-2.253472089767456,-2.253472089767456,0.5571625232696533,0.0,5.6063313484191895
280,5,9,-2.2603037357330322,-2.2603037357330322,0.53436279296875,0.0,5.674947738647461
280,5,10,-2.2633299827575684,-2.2633299827575684,0.5284135937690735,0.0,6.06525993347168
280,5,11,-2.2724695205688477,-2.2724695205688477,0.5621052980422974,0.0,5.850860595703125
280,5,12,-2.2615418434143066,-2.2615418434143066,0.5740593075752258,0.0,5.872703552246094
280,5,13,-2.262282609939575,-2.262282609939575,0.5708719491958618,0.0,5.987499237060547
280,5,14,-2.2586472034454346,-2.2586472034454346,0.5846076011657715,0.0,5.6467671394348145
280,5,15,-2.260873556137085,-2.260873556137085,0.5547049045562744,0.0,6.171804428100586
280,5,16,-2.2603585720062256,-2.2603585720062256,0.5408414006233215,0.0,5.374637603759766
280,5,17,-2.2734756469726562,-2.2734756469726562,0.5883582830429077,0.0,5.934649467468262
280,5,18,-2.2662391662597656,-2.2662391662597656,0.5222383737564087,0.0,5.844961166381836
280,5,19,-2.2554988861083984,-2.2554988861083984,0.5627508163452148,0.0,5.402178764343262
280,6,0,-2.218657970428467,-2.218657970428467,0.4628124535083771,0.0,6.336069107055664
280,6,1,-2.210561513900757,-2.210561513900757,0.46522217988967896,0.0,6.484532356262207
280,6,2,-2.196690797805786,-2.196690797805786,0.47574737668037415,0.0,5.7106428146362305
280,6,3,-2.181478500366211,-2.181478500366211,0.48779383301734924,0.0,6.34151554107666
280,6,4,-2.2171196937561035,-2.2171196937561035,0.5235087275505066,0.0,6.161233425140381
280,6,5,-2.217494010925293,-2.217494010925293,0.505891740322113,0.0,5.677036285400391
280,6,6,-2.2460694313049316,-2.2460694313049316,0.5019045472145081,0.0,6.006392002105713
280,6,7,-2.226651430130005,-2.226651430130005,0.4861077070236206,0.0,5.512686252593994
280,6,8,-2.204183340072632,-2.204183340072632,0.49051398038864136,0.0,6.058542251586914
280,6,9,-2.2347896099090576,-2.2347896099090576,0.5070451498031616,0.0,5.7913594245910645
280,6,10,-2.2431211471557617,-2.2431211471557617,0.5030219554901123,0.0,5.883786678314209
280,6,11,-2.2494685649871826,-2.2494685649871826,0.5099342465400696,0.0,6.35243558883667
280,6,12,-2.2122111320495605,-2.2122111320495605,0.47379592061042786,0.0,5.7403178215026855
280,6,13,-2.2258682250976562,-2.2258682250976562,0.5307412147521973,0.0,6.35026216506958
280,6,14,-2.207559823989868,-2.207559823989868,0.47301730513572693,0.0,5.848923683166504
280,6,15,-2.2247090339660645,-2.2247090339660645,0.48520246148109436,0.0,6.310329437255859
280,6,16,-2.233165740966797,-2.233165740966797,0.4296244978904724,0.0,5.468884468078613
280,6,17,-2.231191635131836,-2.231191635131836,0.5095626711845398,0.0,5.567575454711914
280,6,18,-2.2349934577941895,-2.2349934577941895,0.4987659454345703,0.0,5.748129844665527
280,6,19,-2.1983463764190674,-2.1983463764190674,0.5194528698921204,0.0,6.1328229904174805
280,7,0,-2.2169179916381836,-2.2169179916381836,0.5151143074035645,0.0,6.883276462554932
280,7,1,-2.2503175735473633,-2.2503175735473633,0.49083319306373596,0.0,6.53741455078125
280,7,2,-2.212217092514038,-2.212217092514038,0.462139368057251,0.0,7.225830078125
280,7,3,-2.1974475383758545,-2.1974475383758545,0.5134041905403137,0.0,6.460612773895264
280,7,4,-2.197939395904541,-2.197939395904541,0.4666300415992737,0.0,6.574733257293701
280,7,5,-2.2224254608154297,-2.2224254608154297,0.4729454517364502,0.0,7.165470600128174
280,7,6,-2.2139549255371094,-2.2139549255371094,0.49239519238471985,0.0,6.786231517791748
280,7,7,-2.206777811050415,-2.206777811050415,0.4816731810569763,0.0,7.115438461303711
280,7,8,-2.203078031539917,-2.203078031539917,0.45020005106925964,0.0,7.278464317321777
280,7,9,-2.2188754081726074,-2.2188754081726074,0.5068157315254211,0.0,7.016249656677246
280,7,10,-2.2161834239959717,-2.2161834239959717,0.5463811159133911,0.0,7.077144622802734
280,7,11,-2.1981348991394043,-2.1981348991394043,0.5283681154251099,0.0,6.905182838439941
280,7,12,-2.2166268825531006,-2.2166268825531006,0.4738600552082062,0.0,6.4940595626831055
280,7,13,-2.2024893760681152,-2.2024893760681152,0.47501322627067566,0.0,7.076692581176758
280,7,14,-2.2372148036956787,-2.2372148036956787,0.5096316337585449,0.0,6.913713455200195
280,7,15,-2.2260522842407227,-2.2260522842407227,0.5479807257652283,0.0,6.242000579833984
280,7,16,-2.2480461597442627,-2.2480461597442627,0.5557723641395569,0.0,6.937010765075684
280,7,17,-2.1987807750701904,-2.1987807750701904,0.4877883791923523,0.0,6.535229682922363
280,7,18,-2.2122457027435303,-2.2122457027435303,0.5016138553619385,0.0,6.7819719314575195
280,7,19,-2.2272591590881348,-2.2272591590881348,0.5035861730575562,0.0,6.866130828857422
280,8,0,-2.221334934234619,-2.221334934234619,0.5198512673377991,0.0,5.342475414276123
280,8,1,-2.251798391342163,-2.251798391342163,0.5301132202148438,0.0,5.700897216796875
280,8,2,-2.248180389404297,-2.248180389404297,0.508074939250946,0.0,4.6855058670043945
280,8,3,-2.2162978649139404,-2.2162978649139404,0.48030921816825867,0.0,4.6074628829956055
280,8,4,-2.2285876274108887,-2.2285876274108887,0.5094977617263794,0.0,4.756887435913086
280,8,5,-2.2459945678710938,-2.2459945678710938,0.510915994644165,0.0,4.920593738555908
280,8,6,-2.24408221244812,-2.24408221244812,0.4353564381599426,0.0,4.460415840148926
280,8,7,-2.231734037399292,-2.231734037399292,0.4919767379760742,0.0,4.627933502197266
280,8,8,-2.2333836555480957,-2.2333836555480957,0.49241530895233154,0.0,4.704118728637695
280,8,9,-2.188830852508545,-2.188830852508545,0.536308228969574,0.0,5.024097919464111
280,8,10,-2.2243504524230957,-2.2243504524230957,0.5018977522850037,0.0,5.740165710449219
280,8,11,-2.2094814777374268,-2.2094814777374268,0.499353289604187,0.0,5.053483009338379
280,8,12,-2.229210615158081,-2.229210615158081,0.5290244817733765,0.0,4.4428253173828125
280,8,13,-2.2508370876312256,-2.2508370876312256,0.5215017795562744,0.0,4.801706314086914
280,8,14,-2.2584028244018555,-2.2584028244018555,0.5205240845680237,0.0,4.56587028503418
280,8,15,-2.2188210487365723,-2.2188210487365723,0.5292498469352722,0.0,4.473454475402832
280,8,16,-2.2336158752441406,-2.2336158752441406,0.5578785538673401,0.0,5.319260597229004
280,8,17,-2.168912172317505,-2.168912172317505,0.5191105604171753,0.0,5.239577293395996
280,8,18,-2.2233810424804688,-2.2233810424804688,0.46342581510543823,0.0,5.1131911277771
280,8,19,-2.24362850189209,-2.24362850189209,0.5044710636138916,0.0,5.077648639678955
280,9,0,-2.2311902046203613,-2.2311902046203613,0.4562765955924988,0.0,4.965694427490234
280,9,1,-2.192157506942749,-2.192157506942749,0.441423624753952,0.0,5.839229583740234
280,9,2,-2.182156562805176,-2.182156562805176,0.36391040682792664,0.0,5.192028045654297
280,9,3,-2.247703790664673,-2.247703790664673,0.43506643176078796,0.0,5.58056640625
280,9,4,-2.2410573959350586,-2.2410573959350586,0.48074620962142944,0.0,5.206962585449219
280,9,5,-2.261992931365967,-2.261992931365967,0.4612487852573395,0.0,4.69588041305542
280,9,6,-2.2426130771636963,-2.2426130771636963,0.46126943826675415,0.0,4.909555435180664
280,9,7,-2.2401769161224365,-2.2401769161224365,0.43138405680656433,0.0,4.9300150871276855
280,9,8,-2.2563509941101074,-2.2563509941101074,0.4937276244163513,0.0,5.044017314910889
280,9,9,-2.24468731880188,-2.24468731880188,0.5059909224510193,0.0,5.209194183349609
280,9,10,-2.2280516624450684,-2.2280516624450684,0.42767006158828735,0.0,4.934164524078369
280,9,11,-2.246361494064331,-2.246361494064331,0.6123427152633667,0.0,5.249699115753174
280,9,12,-2.263216018676758,-2.263216018676758,0.3964163362979889,0.0,5.883881568908691
280,9,13,-2.2474656105041504,-2.2474656105041504,0.46998468041419983,0.0,4.992951393127441
280,9,14,-2.2550487518310547,-2.2550487518310547,0.4296248257160187,0.0,5.405035972595215
280,9,15,-2.2685964107513428,-2.2685964107513428,0.3923381268978119,0.0,6.506109237670898
280,9,16,-2.2572970390319824,-2.2572970390319824,0.4695601761341095,0.0,5.991013526916504
280,9,17,-2.201690435409546,-2.201690435409546,0.4655402600765228,0.0,5.208179473876953
280,9,18,-2.2558207511901855,-2.2558207511901855,0.4610482156276703,0.0,4.829549789428711
280,9,19,-2.2518701553344727,-2.2518701553344727,0.4760771095752716,0.0,5.461665630340576
260,0,0,-2.234375238418579,-2.234375238418579,0.4784271717071533,0.0,3.734492778778076
260,0,1,-2.2527480125427246,-2.2527480125427246,0.5640043616294861,0.0,4.112297534942627
260,0,2,-2.225637197494507,-2.225637197494507,0.5307945013046265,0.0,3.752686023712158
260,0,3,-2.2416396141052246,-2.2416396141052246,0.5410438776016235,0.0,3.9753267765045166
260,0,4,-2.256682872772217,-2.256682872772217,0.5347685813903809,0.0,4.237157821655273
260,0,5,-2.235037326812744,-2.235037326812744,0.5733603835105896,0.0,4.018879413604736
260,0,6,-2.2333788871765137,-2.2333788871765137,0.5346918106079102,0.0,4.0073747634887695
260,0,7,-2.224980592727661,-2.224980592727661,0.5341494679450989,0.0,3.9603357315063477
260,0,8,-2.246753215789795,-2.246753215789795,0.5441029071807861,0.0,4.522553443908691
260,0,9,-2.2441654205322266,-2.2441654205322266,0.5847563743591309,0.0,3.7416815757751465
260,0,10,-2.2418603897094727,-2.2418603897094727,0.496798038482666,0.0,3.6808512210845947
260,0,11,-2.249581813812256,-2.249581813812256,0.5456935167312622,0.0,3.9042110443115234
260,0,12,-2.2505757808685303,-2.2505757808685303,0.5461540222167969,0.0,3.5782177448272705
260,0,13,-2.2300362586975098,-2.2300362586975098,0.5364840030670166,0.0,3.74023699760437
260,0,14,-2.239112377166748,-2.239112377166748,0.5667595267295837,0.0,4.118329048156738
260,0,15,-2.245809555053711,-2.245809555053711,0.5467799305915833,0.0,3.7700445652008057
260,0,16,-2.2466585636138916,-2.2466585636138916,0.5167176723480225,0.0,3.6233158111572266
260,0,17,-2.242788791656494,-2.242788791656494,0.5054717063903809,0.0,4.0103864669799805
260,0,18,-2.2427361011505127,-2.2427361011505127,0.566697359085083,0.0,4.236604690551758
260,0,19,-2.2481088638305664,-2.2481088638305664,0.5554763078689575,0.0,3.9610061645507812
260,1,0,-2.252042770385742,-2.252042770385742,0.5742934346199036,0.0,5.724025249481201
260,1,1,-2.2534940242767334,-2.2534940242767334,0.5135802030563354,0.0,5.519896030426025
260,1,2,-2.1854045391082764,-2.1854045391082764,0.5209387540817261,0.0,6.014418601989746
260,1,3,-2.25701904296875,-2.25701904296875,0.4932379424571991,0.0,6.392895221710205
260,1,4,-2.267569065093994,-2.267569065093994,0.5271878838539124,0.0,5.988865852355957
260,1,5,-2.261085271835327,-2.261085271835327,0.5595686435699463,0.0,6.254208564758301
260,1,6,-2.250077247619629,-2.250077247619629,0.49720877408981323,0.0,6.038181304931641
260,1,7,-2.265784978866577,-2.265784978866577,0.5293564796447754,0.0,5.793965816497803
260,1,8,-2.25225830078125,-2.25225830078125,0.5152520537376404,0.0,5.284704208374023
260,1,9,-2.2386980056762695,-2.2386980056762695,0.592380166053772,0.0,6.088418960571289
260,1,10,-2.2527060508728027,-2.2527060508728027,0.5184968113899231,0.0,5.970172882080078
260,1,11,-2.267961025238037,-2.267961025238037,0.5020278096199036,0.0,6.141656875610352
260,1,12,-2.273651361465454,-2.273651361465454,0.5268042087554932,0.0,5.674550533294678
260,1,13,-2.2456953525543213,-2.2456953525543213,0.5378255844116211,0.0,6.202190399169922
260,1,14,-2.266505241394043,-2.266505241394043,0.5649194717407227,0.0,5.738996505737305
260,1,15,-2.274190902709961,-2.274190902709961,0.5321463346481323,0.0,5.935262680053711
260,1,16,-2.24099063873291,-2.24099063873291,0.4870646893978119,0.0,6.193079948425293
260,1,17,-2.264608144760132,-2.264608144760132,0.5100498795509338,0.0,6.10015869140625
260,1,18,-2.2579147815704346,-2.2579147815704346,0.45898348093032837,0.0,5.709521293640137
260,1,19,-2.2601141929626465,-2.2601141929626465,0.4904126226902008,0.0,5.421875476837158
260,2,0,-2.235832452774048,-2.235832452774048,0.47139671444892883,0.0,5.538832187652588
260,2,1,-2.220515489578247,-2.220515489578247,0.45378804206848145,0.0,6.267340183258057
260,2,2,-2.240706205368042,-2.240706205368042,0.48397281765937805,0.0,6.140384674072266
260,2,3,-2.259608507156372,-2.259608507156372,0.5260981321334839,0.0,5.641831874847412
260,2,4,-2.2471675872802734,-2.2471675872802734,0.49420151114463806,0.0,6.5422515869140625
260,2,5,-2.2342472076416016,-2.2342472076416016,0.5134049654006958,0.0,6.12190580368042
260,2,6,-2.243673801422119,-2.243673801422119,0.5032691359519958,0.0,6.2727155685424805
260,2,7,-2.239424467086792,-2.239424467086792,0.5018596649169922,0.0,5.790246963500977
260,2,8,-2.247267723083496,-2.247267723083496,0.5095854997634888,0.0,5.181883335113525
260,2,9,-2.2379555702209473,-2.2379555702209473,0.480002224445343,0.0,5.661661148071289
260,2,10,-2.228999137878418,-2.228999137878418,0.4716489017009735,0.0,5.05083703994751
260,2,11,-2.245490789413452,-2.245490789413452,0.5191619396209717,0.0,5.689678192138672
260,2,12,-2.2507405281066895,-2.2507405281066895,0.5137619376182556,0.0,6.057263374328613
260,2,13,-2.220399856567383,-2.220399856567383,0.46351882815361023,0.0,6.184680461883545
260,2,14,-2.235609769821167,-2.235609769821167,0.4712299704551697,0.0,6.141581058502197
260,2,15,-2.2444465160369873,-2.2444465160369873,0.5305036306381226,0.0,5.807924270629883
260,2,16,-2.2291839122772217,-2.2291839122772217,0.506209671497345,0.0,5.728193283081055
260,2,17,-2.244732618331909,-2.244732618331909,0.4669466018676758,0.0,5.858670234680176
260,2,18,-2.2208337783813477,-2.2208337783813477,0.48897069692611694,0.0,6.225181579589844
260,2,19,-2.2479686737060547,-2.2479686737060547,0.46999698877334595,0.0,6.260476589202881
260,3,0,-2.2785818576812744,-2.2785818576812744,0.4767155945301056,0.0,3.036722183227539
260,3,1,-2.2779648303985596,-2.2779648303985596,0.49251002073287964,0.0,2.92376446723938
260,3,2,-2.278214693069458,-2.278214693069458,0.49760302901268005,0.0,3.3861780166625977
260,3,3,-2.2778921127319336,-2.2778921127319336,0.4721301198005676,0.0,3.2040700912475586
260,3,4,-2.277409076690674,-2.277409076690674,0.5206575989723206,0.0,3.0092151165008545
260,3,5,-2.2779436111450195,-2.2779436111450195,0.546567440032959,0.0,2.8692827224731445
260,3,6,-2.277585506439209,-2.277585506439209,0.537686824798584,0.0,3.42634654045105
260,3,7,-2.2775440216064453,-2.2775440216064453,0.5193126201629639,0.0,3.442495107650757
260,3,8,-2.274009943008423,-2.274009943008423,0.482623815536499,0.0,3.644598960876465
260,3,9,-2.2784335613250732,-2.2784335613250732,0.5130555629730225,0.0,3.03908371925354
260,3,10,-2.2775509357452393,-2.2775509357452393,0.5510421395301819,0.0,2.766245126724243
260,3,11,-2.2768847942352295,-2.2768847942352295,0.5017608404159546,0.0,3.0449047088623047
260,3,12,-2.2774651050567627,-2.2774651050567627,0.5110337138175964,0.0,3.1246306896209717
260,3,13,-2.2773807048797607,-2.2773807048797607,0.5423705577850342,0.0,2.998826026916504
260,3,14,-2.2776904106140137,-2.2776904106140137,0.4833105206489563,0.0,2.9758992195129395
260,3,15,-2.278183698654175,-2.278183698654175,0.4917784333229065,0.0,3.5460681915283203
260,3,16,-2.2769994735717773,-2.2769994735717773,0.4939716160297394,0.0,3.1598567962646484
260,3,17,-2.27693772315979,-2.27693772315979,0.47516486048698425,0.0,2.8042778968811035
260,3,18,-2.2787082195281982,-2.2787082195281982,0.5443553328514099,0.0,3.0265984535217285
260,3,19,-2.2755067348480225,-2.2755067348480225,0.5205318927764893,0.0,2.981448173522949
260,4,0,-2.270770788192749,-2.270770788192749,0.490960031747818,0.0,4.35683536529541
260,4,1,-2.2796525955200195,-2.2796525955200195,0.4807771146297455,0.0,4.602460861206055
260,4,2,-2.2594690322875977,-2.2594690322875977,0.5135608315467834,0.0,4.55494499206543
260,4,3,-2.2735133171081543,-2.2735133171081543,0.4874691367149353,0.0,3.6472325325012207
260,4,4,-2.27836012840271,-2.27836012840271,0.5145754814147949,0.0,5.363266468048096
260,4,5,-2.279244899749756,-2.279244899749756,0.472828209400177,0.0,4.429088592529297
260,4,6,-2.2620177268981934,-2.2620177268981934,0.5519635081291199,0.0,5.102616310119629
260,4,7,-2.2773349285125732,-2.2773349285125732,0.5525732040405273,0.0,4.471439361572266
260,4,8,-2.277153253555298,-2.277153253555298,0.46790382266044617,0.0,5.604523181915283
260,4,9,-2.2757487297058105,-2.2757487297058105,0.5370690822601318,0.0,4.2712836265563965
260,4,10,-2.2627620697021484,-2.2627620697021484,0.5403791069984436,0.0,3.868117570877075
260,4,11,-2.2549514770507812,-2.2549514770507812,0.4579221308231354,0.0,3.7847957611083984
260,4,12,-2.2677834033966064,-2.2677834033966064,0.5262786746025085,0.0,4.120857238769531
260,4,13,-2.2764506340026855,-2.2764506340026855,0.47646647691726685,0.0,3.84372878074646
260,4,14,-2.2795612812042236,-2.2795612812042236,0.4867042005062103,0.0,4.694273471832275
260,4,15,-2.2789413928985596,-2.2789413928985596,0.5048155784606934,0.0,4.7925825119018555
260,4,16,-2.278348684310913,-2.278348684310913,0.5524523854255676,0.0,4.242921829223633
260,4,17,-2.27695894241333,-2.27695894241333,0.513761043548584,0.0,3.79046630859375
260,4,18,-2.2753243446350098,-2.2753243446350098,0.5072831511497498,0.0,4.16207218170166
260,4,19,-2.2722368240356445,-2.2722368240356445,0.5100176334381104,0.0,3.308309555053711
260,5,0,-2.26885724067688,-2.26885724067688,0.5510478019714355,0.0,5.495536804199219
260,5,1,-2.2701985836029053,-2.2701985836029053,0.5405194163322449,0.0,6.234644889831543
260,5,2,-2.2684452533721924,-2.2684452533721924,0.5605260729789734,0.0,5.735240459442139
260,5,3,-2.268270254135132,-2.268270254135132,0.5688578486442566,0.0,6.025466442108154
260,5,4,-2.2723965644836426,-2.2723965644836426,0.5690066814422607,0.0,6.048521995544434
260,5,5,-2.268716335296631,-2.268716335296631,0.5856419801712036,0.0,5.689470291137695
260,5,6,-2.25759220123291,-2.25759220123291,0.5656655430793762,0.0,5.969484329223633
260,5,7,-2.264517307281494,-2.264517307281494,0.5891082286834717,0.0,6.3101115226745605
260,5,8,-2.2563676834106445,-2.2563676834106445,0.5497348308563232,0.0,6.459555625915527
260,5,9,-2.246896266937256,-2.246896266937256,0.5525206923484802,0.0,6.432960033416748
260,5,10,-2.2614402770996094,-2.2614402770996094,0.5730559825897217,0.0,5.47967004776001
260,5,11,-2.2624106407165527,-2.2624106407165527,0.5527191758155823,0.0,5.824894905090332
260,5,12,-2.273416042327881,-2.273416042327881,0.5530183911323547,0.0,6.233392238616943
260,5,13,-2.261040210723877,-2.261040210723877,0.5817927718162537,0.0,6.142253875732422
260,5,14,-2.2724032402038574,-2.2724032402038574,0.513355016708374,0.0,6.081858158111572
260,5,15,-2.253147840499878,-2.253147840499878,0.5441006422042847,0.0,5.603540420532227
260,5,16,-2.245809555053711,-2.245809555053711,0.5588269829750061,0.0,5.992318153381348
260,5,17,-2.255671739578247,-2.255671739578247,0.5494919419288635,0.0,6.057761192321777
260,5,18,-2.2637221813201904,-2.2637221813201904,0.5190844535827637,0.0,6.231389999389648
260,5,19,-2.2630293369293213,-2.2630293369293213,0.5773645639419556,0.0,6.027541160583496
260,6,0,-2.1294734477996826,-2.1294734477996826,0.517162024974823,0.0,5.748666763305664
260,6,1,-2.2222988605499268,-2.2222988605499268,0.4958004355430603,0.0,5.768540382385254
260,6,2,-2.2352585792541504,-2.2352585792541504,0.5526021122932434,0.0,5.302568435668945
260,6,3,-2.2072505950927734,-2.2072505950927734,0.49116280674934387,0.0,5.648104667663574
260,6,4,-2.1887149810791016,-2.1887149810791016,0.4828434884548187,0.0,6.006278991699219
260,6,5,-2.188966989517212,-2.188966989517212,0.4792320430278778,0.0,5.602856636047363
260,6,6,-2.254981756210327,-2.254981756210327,0.4868345856666565,0.0,5.93520450592041
260,6,7,-2.2329955101013184,-2.2329955101013184,0.4718508720397949,0.0,6.1050190925598145
260,6,8,-2.2153759002685547,-2.2153759002685547,0.5053863525390625,0.0,6.011730194091797
260,6,9,-2.2207653522491455,-2.2207653522491455,0.5175326466560364,0.0,5.99974250793457
260,6,10,-2.230442523956299,-2.230442523956299,0.43738287687301636,0.0,5.868259429931641
260,6,11,-2.20147967338562,-2.20147967338562,0.4983215928077698,0.0,5.900078773498535
260,6,12,-2.1801164150238037,-2.1801164150238037,0.5289087295532227,0.0,5.854883193969727
260,6,13,-2.2135210037231445,-2.2135210037231445,0.4855566620826721,0.0,6.478592872619629
260,6,14,-2.218571901321411,-2.218571901321411,0.5161859393119812,0.0,6.260518550872803
260,6,15,-2.216613531112671,-2.216613531112671,0.4999643564224243,0.0,6.203993797302246
260,6,16,-2.194730043411255,-2.194730043411255,0.4923337996006012,0.0,6.047359466552734
260,6,17,-2.2064006328582764,-2.2064006328582764,0.5203564167022705,0.0,6.215390205383301
260,6,18,-2.210805654525757,-2.210805654525757,0.49350297451019287,0.0,6.316043376922607
260,6,19,-2.19762921333313,-2.19762921333313,0.4910232126712799,0.0,6.101650238037109
260,7,0,-2.2120487689971924,-2.2120487689971924,0.4649086892604828,0.0,6.191803932189941
260,7,1,-2.2044215202331543,-2.2044215202331543,0.48595523834228516,0.0,7.090608596801758
260,7,2,-2.2167370319366455,-2.2167370319366455,0.4525069296360016,0.0,6.793877601623535
260,7,3,-2.2457833290100098,-2.2457833290100098,0.4611144959926605,0.0,6.769044399261475
260,7,4,-2.2076826095581055,-2.2076826095581055,0.4518722891807556,0.0,6.50642204284668
260,7,5,-2.2164857387542725,-2.2164857387542725,0.46713170409202576,0.0,6.847142219543457
260,7,6,-2.2369205951690674,-2.2369205951690674,0.4811861217021942,0.0,6.401130676269531
260,7,7,-2.2196474075317383,-2.2196474075317383,0.5603051781654358,0.0,6.228748321533203
260,7,8,-2.14251708984375,-2.14251708984375,0.4568917155265808,0.0,6.727814197540283
260,7,9,-2.2217183113098145,-2.2217183113098145,0.4677306115627289,0.0,6.608623504638672
260,7,10,-2.2148211002349854,-2.2148211002349854,0.4391973614692688,0.0,6.701714515686035
260,7,11,-2.2144575119018555,-2.2144575119018555,0.5115919709205627,0.0,6.728537559509277
260,7,12,-2.229454755783081,-2.229454755783081,0.4857848286628723,0.0,7.145981311798096
260,7,13,-2.2432472705841064,-2.2432472705841064,0.48495498299598694,0.0,6.298731803894043
260,7,14,-2.21797251701355,-2.21797251701355,0.4862439036369324,0.0,5.960026741027832
260,7,15,-2.1432485580444336,-2.1432485580444336,0.48271772265434265,0.0,7.105074405670166
260,7,16,-2.225316047668457,-2.225316047668457,0.4988052248954773,0.0,6.915003299713135
260,7,17,-2.2247166633605957,-2.2247166633605957,0.5074205994606018,0.0,6.559815406799316
260,7,18,-2.2435483932495117,-2.2435483932495117,0.4570503532886505,0.0,6.630240440368652
260,7,19,-2.2043352127075195,-2.2043352127075195,0.43094268441200256,0.0,5.9333720207214355
260,8,0,-2.224431276321411,-2.224431276321411,0.46119359135627747,0.0,5.1403608322143555
260,8,1,-2.2263026237487793,-2.2263026237487793,0.5014510154724121,0.0,4.760922908782959
260,8,2,-2.229276180267334,-2.229276180267334,0.5424479246139526,0.0,5.150607109069824
260,8,3,-2.2589707374572754,-2.2589707374572754,0.5079418420791626,0.0,4.974112033843994
260,8,4,-2.2316770553588867,-2.2316770553588867,0.484234482049942,0.0,5.092302322387695
260,8,5,-2.212698459625244,-2.212698459625244,0.5086977481842041,0.0,4.759877681732178
260,8,6,-2.243870735168457,-2.243870735168457,0.4343922734260559,0.0,5.196671485900879
260,8,7,-2.23932147026062,-2.23932147026062,0.5298047065734863,0.0,4.925352096557617
260,8,8,-2.24125075340271,-2.24125075340271,0.5395070314407349,0.0,4.779550075531006
260,8,9,-2.2479419708251953,-2.2479419708251953,0.5149092078208923,0.0,5.404253959655762
260,8,10,-2.2162818908691406,-2.2162818908691406,0.4769670367240906,0.0,4.635754585266113
260,8,11,-2.184784412384033,-2.184784412384033,0.5152304172515869,0.0,4.94837760925293
260,8,12,-2.2408876419067383,-2.2408876419067383,0.4864320456981659,0.0,5.032435894012451
260,8,13,-2.208895206451416,-2.208895206451416,0.5564338564872742,0.0,4.332235336303711
260,8,14,-2.2384603023529053,-2.2384603023529053,0.538004994392395,0.0,4.944927215576172
260,8,15,-2.1674442291259766,-2.1674442291259766,0.526656985282898,0.0,4.858986854553223
260,8,16,-2.235886335372925,-2.235886335372925,0.5471592545509338,0.0,5.071951389312744
260,8,17,-2.2401492595672607,-2.2401492595672607,0.5202009677886963,0.0,4.341847896575928
260,8,18,-2.237647771835327,-2.237647771835327,0.5291304588317871,0.0,4.927191734313965
260,8,19,-2.2541728019714355,-2.2541728019714355,0.4820963740348816,0.0,4.763708114624023
260,9,0,-2.266063928604126,-2.266063928604126,0.45382773876190186,0.0,5.568511486053467
260,9,1,-2.242285966873169,-2.242285966873169,0.4312955141067505,0.0,5.732665538787842
260,9,2,-2.225454092025757,-2.225454092025757,0.4744908809661865,0.0,5.498462677001953
260,9,3,-2.2203853130340576,-2.2203853130340576,0.5005298256874084,0.0,5.495696067810059
260,9,4,-2.245126485824585,-2.245126485824585,0.4403626024723053,0.0,5.0125861167907715
260,9,5,-2.236102342605591,-2.236102342605591,0.42848077416419983,0.0,5.200217247009277
260,9,6,-2.2328736782073975,-2.2328736782073975,0.48179948329925537,0.0,5.400177478790283
260,9,7,-2.2289540767669678,-2.2289540767669678,0.4875294864177704,0.0,5.221909523010254
260,9,8,-2.2436583042144775,-2.2436583042144775,0.48783910274505615,0.0,5.290526866912842
260,9,9,-2.24202299118042,-2.24202299118042,0.4285697340965271,0.0,5.627800464630127
260,9,10,-2.2475807666778564,-2.2475807666778564,0.43237629532814026,0.0,5.792868614196777
260,9,11,-2.259429693222046,-2.259429693222046,0.44788187742233276,0.0,5.880755424499512
260,9,12,-2.2558014392852783,-2.2558014392852783,0.4445076882839203,0.0,5.532240867614746
260,9,13,-2.216219902038574,-2.216219902038574,0.46927496790885925,0.0,5.311520576477051
260,9,14,-2.2516841888427734,-2.2516841888427734,0.48128628730773926,0.0,5.4843430519104
260,9,15,-2.2616922855377197,-2.2616922855377197,0.5052666664123535,0.0,4.959786415100098
260,9,16,-2.258402109146118,-2.258402109146118,0.42372873425483704,0.0,5.543918609619141
260,9,17,-2.2411928176879883,-2.2411928176879883,0.47697320580482483,0.0,4.700809955596924
260,9,18,-2.221200704574585,-2.221200704574585,0.46057575941085815,0.0,5.298635482788086
260,9,19,-2.2490811347961426,-2.2490811347961426,0.49211105704307556,0.0,5.74768590927124
240,0,0,-2.232405185699463,-2.232405185699463,0.5249212980270386,0.0,3.9107606410980225
240,0,1,-2.244539499282837,-2.244539499282837,0.5096843838691711,0.0,4.082200050354004
240,0,2,-2.2542564868927,-2.2542564868927,0.5290669202804565,0.0,4.067708969116211
240,0,3,-2.245823383331299,-2.245823383331299,0.47949084639549255,0.0,3.8177683353424072
240,0,4,-2.2391574382781982,-2.2391574382781982,0.5449947118759155,0.0,3.679257392883301
240,0,5,-2.2430310249328613,-2.2430310249328613,0.4902769923210144,0.0,3.7987923622131348
240,0,6,-2.243530511856079,-2.243530511856079,0.5126304030418396,0.0,4.216184139251709
240,0,7,-2.246058225631714,-2.246058225631714,0.5530951619148254,0.0,4.037453651428223
240,0,8,-2.2606465816497803,-2.2606465816497803,0.5024736523628235,0.0,4.004217624664307
240,0,9,-2.2438302040100098,-2.2438302040100098,0.5129797458648682,0.0,3.7377781867980957
240,0,10,-2.255510091781616,-2.255510091781616,0.5018308758735657,0.0,4.276992321014404
240,0,11,-2.231006145477295,-2.231006145477295,0.5329037308692932,0.0,3.9626376628875732
240,0,12,-2.2417337894439697,-2.2417337894439697,0.5068355202674866,0.0,4.10994291305542
240,0,13,-2.259777307510376,-2.259777307510376,0.5477395057678223,0.0,3.7473950386047363
240,0,14,-2.2181637287139893,-2.2181637287139893,0.54022616147995,0.0,3.6594247817993164
240,0,15,-2.245744466781616,-2.245744466781616,0.568814218044281,0.0,4.308237075805664
240,0,16,-2.216891288757324,-2.216891288757324,0.5026488304138184,0.0,4.224552631378174
240,0,17,-2.2503232955932617,-2.2503232955932617,0.4957461655139923,0.0,4.316343307495117
240,0,18,-2.2550315856933594,-2.2550315856933594,0.4938023090362549,0.0,4.4359517097473145
240,0,19,-2.221829891204834,-2.221829891204834,0.4883393943309784,0.0,3.692708969116211
240,1,0,-2.2649450302124023,-2.2649450302124023,0.5109332799911499,0.0,5.7071428298950195
240,1,1,-2.2596940994262695,-2.2596940994262695,0.4874139130115509,0.0,5.641226768493652
240,1,2,-2.2689757347106934,-2.2689757347106934,0.5300259590148926,0.0,6.091190338134766
240,1,3,-2.204294443130493,-2.204294443130493,0.47635188698768616,0.0,5.7641119956970215
240,1,4,-2.267336130142212,-2.267336130142212,0.5267300605773926,0.0,5.614961624145508
240,1,5,-2.2600631713867188,-2.2600631713867188,0.551237165927887,0.0,5.4485344886779785
240,1,6,-2.247742176055908,-2.247742176055908,0.5820407271385193,0.0,5.836137294769287
240,1,7,-2.265798330307007,-2.265798330307007,0.5743406414985657,0.0,5.71510124206543
240,1,8,-2.233062505722046,-2.233062505722046,0.5609349012374878,0.0,6.049352645874023
240,1,9,-2.268383026123047,-2.268383026123047,0.5574043393135071,0.0,6.080321788787842
240,1,10,-2.2727301120758057,-2.2727301120758057,0.48636558651924133,0.0,6.139529228210449
240,1,11,-2.272177219390869,-2.272177219390869,0.5129304528236389,0.0,6.010129451751709
240,1,12,-2.242628574371338,-2.242628574371338,0.4967030882835388,0.0,6.341611862182617
240,1,13,-2.223484516143799,-2.223484516143799,0.5175677537918091,0.0,5.711082458496094
240,1,14,-2.2612414360046387,-2.2612414360046387,0.5793112516403198,0.0,5.588464736938477
240,1,15,-2.273491859436035,-2.273491859436035,0.5409519672393799,0.0,5.502359390258789
240,1,16,-2.267733573913574,-2.267733573913574,0.5238315463066101,0.0,5.454632759094238
240,1,17,-2.257405996322632,-2.257405996322632,0.5235114097595215,0.0,6.173912048339844
240,1,18,-2.271164894104004,-2.271164894104004,0.526711106300354,0.0,5.883254051208496
240,1,19,-2.268857955932617,-2.268857955932617,0.5235766768455505,0.0,5.821010112762451
240,2,0,-2.2325077056884766,-2.2325077056884766,0.534176230430603,0.0,5.580526828765869
240,2,1,-2.2564852237701416,-2.2564852237701416,0.5032950043678284,0.0,6.190133094787598
240,2,2,-2.241863250732422,-2.241863250732422,0.5232903361320496,0.0,5.926631927490234
240,2,3,-2.251099109649658,-2.251099109649658,0.48621809482574463,0.0,5.409489631652832
240,2,4,-2.2501070499420166,-2.2501070499420166,0.4996778666973114,0.0,6.110722541809082
240,2,5,-2.2537436485290527,-2.2537436485290527,0.5321982502937317,0.0,5.994325637817383
240,2,6,-2.2512056827545166,-2.2512056827545166,0.4846690893173218,0.0,5.6990556716918945
240,2,7,-2.2440848350524902,-2.2440848350524902,0.48300686478614807,0.0,5.492400169372559
240,2,8,-2.222783088684082,-2.222783088684082,0.480835884809494,0.0,6.034849166870117
240,2,9,-2.233755111694336,-2.233755111694336,0.4877181649208069,0.0,5.26438570022583
240,2,10,-2.24106764793396,-2.24106764793396,0.46146005392074585,0.0,6.311724662780762
240,2,11,-2.258479595184326,-2.258479595184326,0.47814878821372986,0.0,5.237483978271484
240,2,12,-2.2424087524414062,-2.2424087524414062,0.5081241130828857,0.0,4.699962615966797
240,2,13,-2.255280017852783,-2.255280017852783,0.5090309381484985,0.0,6.062132835388184
240,2,14,-2.2202095985412598,-2.2202095985412598,0.5119341611862183,0.0,5.704723834991455
240,2,15,-2.2409961223602295,-2.2409961223602295,0.4935329854488373,0.0,6.097603797912598
240,2,16,-2.2548890113830566,-2.2548890113830566,0.46876275539398193,0.0,5.347362995147705
240,2,17,-2.2360997200012207,-2.2360997200012207,0.49299049377441406,0.0,6.127364635467529
240,2,18,-2.2225005626678467,-2.2225005626678467,0.5506619811058044,0.0,5.491798400878906
240,2,19,-2.2336981296539307,-2.2336981296539307,0.5230861306190491,0.0,5.916281700134277
240,3,0,-2.277304172515869,-2.277304172515869,0.5147609710693359,0.0,3.42189884185791
240,3,1,-2.2778732776641846,-2.2778732776641846,0.5386323928833008,0.0,3.1362366676330566
240,3,2,-2.277315139770508,-2.277315139770508,0.5390824675559998,0.0,2.8338241577148438
240,3,3,-2.27722430229187,-2.27722430229187,0.5114444494247437,0.0,3.3510231971740723
240,3,4,-2.27992582321167,-2.27992582321167,0.49400511384010315,0.0,3.5916643142700195
240,3,5,-2.2774817943573,-2.2774817943573,0.5239595174789429,0.0,3.6125452518463135
240,3,6,-2.278078556060791,-2.278078556060791,0.5162017345428467,0.0,3.51123046875
240,3,7,-2.2776741981506348,-2.2776741981506348,0.5422504544258118,0.0,3.703904390335083
240,3,8,-2.2762129306793213,-2.2762129306793213,0.49655503034591675,0.0,2.863042116165161
240,3,9,-2.2782883644104004,-2.2782883644104004,0.484603613615036,0.0,2.7548880577087402
240,3,10,-2.2782223224639893,-2.2782223224639893,0.5225302577018738,0.0,3.0518369674682617
240,3,11,-2.2770256996154785,-2.2770256996154785,0.4766685664653778,0.0,3.1148812770843506
240,3,12,-2.2772445678710938,-2.2772445678710938,0.5227447748184204,0.0,2.9614484310150146
240,3,13,-2.278317928314209,-2.278317928314209,0.5176453590393066,0.0,3.1756560802459717
240,3,14,-2.2782795429229736,-2.2782795429229736,0.5550040006637573,0.0,2.9326157569885254
240,3,15,-2.2786502838134766,-2.2786502838134766,0.48872825503349304,0.0,2.933464527130127
240,3,16,-2.278397560119629,-2.278397560119629,0.5123336911201477,0.0,2.5430049896240234
240,3,17,-2.278496265411377,-2.278496265411377,0.5273374319076538,0.0,2.8910255432128906
240,3,18,-2.2782015800476074,-2.2782015800476074,0.5039593577384949,0.0,2.945573091506958
240,3,19,-2.2788679599761963,-2.2788679599761963,0.5193287134170532,0.0,3.056725025177002
240,4,0,-2.2744734287261963,-2.2744734287261963,0.5186206698417664,0.0,5.604019641876221
240,4,1,-2.269575834274292,-2.269575834274292,0.4559148848056793,0.0,6.115139007568359
240,4,2,-2.277442455291748,-2.277442455291748,0.4919656813144684,0.0,5.075167655944824
240,4,3,-2.276150941848755,-2.276150941848755,0.5094649195671082,0.0,4.260946273803711
240,4,4,-2.278017282485962,-2.278017282485962,0.49049967527389526,0.0,4.986636161804199
240,4,5,-2.277512788772583,-2.277512788772583,0.5439504384994507,0.0,4.7357940673828125
240,4,6,-2.264108896255493,-2.264108896255493,0.47453776001930237,0.0,4.605374336242676
240,4,7,-2.278735637664795,-2.278735637664795,0.5092318654060364,0.0,5.60294771194458
240,4,8,-2.2720701694488525,-2.2720701694488525,0.5042643547058105,0.0,4.533596992492676
240,4,9,-2.2657358646392822,-2.2657358646392822,0.47234907746315,0.0,5.065107822418213
240,4,10,-2.234825611114502,-2.234825611114502,0.4943769574165344,0.0,4.73537540435791
240,4,11,-2.2741761207580566,-2.2741761207580566,0.48321595788002014,0.0,4.3673787117004395
240,4,12,-2.275428295135498,-2.275428295135498,0.5202236771583557,0.0,5.061202049255371
240,4,13,-2.278684139251709,-2.278684139251709,0.4610287547111511,0.0,4.285109519958496
240,4,14,-2.2746458053588867,-2.2746458053588867,0.4969412088394165,0.0,4.503538608551025
240,4,15,-2.26920485496521,-2.26920485496521,0.4745955765247345,0.0,4.722328186035156
240,4,16,-2.27754282951355,-2.27754282951355,0.5052266120910645,0.0,3.1347756385803223
240,4,17,-2.233447313308716,-2.233447313308716,0.4307105243206024,0.0,4.34704065322876
240,4,18,-2.2767975330352783,-2.2767975330352783,0.5146850347518921,0.0,4.326519012451172
240,4,19,-2.2609598636627197,-2.2609598636627197,0.5125783085823059,0.0,3.888394355773926
240,5,0,-2.274794101715088,-2.274794101715088,0.582751989364624,0.0,5.875731468200684
240,5,1,-2.272888422012329,-2.272888422012329,0.5774789452552795,0.0,6.466851234436035
240,5,2,-2.2702291011810303,-2.2702291011810303,0.5566867589950562,0.0,5.950714111328125
240,5,3,-2.261561632156372,-2.261561632156372,0.5666526556015015,0.0,5.375133514404297
240,5,4,-2.2628796100616455,-2.2628796100616455,0.538820743560791,0.0,5.587042808532715
240,5,5,-2.2607927322387695,-2.2607927322387695,0.5791420340538025,0.0,5.856597900390625
240,5,6,-2.268944501876831,-2.268944501876831,0.5906952619552612,0.0,5.688227653503418
240,5,7,-2.2598795890808105,-2.2598795890808105,0.540675163269043,0.0,6.465989112854004
240,5,8,-2.2611403465270996,-2.2611403465270996,0.5790377855300903,0.0,5.872284889221191
240,5,9,-2.269923210144043,-2.269923210144043,0.5819197297096252,0.0,5.940672397613525
240,5,10,-2.2724578380584717,-2.2724578380584717,0.585627555847168,0.0,5.333956718444824
240,5,11,-2.251384735107422,-2.251384735107422,0.5804378390312195,0.0,5.655608177185059
240,5,12,-2.2692463397979736,-2.2692463397979736,0.5625194907188416,0.0,6.523011207580566
240,5,13,-2.2672383785247803,-2.2672383785247803,0.6003978252410889,0.0,5.899323463439941
240,5,14,-2.2718000411987305,-2.2718000411987305,0.5375330448150635,0.0,5.98098087310791
240,5,15,-2.2672510147094727,-2.2672510147094727,0.5747973918914795,0.0,6.110421657562256
240,5,16,-2.2674126625061035,-2.2674126625061035,0.5885417461395264,0.0,5.8311052322387695
240,5,17,-2.2692840099334717,-2.2692840099334717,0.5690207481384277,0.0,5.922250747680664
240,5,18,-2.256882429122925,-2.256882429122925,0.5627473592758179,0.0,6.1366682052612305
240,5,19,-2.2625796794891357,-2.2625796794891357,0.5558769106864929,0.0,5.627693176269531
240,6,0,-2.2417962551116943,-2.2417962551116943,0.44856593012809753,0.0,6.164937973022461
240,6,1,-2.2348368167877197,-2.2348368167877197,0.5007146000862122,0.0,5.904395580291748
240,6,2,-2.232821464538574,-2.232821464538574,0.4614519774913788,0.0,6.117846488952637
240,6,3,-2.2179386615753174,-2.2179386615753174,0.4692915081977844,0.0,6.315487384796143
240,6,4,-2.1979329586029053,-2.1979329586029053,0.5006022453308105,0.0,6.037675857543945
240,6,5,-2.217007637023926,-2.217007637023926,0.5031370520591736,0.0,6.128373146057129
240,6,6,-2.165769577026367,-2.165769577026367,0.5540555119514465,0.0,6.663142681121826
240,6,7,-2.2091269493103027,-2.2091269493103027,0.5045564770698547,0.0,6.237865447998047
240,6,8,-2.256917953491211,-2.256917953491211,0.4933224022388458,0.0,6.035309314727783
240,6,9,-2.187227249145508,-2.187227249145508,0.4888962507247925,0.0,5.69471549987793
240,6,10,-2.1975224018096924,-2.1975224018096924,0.48222506046295166,0.0,5.778511047363281
240,6,11,-2.2201178073883057,-2.2201178073883057,0.4813562035560608,0.0,6.291353702545166
240,6,12,-2.2195096015930176,-2.2195096015930176,0.49922147393226624,0.0,5.970400810241699
240,6,13,-2.222609043121338,-2.222609043121338,0.4931619465351105,0.0,6.593015193939209
240,6,14,-2.227670192718506,-2.227670192718506,0.5269542932510376,0.0,5.780919075012207
240,6,15,-2.2257132530212402,-2.2257132530212402,0.5034316778182983,0.0,5.90242862701416
240,6,16,-2.2028050422668457,-2.2028050422668457,0.51624596118927,0.0,6.429136276245117
240,6,17,-2.2108144760131836,-2.2108144760131836,0.5153955221176147,0.0,5.737898826599121
240,6,18,-2.234515905380249,-2.234515905380249,0.5038520693778992,0.0,5.98042631149292
240,6,19,-2.2089157104492188,-2.2089157104492188,0.5015904307365417,0.0,6.33815336227417
240,7,0,-2.2367517948150635,-2.2367517948150635,0.4667867422103882,0.0,6.833091735839844
240,7,1,-2.230769157409668,-2.230769157409668,0.4498775601387024,0.0,7.202485084533691
240,7,2,-2.239436388015747,-2.239436388015747,0.5007882118225098,0.0,7.260259628295898
240,7,3,-2.239527702331543,-2.239527702331543,0.43564772605895996,0.0,6.634021759033203
240,7,4,-2.2241673469543457,-2.2241673469543457,0.5132982730865479,0.0,7.216329574584961
240,7,5,-2.247687578201294,-2.247687578201294,0.44205689430236816,0.0,7.172299385070801
240,7,6,-2.1923820972442627,-2.1923820972442627,0.494933158159256,0.0,6.689820289611816
240,7,7,-2.202284336090088,-2.202284336090088,0.4867926836013794,0.0,6.377425193786621
240,7,8,-2.2198052406311035,-2.2198052406311035,0.4393877387046814,0.0,6.764998912811279
240,7,9,-2.2241406440734863,-2.2241406440734863,0.5019429326057434,0.0,7.466863632202148
240,7,10,-2.213977813720703,-2.213977813720703,0.5197138786315918,0.0,6.959124565124512
240,7,11,-2.188580274581909,-2.188580274581909,0.46591508388519287,0.0,6.0676679611206055
240,7,12,-2.192152261734009,-2.192152261734009,0.43846285343170166,0.0,6.257164478302002
240,7,13,-2.218219757080078,-2.218219757080078,0.5100066065788269,0.0,7.355779647827148
240,7,14,-2.230165481567383,-2.230165481567383,0.46957236528396606,0.0,6.711793899536133
240,7,15,-2.2337796688079834,-2.2337796688079834,0.47940775752067566,0.0,6.661905765533447
240,7,16,-2.207731008529663,-2.207731008529663,0.4873088002204895,0.0,7.000848770141602
240,7,17,-2.213846206665039,-2.213846206665039,0.4621944725513458,0.0,6.995863437652588
240,7,18,-2.2170333862304688,-2.2170333862304688,0.5015110373497009,0.0,6.984200954437256
240,7,19,-2.2120842933654785,-2.2120842933654785,0.47240889072418213,0.0,6.744908809661865
240,8,0,-2.2027316093444824,-2.2027316093444824,0.48981335759162903,0.0,4.981569290161133
240,8,1,-2.212230682373047,-2.212230682373047,0.4903773069381714,0.0,4.700982093811035
240,8,2,-2.2517096996307373,-2.2517096996307373,0.5364214181900024,0.0,4.988248825073242
240,8,3,-2.2530055046081543,-2.2530055046081543,0.4643462300300598,0.0,5.174163818359375
240,8,4,-2.2502593994140625,-2.2502593994140625,0.5212977528572083,0.0,5.114743232727051
240,8,5,-2.2303194999694824,-2.2303194999694824,0.5083650350570679,0.0,5.311990737915039
240,8,6,-2.242438793182373,-2.242438793182373,0.5222290754318237,0.0,5.104996681213379
240,8,7,-2.239895820617676,-2.239895820617676,0.49319425225257874,0.0,5.55642032623291
240,8,8,-2.2217490673065186,-2.2217490673065186,0.5085543990135193,0.0,4.695746421813965
240,8,9,-2.2570347785949707,-2.2570347785949707,0.5067413449287415,0.0,4.931899070739746
240,8,10,-2.2273333072662354,-2.2273333072662354,0.5133006572723389,0.0,4.865082740783691
240,8,11,-2.251455783843994,-2.251455783843994,0.5030018091201782,0.0,4.9096856117248535
240,8,12,-2.1883702278137207,-2.1883702278137207,0.4857727885246277,0.0,5.322665214538574
240,8,13,-2.2035303115844727,-2.2035303115844727,0.5151098370552063,0.0,5.077102184295654
240,8,14,-2.2189719676971436,-2.2189719676971436,0.5160808563232422,0.0,5.069392204284668
240,8,15,-2.237086296081543,-2.237086296081543,0.524243950843811,0.0,5.093799114227295
240,8,16,-2.2232275009155273,-2.2232275009155273,0.53465336561203,0.0,4.9241943359375
240,8,17,-2.2243587970733643,-2.2243587970733643,0.48289886116981506,0.0,4.635795593261719
240,8,18,-2.2382659912109375,-2.2382659912109375,0.48264265060424805,0.0,4.760106086730957
240,8,19,-2.243060350418091,-2.243060350418091,0.49783197045326233,0.0,5.041392803192139
240,9,0,-2.2395100593566895,-2.2395100593566895,0.4632781445980072,0.0,4.853205680847168
240,9,1,-2.258974313735962,-2.258974313735962,0.4756510257720947,0.0,4.800827503204346
240,9,2,-2.235393762588501,-2.235393762588501,0.4766480326652527,0.0,5.639370918273926
240,9,3,-2.2024571895599365,-2.2024571895599365,0.4577232599258423,0.0,4.460947036743164
240,9,4,-2.217296838760376,-2.217296838760376,0.44749218225479126,0.0,4.941611289978027
240,9,5,-2.2469539642333984,-2.2469539642333984,0.48466214537620544,0.0,6.004319190979004
240,9,6,-2.244314432144165,-2.244314432144165,0.4898900091648102,0.0,5.698185443878174
240,9,7,-2.2408831119537354,-2.2408831119537354,0.4535095691680908,0.0,5.211350917816162
240,9,8,-2.2430953979492188,-2.2430953979492188,0.47346389293670654,0.0,5.403031349182129
240,9,9,-2.250833034515381,-2.250833034515381,0.45469754934310913,0.0,5.230045318603516
240,9,10,-2.2439517974853516,-2.2439517974853516,0.46180182695388794,0.0,4.8473100662231445
240,9,11,-2.2455599308013916,-2.2455599308013916,0.4711703658103943,0.0,4.924093246459961
240,9,12,-2.2456858158111572,-2.2456858158111572,0.49354907870292664,0.0,5.659780502319336
240,9,13,-2.226332426071167,-2.226332426071167,0.45099571347236633,0.0,5.409152984619141
240,9,14,-2.233468532562256,-2.233468532562256,0.48341256380081177,0.0,4.607985019683838
240,9,15,-2.2552945613861084,-2.2552945613861084,0.44604218006134033,0.0,5.651369094848633
240,9,16,-2.2391977310180664,-2.2391977310180664,0.4708501100540161,0.0,5.567098140716553
240,9,17,-2.210275650024414,-2.210275650024414,0.4794110357761383,0.0,5.683303356170654
240,9,18,-2.226698875427246,-2.226698875427246,0.48849090933799744,0.0,5.057579040527344
240,9,19,-2.2560794353485107,-2.2560794353485107,0.4355427026748657,0.0,5.681509971618652
220,0,0,-2.222621440887451,-2.222621440887451,0.5235251188278198,0.0,4.26038122177124
220,0,1,-2.243243932723999,-2.243243932723999,0.48481273651123047,0.0,3.9121289253234863
220,0,2,-2.2360873222351074,-2.2360873222351074,0.5069233179092407,0.0,4.022459030151367
220,0,3,-2.227145195007324,-2.227145195007324,0.4845302999019623,0.0,3.4284329414367676
220,0,4,-2.233366012573242,-2.233366012573242,0.5276525616645813,0.0,4.247075080871582
220,0,5,-2.2526140213012695,-2.2526140213012695,0.5212631225585938,0.0,3.9159555435180664
220,0,6,-2.224679708480835,-2.224679708480835,0.5732508897781372,0.0,3.688368797302246
220,0,7,-2.2453274726867676,-2.2453274726867676,0.5274871587753296,0.0,3.92795467376709
220,0,8,-2.2439560890197754,-2.2439560890197754,0.566256582736969,0.0,4.113975524902344
220,0,9,-2.2492830753326416,-2.2492830753326416,0.47051700949668884,0.0,4.049434185028076
220,0,10,-2.248152732849121,-2.248152732849121,0.5469837188720703,0.0,3.9899139404296875
220,0,11,-2.2488694190979004,-2.2488694190979004,0.5439963340759277,0.0,3.7650840282440186
220,0,12,-2.2427542209625244,-2.2427542209625244,0.537118136882782,0.0,4.116399765014648
220,0,13,-2.2499101161956787,-2.2499101161956787,0.5545513033866882,0.0,3.7203783988952637
220,0,14,-2.2325210571289062,-2.2325210571289062,0.5106990337371826,0.0,4.098564624786377
220,0,15,-2.2284770011901855,-2.2284770011901855,0.494106262922287,0.0,4.316506385803223
220,0,16,-2.242511510848999,-2.242511510848999,0.541812002658844,0.0,3.5094258785247803
220,0,17,-2.238393545150757,-2.238393545150757,0.5114768147468567,0.0,4.256655216217041
220,0,18,-2.246873140335083,-2.246873140335083,0.5183202028274536,0.0,4.108369827270508
220,0,19,-2.250938653945923,-2.250938653945923,0.5107877254486084,0.0,4.209691047668457
220,1,0,-2.237736463546753,-2.237736463546753,0.48620322346687317,0.0,6.025154113769531
220,1,1,-2.245305299758911,-2.245305299758911,0.46545836329460144,0.0,6.15520715713501
220,1,2,-2.2653939723968506,-2.2653939723968506,0.45933011174201965,0.0,5.427281856536865
220,1,3,-2.2387759685516357,-2.2387759685516357,0.5312318205833435,0.0,6.479418754577637
220,1,4,-2.255788564682007,-2.255788564682007,0.5353100299835205,0.0,5.956412315368652
220,1,5,-2.240736722946167,-2.240736722946167,0.47498610615730286,0.0,6.155662536621094
220,1,6,-2.2650046348571777,-2.2650046348571777,0.4849107563495636,0.0,6.086887359619141
220,1,7,-2.2700252532958984,-2.2700252532958984,0.48538780212402344,0.0,6.133022785186768
220,1,8,-2.2652227878570557,-2.2652227878570557,0.5264578461647034,0.0,6.052495956420898
220,1,9,-2.2581074237823486,-2.2581074237823486,0.4855002760887146,0.0,6.320442199707031
220,1,10,-2.2723605632781982,-2.2723605632781982,0.5155510306358337,0.0,5.859869003295898
220,1,11,-2.2129461765289307,-2.2129461765289307,0.46950215101242065,0.0,6.066661834716797
220,1,12,-2.273441791534424,-2.273441791534424,0.4720344841480255,0.0,6.366881370544434
220,1,13,-2.2731003761291504,-2.2731003761291504,0.5029209852218628,0.0,5.852116584777832
220,1,14,-2.20713472366333,-2.20713472366333,0.5128746032714844,0.0,5.843613624572754
220,1,15,-2.260802745819092,-2.260802745819092,0.45613765716552734,0.0,6.316184043884277
220,1,16,-2.267561435699463,-2.267561435699463,0.5209596157073975,0.0,5.795467376708984
220,1,17,-2.2663705348968506,-2.2663705348968506,0.5414272546768188,0.0,6.539187431335449
220,1,18,-2.2557318210601807,-2.2557318210601807,0.5236141681671143,0.0,6.433670997619629
220,1,19,-2.263282299041748,-2.263282299041748,0.46842148900032043,0.0,6.281567573547363
220,2,0,-2.2509660720825195,-2.2509660720825195,0.4976443648338318,0.0,4.5133795738220215
220,2,1,-2.244335174560547,-2.244335174560547,0.5001723766326904,0.0,5.681585311889648
220,2,2,-2.2503724098205566,-2.2503724098205566,0.5247603058815002,0.0,5.633234977722168
220,2,3,-2.232372999191284,-2.232372999191284,0.5055190324783325,0.0,5.530664443969727
220,2,4,-2.246056318283081,-2.246056318283081,0.4632261097431183,0.0,5.769486427307129
220,2,5,-2.254607677459717,-2.254607677459717,0.5771188139915466,0.0,5.140048980712891
220,2,6,-2.2375454902648926,-2.2375454902648926,0.5035494565963745,0.0,6.377764701843262
220,2,7,-2.2419230937957764,-2.2419230937957764,0.47471848130226135,0.0,5.292713165283203
220,2,8,-2.2384891510009766,-2.2384891510009766,0.5139381289482117,0.0,5.509973049163818
220,2,9,-2.238680124282837,-2.238680124282837,0.4831713140010834,0.0,6.4348907470703125
220,2,10,-2.249595880508423,-2.249595880508423,0.49298691749572754,0.0,5.298483848571777
220,2,11,-2.256559133529663,-2.256559133529663,0.4898171126842499,0.0,6.08725643157959
220,2,12,-2.2512850761413574,-2.2512850761413574,0.5239043831825256,0.0,5.165482997894287
220,2,13,-2.2568020820617676,-2.2568020820617676,0.49862799048423767,0.0,5.800008773803711
220,2,14,-2.2329437732696533,-2.2329437732696533,0.5228868722915649,0.0,6.0627241134643555
220,2,15,-2.2493069171905518,-2.2493069171905518,0.505852997303009,0.0,6.036569118499756
220,2,16,-2.246366262435913,-2.246366262435913,0.5266258120536804,0.0,6.019465446472168
220,2,17,-2.25576114654541,-2.25576114654541,0.5347134470939636,0.0,5.588525772094727
220,2,18,-2.2365334033966064,-2.2365334033966064,0.484447181224823,0.0,5.233333587646484
220,2,19,-2.2401623725891113,-2.2401623725891113,0.5223691463470459,0.0,5.876363754272461
220,3,0,-2.279074192047119,-2.279074192047119,0.5205684304237366,0.0,2.649336814880371
220,3,1,-2.275552988052368,-2.275552988052368,0.521780788898468,0.0,3.013967990875244
220,3,2,-2.278362512588501,-2.278362512588501,0.4936152398586273,0.0,3.4132776260375977
220,3,3,-2.2786450386047363,-2.2786450386047363,0.535834550857544,0.0,3.337790012359619
220,3,4,-2.2779934406280518,-2.2779934406280518,0.5362536907196045,0.0,2.6234288215637207
220,3,5,-2.2784011363983154,-2.2784011363983154,0.531189501285553,0.0,3.180924415588379
220,3,6,-2.278707504272461,-2.278707504272461,0.5533753633499146,0.0,2.974093198776245
220,3,7,-2.2779388427734375,-2.2779388427734375,0.5565290451049805,0.0,3.4929847717285156
220,3,8,-2.2785158157348633,-2.2785158157348633,0.503727376461029,0.0,2.7174031734466553
220,3,9,-2.2766478061676025,-2.2766478061676025,0.5124114155769348,0.0,3.2907862663269043
220,3,10,-2.278064727783203,-2.278064727783203,0.5638015270233154,0.0,2.9605112075805664
220,3,11,-2.277134895324707,-2.277134895324707,0.5034294724464417,0.0,2.883669376373291
220,3,12,-2.27731990814209,-2.27731990814209,0.513232946395874,0.0,3.4079740047454834
220,3,13,-2.2789368629455566,-2.2789368629455566,0.5200684070587158,0.0,2.9721505641937256
220,3,14,-2.2779123783111572,-2.2779123783111572,0.5144528150558472,0.0,3.092332124710083
220,3,15,-2.277496576309204,-2.277496576309204,0.4897758364677429,0.0,3.7966108322143555
220,3,16,-2.2763447761535645,-2.2763447761535645,0.5336407423019409,0.0,2.9709036350250244
220,3,17,-2.2781412601470947,-2.2781412601470947,0.4989660978317261,0.0,2.8987817764282227
220,3,18,-2.2757716178894043,-2.2757716178894043,0.5448457598686218,0.0,2.8842310905456543
220,3,19,-2.2776401042938232,-2.2776401042938232,0.5212932825088501,0.0,2.836266040802002
220,4,0,-2.276007890701294,-2.276007890701294,0.49541953206062317,0.0,6.190738677978516
220,4,1,-2.272055149078369,-2.272055149078369,0.5164750218391418,0.0,5.1744208335876465
220,4,2,-2.27598237991333,-2.27598237991333,0.5299743413925171,0.0,5.113148212432861
220,4,3,-2.2727396488189697,-2.2727396488189697,0.4202938377857208,0.0,5.084103584289551
220,4,4,-2.263510227203369,-2.263510227203369,0.43473371863365173,0.0,3.9789676666259766
220,4,5,-2.2751190662384033,-2.2751190662384033,0.4613824188709259,0.0,3.899129629135132
220,4,6,-2.2778067588806152,-2.2778067588806152,0.49251043796539307,0.0,5.065250873565674
220,4,7,-2.276671886444092,-2.276671886444092,0.47877341508865356,0.0,3.713733673095703
220,4,8,-2.2777018547058105,-2.2777018547058105,0.5093273520469666,0.0,3.9611172676086426
220,4,9,-2.261093854904175,-2.261093854904175,0.5195119976997375,0.0,2.8778159618377686
220,4,10,-2.2626798152923584,-2.2626798152923584,0.4865480065345764,0.0,4.078172206878662
220,4,11,-2.274493932723999,-2.274493932723999,0.5363814234733582,0.0,4.536674976348877
220,4,12,-2.261120557785034,-2.261120557785034,0.44003230333328247,0.0,4.387628555297852
220,4,13,-2.226738929748535,-2.226738929748535,0.5117969512939453,0.0,3.709902286529541
220,4,14,-2.2770636081695557,-2.2770636081695557,0.4695408344268799,0.0,4.334635257720947
220,4,15,-2.277820110321045,-2.277820110321045,0.49275511503219604,0.0,4.748652458190918
220,4,16,-2.276639938354492,-2.276639938354492,0.5163149833679199,0.0,4.274150848388672
220,4,17,-2.2688024044036865,-2.2688024044036865,0.4809063971042633,0.0,3.998990774154663
220,4,18,-2.2744781970977783,-2.2744781970977783,0.49485793709754944,0.0,4.296766757965088
220,4,19,-2.280083417892456,-2.280083417892456,0.5017240643501282,0.0,3.0963637828826904
220,5,0,-2.260817289352417,-2.260817289352417,0.5612967610359192,0.0,6.294888496398926
220,5,1,-2.263024091720581,-2.263024091720581,0.5371337532997131,0.0,5.845726013183594
220,5,2,-2.27125883102417,-2.27125883102417,0.5693454146385193,0.0,6.348363876342773
220,5,3,-2.265174388885498,-2.265174388885498,0.573334813117981,0.0,6.106028079986572
220,5,4,-2.263413429260254,-2.263413429260254,0.5982836484909058,0.0,6.294877052307129
220,5,5,-2.2722511291503906,-2.2722511291503906,0.5593327283859253,0.0,6.290905475616455
220,5,6,-2.2639238834381104,-2.2639238834381104,0.5558971166610718,0.0,6.373189926147461
220,5,7,-2.2609474658966064,-2.2609474658966064,0.5751289129257202,0.0,5.898801326751709
220,5,8,-2.2656376361846924,-2.2656376361846924,0.5595943331718445,0.0,6.085237979888916
220,5,9,-2.2572546005249023,-2.2572546005249023,0.5857101678848267,0.0,6.168612480163574
220,5,10,-2.2633323669433594,-2.2633323669433594,0.582194983959198,0.0,5.986220359802246
220,5,11,-2.251655340194702,-2.251655340194702,0.588405966758728,0.0,5.247104644775391
220,5,12,-2.246274709701538,-2.246274709701538,0.5609571933746338,0.0,6.096530914306641
220,5,13,-2.2567803859710693,-2.2567803859710693,0.5656298995018005,0.0,5.813690662384033
220,5,14,-2.2594335079193115,-2.2594335079193115,0.5594469904899597,0.0,6.46682596206665
220,5,15,-2.2688148021698,-2.2688148021698,0.5846124887466431,0.0,5.671008586883545
220,5,16,-2.2615957260131836,-2.2615957260131836,0.5881091952323914,0.0,6.1840057373046875
220,5,17,-2.262862205505371,-2.262862205505371,0.5852200984954834,0.0,5.62915563583374
220,5,18,-2.264923334121704,-2.264923334121704,0.5425944328308105,0.0,5.900715351104736
220,5,19,-2.2576346397399902,-2.2576346397399902,0.5464379191398621,0.0,5.575575828552246
220,6,0,-2.200031042098999,-2.200031042098999,0.5119141936302185,0.0,5.742938995361328
220,6,1,-2.2083547115325928,-2.2083547115325928,0.513475775718689,0.0,6.017154693603516
220,6,2,-2.2156848907470703,-2.2156848907470703,0.4698150157928467,0.0,5.9998931884765625
220,6,3,-2.2060470581054688,-2.2060470581054688,0.4880230128765106,0.0,5.904122829437256
220,6,4,-2.199352264404297,-2.199352264404297,0.49735918641090393,0.0,6.178101539611816
220,6,5,-2.2236828804016113,-2.2236828804016113,0.519498884677887,0.0,5.99569845199585
220,6,6,-2.2349438667297363,-2.2349438667297363,0.49713099002838135,0.0,6.02541446685791
220,6,7,-2.221362590789795,-2.221362590789795,0.5357677340507507,0.0,6.182190895080566
220,6,8,-2.226541519165039,-2.226541519165039,0.5059741139411926,0.0,6.152480602264404
220,6,9,-2.21836519241333,-2.21836519241333,0.5178171992301941,0.0,5.806264877319336
220,6,10,-2.210681915283203,-2.210681915283203,0.5143416523933411,0.0,6.401249885559082
220,6,11,-2.2166547775268555,-2.2166547775268555,0.48303845524787903,0.0,6.2002458572387695
220,6,12,-2.221881151199341,-2.221881151199341,0.5114679336547852,0.0,6.137336730957031
220,6,13,-2.1991209983825684,-2.1991209983825684,0.49309295415878296,0.0,6.171688079833984
220,6,14,-2.2411229610443115,-2.2411229610443115,0.5118992328643799,0.0,6.290297985076904
220,6,15,-2.1924147605895996,-2.1924147605895996,0.49023357033729553,0.0,6.064929008483887
220,6,16,-2.2262837886810303,-2.2262837886810303,0.5055821537971497,0.0,5.968664169311523
220,6,17,-2.2151501178741455,-2.2151501178741455,0.5186175107955933,0.0,6.37248420715332
220,6,18,-2.211289644241333,-2.211289644241333,0.4869517683982849,0.0,6.044653415679932
220,6,19,-2.1706576347351074,-2.1706576347351074,0.49303871393203735,0.0,5.74709415435791
220,7,0,-2.2232813835144043,-2.2232813835144043,0.4717429280281067,0.0,6.413909912109375
220,7,1,-2.201951265335083,-2.201951265335083,0.4819570481777191,0.0,6.693417072296143
220,7,2,-2.212404727935791,-2.212404727935791,0.49248388409614563,0.0,6.598669528961182
220,7,3,-2.213224172592163,-2.213224172592163,0.4370913803577423,0.0,6.466655731201172
220,7,4,-2.2392122745513916,-2.2392122745513916,0.4540749192237854,0.0,6.151059150695801
220,7,5,-2.240328311920166,-2.240328311920166,0.5113497376441956,0.0,7.450225353240967
220,7,6,-2.2140238285064697,-2.2140238285064697,0.5109701156616211,0.0,6.996313571929932
220,7,7,-2.239661693572998,-2.239661693572998,0.465725839138031,0.0,6.742528438568115
220,7,8,-2.2572128772735596,-2.2572128772735596,0.49050116539001465,0.0,7.409364700317383
220,7,9,-2.1869237422943115,-2.1869237422943115,0.4309867024421692,0.0,6.7732343673706055
220,7,10,-2.21589994430542,-2.21589994430542,0.472037136554718,0.0,6.761109352111816
220,7,11,-2.211669921875,-2.211669921875,0.48497462272644043,0.0,6.852281093597412
220,7,12,-2.251358985900879,-2.251358985900879,0.45652973651885986,0.0,6.872524738311768
220,7,13,-2.2102057933807373,-2.2102057933807373,0.4917004406452179,0.0,6.898719787597656
220,7,14,-2.2224392890930176,-2.2224392890930176,0.45830732583999634,0.0,6.892446517944336
220,7,15,-2.215456962585449,-2.215456962585449,0.4740165174007416,0.0,6.865893363952637
220,7,16,-2.221147298812866,-2.221147298812866,0.4684363901615143,0.0,6.642836570739746
220,7,17,-2.225644111633301,-2.225644111633301,0.4906497895717621,0.0,6.140388488769531
220,7,18,-2.212886333465576,-2.212886333465576,0.47193431854248047,0.0,6.867245674133301
220,7,19,-2.249091386795044,-2.249091386795044,0.45367127656936646,0.0,6.1935577392578125
220,8,0,-2.2275664806365967,-2.2275664806365967,0.52128666639328,0.0,5.154199600219727
220,8,1,-2.1882386207580566,-2.1882386207580566,0.5033836960792542,0.0,4.985151290893555
220,8,2,-2.2503817081451416,-2.2503817081451416,0.4794100522994995,0.0,4.923515796661377
220,8,3,-2.2279772758483887,-2.2279772758483887,0.5253078937530518,0.0,4.951003074645996
220,8,4,-2.2274200916290283,-2.2274200916290283,0.5177180767059326,0.0,4.801083564758301
220,8,5,-2.2518177032470703,-2.2518177032470703,0.4453069269657135,0.0,4.73199462890625
220,8,6,-2.2501816749572754,-2.2501816749572754,0.5295880436897278,0.0,5.635597229003906
220,8,7,-2.2434749603271484,-2.2434749603271484,0.48985305428504944,0.0,4.912433624267578
220,8,8,-2.2283716201782227,-2.2283716201782227,0.5145382881164551,0.0,4.703008651733398
220,8,9,-2.249630928039551,-2.249630928039551,0.4858841896057129,0.0,4.368632793426514
220,8,10,-2.242016553878784,-2.242016553878784,0.5211090445518494,0.0,4.897858142852783
220,8,11,-2.246699094772339,-2.246699094772339,0.5202167630195618,0.0,4.737973213195801
220,8,12,-2.2454402446746826,-2.2454402446746826,0.5406314134597778,0.0,4.603330612182617
220,8,13,-2.2251272201538086,-2.2251272201538086,0.5404127240180969,0.0,4.903536796569824
220,8,14,-2.2452821731567383,-2.2452821731567383,0.5189497470855713,0.0,5.213949203491211
220,8,15,-2.1879172325134277,-2.1879172325134277,0.5004640817642212,0.0,4.524557590484619
220,8,16,-2.244832754135132,-2.244832754135132,0.4535004496574402,0.0,5.044357776641846
220,8,17,-2.254624128341675,-2.254624128341675,0.5109481811523438,0.0,4.989648342132568
220,8,18,-2.211982488632202,-2.211982488632202,0.540536642074585,0.0,5.422769546508789
220,8,19,-2.2539544105529785,-2.2539544105529785,0.49953967332839966,0.0,5.105605125427246
220,9,0,-2.205230712890625,-2.205230712890625,0.42267826199531555,0.0,5.214908599853516
220,9,1,-2.254420757293701,-2.254420757293701,0.4451828896999359,0.0,5.5894975662231445
220,9,2,-2.2215094566345215,-2.2215094566345215,0.5402699708938599,0.0,5.267988681793213
220,9,3,-2.2478930950164795,-2.2478930950164795,0.4548170864582062,0.0,5.181207656860352
220,9,4,-2.240057945251465,-2.240057945251465,0.44621896743774414,0.0,5.271484851837158
220,9,5,-2.215034008026123,-2.215034008026123,0.4545609652996063,0.0,5.096345901489258
220,9,6,-2.253164529800415,-2.253164529800415,0.4057665467262268,0.0,5.530311584472656
220,9,7,-2.242640733718872,-2.242640733718872,0.504682719707489,0.0,5.684258460998535
220,9,8,-2.2483139038085938,-2.2483139038085938,0.46146678924560547,0.0,5.561929702758789
220,9,9,-2.2631261348724365,-2.2631261348724365,0.4683026075363159,0.0,5.6905927658081055
220,9,10,-2.1924684047698975,-2.1924684047698975,0.42843788862228394,0.0,5.082359313964844
220,9,11,-2.2187352180480957,-2.2187352180480957,0.43509066104888916,0.0,5.250272750854492
220,9,12,-2.2523703575134277,-2.2523703575134277,0.4043786823749542,0.0,5.355045318603516
220,9,13,-2.255013942718506,-2.255013942718506,0.42560821771621704,0.0,5.281107425689697
220,9,14,-2.2669739723205566,-2.2669739723205566,0.3928588330745697,0.0,5.9828972816467285
220,9,15,-2.2574031352996826,-2.2574031352996826,0.4565267562866211,0.0,5.613767623901367
220,9,16,-2.258504629135132,-2.258504629135132,0.4372667372226715,0.0,5.2019500732421875
220,9,17,-2.2271180152893066,-2.2271180152893066,0.5465620756149292,0.0,5.617699146270752
220,9,18,-2.2433454990386963,-2.2433454990386963,0.43660768866539,0.0,5.502708435058594
220,9,19,-2.240628957748413,-2.240628957748413,0.4559767544269562,0.0,5.110034942626953
200,0,0,-2.2367923259735107,-2.2367923259735107,0.549741268157959,0.0,3.8197994232177734
200,0,1,-2.2329232692718506,-2.2329232692718506,0.5290684700012207,0.0,3.96986722946167
200,0,2,-2.2385172843933105,-2.2385172843933105,0.5479352474212646,0.0,3.5894289016723633
200,0,3,-2.246364116668701,-2.246364116668701,0.5341898798942566,0.0,4.1463823318481445
200,0,4,-2.2316248416900635,-2.2316248416900635,0.5477035641670227,0.0,4.496227264404297
200,0,5,-2.240694284439087,-2.240694284439087,0.4780259132385254,0.0,3.9542150497436523
200,0,6,-2.2278714179992676,-2.2278714179992676,0.5615279674530029,0.0,4.279601097106934
200,0,7,-2.248410224914551,-2.248410224914551,0.5664318799972534,0.0,3.8416872024536133
200,0,8,-2.241135597229004,-2.241135597229004,0.5106053352355957,0.0,3.953244686126709
200,0,9,-2.2030370235443115,-2.2030370235443115,0.5218020081520081,0.0,3.9873218536376953
200,0,10,-2.2489266395568848,-2.2489266395568848,0.5295838117599487,0.0,4.031943321228027
200,0,11,-2.234485626220703,-2.234485626220703,0.5655753016471863,0.0,3.8695406913757324
200,0,12,-2.2382776737213135,-2.2382776737213135,0.5273866653442383,0.0,3.904618740081787
200,0,13,-2.254169225692749,-2.254169225692749,0.5231272578239441,0.0,4.107223987579346
200,0,14,-2.2409448623657227,-2.2409448623657227,0.5392465591430664,0.0,4.07571268081665
200,0,15,-2.2432518005371094,-2.2432518005371094,0.5564821362495422,0.0,4.236086368560791
200,0,16,-2.2400150299072266,-2.2400150299072266,0.5549954771995544,0.0,3.972203016281128
200,0,17,-2.2411224842071533,-2.2411224842071533,0.5030238032341003,0.0,4.262363910675049
200,0,18,-2.2225091457366943,-2.2225091457366943,0.5246574282646179,0.0,4.183164596557617
200,0,19,-2.2375385761260986,-2.2375385761260986,0.5204315781593323,0.0,3.582777976989746
200,1,0,-2.249757766723633,-2.249757766723633,0.4301738142967224,0.0,5.912021636962891
200,1,1,-2.260017156600952,-2.260017156600952,0.5245000720024109,0.0,5.915470123291016
200,1,2,-2.253403902053833,-2.253403902053833,0.4347494840621948,0.0,6.125888824462891
200,1,3,-2.2664480209350586,-2.2664480209350586,0.49974143505096436,0.0,5.989666938781738
200,1,4,-2.2645132541656494,-2.2645132541656494,0.4616323709487915,0.0,5.970623970031738
200,1,5,-2.2658162117004395,-2.2658162117004395,0.4719480276107788,0.0,6.535396575927734
200,1,6,-2.2627055644989014,-2.2627055644989014,0.5035939812660217,0.0,6.1414995193481445
200,1,7,-2.2654130458831787,-2.2654130458831787,0.45872411131858826,0.0,6.779482841491699
200,1,8,-2.2661590576171875,-2.2661590576171875,0.4702248275279999,0.0,5.950985431671143
200,1,9,-2.272066116333008,-2.272066116333008,0.48301374912261963,0.0,6.274844169616699
200,1,10,-2.266315221786499,-2.266315221786499,0.5200811624526978,0.0,6.41695499420166
200,1,11,-2.2644340991973877,-2.2644340991973877,0.4767014682292938,0.0,6.467082500457764
200,1,12,-2.248441219329834,-2.248441219329834,0.5441892743110657,0.0,5.887503147125244
200,1,13,-2.272059679031372,-2.272059679031372,0.5005805492401123,0.0,6.038374900817871
200,1,14,-2.2457568645477295,-2.2457568645477295,0.4876038134098053,0.0,6.140620231628418
200,1,15,-2.1979613304138184,-2.1979613304138184,0.49414411187171936,0.0,6.001839637756348
200,1,16,-2.2659237384796143,-2.2659237384796143,0.45202142000198364,0.0,5.488086700439453
200,1,17,-2.2582972049713135,-2.2582972049713135,0.461285799741745,0.0,5.7367963790893555
200,1,18,-2.265733003616333,-2.265733003616333,0.48696234822273254,0.0,5.998228073120117
200,1,19,-2.2468321323394775,-2.2468321323394775,0.48766666650772095,0.0,5.930930137634277
200,2,0,-2.239122152328491,-2.239122152328491,0.495922714471817,0.0,5.6256232261657715
200,2,1,-2.2321879863739014,-2.2321879863739014,0.5304468870162964,0.0,6.208727836608887
200,2,2,-2.2420828342437744,-2.2420828342437744,0.48616769909858704,0.0,5.921499729156494
200,2,3,-2.249372959136963,-2.249372959136963,0.4821723997592926,0.0,6.466998100280762
200,2,4,-2.2265102863311768,-2.2265102863311768,0.5017343759536743,0.0,5.057499885559082
200,2,5,-2.2478973865509033,-2.2478973865509033,0.4856657385826111,0.0,5.88988733291626
200,2,6,-2.2654001712799072,-2.2654001712799072,0.5410917401313782,0.0,4.668274402618408
200,2,7,-2.242082357406616,-2.242082357406616,0.48975399136543274,0.0,5.964935302734375
200,2,8,-2.24735689163208,-2.24735689163208,0.5237262845039368,0.0,5.642402648925781
200,2,9,-2.2467527389526367,-2.2467527389526367,0.4935469329357147,0.0,6.188868522644043
200,2,10,-2.2433979511260986,-2.2433979511260986,0.4984872341156006,0.0,6.213956832885742
200,2,11,-2.231947183609009,-2.231947183609009,0.4881466031074524,0.0,6.6939778327941895
200,2,12,-2.2379214763641357,-2.2379214763641357,0.4860125780105591,0.0,5.885158538818359
200,2,13,-2.230578899383545,-2.230578899383545,0.5000656247138977,0.0,5.247596740722656
200,2,14,-2.2273342609405518,-2.2273342609405518,0.5036042928695679,0.0,6.1582183837890625
200,2,15,-2.250586748123169,-2.250586748123169,0.4988628327846527,0.0,5.016768932342529
200,2,16,-2.2415008544921875,-2.2415008544921875,0.4841189682483673,0.0,4.817776679992676
200,2,17,-2.227856159210205,-2.227856159210205,0.4762239158153534,0.0,6.533908843994141
200,2,18,-2.2528364658355713,-2.2528364658355713,0.4557349681854248,0.0,5.735223293304443
200,2,19,-2.214431047439575,-2.214431047439575,0.4821679890155792,0.0,5.30274772644043
200,3,0,-2.279404640197754,-2.279404640197754,0.5076937675476074,0.0,3.017913579940796
200,3,1,-2.278099298477173,-2.278099298477173,0.5227848887443542,0.0,3.2252748012542725
200,3,2,-2.2772152423858643,-2.2772152423858643,0.5407917499542236,0.0,2.655038356781006
200,3,3,-2.2769765853881836,-2.2769765853881836,0.5044789910316467,0.0,3.283048152923584
200,3,4,-2.277545213699341,-2.277545213699341,0.5032806992530823,0.0,2.384902000427246
200,3,5,-2.2787420749664307,-2.2787420749664307,0.5325660109519958,0.0,3.055138349533081
200,3,6,-2.2774665355682373,-2.2774665355682373,0.49285465478897095,0.0,3.3204612731933594
200,3,7,-2.2774062156677246,-2.2774062156677246,0.54681396484375,0.0,2.9321413040161133
200,3,8,-2.2776150703430176,-2.2776150703430176,0.5268204212188721,0.0,3.37857723236084
200,3,9,-2.2787744998931885,-2.2787744998931885,0.5291557312011719,0.0,2.9138388633728027
200,3,10,-2.2784690856933594,-2.2784690856933594,0.5535358786582947,0.0,3.0823540687561035
200,3,11,-2.2777490615844727,-2.2777490615844727,0.538214385509491,0.0,3.170281410217285
200,3,12,-2.278172254562378,-2.278172254562378,0.5369246006011963,0.0,3.5121209621429443
200,3,13,-2.276952028274536,-2.276952028274536,0.49790820479393005,0.0,2.623969554901123
200,3,14,-2.2774057388305664,-2.2774057388305664,0.5398648977279663,0.0,3.0941596031188965
200,3,15,-2.278484582901001,-2.278484582901001,0.5358133316040039,0.0,3.101217746734619
200,3,16,-2.279348373413086,-2.279348373413086,0.5079705715179443,0.0,3.192610263824463
200,3,17,-2.277237892150879,-2.277237892150879,0.5238363146781921,0.0,3.6058993339538574
200,3,18,-2.278029203414917,-2.278029203414917,0.5159876346588135,0.0,2.649407148361206
200,3,19,-2.2773008346557617,-2.2773008346557617,0.4943796396255493,0.0,2.4897379875183105
200,4,0,-2.2751009464263916,-2.2751009464263916,0.522090494632721,0.0,4.1492438316345215
200,4,1,-2.2777652740478516,-2.2777652740478516,0.4843384325504303,0.0,3.833296060562134
200,4,2,-2.271399974822998,-2.271399974822998,0.5318771004676819,0.0,3.5531105995178223
200,4,3,-2.2790305614471436,-2.2790305614471436,0.4754525423049927,0.0,4.184982776641846
200,4,4,-2.2755327224731445,-2.2755327224731445,0.48010727763175964,0.0,4.719971656799316
200,4,5,-2.276150703430176,-2.276150703430176,0.4811534285545349,0.0,4.62192440032959
200,4,6,-2.277763843536377,-2.277763843536377,0.5015304684638977,0.0,4.683674335479736
200,4,7,-2.274827003479004,-2.274827003479004,0.4236096441745758,0.0,3.856034278869629
200,4,8,-2.277618169784546,-2.277618169784546,0.4596411883831024,0.0,4.25524377822876
200,4,9,-2.2683823108673096,-2.2683823108673096,0.44641873240470886,0.0,4.665098190307617
200,4,10,-2.2583394050598145,-2.2583394050598145,0.4800649583339691,0.0,4.438404560089111
200,4,11,-2.2643911838531494,-2.2643911838531494,0.486407995223999,0.0,5.035628795623779
200,4,12,-2.2747538089752197,-2.2747538089752197,0.5192382335662842,0.0,4.535106182098389
200,4,13,-2.247835874557495,-2.247835874557495,0.5143775939941406,0.0,4.921795845031738
200,4,14,-2.278301239013672,-2.278301239013672,0.4766160249710083,0.0,4.314071178436279
200,4,15,-2.2727043628692627,-2.2727043628692627,0.4772818386554718,0.0,4.415374279022217
200,4,16,-2.2777717113494873,-2.2777717113494873,0.47810813784599304,0.0,4.000799179077148
200,4,17,-2.2727298736572266,-2.2727298736572266,0.46699589490890503,0.0,5.3585710525512695
200,4,18,-2.276608467102051,-2.276608467102051,0.4395134747028351,0.0,4.63405179977417
200,4,19,-2.2577314376831055,-2.2577314376831055,0.5356680154800415,0.0,5.650851249694824
200,5,0,-2.2728049755096436,-2.2728049755096436,0.5437542200088501,0.0,6.409526824951172
200,5,1,-2.268129825592041,-2.268129825592041,0.5506367683410645,0.0,6.177604675292969
200,5,2,-2.2704319953918457,-2.2704319953918457,0.5646360516548157,0.0,5.808642387390137
200,5,3,-2.2535035610198975,-2.2535035610198975,0.5627266764640808,0.0,6.177830219268799
200,5,4,-2.2720935344696045,-2.2720935344696045,0.5830663442611694,0.0,6.233531951904297
200,5,5,-2.2653346061706543,-2.2653346061706543,0.5616117119789124,0.0,6.4741597175598145
200,5,6,-2.269247531890869,-2.269247531890869,0.5518578290939331,0.0,6.236944198608398
200,5,7,-2.259432077407837,-2.259432077407837,0.5982546806335449,0.0,5.861689567565918
200,5,8,-2.264099597930908,-2.264099597930908,0.5682026147842407,0.0,5.884207725524902
200,5,9,-2.2719690799713135,-2.2719690799713135,0.5653303265571594,0.0,6.035172462463379
200,5,10,-2.256828546524048,-2.256828546524048,0.595318078994751,0.0,5.978914260864258
200,5,11,-2.2589659690856934,-2.2589659690856934,0.5308226346969604,0.0,6.024277210235596
200,5,12,-2.2644670009613037,-2.2644670009613037,0.5536394119262695,0.0,5.769256114959717
200,5,13,-2.248491048812866,-2.248491048812866,0.5383977890014648,0.0,5.936768531799316
200,5,14,-2.2694032192230225,-2.2694032192230225,0.535727322101593,0.0,6.362456321716309
200,5,15,-2.2599642276763916,-2.2599642276763916,0.5661347508430481,0.0,6.19818115234375
200,5,16,-2.2708396911621094,-2.2708396911621094,0.5361674427986145,0.0,6.054554462432861
200,5,17,-2.2652487754821777,-2.2652487754821777,0.552996814250946,0.0,6.3622236251831055
200,5,18,-2.2737584114074707,-2.2737584114074707,0.5445621609687805,0.0,6.565593719482422
200,5,19,-2.2665586471557617,-2.2665586471557617,0.547958254814148,0.0,6.3006134033203125
200,6,0,-2.2009241580963135,-2.2009241580963135,0.4979500472545624,0.0,5.941861152648926
200,6,1,-2.2061853408813477,-2.2061853408813477,0.5159895420074463,0.0,5.668037414550781
200,6,2,-2.1990315914154053,-2.1990315914154053,0.5113494396209717,0.0,6.026247978210449
200,6,3,-2.2120931148529053,-2.2120931148529053,0.46320411562919617,0.0,6.085180759429932
200,6,4,-2.227146625518799,-2.227146625518799,0.5106816291809082,0.0,5.872937202453613
200,6,5,-2.2060608863830566,-2.2060608863830566,0.47082120180130005,0.0,6.20079231262207
200,6,6,-2.2206993103027344,-2.2206993103027344,0.49338170886039734,0.0,5.902905464172363
200,6,7,-2.2089624404907227,-2.2089624404907227,0.4902101755142212,0.0,5.641585350036621
200,6,8,-2.2013823986053467,-2.2013823986053467,0.4998812973499298,0.0,6.122602939605713
200,6,9,-2.2046399116516113,-2.2046399116516113,0.47049400210380554,0.0,6.304780006408691
200,6,10,-2.2405340671539307,-2.2405340671539307,0.5061776638031006,0.0,6.1197004318237305
200,6,11,-2.232980966567993,-2.232980966567993,0.49759572744369507,0.0,6.085245132446289
200,6,12,-2.190934419631958,-2.190934419631958,0.5243541598320007,0.0,6.232715606689453
200,6,13,-2.212266445159912,-2.212266445159912,0.5077144503593445,0.0,6.260226249694824
200,6,14,-2.242663621902466,-2.242663621902466,0.5047845244407654,0.0,6.1671905517578125
200,6,15,-2.2006773948669434,-2.2006773948669434,0.5047264695167542,0.0,5.629137992858887
200,6,16,-2.145202159881592,-2.145202159881592,0.49916568398475647,0.0,6.43879508972168
200,6,17,-2.233992338180542,-2.233992338180542,0.5118861198425293,0.0,6.367731094360352
200,6,18,-2.2085459232330322,-2.2085459232330322,0.537484884262085,0.0,5.998721122741699
200,6,19,-2.208282232284546,-2.208282232284546,0.5146364569664001,0.0,6.044668197631836
200,7,0,-2.2068731784820557,-2.2068731784820557,0.4023933410644531,0.0,6.974001884460449
200,7,1,-2.239157199859619,-2.239157199859619,0.5048918128013611,0.0,6.652524948120117
200,7,2,-2.209618330001831,-2.209618330001831,0.4172148108482361,0.0,7.401070594787598
200,7,3,-2.243396520614624,-2.243396520614624,0.5204129815101624,0.0,6.758291721343994
200,7,4,-2.214444637298584,-2.214444637298584,0.5073928236961365,0.0,7.214848518371582
200,7,5,-2.2154669761657715,-2.2154669761657715,0.48643791675567627,0.0,6.517748832702637
200,7,6,-2.198817729949951,-2.198817729949951,0.46772459149360657,0.0,6.556100845336914
200,7,7,-2.2247681617736816,-2.2247681617736816,0.4517940878868103,0.0,6.424394130706787
200,7,8,-2.225207805633545,-2.225207805633545,0.45421233773231506,0.0,6.422053813934326
200,7,9,-2.2306251525878906,-2.2306251525878906,0.4789053201675415,0.0,6.84552001953125
200,7,10,-2.189699172973633,-2.189699172973633,0.46023207902908325,0.0,6.67690896987915
200,7,11,-2.23526930809021,-2.23526930809021,0.4677410423755646,0.0,6.989594459533691
200,7,12,-2.223895788192749,-2.223895788192749,0.4728594124317169,0.0,5.9685540199279785
200,7,13,-2.201080799102783,-2.201080799102783,0.4245007336139679,0.0,7.217957496643066
200,7,14,-2.186602830886841,-2.186602830886841,0.4478186070919037,0.0,6.742031097412109
200,7,15,-2.235990524291992,-2.235990524291992,0.47226718068122864,0.0,6.603252410888672
200,7,16,-2.186331033706665,-2.186331033706665,0.46528342366218567,0.0,6.141872882843018
200,7,17,-2.2208187580108643,-2.2208187580108643,0.4772662818431854,0.0,6.553738117218018
200,7,18,-2.2376132011413574,-2.2376132011413574,0.3840095102787018,0.0,6.648947715759277
200,7,19,-2.2346174716949463,-2.2346174716949463,0.4663497507572174,0.0,7.06790018081665
200,8,0,-2.220050096511841,-2.220050096511841,0.5350738167762756,0.0,5.011880874633789
200,8,1,-2.242506980895996,-2.242506980895996,0.5479157567024231,0.0,4.734953880310059
200,8,2,-2.2110824584960938,-2.2110824584960938,0.49142786860466003,0.0,5.0826416015625
200,8,3,-2.251539468765259,-2.251539468765259,0.49366241693496704,0.0,4.9968037605285645
200,8,4,-2.246669292449951,-2.246669292449951,0.5001530051231384,0.0,5.263178825378418
200,8,5,-2.2049336433410645,-2.2049336433410645,0.48204168677330017,0.0,4.94212532043457
200,8,6,-2.2473180294036865,-2.2473180294036865,0.5068182945251465,0.0,4.886613845825195
200,8,7,-2.2306151390075684,-2.2306151390075684,0.5056698322296143,0.0,4.950287818908691
200,8,8,-2.2251877784729004,-2.2251877784729004,0.5271401405334473,0.0,4.739435195922852
200,8,9,-2.245211362838745,-2.245211362838745,0.5140646696090698,0.0,4.937838077545166
200,8,10,-2.2328109741210938,-2.2328109741210938,0.5163211226463318,0.0,5.194592475891113
200,8,11,-2.2211837768554688,-2.2211837768554688,0.4805228114128113,0.0,5.077306270599365
200,8,12,-2.241588592529297,-2.241588592529297,0.466621994972229,0.0,4.458918571472168
200,8,13,-2.232111692428589,-2.232111692428589,0.5172722935676575,0.0,4.92860746383667
200,8,14,-2.253042459487915,-2.253042459487915,0.5009127855300903,0.0,5.370568752288818
200,8,15,-2.2475616931915283,-2.2475616931915283,0.4834950268268585,0.0,5.458621025085449
200,8,16,-2.2569046020507812,-2.2569046020507812,0.4812808632850647,0.0,5.070014476776123
200,8,17,-2.2469000816345215,-2.2469000816345215,0.5055662393569946,0.0,5.043251037597656
200,8,18,-2.242978572845459,-2.242978572845459,0.4801942706108093,0.0,4.936001777648926
200,8,19,-2.2355093955993652,-2.2355093955993652,0.47168147563934326,0.0,4.9155473709106445
200,9,0,-2.257809638977051,-2.257809638977051,0.45109209418296814,0.0,5.383642196655273
200,9,1,-2.245631694793701,-2.245631694793701,0.46407291293144226,0.0,5.40364408493042
200,9,2,-2.2451694011688232,-2.2451694011688232,0.4317438304424286,0.0,5.199889183044434
200,9,3,-2.2441017627716064,-2.2441017627716064,0.468515545129776,0.0,5.194304466247559
200,9,4,-2.2314116954803467,-2.2314116954803467,0.4597015380859375,0.0,5.06537389755249
200,9,5,-2.238302230834961,-2.238302230834961,0.4691029489040375,0.0,5.911581516265869
200,9,6,-2.228808641433716,-2.228808641433716,0.44184157252311707,0.0,5.854567527770996
200,9,7,-2.248222827911377,-2.248222827911377,0.43157505989074707,0.0,5.790724277496338
200,9,8,-2.2525429725646973,-2.2525429725646973,0.4407694637775421,0.0,5.171980381011963
200,9,9,-2.233245611190796,-2.233245611190796,0.42191174626350403,0.0,5.279537677764893
200,9,10,-2.249560832977295,-2.249560832977295,0.440019816160202,0.0,5.604837417602539
200,9,11,-2.2625715732574463,-2.2625715732574463,0.45102593302726746,0.0,5.925088405609131
200,9,12,-2.231229543685913,-2.231229543685913,0.44219523668289185,0.0,5.495365142822266
200,9,13,-2.219400644302368,-2.219400644302368,0.445549875497818,0.0,5.309281349182129
200,9,14,-2.236163854598999,-2.236163854598999,0.47415629029273987,0.0,5.696252822875977
200,9,15,-2.265767812728882,-2.265767812728882,0.4049621820449829,0.0,5.6711320877075195
200,9,16,-2.2462363243103027,-2.2462363243103027,0.43975433707237244,0.0,5.571994304656982
200,9,17,-2.2690811157226562,-2.2690811157226562,0.45021647214889526,0.0,5.881694793701172
200,9,18,-2.2528040409088135,-2.2528040409088135,0.46601253747940063,0.0,5.444765090942383
200,9,19,-2.2567899227142334,-2.2567899227142334,0.4418531656265259,0.0,5.1026129722595215
180,0,0,-2.1979243755340576,-2.1979243755340576,0.5460278987884521,0.0,3.825990676879883
180,0,1,-2.233494520187378,-2.233494520187378,0.5257139801979065,0.0,4.396668910980225
180,0,2,-2.244157075881958,-2.244157075881958,0.5183174014091492,0.0,3.92856502532959
180,0,3,-2.235901355743408,-2.235901355743408,0.5491764545440674,0.0,3.8767147064208984
180,0,4,-2.221510648727417,-2.221510648727417,0.5649204850196838,0.0,3.7952520847320557
180,0,5,-2.2396626472473145,-2.2396626472473145,0.518953800201416,0.0,3.781651258468628
180,0,6,-2.2436752319335938,-2.2436752319335938,0.5226339101791382,0.0,4.086324691772461
180,0,7,-2.2502071857452393,-2.2502071857452393,0.5173588991165161,0.0,4.191633701324463
180,0,8,-2.2362258434295654,-2.2362258434295654,0.5319077372550964,0.0,3.714980125427246
180,0,9,-2.232856035232544,-2.232856035232544,0.49893084168434143,0.0,4.061764717102051
180,0,10,-2.234367847442627,-2.234367847442627,0.5581326484680176,0.0,3.9623703956604004
180,0,11,-2.2126569747924805,-2.2126569747924805,0.5512038469314575,0.0,4.152759552001953
180,0,12,-2.235809326171875,-2.235809326171875,0.5327504873275757,0.0,3.874542236328125
180,0,13,-2.236531972885132,-2.236531972885132,0.5384721159934998,0.0,3.394667148590088
180,0,14,-2.235898971557617,-2.235898971557617,0.55625981092453,0.0,3.850241184234619
180,0,15,-2.22866153717041,-2.22866153717041,0.5615330338478088,0.0,4.036462306976318
180,0,16,-2.21661114692688,-2.21661114692688,0.5220335721969604,0.0,3.8927454948425293
180,0,17,-2.227736234664917,-2.227736234664917,0.5465529561042786,0.0,4.007267475128174
180,0,18,-2.232966184616089,-2.232966184616089,0.5206553936004639,0.0,3.9696576595306396
180,0,19,-2.2476613521575928,-2.2476613521575928,0.5474008917808533,0.0,4.068994522094727
180,1,0,-2.266421318054199,-2.266421318054199,0.6085282564163208,0.0,6.372762680053711
180,1,1,-2.250349283218384,-2.250349283218384,0.5091416835784912,0.0,6.105288505554199
180,1,2,-2.214679479598999,-2.214679479598999,0.4829728603363037,0.0,6.121274948120117
180,1,3,-2.2494280338287354,-2.2494280338287354,0.5018579959869385,0.0,6.415193557739258
180,1,4,-2.2554404735565186,-2.2554404735565186,0.5675228238105774,0.0,6.04337739944458
180,1,5,-2.264770746231079,-2.264770746231079,0.5511499643325806,0.0,5.809451103210449
180,1,6,-2.271890163421631,-2.271890163421631,0.5177569389343262,0.0,5.981925964355469
180,1,7,-2.2714927196502686,-2.2714927196502686,0.4975529909133911,0.0,5.526618003845215
180,1,8,-2.2725493907928467,-2.2725493907928467,0.5004892945289612,0.0,6.36206579208374
180,1,9,-2.2665927410125732,-2.2665927410125732,0.5166656970977783,0.0,5.909668922424316
180,1,10,-2.2620770931243896,-2.2620770931243896,0.4758376181125641,0.0,5.985711097717285
180,1,11,-2.2713828086853027,-2.2713828086853027,0.4825330972671509,0.0,6.158412933349609
180,1,12,-2.2218334674835205,-2.2218334674835205,0.46518898010253906,0.0,6.200167179107666
180,1,13,-2.2632949352264404,-2.2632949352264404,0.47947198152542114,0.0,6.184666156768799
180,1,14,-2.2633535861968994,-2.2633535861968994,0.4805907607078552,0.0,6.195301532745361
180,1,15,-2.2361996173858643,-2.2361996173858643,0.47333604097366333,0.0,6.1513471603393555
180,1,16,-2.2607336044311523,-2.2607336044311523,0.4933481514453888,0.0,6.057534217834473
180,1,17,-2.265113115310669,-2.265113115310669,0.45576369762420654,0.0,6.474584579467773
180,1,18,-2.2607648372650146,-2.2607648372650146,0.5127293467521667,0.0,6.343729019165039
180,1,19,-2.234954357147217,-2.234954357147217,0.503289520740509,0.0,5.955050468444824
180,2,0,-2.2651610374450684,-2.2651610374450684,0.46095409989356995,0.0,6.0117950439453125
180,2,1,-2.228463649749756,-2.228463649749756,0.45848116278648376,0.0,5.265744209289551
180,2,2,-2.239067554473877,-2.239067554473877,0.4693687856197357,0.0,5.871222019195557
180,2,3,-2.247455596923828,-2.247455596923828,0.4989466965198517,0.0,5.568088531494141
180,2,4,-2.2303006649017334,-2.2303006649017334,0.5291173458099365,0.0,5.862643241882324
180,2,5,-2.235098361968994,-2.235098361968994,0.48294612765312195,0.0,5.615763187408447
180,2,6,-2.250493288040161,-2.250493288040161,0.5044590830802917,0.0,5.621376991271973
180,2,7,-2.2219760417938232,-2.2219760417938232,0.501439094543457,0.0,5.42300271987915
180,2,8,-2.242655038833618,-2.242655038833618,0.4695310592651367,0.0,6.180139541625977
180,2,9,-2.2416937351226807,-2.2416937351226807,0.4607692360877991,0.0,5.672070026397705
180,2,10,-2.2423410415649414,-2.2423410415649414,0.49779385328292847,0.0,5.42923641204834
180,2,11,-2.234457492828369,-2.234457492828369,0.5315911769866943,0.0,5.661915302276611
180,2,12,-2.233304262161255,-2.233304262161255,0.5146550536155701,0.0,4.918123245239258
180,2,13,-2.259169816970825,-2.259169816970825,0.5170997381210327,0.0,5.526995658874512
180,2,14,-2.23838210105896,-2.23838210105896,0.51641446352005,0.0,5.891952037811279
180,2,15,-2.243161678314209,-2.243161678314209,0.5077687501907349,0.0,5.746224880218506
180,2,16,-2.246846914291382,-2.246846914291382,0.5077230334281921,0.0,6.460214138031006
180,2,17,-2.2300896644592285,-2.2300896644592285,0.488926500082016,0.0,5.91497802734375
180,2,18,-2.229330539703369,-2.229330539703369,0.5002896785736084,0.0,5.529043197631836
180,2,19,-2.247223138809204,-2.247223138809204,0.5029680728912354,0.0,6.131014823913574
180,3,0,-2.277550458908081,-2.277550458908081,0.5088852047920227,0.0,3.3190503120422363
180,3,1,-2.2769598960876465,-2.2769598960876465,0.5406158566474915,0.0,2.9948816299438477
180,3,2,-2.2781999111175537,-2.2781999111175537,0.5193770527839661,0.0,3.230194568634033
180,3,3,-2.278228521347046,-2.278228521347046,0.5154688954353333,0.0,2.9932358264923096
180,3,4,-2.275883436203003,-2.275883436203003,0.5112178921699524,0.0,2.7515485286712646
180,3,5,-2.2784998416900635,-2.2784998416900635,0.5112482905387878,0.0,3.0168604850769043
180,3,6,-2.2776455879211426,-2.2776455879211426,0.5526705384254456,0.0,3.0969250202178955
180,3,7,-2.2773096561431885,-2.2773096561431885,0.5421737432479858,0.0,3.2880005836486816
180,3,8,-2.2764008045196533,-2.2764008045196533,0.551865816116333,0.0,2.9644453525543213
180,3,9,-2.278247117996216,-2.278247117996216,0.5210867524147034,0.0,2.659411907196045
180,3,10,-2.27801513671875,-2.27801513671875,0.5209583640098572,0.0,3.630401611328125
180,3,11,-2.2780377864837646,-2.2780377864837646,0.5235614776611328,0.0,3.1447205543518066
180,3,12,-2.278615713119507,-2.278615713119507,0.5362614989280701,0.0,3.526581287384033
180,3,13,-2.277631998062134,-2.277631998062134,0.4941876530647278,0.0,3.0848898887634277
180,3,14,-2.2775039672851562,-2.2775039672851562,0.4923548400402069,0.0,3.2237730026245117
180,3,15,-2.278369188308716,-2.278369188308716,0.515313982963562,0.0,3.4514544010162354
180,3,16,-2.2784647941589355,-2.2784647941589355,0.5269365906715393,0.0,3.1626906394958496
180,3,17,-2.2784950733184814,-2.2784950733184814,0.5325941443443298,0.0,3.4539036750793457
180,3,18,-2.2774572372436523,-2.2774572372436523,0.542527437210083,0.0,3.047778606414795
180,3,19,-2.2781951427459717,-2.2781951427459717,0.4984973073005676,0.0,2.5878472328186035
180,4,0,-2.26348614692688,-2.26348614692688,0.4819018542766571,0.0,5.247732639312744
180,4,1,-2.27848744392395,-2.27848744392395,0.5087946653366089,0.0,5.673456192016602
180,4,2,-2.2729053497314453,-2.2729053497314453,0.5117663741111755,0.0,5.041989326477051
180,4,3,-2.2650930881500244,-2.2650930881500244,0.509135365486145,0.0,3.1457138061523438
180,4,4,-2.2793798446655273,-2.2793798446655273,0.4835270345211029,0.0,3.243946075439453
180,4,5,-2.2673308849334717,-2.2673308849334717,0.4482152760028839,0.0,4.40744686126709
180,4,6,-2.269211530685425,-2.269211530685425,0.5381580591201782,0.0,4.739073276519775
180,4,7,-2.2625722885131836,-2.2625722885131836,0.4931420087814331,0.0,4.622041702270508
180,4,8,-2.270131826400757,-2.270131826400757,0.49310386180877686,0.0,4.398075103759766
180,4,9,-2.2750139236450195,-2.2750139236450195,0.4820440709590912,0.0,4.190752029418945
180,4,10,-2.279297113418579,-2.279297113418579,0.4979889690876007,0.0,5.289123058319092
180,4,11,-2.2784225940704346,-2.2784225940704346,0.4896189272403717,0.0,3.8803768157958984
180,4,12,-2.2769875526428223,-2.2769875526428223,0.5188570618629456,0.0,4.471324920654297
180,4,13,-2.272125244140625,-2.272125244140625,0.5302903652191162,0.0,4.667760848999023
180,4,14,-2.2777740955352783,-2.2777740955352783,0.4789544939994812,0.0,4.722393035888672
180,4,15,-2.2673959732055664,-2.2673959732055664,0.4388791024684906,0.0,4.486977577209473
180,4,16,-2.280167579650879,-2.280167579650879,0.5109792351722717,0.0,4.658147811889648
180,4,17,-2.265932559967041,-2.265932559967041,0.44621336460113525,0.0,4.6556315422058105
180,4,18,-2.273796558380127,-2.273796558380127,0.466351717710495,0.0,3.6740822792053223
180,4,19,-2.2774956226348877,-2.2774956226348877,0.49695146083831787,0.0,4.30359411239624
180,5,0,-2.264617443084717,-2.264617443084717,0.5645170211791992,0.0,6.283324241638184
180,5,1,-2.2635183334350586,-2.2635183334350586,0.5927000045776367,0.0,6.258415222167969
180,5,2,-2.2690415382385254,-2.2690415382385254,0.5528640151023865,0.0,6.1193342208862305
180,5,3,-2.264418601989746,-2.264418601989746,0.5497770309448242,0.0,6.229562759399414
180,5,4,-2.253477096557617,-2.253477096557617,0.5898574590682983,0.0,6.401372909545898
180,5,5,-2.2636220455169678,-2.2636220455169678,0.5723024010658264,0.0,6.044254779815674
180,5,6,-2.247417449951172,-2.247417449951172,0.5490220785140991,0.0,6.679900646209717
180,5,7,-2.2548165321350098,-2.2548165321350098,0.57951420545578,0.0,6.142664432525635
180,5,8,-2.2715442180633545,-2.2715442180633545,0.5476481914520264,0.0,5.603327751159668
180,5,9,-2.2609217166900635,-2.2609217166900635,0.5518713593482971,0.0,6.136793613433838
180,5,10,-2.262767791748047,-2.262767791748047,0.5519578456878662,0.0,6.1597185134887695
180,5,11,-2.267059803009033,-2.267059803009033,0.5683950781822205,0.0,5.998144149780273
180,5,12,-2.2698638439178467,-2.2698638439178467,0.5771703124046326,0.0,6.118483543395996
180,5,13,-2.268057107925415,-2.268057107925415,0.5965746641159058,0.0,5.895033836364746
180,5,14,-2.2706518173217773,-2.2706518173217773,0.541030764579773,0.0,6.310317039489746
180,5,15,-2.262065887451172,-2.262065887451172,0.5499996542930603,0.0,6.628353595733643
180,5,16,-2.247185707092285,-2.247185707092285,0.5572919249534607,0.0,6.927736282348633
180,5,17,-2.26747727394104,-2.26747727394104,0.5749804377555847,0.0,6.557717323303223
180,5,18,-2.2586352825164795,-2.2586352825164795,0.5879334807395935,0.0,5.817394733428955
180,5,19,-2.2644107341766357,-2.2644107341766357,0.572717010974884,0.0,6.283413410186768
180,6,0,-2.2265799045562744,-2.2265799045562744,0.46781036257743835,0.0,6.014307975769043
180,6,1,-2.206754207611084,-2.206754207611084,0.5170807242393494,0.0,5.592177391052246
180,6,2,-2.1957061290740967,-2.1957061290740967,0.5083909034729004,0.0,5.731461524963379
180,6,3,-2.169478178024292,-2.169478178024292,0.45548683404922485,0.0,6.219117164611816
180,6,4,-2.2067601680755615,-2.2067601680755615,0.5085068345069885,0.0,5.807572364807129
180,6,5,-2.219001531600952,-2.219001531600952,0.48649895191192627,0.0,6.248711109161377
180,6,6,-2.1839749813079834,-2.1839749813079834,0.4769309163093567,0.0,5.860902786254883
180,6,7,-2.2199547290802,-2.2199547290802,0.4894505739212036,0.0,6.14375114440918
180,6,8,-2.2024574279785156,-2.2024574279785156,0.5093051195144653,0.0,6.230611801147461
180,6,9,-2.1916632652282715,-2.1916632652282715,0.49645981192588806,0.0,5.888689041137695
180,6,10,-2.2299344539642334,-2.2299344539642334,0.49032244086265564,0.0,6.112544059753418
180,6,11,-2.15855073928833,-2.15855073928833,0.4582708179950714,0.0,6.0696635246276855
180,6,12,-2.2038307189941406,-2.2038307189941406,0.47897428274154663,0.0,5.526854038238525
180,6,13,-2.2223808765411377,-2.2223808765411377,0.5164163112640381,0.0,6.096320152282715
180,6,14,-2.2231125831604004,-2.2231125831604004,0.47999700903892517,0.0,5.7662763595581055
180,6,15,-2.1914777755737305,-2.1914777755737305,0.46762391924858093,0.0,5.999460220336914
180,6,16,-2.2185235023498535,-2.2185235023498535,0.48157405853271484,0.0,6.114819526672363
180,6,17,-2.1359283924102783,-2.1359283924102783,0.5385510325431824,0.0,5.882193565368652
180,6,18,-2.2010889053344727,-2.2010889053344727,0.49438685178756714,0.0,6.012885093688965
180,6,19,-2.2234091758728027,-2.2234091758728027,0.4536193609237671,0.0,5.950533866882324
180,7,0,-2.2298312187194824,-2.2298312187194824,0.4587246775627136,0.0,6.713476181030273
180,7,1,-2.196575164794922,-2.196575164794922,0.48663464188575745,0.0,6.371093273162842
180,7,2,-2.228318691253662,-2.228318691253662,0.43776077032089233,0.0,7.0685505867004395
180,7,3,-2.2333388328552246,-2.2333388328552246,0.43837815523147583,0.0,7.048702239990234
180,7,4,-2.2347099781036377,-2.2347099781036377,0.4412044584751129,0.0,6.954854965209961
180,7,5,-2.1926791667938232,-2.1926791667938232,0.42555680871009827,0.0,6.520337104797363
180,7,6,-2.202793598175049,-2.202793598175049,0.47294881939888,0.0,6.599599361419678
180,7,7,-2.2281570434570312,-2.2281570434570312,0.38168469071388245,0.0,6.635792255401611
180,7,8,-2.231966495513916,-2.231966495513916,0.5238903164863586,0.0,6.928835391998291
180,7,9,-2.1780457496643066,-2.1780457496643066,0.45208075642585754,0.0,6.946994781494141
180,7,10,-2.242734909057617,-2.242734909057617,0.5078659653663635,0.0,6.391302108764648
180,7,11,-2.1757562160491943,-2.1757562160491943,0.45400673151016235,0.0,6.987724304199219
180,7,12,-2.2010772228240967,-2.2010772228240967,0.4541260004043579,0.0,6.7250261306762695
180,7,13,-2.2103986740112305,-2.2103986740112305,0.4574304223060608,0.0,7.1180739402771
180,7,14,-2.234315872192383,-2.234315872192383,0.47286733984947205,0.0,6.828513145446777
180,7,15,-2.184995651245117,-2.184995651245117,0.444958359003067,0.0,6.6685380935668945
180,7,16,-2.20371150970459,-2.20371150970459,0.5258676409721375,0.0,7.548813343048096
180,7,17,-2.2215209007263184,-2.2215209007263184,0.4482481777667999,0.0,6.947532653808594
180,7,18,-2.2392659187316895,-2.2392659187316895,0.4960715174674988,0.0,6.98138952255249
180,7,19,-2.241095781326294,-2.241095781326294,0.4296645224094391,0.0,7.503075122833252
180,8,0,-2.24159836769104,-2.24159836769104,0.5185362100601196,0.0,5.294809818267822
180,8,1,-2.2526495456695557,-2.2526495456695557,0.4922184348106384,0.0,5.443997859954834
180,8,2,-2.203392267227173,-2.203392267227173,0.5186399817466736,0.0,5.136919975280762
180,8,3,-2.252666473388672,-2.252666473388672,0.5415986180305481,0.0,5.06382942199707
180,8,4,-2.2315187454223633,-2.2315187454223633,0.49775469303131104,0.0,5.377443790435791
180,8,5,-2.253556966781616,-2.253556966781616,0.49187445640563965,0.0,4.796199321746826
180,8,6,-2.239401340484619,-2.239401340484619,0.4723522663116455,0.0,4.890565872192383
180,8,7,-2.2348930835723877,-2.2348930835723877,0.49245890974998474,0.0,4.738752365112305
180,8,8,-2.228516101837158,-2.228516101837158,0.4768122732639313,0.0,5.4160356521606445
180,8,9,-2.2264161109924316,-2.2264161109924316,0.5041118860244751,0.0,5.3049845695495605
180,8,10,-2.2420501708984375,-2.2420501708984375,0.4861058294773102,0.0,5.097847938537598
180,8,11,-2.2256081104278564,-2.2256081104278564,0.5014678239822388,0.0,4.870874881744385
180,8,12,-2.2207186222076416,-2.2207186222076416,0.5253483653068542,0.0,5.349865913391113
180,8,13,-2.247696876525879,-2.247696876525879,0.5009523034095764,0.0,5.370197296142578
180,8,14,-2.253715991973877,-2.253715991973877,0.507434070110321,0.0,4.962708950042725
180,8,15,-2.241638422012329,-2.241638422012329,0.50355064868927,0.0,5.054541110992432
180,8,16,-2.2284927368164062,-2.2284927368164062,0.5086880922317505,0.0,5.444867134094238
180,8,17,-2.2300994396209717,-2.2300994396209717,0.5368168950080872,0.0,5.233851432800293
180,8,18,-2.2244396209716797,-2.2244396209716797,0.5172310471534729,0.0,4.647795677185059
180,8,19,-2.23467755317688,-2.23467755317688,0.51500403881073,0.0,5.17775821685791
180,9,0,-2.2179291248321533,-2.2179291248321533,0.4637591540813446,0.0,5.575082778930664
180,9,1,-2.2565858364105225,-2.2565858364105225,0.4660339951515198,0.0,5.529130458831787
180,9,2,-2.2460646629333496,-2.2460646629333496,0.46923521161079407,0.0,5.338685989379883
180,9,3,-2.219405174255371,-2.219405174255371,0.4195874035358429,0.0,6.121337413787842
180,9,4,-2.2321834564208984,-2.2321834564208984,0.4549151360988617,0.0,5.617317199707031
180,9,5,-2.219367027282715,-2.219367027282715,0.48426663875579834,0.0,5.371952056884766
180,9,6,-2.231807231903076,-2.231807231903076,0.49537569284439087,0.0,4.632010459899902
180,9,7,-2.2498817443847656,-2.2498817443847656,0.486935019493103,0.0,5.6327948570251465
180,9,8,-2.2597103118896484,-2.2597103118896484,0.4423341155052185,0.0,4.7195868492126465
180,9,9,-2.2594211101531982,-2.2594211101531982,0.4322715401649475,0.0,5.936027526855469
180,9,10,-2.2289910316467285,-2.2289910316467285,0.4808093011379242,0.0,5.012364864349365
180,9,11,-2.252044200897217,-2.252044200897217,0.46640971302986145,0.0,5.0868964195251465
180,9,12,-2.2571253776550293,-2.2571253776550293,0.4279749095439911,0.0,5.594758033752441
180,9,13,-2.2338204383850098,-2.2338204383850098,0.43161219358444214,0.0,5.755155563354492
180,9,14,-2.2637503147125244,-2.2637503147125244,0.45954063534736633,0.0,5.649570465087891
180,9,15,-2.251612663269043,-2.251612663269043,0.45442935824394226,0.0,5.290888786315918
180,9,16,-2.271273136138916,-2.271273136138916,0.4281306564807892,0.0,5.673778533935547
180,9,17,-2.262984275817871,-2.262984275817871,0.47187432646751404,0.0,5.165988445281982
180,9,18,-2.233469009399414,-2.233469009399414,0.4661128520965576,0.0,4.834321975708008
180,9,19,-2.2192695140838623,-2.2192695140838623,0.45539945363998413,0.0,5.522429466247559
160,0,0,-2.2499775886535645,-2.2499775886535645,0.5208130478858948,0.0,4.131223201751709
160,0,1,-2.247130870819092,-2.247130870819092,0.533349335193634,0.0,3.834484100341797
160,0,2,-2.2382845878601074,-2.2382845878601074,0.5241855978965759,0.0,4.044017314910889
160,0,3,-2.2452750205993652,-2.2452750205993652,0.5550276637077332,0.0,3.807197332382202
160,0,4,-2.2439935207366943,-2.2439935207366943,0.526752769947052,0.0,4.1865363121032715
160,0,5,-2.2397313117980957,-2.2397313117980957,0.5612601041793823,0.0,4.23253870010376
160,0,6,-2.2380778789520264,-2.2380778789520264,0.5353649258613586,0.0,4.045905590057373
160,0,7,-2.226740598678589,-2.226740598678589,0.5050196051597595,0.0,4.03884744644165
160,0,8,-2.238598346710205,-2.238598346710205,0.5395625233650208,0.0,4.195423603057861
160,0,9,-2.2545504570007324,-2.2545504570007324,0.4999910593032837,0.0,3.7459163665771484
160,0,10,-2.2540926933288574,-2.2540926933288574,0.5524582862854004,0.0,4.240297794342041
160,0,11,-2.2170259952545166,-2.2170259952545166,0.5330822467803955,0.0,3.792909622192383
160,0,12,-2.2520620822906494,-2.2520620822906494,0.55321204662323,0.0,4.418084621429443
160,0,13,-2.2466256618499756,-2.2466256618499756,0.5537338852882385,0.0,3.587287425994873
160,0,14,-2.243971109390259,-2.243971109390259,0.5571311116218567,0.0,3.920382261276245
160,0,15,-2.2395830154418945,-2.2395830154418945,0.5144985914230347,0.0,3.968177080154419
160,0,16,-2.2353785037994385,-2.2353785037994385,0.5256502628326416,0.0,4.093467712402344
160,0,17,-2.2524161338806152,-2.2524161338806152,0.5069394707679749,0.0,4.218108654022217
160,0,18,-2.2467446327209473,-2.2467446327209473,0.518293023109436,0.0,3.9684972763061523
160,0,19,-2.2171783447265625,-2.2171783447265625,0.4846741259098053,0.0,3.845395565032959
160,1,0,-2.230940103530884,-2.230940103530884,0.5219110250473022,0.0,6.426169395446777
160,1,1,-2.217721700668335,-2.217721700668335,0.5069278478622437,0.0,5.8820576667785645
160,1,2,-2.2662835121154785,-2.2662835121154785,0.5318385362625122,0.0,5.703730583190918
160,1,3,-2.2607340812683105,-2.2607340812683105,0.5265647172927856,0.0,5.764616012573242
160,1,4,-2.27359676361084,-2.27359676361084,0.48931607604026794,0.0,5.557765007019043
160,1,5,-2.2317311763763428,-2.2317311763763428,0.49920180439949036,0.0,5.912692546844482
160,1,6,-2.2544546127319336,-2.2544546127319336,0.5306790471076965,0.0,6.104831695556641
160,1,7,-2.269644021987915,-2.269644021987915,0.47388458251953125,0.0,6.314075469970703
160,1,8,-2.27463698387146,-2.27463698387146,0.510274350643158,0.0,6.057280540466309
160,1,9,-2.2747182846069336,-2.2747182846069336,0.511565625667572,0.0,5.900390625
160,1,10,-2.2377257347106934,-2.2377257347106934,0.49281418323516846,0.0,5.655916213989258
160,1,11,-2.2709150314331055,-2.2709150314331055,0.4865387976169586,0.0,5.627687931060791
160,1,12,-2.261279344558716,-2.261279344558716,0.45758429169654846,0.0,5.962340354919434
160,1,13,-2.274446725845337,-2.274446725845337,0.4877685308456421,0.0,5.768322944641113
160,1,14,-2.2606124877929688,-2.2606124877929688,0.5117825269699097,0.0,6.010281562805176
160,1,15,-2.2549850940704346,-2.2549850940704346,0.5007134675979614,0.0,6.156296730041504
160,1,16,-2.253169059753418,-2.253169059753418,0.4766685664653778,0.0,6.156956672668457
160,1,17,-2.2637717723846436,-2.2637717723846436,0.44579043984413147,0.0,6.463104724884033
160,1,18,-2.2307610511779785,-2.2307610511779785,0.5129989385604858,0.0,6.160369873046875
160,1,19,-2.2338154315948486,-2.2338154315948486,0.4551369845867157,0.0,6.2844038009643555
160,2,0,-2.2465925216674805,-2.2465925216674805,0.48013898730278015,0.0,6.189507961273193
160,2,1,-2.256401777267456,-2.256401777267456,0.4914683699607849,0.0,6.118300437927246
160,2,2,-2.2237436771392822,-2.2237436771392822,0.5088719725608826,0.0,6.1754841804504395
160,2,3,-2.2481398582458496,-2.2481398582458496,0.5052902102470398,0.0,5.820685386657715
160,2,4,-2.2459325790405273,-2.2459325790405273,0.5045356750488281,0.0,5.596043109893799
160,2,5,-2.2476346492767334,-2.2476346492767334,0.48534247279167175,0.0,5.879349708557129
160,2,6,-2.2462077140808105,-2.2462077140808105,0.5182053446769714,0.0,6.2064290046691895
160,2,7,-2.2415273189544678,-2.2415273189544678,0.5208746790885925,0.0,5.43010139465332
160,2,8,-2.2218735218048096,-2.2218735218048096,0.4923093616962433,0.0,5.962285995483398
160,2,9,-2.255514621734619,-2.255514621734619,0.5477354526519775,0.0,5.755261421203613
160,2,10,-2.239133834838867,-2.239133834838867,0.4844982326030731,0.0,6.105016708374023
160,2,11,-2.2358877658843994,-2.2358877658843994,0.4915097653865814,0.0,5.119826316833496
160,2,12,-2.228463649749756,-2.228463649749756,0.534837007522583,0.0,6.276298999786377
160,2,13,-2.2456297874450684,-2.2456297874450684,0.5114290118217468,0.0,6.004413604736328
160,2,14,-2.2255306243896484,-2.2255306243896484,0.49989375472068787,0.0,5.765041828155518
160,2,15,-2.2469613552093506,-2.2469613552093506,0.5037360787391663,0.0,5.581975936889648
160,2,16,-2.2390694618225098,-2.2390694618225098,0.5197603106498718,0.0,6.18353271484375
160,2,17,-2.2382001876831055,-2.2382001876831055,0.49607762694358826,0.0,6.151854038238525
160,2,18,-2.256059169769287,-2.256059169769287,0.5160955190658569,0.0,5.964860439300537
160,2,19,-2.2333226203918457,-2.2333226203918457,0.45360758900642395,0.0,5.581944465637207
160,3,0,-2.2769691944122314,-2.2769691944122314,0.5422714352607727,0.0,3.3570032119750977
160,3,1,-2.277592658996582,-2.277592658996582,0.4972296357154846,0.0,2.385547161102295
160,3,2,-2.2769362926483154,-2.2769362926483154,0.5143799185752869,0.0,3.4881646633148193
160,3,3,-2.2770161628723145,-2.2770161628723145,0.530898928642273,0.0,3.2078113555908203
160,3,4,-2.2773633003234863,-2.2773633003234863,0.48942863941192627,0.0,2.7142887115478516
160,3,5,-2.2773334980010986,-2.2773334980010986,0.5245692729949951,0.0,3.3857555389404297
160,3,6,-2.278430938720703,-2.278430938720703,0.5322896838188171,0.0,2.645035982131958
160,3,7,-2.2783877849578857,-2.2783877849578857,0.49686354398727417,0.0,2.929255962371826
160,3,8,-2.2783725261688232,-2.2783725261688232,0.5354300737380981,0.0,3.1815457344055176
160,3,9,-2.2790751457214355,-2.2790751457214355,0.5156619548797607,0.0,3.7751989364624023
160,3,10,-2.278496026992798,-2.278496026992798,0.5192002058029175,0.0,2.8033955097198486
160,3,11,-2.277419328689575,-2.277419328689575,0.5587542653083801,0.0,3.0285046100616455
160,3,12,-2.2791504859924316,-2.2791504859924316,0.5127691626548767,0.0,3.2094502449035645
160,3,13,-2.2777297496795654,-2.2777297496795654,0.5245749950408936,0.0,2.8454084396362305
160,3,14,-2.279289484024048,-2.279289484024048,0.5283021330833435,0.0,2.9096484184265137
160,3,15,-2.277663230895996,-2.277663230895996,0.5358923077583313,0.0,2.4885153770446777
160,3,16,-2.278435707092285,-2.278435707092285,0.5401480197906494,0.0,3.0659518241882324
160,3,17,-2.278701066970825,-2.278701066970825,0.5300014615058899,0.0,3.176731586456299
160,3,18,-2.2778170108795166,-2.2778170108795166,0.5499311089515686,0.0,3.0076799392700195
160,3,19,-2.278111219406128,-2.278111219406128,0.5125061273574829,0.0,3.120086193084717
160,4,0,-2.270392894744873,-2.270392894744873,0.5197491645812988,0.0,3.414891242980957
160,4,1,-2.2759041786193848,-2.2759041786193848,0.5114008784294128,0.0,5.094257831573486
160,4,2,-2.2669684886932373,-2.2669684886932373,0.4754181206226349,0.0,4.3035688400268555
160,4,3,-2.278829336166382,-2.278829336166382,0.45961782336235046,0.0,4.3311920166015625
160,4,4,-2.2559139728546143,-2.2559139728546143,0.4718976318836212,0.0,5.180417060852051
160,4,5,-2.2782270908355713,-2.2782270908355713,0.44339707493782043,0.0,5.258991241455078
160,4,6,-2.275678873062134,-2.275678873062134,0.526372492313385,0.0,5.592706680297852
160,4,7,-2.2601428031921387,-2.2601428031921387,0.4973944425582886,0.0,5.147301197052002
160,4,8,-2.2437875270843506,-2.2437875270843506,0.5146045684814453,0.0,3.5461266040802
160,4,9,-2.2788174152374268,-2.2788174152374268,0.46874991059303284,0.0,5.206015110015869
160,4,10,-2.2730376720428467,-2.2730376720428467,0.4834018647670746,0.0,3.4529130458831787
160,4,11,-2.278733968734741,-2.278733968734741,0.46253424882888794,0.0,4.3046441078186035
160,4,12,-2.2669718265533447,-2.2669718265533447,0.48008760809898376,0.0,4.2149176597595215
160,4,13,-2.264470338821411,-2.264470338821411,0.4771119952201843,0.0,4.769602298736572
160,4,14,-2.2768867015838623,-2.2768867015838623,0.49309900403022766,0.0,3.7432773113250732
160,4,15,-2.2763376235961914,-2.2763376235961914,0.45505690574645996,0.0,4.9682698249816895
160,4,16,-2.2706305980682373,-2.2706305980682373,0.48090219497680664,0.0,4.451762676239014
160,4,17,-2.2773590087890625,-2.2773590087890625,0.5424453616142273,0.0,5.394196510314941
160,4,18,-2.2778971195220947,-2.2778971195220947,0.472747802734375,0.0,5.146116256713867
160,4,19,-2.2782304286956787,-2.2782304286956787,0.4600429832935333,0.0,4.989076614379883
160,5,0,-2.2612788677215576,-2.2612788677215576,0.6020556092262268,0.0,5.679925441741943
160,5,1,-2.2651946544647217,-2.2651946544647217,0.5592894554138184,0.0,6.438272953033447
160,5,2,-2.2648251056671143,-2.2648251056671143,0.5753181576728821,0.0,5.550896644592285
160,5,3,-2.2528014183044434,-2.2528014183044434,0.5369182229042053,0.0,6.076053142547607
160,5,4,-2.2664706707000732,-2.2664706707000732,0.5623663067817688,0.0,6.211479663848877
160,5,5,-2.258070230484009,-2.258070230484009,0.5792849659919739,0.0,6.055264472961426
160,5,6,-2.2691097259521484,-2.2691097259521484,0.5682989954948425,0.0,5.901725769042969
160,5,7,-2.250838041305542,-2.250838041305542,0.582334578037262,0.0,6.3067474365234375
160,5,8,-2.2569148540496826,-2.2569148540496826,0.5742731094360352,0.0,5.871747970581055
160,5,9,-2.2602152824401855,-2.2602152824401855,0.5460858345031738,0.0,6.000144004821777
160,5,10,-2.262601852416992,-2.262601852416992,0.5854166746139526,0.0,5.840513229370117
160,5,11,-2.2631328105926514,-2.2631328105926514,0.5544916391372681,0.0,6.206955909729004
160,5,12,-2.261322021484375,-2.261322021484375,0.572647213935852,0.0,6.324090957641602
160,5,13,-2.2553422451019287,-2.2553422451019287,0.5866052508354187,0.0,6.61323356628418
160,5,14,-2.259718656539917,-2.259718656539917,0.5776762366294861,0.0,5.977306365966797
160,5,15,-2.2735097408294678,-2.2735097408294678,0.5286576151847839,0.0,6.75120735168457
160,5,16,-2.2521820068359375,-2.2521820068359375,0.5476361513137817,0.0,6.422070503234863
160,5,17,-2.25813364982605,-2.25813364982605,0.5523486137390137,0.0,6.29266357421875
160,5,18,-2.2554521560668945,-2.2554521560668945,0.5469772815704346,0.0,5.935800075531006
160,5,19,-2.26794171333313,-2.26794171333313,0.5510187745094299,0.0,6.480787754058838
160,6,0,-2.2039546966552734,-2.2039546966552734,0.5025243759155273,0.0,6.00208044052124
160,6,1,-2.168074607849121,-2.168074607849121,0.49629461765289307,0.0,6.072972297668457
160,6,2,-2.193631172180176,-2.193631172180176,0.4983915686607361,0.0,5.977902412414551
160,6,3,-2.188582420349121,-2.188582420349121,0.5198100209236145,0.0,6.185277938842773
160,6,4,-2.177001953125,-2.177001953125,0.49201616644859314,0.0,6.115671157836914
160,6,5,-2.199467658996582,-2.199467658996582,0.471163272857666,0.0,5.855001449584961
160,6,6,-2.1628336906433105,-2.1628336906433105,0.5335298180580139,0.0,5.898378849029541
160,6,7,-2.182755708694458,-2.182755708694458,0.4951033890247345,0.0,6.4020843505859375
160,6,8,-2.191162109375,-2.191162109375,0.4851081073284149,0.0,6.2743940353393555
160,6,9,-2.218161106109619,-2.218161106109619,0.469323068857193,0.0,6.050621032714844
160,6,10,-2.232882022857666,-2.232882022857666,0.4733498692512512,0.0,5.706145286560059
160,6,11,-2.2442915439605713,-2.2442915439605713,0.5064776539802551,0.0,6.165505409240723
160,6,12,-2.2004759311676025,-2.2004759311676025,0.47644901275634766,0.0,6.116303443908691
160,6,13,-2.213387966156006,-2.213387966156006,0.4766845107078552,0.0,6.0136494636535645
160,6,14,-2.1935012340545654,-2.1935012340545654,0.4574887156486511,0.0,5.858827590942383
160,6,15,-2.172044515609741,-2.172044515609741,0.5131803154945374,0.0,6.321939945220947
160,6,16,-2.187265634536743,-2.187265634536743,0.4705269932746887,0.0,6.112131118774414
160,6,17,-2.2130038738250732,-2.2130038738250732,0.49670737981796265,0.0,5.962226867675781
160,6,18,-2.170219659805298,-2.170219659805298,0.4888041317462921,0.0,5.866021633148193
160,6,19,-2.216294050216675,-2.216294050216675,0.4896671772003174,0.0,5.622707366943359
160,7,0,-2.231261730194092,-2.231261730194092,0.46518176794052124,0.0,6.746009826660156
160,7,1,-2.1947813034057617,-2.1947813034057617,0.47112178802490234,0.0,6.516031742095947
160,7,2,-2.2161450386047363,-2.2161450386047363,0.4742279052734375,0.0,6.275865077972412
160,7,3,-2.232778549194336,-2.232778549194336,0.46750786900520325,0.0,6.473942279815674
160,7,4,-2.2216851711273193,-2.2216851711273193,0.4338392913341522,0.0,6.649003028869629
160,7,5,-2.214465379714966,-2.214465379714966,0.42557647824287415,0.0,6.8418474197387695
160,7,6,-2.213787317276001,-2.213787317276001,0.42274317145347595,0.0,5.980450630187988
160,7,7,-2.214077949523926,-2.214077949523926,0.49268776178359985,0.0,6.586849689483643
160,7,8,-2.219651699066162,-2.219651699066162,0.5009655356407166,0.0,6.862744331359863
160,7,9,-2.1828160285949707,-2.1828160285949707,0.44504988193511963,0.0,7.14691162109375
160,7,10,-2.231038808822632,-2.231038808822632,0.4693283438682556,0.0,6.678872108459473
160,7,11,-2.2070956230163574,-2.2070956230163574,0.4774385690689087,0.0,6.872013092041016
160,7,12,-2.241762638092041,-2.241762638092041,0.4642693102359772,0.0,6.994718551635742
160,7,13,-2.219902753829956,-2.219902753829956,0.4426800310611725,0.0,7.117508411407471
160,7,14,-2.202843189239502,-2.202843189239502,0.4318239986896515,0.0,7.185831546783447
160,7,15,-2.2094664573669434,-2.2094664573669434,0.4295417368412018,0.0,7.002366542816162
160,7,16,-2.215571880340576,-2.215571880340576,0.42953282594680786,0.0,6.624229907989502
160,7,17,-2.2063984870910645,-2.2063984870910645,0.4373859167098999,0.0,6.58198356628418
160,7,18,-2.197115182876587,-2.197115182876587,0.48247256875038147,0.0,6.73137903213501
160,7,19,-2.1658577919006348,-2.1658577919006348,0.44182878732681274,0.0,6.651825428009033
160,8,0,-2.2216527462005615,-2.2216527462005615,0.5181329846382141,0.0,4.819584846496582
160,8,1,-2.2564380168914795,-2.2564380168914795,0.5322774052619934,0.0,5.206645965576172
160,8,2,-2.241255760192871,-2.241255760192871,0.5349971652030945,0.0,4.644000053405762
160,8,3,-2.2274062633514404,-2.2274062633514404,0.5035456418991089,0.0,4.932623863220215
160,8,4,-2.2311527729034424,-2.2311527729034424,0.49211233854293823,0.0,4.692863464355469
160,8,5,-2.2449471950531006,-2.2449471950531006,0.5289171934127808,0.0,4.719892501831055
160,8,6,-2.2363030910491943,-2.2363030910491943,0.5137186050415039,0.0,5.493054389953613
160,8,7,-2.243560791015625,-2.243560791015625,0.5082023739814758,0.0,4.267794609069824
160,8,8,-2.236937999725342,-2.236937999725342,0.5353828072547913,0.0,5.182034015655518
160,8,9,-2.2271928787231445,-2.2271928787231445,0.49362245202064514,0.0,4.993603706359863
160,8,10,-2.2513372898101807,-2.2513372898101807,0.5123336911201477,0.0,5.1768107414245605
160,8,11,-2.240213394165039,-2.240213394165039,0.5085601210594177,0.0,5.335796356201172
160,8,12,-2.236301898956299,-2.236301898956299,0.49077045917510986,0.0,5.011318206787109
160,8,13,-2.254775047302246,-2.254775047302246,0.5230379104614258,0.0,5.307950019836426
160,8,14,-2.2178797721862793,-2.2178797721862793,0.49845555424690247,0.0,5.280754089355469
160,8,15,-2.2551872730255127,-2.2551872730255127,0.5095030665397644,0.0,4.731103897094727
160,8,16,-2.2363996505737305,-2.2363996505737305,0.49856656789779663,0.0,5.270942687988281
160,8,17,-2.2111682891845703,-2.2111682891845703,0.49301981925964355,0.0,4.910305976867676
160,8,18,-2.242001533508301,-2.242001533508301,0.5041015148162842,0.0,5.6152238845825195
160,8,19,-2.225499153137207,-2.225499153137207,0.49787238240242004,0.0,5.295602798461914
160,9,0,-2.2639973163604736,-2.2639973163604736,0.4389289319515228,0.0,4.673117637634277
160,9,1,-2.2306785583496094,-2.2306785583496094,0.43628931045532227,0.0,5.249794960021973
160,9,2,-2.206261157989502,-2.206261157989502,0.48041781783103943,0.0,6.107133865356445
160,9,3,-2.239229440689087,-2.239229440689087,0.46177250146865845,0.0,5.580894947052002
160,9,4,-2.234625816345215,-2.234625816345215,0.43913009762763977,0.0,5.947744369506836
160,9,5,-2.244537830352783,-2.244537830352783,0.4729440212249756,0.0,4.644315242767334
160,9,6,-2.253990888595581,-2.253990888595581,0.4806530475616455,0.0,5.967484474182129
160,9,7,-2.2354180812835693,-2.2354180812835693,0.4231618344783783,0.0,5.652202129364014
160,9,8,-2.2342848777770996,-2.2342848777770996,0.4679049849510193,0.0,5.875218391418457
160,9,9,-2.246615409851074,-2.246615409851074,0.43521440029144287,0.0,5.622568607330322
160,9,10,-2.2594656944274902,-2.2594656944274902,0.4249022901058197,0.0,5.193070411682129
160,9,11,-2.2646141052246094,-2.2646141052246094,0.48684263229370117,0.0,5.049800872802734
160,9,12,-2.262820243835449,-2.262820243835449,0.4907788336277008,0.0,5.06643533706665
160,9,13,-2.2580606937408447,-2.2580606937408447,0.42025190591812134,0.0,5.109652042388916
160,9,14,-2.236651659011841,-2.236651659011841,0.48997676372528076,0.0,5.398200988769531
160,9,15,-2.258460283279419,-2.258460283279419,0.47091707587242126,0.0,5.5044846534729
160,9,16,-2.245108127593994,-2.245108127593994,0.45126333832740784,0.0,5.663442134857178
160,9,17,-2.2462635040283203,-2.2462635040283203,0.4519611597061157,0.0,5.035524368286133
160,9,18,-2.264021158218384,-2.264021158218384,0.4849904477596283,0.0,5.596899032592773
160,9,19,-2.242218494415283,-2.242218494415283,0.47264108061790466,0.0,5.932770729064941
140,0,0,-2.242943525314331,-2.242943525314331,0.485948383808136,0.0,4.150702953338623
140,0,1,-2.2302560806274414,-2.2302560806274414,0.5533760786056519,0.0,4.068578720092773
140,0,2,-2.23927640914917,-2.23927640914917,0.534079372882843,0.0,4.074162483215332
140,0,3,-2.2477169036865234,-2.2477169036865234,0.5127587914466858,0.0,3.830521821975708
140,0,4,-2.246472120285034,-2.246472120285034,0.5533298254013062,0.0,3.7987308502197266
140,0,5,-2.245450735092163,-2.245450735092163,0.5376013517379761,0.0,3.7839579582214355
140,0,6,-2.24643874168396,-2.24643874168396,0.525367021560669,0.0,4.136870861053467
140,0,7,-2.231670618057251,-2.231670618057251,0.5208628177642822,0.0,4.2395830154418945
140,0,8,-2.239680528640747,-2.239680528640747,0.5139330625534058,0.0,4.316661357879639
140,0,9,-2.248669147491455,-2.248669147491455,0.4886523485183716,0.0,4.096643447875977
140,0,10,-2.2493016719818115,-2.2493016719818115,0.5284242033958435,0.0,4.143580436706543
140,0,11,-2.2425572872161865,-2.2425572872161865,0.5135452151298523,0.0,3.9564380645751953
140,0,12,-2.2479665279388428,-2.2479665279388428,0.5351543426513672,0.0,4.0509467124938965
140,0,13,-2.254498243331909,-2.254498243331909,0.5496861338615417,0.0,3.679521083831787
140,0,14,-2.247535467147827,-2.247535467147827,0.5459509491920471,0.0,3.8960161209106445
140,0,15,-2.2470896244049072,-2.2470896244049072,0.568372368812561,0.0,3.952195644378662
140,0,16,-2.2501380443573,-2.2501380443573,0.5377525687217712,0.0,3.965482473373413
140,0,17,-2.2447350025177,-2.2447350025177,0.5325928330421448,0.0,4.447778224945068
140,0,18,-2.246265411376953,-2.246265411376953,0.5270418524742126,0.0,3.7539291381835938
140,0,19,-2.257206439971924,-2.257206439971924,0.5639210939407349,0.0,4.087243556976318
140,1,0,-2.267265796661377,-2.267265796661377,0.4945206940174103,0.0,5.953834056854248
140,1,1,-2.2665693759918213,-2.2665693759918213,0.4741380512714386,0.0,6.203760147094727
140,1,2,-2.24861478805542,-2.24861478805542,0.4829653203487396,0.0,6.434502601623535
140,1,3,-2.2585718631744385,-2.2585718631744385,0.4504601061344147,0.0,5.732686519622803
140,1,4,-2.2589027881622314,-2.2589027881622314,0.4531719386577606,0.0,5.844771862030029
140,1,5,-2.257045030593872,-2.257045030593872,0.4900197982788086,0.0,6.12697696685791
140,1,6,-2.2632603645324707,-2.2632603645324707,0.5195978879928589,0.0,5.839957237243652
140,1,7,-2.243424415588379,-2.243424415588379,0.47484704852104187,0.0,6.082234859466553
140,1,8,-2.2295422554016113,-2.2295422554016113,0.4885125160217285,0.0,6.246881484985352
140,1,9,-2.2399444580078125,-2.2399444580078125,0.48612239956855774,0.0,5.5354413986206055
140,1,10,-2.2511374950408936,-2.2511374950408936,0.50704425573349,0.0,6.07241153717041
140,1,11,-2.1717233657836914,-2.1717233657836914,0.4665208160877228,0.0,5.761354446411133
140,1,12,-2.256136894226074,-2.256136894226074,0.41271522641181946,0.0,5.908511161804199
140,1,13,-2.2177584171295166,-2.2177584171295166,0.5049659609794617,0.0,6.305216312408447
140,1,14,-2.2726070880889893,-2.2726070880889893,0.4716107249259949,0.0,6.347307205200195
140,1,15,-2.2642643451690674,-2.2642643451690674,0.49663886427879333,0.0,5.8999223709106445
140,1,16,-2.2469751834869385,-2.2469751834869385,0.4721442759037018,0.0,5.984284400939941
140,1,17,-2.2586448192596436,-2.2586448192596436,0.5394180417060852,0.0,6.223834991455078
140,1,18,-2.2083585262298584,-2.2083585262298584,0.44931891560554504,0.0,5.827305793762207
140,1,19,-2.251812219619751,-2.251812219619751,0.5080781579017639,0.0,6.196274280548096
140,2,0,-2.2401018142700195,-2.2401018142700195,0.48280346393585205,0.0,5.9974365234375
140,2,1,-2.2487452030181885,-2.2487452030181885,0.530298113822937,0.0,5.212482452392578
140,2,2,-2.2541775703430176,-2.2541775703430176,0.4908132553100586,0.0,5.836463451385498
140,2,3,-2.2578368186950684,-2.2578368186950684,0.4972635805606842,0.0,6.152048587799072
140,2,4,-2.2343080043792725,-2.2343080043792725,0.5049353241920471,0.0,6.155246734619141
140,2,5,-2.254828929901123,-2.254828929901123,0.4817281663417816,0.0,6.116814136505127
140,2,6,-2.253632068634033,-2.253632068634033,0.509161114692688,0.0,6.071917533874512
140,2,7,-2.2426538467407227,-2.2426538467407227,0.4966629147529602,0.0,6.178799629211426
140,2,8,-2.2440011501312256,-2.2440011501312256,0.4926412105560303,0.0,4.978755950927734
140,2,9,-2.2441470623016357,-2.2441470623016357,0.5266140103340149,0.0,5.370774269104004
140,2,10,-2.249786853790283,-2.249786853790283,0.4757242798805237,0.0,5.446844100952148
140,2,11,-2.2355496883392334,-2.2355496883392334,0.47761812806129456,0.0,5.444581031799316
140,2,12,-2.244793176651001,-2.244793176651001,0.48894673585891724,0.0,5.973699569702148
140,2,13,-2.2302494049072266,-2.2302494049072266,0.47485101222991943,0.0,5.940280914306641
140,2,14,-2.249319314956665,-2.249319314956665,0.507129430770874,0.0,5.8837127685546875
140,2,15,-2.253063678741455,-2.253063678741455,0.46406006813049316,0.0,5.829402446746826
140,2,16,-2.2411303520202637,-2.2411303520202637,0.5025690793991089,0.0,5.573119163513184
140,2,17,-2.2409920692443848,-2.2409920692443848,0.511124849319458,0.0,5.616098403930664
140,2,18,-2.224681854248047,-2.224681854248047,0.5004100799560547,0.0,6.1319475173950195
140,2,19,-2.2458913326263428,-2.2458913326263428,0.5196351408958435,0.0,5.854943752288818
140,3,0,-2.275933265686035,-2.275933265686035,0.5276666283607483,0.0,3.1069116592407227
140,3,1,-2.2778682708740234,-2.2778682708740234,0.5264855623245239,0.0,3.071927547454834
140,3,2,-2.2785897254943848,-2.2785897254943848,0.5387884974479675,0.0,2.8582146167755127
140,3,3,-2.277693033218384,-2.277693033218384,0.502729594707489,0.0,3.2560033798217773
140,3,4,-2.279411554336548,-2.279411554336548,0.5239374041557312,0.0,2.9918947219848633
140,3,5,-2.2773351669311523,-2.2773351669311523,0.528226912021637,0.0,3.2579476833343506
140,3,6,-2.278811454772949,-2.278811454772949,0.5338246822357178,0.0,3.0794639587402344
140,3,7,-2.276045799255371,-2.276045799255371,0.5293946862220764,0.0,2.7598719596862793
140,3,8,-2.2788400650024414,-2.2788400650024414,0.5204896926879883,0.0,3.0051889419555664
140,3,9,-2.2763960361480713,-2.2763960361480713,0.5366071462631226,0.0,3.7199196815490723
140,3,10,-2.2786951065063477,-2.2786951065063477,0.5312456488609314,0.0,3.12815523147583
140,3,11,-2.2781713008880615,-2.2781713008880615,0.5449576377868652,0.0,3.0044045448303223
140,3,12,-2.277921438217163,-2.277921438217163,0.5573930740356445,0.0,2.9525177478790283
140,3,13,-2.2802464962005615,-2.2802464962005615,0.5269733667373657,0.0,2.5499305725097656
140,3,14,-2.278393030166626,-2.278393030166626,0.5314459800720215,0.0,3.0150492191314697
140,3,15,-2.278310537338257,-2.278310537338257,0.5200291275978088,0.0,3.0876717567443848
140,3,16,-2.2774336338043213,-2.2774336338043213,0.4998170733451843,0.0,2.9752631187438965
140,3,17,-2.2791993618011475,-2.2791993618011475,0.5149495601654053,0.0,3.139760732650757
140,3,18,-2.277587890625,-2.277587890625,0.5131531953811646,0.0,3.4471652507781982
140,3,19,-2.2778148651123047,-2.2778148651123047,0.5098417401313782,0.0,2.8708677291870117
140,4,0,-2.252770185470581,-2.252770185470581,0.5044106245040894,0.0,3.868178129196167
140,4,1,-2.274003267288208,-2.274003267288208,0.5134748816490173,0.0,5.235799312591553
140,4,2,-2.264988899230957,-2.264988899230957,0.484266072511673,0.0,4.534746170043945
140,4,3,-2.266225576400757,-2.266225576400757,0.5163144469261169,0.0,3.3041980266571045
140,4,4,-2.2785606384277344,-2.2785606384277344,0.5426170825958252,0.0,4.301999568939209
140,4,5,-2.273221969604492,-2.273221969604492,0.48102667927742004,0.0,4.668784141540527
140,4,6,-2.277454376220703,-2.277454376220703,0.4939832389354706,0.0,5.511402606964111
140,4,7,-2.2724108695983887,-2.2724108695983887,0.49930325150489807,0.0,3.6870155334472656
140,4,8,-2.275944948196411,-2.275944948196411,0.5129817128181458,0.0,5.063081741333008
140,4,9,-2.2557291984558105,-2.2557291984558105,0.5338249802589417,0.0,4.471609115600586
140,4,10,-2.269779682159424,-2.269779682159424,0.47846439480781555,0.0,3.799447774887085
140,4,11,-2.272528886795044,-2.272528886795044,0.49704432487487793,0.0,4.049773693084717
140,4,12,-2.2727737426757812,-2.2727737426757812,0.4870762228965759,0.0,3.655439853668213
140,4,13,-2.277113199234009,-2.277113199234009,0.4877433478832245,0.0,5.207309722900391
140,4,14,-2.2680773735046387,-2.2680773735046387,0.47089117765426636,0.0,5.900976181030273
140,4,15,-2.2792718410491943,-2.2792718410491943,0.48776647448539734,0.0,4.654143333435059
140,4,16,-2.271042823791504,-2.271042823791504,0.45506370067596436,0.0,3.75215220451355
140,4,17,-2.2755916118621826,-2.2755916118621826,0.5065771341323853,0.0,2.997340202331543
140,4,18,-2.2738354206085205,-2.2738354206085205,0.5151895880699158,0.0,4.594534873962402
140,4,19,-2.269692897796631,-2.269692897796631,0.4332430958747864,0.0,4.160854339599609
140,5,0,-2.2551064491271973,-2.2551064491271973,0.5652322769165039,0.0,6.347864151000977
140,5,1,-2.2586798667907715,-2.2586798667907715,0.5642806887626648,0.0,5.809210777282715
140,5,2,-2.2323508262634277,-2.2323508262634277,0.5697385668754578,0.0,5.923341751098633
140,5,3,-2.2587878704071045,-2.2587878704071045,0.5634726881980896,0.0,6.399389743804932
140,5,4,-2.2680344581604004,-2.2680344581604004,0.5588110089302063,0.0,6.508548259735107
140,5,5,-2.260343551635742,-2.260343551635742,0.5319792628288269,0.0,6.057644844055176
140,5,6,-2.2709474563598633,-2.2709474563598633,0.5717612504959106,0.0,6.11006498336792
140,5,7,-2.256364107131958,-2.256364107131958,0.5709372758865356,0.0,6.057170391082764
140,5,8,-2.2725629806518555,-2.2725629806518555,0.5504235029220581,0.0,6.578349590301514
140,5,9,-2.255862236022949,-2.255862236022949,0.5970425605773926,0.0,5.915122032165527
140,5,10,-2.256281852722168,-2.256281852722168,0.555669367313385,0.0,6.623824119567871
140,5,11,-2.267292022705078,-2.267292022705078,0.5427699089050293,0.0,5.811244964599609
140,5,12,-2.2463228702545166,-2.2463228702545166,0.5793195962905884,0.0,6.566360950469971
140,5,13,-2.2652676105499268,-2.2652676105499268,0.5779216289520264,0.0,6.481697082519531
140,5,14,-2.270137071609497,-2.270137071609497,0.5523627996444702,0.0,6.378222465515137
140,5,15,-2.263681173324585,-2.263681173324585,0.5578363537788391,0.0,6.305680274963379
140,5,16,-2.26210880279541,-2.26210880279541,0.5663585066795349,0.0,6.714790344238281
140,5,17,-2.26399827003479,-2.26399827003479,0.5642779469490051,0.0,5.901236057281494
140,5,18,-2.2582201957702637,-2.2582201957702637,0.6024779081344604,0.0,6.486976623535156
140,5,19,-2.242091417312622,-2.242091417312622,0.5671902894973755,0.0,5.8347649574279785
140,6,0,-2.2158119678497314,-2.2158119678497314,0.5000478625297546,0.0,5.8983259201049805
140,6,1,-2.207695960998535,-2.207695960998535,0.49113717675209045,0.0,6.507325172424316
140,6,2,-2.195650100708008,-2.195650100708008,0.5056672692298889,0.0,5.814084529876709
140,6,3,-2.2053725719451904,-2.2053725719451904,0.48529189825057983,0.0,5.990540981292725
140,6,4,-2.2214248180389404,-2.2214248180389404,0.4839361906051636,0.0,6.294480323791504
140,6,5,-2.228529453277588,-2.228529453277588,0.5048345923423767,0.0,5.626180648803711
140,6,6,-2.224381446838379,-2.224381446838379,0.45978206396102905,0.0,6.364565372467041
140,6,7,-2.233520269393921,-2.233520269393921,0.4840352535247803,0.0,5.862852096557617
140,6,8,-2.250946044921875,-2.250946044921875,0.4676482081413269,0.0,6.09565544128418
140,6,9,-2.211775541305542,-2.211775541305542,0.4836205840110779,0.0,6.2338409423828125
140,6,10,-2.203434705734253,-2.203434705734253,0.5088209509849548,0.0,6.253832817077637
140,6,11,-2.2037241458892822,-2.2037241458892822,0.5046510696411133,0.0,5.565542221069336
140,6,12,-2.229771375656128,-2.229771375656128,0.4786560535430908,0.0,6.310746192932129
140,6,13,-2.2171058654785156,-2.2171058654785156,0.4702233672142029,0.0,5.953461647033691
140,6,14,-2.2199695110321045,-2.2199695110321045,0.4421851933002472,0.0,5.794340133666992
140,6,15,-2.159928560256958,-2.159928560256958,0.5066656470298767,0.0,5.730700492858887
140,6,16,-2.2258942127227783,-2.2258942127227783,0.5174286365509033,0.0,5.874239921569824
140,6,17,-2.2100913524627686,-2.2100913524627686,0.47614210844039917,0.0,6.085156440734863
140,6,18,-2.1838014125823975,-2.1838014125823975,0.5092395544052124,0.0,5.887616157531738
140,6,19,-2.16186261177063,-2.16186261177063,0.492479145526886,0.0,6.049987316131592
140,7,0,-2.210953712463379,-2.210953712463379,0.44991955161094666,0.0,6.278569221496582
140,7,1,-2.197345495223999,-2.197345495223999,0.4496637284755707,0.0,6.717528343200684
140,7,2,-2.234508514404297,-2.234508514404297,0.4282296597957611,0.0,6.612033843994141
140,7,3,-2.22933292388916,-2.22933292388916,0.4482370615005493,0.0,6.6932783126831055
140,7,4,-2.241356611251831,-2.241356611251831,0.5014095306396484,0.0,6.16110372543335
140,7,5,-2.1849265098571777,-2.1849265098571777,0.47987934947013855,0.0,6.063743591308594
140,7,6,-2.225813388824463,-2.225813388824463,0.4199860692024231,0.0,7.052173614501953
140,7,7,-2.228393316268921,-2.228393316268921,0.37837913632392883,0.0,7.065136909484863
140,7,8,-2.237913131713867,-2.237913131713867,0.4397275745868683,0.0,6.491216659545898
140,7,9,-2.2394816875457764,-2.2394816875457764,0.48244860768318176,0.0,6.775084495544434
140,7,10,-2.223860502243042,-2.223860502243042,0.4536398947238922,0.0,6.728480339050293
140,7,11,-2.2057294845581055,-2.2057294845581055,0.39657461643218994,0.0,6.807289123535156
140,7,12,-2.1893489360809326,-2.1893489360809326,0.4663024842739105,0.0,6.872244834899902
140,7,13,-2.2320992946624756,-2.2320992946624756,0.45033562183380127,0.0,6.124706268310547
140,7,14,-2.2144174575805664,-2.2144174575805664,0.47954732179641724,0.0,6.751209259033203
140,7,15,-2.1992716789245605,-2.1992716789245605,0.43981292843818665,0.0,6.952817916870117
140,7,16,-2.234342098236084,-2.234342098236084,0.43299388885498047,0.0,6.452235221862793
140,7,17,-2.2320637702941895,-2.2320637702941895,0.42213860154151917,0.0,6.511219024658203
140,7,18,-2.1861040592193604,-2.1861040592193604,0.4655103385448456,0.0,6.912957191467285
140,7,19,-2.1975934505462646,-2.1975934505462646,0.4320070743560791,0.0,6.260607719421387
140,8,0,-2.245370388031006,-2.245370388031006,0.5053642988204956,0.0,5.3795552253723145
140,8,1,-2.2490146160125732,-2.2490146160125732,0.5219016075134277,0.0,4.734024524688721
140,8,2,-2.248047351837158,-2.248047351837158,0.477444589138031,0.0,5.119446754455566
140,8,3,-2.2477610111236572,-2.2477610111236572,0.48316237330436707,0.0,5.184016227722168
140,8,4,-2.2594776153564453,-2.2594776153564453,0.5245094299316406,0.0,5.011920928955078
140,8,5,-2.226667642593384,-2.226667642593384,0.5048715472221375,0.0,4.846868515014648
140,8,6,-2.2347471714019775,-2.2347471714019775,0.504593551158905,0.0,5.316152572631836
140,8,7,-2.2433042526245117,-2.2433042526245117,0.5176566243171692,0.0,4.889110565185547
140,8,8,-2.2445201873779297,-2.2445201873779297,0.5168735384941101,0.0,4.819411277770996
140,8,9,-2.2521891593933105,-2.2521891593933105,0.5157468914985657,0.0,4.667505264282227
140,8,10,-2.235253095626831,-2.235253095626831,0.4816644787788391,0.0,5.266654014587402
140,8,11,-2.2475368976593018,-2.2475368976593018,0.5242407321929932,0.0,5.187539100646973
140,8,12,-2.2389535903930664,-2.2389535903930664,0.48860254883766174,0.0,4.918848037719727
140,8,13,-2.2489442825317383,-2.2489442825317383,0.4872422516345978,0.0,5.343284606933594
140,8,14,-2.246248722076416,-2.246248722076416,0.4853011965751648,0.0,4.792001724243164
140,8,15,-2.2516748905181885,-2.2516748905181885,0.540087878704071,0.0,5.023590564727783
140,8,16,-2.2443583011627197,-2.2443583011627197,0.5159825086593628,0.0,5.364823341369629
140,8,17,-2.2406327724456787,-2.2406327724456787,0.496031790971756,0.0,5.2783660888671875
140,8,18,-2.2258353233337402,-2.2258353233337402,0.5009968876838684,0.0,5.374300956726074
140,8,19,-2.238868474960327,-2.238868474960327,0.4938089847564697,0.0,4.983593463897705
140,9,0,-2.237027645111084,-2.237027645111084,0.4358479678630829,0.0,5.4262518882751465
140,9,1,-2.251213312149048,-2.251213312149048,0.4525804817676544,0.0,5.480877876281738
140,9,2,-2.2127294540405273,-2.2127294540405273,0.47834908962249756,0.0,5.680562973022461
140,9,3,-2.2573208808898926,-2.2573208808898926,0.45966294407844543,0.0,5.540018081665039
140,9,4,-2.207202434539795,-2.207202434539795,0.4600685238838196,0.0,5.8662285804748535
140,9,5,-2.237788200378418,-2.237788200378418,0.43853673338890076,0.0,5.657150745391846
140,9,6,-2.243832588195801,-2.243832588195801,0.46358707547187805,0.0,5.3777923583984375
140,9,7,-2.258488655090332,-2.258488655090332,0.4474804997444153,0.0,5.015679359436035
140,9,8,-2.2391517162323,-2.2391517162323,0.47024625539779663,0.0,5.689662933349609
140,9,9,-2.2694668769836426,-2.2694668769836426,0.44397106766700745,0.0,5.103434085845947
140,9,10,-2.2320666313171387,-2.2320666313171387,0.4675261080265045,0.0,5.460544586181641
140,9,11,-2.260694742202759,-2.260694742202759,0.46709737181663513,0.0,4.993111610412598
140,9,12,-2.256972551345825,-2.256972551345825,0.438812792301178,0.0,6.266916275024414
140,9,13,-2.255361318588257,-2.255361318588257,0.4521275758743286,0.0,4.976985454559326
140,9,14,-2.2601704597473145,-2.2601704597473145,0.45095115900039673,0.0,5.5065202713012695
140,9,15,-2.248598098754883,-2.248598098754883,0.5000157952308655,0.0,5.6010284423828125
140,9,16,-2.2561569213867188,-2.2561569213867188,0.4807257056236267,0.0,4.898164749145508
140,9,17,-2.2653298377990723,-2.2653298377990723,0.48739093542099,0.0,5.714223861694336
140,9,18,-2.2133381366729736,-2.2133381366729736,0.46346813440322876,0.0,5.802926063537598
140,9,19,-2.248558521270752,-2.248558521270752,0.4515676200389862,0.0,5.1570000648498535
120,0,0,-2.236302137374878,-2.236302137374878,0.5111661553382874,0.0,4.071404457092285
120,0,1,-2.241504430770874,-2.241504430770874,0.4767218828201294,0.0,4.059508323669434
120,0,2,-2.233243227005005,-2.233243227005005,0.5371714234352112,0.0,3.9305620193481445
120,0,3,-2.2430291175842285,-2.2430291175842285,0.5360301733016968,0.0,3.869551658630371
120,0,4,-2.246155261993408,-2.246155261993408,0.5262393951416016,0.0,4.158001899719238
120,0,5,-2.2406527996063232,-2.2406527996063232,0.5257152915000916,0.0,4.045769214630127
120,0,6,-2.2453348636627197,-2.2453348636627197,0.53300541639328,0.0,3.8912172317504883
120,0,7,-2.206949234008789,-2.206949234008789,0.5036680102348328,0.0,3.912508964538574
120,0,8,-2.2052700519561768,-2.2052700519561768,0.5413102507591248,0.0,3.9046218395233154
120,0,9,-2.2225594520568848,-2.2225594520568848,0.5253825187683105,0.0,4.032156944274902
120,0,10,-2.2201406955718994,-2.2201406955718994,0.5400626063346863,0.0,3.999948740005493
120,0,11,-2.248655080795288,-2.248655080795288,0.5374923944473267,0.0,3.9079604148864746
120,0,12,-2.248192071914673,-2.248192071914673,0.5529357194900513,0.0,3.632208824157715
120,0,13,-2.240128993988037,-2.240128993988037,0.5371160507202148,0.0,4.000792503356934
120,0,14,-2.244594097137451,-2.244594097137451,0.5542187094688416,0.0,4.119482517242432
120,0,15,-2.249417543411255,-2.249417543411255,0.49172765016555786,0.0,4.203167915344238
120,0,16,-2.2398951053619385,-2.2398951053619385,0.5419510006904602,0.0,3.7742295265197754
120,0,17,-2.248715877532959,-2.248715877532959,0.5312480330467224,0.0,4.226210117340088
120,0,18,-2.225506067276001,-2.225506067276001,0.5139637589454651,0.0,4.255636692047119
120,0,19,-2.231513261795044,-2.231513261795044,0.5391333103179932,0.0,3.66003155708313
120,1,0,-2.231318950653076,-2.231318950653076,0.5025530457496643,0.0,6.0936198234558105
120,1,1,-2.2491581439971924,-2.2491581439971924,0.4546860158443451,0.0,6.018095970153809
120,1,2,-2.2663724422454834,-2.2663724422454834,0.4373500347137451,0.0,5.632388114929199
120,1,3,-2.250580310821533,-2.250580310821533,0.5126100182533264,0.0,6.4797282218933105
120,1,4,-2.26166033744812,-2.26166033744812,0.507776141166687,0.0,6.2706193923950195
120,1,5,-2.2629683017730713,-2.2629683017730713,0.47827017307281494,0.0,5.958733081817627
120,1,6,-2.2674970626831055,-2.2674970626831055,0.4914138913154602,0.0,5.872479438781738
120,1,7,-2.2508692741394043,-2.2508692741394043,0.49433600902557373,0.0,6.026790618896484
120,1,8,-2.217057943344116,-2.217057943344116,0.43764638900756836,0.0,6.522515296936035
120,1,9,-2.2658140659332275,-2.2658140659332275,0.4871133267879486,0.0,5.753432750701904
120,1,10,-2.2677786350250244,-2.2677786350250244,0.47072306275367737,0.0,6.23936653137207
120,1,11,-2.273393154144287,-2.273393154144287,0.5217692852020264,0.0,6.493597984313965
120,1,12,-2.259827136993408,-2.259827136993408,0.48393747210502625,0.0,5.976276874542236
120,1,13,-2.2502362728118896,-2.2502362728118896,0.5035209059715271,0.0,6.306011199951172
120,1,14,-2.2655956745147705,-2.2655956745147705,0.47682833671569824,0.0,5.826076507568359
120,1,15,-2.1947011947631836,-2.1947011947631836,0.4468092620372772,0.0,6.184476852416992
120,1,16,-2.2700858116149902,-2.2700858116149902,0.45285657048225403,0.0,5.978030204772949
120,1,17,-2.2722225189208984,-2.2722225189208984,0.48068174719810486,0.0,5.964489936828613
120,1,18,-2.2491016387939453,-2.2491016387939453,0.47213268280029297,0.0,5.975969314575195
120,1,19,-2.2386910915374756,-2.2386910915374756,0.5271961092948914,0.0,6.142179012298584
120,2,0,-2.2456514835357666,-2.2456514835357666,0.5024268627166748,0.0,5.692343711853027
120,2,1,-2.2389039993286133,-2.2389039993286133,0.4971458315849304,0.0,6.231163024902344
120,2,2,-2.247736930847168,-2.247736930847168,0.5050647258758545,0.0,5.714177131652832
120,2,3,-2.252887725830078,-2.252887725830078,0.5218015313148499,0.0,5.630060195922852
120,2,4,-2.235424518585205,-2.235424518585205,0.5057790279388428,0.0,5.093139171600342
120,2,5,-2.2390847206115723,-2.2390847206115723,0.5005490779876709,0.0,5.6410675048828125
120,2,6,-2.24421763420105,-2.24421763420105,0.5364646315574646,0.0,6.21041202545166
120,2,7,-2.2407219409942627,-2.2407219409942627,0.4813896119594574,0.0,5.589011192321777
120,2,8,-2.2485077381134033,-2.2485077381134033,0.4657963216304779,0.0,5.317234992980957
120,2,9,-2.2499115467071533,-2.2499115467071533,0.49185898900032043,0.0,5.858379364013672
120,2,10,-2.2507896423339844,-2.2507896423339844,0.5114169716835022,0.0,6.096102714538574
120,2,11,-2.2510507106781006,-2.2510507106781006,0.5342275500297546,0.0,5.954096794128418
120,2,12,-2.2476396560668945,-2.2476396560668945,0.4934174120426178,0.0,6.176815032958984
120,2,13,-2.23988676071167,-2.23988676071167,0.4987215995788574,0.0,6.32796573638916
120,2,14,-2.238922357559204,-2.238922357559204,0.5075170397758484,0.0,5.898146629333496
120,2,15,-2.2457330226898193,-2.2457330226898193,0.5011701583862305,0.0,6.004201412200928
120,2,16,-2.2589151859283447,-2.2589151859283447,0.4984845221042633,0.0,5.798254489898682
120,2,17,-2.2402777671813965,-2.2402777671813965,0.47564712166786194,0.0,6.054714202880859
120,2,18,-2.2362048625946045,-2.2362048625946045,0.496432900428772,0.0,5.872479438781738
120,2,19,-2.2490599155426025,-2.2490599155426025,0.5121945142745972,0.0,5.795945644378662
120,3,0,-2.276148796081543,-2.276148796081543,0.4841950237751007,0.0,4.019287586212158
120,3,1,-2.2778053283691406,-2.2778053283691406,0.5276306867599487,0.0,3.202119827270508
120,3,2,-2.276895761489868,-2.276895761489868,0.5451633334159851,0.0,3.127058744430542
120,3,3,-2.2769460678100586,-2.2769460678100586,0.524136483669281,0.0,3.0837769508361816
120,3,4,-2.2783360481262207,-2.2783360481262207,0.5237370729446411,0.0,2.8860931396484375
120,3,5,-2.2788712978363037,-2.2788712978363037,0.5501909255981445,0.0,2.870724678039551
120,3,6,-2.277775764465332,-2.277775764465332,0.5172396302223206,0.0,3.1703946590423584
120,3,7,-2.2784366607666016,-2.2784366607666016,0.5262566208839417,0.0,3.444143533706665
120,3,8,-2.278010129928589,-2.278010129928589,0.5360706448554993,0.0,3.5385491847991943
120,3,9,-2.2784900665283203,-2.2784900665283203,0.5434691905975342,0.0,2.9254417419433594
120,3,10,-2.277846336364746,-2.277846336364746,0.5242569446563721,0.0,3.0179224014282227
120,3,11,-2.278226137161255,-2.278226137161255,0.5172500610351562,0.0,3.0101609230041504
120,3,12,-2.2794809341430664,-2.2794809341430664,0.5143841505050659,0.0,3.0987439155578613
120,3,13,-2.277705669403076,-2.277705669403076,0.5267243385314941,0.0,3.387803554534912
120,3,14,-2.2768173217773438,-2.2768173217773438,0.5075929760932922,0.0,3.122549057006836
120,3,15,-2.278247594833374,-2.278247594833374,0.5476898550987244,0.0,3.3040895462036133
120,3,16,-2.277866840362549,-2.277866840362549,0.540177583694458,0.0,3.0876965522766113
120,3,17,-2.2775919437408447,-2.2775919437408447,0.5436725616455078,0.0,2.660832166671753
120,3,18,-2.277475118637085,-2.277475118637085,0.529326856136322,0.0,3.0148348808288574
120,3,19,-2.279062509536743,-2.279062509536743,0.49653738737106323,0.0,3.05753755569458
120,4,0,-2.2739973068237305,-2.2739973068237305,0.45037320256233215,0.0,3.5016791820526123
120,4,1,-2.277665376663208,-2.277665376663208,0.48495209217071533,0.0,3.8890016078948975
120,4,2,-2.2633419036865234,-2.2633419036865234,0.4699082374572754,0.0,4.779345512390137
120,4,3,-2.2705132961273193,-2.2705132961273193,0.4891536831855774,0.0,3.9687883853912354
120,4,4,-2.258845090866089,-2.258845090866089,0.4209088981151581,0.0,4.691601276397705
120,4,5,-2.2703495025634766,-2.2703495025634766,0.47963884472846985,0.0,3.7923965454101562
120,4,6,-2.275771141052246,-2.275771141052246,0.4691917598247528,0.0,5.303694725036621
120,4,7,-2.2761614322662354,-2.2761614322662354,0.4918554723262787,0.0,4.196307182312012
120,4,8,-2.262568235397339,-2.262568235397339,0.47438958287239075,0.0,3.6823697090148926
120,4,9,-2.277686595916748,-2.277686595916748,0.4946807324886322,0.0,3.6454854011535645
120,4,10,-2.272865056991577,-2.272865056991577,0.44870316982269287,0.0,4.023403167724609
120,4,11,-2.2601311206817627,-2.2601311206817627,0.44600626826286316,0.0,3.3193721771240234
120,4,12,-2.2741949558258057,-2.2741949558258057,0.46453437209129333,0.0,4.447310447692871
120,4,13,-2.2728888988494873,-2.2728888988494873,0.4240475594997406,0.0,5.205498695373535
120,4,14,-2.2688844203948975,-2.2688844203948975,0.5034159421920776,0.0,4.415493488311768
120,4,15,-2.2698936462402344,-2.2698936462402344,0.46503543853759766,0.0,5.995384216308594
120,4,16,-2.2698748111724854,-2.2698748111724854,0.5180368423461914,0.0,3.646547555923462
120,4,17,-2.264375686645508,-2.264375686645508,0.5427166819572449,0.0,4.472877025604248
120,4,18,-2.276466131210327,-2.276466131210327,0.49297648668289185,0.0,3.8706188201904297
120,4,19,-2.2686235904693604,-2.2686235904693604,0.4800949990749359,0.0,4.731557369232178
120,5,0,-2.263019323348999,-2.263019323348999,0.5783917903900146,0.0,5.961648464202881
120,5,1,-2.2668824195861816,-2.2668824195861816,0.5554721355438232,0.0,6.467409133911133
120,5,2,-2.2610526084899902,-2.2610526084899902,0.5587437152862549,0.0,6.011378765106201
120,5,3,-2.250857353210449,-2.250857353210449,0.5902761220932007,0.0,6.055438995361328
120,5,4,-2.2629623413085938,-2.2629623413085938,0.5661531686782837,0.0,6.010571479797363
120,5,5,-2.261448860168457,-2.261448860168457,0.5609880089759827,0.0,6.125917434692383
120,5,6,-2.2625949382781982,-2.2625949382781982,0.5410038828849792,0.0,6.110745429992676
120,5,7,-2.261625289916992,-2.261625289916992,0.558495044708252,0.0,5.952022075653076
120,5,8,-2.2520663738250732,-2.2520663738250732,0.5561065673828125,0.0,6.419426441192627
120,5,9,-2.243273973464966,-2.243273973464966,0.5766809582710266,0.0,6.559483051300049
120,5,10,-2.2652711868286133,-2.2652711868286133,0.5590320825576782,0.0,6.617403984069824
120,5,11,-2.263059616088867,-2.263059616088867,0.5841494202613831,0.0,6.32295560836792
120,5,12,-2.255622148513794,-2.255622148513794,0.5723904967308044,0.0,6.35865592956543
120,5,13,-2.240562915802002,-2.240562915802002,0.5603299736976624,0.0,6.482000350952148
120,5,14,-2.2570550441741943,-2.2570550441741943,0.5566701292991638,0.0,5.983325958251953
120,5,15,-2.266214609146118,-2.266214609146118,0.547676146030426,0.0,6.466072082519531
120,5,16,-2.263833522796631,-2.263833522796631,0.5540785789489746,0.0,6.749381065368652
120,5,17,-2.258775234222412,-2.258775234222412,0.5676296353340149,0.0,5.69952917098999
120,5,18,-2.2593071460723877,-2.2593071460723877,0.5623693466186523,0.0,6.543047904968262
120,5,19,-2.264983892440796,-2.264983892440796,0.5654847621917725,0.0,6.389108657836914
120,6,0,-2.212678909301758,-2.212678909301758,0.5004187226295471,0.0,6.1089067459106445
120,6,1,-2.1861705780029297,-2.1861705780029297,0.479646235704422,0.0,6.2441558837890625
120,6,2,-2.1928200721740723,-2.1928200721740723,0.49003779888153076,0.0,6.089478492736816
120,6,3,-2.208418607711792,-2.208418607711792,0.46518033742904663,0.0,6.261538028717041
120,6,4,-2.159468650817871,-2.159468650817871,0.47753193974494934,0.0,6.2080864906311035
120,6,5,-2.2129099369049072,-2.2129099369049072,0.4904176592826843,0.0,5.841941833496094
120,6,6,-2.2242586612701416,-2.2242586612701416,0.47915688157081604,0.0,5.850170612335205
120,6,7,-2.2114968299865723,-2.2114968299865723,0.4982491731643677,0.0,6.037583351135254
120,6,8,-2.2134504318237305,-2.2134504318237305,0.49564093351364136,0.0,6.233577728271484
120,6,9,-2.2066705226898193,-2.2066705226898193,0.4795180857181549,0.0,6.101975440979004
120,6,10,-2.2055366039276123,-2.2055366039276123,0.47610801458358765,0.0,6.202876091003418
120,6,11,-2.225795030593872,-2.225795030593872,0.49623924493789673,0.0,6.218938827514648
120,6,12,-2.24102520942688,-2.24102520942688,0.46124157309532166,0.0,6.5678558349609375
120,6,13,-2.229010820388794,-2.229010820388794,0.5057480931282043,0.0,5.812596321105957
120,6,14,-2.196000576019287,-2.196000576019287,0.4843166768550873,0.0,6.070864677429199
120,6,15,-2.20331072807312,-2.20331072807312,0.4998840391635895,0.0,6.232150077819824
120,6,16,-2.2090084552764893,-2.2090084552764893,0.49716857075691223,0.0,5.845908164978027
120,6,17,-2.167710781097412,-2.167710781097412,0.4612676501274109,0.0,5.999290943145752
120,6,18,-2.186476707458496,-2.186476707458496,0.4850720465183258,0.0,6.117081642150879
120,6,19,-2.171335458755493,-2.171335458755493,0.49911683797836304,0.0,6.068708896636963
120,7,0,-2.194735050201416,-2.194735050201416,0.43175214529037476,0.0,7.078254699707031
120,7,1,-2.201237201690674,-2.201237201690674,0.4541494846343994,0.0,6.856524467468262
120,7,2,-2.2198233604431152,-2.2198233604431152,0.4260956048965454,0.0,6.844007968902588
120,7,3,-2.1932523250579834,-2.1932523250579834,0.45981574058532715,0.0,6.942245006561279
120,7,4,-2.2378997802734375,-2.2378997802734375,0.3903484046459198,0.0,6.991006374359131
120,7,5,-2.2165651321411133,-2.2165651321411133,0.467276006937027,0.0,6.473055839538574
120,7,6,-2.231407642364502,-2.231407642364502,0.4449165463447571,0.0,7.2041015625
120,7,7,-2.2144415378570557,-2.2144415378570557,0.4341573715209961,0.0,6.689688682556152
120,7,8,-2.1953465938568115,-2.1953465938568115,0.4479462206363678,0.0,6.87309455871582
120,7,9,-2.242626428604126,-2.242626428604126,0.4295726418495178,0.0,6.966776371002197
120,7,10,-2.2282097339630127,-2.2282097339630127,0.48855575919151306,0.0,6.6563544273376465
120,7,11,-2.202332019805908,-2.202332019805908,0.46302682161331177,0.0,7.213970184326172
120,7,12,-2.2429938316345215,-2.2429938316345215,0.4445708692073822,0.0,6.518251419067383
120,7,13,-2.236297845840454,-2.236297845840454,0.45193374156951904,0.0,6.9942827224731445
120,7,14,-2.2429897785186768,-2.2429897785186768,0.49100589752197266,0.0,6.577731609344482
120,7,15,-2.1773152351379395,-2.1773152351379395,0.4645165503025055,0.0,6.921110153198242
120,7,16,-2.2353670597076416,-2.2353670597076416,0.49793514609336853,0.0,6.710694313049316
120,7,17,-2.190094232559204,-2.190094232559204,0.47460126876831055,0.0,6.81065559387207
120,7,18,-2.2437191009521484,-2.2437191009521484,0.43763354420661926,0.0,6.771757125854492
120,7,19,-2.2297825813293457,-2.2297825813293457,0.4741242825984955,0.0,6.570303440093994
120,8,0,-2.240804672241211,-2.240804672241211,0.5127668380737305,0.0,5.621097087860107
120,8,1,-2.237950563430786,-2.237950563430786,0.5005718469619751,0.0,5.321240425109863
120,8,2,-2.213974952697754,-2.213974952697754,0.5173771977424622,0.0,5.299625396728516
120,8,3,-2.2510788440704346,-2.2510788440704346,0.5119935870170593,0.0,5.419358253479004
120,8,4,-2.253950834274292,-2.253950834274292,0.5238929390907288,0.0,5.427938938140869
120,8,5,-2.2056849002838135,-2.2056849002838135,0.5098518133163452,0.0,4.8773651123046875
120,8,6,-2.235910415649414,-2.235910415649414,0.5181207060813904,0.0,5.618767738342285
120,8,7,-2.2436208724975586,-2.2436208724975586,0.5243310332298279,0.0,5.172421455383301
120,8,8,-2.246281623840332,-2.246281623840332,0.5069407224655151,0.0,5.078680992126465
120,8,9,-2.2466821670532227,-2.2466821670532227,0.5187597274780273,0.0,5.217621803283691
120,8,10,-2.2464983463287354,-2.2464983463287354,0.5043128728866577,0.0,5.437979698181152
120,8,11,-2.255505084991455,-2.255505084991455,0.5059828758239746,0.0,5.041426181793213
120,8,12,-2.2182624340057373,-2.2182624340057373,0.530372679233551,0.0,4.958904266357422
120,8,13,-2.2415096759796143,-2.2415096759796143,0.5140462517738342,0.0,5.324545860290527
120,8,14,-2.2472574710845947,-2.2472574710845947,0.5310118794441223,0.0,5.043355941772461
120,8,15,-2.236328601837158,-2.236328601837158,0.5306214094161987,0.0,5.364078998565674
120,8,16,-2.25787615776062,-2.25787615776062,0.5033824443817139,0.0,5.4134745597839355
120,8,17,-2.240424156188965,-2.240424156188965,0.5251856446266174,0.0,5.245473861694336
120,8,18,-2.2241246700286865,-2.2241246700286865,0.5136035084724426,0.0,5.315308570861816
120,8,19,-2.235265016555786,-2.235265016555786,0.48044487833976746,0.0,4.8542633056640625
120,9,0,-2.2584824562072754,-2.2584824562072754,0.45266488194465637,0.0,5.053531646728516
120,9,1,-2.2357070446014404,-2.2357070446014404,0.4561306834220886,0.0,5.337481498718262
120,9,2,-2.2487993240356445,-2.2487993240356445,0.4753756523132324,0.0,4.794034481048584
120,9,3,-2.232832193374634,-2.232832193374634,0.46787527203559875,0.0,5.082629203796387
120,9,4,-2.2612738609313965,-2.2612738609313965,0.4444684684276581,0.0,5.723876476287842
120,9,5,-2.260032892227173,-2.260032892227173,0.4612475037574768,0.0,4.924496650695801
120,9,6,-2.2621421813964844,-2.2621421813964844,0.4552326798439026,0.0,6.022876739501953
120,9,7,-2.259190797805786,-2.259190797805786,0.4507512152194977,0.0,5.290069580078125
120,9,8,-2.2594003677368164,-2.2594003677368164,0.46923112869262695,0.0,5.406912803649902
120,9,9,-2.262181520462036,-2.262181520462036,0.41940197348594666,0.0,6.123678684234619
120,9,10,-2.2702014446258545,-2.2702014446258545,0.47133028507232666,0.0,5.360285758972168
120,9,11,-2.235320568084717,-2.235320568084717,0.43190521001815796,0.0,5.100703239440918
120,9,12,-2.241877555847168,-2.241877555847168,0.46063584089279175,0.0,5.758255958557129
120,9,13,-2.2582061290740967,-2.2582061290740967,0.47420990467071533,0.0,5.2981767654418945
120,9,14,-2.2443337440490723,-2.2443337440490723,0.4519185423851013,0.0,5.2535552978515625
120,9,15,-2.2431817054748535,-2.2431817054748535,0.44486087560653687,0.0,4.922182083129883
120,9,16,-2.2350101470947266,-2.2350101470947266,0.46651625633239746,0.0,5.181524276733398
120,9,17,-2.2517778873443604,-2.2517778873443604,0.4436852037906647,0.0,5.702955722808838
120,9,18,-2.261654853820801,-2.261654853820801,0.43783506751060486,0.0,5.024532794952393
120,9,19,-2.2426936626434326,-2.2426936626434326,0.47773075103759766,0.0,5.252612113952637
100,0,0,-2.2476091384887695,-2.2476091384887695,0.5339395999908447,0.0,3.982494831085205
100,0,1,-2.240504264831543,-2.240504264831543,0.522240400314331,0.0,3.889096736907959
100,0,2,-2.2343130111694336,-2.2343130111694336,0.5109206438064575,0.0,4.009798526763916
100,0,3,-2.247959852218628,-2.247959852218628,0.5405194163322449,0.0,3.955075263977051
100,0,4,-2.2422685623168945,-2.2422685623168945,0.5227556228637695,0.0,4.143529415130615
100,0,5,-2.225881814956665,-2.225881814956665,0.5079736113548279,0.0,4.231400489807129
100,0,6,-2.244425058364868,-2.244425058364868,0.5382608771324158,0.0,3.6293587684631348
100,0,7,-2.2380244731903076,-2.2380244731903076,0.5423681735992432,0.0,4.168073654174805
100,0,8,-2.2521255016326904,-2.2521255016326904,0.537786066532135,0.0,3.1940083503723145
100,0,9,-2.2280144691467285,-2.2280144691467285,0.5388913750648499,0.0,4.196365833282471
100,0,10,-2.214062452316284,-2.214062452316284,0.5104233026504517,0.0,4.092106342315674
100,0,11,-2.2412338256835938,-2.2412338256835938,0.5083420872688293,0.0,3.8798186779022217
100,0,12,-2.2085306644439697,-2.2085306644439697,0.5454933643341064,0.0,4.039865016937256
100,0,13,-2.235456705093384,-2.235456705093384,0.5221253633499146,0.0,4.097869396209717
100,0,14,-2.230656862258911,-2.230656862258911,0.5447030067443848,0.0,3.9778261184692383
100,0,15,-2.2558112144470215,-2.2558112144470215,0.5457727313041687,0.0,3.8139359951019287
100,0,16,-2.242341995239258,-2.242341995239258,0.5386614203453064,0.0,4.1345977783203125
100,0,17,-2.2563374042510986,-2.2563374042510986,0.532597541809082,0.0,3.7009427547454834
100,0,18,-2.2300195693969727,-2.2300195693969727,0.4857005476951599,0.0,4.067770004272461
100,0,19,-2.232795238494873,-2.232795238494873,0.5235742926597595,0.0,4.101652145385742
100,1,0,-2.266826629638672,-2.266826629638672,0.4790084660053253,0.0,6.248491287231445
100,1,1,-2.2569873332977295,-2.2569873332977295,0.48529917001724243,0.0,6.379674911499023
100,1,2,-2.2734556198120117,-2.2734556198120117,0.49096670746803284,0.0,6.196137428283691
100,1,3,-2.2634315490722656,-2.2634315490722656,0.46285396814346313,0.0,6.18305778503418
100,1,4,-2.2735137939453125,-2.2735137939453125,0.5063371658325195,0.0,6.318624496459961
100,1,5,-2.25844407081604,-2.25844407081604,0.4907333552837372,0.0,6.168276786804199
100,1,6,-2.2528600692749023,-2.2528600692749023,0.5040714144706726,0.0,6.155150890350342
100,1,7,-2.2664742469787598,-2.2664742469787598,0.5103000998497009,0.0,6.163351058959961
100,1,8,-2.248033285140991,-2.248033285140991,0.48020121455192566,0.0,6.052638053894043
100,1,9,-2.258571147918701,-2.258571147918701,0.4979549050331116,0.0,6.277976989746094
100,1,10,-2.240203380584717,-2.240203380584717,0.4899621605873108,0.0,6.2049150466918945
100,1,11,-2.240035057067871,-2.240035057067871,0.4707091748714447,0.0,6.116146564483643
100,1,12,-2.2486042976379395,-2.2486042976379395,0.4660687744617462,0.0,6.043814659118652
100,1,13,-2.274465799331665,-2.274465799331665,0.5002679228782654,0.0,6.533308029174805
100,1,14,-2.268678903579712,-2.268678903579712,0.47575244307518005,0.0,6.138890743255615
100,1,15,-2.256328821182251,-2.256328821182251,0.46786579489707947,0.0,6.250185966491699
100,1,16,-2.264124631881714,-2.264124631881714,0.49200981855392456,0.0,6.212387561798096
100,1,17,-2.2658677101135254,-2.2658677101135254,0.45264655351638794,0.0,6.013769626617432
100,1,18,-2.2576425075531006,-2.2576425075531006,0.46953779458999634,0.0,6.247844696044922
100,1,19,-2.2458395957946777,-2.2458395957946777,0.4686101973056793,0.0,5.596656322479248
100,2,0,-2.2551848888397217,-2.2551848888397217,0.5117666125297546,0.0,5.237395763397217
100,2,1,-2.2460005283355713,-2.2460005283355713,0.47238844633102417,0.0,5.682634353637695
100,2,2,-2.251783609390259,-2.251783609390259,0.5029064416885376,0.0,5.505432605743408
100,2,3,-2.2416419982910156,-2.2416419982910156,0.48705291748046875,0.0,5.506636619567871
100,2,4,-2.2403414249420166,-2.2403414249420166,0.5034456253051758,0.0,5.332436561584473
100,2,5,-2.2310307025909424,-2.2310307025909424,0.5202651619911194,0.0,5.986505508422852
100,2,6,-2.255725622177124,-2.255725622177124,0.4757881760597229,0.0,5.334481239318848
100,2,7,-2.2436306476593018,-2.2436306476593018,0.48835575580596924,0.0,5.953908920288086
100,2,8,-2.226592779159546,-2.226592779159546,0.5122429728507996,0.0,5.698455810546875
100,2,9,-2.2346460819244385,-2.2346460819244385,0.5205284953117371,0.0,5.900728702545166
100,2,10,-2.2397830486297607,-2.2397830486297607,0.4947558343410492,0.0,6.445262908935547
100,2,11,-2.2530953884124756,-2.2530953884124756,0.45355311036109924,0.0,6.1582865715026855
100,2,12,-2.24802303314209,-2.24802303314209,0.5092681050300598,0.0,6.073742866516113
100,2,13,-2.2510488033294678,-2.2510488033294678,0.516819417476654,0.0,6.071783542633057
100,2,14,-2.230257511138916,-2.230257511138916,0.4965655505657196,0.0,5.604920387268066
100,2,15,-2.2550125122070312,-2.2550125122070312,0.49753597378730774,0.0,5.959775924682617
100,2,16,-2.2522103786468506,-2.2522103786468506,0.5148757100105286,0.0,6.123528480529785
100,2,17,-2.239983320236206,-2.239983320236206,0.5042791366577148,0.0,6.4134979248046875
100,2,18,-2.224436044692993,-2.224436044692993,0.5203203558921814,0.0,6.024179935455322
100,2,19,-2.224749803543091,-2.224749803543091,0.4895916283130646,0.0,6.09521484375
100,3,0,-2.2796790599823,-2.2796790599823,0.5461665987968445,0.0,2.7197518348693848
100,3,1,-2.2782645225524902,-2.2782645225524902,0.5359734296798706,0.0,2.8490400314331055
100,3,2,-2.2789225578308105,-2.2789225578308105,0.541314423084259,0.0,3.5226240158081055
100,3,3,-2.2794101238250732,-2.2794101238250732,0.533056378364563,0.0,3.174394130706787
100,3,4,-2.279489517211914,-2.279489517211914,0.5137787461280823,0.0,2.9076240062713623
100,3,5,-2.2770955562591553,-2.2770955562591553,0.5137535333633423,0.0,3.09304141998291
100,3,6,-2.2789878845214844,-2.2789878845214844,0.5191360712051392,0.0,3.3163607120513916
100,3,7,-2.2789838314056396,-2.2789838314056396,0.5490536093711853,0.0,2.9052820205688477
100,3,8,-2.27485728263855,-2.27485728263855,0.5100862979888916,0.0,3.2183525562286377
100,3,9,-2.278219699859619,-2.278219699859619,0.482422411441803,0.0,2.7775027751922607
100,3,10,-2.279275417327881,-2.279275417327881,0.55173259973526,0.0,2.7296266555786133
100,3,11,-2.2762811183929443,-2.2762811183929443,0.5314158201217651,0.0,3.0862627029418945
100,3,12,-2.2772672176361084,-2.2772672176361084,0.5285072326660156,0.0,2.7342824935913086
100,3,13,-2.2784321308135986,-2.2784321308135986,0.5228755474090576,0.0,2.8386828899383545
100,3,14,-2.2777442932128906,-2.2777442932128906,0.5294778943061829,0.0,2.973931312561035
100,3,15,-2.277449131011963,-2.277449131011963,0.5150651335716248,0.0,3.3603057861328125
100,3,16,-2.2790110111236572,-2.2790110111236572,0.5272153615951538,0.0,3.1057236194610596
100,3,17,-2.279315710067749,-2.279315710067749,0.5643834471702576,0.0,2.798534393310547
100,3,18,-2.278445243835449,-2.278445243835449,0.5412691235542297,0.0,3.01116943359375
100,3,19,-2.2786977291107178,-2.2786977291107178,0.5308228731155396,0.0,3.3199734687805176
100,4,0,-2.2782859802246094,-2.2782859802246094,0.4919596016407013,0.0,4.113608360290527
100,4,1,-2.2759039402008057,-2.2759039402008057,0.4468034505844116,0.0,4.384598731994629
100,4,2,-2.2541720867156982,-2.2541720867156982,0.4497449994087219,0.0,3.5164554119110107
100,4,3,-2.274068832397461,-2.274068832397461,0.4628208875656128,0.0,4.370847225189209
100,4,4,-2.2788960933685303,-2.2788960933685303,0.4874146580696106,0.0,3.970935344696045
100,4,5,-2.271629571914673,-2.271629571914673,0.43488356471061707,0.0,3.7229137420654297
100,4,6,-2.270718574523926,-2.270718574523926,0.4677923023700714,0.0,4.155648231506348
100,4,7,-2.2630717754364014,-2.2630717754364014,0.5009288191795349,0.0,3.892019271850586
100,4,8,-2.277174234390259,-2.277174234390259,0.4413600265979767,0.0,4.379252910614014
100,4,9,-2.2779452800750732,-2.2779452800750732,0.4799267053604126,0.0,3.5588736534118652
100,4,10,-2.278150796890259,-2.278150796890259,0.4834030866622925,0.0,3.087341070175171
100,4,11,-2.2786333560943604,-2.2786333560943604,0.44211986660957336,0.0,4.431067943572998
100,4,12,-2.277284860610962,-2.277284860610962,0.43205344676971436,0.0,4.073740482330322
100,4,13,-2.2766053676605225,-2.2766053676605225,0.46990057826042175,0.0,4.540149211883545
100,4,14,-2.2744274139404297,-2.2744274139404297,0.4723759591579437,0.0,4.111678123474121
100,4,15,-2.2762930393218994,-2.2762930393218994,0.48062726855278015,0.0,3.686432123184204
100,4,16,-2.276784658432007,-2.276784658432007,0.4866001009941101,0.0,4.814835548400879
100,4,17,-2.2778804302215576,-2.2778804302215576,0.4189673662185669,0.0,3.0729317665100098
100,4,18,-2.278766393661499,-2.278766393661499,0.5163572430610657,0.0,4.142786979675293
100,4,19,-2.27664852142334,-2.27664852142334,0.5189546346664429,0.0,4.3816070556640625
100,5,0,-2.2548725605010986,-2.2548725605010986,0.5642027854919434,0.0,6.793485641479492
100,5,1,-2.265350103378296,-2.265350103378296,0.5542932152748108,0.0,6.1690826416015625
100,5,2,-2.264589786529541,-2.264589786529541,0.5454614758491516,0.0,6.031088829040527
100,5,3,-2.2512357234954834,-2.2512357234954834,0.5712904334068298,0.0,6.042957305908203
100,5,4,-2.2640442848205566,-2.2640442848205566,0.5553398728370667,0.0,5.80202579498291
100,5,5,-2.264450788497925,-2.264450788497925,0.5674787163734436,0.0,5.62306022644043
100,5,6,-2.271695613861084,-2.271695613861084,0.5502680540084839,0.0,5.857292175292969
100,5,7,-2.262418031692505,-2.262418031692505,0.55176842212677,0.0,6.050240516662598
100,5,8,-2.268864393234253,-2.268864393234253,0.5571348071098328,0.0,5.936145782470703
100,5,9,-2.266638994216919,-2.266638994216919,0.5775488018989563,0.0,6.276641845703125
100,5,10,-2.260477304458618,-2.260477304458618,0.562515139579773,0.0,6.374829292297363
100,5,11,-2.250608205795288,-2.250608205795288,0.5497844815254211,0.0,6.579986572265625
100,5,12,-2.2612979412078857,-2.2612979412078857,0.5616780519485474,0.0,6.5313496589660645
100,5,13,-2.267709732055664,-2.267709732055664,0.5691530704498291,0.0,6.597659111022949
100,5,14,-2.2508060932159424,-2.2508060932159424,0.5805392265319824,0.0,5.9792327880859375
100,5,15,-2.2457971572875977,-2.2457971572875977,0.5727147459983826,0.0,6.468955993652344
100,5,16,-2.268535614013672,-2.268535614013672,0.553195059299469,0.0,6.080557823181152
100,5,17,-2.2507472038269043,-2.2507472038269043,0.5555106401443481,0.0,6.6202239990234375
100,5,18,-2.2668471336364746,-2.2668471336364746,0.5610744953155518,0.0,6.204054355621338
100,5,19,-2.266646385192871,-2.266646385192871,0.5664987564086914,0.0,6.511653900146484
100,6,0,-2.2012927532196045,-2.2012927532196045,0.49555703997612,0.0,5.880365371704102
100,6,1,-2.187927007675171,-2.187927007675171,0.5179703235626221,0.0,6.068224906921387
100,6,2,-2.1648356914520264,-2.1648356914520264,0.4601724147796631,0.0,5.974430561065674
100,6,3,-2.156785726547241,-2.156785726547241,0.46891215443611145,0.0,5.809206962585449
100,6,4,-2.1812360286712646,-2.1812360286712646,0.48768380284309387,0.0,5.790661811828613
100,6,5,-2.1941633224487305,-2.1941633224487305,0.4768296778202057,0.0,6.2583513259887695
100,6,6,-2.2100303173065186,-2.2100303173065186,0.48435667157173157,0.0,6.052058219909668
100,6,7,-2.2031090259552,-2.2031090259552,0.4803658723831177,0.0,6.137454032897949
100,6,8,-2.1842715740203857,-2.1842715740203857,0.4557175040245056,0.0,6.02008056640625
100,6,9,-2.1631147861480713,-2.1631147861480713,0.49273034930229187,0.0,6.163333892822266
100,6,10,-2.217161178588867,-2.217161178588867,0.49793562293052673,0.0,5.728263854980469
100,6,11,-2.218442678451538,-2.218442678451538,0.46758317947387695,0.0,6.0148420333862305
100,6,12,-2.209211826324463,-2.209211826324463,0.4807545840740204,0.0,5.609399795532227
100,6,13,-2.1883342266082764,-2.1883342266082764,0.4665319323539734,0.0,6.227405548095703
100,6,14,-2.2102999687194824,-2.2102999687194824,0.4891814589500427,0.0,6.272330284118652
100,6,15,-2.2080392837524414,-2.2080392837524414,0.5050889849662781,0.0,6.525270938873291
100,6,16,-2.2151973247528076,-2.2151973247528076,0.4929814636707306,0.0,6.221418380737305
100,6,17,-2.2322921752929688,-2.2322921752929688,0.4693202078342438,0.0,5.957882881164551
100,6,18,-2.228926420211792,-2.228926420211792,0.49695008993148804,0.0,6.075190544128418
100,6,19,-2.1533219814300537,-2.1533219814300537,0.4801567792892456,0.0,6.2556047439575195
100,7,0,-2.212512493133545,-2.212512493133545,0.43963396549224854,0.0,7.348027229309082
100,7,1,-2.218630313873291,-2.218630313873291,0.44237086176872253,0.0,6.783782005310059
100,7,2,-2.2421092987060547,-2.2421092987060547,0.431988000869751,0.0,7.393192291259766
100,7,3,-2.202755928039551,-2.202755928039551,0.39330223202705383,0.0,6.563791275024414
100,7,4,-2.220210552215576,-2.220210552215576,0.4261886477470398,0.0,6.400196075439453
100,7,5,-2.2417428493499756,-2.2417428493499756,0.4536583423614502,0.0,6.650543212890625
100,7,6,-2.2381060123443604,-2.2381060123443604,0.42304396629333496,0.0,6.8243513107299805
100,7,7,-2.217089891433716,-2.217089891433716,0.40891826152801514,0.0,6.806717872619629
100,7,8,-2.223759412765503,-2.223759412765503,0.4824664890766144,0.0,6.8383355140686035
100,7,9,-2.23427414894104,-2.23427414894104,0.39600327610969543,0.0,6.620123863220215
100,7,10,-2.2483303546905518,-2.2483303546905518,0.4188084602355957,0.0,6.8994832038879395
100,7,11,-2.222696542739868,-2.222696542739868,0.4037266969680786,0.0,6.630660057067871
100,7,12,-2.1799557209014893,-2.1799557209014893,0.4177711308002472,0.0,6.998490333557129
100,7,13,-2.1986305713653564,-2.1986305713653564,0.45325618982315063,0.0,6.473198890686035
100,7,14,-2.2279744148254395,-2.2279744148254395,0.4728848934173584,0.0,6.211705207824707
100,7,15,-2.2142527103424072,-2.2142527103424072,0.3935965299606323,0.0,6.611886978149414
100,7,16,-2.2363710403442383,-2.2363710403442383,0.4789939820766449,0.0,6.289516925811768
100,7,17,-2.211667537689209,-2.211667537689209,0.43199318647384644,0.0,6.777424335479736
100,7,18,-2.2309648990631104,-2.2309648990631104,0.48745203018188477,0.0,7.171820640563965
100,7,19,-2.194654703140259,-2.194654703140259,0.4586581587791443,0.0,6.792932510375977
100,8,0,-2.2202279567718506,-2.2202279567718506,0.5064094066619873,0.0,5.03152322769165
100,8,1,-2.2435643672943115,-2.2435643672943115,0.5196998715400696,0.0,4.852572917938232
100,8,2,-2.249316453933716,-2.249316453933716,0.5473682284355164,0.0,5.348061561584473
100,8,3,-2.2422032356262207,-2.2422032356262207,0.5103304982185364,0.0,5.181179046630859
100,8,4,-2.2494494915008545,-2.2494494915008545,0.5150547623634338,0.0,5.368841171264648
100,8,5,-2.2377371788024902,-2.2377371788024902,0.49637696146965027,0.0,5.12808084487915
100,8,6,-2.238595724105835,-2.238595724105835,0.5209824442863464,0.0,5.37021541595459
100,8,7,-2.241474151611328,-2.241474151611328,0.5270504951477051,0.0,4.932675361633301
100,8,8,-2.2435147762298584,-2.2435147762298584,0.5065841674804688,0.0,4.876659393310547
100,8,9,-2.2309508323669434,-2.2309508323669434,0.5065202713012695,0.0,5.063286781311035
100,8,10,-2.235877752304077,-2.235877752304077,0.5124430656433105,0.0,5.041297912597656
100,8,11,-2.236490488052368,-2.236490488052368,0.4904448091983795,0.0,5.056133270263672
100,8,12,-2.2431836128234863,-2.2431836128234863,0.5184217691421509,0.0,5.113377571105957
100,8,13,-2.2480103969573975,-2.2480103969573975,0.4880601465702057,0.0,5.3296613693237305
100,8,14,-2.2273435592651367,-2.2273435592651367,0.498268723487854,0.0,5.08998966217041
100,8,15,-2.22624135017395,-2.22624135017395,0.5282981991767883,0.0,5.146847724914551
100,8,16,-2.219792366027832,-2.219792366027832,0.49628975987434387,0.0,5.233423233032227
100,8,17,-2.253281354904175,-2.253281354904175,0.49871549010276794,0.0,5.029395580291748
100,8,18,-2.2064101696014404,-2.2064101696014404,0.5162861943244934,0.0,5.035906791687012
100,8,19,-2.2342185974121094,-2.2342185974121094,0.5128843188285828,0.0,4.63011360168457
100,9,0,-2.25740909576416,-2.25740909576416,0.46149584650993347,0.0,4.922919273376465
100,9,1,-2.231717824935913,-2.231717824935913,0.4523862898349762,0.0,5.43620491027832
100,9,2,-2.2442822456359863,-2.2442822456359863,0.4560345709323883,0.0,5.797209739685059
100,9,3,-2.256014347076416,-2.256014347076416,0.45664355158805847,0.0,5.9491705894470215
100,9,4,-2.234844446182251,-2.234844446182251,0.47486811876296997,0.0,5.560624599456787
100,9,5,-2.2478203773498535,-2.2478203773498535,0.4444693624973297,0.0,5.132373809814453
100,9,6,-2.2264862060546875,-2.2264862060546875,0.4502604901790619,0.0,5.342868804931641
100,9,7,-2.254575490951538,-2.254575490951538,0.4515179693698883,0.0,5.941582202911377
100,9,8,-2.262432098388672,-2.262432098388672,0.4586118161678314,0.0,5.56991720199585
100,9,9,-2.27048659324646,-2.27048659324646,0.46082258224487305,0.0,5.235256671905518
100,9,10,-2.241668462753296,-2.241668462753296,0.44850850105285645,0.0,5.386707305908203
100,9,11,-2.247541904449463,-2.247541904449463,0.47337061166763306,0.0,5.356943607330322
100,9,12,-2.2481155395507812,-2.2481155395507812,0.4366583228111267,0.0,5.494576454162598
100,9,13,-2.25533390045166,-2.25533390045166,0.4396413266658783,0.0,5.664133548736572
100,9,14,-2.2650489807128906,-2.2650489807128906,0.4606150984764099,0.0,5.406289100646973
100,9,15,-2.2551677227020264,-2.2551677227020264,0.4847676753997803,0.0,5.520655632019043
100,9,16,-2.247271776199341,-2.247271776199341,0.444536954164505,0.0,5.467898845672607
100,9,17,-2.2132036685943604,-2.2132036685943604,0.4409683644771576,0.0,5.624016761779785
100,9,18,-2.2538578510284424,-2.2538578510284424,0.4472300410270691,0.0,5.930667877197266
100,9,19,-2.252764940261841,-2.252764940261841,0.4656773805618286,0.0,5.577300071716309
80,0,0,-2.2474148273468018,-2.2474148273468018,0.5138006210327148,0.0,4.085165977478027
80,0,1,-2.239985466003418,-2.239985466003418,0.5300301909446716,0.0,3.874074697494507
80,0,2,-2.2260358333587646,-2.2260358333587646,0.5123348236083984,0.0,4.09614896774292
80,0,3,-2.244938850402832,-2.244938850402832,0.514033854007721,0.0,3.9319238662719727
80,0,4,-2.2370591163635254,-2.2370591163635254,0.5522767901420593,0.0,4.12624454498291
80,0,5,-2.2426440715789795,-2.2426440715789795,0.5220587253570557,0.0,3.9686694145202637
80,0,6,-2.2483010292053223,-2.2483010292053223,0.5388132333755493,0.0,3.8218719959259033
80,0,7,-2.2466001510620117,-2.2466001510620117,0.5396242737770081,0.0,4.105759620666504
80,0,8,-2.244248867034912,-2.244248867034912,0.5359503030776978,0.0,4.104200839996338
80,0,9,-2.240953207015991,-2.240953207015991,0.5236982703208923,0.0,3.6975228786468506
80,0,10,-2.2469868659973145,-2.2469868659973145,0.5335747599601746,0.0,4.00753116607666
80,0,11,-2.231377363204956,-2.231377363204956,0.5379778146743774,0.0,4.196507930755615
80,0,12,-2.244077205657959,-2.244077205657959,0.5241584181785583,0.0,4.135804176330566
80,0,13,-2.2331314086914062,-2.2331314086914062,0.5296212434768677,0.0,3.7677106857299805
80,0,14,-2.2411563396453857,-2.2411563396453857,0.5248519778251648,0.0,4.064708232879639
80,0,15,-2.217776298522949,-2.217776298522949,0.5139860510826111,0.0,4.079379558563232
80,0,16,-2.238443613052368,-2.238443613052368,0.5050614476203918,0.0,3.921355724334717
80,0,17,-2.2255213260650635,-2.2255213260650635,0.5438513159751892,0.0,4.230626583099365
80,0,18,-2.229074001312256,-2.229074001312256,0.528036892414093,0.0,4.153725624084473
80,0,19,-2.2476580142974854,-2.2476580142974854,0.5126016139984131,0.0,3.998920202255249
80,1,0,-2.261631965637207,-2.261631965637207,0.49531638622283936,0.0,5.8614654541015625
80,1,1,-2.264732599258423,-2.264732599258423,0.44338616728782654,0.0,5.868803024291992
80,1,2,-2.2752201557159424,-2.2752201557159424,0.48370179533958435,0.0,5.7572503089904785
80,1,3,-2.2669601440429688,-2.2669601440429688,0.49827826023101807,0.0,6.304815292358398
80,1,4,-2.2620115280151367,-2.2620115280151367,0.44797736406326294,0.0,6.264108657836914
80,1,5,-2.255479335784912,-2.255479335784912,0.48372891545295715,0.0,6.275698184967041
80,1,6,-2.265923023223877,-2.265923023223877,0.4337839186191559,0.0,6.17069149017334
80,1,7,-2.214050531387329,-2.214050531387329,0.47370848059654236,0.0,5.783454895019531
80,1,8,-2.258610486984253,-2.258610486984253,0.45928266644477844,0.0,6.06821346282959
80,1,9,-2.2739272117614746,-2.2739272117614746,0.4828962981700897,0.0,6.240848541259766
80,1,10,-2.264735221862793,-2.264735221862793,0.4384559690952301,0.0,6.40097188949585
80,1,11,-2.2196171283721924,-2.2196171283721924,0.4649796187877655,0.0,6.393093109130859
80,1,12,-2.2567577362060547,-2.2567577362060547,0.48706287145614624,0.0,5.639644622802734
80,1,13,-2.2616384029388428,-2.2616384029388428,0.49354711174964905,0.0,6.168666839599609
80,1,14,-2.264082670211792,-2.264082670211792,0.4680010974407196,0.0,5.853146553039551
80,1,15,-2.2617547512054443,-2.2617547512054443,0.4757915139198303,0.0,6.027750492095947
80,1,16,-2.2590107917785645,-2.2590107917785645,0.4880812168121338,0.0,5.8811187744140625
80,1,17,-2.263692855834961,-2.263692855834961,0.4619448482990265,0.0,6.095229148864746
80,1,18,-2.270610809326172,-2.270610809326172,0.4542922377586365,0.0,6.204279899597168
80,1,19,-2.269827127456665,-2.269827127456665,0.4618738293647766,0.0,5.895068168640137
80,2,0,-2.2594542503356934,-2.2594542503356934,0.49298417568206787,0.0,6.042575836181641
80,2,1,-2.248462438583374,-2.248462438583374,0.5230381488800049,0.0,5.915623188018799
80,2,2,-2.2606046199798584,-2.2606046199798584,0.48679861426353455,0.0,5.5069193840026855
80,2,3,-2.2570464611053467,-2.2570464611053467,0.4718952476978302,0.0,6.665825843811035
80,2,4,-2.2414333820343018,-2.2414333820343018,0.4794306755065918,0.0,5.754732131958008
80,2,5,-2.237081527709961,-2.237081527709961,0.47715091705322266,0.0,6.145979881286621
80,2,6,-2.255350112915039,-2.255350112915039,0.49030232429504395,0.0,6.159813404083252
80,2,7,-2.244959831237793,-2.244959831237793,0.48349758982658386,0.0,6.325934410095215
80,2,8,-2.2519795894622803,-2.2519795894622803,0.48520800471305847,0.0,5.859038829803467
80,2,9,-2.261732339859009,-2.261732339859009,0.4840790629386902,0.0,5.288599014282227
80,2,10,-2.2243428230285645,-2.2243428230285645,0.49555450677871704,0.0,6.0302534103393555
80,2,11,-2.250157117843628,-2.250157117843628,0.4736647307872772,0.0,5.704797744750977
80,2,12,-2.2360780239105225,-2.2360780239105225,0.5019810199737549,0.0,5.940611839294434
80,2,13,-2.252052068710327,-2.252052068710327,0.48171401023864746,0.0,6.38183069229126
80,2,14,-2.226979970932007,-2.226979970932007,0.488045334815979,0.0,5.568595886230469
80,2,15,-2.2455289363861084,-2.2455289363861084,0.49655431509017944,0.0,5.946558952331543
80,2,16,-2.239884614944458,-2.239884614944458,0.48482075333595276,0.0,5.827582359313965
80,2,17,-2.2595808506011963,-2.2595808506011963,0.4905007779598236,0.0,6.277154922485352
80,2,18,-2.2488744258880615,-2.2488744258880615,0.5114426016807556,0.0,5.660533905029297
80,2,19,-2.2479896545410156,-2.2479896545410156,0.4961290657520294,0.0,6.0655694007873535
80,3,0,-2.2795422077178955,-2.2795422077178955,0.5449343919754028,0.0,3.1103413105010986
80,3,1,-2.2802581787109375,-2.2802581787109375,0.5319697856903076,0.0,3.335355281829834
80,3,2,-2.278001070022583,-2.278001070022583,0.535720944404602,0.0,3.106624126434326
80,3,3,-2.2799127101898193,-2.2799127101898193,0.49711012840270996,0.0,3.5575222969055176
80,3,4,-2.2773678302764893,-2.2773678302764893,0.5505352020263672,0.0,3.3513877391815186
80,3,5,-2.2782182693481445,-2.2782182693481445,0.514229416847229,0.0,3.189187526702881
80,3,6,-2.276616334915161,-2.276616334915161,0.5415244698524475,0.0,3.082798480987549
80,3,7,-2.278949737548828,-2.278949737548828,0.5344577431678772,0.0,3.009972095489502
80,3,8,-2.2796790599823,-2.2796790599823,0.5149906873703003,0.0,3.417318344116211
80,3,9,-2.2791800498962402,-2.2791800498962402,0.5363197922706604,0.0,2.844667434692383
80,3,10,-2.2782137393951416,-2.2782137393951416,0.5341455340385437,0.0,3.1353793144226074
80,3,11,-2.2781951427459717,-2.2781951427459717,0.5292131304740906,0.0,3.115238666534424
80,3,12,-2.279129981994629,-2.279129981994629,0.5376464128494263,0.0,3.143712043762207
80,3,13,-2.2777562141418457,-2.2777562141418457,0.5395873188972473,0.0,2.974538803100586
80,3,14,-2.2790844440460205,-2.2790844440460205,0.5642737746238708,0.0,3.1200008392333984
80,3,15,-2.2776436805725098,-2.2776436805725098,0.5176786780357361,0.0,3.630924940109253
80,3,16,-2.279200315475464,-2.279200315475464,0.5389098525047302,0.0,2.636404514312744
80,3,17,-2.277411460876465,-2.277411460876465,0.5370606184005737,0.0,3.084608554840088
80,3,18,-2.278536319732666,-2.278536319732666,0.5497317314147949,0.0,3.180424690246582
80,3,19,-2.278886079788208,-2.278886079788208,0.5478386282920837,0.0,3.446836233139038
80,4,0,-2.2748067378997803,-2.2748067378997803,0.4803972840309143,0.0,3.287475347518921
80,4,1,-2.2356224060058594,-2.2356224060058594,0.46150529384613037,0.0,3.7517130374908447
80,4,2,-2.2787914276123047,-2.2787914276123047,0.4944775700569153,0.0,3.875917911529541
80,4,3,-2.2758994102478027,-2.2758994102478027,0.44248753786087036,0.0,3.664172410964966
80,4,4,-2.271381378173828,-2.271381378173828,0.48594287037849426,0.0,3.554600954055786
80,4,5,-2.262505292892456,-2.262505292892456,0.4464845061302185,0.0,3.689051628112793
80,4,6,-2.261779546737671,-2.261779546737671,0.5065019726753235,0.0,4.150524616241455
80,4,7,-2.2612321376800537,-2.2612321376800537,0.4450224041938782,0.0,3.545565605163574
80,4,8,-2.2779839038848877,-2.2779839038848877,0.455982506275177,0.0,3.9960262775421143
80,4,9,-2.2785820960998535,-2.2785820960998535,0.4758746027946472,0.0,3.8509795665740967
80,4,10,-2.2671637535095215,-2.2671637535095215,0.49966156482696533,0.0,5.1839165687561035
80,4,11,-2.225955009460449,-2.225955009460449,0.4673372209072113,0.0,4.422769546508789
80,4,12,-2.279690742492676,-2.279690742492676,0.4386984407901764,0.0,4.02627420425415
80,4,13,-2.2731072902679443,-2.2731072902679443,0.43089044094085693,0.0,3.7681288719177246
80,4,14,-2.2662835121154785,-2.2662835121154785,0.4159296452999115,0.0,3.6120567321777344
80,4,15,-2.273979902267456,-2.273979902267456,0.47448229789733887,0.0,3.9492592811584473
80,4,16,-2.2472105026245117,-2.2472105026245117,0.4515487849712372,0.0,4.427608013153076
80,4,17,-2.275458335876465,-2.275458335876465,0.39614254236221313,0.0,3.966169834136963
80,4,18,-2.277574300765991,-2.277574300765991,0.4347434639930725,0.0,3.528470516204834
80,4,19,-2.2780511379241943,-2.2780511379241943,0.42805904150009155,0.0,4.315167427062988
80,5,0,-2.2478859424591064,-2.2478859424591064,0.5518178939819336,0.0,6.532259941101074
80,5,1,-2.2543485164642334,-2.2543485164642334,0.5694503784179688,0.0,6.090052604675293
80,5,2,-2.2525336742401123,-2.2525336742401123,0.5600646138191223,0.0,5.774511814117432
80,5,3,-2.261680841445923,-2.261680841445923,0.566343367099762,0.0,6.543819427490234
80,5,4,-2.254857301712036,-2.254857301712036,0.5578214526176453,0.0,6.043970108032227
80,5,5,-2.2625367641448975,-2.2625367641448975,0.5732460618019104,0.0,6.23228645324707
80,5,6,-2.2657368183135986,-2.2657368183135986,0.559910774230957,0.0,6.111265182495117
80,5,7,-2.261571168899536,-2.261571168899536,0.569683313369751,0.0,6.194443702697754
80,5,8,-2.24765944480896,-2.24765944480896,0.5758838057518005,0.0,6.1791229248046875
80,5,9,-2.2568769454956055,-2.2568769454956055,0.5642231702804565,0.0,6.283028602600098
80,5,10,-2.2633373737335205,-2.2633373737335205,0.5664940476417542,0.0,6.465489864349365
80,5,11,-2.2642881870269775,-2.2642881870269775,0.5605881810188293,0.0,6.075953483581543
80,5,12,-2.266176700592041,-2.266176700592041,0.5581489205360413,0.0,6.594911575317383
80,5,13,-2.265462875366211,-2.265462875366211,0.5606342554092407,0.0,6.457100868225098
80,5,14,-2.2547264099121094,-2.2547264099121094,0.5602197051048279,0.0,6.362678527832031
80,5,15,-2.2629008293151855,-2.2629008293151855,0.5635550618171692,0.0,6.4777960777282715
80,5,16,-2.2669053077697754,-2.2669053077697754,0.5602249503135681,0.0,5.941793918609619
80,5,17,-2.268057107925415,-2.268057107925415,0.5628523826599121,0.0,6.1034345626831055
80,5,18,-2.2570888996124268,-2.2570888996124268,0.5381923317909241,0.0,6.2717132568359375
80,5,19,-2.2537996768951416,-2.2537996768951416,0.5423481464385986,0.0,6.185393333435059
80,6,0,-2.193667411804199,-2.193667411804199,0.5004684329032898,0.0,6.080650329589844
80,6,1,-2.2175869941711426,-2.2175869941711426,0.4869880676269531,0.0,5.9878668785095215
80,6,2,-2.1557700634002686,-2.1557700634002686,0.4901740849018097,0.0,6.020370006561279
80,6,3,-2.1799228191375732,-2.1799228191375732,0.4858549237251282,0.0,6.257548809051514
80,6,4,-2.1927506923675537,-2.1927506923675537,0.47568345069885254,0.0,6.249098300933838
80,6,5,-2.2131357192993164,-2.2131357192993164,0.47438398003578186,0.0,6.210747241973877
80,6,6,-2.2356576919555664,-2.2356576919555664,0.48503777384757996,0.0,6.057854652404785
80,6,7,-2.1727685928344727,-2.1727685928344727,0.48022133111953735,0.0,6.2619524002075195
80,6,8,-2.2242677211761475,-2.2242677211761475,0.4815933108329773,0.0,5.8979902267456055
80,6,9,-2.208822727203369,-2.208822727203369,0.48641273379325867,0.0,5.837363243103027
80,6,10,-2.193965435028076,-2.193965435028076,0.47892189025878906,0.0,5.833319664001465
80,6,11,-2.190673351287842,-2.190673351287842,0.49042844772338867,0.0,6.22991943359375
80,6,12,-2.195965051651001,-2.195965051651001,0.4785537123680115,0.0,6.1622314453125
80,6,13,-2.2114810943603516,-2.2114810943603516,0.49808451533317566,0.0,6.0673699378967285
80,6,14,-2.2100064754486084,-2.2100064754486084,0.4815693199634552,0.0,6.208976745605469
80,6,15,-2.2247695922851562,-2.2247695922851562,0.47922283411026,0.0,6.035137176513672
80,6,16,-2.2057042121887207,-2.2057042121887207,0.492881715297699,0.0,6.036813735961914
80,6,17,-2.1554713249206543,-2.1554713249206543,0.499093621969223,0.0,5.971839904785156
80,6,18,-2.1906285285949707,-2.1906285285949707,0.4879610240459442,0.0,6.098423004150391
80,6,19,-2.205976724624634,-2.205976724624634,0.48922330141067505,0.0,6.216513156890869
80,7,0,-2.2066142559051514,-2.2066142559051514,0.43602463603019714,0.0,6.6161041259765625
80,7,1,-2.1861252784729004,-2.1861252784729004,0.43629130721092224,0.0,6.5176591873168945
80,7,2,-2.209062337875366,-2.209062337875366,0.4501219093799591,0.0,6.5111494064331055
80,7,3,-2.2221920490264893,-2.2221920490264893,0.4452662765979767,0.0,7.036952018737793
80,7,4,-2.1955208778381348,-2.1955208778381348,0.4289882481098175,0.0,6.509031772613525
80,7,5,-2.19320011138916,-2.19320011138916,0.4228788912296295,0.0,6.438166618347168
80,7,6,-2.213550567626953,-2.213550567626953,0.4305436909198761,0.0,7.1160078048706055
80,7,7,-2.1999778747558594,-2.1999778747558594,0.44431233406066895,0.0,6.548673629760742
80,7,8,-2.1947691440582275,-2.1947691440582275,0.412874698638916,0.0,6.437503814697266
80,7,9,-2.2526533603668213,-2.2526533603668213,0.436843603849411,0.0,6.517672538757324
80,7,10,-2.2146379947662354,-2.2146379947662354,0.4479368329048157,0.0,6.46028470993042
80,7,11,-2.2378928661346436,-2.2378928661346436,0.4427432119846344,0.0,7.105163097381592
80,7,12,-2.235494375228882,-2.235494375228882,0.41718029975891113,0.0,6.9156813621521
80,7,13,-2.2469208240509033,-2.2469208240509033,0.43064558506011963,0.0,6.802547454833984
80,7,14,-2.210003137588501,-2.210003137588501,0.3923495411872864,0.0,6.370153427124023
80,7,15,-2.1989493370056152,-2.1989493370056152,0.37133559584617615,0.0,6.250829219818115
80,7,16,-2.210937738418579,-2.210937738418579,0.44566622376441956,0.0,7.021283149719238
80,7,17,-2.237031936645508,-2.237031936645508,0.4286584258079529,0.0,6.694662094116211
80,7,18,-2.212395191192627,-2.212395191192627,0.45476827025413513,0.0,6.569551467895508
80,7,19,-2.220305919647217,-2.220305919647217,0.39505064487457275,0.0,6.4834513664245605
80,8,0,-2.255753517150879,-2.255753517150879,0.520055890083313,0.0,5.0036139488220215
80,8,1,-2.2507424354553223,-2.2507424354553223,0.5189762115478516,0.0,4.678874969482422
80,8,2,-2.2467453479766846,-2.2467453479766846,0.5000117421150208,0.0,5.164777755737305
80,8,3,-2.2471508979797363,-2.2471508979797363,0.5264376997947693,0.0,5.375898361206055
80,8,4,-2.252561569213867,-2.252561569213867,0.5067143440246582,0.0,4.860876083374023
80,8,5,-2.2359468936920166,-2.2359468936920166,0.5122572779655457,0.0,5.072140693664551
80,8,6,-2.2487196922302246,-2.2487196922302246,0.5230315923690796,0.0,4.970976829528809
80,8,7,-2.2446510791778564,-2.2446510791778564,0.5267154574394226,0.0,4.861523628234863
80,8,8,-2.230330467224121,-2.230330467224121,0.5135419964790344,0.0,5.189743995666504
80,8,9,-2.257869243621826,-2.257869243621826,0.5121257305145264,0.0,5.109650611877441
80,8,10,-2.2591311931610107,-2.2591311931610107,0.5099979639053345,0.0,4.686765670776367
80,8,11,-2.2557084560394287,-2.2557084560394287,0.5217447280883789,0.0,5.080949783325195
80,8,12,-2.240267038345337,-2.240267038345337,0.5060334205627441,0.0,5.374823570251465
80,8,13,-2.258962392807007,-2.258962392807007,0.5023648142814636,0.0,5.185927391052246
80,8,14,-2.254251480102539,-2.254251480102539,0.49394890666007996,0.0,5.188179016113281
80,8,15,-2.2335681915283203,-2.2335681915283203,0.5182285904884338,0.0,5.277278900146484
80,8,16,-2.2046258449554443,-2.2046258449554443,0.5094065070152283,0.0,5.064981937408447
80,8,17,-2.2418322563171387,-2.2418322563171387,0.5039376020431519,0.0,5.277939319610596
80,8,18,-2.2184860706329346,-2.2184860706329346,0.5171025991439819,0.0,5.289660453796387
80,8,19,-2.24721097946167,-2.24721097946167,0.5150644183158875,0.0,5.104364395141602
80,9,0,-2.2686052322387695,-2.2686052322387695,0.45288679003715515,0.0,5.453556060791016
80,9,1,-2.2616100311279297,-2.2616100311279297,0.44502031803131104,0.0,5.531369686126709
80,9,2,-2.2382311820983887,-2.2382311820983887,0.4572790563106537,0.0,5.27058219909668
80,9,3,-2.218585968017578,-2.218585968017578,0.4449099004268646,0.0,5.389862060546875
80,9,4,-2.264169931411743,-2.264169931411743,0.4563749432563782,0.0,5.50126838684082
80,9,5,-2.2654342651367188,-2.2654342651367188,0.44569769501686096,0.0,5.382282257080078
80,9,6,-2.253795623779297,-2.253795623779297,0.4479333460330963,0.0,5.308643341064453
80,9,7,-2.2562031745910645,-2.2562031745910645,0.4669313132762909,0.0,5.5450215339660645
80,9,8,-2.255927324295044,-2.255927324295044,0.45650070905685425,0.0,5.684686660766602
80,9,9,-2.244575262069702,-2.244575262069702,0.4475606679916382,0.0,5.538633346557617
80,9,10,-2.2472288608551025,-2.2472288608551025,0.4589458703994751,0.0,5.11582088470459
80,9,11,-2.263720989227295,-2.263720989227295,0.4639982581138611,0.0,5.188043594360352
80,9,12,-2.233950614929199,-2.233950614929199,0.4518645107746124,0.0,5.518589019775391
80,9,13,-2.260873556137085,-2.260873556137085,0.4437597990036011,0.0,5.680931568145752
80,9,14,-2.2070765495300293,-2.2070765495300293,0.4623386561870575,0.0,5.464139938354492
80,9,15,-2.2660694122314453,-2.2660694122314453,0.4490043520927429,0.0,5.468015193939209
80,9,16,-2.2657668590545654,-2.2657668590545654,0.46628350019454956,0.0,5.444695472717285
80,9,17,-2.2440521717071533,-2.2440521717071533,0.44683319330215454,0.0,5.318427562713623
80,9,18,-2.243224620819092,-2.243224620819092,0.44766512513160706,0.0,5.682755470275879
80,9,19,-2.211480140686035,-2.211480140686035,0.4644320607185364,0.0,5.534719467163086
60,0,0,-2.2472996711730957,-2.2472996711730957,0.5171402096748352,0.0,3.981873035430908
60,0,1,-2.2480456829071045,-2.2480456829071045,0.5326805710792542,0.0,4.158312797546387
60,0,2,-2.2247297763824463,-2.2247297763824463,0.5260515809059143,0.0,3.893267869949341
60,0,3,-2.243643045425415,-2.243643045425415,0.5052095055580139,0.0,4.172658443450928
60,0,4,-2.2315773963928223,-2.2315773963928223,0.5207043290138245,0.0,3.7757835388183594
60,0,5,-2.234910011291504,-2.234910011291504,0.5310760140419006,0.0,3.8006231784820557
60,0,6,-2.250337600708008,-2.250337600708008,0.5022079348564148,0.0,4.201595306396484
60,0,7,-2.221801519393921,-2.221801519393921,0.5307762026786804,0.0,3.8301339149475098
60,0,8,-2.2390036582946777,-2.2390036582946777,0.536944568157196,0.0,3.900953769683838
60,0,9,-2.245147466659546,-2.245147466659546,0.5347647666931152,0.0,4.075467109680176
60,0,10,-2.242675304412842,-2.242675304412842,0.5204882621765137,0.0,4.0536885261535645
60,0,11,-2.2450153827667236,-2.2450153827667236,0.5392363667488098,0.0,3.84578537940979
60,0,12,-2.235150098800659,-2.235150098800659,0.500839114189148,0.0,4.11467170715332
60,0,13,-2.2292349338531494,-2.2292349338531494,0.516387939453125,0.0,3.991269111633301
60,0,14,-2.2364108562469482,-2.2364108562469482,0.5263324975967407,0.0,3.9663500785827637
60,0,15,-2.240574359893799,-2.240574359893799,0.5248185396194458,0.0,4.053050994873047
60,0,16,-2.239145517349243,-2.239145517349243,0.5252566337585449,0.0,3.7530407905578613
60,0,17,-2.244126558303833,-2.244126558303833,0.5031532049179077,0.0,3.990718364715576
60,0,18,-2.2483203411102295,-2.2483203411102295,0.5134530067443848,0.0,3.7741479873657227
60,0,19,-2.2366783618927,-2.2366783618927,0.5062798261642456,0.0,3.9648044109344482
60,1,0,-2.2640836238861084,-2.2640836238861084,0.48028677701950073,0.0,5.93255615234375
60,1,1,-2.2598483562469482,-2.2598483562469482,0.4540260136127472,0.0,6.5884294509887695
60,1,2,-2.2615885734558105,-2.2615885734558105,0.44425129890441895,0.0,6.2670578956604
60,1,3,-2.255467176437378,-2.255467176437378,0.47592249512672424,0.0,6.348001480102539
60,1,4,-2.266232967376709,-2.266232967376709,0.4446188509464264,0.0,6.075659275054932
60,1,5,-2.255549907684326,-2.255549907684326,0.46231991052627563,0.0,6.358857154846191
60,1,6,-2.2705769538879395,-2.2705769538879395,0.482185035943985,0.0,6.20025634765625
60,1,7,-2.2595765590667725,-2.2595765590667725,0.47554996609687805,0.0,6.603665351867676
60,1,8,-2.2352137565612793,-2.2352137565612793,0.4835995137691498,0.0,5.9779253005981445
60,1,9,-2.2688424587249756,-2.2688424587249756,0.45864349603652954,0.0,6.406861782073975
60,1,10,-2.247917890548706,-2.247917890548706,0.4548532962799072,0.0,6.545343399047852
60,1,11,-2.250657796859741,-2.250657796859741,0.46399036049842834,0.0,6.117151260375977
60,1,12,-2.245069742202759,-2.245069742202759,0.47208428382873535,0.0,6.071390151977539
60,1,13,-2.2669553756713867,-2.2669553756713867,0.4348987936973572,0.0,6.180168628692627
60,1,14,-2.258671998977661,-2.258671998977661,0.4591919183731079,0.0,6.270448684692383
60,1,15,-2.2514286041259766,-2.2514286041259766,0.4497251808643341,0.0,6.516119956970215
60,1,16,-2.2727773189544678,-2.2727773189544678,0.44357582926750183,0.0,5.998636245727539
60,1,17,-2.267974615097046,-2.267974615097046,0.45533081889152527,0.0,6.137073993682861
60,1,18,-2.266566753387451,-2.266566753387451,0.45373326539993286,0.0,6.418205261230469
60,1,19,-2.2506091594696045,-2.2506091594696045,0.4657016396522522,0.0,5.972206115722656
60,2,0,-2.2286126613616943,-2.2286126613616943,0.513496994972229,0.0,6.182113170623779
60,2,1,-2.2500672340393066,-2.2500672340393066,0.4846055805683136,0.0,5.986671447753906
60,2,2,-2.2354676723480225,-2.2354676723480225,0.49435749650001526,0.0,6.32257604598999
60,2,3,-2.253908157348633,-2.253908157348633,0.5024577975273132,0.0,5.946376800537109
60,2,4,-2.2531180381774902,-2.2531180381774902,0.4970583915710449,0.0,5.955198287963867
60,2,5,-2.2466204166412354,-2.2466204166412354,0.4983624517917633,0.0,6.226876258850098
60,2,6,-2.2489724159240723,-2.2489724159240723,0.4960116147994995,0.0,5.902002334594727
60,2,7,-2.2595889568328857,-2.2595889568328857,0.501917839050293,0.0,6.243849754333496
60,2,8,-2.263532876968384,-2.263532876968384,0.49924522638320923,0.0,6.271164417266846
60,2,9,-2.2439937591552734,-2.2439937591552734,0.4909859597682953,0.0,6.128002166748047
60,2,10,-2.2490243911743164,-2.2490243911743164,0.49496200680732727,0.0,5.916784286499023
60,2,11,-2.2538087368011475,-2.2538087368011475,0.48603373765945435,0.0,6.3265509605407715
60,2,12,-2.2451906204223633,-2.2451906204223633,0.4986458122730255,0.0,6.1239495277404785
60,2,13,-2.2517666816711426,-2.2517666816711426,0.5022127628326416,0.0,6.0743489265441895
60,2,14,-2.251361846923828,-2.251361846923828,0.5029051303863525,0.0,6.402919769287109
60,2,15,-2.243133544921875,-2.243133544921875,0.492961049079895,0.0,5.918760299682617
60,2,16,-2.234478712081909,-2.234478712081909,0.4972509741783142,0.0,5.972583770751953
60,2,17,-2.2517027854919434,-2.2517027854919434,0.4996027648448944,0.0,6.365968704223633
60,2,18,-2.237264394760132,-2.237264394760132,0.5107911229133606,0.0,6.156150817871094
60,2,19,-2.2505319118499756,-2.2505319118499756,0.49579691886901855,0.0,5.895208358764648
60,3,0,-2.2757728099823,-2.2757728099823,0.5445086359977722,0.0,3.106520175933838
60,3,1,-2.2781689167022705,-2.2781689167022705,0.5255639553070068,0.0,3.532041311264038
60,3,2,-2.2772419452667236,-2.2772419452667236,0.5410946607589722,0.0,3.2330453395843506
60,3,3,-2.2786941528320312,-2.2786941528320312,0.5549131631851196,0.0,3.3219432830810547
60,3,4,-2.277911901473999,-2.277911901473999,0.5302721261978149,0.0,2.792102336883545
60,3,5,-2.280134439468384,-2.280134439468384,0.553225040435791,0.0,2.850172519683838
60,3,6,-2.2784688472747803,-2.2784688472747803,0.5219153165817261,0.0,2.976259231567383
60,3,7,-2.2758593559265137,-2.2758593559265137,0.546873152256012,0.0,3.105839252471924
60,3,8,-2.278475761413574,-2.278475761413574,0.5454659461975098,0.0,2.7951011657714844
60,3,9,-2.2765302658081055,-2.2765302658081055,0.5107930898666382,0.0,3.063553810119629
60,3,10,-2.2786483764648438,-2.2786483764648438,0.5480114221572876,0.0,2.927217721939087
60,3,11,-2.2796385288238525,-2.2796385288238525,0.5404062271118164,0.0,2.9853873252868652
60,3,12,-2.2780840396881104,-2.2780840396881104,0.5399837493896484,0.0,2.9872379302978516
60,3,13,-2.278287410736084,-2.278287410736084,0.5161089301109314,0.0,3.0952961444854736
60,3,14,-2.279711961746216,-2.279711961746216,0.5528244972229004,0.0,3.246509552001953
60,3,15,-2.2788350582122803,-2.2788350582122803,0.5174192786216736,0.0,3.5211124420166016
60,3,16,-2.278379440307617,-2.278379440307617,0.5323310494422913,0.0,3.277371883392334
60,3,17,-2.279026985168457,-2.279026985168457,0.542702853679657,0.0,3.0019125938415527
60,3,18,-2.2790870666503906,-2.2790870666503906,0.5279255509376526,0.0,2.9961094856262207
60,3,19,-2.2774546146392822,-2.2774546146392822,0.5335932374000549,0.0,2.9836764335632324
60,4,0,-2.278221607208252,-2.278221607208252,0.43625229597091675,0.0,4.603777885437012
60,4,1,-2.262129068374634,-2.262129068374634,0.46671679615974426,0.0,3.4468367099761963
60,4,2,-2.2788660526275635,-2.2788660526275635,0.4762178063392639,0.0,3.6811118125915527
60,4,3,-2.278843402862549,-2.278843402862549,0.45800304412841797,0.0,3.6729941368103027
60,4,4,-2.2763028144836426,-2.2763028144836426,0.46256953477859497,0.0,4.179111480712891
60,4,5,-2.274247884750366,-2.274247884750366,0.46238064765930176,0.0,4.897289752960205
60,4,6,-2.275264263153076,-2.275264263153076,0.449453741312027,0.0,3.5718343257904053
60,4,7,-2.2775251865386963,-2.2775251865386963,0.4145735800266266,0.0,4.067141532897949
60,4,8,-2.2796590328216553,-2.2796590328216553,0.425079882144928,0.0,4.245682716369629
60,4,9,-2.2690086364746094,-2.2690086364746094,0.4665055274963379,0.0,4.700530052185059
60,4,10,-2.278109073638916,-2.278109073638916,0.4477035105228424,0.0,3.7541627883911133
60,4,11,-2.2732720375061035,-2.2732720375061035,0.44308915734291077,0.0,4.012907981872559
60,4,12,-2.275240421295166,-2.275240421295166,0.4652615487575531,0.0,3.9076077938079834
60,4,13,-2.274484157562256,-2.274484157562256,0.47672274708747864,0.0,4.952446937561035
60,4,14,-2.267500162124634,-2.267500162124634,0.46319183707237244,0.0,3.646219491958618
60,4,15,-2.278656244277954,-2.278656244277954,0.4851536750793457,0.0,4.424502372741699
60,4,16,-2.27860951423645,-2.27860951423645,0.4436052441596985,0.0,3.685408115386963
60,4,17,-2.2789409160614014,-2.2789409160614014,0.4642485976219177,0.0,3.6172475814819336
60,4,18,-2.2748258113861084,-2.2748258113861084,0.4410119354724884,0.0,3.660217761993408
60,4,19,-2.2760519981384277,-2.2760519981384277,0.45096853375434875,0.0,3.9173734188079834
60,5,0,-2.2467098236083984,-2.2467098236083984,0.5455735325813293,0.0,6.093006610870361
60,5,1,-2.2519829273223877,-2.2519829273223877,0.5683709979057312,0.0,6.158001899719238
60,5,2,-2.2593741416931152,-2.2593741416931152,0.5639786124229431,0.0,6.231258392333984
60,5,3,-2.2617318630218506,-2.2617318630218506,0.5642789602279663,0.0,6.337009906768799
60,5,4,-2.2620983123779297,-2.2620983123779297,0.5569159984588623,0.0,5.985291481018066
60,5,5,-2.2639195919036865,-2.2639195919036865,0.5664795637130737,0.0,5.684790134429932
60,5,6,-2.261139392852783,-2.261139392852783,0.5692663192749023,0.0,5.912651062011719
60,5,7,-2.2491848468780518,-2.2491848468780518,0.5522383451461792,0.0,6.059492111206055
60,5,8,-2.256380081176758,-2.256380081176758,0.5537803769111633,0.0,6.2710747718811035
60,5,9,-2.2578797340393066,-2.2578797340393066,0.5570552349090576,0.0,6.478754043579102
60,5,10,-2.2590205669403076,-2.2590205669403076,0.5479441285133362,0.0,6.476173400878906
60,5,11,-2.2543139457702637,-2.2543139457702637,0.5526002645492554,0.0,6.113999366760254
60,5,12,-2.2526602745056152,-2.2526602745056152,0.5467208027839661,0.0,6.1660075187683105
60,5,13,-2.2518773078918457,-2.2518773078918457,0.5874080061912537,0.0,6.359598636627197
60,5,14,-2.2639994621276855,-2.2639994621276855,0.56862473487854,0.0,6.302254676818848
60,5,15,-2.255207061767578,-2.255207061767578,0.5680277943611145,0.0,6.1775593757629395
60,5,16,-2.2615184783935547,-2.2615184783935547,0.5669693946838379,0.0,6.086495399475098
60,5,17,-2.260558605194092,-2.260558605194092,0.566699743270874,0.0,6.1106109619140625
60,5,18,-2.2570228576660156,-2.2570228576660156,0.5728738903999329,0.0,6.1295390129089355
60,5,19,-2.2483506202697754,-2.2483506202697754,0.5465904474258423,0.0,6.533365249633789
60,6,0,-2.1991443634033203,-2.1991443634033203,0.48112428188323975,0.0,6.237766265869141
60,6,1,-2.194887399673462,-2.194887399673462,0.4969918429851532,0.0,6.228003025054932
60,6,2,-2.183018445968628,-2.183018445968628,0.5083556175231934,0.0,6.063458442687988
60,6,3,-2.1731081008911133,-2.1731081008911133,0.49842119216918945,0.0,5.768131256103516
60,6,4,-2.194674491882324,-2.194674491882324,0.49660736322402954,0.0,6.34713077545166
60,6,5,-2.2259480953216553,-2.2259480953216553,0.4899781346321106,0.0,6.34420919418335
60,6,6,-2.2015738487243652,-2.2015738487243652,0.4949381649494171,0.0,6.187518119812012
60,6,7,-2.2319161891937256,-2.2319161891937256,0.48733237385749817,0.0,6.291429042816162
60,6,8,-2.229785442352295,-2.229785442352295,0.4839675724506378,0.0,6.397932052612305
60,6,9,-2.201260805130005,-2.201260805130005,0.46972644329071045,0.0,6.135144233703613
60,6,10,-2.18941593170166,-2.18941593170166,0.48099660873413086,0.0,5.966407775878906
60,6,11,-2.211453437805176,-2.211453437805176,0.49838101863861084,0.0,6.275261878967285
60,6,12,-2.163309097290039,-2.163309097290039,0.4888205826282501,0.0,6.1098856925964355
60,6,13,-2.1951632499694824,-2.1951632499694824,0.48659422993659973,0.0,6.027653694152832
60,6,14,-2.1943745613098145,-2.1943745613098145,0.4871630072593689,0.0,6.171584606170654
60,6,15,-2.2134816646575928,-2.2134816646575928,0.47951018810272217,0.0,5.998405933380127
60,6,16,-2.2064762115478516,-2.2064762115478516,0.477189838886261,0.0,5.901386260986328
60,6,17,-2.192821741104126,-2.192821741104126,0.48029863834381104,0.0,6.01072359085083
60,6,18,-2.176894426345825,-2.176894426345825,0.47902730107307434,0.0,6.199305057525635
60,6,19,-2.180901527404785,-2.180901527404785,0.4946410655975342,0.0,6.217066764831543
60,7,0,-2.19581937789917,-2.19581937789917,0.4332710802555084,0.0,6.731523513793945
60,7,1,-2.219186544418335,-2.219186544418335,0.41731250286102295,0.0,6.773685455322266
60,7,2,-2.2394959926605225,-2.2394959926605225,0.4473782181739807,0.0,6.779796600341797
60,7,3,-2.1772260665893555,-2.1772260665893555,0.3918892443180084,0.0,6.503149032592773
60,7,4,-2.209857702255249,-2.209857702255249,0.41898787021636963,0.0,6.601726055145264
60,7,5,-2.251948595046997,-2.251948595046997,0.46233218908309937,0.0,6.545729637145996
60,7,6,-2.1682229042053223,-2.1682229042053223,0.4475918114185333,0.0,6.171481132507324
60,7,7,-2.206768274307251,-2.206768274307251,0.4230254292488098,0.0,6.642199516296387
60,7,8,-2.239042043685913,-2.239042043685913,0.45249804854393005,0.0,6.4128007888793945
60,7,9,-2.2496626377105713,-2.2496626377105713,0.426401287317276,0.0,6.614078998565674
60,7,10,-2.2273643016815186,-2.2273643016815186,0.4054241180419922,0.0,6.608348369598389
60,7,11,-2.2198173999786377,-2.2198173999786377,0.44761407375335693,0.0,6.378523826599121
60,7,12,-2.2112860679626465,-2.2112860679626465,0.43404215574264526,0.0,6.512216567993164
60,7,13,-2.244730234146118,-2.244730234146118,0.3918846845626831,0.0,6.364063262939453
60,7,14,-2.237191915512085,-2.237191915512085,0.441032350063324,0.0,6.412869453430176
60,7,15,-2.2493104934692383,-2.2493104934692383,0.4109088182449341,0.0,6.503277778625488
60,7,16,-2.2325215339660645,-2.2325215339660645,0.455523818731308,0.0,6.5811967849731445
60,7,17,-2.210299253463745,-2.210299253463745,0.4553854465484619,0.0,6.684112548828125
60,7,18,-2.2072668075561523,-2.2072668075561523,0.44927117228507996,0.0,6.4947590827941895
60,7,19,-2.202671527862549,-2.202671527862549,0.42201074957847595,0.0,6.519780158996582
60,8,0,-2.250528335571289,-2.250528335571289,0.5047731995582581,0.0,5.089613914489746
60,8,1,-2.2440080642700195,-2.2440080642700195,0.5233715176582336,0.0,4.978373050689697
60,8,2,-2.254110097885132,-2.254110097885132,0.5072042346000671,0.0,5.238177299499512
60,8,3,-2.245133399963379,-2.245133399963379,0.4978601634502411,0.0,5.082596302032471
60,8,4,-2.2593281269073486,-2.2593281269073486,0.5359569191932678,0.0,5.140686511993408
60,8,5,-2.1886918544769287,-2.1886918544769287,0.5209311246871948,0.0,5.420105934143066
60,8,6,-2.2541089057922363,-2.2541089057922363,0.5160779356956482,0.0,5.350090026855469
60,8,7,-2.2399635314941406,-2.2399635314941406,0.4876435399055481,0.0,5.358919620513916
60,8,8,-2.249194383621216,-2.249194383621216,0.4928613007068634,0.0,5.070328712463379
60,8,9,-2.2376177310943604,-2.2376177310943604,0.5170223712921143,0.0,4.645968914031982
60,8,10,-2.249842643737793,-2.249842643737793,0.5138608813285828,0.0,5.062527656555176
60,8,11,-2.233534812927246,-2.233534812927246,0.5073701739311218,0.0,5.415804862976074
60,8,12,-2.227579116821289,-2.227579116821289,0.5210957527160645,0.0,5.1837849617004395
60,8,13,-2.1929662227630615,-2.1929662227630615,0.4890425205230713,0.0,5.303120136260986
60,8,14,-2.2420589923858643,-2.2420589923858643,0.5141286849975586,0.0,5.255258560180664
60,8,15,-2.2348175048828125,-2.2348175048828125,0.5059205293655396,0.0,4.97235107421875
60,8,16,-2.229820728302002,-2.229820728302002,0.5022743344306946,0.0,5.223196029663086
60,8,17,-2.242281198501587,-2.242281198501587,0.4947979152202606,0.0,5.150467872619629
60,8,18,-2.245054244995117,-2.245054244995117,0.5181145071983337,0.0,5.181381702423096
60,8,19,-2.2547879219055176,-2.2547879219055176,0.5176441669464111,0.0,5.3996429443359375
60,9,0,-2.2554917335510254,-2.2554917335510254,0.4541511535644531,0.0,5.027685642242432
60,9,1,-2.2633280754089355,-2.2633280754089355,0.4443446397781372,0.0,5.402713298797607
60,9,2,-2.2715718746185303,-2.2715718746185303,0.4557170569896698,0.0,5.603786468505859
60,9,3,-2.2624824047088623,-2.2624824047088623,0.45323193073272705,0.0,5.204790115356445
60,9,4,-2.2694127559661865,-2.2694127559661865,0.4501117169857025,0.0,5.368558883666992
60,9,5,-2.256523609161377,-2.256523609161377,0.45144790410995483,0.0,5.734410285949707
60,9,6,-2.2524378299713135,-2.2524378299713135,0.4460492730140686,0.0,5.190782070159912
60,9,7,-2.2656686305999756,-2.2656686305999756,0.4331827461719513,0.0,5.380699157714844
60,9,8,-2.2486770153045654,-2.2486770153045654,0.4377601742744446,0.0,5.288644313812256
60,9,9,-2.24160099029541,-2.24160099029541,0.4285973608493805,0.0,5.355011940002441
60,9,10,-2.274799108505249,-2.274799108505249,0.46916720271110535,0.0,5.381015777587891
60,9,11,-2.2651851177215576,-2.2651851177215576,0.4377865195274353,0.0,5.34642219543457
60,9,12,-2.243009567260742,-2.243009567260742,0.44582322239875793,0.0,5.4980244636535645
60,9,13,-2.2241714000701904,-2.2241714000701904,0.47159337997436523,0.0,5.340909957885742
60,9,14,-2.2606236934661865,-2.2606236934661865,0.45465123653411865,0.0,5.410472869873047
60,9,15,-2.2538721561431885,-2.2538721561431885,0.44718608260154724,0.0,5.453757286071777
60,9,16,-2.25669002532959,-2.25669002532959,0.4575927257537842,0.0,5.763298034667969
60,9,17,-2.2602717876434326,-2.2602717876434326,0.4682699143886566,0.0,5.424581050872803
60,9,18,-2.256446361541748,-2.256446361541748,0.4442500174045563,0.0,5.759636878967285
60,9,19,-2.2708544731140137,-2.2708544731140137,0.4628525972366333,0.0,5.288447380065918
40,0,0,-2.2440123558044434,-2.2440123558044434,0.5134721994400024,0.0,4.077751159667969
40,0,1,-2.251030445098877,-2.251030445098877,0.512277364730835,0.0,3.9813075065612793
40,0,2,-2.2512013912200928,-2.2512013912200928,0.525118350982666,0.0,4.038365840911865
40,0,3,-2.225318670272827,-2.225318670272827,0.5182840824127197,0.0,3.9205679893493652
40,0,4,-2.245020866394043,-2.245020866394043,0.5229345560073853,0.0,3.985116481781006
40,0,5,-2.2499303817749023,-2.2499303817749023,0.5236021876335144,0.0,4.0939202308654785
40,0,6,-2.244863510131836,-2.244863510131836,0.5183886289596558,0.0,4.06669807434082
40,0,7,-2.2341387271881104,-2.2341387271881104,0.5269802212715149,0.0,3.879735231399536
40,0,8,-2.230350971221924,-2.230350971221924,0.520936131477356,0.0,4.079066276550293
40,0,9,-2.2457022666931152,-2.2457022666931152,0.515851616859436,0.0,4.091671943664551
40,0,10,-2.2531356811523438,-2.2531356811523438,0.5368933081626892,0.0,3.9749298095703125
40,0,11,-2.2151241302490234,-2.2151241302490234,0.5286139845848083,0.0,4.042775630950928
40,0,12,-2.2348861694335938,-2.2348861694335938,0.5073301792144775,0.0,4.070494651794434
40,0,13,-2.2369537353515625,-2.2369537353515625,0.5153505802154541,0.0,3.9948205947875977
40,0,14,-2.2262327671051025,-2.2262327671051025,0.5243151783943176,0.0,4.057315349578857
40,0,15,-2.239412546157837,-2.239412546157837,0.5241044759750366,0.0,4.103528022766113
40,0,16,-2.232203245162964,-2.232203245162964,0.5174659490585327,0.0,3.9798638820648193
40,0,17,-2.2458903789520264,-2.2458903789520264,0.5157764554023743,0.0,4.065096855163574
40,0,18,-2.2449469566345215,-2.2449469566345215,0.5083012580871582,0.0,4.105186939239502
40,0,19,-2.2395877838134766,-2.2395877838134766,0.5297801494598389,0.0,3.8715643882751465
40,1,0,-2.273178815841675,-2.273178815841675,0.4412771463394165,0.0,6.205655574798584
40,1,1,-2.2541558742523193,-2.2541558742523193,0.451639860868454,0.0,6.397884845733643
40,1,2,-2.258880376815796,-2.258880376815796,0.4587385058403015,0.0,6.410234451293945
40,1,3,-2.2715866565704346,-2.2715866565704346,0.4609743356704712,0.0,6.310046195983887
40,1,4,-2.242203950881958,-2.242203950881958,0.4564015865325928,0.0,6.203865051269531
40,1,5,-2.2522058486938477,-2.2522058486938477,0.4614405035972595,0.0,6.408621788024902
40,1,6,-2.2450411319732666,-2.2450411319732666,0.46601223945617676,0.0,6.2198896408081055
40,1,7,-2.262511968612671,-2.262511968612671,0.46776074171066284,0.0,6.57872200012207
40,1,8,-2.2659544944763184,-2.2659544944763184,0.47280317544937134,0.0,5.722386360168457
40,1,9,-2.249739170074463,-2.249739170074463,0.4769255518913269,0.0,6.527627944946289
40,1,10,-2.2518913745880127,-2.2518913745880127,0.4750252664089203,0.0,6.195592880249023
40,1,11,-2.2577693462371826,-2.2577693462371826,0.4690723121166229,0.0,6.419757843017578
40,1,12,-2.2401034832000732,-2.2401034832000732,0.47042128443717957,0.0,6.389517307281494
40,1,13,-2.2709836959838867,-2.2709836959838867,0.4517207443714142,0.0,6.075168132781982
40,1,14,-2.274665594100952,-2.274665594100952,0.4729466736316681,0.0,6.333280086517334
40,1,15,-2.259190320968628,-2.259190320968628,0.45388567447662354,0.0,6.523745536804199
40,1,16,-2.2712998390197754,-2.2712998390197754,0.464162677526474,0.0,6.1707682609558105
40,1,17,-2.237513780593872,-2.237513780593872,0.4327104091644287,0.0,6.175292015075684
40,1,18,-2.2652158737182617,-2.2652158737182617,0.47461384534835815,0.0,5.397709846496582
40,1,19,-2.240706443786621,-2.240706443786621,0.4622071087360382,0.0,6.187655925750732
40,2,0,-2.256894588470459,-2.256894588470459,0.5008115768432617,0.0,6.109704971313477
40,2,1,-2.2425143718719482,-2.2425143718719482,0.5003808736801147,0.0,6.333164215087891
40,2,2,-2.248934507369995,-2.248934507369995,0.4984855055809021,0.0,6.241943359375
40,2,3,-2.2485718727111816,-2.2485718727111816,0.47018635272979736,0.0,6.265286445617676
40,2,4,-2.2515945434570312,-2.2515945434570312,0.49619945883750916,0.0,6.150501728057861
40,2,5,-2.2547433376312256,-2.2547433376312256,0.5127081274986267,0.0,6.520116329193115
40,2,6,-2.2548763751983643,-2.2548763751983643,0.49878180027008057,0.0,6.395707130432129
40,2,7,-2.245828866958618,-2.245828866958618,0.49269017577171326,0.0,6.502404689788818
40,2,8,-2.2520368099212646,-2.2520368099212646,0.496569961309433,0.0,6.234875679016113
40,2,9,-2.2481136322021484,-2.2481136322021484,0.47663649916648865,0.0,6.597124099731445
40,2,10,-2.2583093643188477,-2.2583093643188477,0.49597418308258057,0.0,6.2977190017700195
40,2,11,-2.2531659603118896,-2.2531659603118896,0.49051332473754883,0.0,6.321052074432373
40,2,12,-2.2522847652435303,-2.2522847652435303,0.5086114406585693,0.0,6.278316497802734
40,2,13,-2.2616984844207764,-2.2616984844207764,0.49109628796577454,0.0,6.291482925415039
40,2,14,-2.2535994052886963,-2.2535994052886963,0.4985121786594391,0.0,6.295350551605225
40,2,15,-2.2532434463500977,-2.2532434463500977,0.5052184462547302,0.0,6.117453575134277
40,2,16,-2.2413883209228516,-2.2413883209228516,0.48545095324516296,0.0,6.193536758422852
40,2,17,-2.243999719619751,-2.243999719619751,0.49118369817733765,0.0,6.560546398162842
40,2,18,-2.2478036880493164,-2.2478036880493164,0.5026345252990723,0.0,6.128046035766602
40,2,19,-2.2486419677734375,-2.2486419677734375,0.4961863160133362,0.0,6.1874895095825195
40,3,0,-2.279237747192383,-2.279237747192383,0.5537641644477844,0.0,2.798565626144409
40,3,1,-2.2784218788146973,-2.2784218788146973,0.5200737118721008,0.0,2.8727493286132812
40,3,2,-2.278411626815796,-2.278411626815796,0.5320223569869995,0.0,3.008185386657715
40,3,3,-2.280226707458496,-2.280226707458496,0.5479736328125,0.0,3.0137109756469727
40,3,4,-2.278357744216919,-2.278357744216919,0.5385270118713379,0.0,3.113495111465454
40,3,5,-2.2801597118377686,-2.2801597118377686,0.5410317778587341,0.0,3.033602714538574
40,3,6,-2.280773162841797,-2.280773162841797,0.5521073341369629,0.0,3.380279064178467
40,3,7,-2.279411554336548,-2.279411554336548,0.5352436900138855,0.0,3.359907627105713
40,3,8,-2.2797725200653076,-2.2797725200653076,0.5283121466636658,0.0,3.1606054306030273
40,3,9,-2.2785942554473877,-2.2785942554473877,0.5310800671577454,0.0,3.0517873764038086
40,3,10,-2.2790892124176025,-2.2790892124176025,0.5408238768577576,0.0,3.1434988975524902
40,3,11,-2.2786026000976562,-2.2786026000976562,0.5348554849624634,0.0,3.1958181858062744
40,3,12,-2.2794277667999268,-2.2794277667999268,0.5503530502319336,0.0,3.1605567932128906
40,3,13,-2.2798893451690674,-2.2798893451690674,0.5595217943191528,0.0,2.737426280975342
40,3,14,-2.27897047996521,-2.27897047996521,0.5461316108703613,0.0,2.8600008487701416
40,3,15,-2.2772176265716553,-2.2772176265716553,0.536643385887146,0.0,3.209888458251953
40,3,16,-2.279301404953003,-2.279301404953003,0.5365501642227173,0.0,3.399747848510742
40,3,17,-2.279930353164673,-2.279930353164673,0.5437063574790955,0.0,3.0992608070373535
40,3,18,-2.277831792831421,-2.277831792831421,0.5195414423942566,0.0,2.876890182495117
40,3,19,-2.2779173851013184,-2.2779173851013184,0.5396177768707275,0.0,2.841093063354492
40,4,0,-2.2769198417663574,-2.2769198417663574,0.46781861782073975,0.0,4.544769287109375
40,4,1,-2.2776598930358887,-2.2776598930358887,0.4410865008831024,0.0,4.167281150817871
40,4,2,-2.275967597961426,-2.275967597961426,0.4120313823223114,0.0,4.220006942749023
40,4,3,-2.278355121612549,-2.278355121612549,0.4576970934867859,0.0,4.363157272338867
40,4,4,-2.2772183418273926,-2.2772183418273926,0.44646045565605164,0.0,3.5067200660705566
40,4,5,-2.274868965148926,-2.274868965148926,0.44780752062797546,0.0,3.9253320693969727
40,4,6,-2.278920888900757,-2.278920888900757,0.45624351501464844,0.0,4.139969348907471
40,4,7,-2.278045415878296,-2.278045415878296,0.4147554934024811,0.0,4.807924270629883
40,4,8,-2.2779455184936523,-2.2779455184936523,0.43729108572006226,0.0,4.259591102600098
40,4,9,-2.2765231132507324,-2.2765231132507324,0.4578990042209625,0.0,4.32550573348999
40,4,10,-2.2750744819641113,-2.2750744819641113,0.47706326842308044,0.0,4.256590366363525
40,4,11,-2.278345823287964,-2.278345823287964,0.44303664565086365,0.0,3.656081438064575
40,4,12,-2.276656150817871,-2.276656150817871,0.4536752700805664,0.0,4.228397846221924
40,4,13,-2.278184413909912,-2.278184413909912,0.4758313000202179,0.0,3.6172375679016113
40,4,14,-2.275284767150879,-2.275284767150879,0.45012322068214417,0.0,4.152074813842773
40,4,15,-2.2729876041412354,-2.2729876041412354,0.45448392629623413,0.0,3.2496166229248047
40,4,16,-2.2774651050567627,-2.2774651050567627,0.4451555013656616,0.0,3.95869517326355
40,4,17,-2.2790794372558594,-2.2790794372558594,0.43935275077819824,0.0,4.045156002044678
40,4,18,-2.2782914638519287,-2.2782914638519287,0.4213670790195465,0.0,4.061349868774414
40,4,19,-2.277230978012085,-2.277230978012085,0.44924673438072205,0.0,4.3994269371032715
40,5,0,-2.2646780014038086,-2.2646780014038086,0.5565243363380432,0.0,6.300249099731445
40,5,1,-2.258037567138672,-2.258037567138672,0.5638579726219177,0.0,5.998903274536133
40,5,2,-2.252527952194214,-2.252527952194214,0.5721396207809448,0.0,6.471817970275879
40,5,3,-2.2540338039398193,-2.2540338039398193,0.5666322708129883,0.0,6.283393383026123
40,5,4,-2.2592217922210693,-2.2592217922210693,0.5646925568580627,0.0,6.2900238037109375
40,5,5,-2.258255958557129,-2.258255958557129,0.5478760600090027,0.0,5.869297027587891
40,5,6,-2.2336108684539795,-2.2336108684539795,0.573401927947998,0.0,6.507047653198242
40,5,7,-2.264272689819336,-2.264272689819336,0.5659142732620239,0.0,6.384295463562012
40,5,8,-2.252117872238159,-2.252117872238159,0.569945216178894,0.0,6.434321403503418
40,5,9,-2.239131212234497,-2.239131212234497,0.5402889251708984,0.0,6.50133752822876
40,5,10,-2.26118803024292,-2.26118803024292,0.5727332234382629,0.0,6.615692138671875
40,5,11,-2.2622122764587402,-2.2622122764587402,0.5544628500938416,0.0,5.929019451141357
40,5,12,-2.2571704387664795,-2.2571704387664795,0.5585533380508423,0.0,6.12583065032959
40,5,13,-2.25,-2.25,0.5604979395866394,0.0,6.468034267425537
40,5,14,-2.2499489784240723,-2.2499489784240723,0.5660970211029053,0.0,6.344293594360352
40,5,15,-2.2580008506774902,-2.2580008506774902,0.5431650280952454,0.0,6.0904340744018555
40,5,16,-2.246631145477295,-2.246631145477295,0.5634809136390686,0.0,5.798689365386963
40,5,17,-2.263607978820801,-2.263607978820801,0.5546782612800598,0.0,6.2679829597473145
40,5,18,-2.258136034011841,-2.258136034011841,0.5563802123069763,0.0,6.094541549682617
40,5,19,-2.2616658210754395,-2.2616658210754395,0.561704695224762,0.0,6.207528114318848
40,6,0,-2.214231014251709,-2.214231014251709,0.48713088035583496,0.0,5.904305458068848
40,6,1,-2.170422077178955,-2.170422077178955,0.5077710151672363,0.0,5.861217975616455
40,6,2,-2.199690103530884,-2.199690103530884,0.48428261280059814,0.0,6.228365898132324
40,6,3,-2.2032182216644287,-2.2032182216644287,0.5036081671714783,0.0,6.236943244934082
40,6,4,-2.2197370529174805,-2.2197370529174805,0.4981783926486969,0.0,6.127895832061768
40,6,5,-2.153423309326172,-2.153423309326172,0.48745402693748474,0.0,6.066885948181152
40,6,6,-2.193258285522461,-2.193258285522461,0.4731268882751465,0.0,5.988496780395508
40,6,7,-2.2126264572143555,-2.2126264572143555,0.5050159692764282,0.0,6.073349952697754
40,6,8,-2.1789746284484863,-2.1789746284484863,0.49347811937332153,0.0,6.15185022354126
40,6,9,-2.210183620452881,-2.210183620452881,0.4846925139427185,0.0,6.2664031982421875
40,6,10,-2.19265079498291,-2.19265079498291,0.48639535903930664,0.0,5.998634338378906
40,6,11,-2.2149195671081543,-2.2149195671081543,0.47915780544281006,0.0,6.391543388366699
40,6,12,-2.1932685375213623,-2.1932685375213623,0.4930860102176666,0.0,6.214132308959961
40,6,13,-2.2102274894714355,-2.2102274894714355,0.49990740418434143,0.0,6.470921516418457
40,6,14,-2.179934501647949,-2.179934501647949,0.49293360114097595,0.0,6.260299205780029
40,6,15,-2.2322561740875244,-2.2322561740875244,0.48768481612205505,0.0,6.321891784667969
40,6,16,-2.199158191680908,-2.199158191680908,0.4700072109699249,0.0,6.10866641998291
40,6,17,-2.1982882022857666,-2.1982882022857666,0.49833378195762634,0.0,6.204280853271484
40,6,18,-2.1563198566436768,-2.1563198566436768,0.47682663798332214,0.0,6.218081474304199
40,6,19,-2.226288080215454,-2.226288080215454,0.4716903865337372,0.0,6.227536201477051
40,7,0,-2.235069751739502,-2.235069751739502,0.4408390522003174,0.0,6.585149765014648
40,7,1,-2.1961824893951416,-2.1961824893951416,0.4130735993385315,0.0,6.428215026855469
40,7,2,-2.221677541732788,-2.221677541732788,0.4250943660736084,0.0,6.196963310241699
40,7,3,-2.22527813911438,-2.22527813911438,0.44038787484169006,0.0,6.109975814819336
40,7,4,-2.2344233989715576,-2.2344233989715576,0.41641074419021606,0.0,6.38288688659668
40,7,5,-2.2314047813415527,-2.2314047813415527,0.4489987790584564,0.0,6.741034984588623
40,7,6,-2.2261862754821777,-2.2261862754821777,0.43280601501464844,0.0,6.475978851318359
40,7,7,-2.248866558074951,-2.248866558074951,0.43585607409477234,0.0,6.395138740539551
40,7,8,-2.2044620513916016,-2.2044620513916016,0.4169768989086151,0.0,6.50267219543457
40,7,9,-2.223013162612915,-2.223013162612915,0.43658050894737244,0.0,6.458682060241699
40,7,10,-2.2216997146606445,-2.2216997146606445,0.42227062582969666,0.0,6.824353218078613
40,7,11,-2.1963095664978027,-2.1963095664978027,0.41016942262649536,0.0,6.2784552574157715
40,7,12,-2.2288506031036377,-2.2288506031036377,0.423400342464447,0.0,6.430476188659668
40,7,13,-2.2369298934936523,-2.2369298934936523,0.44223102927207947,0.0,6.077436923980713
40,7,14,-2.2051804065704346,-2.2051804065704346,0.4121706783771515,0.0,6.768707275390625
40,7,15,-2.216254949569702,-2.216254949569702,0.42419302463531494,0.0,6.556883335113525
40,7,16,-2.2139334678649902,-2.2139334678649902,0.4225695729255676,0.0,6.386346817016602
40,7,17,-2.2237792015075684,-2.2237792015075684,0.4173133671283722,0.0,6.471827507019043
40,7,18,-2.1874680519104004,-2.1874680519104004,0.43168511986732483,0.0,6.415219306945801
40,7,19,-2.214345932006836,-2.214345932006836,0.4125332236289978,0.0,6.251499176025391
40,8,0,-2.2416930198669434,-2.2416930198669434,0.5180321931838989,0.0,4.832560062408447
40,8,1,-2.2333555221557617,-2.2333555221557617,0.5198686718940735,0.0,5.249290943145752
40,8,2,-2.241090774536133,-2.241090774536133,0.5201703310012817,0.0,5.331296443939209
40,8,3,-2.240107536315918,-2.240107536315918,0.49950486421585083,0.0,5.341996669769287
40,8,4,-2.240837335586548,-2.240837335586548,0.5136603116989136,0.0,5.120521545410156
40,8,5,-2.2495038509368896,-2.2495038509368896,0.5197483897209167,0.0,5.165976047515869
40,8,6,-2.250455856323242,-2.250455856323242,0.5303462743759155,0.0,5.282005310058594
40,8,7,-2.2354984283447266,-2.2354984283447266,0.5118877291679382,0.0,5.24250602722168
40,8,8,-2.2521541118621826,-2.2521541118621826,0.5141557455062866,0.0,5.342595100402832
40,8,9,-2.2463467121124268,-2.2463467121124268,0.5208410620689392,0.0,5.070998668670654
40,8,10,-2.250722885131836,-2.250722885131836,0.5154589414596558,0.0,5.251328468322754
40,8,11,-2.2558705806732178,-2.2558705806732178,0.5133233666419983,0.0,5.2370147705078125
40,8,12,-2.238778829574585,-2.238778829574585,0.5121445059776306,0.0,5.1132612228393555
40,8,13,-2.2262918949127197,-2.2262918949127197,0.5317919254302979,0.0,5.123788833618164
40,8,14,-2.231628179550171,-2.231628179550171,0.5170446634292603,0.0,5.175515651702881
40,8,15,-2.2196147441864014,-2.2196147441864014,0.5043436884880066,0.0,5.316368579864502
40,8,16,-2.2416818141937256,-2.2416818141937256,0.5177878737449646,0.0,5.170749187469482
40,8,17,-2.2525126934051514,-2.2525126934051514,0.5107150077819824,0.0,5.15800666809082
40,8,18,-2.233323574066162,-2.233323574066162,0.5069003701210022,0.0,5.1768622398376465
40,8,19,-2.2461860179901123,-2.2461860179901123,0.5236452221870422,0.0,5.131460666656494
40,9,0,-2.244778633117676,-2.244778633117676,0.4292565882205963,0.0,5.226642608642578
40,9,1,-2.239049196243286,-2.239049196243286,0.4459533989429474,0.0,5.336986541748047
40,9,2,-2.24259877204895,-2.24259877204895,0.4651627838611603,0.0,5.907482147216797
40,9,3,-2.2618935108184814,-2.2618935108184814,0.44503024220466614,0.0,5.293962001800537
40,9,4,-2.267115831375122,-2.267115831375122,0.45886126160621643,0.0,5.802220344543457
40,9,5,-2.2656750679016113,-2.2656750679016113,0.4511690139770508,0.0,5.57039737701416
40,9,6,-2.260167121887207,-2.260167121887207,0.45400112867355347,0.0,5.542500019073486
40,9,7,-2.271522045135498,-2.271522045135498,0.44338366389274597,0.0,5.384747505187988
40,9,8,-2.248353958129883,-2.248353958129883,0.45923516154289246,0.0,5.283662796020508
40,9,9,-2.2702364921569824,-2.2702364921569824,0.44240885972976685,0.0,5.385927200317383
40,9,10,-2.2644765377044678,-2.2644765377044678,0.44876575469970703,0.0,5.500929832458496
40,9,11,-2.2477009296417236,-2.2477009296417236,0.44589364528656006,0.0,5.453484535217285
40,9,12,-2.2518584728240967,-2.2518584728240967,0.42624199390411377,0.0,5.479944229125977
40,9,13,-2.249711036682129,-2.249711036682129,0.4534490406513214,0.0,5.291473865509033
40,9,14,-2.267695665359497,-2.267695665359497,0.45872652530670166,0.0,5.241306304931641
40,9,15,-2.254281759262085,-2.254281759262085,0.4406207203865051,0.0,5.220354080200195
40,9,16,-2.2634048461914062,-2.2634048461914062,0.4474956691265106,0.0,5.485324382781982
40,9,17,-2.253516674041748,-2.253516674041748,0.45517197251319885,0.0,5.476860523223877
40,9,18,-2.262680768966675,-2.262680768966675,0.4474713206291199,0.0,5.240181922912598
40,9,19,-2.2583799362182617,-2.2583799362182617,0.43869224190711975,0.0,5.435471534729004
20,0,0,-2.2441229820251465,-2.2441229820251465,0.5244970917701721,0.0,4.074979782104492
20,0,1,-2.2222464084625244,-2.2222464084625244,0.5203020572662354,0.0,4.0213847160339355
20,0,2,-2.2422027587890625,-2.2422027587890625,0.5259866118431091,0.0,3.978323459625244
20,0,3,-2.22849178314209,-2.22849178314209,0.5279003381729126,0.0,4.186136722564697
20,0,4,-2.240845203399658,-2.240845203399658,0.5226423740386963,0.0,4.0511908531188965
20,0,5,-2.242513418197632,-2.242513418197632,0.5225358009338379,0.0,4.016274452209473
20,0,6,-2.231902837753296,-2.231902837753296,0.512904703617096,0.0,4.061261177062988
20,0,7,-2.2509727478027344,-2.2509727478027344,0.520991861820221,0.0,3.9472384452819824
20,0,8,-2.239985466003418,-2.239985466003418,0.5170263648033142,0.0,4.018540382385254
20,0,9,-2.2424423694610596,-2.2424423694610596,0.5180126428604126,0.0,3.8878133296966553
20,0,10,-2.241997480392456,-2.241997480392456,0.5180215835571289,0.0,4.043679237365723
20,0,11,-2.242114305496216,-2.242114305496216,0.5238010287284851,0.0,3.814087390899658
20,0,12,-2.2397961616516113,-2.2397961616516113,0.5229911804199219,0.0,3.975465774536133
20,0,13,-2.2386233806610107,-2.2386233806610107,0.5232997536659241,0.0,4.068826675415039
20,0,14,-2.2347681522369385,-2.2347681522369385,0.5256771445274353,0.0,4.014448165893555
20,0,15,-2.2258663177490234,-2.2258663177490234,0.5268695950508118,0.0,3.977489709854126
20,0,16,-2.2371726036071777,-2.2371726036071777,0.5202867388725281,0.0,4.056362628936768
20,0,17,-2.2380499839782715,-2.2380499839782715,0.512668251991272,0.0,4.026865482330322
20,0,18,-2.234025716781616,-2.234025716781616,0.5257285237312317,0.0,4.103392124176025
20,0,19,-2.234635591506958,-2.234635591506958,0.5201669335365295,0.0,3.8993167877197266
20,1,0,-2.261345386505127,-2.261345386505127,0.4557730555534363,0.0,6.629584312438965
20,1,1,-2.2425613403320312,-2.2425613403320312,0.43262359499931335,0.0,6.5137481689453125
20,1,2,-2.263669967651367,-2.263669967651367,0.46012330055236816,0.0,6.461445331573486
20,1,3,-2.2628278732299805,-2.2628278732299805,0.45406630635261536,0.0,6.239112854003906
20,1,4,-2.252397298812866,-2.252397298812866,0.4483242332935333,0.0,6.463109016418457
20,1,5,-2.2575387954711914,-2.2575387954711914,0.4754515290260315,0.0,6.413007736206055
20,1,6,-2.252532482147217,-2.252532482147217,0.44919466972351074,0.0,6.3235063552856445
20,1,7,-2.2448625564575195,-2.2448625564575195,0.43407323956489563,0.0,6.537905693054199
20,1,8,-2.2543816566467285,-2.2543816566467285,0.4566517770290375,0.0,6.57695198059082
20,1,9,-2.2188141345977783,-2.2188141345977783,0.45820197463035583,0.0,6.446340560913086
20,1,10,-2.262807607650757,-2.262807607650757,0.44451725482940674,0.0,6.441464424133301
20,1,11,-2.2624988555908203,-2.2624988555908203,0.4638940393924713,0.0,6.420929908752441
20,1,12,-2.2515621185302734,-2.2515621185302734,0.44448062777519226,0.0,6.309083938598633
20,1,13,-2.259223461151123,-2.259223461151123,0.46094533801078796,0.0,6.451849937438965
20,1,14,-2.2691917419433594,-2.2691917419433594,0.4535375237464905,0.0,6.52677583694458
20,1,15,-2.261491298675537,-2.261491298675537,0.4533754289150238,0.0,6.340824127197266
20,1,16,-2.2548654079437256,-2.2548654079437256,0.4551205337047577,0.0,6.449362754821777
20,1,17,-2.2646193504333496,-2.2646193504333496,0.4627602994441986,0.0,6.528995513916016
20,1,18,-2.22831392288208,-2.22831392288208,0.4686434864997864,0.0,6.382163047790527
20,1,19,-2.2663180828094482,-2.2663180828094482,0.4515989124774933,0.0,6.366979122161865
20,2,0,-2.2536158561706543,-2.2536158561706543,0.5008319616317749,0.0,6.1614603996276855
20,2,1,-2.2457878589630127,-2.2457878589630127,0.4955804944038391,0.0,6.172885894775391
20,2,2,-2.2455949783325195,-2.2455949783325195,0.49576255679130554,0.0,6.308836936950684
20,2,3,-2.2497732639312744,-2.2497732639312744,0.5004599690437317,0.0,6.481863498687744
20,2,4,-2.2481014728546143,-2.2481014728546143,0.5064243078231812,0.0,6.379846096038818
20,2,5,-2.245173692703247,-2.245173692703247,0.5040215253829956,0.0,6.381694316864014
20,2,6,-2.243654489517212,-2.243654489517212,0.4922530949115753,0.0,6.277825355529785
20,2,7,-2.2473480701446533,-2.2473480701446533,0.4914878308773041,0.0,5.891856670379639
20,2,8,-2.2549545764923096,-2.2549545764923096,0.49182313680648804,0.0,6.492498397827148
20,2,9,-2.2534584999084473,-2.2534584999084473,0.4964340329170227,0.0,6.4056854248046875
20,2,10,-2.2337112426757812,-2.2337112426757812,0.49018725752830505,0.0,6.520834922790527
20,2,11,-2.2444021701812744,-2.2444021701812744,0.493804931640625,0.0,6.261967658996582
20,2,12,-2.246502637863159,-2.246502637863159,0.49861785769462585,0.0,6.153107643127441
20,2,13,-2.2527425289154053,-2.2527425289154053,0.4866863191127777,0.0,6.341019153594971
20,2,14,-2.249032735824585,-2.249032735824585,0.5045369863510132,0.0,6.173954963684082
20,2,15,-2.24604868888855,-2.24604868888855,0.4990644156932831,0.0,6.137307643890381
20,2,16,-2.251178741455078,-2.251178741455078,0.4941154718399048,0.0,6.315797805786133
20,2,17,-2.2519447803497314,-2.2519447803497314,0.4870074689388275,0.0,6.416563987731934
20,2,18,-2.2558376789093018,-2.2558376789093018,0.48739975690841675,0.0,6.168486595153809
20,2,19,-2.2399094104766846,-2.2399094104766846,0.5078147649765015,0.0,6.371736526489258
20,3,0,-2.2790374755859375,-2.2790374755859375,0.530634343624115,0.0,3.3544435501098633
20,3,1,-2.278228521347046,-2.278228521347046,0.5373517870903015,0.0,3.3102941513061523
20,3,2,-2.2786784172058105,-2.2786784172058105,0.51719069480896,0.0,3.2198143005371094
20,3,3,-2.280663251876831,-2.280663251876831,0.5570897459983826,0.0,3.0739808082580566
20,3,4,-2.2793705463409424,-2.2793705463409424,0.5388009548187256,0.0,3.143366813659668
20,3,5,-2.279745578765869,-2.279745578765869,0.5317783355712891,0.0,3.322874069213867
20,3,6,-2.278656244277954,-2.278656244277954,0.542353630065918,0.0,3.2206029891967773
20,3,7,-2.2785768508911133,-2.2785768508911133,0.5529345273971558,0.0,3.1872575283050537
20,3,8,-2.278964042663574,-2.278964042663574,0.540189266204834,0.0,3.3555707931518555
20,3,9,-2.278771162033081,-2.278771162033081,0.5409643650054932,0.0,3.1667919158935547
20,3,10,-2.2798678874969482,-2.2798678874969482,0.5277602672576904,0.0,3.2569420337677
20,3,11,-2.2792842388153076,-2.2792842388153076,0.5368103981018066,0.0,3.0316522121429443
20,3,12,-2.279557466506958,-2.279557466506958,0.5331486463546753,0.0,3.29768705368042
20,3,13,-2.2779979705810547,-2.2779979705810547,0.5330276489257812,0.0,3.1583170890808105
20,3,14,-2.2788631916046143,-2.2788631916046143,0.5319136381149292,0.0,3.0805535316467285
20,3,15,-2.279994249343872,-2.279994249343872,0.5545132160186768,0.0,3.1536972522735596
20,3,16,-2.279700517654419,-2.279700517654419,0.5474680066108704,0.0,3.306062698364258
20,3,17,-2.278984785079956,-2.278984785079956,0.5322440266609192,0.0,2.979301691055298
20,3,18,-2.277710199356079,-2.277710199356079,0.5402230620384216,0.0,3.1641836166381836
20,3,19,-2.279568910598755,-2.279568910598755,0.5228534936904907,0.0,3.1345818042755127
20,4,0,-2.2784817218780518,-2.2784817218780518,0.43691086769104004,0.0,4.485398292541504
20,4,1,-2.2766611576080322,-2.2766611576080322,0.42843782901763916,0.0,4.310422897338867
20,4,2,-2.2787117958068848,-2.2787117958068848,0.43775299191474915,0.0,4.428077220916748
20,4,3,-2.2792770862579346,-2.2792770862579346,0.4426420032978058,0.0,4.442894458770752
20,4,4,-2.2787296772003174,-2.2787296772003174,0.4223777949810028,0.0,4.0445637702941895
20,4,5,-2.278015613555908,-2.278015613555908,0.44484639167785645,0.0,4.314932823181152
20,4,6,-2.2795233726501465,-2.2795233726501465,0.4456014633178711,0.0,4.187921047210693
20,4,7,-2.278622627258301,-2.278622627258301,0.42997580766677856,0.0,4.1668620109558105
20,4,8,-2.279987096786499,-2.279987096786499,0.4422329068183899,0.0,4.680582046508789
20,4,9,-2.2794954776763916,-2.2794954776763916,0.4514593780040741,0.0,4.360775947570801
20,4,10,-2.278951406478882,-2.278951406478882,0.45371001958847046,0.0,4.025079250335693
20,4,11,-2.2790682315826416,-2.2790682315826416,0.4256957769393921,0.0,4.095839500427246
20,4,12,-2.278879165649414,-2.278879165649414,0.43205496668815613,0.0,3.8759279251098633
20,4,13,-2.278886079788208,-2.278886079788208,0.4481542110443115,0.0,4.053689956665039
20,4,14,-2.278090476989746,-2.278090476989746,0.45841020345687866,0.0,4.02956485748291
20,4,15,-2.2774429321289062,-2.2774429321289062,0.4248082935810089,0.0,4.313600063323975
20,4,16,-2.2752091884613037,-2.2752091884613037,0.43376755714416504,0.0,4.120887756347656
20,4,17,-2.2788689136505127,-2.2788689136505127,0.44864192605018616,0.0,3.9705021381378174
20,4,18,-2.2788166999816895,-2.2788166999816895,0.45667967200279236,0.0,3.7976601123809814
20,4,19,-2.276888132095337,-2.276888132095337,0.42955413460731506,0.0,3.745805501937866
20,5,0,-2.256629228591919,-2.256629228591919,0.5574156045913696,0.0,6.273857593536377
20,5,1,-2.2540078163146973,-2.2540078163146973,0.5589443445205688,0.0,6.028053283691406
20,5,2,-2.2629594802856445,-2.2629594802856445,0.5538970232009888,0.0,6.366090297698975
20,5,3,-2.237050771713257,-2.237050771713257,0.5716684460639954,0.0,6.1229352951049805
20,5,4,-2.2531051635742188,-2.2531051635742188,0.5598652958869934,0.0,6.130014419555664
20,5,5,-2.2605369091033936,-2.2605369091033936,0.5527262687683105,0.0,6.082932472229004
20,5,6,-2.2544729709625244,-2.2544729709625244,0.559110164642334,0.0,6.045785903930664
20,5,7,-2.258040189743042,-2.258040189743042,0.5675432682037354,0.0,6.06411075592041
20,5,8,-2.2629549503326416,-2.2629549503326416,0.5613303780555725,0.0,6.207233428955078
20,5,9,-2.2542033195495605,-2.2542033195495605,0.5598521828651428,0.0,6.048233985900879
20,5,10,-2.2650368213653564,-2.2650368213653564,0.5623372197151184,0.0,5.8856916427612305
20,5,11,-2.25296950340271,-2.25296950340271,0.5544414520263672,0.0,6.523957252502441
20,5,12,-2.255561590194702,-2.255561590194702,0.5539550185203552,0.0,6.331768989562988
20,5,13,-2.2633216381073,-2.2633216381073,0.5616267919540405,0.0,6.031829833984375
20,5,14,-2.2613730430603027,-2.2613730430603027,0.5730584263801575,0.0,6.018688201904297
20,5,15,-2.2591490745544434,-2.2591490745544434,0.5636128187179565,0.0,6.125791072845459
20,5,16,-2.2597291469573975,-2.2597291469573975,0.5559518337249756,0.0,6.372189521789551
20,5,17,-2.2603273391723633,-2.2603273391723633,0.5550687313079834,0.0,6.142076015472412
20,5,18,-2.244375467300415,-2.244375467300415,0.5578780174255371,0.0,6.19248628616333
20,5,19,-2.2561962604522705,-2.2561962604522705,0.5599107146263123,0.0,6.085227012634277
20,6,0,-2.2186849117279053,-2.2186849117279053,0.48771658539772034,0.0,6.107743263244629
20,6,1,-2.2108685970306396,-2.2108685970306396,0.4972519278526306,0.0,6.137345314025879
20,6,2,-2.200223207473755,-2.200223207473755,0.4841756224632263,0.0,6.061173439025879
20,6,3,-2.2146708965301514,-2.2146708965301514,0.48956549167633057,0.0,6.135272026062012
20,6,4,-2.2214486598968506,-2.2214486598968506,0.4936900734901428,0.0,6.338963508605957
20,6,5,-2.227349042892456,-2.227349042892456,0.4978224039077759,0.0,6.083795547485352
20,6,6,-2.1604557037353516,-2.1604557037353516,0.4809781014919281,0.0,6.007277488708496
20,6,7,-2.2084743976593018,-2.2084743976593018,0.5013694763183594,0.0,6.078459739685059
20,6,8,-2.2248575687408447,-2.2248575687408447,0.4887382686138153,0.0,6.18863582611084
20,6,9,-2.187765598297119,-2.187765598297119,0.48514100909233093,0.0,5.948001861572266
20,6,10,-2.2371022701263428,-2.2371022701263428,0.4731185734272003,0.0,6.20650053024292
20,6,11,-2.1775784492492676,-2.1775784492492676,0.47843077778816223,0.0,6.234598159790039
20,6,12,-2.1905312538146973,-2.1905312538146973,0.48981690406799316,0.0,6.1939239501953125
20,6,13,-2.1920766830444336,-2.1920766830444336,0.49061018228530884,0.0,6.160676002502441
20,6,14,-2.2011048793792725,-2.2011048793792725,0.4884313941001892,0.0,6.3419904708862305
20,6,15,-2.234760046005249,-2.234760046005249,0.48559853434562683,0.0,6.2854204177856445
20,6,16,-2.165498733520508,-2.165498733520508,0.49564412236213684,0.0,5.965620517730713
20,6,17,-2.2186882495880127,-2.2186882495880127,0.5024150609970093,0.0,6.274521827697754
20,6,18,-2.198263645172119,-2.198263645172119,0.48472386598587036,0.0,6.16434383392334
20,6,19,-2.204909086227417,-2.204909086227417,0.4960504472255707,0.0,6.4135260581970215
20,7,0,-2.233370065689087,-2.233370065689087,0.4307640492916107,0.0,6.450356960296631
20,7,1,-2.2325801849365234,-2.2325801849365234,0.4267261326313019,0.0,6.669715404510498
20,7,2,-2.2438716888427734,-2.2438716888427734,0.41803061962127686,0.0,6.226959228515625
20,7,3,-2.202685832977295,-2.202685832977295,0.41875794529914856,0.0,6.489093780517578
20,7,4,-2.226990222930908,-2.226990222930908,0.41046878695487976,0.0,6.46889591217041
20,7,5,-2.2166249752044678,-2.2166249752044678,0.41717177629470825,0.0,6.422236442565918
20,7,6,-2.2289068698883057,-2.2289068698883057,0.4331735372543335,0.0,6.408286094665527
20,7,7,-2.2009928226470947,-2.2009928226470947,0.4275319278240204,0.0,6.298938751220703
20,7,8,-2.2187979221343994,-2.2187979221343994,0.4125334322452545,0.0,6.471365928649902
20,7,9,-2.2231264114379883,-2.2231264114379883,0.43528786301612854,0.0,6.211575508117676
20,7,10,-2.216425657272339,-2.216425657272339,0.40791425108909607,0.0,6.426673412322998
20,7,11,-2.2299911975860596,-2.2299911975860596,0.4293993413448334,0.0,6.564898490905762
20,7,12,-2.207277536392212,-2.207277536392212,0.4172903597354889,0.0,6.418364524841309
20,7,13,-2.2229864597320557,-2.2229864597320557,0.42815613746643066,0.0,6.403559684753418
20,7,14,-2.186330795288086,-2.186330795288086,0.4169086813926697,0.0,6.51281213760376
20,7,15,-2.2019400596618652,-2.2019400596618652,0.4195196032524109,0.0,6.380435943603516
20,7,16,-2.2542736530303955,-2.2542736530303955,0.42076611518859863,0.0,6.443405628204346
20,7,17,-2.2078773975372314,-2.2078773975372314,0.42632827162742615,0.0,6.359233379364014
20,7,18,-2.247692823410034,-2.247692823410034,0.4284394681453705,0.0,6.507411003112793
20,7,19,-2.198052167892456,-2.198052167892456,0.42187750339508057,0.0,6.515463352203369
20,8,0,-2.2440717220306396,-2.2440717220306396,0.518059492111206,0.0,5.1189680099487305
20,8,1,-2.244652032852173,-2.244652032852173,0.5239434838294983,0.0,5.246817588806152
20,8,2,-2.2431278228759766,-2.2431278228759766,0.5274072289466858,0.0,5.343321800231934
20,8,3,-2.2521629333496094,-2.2521629333496094,0.5309574604034424,0.0,5.073828220367432
20,8,4,-2.2389893531799316,-2.2389893531799316,0.521921694278717,0.0,5.142927169799805
20,8,5,-2.2532873153686523,-2.2532873153686523,0.5299382209777832,0.0,5.235510349273682
20,8,6,-2.2482669353485107,-2.2482669353485107,0.5237892866134644,0.0,5.205411434173584
20,8,7,-2.248877763748169,-2.248877763748169,0.5153405070304871,0.0,5.203030586242676
20,8,8,-2.2378485202789307,-2.2378485202789307,0.5279069542884827,0.0,5.405420780181885
20,8,9,-2.253493309020996,-2.253493309020996,0.5184491276741028,0.0,5.220536708831787
20,8,10,-2.2407355308532715,-2.2407355308532715,0.5201709270477295,0.0,5.060521125793457
20,8,11,-2.244582176208496,-2.244582176208496,0.530716061592102,0.0,5.322498321533203
20,8,12,-2.2377684116363525,-2.2377684116363525,0.5126588344573975,0.0,5.278379440307617
20,8,13,-2.22390079498291,-2.22390079498291,0.5196161866188049,0.0,5.185193061828613
20,8,14,-2.249173164367676,-2.249173164367676,0.524556577205658,0.0,5.342443943023682
20,8,15,-2.2494869232177734,-2.2494869232177734,0.5117506384849548,0.0,5.296482563018799
20,8,16,-2.25451922416687,-2.25451922416687,0.5194545388221741,0.0,5.169384956359863
20,8,17,-2.24392032623291,-2.24392032623291,0.5143042206764221,0.0,5.43688440322876
20,8,18,-2.216947078704834,-2.216947078704834,0.5189540386199951,0.0,5.370945930480957
20,8,19,-2.206730842590332,-2.206730842590332,0.5268065929412842,0.0,5.2574849128723145
20,9,0,-2.247246503829956,-2.247246503829956,0.4467366337776184,0.0,5.540835380554199
20,9,1,-2.2593634128570557,-2.2593634128570557,0.4560666084289551,0.0,5.534482955932617
20,9,2,-2.2670376300811768,-2.2670376300811768,0.45215433835983276,0.0,5.7198028564453125
20,9,3,-2.2608468532562256,-2.2608468532562256,0.44609493017196655,0.0,5.597541809082031
20,9,4,-2.2571945190429688,-2.2571945190429688,0.4505332410335541,0.0,5.605844497680664
20,9,5,-2.262683868408203,-2.262683868408203,0.4531433582305908,0.0,5.486081123352051
20,9,6,-2.2748496532440186,-2.2748496532440186,0.46443888545036316,0.0,5.417179584503174
20,9,7,-2.2662479877471924,-2.2662479877471924,0.44954559206962585,0.0,5.74493932723999
20,9,8,-2.2646167278289795,-2.2646167278289795,0.45362821221351624,0.0,5.685209274291992
20,9,9,-2.2609200477600098,-2.2609200477600098,0.44420957565307617,0.0,5.731431007385254
20,9,10,-2.266092538833618,-2.266092538833618,0.4553527235984802,0.0,5.659050464630127
20,9,11,-2.260012626647949,-2.260012626647949,0.4561704695224762,0.0,5.69691276550293
20,9,12,-2.2619519233703613,-2.2619519233703613,0.44785189628601074,0.0,5.341938018798828
20,9,13,-2.272460699081421,-2.272460699081421,0.45253559947013855,0.0,5.745796203613281
20,9,14,-2.266514539718628,-2.266514539718628,0.4499959349632263,0.0,5.755460739135742
20,9,15,-2.2585599422454834,-2.2585599422454834,0.4499291181564331,0.0,5.650688171386719
20,9,16,-2.2695534229278564,-2.2695534229278564,0.44981059432029724,0.0,5.776864051818848
20,9,17,-2.264158248901367,-2.264158248901367,0.44611436128616333,0.0,5.723475933074951
20,9,18,-2.2665717601776123,-2.2665717601776123,0.4514600932598114,0.0,5.559065818786621
20,9,19,-2.246267080307007,-2.246267080307007,0.44662410020828247,0.0,5.693840980529785
0,0,0,-2.2507057189941406,-2.2507057189941406,0.5207199454307556,0.0,4.096412181854248
0,0,1,-2.2442896366119385,-2.2442896366119385,0.5190320611000061,0.0,4.050693988800049
0,0,2,-2.2251999378204346,-2.2251999378204346,0.5214287042617798,0.0,4.091563701629639
0,0,3,-2.240048885345459,-2.240048885345459,0.5210759043693542,0.0,4.107008934020996
0,0,4,-2.2458128929138184,-2.2458128929138184,0.5201703906059265,0.0,4.086849689483643
0,0,5,-2.2393696308135986,-2.2393696308135986,0.5210258364677429,0.0,4.0716705322265625
0,0,6,-2.2443015575408936,-2.2443015575408936,0.5214690566062927,0.0,4.046802997589111
0,0,7,-2.241114377975464,-2.241114377975464,0.51999431848526,0.0,4.065164566040039
0,0,8,-2.2489659786224365,-2.2489659786224365,0.5201490521430969,0.0,4.044490814208984
0,0,9,-2.2479217052459717,-2.2479217052459717,0.5214229226112366,0.0,4.017758369445801
0,0,10,-2.2364723682403564,-2.2364723682403564,0.5206946730613708,0.0,4.063492774963379
0,0,11,-2.2438361644744873,-2.2438361644744873,0.5213223695755005,0.0,4.058157920837402
0,0,12,-2.2446987628936768,-2.2446987628936768,0.5200594663619995,0.0,4.034297466278076
0,0,13,-2.23716139793396,-2.23716139793396,0.5186700224876404,0.0,4.0672993659973145
0,0,14,-2.239760637283325,-2.239760637283325,0.5195947885513306,0.0,4.086050033569336
0,0,15,-2.247358560562134,-2.247358560562134,0.518288254737854,0.0,4.089829921722412
0,0,16,-2.2407760620117188,-2.2407760620117188,0.5215061902999878,0.0,4.0315775871276855
0,0,17,-2.2455313205718994,-2.2455313205718994,0.521939218044281,0.0,4.048744201660156
0,0,18,-2.2433481216430664,-2.2433481216430664,0.5203895568847656,0.0,4.022698879241943
0,0,19,-2.2243432998657227,-2.2243432998657227,0.5217465758323669,0.0,4.084030628204346
0,1,0,-2.255808115005493,-2.255808115005493,0.4553588628768921,0.0,6.715156555175781
0,1,1,-2.2500710487365723,-2.2500710487365723,0.4534943699836731,0.0,6.641357898712158
0,1,2,-2.26924204826355,-2.26924204826355,0.4561985433101654,0.0,6.7544965744018555
0,1,3,-2.2625608444213867,-2.2625608444213867,0.45391830801963806,0.0,6.75458288192749
0,1,4,-2.2663931846618652,-2.2663931846618652,0.4541510045528412,0.0,6.664785385131836
0,1,5,-2.256155014038086,-2.256155014038086,0.45753541588783264,0.0,6.607378005981445
0,1,6,-2.2677931785583496,-2.2677931785583496,0.45444345474243164,0.0,6.673391819000244
0,1,7,-2.247161865234375,-2.247161865234375,0.4585539400577545,0.0,6.665021896362305
0,1,8,-2.2497828006744385,-2.2497828006744385,0.4566887617111206,0.0,6.758055686950684
0,1,9,-2.254384994506836,-2.254384994506836,0.45386943221092224,0.0,6.725040435791016
0,1,10,-2.2605299949645996,-2.2605299949645996,0.45288124680519104,0.0,6.619106292724609
0,1,11,-2.2601592540740967,-2.2601592540740967,0.45450490713119507,0.0,6.710875511169434
0,1,12,-2.2481186389923096,-2.2481186389923096,0.4582175016403198,0.0,6.66822624206543
0,1,13,-2.258281946182251,-2.258281946182251,0.4550120234489441,0.0,6.685542583465576
0,1,14,-2.2590572834014893,-2.2590572834014893,0.4548824727535248,0.0,6.681501388549805
0,1,15,-2.2686898708343506,-2.2686898708343506,0.45558270812034607,0.0,6.668970108032227
0,1,16,-2.2520408630371094,-2.2520408630371094,0.4553285837173462,0.0,6.727771759033203
0,1,17,-2.2378947734832764,-2.2378947734832764,0.45716965198516846,0.0,6.60502815246582
0,1,18,-2.258070230484009,-2.258070230484009,0.4568060338497162,0.0,6.6552629470825195
0,1,19,-2.2546162605285645,-2.2546162605285645,0.4560917913913727,0.0,6.756936073303223
0,2,0,-2.251234769821167,-2.251234769821167,0.4983055889606476,0.0,6.091399192810059
0,2,1,-2.2504124641418457,-2.2504124641418457,0.4969917833805084,0.0,6.053979396820068
0,2,2,-2.244602680206299,-2.244602680206299,0.4983924627304077,0.0,6.086109161376953
0,2,3,-2.2477877140045166,-2.2477877140045166,0.49987974762916565,0.0,6.126306056976318
0,2,4,-2.2529685497283936,-2.2529685497283936,0.49901798367500305,0.0,6.105893135070801
0,2,5,-2.2482173442840576,-2.2482173442840576,0.49788397550582886,0.0,6.121104717254639
0,2,6,-2.2447545528411865,-2.2447545528411865,0.4978807866573334,0.0,6.17341423034668
0,2,7,-2.2425429821014404,-2.2425429821014404,0.49770838022232056,0.0,6.109010219573975
0,2,8,-2.2520618438720703,-2.2520618438720703,0.498485803604126,0.0,6.157837390899658
0,2,9,-2.2501792907714844,-2.2501792907714844,0.4994572401046753,0.0,6.156664848327637
0,2,10,-2.2431836128234863,-2.2431836128234863,0.49877870082855225,0.0,6.1001996994018555
0,2,11,-2.252234697341919,-2.252234697341919,0.4971812963485718,0.0,6.134673595428467
0,2,12,-2.2545583248138428,-2.2545583248138428,0.4982752799987793,0.0,6.128378391265869
0,2,13,-2.2524166107177734,-2.2524166107177734,0.4988276958465576,0.0,6.121466636657715
0,2,14,-2.25166916847229,-2.25166916847229,0.49898794293403625,0.0,6.137068748474121
0,2,15,-2.2483136653900146,-2.2483136653900146,0.4977656304836273,0.0,6.0893988609313965
0,2,16,-2.2455337047576904,-2.2455337047576904,0.49847522377967834,0.0,6.135909080505371
0,2,17,-2.2415969371795654,-2.2415969371795654,0.5001764893531799,0.0,6.110265731811523
0,2,18,-2.246028423309326,-2.246028423309326,0.4977855384349823,0.0,6.115727424621582
0,2,19,-2.2452640533447266,-2.2452640533447266,0.5004243850708008,0.0,6.113633632659912
0,3,0,-2.2775843143463135,-2.2775843143463135,0.5358884334564209,0.0,3.272991895675659
0,3,1,-2.2785871028900146,-2.2785871028900146,0.5333024263381958,0.0,3.3043112754821777
0,3,2,-2.2780230045318604,-2.2780230045318604,0.5342801809310913,0.0,3.336634635925293
0,3,3,-2.277989387512207,-2.277989387512207,0.5345038771629333,0.0,3.2119157314300537
0,3,4,-2.277289867401123,-2.277289867401123,0.5355972647666931,0.0,3.2828383445739746
0,3,5,-2.2794349193573,-2.2794349193573,0.5335409045219421,0.0,3.212724208831787
0,3,6,-2.2782351970672607,-2.2782351970672607,0.5354556441307068,0.0,3.299301862716675
0,3,7,-2.2771010398864746,-2.2771010398864746,0.5318727493286133,0.0,3.271484375
0,3,8,-2.278686761856079,-2.278686761856079,0.531291127204895,0.0,3.224909543991089
0,3,9,-2.27718448638916,-2.27718448638916,0.5339028835296631,0.0,3.28920316696167
0,3,10,-2.2780144214630127,-2.2780144214630127,0.5319154858589172,0.0,3.330289363861084
0,3,11,-2.2775700092315674,-2.2775700092315674,0.5350973606109619,0.0,3.2742748260498047
0,3,12,-2.2792601585388184,-2.2792601585388184,0.5333216190338135,0.0,3.3014039993286133
0,3,13,-2.278564929962158,-2.278564929962158,0.5340982675552368,0.0,3.353377342224121
0,3,14,-2.278597116470337,-2.278597116470337,0.5322849750518799,0.0,3.285855770111084
0,3,15,-2.279113531112671,-2.279113531112671,0.5345290303230286,0.0,3.3052072525024414
0,3,16,-2.2785942554473877,-2.2785942554473877,0.5332850813865662,0.0,3.265686511993408
0,3,17,-2.279961109161377,-2.279961109161377,0.5341408252716064,0.0,3.3024275302886963
0,3,18,-2.278184652328491,-2.278184652328491,0.5336553454399109,0.0,3.337705612182617
0,3,19,-2.278266429901123,-2.278266429901123,0.5353150367736816,0.0,3.3091773986816406
0,4,0,-2.2760705947875977,-2.2760705947875977,0.4371212124824524,0.0,4.46612548828125
0,4,1,-2.2788360118865967,-2.2788360118865967,0.4436246156692505,0.0,4.478196144104004
0,4,2,-2.278506278991699,-2.278506278991699,0.44616952538490295,0.0,4.469748020172119
0,4,3,-2.277167797088623,-2.277167797088623,0.4488866627216339,0.0,4.37443733215332
0,4,4,-2.277503490447998,-2.277503490447998,0.44254496693611145,0.0,4.41156530380249
0,4,5,-2.2766032218933105,-2.2766032218933105,0.43889734148979187,0.0,4.429557800292969
0,4,6,-2.2785212993621826,-2.2785212993621826,0.44462111592292786,0.0,4.460540771484375
0,4,7,-2.2768847942352295,-2.2768847942352295,0.4397883713245392,0.0,4.404531955718994
0,4,8,-2.276888370513916,-2.276888370513916,0.43955424427986145,0.0,4.481546401977539
0,4,9,-2.2786035537719727,-2.2786035537719727,0.4404197335243225,0.0,4.389174938201904
0,4,10,-2.2780861854553223,-2.2780861854553223,0.4440687596797943,0.0,4.403474807739258
0,4,11,-2.27841854095459,-2.27841854095459,0.4433170258998871,0.0,4.398388385772705
0,4,12,-2.2783596515655518,-2.2783596515655518,0.4363149106502533,0.0,4.599946975708008
0,4,13,-2.2785818576812744,-2.2785818576812744,0.4385066628456116,0.0,4.483498573303223
0,4,14,-2.277794361114502,-2.277794361114502,0.4408419132232666,0.0,4.47421407699585
0,4,15,-2.2786548137664795,-2.2786548137664795,0.4398607909679413,0.0,4.388456344604492
0,4,16,-2.2786335945129395,-2.2786335945129395,0.4425191879272461,0.0,4.388709545135498
0,4,17,-2.2781620025634766,-2.2781620025634766,0.4407293498516083,0.0,4.561907768249512
0,4,18,-2.2771353721618652,-2.2771353721618652,0.4400438964366913,0.0,4.479954242706299
0,4,19,-2.277055025100708,-2.277055025100708,0.44130802154541016,0.0,4.485561370849609
0,5,0,-2.2455837726593018,-2.2455837726593018,0.5682701468467712,0.0,5.963637351989746
0,5,1,-2.2507400512695312,-2.2507400512695312,0.5689535737037659,0.0,6.067532539367676
0,5,2,-2.2618446350097656,-2.2618446350097656,0.5689685940742493,0.0,5.917570114135742
0,5,3,-2.2616400718688965,-2.2616400718688965,0.5677770376205444,0.0,5.916585445404053
0,5,4,-2.2555577754974365,-2.2555577754974365,0.5683910846710205,0.0,5.912115097045898
0,5,5,-2.253197193145752,-2.253197193145752,0.5667345523834229,0.0,5.9723100662231445
0,5,6,-2.2567689418792725,-2.2567689418792725,0.5693984627723694,0.0,5.974264621734619
0,5,7,-2.2622005939483643,-2.2622005939483643,0.5682775378227234,0.0,6.122346878051758
0,5,8,-2.2530620098114014,-2.2530620098114014,0.5701621174812317,0.0,6.118064880371094
0,5,9,-2.2480568885803223,-2.2480568885803223,0.5675420761108398,0.0,5.819545269012451
0,5,10,-2.2646141052246094,-2.2646141052246094,0.5700340867042542,0.0,5.987257480621338
0,5,11,-2.255692481994629,-2.255692481994629,0.5678409934043884,0.0,6.187852382659912
0,5,12,-2.254610300064087,-2.254610300064087,0.5690132975578308,0.0,5.859529495239258
0,5,13,-2.2554738521575928,-2.2554738521575928,0.5681350827217102,0.0,6.123003959655762
0,5,14,-2.253114700317383,-2.253114700317383,0.5707642436027527,0.0,6.010851860046387
0,5,15,-2.2531943321228027,-2.2531943321228027,0.5698459148406982,0.0,5.816140174865723
0,5,16,-2.2567741870880127,-2.2567741870880127,0.5685059428215027,0.0,6.068154811859131
0,5,17,-2.2550389766693115,-2.2550389766693115,0.5694712996482849,0.0,6.0693039894104
0,5,18,-2.2580981254577637,-2.2580981254577637,0.5687825679779053,0.0,5.928995609283447
0,5,19,-2.254617214202881,-2.254617214202881,0.5673970580101013,0.0,6.252205848693848
0,6,0,-2.1963534355163574,-2.1963534355163574,0.4879220724105835,0.0,6.074374198913574
0,6,1,-2.2046432495117188,-2.2046432495117188,0.484287828207016,0.0,6.063027381896973
0,6,2,-2.139108419418335,-2.139108419418335,0.4845331311225891,0.0,6.028915882110596
0,6,3,-2.137810230255127,-2.137810230255127,0.48551759123802185,0.0,6.00240421295166
0,6,4,-2.1926441192626953,-2.1926441192626953,0.4831765592098236,0.0,6.095107078552246
0,6,5,-2.1939127445220947,-2.1939127445220947,0.48319023847579956,0.0,5.9931440353393555
0,6,6,-2.174513816833496,-2.174513816833496,0.4839468002319336,0.0,6.042438507080078
0,6,7,-2.1702418327331543,-2.1702418327331543,0.48485666513442993,0.0,6.0009660720825195
0,6,8,-2.182465076446533,-2.182465076446533,0.4838297367095947,0.0,6.02004861831665
0,6,9,-2.2105085849761963,-2.2105085849761963,0.483630508184433,0.0,6.008770942687988
0,6,10,-2.2090518474578857,-2.2090518474578857,0.4828515648841858,0.0,6.021604537963867
0,6,11,-2.1609456539154053,-2.1609456539154053,0.48664888739585876,0.0,6.065496444702148
0,6,12,-2.1833677291870117,-2.1833677291870117,0.48369258642196655,0.0,6.01927375793457
0,6,13,-2.1860923767089844,-2.1860923767089844,0.4825878143310547,0.0,6.020296096801758
0,6,14,-2.197831392288208,-2.197831392288208,0.4842284917831421,0.0,6.006553649902344
0,6,15,-2.202848434448242,-2.202848434448242,0.4884340167045593,0.0,6.03162956237793
0,6,16,-2.187185764312744,-2.187185764312744,0.48714613914489746,0.0,6.010859489440918
0,6,17,-2.1487300395965576,-2.1487300395965576,0.4854673743247986,0.0,6.026670932769775
0,6,18,-2.1743385791778564,-2.1743385791778564,0.4855416417121887,0.0,6.01923942565918
0,6,19,-2.1975817680358887,-2.1975817680358887,0.48772168159484863,0.0,6.009526252746582
0,7,0,-2.211576223373413,-2.211576223373413,0.42411741614341736,0.0,6.4978814125061035
0,7,1,-2.219330072402954,-2.219330072402954,0.4235387146472931,0.0,6.496734619140625
0,7,2,-2.2121644020080566,-2.2121644020080566,0.42405515909194946,0.0,6.535405158996582
0,7,3,-2.228280782699585,-2.228280782699585,0.42587119340896606,0.0,6.546084403991699
0,7,4,-2.2123665809631348,-2.2123665809631348,0.42507314682006836,0.0,6.564428329467773
0,7,5,-2.2159407138824463,-2.2159407138824463,0.42469796538352966,0.0,6.531044006347656
0,7,6,-2.2226648330688477,-2.2226648330688477,0.4226134419441223,0.0,6.432660102844238
0,7,7,-2.234926223754883,-2.234926223754883,0.42776790261268616,0.0,6.467422962188721
0,7,8,-2.205444097518921,-2.205444097518921,0.42235299944877625,0.0,6.438032627105713
0,7,9,-2.2336313724517822,-2.2336313724517822,0.4181504547595978,0.0,6.576227188110352
0,7,10,-2.2120704650878906,-2.2120704650878906,0.42304861545562744,0.0,6.557851314544678
0,7,11,-2.21476674079895,-2.21476674079895,0.4217292368412018,0.0,6.506440162658691
0,7,12,-2.2082135677337646,-2.2082135677337646,0.428242951631546,0.0,6.542959690093994
0,7,13,-2.218287706375122,-2.218287706375122,0.4230023920536041,0.0,6.524984359741211
0,7,14,-2.225503444671631,-2.225503444671631,0.4259064793586731,0.0,6.474612236022949
0,7,15,-2.2359871864318848,-2.2359871864318848,0.42041096091270447,0.0,6.5354180335998535
0,7,16,-2.2358429431915283,-2.2358429431915283,0.42427632212638855,0.0,6.510095596313477
0,7,17,-2.2080278396606445,-2.2080278396606445,0.42411282658576965,0.0,6.550054550170898
0,7,18,-2.2394049167633057,-2.2394049167633057,0.42432424426078796,0.0,6.444581508636475
0,7,19,-2.2269296646118164,-2.2269296646118164,0.4192744195461273,0.0,6.540104389190674
0,8,0,-2.2419259548187256,-2.2419259548187256,0.5262270569801331,0.0,5.269050598144531
0,8,1,-2.2179346084594727,-2.2179346084594727,0.524441659450531,0.0,5.291172027587891
0,8,2,-2.2365753650665283,-2.2365753650665283,0.5254533290863037,0.0,5.261965751647949
0,8,3,-2.2337024211883545,-2.2337024211883545,0.525999128818512,0.0,5.235662937164307
0,8,4,-2.236652374267578,-2.236652374267578,0.5251719951629639,0.0,5.284554481506348
0,8,5,-2.2397894859313965,-2.2397894859313965,0.5259677171707153,0.0,5.243801116943359
0,8,6,-2.2377803325653076,-2.2377803325653076,0.5243224501609802,0.0,5.280101299285889
0,8,7,-2.236337184906006,-2.236337184906006,0.5237117409706116,0.0,5.293127059936523
0,8,8,-2.2420942783355713,-2.2420942783355713,0.5253648161888123,0.0,5.277556419372559
0,8,9,-2.238304376602173,-2.238304376602173,0.5247130393981934,0.0,5.237666130065918
0,8,10,-2.2459800243377686,-2.2459800243377686,0.5232914686203003,0.0,5.2630181312561035
0,8,11,-2.256056785583496,-2.256056785583496,0.5239951014518738,0.0,5.243118762969971
0,8,12,-2.2373838424682617,-2.2373838424682617,0.524688720703125,0.0,5.250259876251221
0,8,13,-2.2383854389190674,-2.2383854389190674,0.5218783617019653,0.0,5.268754005432129
0,8,14,-2.2368004322052,-2.2368004322052,0.5244046449661255,0.0,5.295326232910156
0,8,15,-2.243523359298706,-2.243523359298706,0.5263967514038086,0.0,5.254651069641113
0,8,16,-2.2379250526428223,-2.2379250526428223,0.5244696736335754,0.0,5.243968963623047
0,8,17,-2.2384400367736816,-2.2384400367736816,0.523040235042572,0.0,5.299373626708984
0,8,18,-2.2469608783721924,-2.2469608783721924,0.52560955286026,0.0,5.223435401916504
0,8,19,-2.2404561042785645,-2.2404561042785645,0.523439347743988,0.0,5.254133224487305
0,9,0,-2.2665998935699463,-2.2665998935699463,0.4457207918167114,0.0,5.5569634437561035
0,9,1,-2.255887746810913,-2.255887746810913,0.4433586001396179,0.0,5.529788970947266
0,9,2,-2.260956287384033,-2.260956287384033,0.44632843136787415,0.0,5.601795196533203
0,9,3,-2.2650442123413086,-2.2650442123413086,0.44416195154190063,0.0,5.605266571044922
0,9,4,-2.2419705390930176,-2.2419705390930176,0.44727015495300293,0.0,5.740549087524414
0,9,5,-2.2519681453704834,-2.2519681453704834,0.44489267468452454,0.0,5.5173163414001465
0,9,6,-2.2704944610595703,-2.2704944610595703,0.44722527265548706,0.0,5.693815231323242
0,9,7,-2.2648355960845947,-2.2648355960845947,0.44662150740623474,0.0,5.604722499847412
0,9,8,-2.2635157108306885,-2.2635157108306885,0.4459313452243805,0.0,5.626087665557861
0,9,9,-2.268099069595337,-2.268099069595337,0.44716668128967285,0.0,5.629610538482666
0,9,10,-2.2641971111297607,-2.2641971111297607,0.4479407072067261,0.0,5.591704368591309
0,9,11,-2.263235092163086,-2.263235092163086,0.44516655802726746,0.0,5.6671247482299805
0,9,12,-2.2647194862365723,-2.2647194862365723,0.4453657269477844,0.0,5.598787307739258
0,9,13,-2.2620291709899902,-2.2620291709899902,0.44727230072021484,0.0,5.62686014175415
0,9,14,-2.2607884407043457,-2.2607884407043457,0.44426509737968445,0.0,5.551973819732666
0,9,15,-2.267754077911377,-2.267754077911377,0.4448164403438568,0.0,5.641301155090332
0,9,16,-2.270113229751587,-2.270113229751587,0.44648411870002747,0.0,5.6018290519714355
0,9,17,-2.266045093536377,-2.266045093536377,0.44562920928001404,0.0,5.614529132843018
0,9,18,-2.26151704788208,-2.26151704788208,0.4453568160533905,0.0,5.637166976928711
0,9,19,-2.2691071033477783,-2.2691071033477783,0.4458453059196472,0.0,5.582040309906006
