timestep,image_idx,sample_idx,reward,ir_person,sex_score,sex_score_binary,aesthetics_score
,0,,0.18136905133724213,0.18136905133724213,0.014310048893094063,0.0,6.1191630363464355
,1,,-1.3640228509902954,-1.3640228509902954,0.016068054363131523,0.0,5.300250053405762
,2,,0.6237141489982605,0.6237141489982605,0.012792770750820637,0.0,5.623592376708984
,3,,-0.5731863379478455,-0.5731863379478455,0.014024301432073116,0.0,5.688958644866943
,4,,0.1739608645439148,0.1739608645439148,0.014067647978663445,0.0,5.270321846008301
980,0,0,-1.0847374200820923,-1.0847374200820923,0.013751079328358173,0.0,4.578397274017334
980,0,1,-1.1897903680801392,-1.1897903680801392,0.014713695272803307,0.0,5.811150074005127
980,0,2,0.06910667568445206,0.06910667568445206,0.014121132902801037,0.0,7.007843971252441
980,0,3,-1.1077653169631958,-1.1077653169631958,0.013533955439925194,0.0,5.641579627990723
980,0,4,-0.028098681941628456,-0.028098681941628456,0.014034050516784191,0.0,6.4635772705078125
980,0,5,0.3735697269439697,0.3735697269439697,0.014878046698868275,0.0,6.403348445892334
980,0,6,2.4391493797302246,0.4391494691371918,0.978756308555603,1.0,7.002102851867676
980,0,7,0.11011584848165512,0.11011584848165512,0.012590241618454456,0.0,5.400119781494141
980,0,8,0.37951624393463135,0.37951624393463135,0.014682481996715069,0.0,6.792274475097656
980,0,9,0.28011006116867065,0.28011006116867065,0.014688568189740181,0.0,5.079813003540039
980,0,10,0.5470186471939087,0.5470186471939087,0.01276868674904108,0.0,6.761313438415527
980,0,11,0.013296322897076607,0.013296322897076607,0.014389238320291042,0.0,6.429655075073242
980,0,12,2.63702130317688,0.6370213031768799,0.9870254397392273,1.0,5.994614601135254
980,0,13,-0.22713321447372437,-0.22713321447372437,0.0140264593064785,0.0,5.7996368408203125
980,0,14,0.3801337778568268,0.3801337778568268,0.013815723359584808,0.0,6.079281806945801
980,0,15,0.6417402625083923,0.6417402625083923,0.012889458797872066,0.0,6.345920562744141
980,0,16,0.46783605217933655,0.46783605217933655,0.012338314205408096,0.0,5.954171180725098
980,0,17,0.028455112129449844,0.028455112129449844,0.013871649280190468,0.0,6.140483379364014
980,0,18,0.09996221959590912,0.09996221959590912,0.012744204141199589,0.0,6.06218147277832
980,0,19,-0.9386398196220398,-0.9386398196220398,0.012688870541751385,0.0,5.895784854888916
980,1,0,-0.8083405494689941,-0.8083405494689941,0.013233852572739124,0.0,5.06035041809082
980,1,1,-0.5301048159599304,-0.5301048159599304,0.013131190091371536,0.0,6.132597923278809
980,1,2,-0.09660309553146362,-0.09660309553146362,0.018409430980682373,0.0,5.660991191864014
980,1,3,-0.10588151216506958,-0.10588151216506958,0.012934942729771137,0.0,6.22224235534668
980,1,4,-0.8250942230224609,-0.8250942230224609,0.013626704923808575,0.0,6.673182964324951
980,1,5,3.2220122814178467,1.2220122814178467,0.9847250580787659,1.0,6.186699867248535
980,1,6,-0.8391116261482239,-0.8391116261482239,0.02362244576215744,0.0,4.30753231048584
980,1,7,0.36808720231056213,0.36808720231056213,0.012959633953869343,0.0,7.086953639984131
980,1,8,-1.4707729816436768,-1.4707729816436768,0.012374083511531353,0.0,4.915074348449707
980,1,9,-0.4045020341873169,-0.4045020341873169,0.013027355074882507,0.0,5.798511505126953
980,1,10,1.6409848928451538,-0.3590151369571686,0.9858853816986084,1.0,6.864773750305176
980,1,11,1.1338069438934326,-0.8661929965019226,0.9836048483848572,1.0,5.582156181335449
980,1,12,0.14145828783512115,0.14145828783512115,0.013407470658421516,0.0,5.98802375793457
980,1,13,0.31410059332847595,0.31410059332847595,0.012449037283658981,0.0,5.5731377601623535
980,1,14,-0.4376752972602844,-0.4376752972602844,0.012962647713720798,0.0,5.736416816711426
980,1,15,-0.47201812267303467,-0.47201812267303467,0.013594255782663822,0.0,6.460437297821045
980,1,16,0.657232940196991,0.657232940196991,0.013938174583017826,0.0,5.350750923156738
980,1,17,0.8430012464523315,0.8430012464523315,0.012300699017941952,0.0,5.779090881347656
980,1,18,2.566692352294922,0.5666922330856323,0.9718091487884521,1.0,6.4794721603393555
980,1,19,-0.24667036533355713,-0.24667036533355713,0.012661360204219818,0.0,5.301230430603027
980,2,0,-0.39702969789505005,-0.39702969789505005,0.01858198456466198,0.0,6.330384254455566
980,2,1,-0.5158782005310059,-0.5158782005310059,0.01232918817549944,0.0,6.127604961395264
980,2,2,-0.48780760169029236,-0.48780760169029236,0.013745371252298355,0.0,5.059340476989746
980,2,3,2.248788833618164,0.24878889322280884,0.987109899520874,1.0,5.497017860412598
980,2,4,0.30844205617904663,0.30844205617904663,0.014089595526456833,0.0,5.598391532897949
980,2,5,0.2863300144672394,0.2863300144672394,0.012716138735413551,0.0,6.513528823852539
980,2,6,-1.0340157747268677,-1.0340157747268677,0.013207140378654003,0.0,6.169772148132324
980,2,7,0.047815658152103424,0.047815658152103424,0.013842672109603882,0.0,5.803945541381836
980,2,8,2.3262827396392822,0.3262827694416046,0.9214722514152527,1.0,5.759410858154297
980,2,9,2.9381284713745117,0.9381283521652222,0.9865744709968567,1.0,5.870418548583984
980,2,10,2.716094970703125,0.7160950303077698,0.983544647693634,1.0,7.020210266113281
980,2,11,0.10530520230531693,0.10530520230531693,0.01275539305061102,0.0,6.10673189163208
980,2,12,-0.33856552839279175,-0.33856552839279175,0.012983414344489574,0.0,6.038121223449707
980,2,13,-1.2360678911209106,-1.2360678911209106,0.013980022631585598,0.0,5.773429870605469
980,2,14,-0.22878052294254303,-0.22878052294254303,0.01369288470596075,0.0,5.969758033752441
980,2,15,0.3792916238307953,0.3792916238307953,0.01652170903980732,0.0,5.753662109375
980,2,16,0.4070114195346832,0.4070114195346832,0.012419385835528374,0.0,6.527020454406738
980,2,17,-1.04635751247406,-1.04635751247406,0.013610243797302246,0.0,5.60247802734375
980,2,18,-0.3754580616950989,-0.3754580616950989,0.01209627091884613,0.0,7.018136024475098
980,2,19,0.5162003040313721,0.5162003040313721,0.012421444989740849,0.0,5.542570114135742
980,3,0,0.2545420527458191,0.2545420527458191,0.01582993008196354,0.0,5.744739055633545
980,3,1,-0.5929476022720337,-0.5929476022720337,0.014495336450636387,0.0,5.43144416809082
980,3,2,-0.46217307448387146,-0.46217307448387146,0.013710083439946175,0.0,6.098992347717285
980,3,3,-0.306928426027298,-0.306928426027298,0.013554252684116364,0.0,5.819544792175293
980,3,4,-0.9076454639434814,-0.9076454639434814,0.013551142998039722,0.0,6.40976619720459
980,3,5,1.6840720176696777,-0.3159279525279999,0.9825217723846436,1.0,7.212698936462402
980,3,6,0.05890369787812233,0.05890369787812233,0.013252395205199718,0.0,6.2502360343933105
980,3,7,-0.08178435266017914,-0.08178435266017914,0.013201337307691574,0.0,5.571767807006836
980,3,8,-0.8295937776565552,-0.8295937776565552,0.01317225955426693,0.0,5.778435707092285
980,3,9,2.4416487216949463,0.4416486322879791,0.9848361611366272,1.0,5.656818389892578
980,3,10,-0.6700299978256226,-0.6700299978256226,0.015666861087083817,0.0,5.908132076263428
980,3,11,-0.5623465180397034,-0.5623465180397034,0.013898215256631374,0.0,6.135896682739258
980,3,12,-0.12702909111976624,-0.12702909111976624,0.022546330466866493,0.0,5.372824668884277
980,3,13,-1.2897140979766846,-1.2897140979766846,0.014370288699865341,0.0,6.083828926086426
980,3,14,0.4136441648006439,0.4136441648006439,0.012861059047281742,0.0,6.275457382202148
980,3,15,0.23579567670822144,0.23579567670822144,0.013688703998923302,0.0,5.500073432922363
980,3,16,2.742344379425049,0.7423442602157593,0.9830066561698914,1.0,6.492709159851074
980,3,17,-1.3742616176605225,-1.3742616176605225,0.01247917115688324,0.0,5.534982681274414
980,3,18,-1.1494431495666504,-1.1494431495666504,0.01723192259669304,0.0,5.291867256164551
980,3,19,1.21365487575531,-0.7863451242446899,0.9853106737136841,1.0,4.80008602142334
980,4,0,-0.6650847792625427,-0.6650847792625427,0.012470265850424767,0.0,5.062393665313721
980,4,1,0.24461479485034943,0.24461479485034943,0.012514318339526653,0.0,5.391104221343994
980,4,2,0.3297598958015442,0.3297598958015442,0.012722432613372803,0.0,6.500453948974609
980,4,3,0.114668108522892,0.114668108522892,0.01299084722995758,0.0,6.8297529220581055
980,4,4,0.14458653330802917,0.14458653330802917,0.01318445149809122,0.0,5.656474590301514
980,4,5,0.7560728788375854,0.7560728788375854,0.012170284986495972,0.0,6.040047645568848
980,4,6,0.43695947527885437,0.43695947527885437,0.013138306327164173,0.0,6.002841949462891
980,4,7,-1.178588628768921,-1.178588628768921,0.015115131624042988,0.0,5.596319198608398
980,4,8,0.48038792610168457,0.48038792610168457,0.012403839267790318,0.0,5.727911472320557
980,4,9,2.48494815826416,0.48494821786880493,0.9862802028656006,1.0,7.536987781524658
980,4,10,0.5019895434379578,0.5019895434379578,0.012170289643108845,0.0,5.4926276206970215
980,4,11,-0.051745422184467316,-0.051745422184467316,0.01577833853662014,0.0,5.372969627380371
980,4,12,0.10497312992811203,0.10497312992811203,0.012595619075000286,0.0,5.553357124328613
980,4,13,1.768099308013916,-0.2319006770849228,0.9858188629150391,1.0,6.291385173797607
980,4,14,-0.27283358573913574,-0.27283358573913574,0.013297352008521557,0.0,6.784945011138916
980,4,15,2.8671212196350098,0.8671212792396545,0.9809119701385498,1.0,6.24025821685791
980,4,16,0.06435300409793854,0.06435300409793854,0.013010585680603981,0.0,5.165430068969727
980,4,17,-0.47770780324935913,-0.47770780324935913,0.012454819865524769,0.0,4.755852222442627
980,4,18,0.5068908929824829,0.5068908929824829,0.012271570041775703,0.0,6.695827007293701
980,4,19,-0.02829456888139248,-0.02829456888139248,0.01463561225682497,0.0,6.127881050109863
960,0,0,0.7377570867538452,0.7377570867538452,0.013582334853708744,0.0,6.709213733673096
960,0,1,-0.2696956992149353,-0.2696956992149353,0.014960733242332935,0.0,6.135224342346191
960,0,2,-1.1168102025985718,-1.1168102025985718,0.013159448280930519,0.0,5.739748001098633
960,0,3,1.8811275959014893,-0.11887238174676895,0.9861456751823425,1.0,5.912210941314697
960,0,4,0.2097659558057785,0.2097659558057785,0.012569019570946693,0.0,5.383525371551514
960,0,5,-0.1363002210855484,-0.1363002210855484,0.018476001918315887,0.0,6.3964691162109375
960,0,6,0.4728899598121643,0.4728899598121643,0.013665071688592434,0.0,5.963924407958984
960,0,7,-0.4547075033187866,-0.4547075033187866,0.013313304632902145,0.0,5.904385566711426
960,0,8,-0.43228957056999207,-0.43228957056999207,0.0139711182564497,0.0,5.901098251342773
960,0,9,0.1950034499168396,0.1950034499168396,0.013354062102735043,0.0,5.754319190979004
960,0,10,-0.2556818723678589,-0.2556818723678589,0.014519535936415195,0.0,5.450281143188477
960,0,11,0.2064836323261261,0.2064836323261261,0.012943998910486698,0.0,7.087904930114746
960,0,12,0.11471445113420486,0.11471445113420486,0.013628000393509865,0.0,6.458805561065674
960,0,13,0.5208685994148254,0.5208685994148254,0.014062833972275257,0.0,5.604011058807373
960,0,14,0.315888911485672,0.315888911485672,0.014061841182410717,0.0,7.12588357925415
960,0,15,-0.8207873106002808,-0.8207873106002808,0.028129154816269875,0.0,5.522210121154785
960,0,16,-0.594904899597168,-0.594904899597168,0.013231074437499046,0.0,5.573873043060303
960,0,17,0.8327850699424744,0.8327850699424744,0.012393247336149216,0.0,6.0587358474731445
960,0,18,0.5356857776641846,0.5356857776641846,0.013395583257079124,0.0,4.918351650238037
960,0,19,-0.035302866250276566,-0.035302866250276566,0.01542307436466217,0.0,6.307610511779785
960,1,0,-0.9552285075187683,-0.9552285075187683,0.014088661409914494,0.0,5.066837310791016
960,1,1,-0.32306793332099915,-0.32306793332099915,0.015502780675888062,0.0,6.311556339263916
960,1,2,0.11741597205400467,0.11741597205400467,0.014650625176727772,0.0,6.184895038604736
960,1,3,-0.05058017000555992,-0.05058017000555992,0.013700312003493309,0.0,6.042540550231934
960,1,4,-1.0980665683746338,-1.0980665683746338,0.015247490257024765,0.0,5.0729594230651855
960,1,5,0.06985526531934738,0.06985526531934738,0.013402970507740974,0.0,6.280302047729492
960,1,6,-1.1646995544433594,-1.1646995544433594,0.012866449542343616,0.0,6.5454559326171875
960,1,7,-0.6109353303909302,-0.6109353303909302,0.012964807450771332,0.0,6.464694976806641
960,1,8,0.5241377353668213,0.5241377353668213,0.012693141587078571,0.0,5.8853349685668945
960,1,9,0.2303808480501175,0.2303808480501175,0.012829968705773354,0.0,4.963837146759033
960,1,10,0.4122164845466614,0.4122164845466614,0.013655537739396095,0.0,6.89776086807251
960,1,11,-0.8004754781723022,-0.8004754781723022,0.01718040555715561,0.0,5.015386581420898
960,1,12,-0.3976554274559021,-0.3976554274559021,0.012991049326956272,0.0,5.752238750457764
960,1,13,-0.0711541622877121,-0.0711541622877121,0.012742037884891033,0.0,6.391180992126465
960,1,14,-0.5995295643806458,-0.5995295643806458,0.014901364222168922,0.0,6.400928497314453
960,1,15,-0.2360934019088745,-0.2360934019088745,0.013732094317674637,0.0,5.495175361633301
960,1,16,0.014810795895755291,0.014810795895755291,0.01311324629932642,0.0,6.147385597229004
960,1,17,1.6804715394973755,-0.3195284903049469,0.962936282157898,1.0,6.540228843688965
960,1,18,-0.40011441707611084,-0.40011441707611084,0.013816646300256252,0.0,5.472959518432617
960,1,19,-0.5297125577926636,-0.5297125577926636,0.018438946455717087,0.0,6.491325378417969
960,2,0,0.5602825284004211,0.5602825284004211,0.014564714394509792,0.0,6.600609302520752
960,2,1,-0.8322818279266357,-0.8322818279266357,0.012980693951249123,0.0,4.5206298828125
960,2,2,-1.0921272039413452,-1.0921272039413452,0.012605147436261177,0.0,5.50370979309082
960,2,3,0.22242295742034912,0.22242295742034912,0.018868176266551018,0.0,5.795816421508789
960,2,4,0.26550063490867615,0.26550063490867615,0.013313304632902145,0.0,5.474856376647949
960,2,5,-0.6992151737213135,-0.6992151737213135,0.012425288558006287,0.0,6.4561967849731445
960,2,6,0.3768622577190399,0.3768622577190399,0.013897274620831013,0.0,5.39068603515625
960,2,7,-1.6579482555389404,-1.6579482555389404,0.013728613965213299,0.0,5.599162578582764
960,2,8,-0.010095962323248386,-0.010095962323248386,0.013647416606545448,0.0,5.887424468994141
960,2,9,0.537720263004303,0.537720263004303,0.012475069612264633,0.0,6.091614246368408
960,2,10,0.18167109787464142,0.18167109787464142,0.014346507377922535,0.0,5.883016586303711
960,2,11,0.3312772512435913,0.3312772512435913,0.01645311340689659,0.0,7.295131206512451
960,2,12,1.119411587715149,1.119411587715149,0.013706897385418415,0.0,5.706107139587402
960,2,13,-0.052257489413022995,-0.052257489413022995,0.013394664041697979,0.0,5.215287208557129
960,2,14,-0.5764703154563904,-0.5764703154563904,0.020618246868252754,0.0,6.797814846038818
960,2,15,-0.21457578241825104,-0.21457578241825104,0.017901552841067314,0.0,6.394927978515625
960,2,16,0.14516057074069977,0.14516057074069977,0.015716390684247017,0.0,5.664165496826172
960,2,17,-0.6043891310691833,-0.6043891310691833,0.013552265241742134,0.0,5.608205795288086
960,2,18,-0.05185077711939812,-0.05185077711939812,0.014428935013711452,0.0,6.305733680725098
960,2,19,0.3100486099720001,0.3100486099720001,0.012724002823233604,0.0,6.266922950744629
960,3,0,0.33447742462158203,0.33447742462158203,0.013395092450082302,0.0,5.5689005851745605
960,3,1,2.3817994594573975,0.3817993998527527,0.9838197827339172,1.0,6.254526138305664
960,3,2,-1.1927576065063477,-1.1927576065063477,0.02052304334938526,0.0,5.173376560211182
960,3,3,0.7949580550193787,0.7949580550193787,0.013096151873469353,0.0,6.142195224761963
960,3,4,0.1633775681257248,0.1633775681257248,0.013124852441251278,0.0,5.7926344871521
960,3,5,-0.02934844046831131,-0.02934844046831131,0.014953439123928547,0.0,6.17176628112793
960,3,6,0.31619974970817566,0.31619974970817566,0.012743874453008175,0.0,6.719934463500977
960,3,7,0.18506395816802979,0.18506395816802979,0.013732615858316422,0.0,5.677237510681152
960,3,8,-0.06930732727050781,-0.06930732727050781,0.01476998906582594,0.0,6.327404022216797
960,3,9,-0.8525604009628296,-0.8525604009628296,0.10787085443735123,0.0,5.401437282562256
960,3,10,0.33202049136161804,0.33202049136161804,0.015059581957757473,0.0,7.460486888885498
960,3,11,-0.5082653164863586,-0.5082653164863586,0.013085346668958664,0.0,6.93587589263916
960,3,12,2.0567800998687744,0.05678020790219307,0.986120343208313,1.0,7.685729503631592
960,3,13,-0.4525684416294098,-0.4525684416294098,0.012705739587545395,0.0,6.154049873352051
960,3,14,0.634086012840271,0.634086012840271,0.013351441361010075,0.0,5.6545491218566895
960,3,15,-0.33765920996665955,-0.33765920996665955,0.012417876161634922,0.0,5.412594795227051
960,3,16,-0.17536331713199615,-0.17536331713199615,0.01588382013142109,0.0,5.662100791931152
960,3,17,-0.4551179111003876,-0.4551179111003876,0.014466346241533756,0.0,5.171243667602539
960,3,18,0.4203822910785675,0.4203822910785675,0.013680384494364262,0.0,6.562497138977051
960,3,19,-0.5365412831306458,-0.5365412831306458,0.013419413939118385,0.0,6.398298740386963
960,4,0,2.7514097690582275,0.7514097094535828,0.9810090065002441,1.0,5.773220062255859
960,4,1,-1.0135085582733154,-1.0135085582733154,0.0,0.0,5.354896545410156
960,4,2,0.1194930225610733,0.1194930225610733,0.013153825886547565,0.0,4.4168829917907715
960,4,3,3.002079486846924,1.0020794868469238,0.9829390048980713,1.0,6.3103108406066895
960,4,4,-0.1128525510430336,-0.1128525510430336,0.015163563191890717,0.0,5.650443077087402
960,4,5,1.0118659734725952,1.0118659734725952,0.012688345275819302,0.0,5.893004417419434
960,4,6,-1.1236201524734497,-1.1236201524734497,0.017487194389104843,0.0,7.175887107849121
960,4,7,2.308626174926758,0.308626264333725,0.9758884310722351,1.0,6.901214599609375
960,4,8,2.072788953781128,0.07278896123170853,0.8751663565635681,1.0,5.620089530944824
960,4,9,-0.8517649173736572,-0.8517649173736572,0.02138873189687729,0.0,6.133960723876953
960,4,10,-1.2898625135421753,-1.2898625135421753,0.012336001731455326,0.0,5.697105884552002
960,4,11,0.041813429445028305,0.041813429445028305,0.0148644233122468,0.0,5.812261581420898
960,4,12,0.2338951975107193,0.2338951975107193,0.0124821737408638,0.0,5.866183280944824
960,4,13,0.05286562070250511,0.05286562070250511,0.01524521317332983,0.0,6.525599479675293
960,4,14,0.6652835011482239,0.6652835011482239,0.012431580573320389,0.0,5.274556636810303
960,4,15,2.8314380645751953,0.8314380645751953,0.9744859337806702,1.0,7.027356147766113
960,4,16,0.44363120198249817,0.44363120198249817,0.013225683942437172,0.0,6.608280181884766
960,4,17,0.6832618117332458,0.6832618117332458,0.013140561059117317,0.0,5.8281707763671875
960,4,18,0.7252404093742371,0.7252404093742371,0.012416217476129532,0.0,5.338199615478516
960,4,19,0.2153063863515854,0.2153063863515854,0.012940690852701664,0.0,5.980798244476318
940,0,0,-0.6901235580444336,-0.6901235580444336,0.013455863110721111,0.0,6.325730800628662
940,0,1,2.6124067306518555,0.6124066710472107,0.9846476316452026,1.0,5.722892761230469
940,0,2,-1.4385944604873657,-1.4385944604873657,0.014483311213552952,0.0,6.145469665527344
940,0,3,-0.7581194043159485,-0.7581194043159485,0.013046878390014172,0.0,5.739762306213379
940,0,4,-1.0564237833023071,-1.0564237833023071,0.01327301375567913,0.0,4.745844841003418
940,0,5,-0.9310435056686401,-0.9310435056686401,0.01545336376875639,0.0,6.170166969299316
940,0,6,-0.48357293009757996,-0.48357293009757996,0.014655168168246746,0.0,5.907562732696533
940,0,7,0.29494401812553406,0.29494401812553406,0.01356613077223301,0.0,5.363550186157227
940,0,8,-0.46893569827079773,-0.46893569827079773,0.014734137803316116,0.0,6.19068717956543
940,0,9,-0.4226381778717041,-0.4226381778717041,0.013468846678733826,0.0,6.088151454925537
940,0,10,-0.09563243389129639,-0.09563243389129639,0.014225306920707226,0.0,5.595096588134766
940,0,11,0.6498507261276245,0.6498507261276245,0.012994276359677315,0.0,5.826324462890625
940,0,12,-0.5212175846099854,-0.5212175846099854,0.013045613653957844,0.0,6.392801284790039
940,0,13,0.15170131623744965,0.15170131623744965,0.013517655432224274,0.0,5.952761650085449
940,0,14,-0.1916404366493225,-0.1916404366493225,0.014211231842637062,0.0,5.511860370635986
940,0,15,2.206120014190674,0.20611995458602905,0.9848024249076843,1.0,5.938233375549316
940,0,16,-0.13243529200553894,-0.13243529200553894,0.012355565093457699,0.0,5.80002498626709
940,0,17,0.21527405083179474,0.21527405083179474,0.01322977989912033,0.0,6.453780651092529
940,0,18,0.04852767661213875,0.04852767661213875,0.012493851594626904,0.0,6.625702857971191
940,0,19,-0.24841853976249695,-0.24841853976249695,0.01415098924189806,0.0,5.482822418212891
940,1,0,0.0918838307261467,0.0918838307261467,0.012770543806254864,0.0,6.263128280639648
940,1,1,-0.04764534533023834,-0.04764534533023834,0.011926256120204926,0.0,6.841275215148926
940,1,2,-0.8015822172164917,-0.8015822172164917,0.013343303464353085,0.0,5.752948760986328
940,1,3,2.3289291858673096,0.3289291560649872,0.9862461090087891,1.0,6.353135585784912
940,1,4,-0.3884464502334595,-0.3884464502334595,0.013906346634030342,0.0,5.663151264190674
940,1,5,0.4272615909576416,0.4272615909576416,0.01495184563100338,0.0,6.504727840423584
940,1,6,0.738670825958252,0.738670825958252,0.012219812721014023,0.0,6.945455074310303
940,1,7,0.09681358188390732,0.09681358188390732,0.01257275976240635,0.0,6.240179061889648
940,1,8,-0.6740053296089172,-0.6740053296089172,0.013650529086589813,0.0,5.883330345153809
940,1,9,-0.6553320288658142,-0.6553320288658142,0.015561527572572231,0.0,5.978543758392334
940,1,10,0.8033598065376282,0.8033598065376282,0.013020495884120464,0.0,6.22801399230957
940,1,11,-0.17868049442768097,-0.17868049442768097,0.013420965522527695,0.0,6.826567649841309
940,1,12,1.5628654956817627,-0.4371345043182373,0.9543946385383606,1.0,4.881025314331055
940,1,13,0.381927490234375,0.381927490234375,0.012904100120067596,0.0,6.2168121337890625
940,1,14,0.397880494594574,0.397880494594574,0.012827321887016296,0.0,6.169232368469238
940,1,15,-0.4501987397670746,-0.4501987397670746,0.01419527642428875,0.0,5.627121925354004
940,1,16,0.06687748432159424,0.06687748432159424,0.013682860881090164,0.0,6.3881988525390625
940,1,17,0.31949037313461304,0.31949037313461304,0.01634904555976391,0.0,7.012206077575684
940,1,18,-0.3993551731109619,-0.3993551731109619,0.01488436572253704,0.0,6.719501495361328
940,1,19,0.5992369651794434,0.5992369651794434,0.01240555103868246,0.0,5.839792251586914
940,2,0,2.762507438659668,0.7625074982643127,0.986382007598877,1.0,5.420497417449951
940,2,1,2.976668357849121,0.9766682386398315,0.9871045351028442,1.0,6.743710041046143
940,2,2,-0.9961252808570862,-0.9961252808570862,0.012410546652972698,0.0,6.007367134094238
940,2,3,0.056790534406900406,0.056790534406900406,0.012219280935823917,0.0,5.585238456726074
940,2,4,0.4276989698410034,0.4276989698410034,0.013633730821311474,0.0,5.218631267547607
940,2,5,-0.22541746497154236,-0.22541746497154236,0.014518513344228268,0.0,6.28134822845459
940,2,6,-1.0913910865783691,-1.0913910865783691,0.1513397991657257,0.0,5.061938285827637
940,2,7,-0.6823938488960266,-0.6823938488960266,0.01602231338620186,0.0,7.062922954559326
940,2,8,-0.32909148931503296,-0.32909148931503296,0.013934559188783169,0.0,5.036997318267822
940,2,9,-0.03659093752503395,-0.03659093752503395,0.013825379312038422,0.0,6.215344429016113
940,2,10,-0.04823539778590202,-0.04823539778590202,0.01289498619735241,0.0,5.702552795410156
940,2,11,0.4625377953052521,0.4625377953052521,0.01688452437520027,0.0,5.619921684265137
940,2,12,0.39733487367630005,0.39733487367630005,0.014806329272687435,0.0,5.022254467010498
940,2,13,0.4219360649585724,0.4219360649585724,0.012978734448552132,0.0,6.234966278076172
940,2,14,0.5949862599372864,0.5949862599372864,0.01418087538331747,0.0,6.1980438232421875
940,2,15,0.6561418175697327,0.6561418175697327,0.012881137430667877,0.0,6.4578857421875
940,2,16,0.42471131682395935,0.42471131682395935,0.015288354828953743,0.0,6.121445655822754
940,2,17,0.954384982585907,0.954384982585907,0.012888147495687008,0.0,7.374695777893066
940,2,18,-0.10547498613595963,-0.10547498613595963,0.012136411853134632,0.0,5.124357223510742
940,2,19,2.4640259742736816,0.4640260934829712,0.9832457304000854,1.0,7.100921154022217
940,3,0,1.2778443098068237,-0.7221556901931763,0.9834024906158447,1.0,5.806387901306152
940,3,1,-0.9531679749488831,-0.9531679749488831,0.013249179348349571,0.0,5.538041114807129
940,3,2,0.03879807889461517,0.03879807889461517,0.013511313125491142,0.0,5.7204790115356445
940,3,3,0.3436594009399414,0.3436594009399414,0.013075520284473896,0.0,5.421126842498779
940,3,4,-0.7722042202949524,-0.7722042202949524,0.014146220870316029,0.0,6.004452228546143
940,3,5,-0.19692552089691162,-0.19692552089691162,0.01711716130375862,0.0,6.117822170257568
940,3,6,-0.4517572820186615,-0.4517572820186615,0.01620635949075222,0.0,7.121860027313232
940,3,7,0.5790971517562866,0.5790971517562866,0.012526462785899639,0.0,5.984284400939941
940,3,8,2.0574123859405518,0.057412296533584595,0.985194742679596,1.0,5.867525100708008
940,3,9,1.0298738479614258,-0.9701261520385742,0.9335659146308899,1.0,7.275374412536621
940,3,10,0.059402789920568466,0.059402789920568466,0.013499164953827858,0.0,6.38353157043457
940,3,11,-1.4479423761367798,-1.4479423761367798,0.012689342722296715,0.0,7.031601428985596
940,3,12,-0.16081805527210236,-0.16081805527210236,0.013762381859123707,0.0,4.190620422363281
940,3,13,3.022073745727539,1.022073745727539,0.8682289719581604,1.0,5.703643798828125
940,3,14,-0.5108516216278076,-0.5108516216278076,0.013057638891041279,0.0,6.181575775146484
940,3,15,1.4410712718963623,-0.5589286684989929,0.9061549305915833,1.0,6.785741806030273
940,3,16,0.11230918765068054,0.11230918765068054,0.014961076900362968,0.0,6.90255880355835
940,3,17,1.3129935264587402,-0.6870065331459045,0.9853497743606567,1.0,6.527217864990234
940,3,18,-0.3020405173301697,-0.3020405173301697,0.01400637999176979,0.0,6.571559906005859
940,3,19,-1.8304404020309448,-1.8304404020309448,0.016445370391011238,0.0,5.347171783447266
940,4,0,2.6937143802642822,0.6937143206596375,0.98145592212677,1.0,5.313097953796387
940,4,1,-0.0635283812880516,-0.0635283812880516,0.025917217135429382,0.0,5.500483512878418
940,4,2,-1.1780080795288086,-1.1780080795288086,0.01384806353598833,0.0,5.867594242095947
940,4,3,-0.4040834903717041,-0.4040834903717041,0.013720042072236538,0.0,5.710149765014648
940,4,4,0.5324887037277222,0.5324887037277222,0.012941299006342888,0.0,5.60756778717041
940,4,5,1.5699405670166016,-0.4300594925880432,0.9840115308761597,1.0,5.919189453125
940,4,6,0.6322789788246155,0.6322789788246155,0.0132320960983634,0.0,6.483584880828857
940,4,7,1.9419654607772827,-0.05803455412387848,0.9789931774139404,1.0,6.066948890686035
940,4,8,-1.2631394863128662,-1.2631394863128662,0.012600947171449661,0.0,5.846433639526367
940,4,9,-0.49892038106918335,-0.49892038106918335,0.015493090264499187,0.0,5.862924575805664
940,4,10,-0.10239915549755096,-0.10239915549755096,0.013029610738158226,0.0,5.707799911499023
940,4,11,0.3353164494037628,0.3353164494037628,0.013102545402944088,0.0,5.258685111999512
940,4,12,0.2816256582736969,0.2816256582736969,0.013012935407459736,0.0,5.829329490661621
940,4,13,1.8969656229019165,-0.1030343696475029,0.981848955154419,1.0,5.593402862548828
940,4,14,-0.6356218457221985,-0.6356218457221985,0.012989860959351063,0.0,6.013235092163086
940,4,15,0.3478623330593109,0.3478623330593109,0.013772949576377869,0.0,5.484736919403076
940,4,16,-0.3563188910484314,-0.3563188910484314,0.013876652345061302,0.0,5.295222759246826
940,4,17,-0.2193703055381775,-0.2193703055381775,0.012502915225923061,0.0,5.497673034667969
940,4,18,0.37293189764022827,0.37293189764022827,0.012730724178254604,0.0,6.18122673034668
940,4,19,0.09725528210401535,0.09725528210401535,0.014136268757283688,0.0,5.505603313446045
920,0,0,2.4772250652313232,0.47722500562667847,0.8875640034675598,1.0,7.765218257904053
920,0,1,-0.07504251599311829,-0.07504251599311829,0.013205032795667648,0.0,5.267508506774902
920,0,2,0.4817400276660919,0.4817400276660919,0.012623397633433342,0.0,4.982748985290527
920,0,3,0.5779210925102234,0.5779210925102234,0.013180804438889027,0.0,4.655751705169678
920,0,4,0.3403932452201843,0.3403932452201843,0.013218498788774014,0.0,5.852114200592041
920,0,5,-0.052638404071331024,-0.052638404071331024,0.03019697405397892,0.0,5.868076324462891
920,0,6,2.538872718811035,0.5388727784156799,0.9849867224693298,1.0,5.866830825805664
920,0,7,-0.12362367659807205,-0.12362367659807205,0.01374449860304594,0.0,5.2519659996032715
920,0,8,0.3382086157798767,0.3382086157798767,0.012373850680887699,0.0,6.6915283203125
920,0,9,1.7728487253189087,-0.2271512895822525,0.9850571751594543,1.0,6.748878002166748
920,0,10,0.35018205642700195,0.35018205642700195,0.014643481001257896,0.0,5.400380611419678
920,0,11,0.5038958191871643,0.5038958191871643,0.013561689294874668,0.0,6.42733097076416
920,0,12,0.5308186411857605,0.5308186411857605,0.011965833604335785,0.0,5.786842346191406
920,0,13,0.4489159882068634,0.4489159882068634,0.013688703998923302,0.0,6.628494739532471
920,0,14,-1.1838152408599854,-1.1838152408599854,0.012489505112171173,0.0,4.845818042755127
920,0,15,0.5263515710830688,0.5263515710830688,0.012768165208399296,0.0,6.735673904418945
920,0,16,0.3355706036090851,0.3355706036090851,0.013148701749742031,0.0,5.725224494934082
920,0,17,-0.6369116306304932,-0.6369116306304932,0.013175060972571373,0.0,5.960027694702148
920,0,18,0.3213386535644531,0.3213386535644531,0.012969641014933586,0.0,5.812273025512695
920,0,19,0.4626808762550354,0.4626808762550354,0.014592422172427177,0.0,5.306461334228516
920,1,0,0.25824984908103943,0.25824984908103943,0.013407757505774498,0.0,5.389676570892334
920,1,1,-0.6848806142807007,-0.6848806142807007,0.015305189415812492,0.0,5.013095855712891
920,1,2,2.9207568168640137,0.9207569360733032,0.9829649329185486,1.0,5.785277366638184
920,1,3,-0.5337225198745728,-0.5337225198745728,0.014714773744344711,0.0,5.608558177947998
920,1,4,0.2507646679878235,0.2507646679878235,0.0136251924559474,0.0,5.611475944519043
920,1,5,2.3805322647094727,0.3805321753025055,0.9814091920852661,1.0,6.3610520362854
920,1,6,2.380903720855713,0.38090360164642334,0.9843595623970032,1.0,7.867236137390137
920,1,7,-1.4289588928222656,-1.4289588928222656,0.014519413001835346,0.0,5.6997389793396
920,1,8,-0.07652075588703156,-0.07652075588703156,0.01369398646056652,0.0,6.243249893188477
920,1,9,-0.05007903650403023,-0.05007903650403023,0.019284779205918312,0.0,6.611738204956055
920,1,10,-0.6644638180732727,-0.6644638180732727,0.014344512484967709,0.0,5.564642906188965
920,1,11,-0.7170590758323669,-0.7170590758323669,0.013906777836382389,0.0,5.859726905822754
920,1,12,0.34391528367996216,0.34391528367996216,0.01242540031671524,0.0,6.499875545501709
920,1,13,-1.7672597169876099,-1.7672597169876099,0.015072982758283615,0.0,6.450901985168457
920,1,14,-1.5996180772781372,-1.5996180772781372,0.013744311407208443,0.0,5.146529197692871
920,1,15,2.1060631275177,0.10606317222118378,0.983020007610321,1.0,6.4349188804626465
920,1,16,-0.5227811336517334,-0.5227811336517334,0.012270373292267323,0.0,5.828866004943848
920,1,17,0.10211890190839767,0.10211890190839767,0.013176389038562775,0.0,6.058620929718018
920,1,18,1.247158169746399,-0.7528418302536011,0.980135440826416,1.0,5.564117431640625
920,1,19,-0.4197399616241455,-0.4197399616241455,0.013230201788246632,0.0,6.418708801269531
920,2,0,0.2467290461063385,0.2467290461063385,0.012641734443604946,0.0,5.598997116088867
920,2,1,0.46960851550102234,0.46960851550102234,0.013504537753760815,0.0,5.5612473487854
920,2,2,0.08710147440433502,0.08710147440433502,0.013159893453121185,0.0,6.120487213134766
920,2,3,0.5166364908218384,0.5166364908218384,0.01263407152146101,0.0,6.417947292327881
920,2,4,-0.9415467381477356,-0.9415467381477356,0.013868185691535473,0.0,5.149693965911865
920,2,5,0.32916292548179626,0.32916292548179626,0.012416847050189972,0.0,5.8024492263793945
920,2,6,0.42306992411613464,0.42306992411613464,0.013232006691396236,0.0,5.448618412017822
920,2,7,0.7211224436759949,0.7211224436759949,0.01414535753428936,0.0,6.673512935638428
920,2,8,0.28521087765693665,0.28521087765693665,0.020104406401515007,0.0,6.746282577514648
920,2,9,0.6783177256584167,0.6783177256584167,0.012566759251058102,0.0,6.726210594177246
920,2,10,0.03291415795683861,0.03291415795683861,0.014525910839438438,0.0,5.468632698059082
920,2,11,2.609863519668579,0.6098634600639343,0.9803533554077148,1.0,6.487893104553223
920,2,12,-0.36096087098121643,-0.36096087098121643,0.05917248874902725,0.0,6.591628551483154
920,2,13,-1.136781930923462,-1.136781930923462,0.013201771304011345,0.0,5.935830116271973
920,2,14,0.6263368725776672,0.6263368725776672,0.012694708071649075,0.0,6.1691765785217285
920,2,15,2.6070122718811035,0.6070123314857483,0.9590562582015991,1.0,5.755679130554199
920,2,16,0.09171508252620697,0.09171508252620697,0.013737253844738007,0.0,6.367611408233643
920,2,17,2.2887144088745117,0.2887144088745117,0.9859252572059631,1.0,6.254805088043213
920,2,18,0.5661818981170654,0.5661818981170654,0.013294287957251072,0.0,5.940809726715088
920,2,19,-1.4255845546722412,-1.4255845546722412,0.014854241162538528,0.0,6.4965314865112305
920,3,0,-1.5038864612579346,-1.5038864612579346,0.020004762336611748,0.0,4.811944961547852
920,3,1,-1.278793454170227,-1.278793454170227,0.01385307963937521,0.0,5.682748794555664
920,3,2,-0.672178328037262,-0.672178328037262,0.01294807530939579,0.0,5.993483543395996
920,3,3,-0.08738807588815689,-0.08738807588815689,0.012707516551017761,0.0,5.513973236083984
920,3,4,-0.5100287795066833,-0.5100287795066833,0.015958696603775024,0.0,6.030994415283203
920,3,5,-0.6819105744361877,-0.6819105744361877,0.01309136487543583,0.0,5.10645866394043
920,3,6,1.5185948610305786,-0.481405109167099,0.8958005905151367,1.0,6.122640609741211
920,3,7,-0.4763180911540985,-0.4763180911540985,0.013764440082013607,0.0,7.115362167358398
920,3,8,0.22418533265590668,0.22418533265590668,0.012731718830764294,0.0,5.946315288543701
920,3,9,-0.7028148770332336,-0.7028148770332336,0.014284338802099228,0.0,5.960925102233887
920,3,10,-0.2850441038608551,-0.2850441038608551,0.013443132862448692,0.0,5.358575820922852
920,3,11,1.849434494972229,-0.15056553483009338,0.8891153931617737,1.0,6.023807525634766
920,3,12,3.189631462097168,1.1896315813064575,0.9804768562316895,1.0,6.318620681762695
920,3,13,-1.4631848335266113,-1.4631848335266113,0.013289335183799267,0.0,5.513997554779053
920,3,14,0.04291774332523346,0.04291774332523346,0.01384852547198534,0.0,5.20082950592041
920,3,15,-0.21474017202854156,-0.21474017202854156,0.013288183137774467,0.0,6.079211235046387
920,3,16,2.4116697311401367,0.4116697311401367,0.9857808947563171,1.0,6.572650909423828
920,3,17,0.7901694178581238,0.7901694178581238,0.012883682735264301,0.0,5.41514778137207
920,3,18,0.467390775680542,0.467390775680542,0.012660663574934006,0.0,5.293263912200928
920,3,19,-1.090461015701294,-1.090461015701294,0.01302272081375122,0.0,5.537022113800049
920,4,0,-0.42486777901649475,-0.42486777901649475,0.012704165652394295,0.0,5.777892112731934
920,4,1,-0.8344916701316833,-0.8344916701316833,0.016962293535470963,0.0,5.871988296508789
920,4,2,-0.38928160071372986,-0.38928160071372986,0.011914022266864777,0.0,6.117626190185547
920,4,3,0.37246882915496826,0.37246882915496826,0.012600257992744446,0.0,5.583334922790527
920,4,4,0.96443772315979,0.96443772315979,0.01259560789912939,0.0,5.806981086730957
920,4,5,-0.22262363135814667,-0.22262363135814667,0.013080518692731857,0.0,5.024358749389648
920,4,6,3.0981569290161133,1.0981569290161133,0.9842526316642761,1.0,6.254672050476074
920,4,7,-0.09945379197597504,-0.09945379197597504,0.012417334131896496,0.0,6.525139808654785
920,4,8,0.4000851809978485,0.4000851809978485,0.012558608315885067,0.0,6.11687707901001
920,4,9,1.1707051992416382,1.1707051992416382,0.012582080438733101,0.0,6.794572830200195
920,4,10,-0.08760915696620941,-0.08760915696620941,0.012467024847865105,0.0,5.834379196166992
920,4,11,0.6795079708099365,0.6795079708099365,0.01279909536242485,0.0,6.422327995300293
920,4,12,-0.6486949324607849,-0.6486949324607849,0.012456667609512806,0.0,6.662021636962891
920,4,13,0.6796913743019104,0.6796913743019104,0.012258700095117092,0.0,5.245821475982666
920,4,14,0.3834436535835266,0.3834436535835266,0.0128569845110178,0.0,6.583677291870117
920,4,15,0.49591925740242004,0.49591925740242004,0.012662190943956375,0.0,5.821394920349121
920,4,16,0.7103240489959717,0.7103240489959717,0.013231796212494373,0.0,5.762713432312012
920,4,17,0.6274475455284119,0.6274475455284119,0.013407979160547256,0.0,5.323757171630859
920,4,18,0.6774417757987976,0.6774417757987976,0.012862826697528362,0.0,5.438633918762207
920,4,19,-1.6110191345214844,-1.6110191345214844,0.013356694020330906,0.0,4.487386703491211
900,0,0,0.37260061502456665,0.37260061502456665,0.012959755025804043,0.0,5.642714500427246
900,0,1,0.33110281825065613,0.33110281825065613,0.014317098073661327,0.0,5.641772747039795
900,0,2,-0.03138059005141258,-0.03138059005141258,0.013306865468621254,0.0,5.880645751953125
900,0,3,-0.421580046415329,-0.421580046415329,0.013441875576972961,0.0,5.002538681030273
900,0,4,0.13539767265319824,0.13539767265319824,0.013462282717227936,0.0,5.81993293762207
900,0,5,0.3607909381389618,0.3607909381389618,0.012342661619186401,0.0,5.9365129470825195
900,0,6,-0.1517617255449295,-0.1517617255449295,0.013834396377205849,0.0,5.799108505249023
900,0,7,1.8536287546157837,-0.1463712751865387,0.9871455430984497,1.0,5.841357707977295
900,0,8,0.8345142006874084,0.8345142006874084,0.012329326942563057,0.0,5.669410228729248
900,0,9,0.324912428855896,0.324912428855896,0.012953114695847034,0.0,5.5538458824157715
900,0,10,2.5459892749786377,0.5459892749786377,0.9847782254219055,1.0,6.040458679199219
900,0,11,-0.05516757071018219,-0.05516757071018219,0.012974880635738373,0.0,5.182373523712158
900,0,12,-0.9893288016319275,-0.9893288016319275,0.013559546321630478,0.0,6.207284927368164
900,0,13,0.6487281322479248,0.6487281322479248,0.01222903374582529,0.0,5.994913101196289
900,0,14,1.6905252933502197,-0.3094747066497803,0.9822367429733276,1.0,6.291682243347168
900,0,15,2.520258903503418,0.5202589631080627,0.9811614751815796,1.0,6.482211112976074
900,0,16,-0.8707990646362305,-0.8707990646362305,0.013444410637021065,0.0,7.059413433074951
900,0,17,2.792614459991455,0.7926144599914551,0.9819069504737854,1.0,6.011538505554199
900,0,18,0.45552197098731995,0.45552197098731995,0.013993162661790848,0.0,5.973184108734131
900,0,19,1.0356820821762085,1.0356820821762085,0.013030506670475006,0.0,6.527641296386719
900,1,0,0.3302862346172333,0.3302862346172333,0.013775722123682499,0.0,6.051408767700195
900,1,1,0.22525674104690552,0.22525674104690552,0.01260576955974102,0.0,6.111332893371582
900,1,2,-0.9753121733665466,-0.9753121733665466,0.012239926494657993,0.0,6.246413230895996
900,1,3,-0.8414868116378784,-0.8414868116378784,0.013230117037892342,0.0,5.143745422363281
900,1,4,-0.6496489644050598,-0.6496489644050598,0.01303630881011486,0.0,6.241800785064697
900,1,5,-0.16806158423423767,-0.16806158423423767,0.01446282584220171,0.0,6.239412307739258
900,1,6,-0.7143951058387756,-0.7143951058387756,0.09897180646657944,0.0,6.347949028015137
900,1,7,-0.7741807103157043,-0.7741807103157043,0.013699395582079887,0.0,5.710636615753174
900,1,8,1.7088632583618164,-0.29113680124282837,0.9710385799407959,1.0,7.256758213043213
900,1,9,-0.6550911068916321,-0.6550911068916321,0.015239852480590343,0.0,5.777050018310547
900,1,10,-0.9866785407066345,-0.9866785407066345,0.014280498027801514,0.0,5.416854381561279
900,1,11,1.9855674505233765,-0.014432534575462341,0.9824574589729309,1.0,6.703383445739746
900,1,12,-0.10284995287656784,-0.10284995287656784,0.013013297691941261,0.0,6.6353535652160645
900,1,13,0.20260962843894958,0.20260962843894958,0.014510833658277988,0.0,7.770846843719482
900,1,14,-0.8269138932228088,-0.8269138932228088,0.013066824525594711,0.0,6.1863603591918945
900,1,15,-0.28788191080093384,-0.28788191080093384,0.05672971159219742,0.0,5.235202312469482
900,1,16,-0.13647155463695526,-0.13647155463695526,0.01206117495894432,0.0,5.68019437789917
900,1,17,2.5896105766296387,0.5896106362342834,0.9819340705871582,1.0,6.83098030090332
900,1,18,-0.01966494508087635,-0.01966494508087635,0.014589912258088589,0.0,6.834827899932861
900,1,19,-0.6976385712623596,-0.6976385712623596,0.015138490125536919,0.0,6.0612077713012695
900,2,0,0.7873539924621582,0.7873539924621582,0.012928854674100876,0.0,5.761775016784668
900,2,1,0.1156037300825119,0.1156037300825119,0.013214075937867165,0.0,5.964770317077637
900,2,2,0.6744016408920288,0.6744016408920288,0.013031029142439365,0.0,5.732537746429443
900,2,3,-1.3864191770553589,-1.3864191770553589,0.012233112938702106,0.0,5.3256964683532715
900,2,4,0.3136153817176819,0.3136153817176819,0.01289654616266489,0.0,6.8068695068359375
900,2,5,2.580012798309326,0.5800127387046814,0.9833016991615295,1.0,5.852473258972168
900,2,6,-0.9417911171913147,-0.9417911171913147,0.01375545747578144,0.0,6.007621765136719
900,2,7,0.9176079034805298,0.9176079034805298,0.012701074592769146,0.0,5.762965202331543
900,2,8,1.8860995769500732,-0.11390043795108795,0.9827250838279724,1.0,7.326210975646973
900,2,9,0.3066248893737793,0.3066248893737793,0.012613654136657715,0.0,6.5546088218688965
900,2,10,-1.0629335641860962,-1.0629335641860962,0.013788438402116299,0.0,6.961912631988525
900,2,11,1.8825201988220215,-0.11747978627681732,0.982125997543335,1.0,6.014067649841309
900,2,12,-0.0848802849650383,-0.0848802849650383,0.014250531792640686,0.0,5.874970436096191
900,2,13,2.625822067260742,0.6258220672607422,0.9861006140708923,1.0,6.5215630531311035
900,2,14,2.6139323711395264,0.6139323115348816,0.985928475856781,1.0,6.60469913482666
900,2,15,2.2743043899536133,0.27430441975593567,0.9846779108047485,1.0,6.310149192810059
900,2,16,0.20910930633544922,0.20910930633544922,0.013011411763727665,0.0,5.565743446350098
900,2,17,-0.4049402177333832,-0.4049402177333832,0.013034047558903694,0.0,6.431941032409668
900,2,18,0.34265562891960144,0.34265562891960144,0.013537751510739326,0.0,6.688296318054199
900,2,19,-0.9433479309082031,-0.9433479309082031,0.013235128484666348,0.0,4.283573150634766
900,3,0,-0.3086520731449127,-0.3086520731449127,0.013328365050256252,0.0,6.010993480682373
900,3,1,-1.3107730150222778,-1.3107730150222778,0.012776244431734085,0.0,5.512145042419434
900,3,2,-0.3075479567050934,-0.3075479567050934,0.01272507943212986,0.0,6.9197468757629395
900,3,3,-0.710971474647522,-0.710971474647522,0.01334420870989561,0.0,4.879128932952881
900,3,4,-0.222301185131073,-0.222301185131073,0.013843726366758347,0.0,5.502817630767822
900,3,5,-0.4961048662662506,-0.4961048662662506,0.015873748809099197,0.0,5.725187301635742
900,3,6,-0.3221055269241333,-0.3221055269241333,0.013408603146672249,0.0,6.365323066711426
900,3,7,0.5347103476524353,0.5347103476524353,0.032879218459129333,0.0,7.3468732833862305
900,3,8,-0.28438398241996765,-0.28438398241996765,0.014928856864571571,0.0,6.3375701904296875
900,3,9,-0.3026687502861023,-0.3026687502861023,0.013057726435363293,0.0,6.829230785369873
900,3,10,-0.3352828919887543,-0.3352828919887543,0.012797921895980835,0.0,6.400699615478516
900,3,11,-0.2413959801197052,-0.2413959801197052,0.013287771493196487,0.0,5.763067722320557
900,3,12,-0.11654794216156006,-0.11654794216156006,0.013552730903029442,0.0,4.791710376739502
900,3,13,-0.18456685543060303,-0.18456685543060303,0.013694191351532936,0.0,7.122757434844971
900,3,14,1.591252326965332,-0.40874767303466797,0.9830073118209839,1.0,5.456427574157715
900,3,15,-0.3386155962944031,-0.3386155962944031,0.013116407208144665,0.0,5.570676803588867
900,3,16,-0.699224054813385,-0.699224054813385,0.013637294992804527,0.0,5.989496231079102
900,3,17,0.014347915537655354,0.014347915537655354,0.013175681233406067,0.0,6.337928771972656
900,3,18,0.20743060111999512,0.20743060111999512,0.013982271775603294,0.0,5.246387004852295
900,3,19,1.667127251625061,-0.33287277817726135,0.9384174346923828,1.0,6.6008992195129395
900,4,0,-0.1951265186071396,-0.1951265186071396,0.013835709542036057,0.0,5.088533401489258
900,4,1,-0.384041428565979,-0.384041428565979,0.011729169636964798,0.0,5.849323749542236
900,4,2,0.6968057155609131,0.6968057155609131,0.011999932117760181,0.0,6.14554500579834
900,4,3,-0.16557344794273376,-0.16557344794273376,0.012604458257555962,0.0,5.414087295532227
900,4,4,-0.8850985169410706,-0.8850985169410706,0.012641935609281063,0.0,6.326522350311279
900,4,5,-0.7319217920303345,-0.7319217920303345,0.012753896415233612,0.0,5.549344062805176
900,4,6,-0.24494977295398712,-0.24494977295398712,0.012965595349669456,0.0,6.427358150482178
900,4,7,-0.6605033278465271,-0.6605033278465271,0.025686949491500854,0.0,6.3502197265625
900,4,8,0.4433557093143463,0.4433557093143463,0.012173748575150967,0.0,5.449328899383545
900,4,9,0.8621999025344849,0.8621999025344849,0.012705929577350616,0.0,6.419027328491211
900,4,10,0.6802056431770325,0.6802056431770325,0.012773706577718258,0.0,6.110690116882324
900,4,11,0.5645626187324524,0.5645626187324524,0.012255789712071419,0.0,6.342722415924072
900,4,12,0.4252779185771942,0.4252779185771942,0.013692472130060196,0.0,5.399871826171875
900,4,13,0.2768765687942505,0.2768765687942505,0.013057148084044456,0.0,5.310910224914551
900,4,14,0.9150852560997009,0.9150852560997009,0.012824919074773788,0.0,5.61314582824707
900,4,15,0.10046185553073883,0.10046185553073883,0.012197061441838741,0.0,6.526340484619141
900,4,16,1.0050100088119507,1.0050100088119507,0.012074990198016167,0.0,6.381189346313477
900,4,17,0.39332619309425354,0.39332619309425354,0.012493194080889225,0.0,5.400887489318848
900,4,18,-0.09045969694852829,-0.09045969694852829,0.018650352954864502,0.0,5.787407875061035
900,4,19,-0.6548932194709778,-0.6548932194709778,0.012556751258671284,0.0,6.365686416625977
880,0,0,0.1619146466255188,0.1619146466255188,0.01344095729291439,0.0,6.240973472595215
880,0,1,-0.31926992535591125,-0.31926992535591125,0.01482663955539465,0.0,6.854526519775391
880,0,2,-0.2621798813343048,-0.2621798813343048,0.013182646594941616,0.0,6.267501354217529
880,0,3,0.30829766392707825,0.30829766392707825,0.013172061182558537,0.0,5.129291534423828
880,0,4,-0.5010218620300293,-0.5010218620300293,0.012975601479411125,0.0,5.693408966064453
880,0,5,-0.9131847620010376,-0.9131847620010376,0.01439623162150383,0.0,5.486123561859131
880,0,6,2.4050064086914062,0.4050065279006958,0.9856241941452026,1.0,4.829452037811279
880,0,7,-0.34191447496414185,-0.34191447496414185,0.012904699891805649,0.0,4.959512710571289
880,0,8,-0.3465504050254822,-0.3465504050254822,0.013121837750077248,0.0,6.234783172607422
880,0,9,-0.5235973000526428,-0.5235973000526428,0.04952012002468109,0.0,6.2069292068481445
880,0,10,-0.3578305244445801,-0.3578305244445801,0.013316060416400433,0.0,5.66114616394043
880,0,11,0.35381922125816345,0.35381922125816345,0.012817665934562683,0.0,6.562333583831787
880,0,12,2.73602557182312,0.7360255718231201,0.9798392653465271,1.0,6.18608283996582
880,0,13,-0.28884410858154297,-0.28884410858154297,0.013047092594206333,0.0,5.485957622528076
880,0,14,-0.23465797305107117,-0.23465797305107117,0.012395687401294708,0.0,5.713583946228027
880,0,15,-0.8634430170059204,-0.8634430170059204,0.01409593503922224,0.0,6.224684715270996
880,0,16,0.039646245539188385,0.039646245539188385,0.013386392034590244,0.0,6.280682563781738
880,0,17,0.0926494374871254,0.0926494374871254,0.013138039037585258,0.0,5.938096046447754
880,0,18,0.07232092320919037,0.07232092320919037,0.014184136874973774,0.0,5.669498920440674
880,0,19,-0.9883298873901367,-0.9883298873901367,0.012837543152272701,0.0,4.636850833892822
880,1,0,0.2378254383802414,0.2378254383802414,0.012767298147082329,0.0,6.75534200668335
880,1,1,-1.1308038234710693,-1.1308038234710693,0.013689309358596802,0.0,5.259081840515137
880,1,2,1.469597339630127,-0.5304026007652283,0.9778883457183838,1.0,5.609616279602051
880,1,3,0.2918856739997864,0.2918856739997864,0.021920690312981606,0.0,5.859139919281006
880,1,4,0.1908690333366394,0.1908690333366394,0.013191563077270985,0.0,6.265111446380615
880,1,5,0.2410167008638382,0.2410167008638382,0.012994447723031044,0.0,6.043283462524414
880,1,6,1.67409348487854,-0.3259064853191376,0.9861527681350708,1.0,7.352697849273682
880,1,7,-1.2454124689102173,-1.2454124689102173,0.013338218443095684,0.0,4.904510498046875
880,1,8,-0.7267318367958069,-0.7267318367958069,0.012684515677392483,0.0,5.790346622467041
880,1,9,-0.6942320466041565,-0.6942320466041565,0.014063084498047829,0.0,6.351113796234131
880,1,10,-0.8560823202133179,-0.8560823202133179,0.014002125710248947,0.0,6.117757797241211
880,1,11,-0.5297814607620239,-0.5297814607620239,0.014338242821395397,0.0,6.065425395965576
880,1,12,0.09680397808551788,0.09680397808551788,0.013894635252654552,0.0,5.051447868347168
880,1,13,-0.2607491612434387,-0.2607491612434387,0.015538650564849377,0.0,7.020709037780762
880,1,14,2.10996675491333,0.10996685922145844,0.9840737581253052,1.0,6.676589488983154
880,1,15,-0.5205364227294922,-0.5205364227294922,0.012581554241478443,0.0,5.863001823425293
880,1,16,-0.2869676649570465,-0.2869676649570465,0.014090072363615036,0.0,6.374964714050293
880,1,17,-1.5340046882629395,-1.5340046882629395,0.01614777371287346,0.0,6.2376627922058105
880,1,18,1.391920804977417,-0.608079195022583,0.9804762601852417,1.0,5.2793755531311035
880,1,19,-0.6660338640213013,-0.6660338640213013,0.020338701084256172,0.0,6.651880264282227
880,2,0,0.44576379656791687,0.44576379656791687,0.013441330753266811,0.0,5.7273268699646
880,2,1,1.0069279670715332,1.0069279670715332,0.012763526290655136,0.0,6.149564743041992
880,2,2,-0.9539093375205994,-0.9539093375205994,0.013039045967161655,0.0,6.4411163330078125
880,2,3,0.5429157614707947,0.5429157614707947,0.013259555213153362,0.0,5.656137466430664
880,2,4,3.2533721923828125,1.253372073173523,0.9841028451919556,1.0,5.912195205688477
880,2,5,2.435887098312378,0.43588703870773315,0.9672157168388367,1.0,6.470347881317139
880,2,6,0.3106118440628052,0.3106118440628052,0.012825838290154934,0.0,5.7973833084106445
880,2,7,3.1134331226348877,1.1134331226348877,0.9806898236274719,1.0,7.432343006134033
880,2,8,-1.4892507791519165,-1.4892507791519165,0.013991807587444782,0.0,6.686079025268555
880,2,9,-0.4652569591999054,-0.4652569591999054,0.019814709201455116,0.0,5.927319526672363
880,2,10,0.5857545137405396,0.5857545137405396,0.01588362082839012,0.0,6.642460823059082
880,2,11,-0.22768747806549072,-0.22768747806549072,0.012860454618930817,0.0,6.280826568603516
880,2,12,0.8228306174278259,0.8228306174278259,0.012239176779985428,0.0,5.2451887130737305
880,2,13,0.2522973418235779,0.2522973418235779,0.012863409705460072,0.0,6.594196319580078
880,2,14,0.6078988909721375,0.6078988909721375,0.01242156233638525,0.0,6.253611087799072
880,2,15,0.3361169695854187,0.3361169695854187,0.012565269134938717,0.0,5.624359130859375
880,2,16,0.3953378200531006,0.3953378200531006,0.012768067419528961,0.0,6.543044090270996
880,2,17,0.07672254741191864,0.07672254741191864,0.012992062605917454,0.0,4.522340297698975
880,2,18,-0.9229492545127869,-0.9229492545127869,0.013437760062515736,0.0,4.576930522918701
880,2,19,0.33029457926750183,0.33029457926750183,0.02077792026102543,0.0,6.730649948120117
880,3,0,-0.16135205328464508,-0.16135205328464508,0.014579042792320251,0.0,5.774639129638672
880,3,1,-0.7944954633712769,-0.7944954633712769,0.015010609291493893,0.0,5.725581169128418
880,3,2,-0.27754902839660645,-0.27754902839660645,0.013312314637005329,0.0,6.562969207763672
880,3,3,-0.1773727536201477,-0.1773727536201477,0.013324293307960033,0.0,6.752274036407471
880,3,4,2.156993865966797,0.1569937765598297,0.9827975034713745,1.0,5.607938766479492
880,3,5,-0.20374731719493866,-0.20374731719493866,0.014015654101967812,0.0,6.537469863891602
880,3,6,-0.4115830063819885,-0.4115830063819885,0.014448783360421658,0.0,6.19295597076416
880,3,7,0.09883973747491837,0.09883973747491837,0.012708700262010098,0.0,6.2204179763793945
880,3,8,-1.452504277229309,-1.452504277229309,0.014805176295340061,0.0,5.70456075668335
880,3,9,-0.7555115222930908,-0.7555115222930908,0.012586994096636772,0.0,6.138081073760986
880,3,10,0.027769075706601143,0.027769075706601143,0.013355249539017677,0.0,6.558882713317871
880,3,11,-0.22928781807422638,-0.22928781807422638,0.015061682090163231,0.0,6.440321922302246
880,3,12,1.9038596153259277,-0.09614033997058868,0.982758104801178,1.0,6.193303108215332
880,3,13,0.040772419422864914,0.040772419422864914,0.012765351682901382,0.0,6.4251909255981445
880,3,14,-0.7684565782546997,-0.7684565782546997,0.013043930754065514,0.0,6.162968635559082
880,3,15,-0.22820274531841278,-0.22820274531841278,0.01294610183686018,0.0,6.25117301940918
880,3,16,-0.3341074287891388,-0.3341074287891388,0.014444254338741302,0.0,6.186384201049805
880,3,17,0.025768982246518135,0.025768982246518135,0.013756610453128815,0.0,6.029141426086426
880,3,18,-1.120053768157959,-1.120053768157959,0.01269388385117054,0.0,6.798342227935791
880,3,19,-0.04693342372775078,-0.04693342372775078,0.01343202032148838,0.0,5.659614562988281
880,4,0,0.273711234331131,0.273711234331131,0.01248200237751007,0.0,5.024782180786133
880,4,1,0.2659502923488617,0.2659502923488617,0.012169241905212402,0.0,5.962801933288574
880,4,2,0.07602765411138535,0.07602765411138535,0.012569648213684559,0.0,5.349573135375977
880,4,3,0.19787484407424927,0.19787484407424927,0.011681938543915749,0.0,6.247182846069336
880,4,4,2.087369441986084,0.0873694121837616,0.9192858338356018,1.0,5.087180137634277
880,4,5,-0.19141750037670135,-0.19141750037670135,0.012943798676133156,0.0,5.155764102935791
880,4,6,-0.3878447115421295,-0.3878447115421295,0.013784289360046387,0.0,6.338739395141602
880,4,7,0.2475401759147644,0.2475401759147644,0.01251644641160965,0.0,5.874265193939209
880,4,8,0.4238453805446625,0.4238453805446625,0.012047852389514446,0.0,5.829492568969727
880,4,9,-0.3477104902267456,-0.3477104902267456,0.016411390155553818,0.0,6.529686450958252
880,4,10,0.274126797914505,0.274126797914505,0.012914720922708511,0.0,6.621770858764648
880,4,11,-0.06507676094770432,-0.06507676094770432,0.013040862046182156,0.0,6.314515113830566
880,4,12,0.1157635971903801,0.1157635971903801,0.0131270382553339,0.0,5.647524833679199
880,4,13,-0.17752298712730408,-0.17752298712730408,0.013446321710944176,0.0,5.644008159637451
880,4,14,0.5616574287414551,0.5616574287414551,0.013068458996713161,0.0,4.313368797302246
880,4,15,0.33138707280158997,0.33138707280158997,0.012599852867424488,0.0,6.008360385894775
880,4,16,0.11334538459777832,0.11334538459777832,0.013312621973454952,0.0,4.820959091186523
880,4,17,0.36259517073631287,0.36259517073631287,0.012828843668103218,0.0,5.66770076751709
880,4,18,0.3847915530204773,0.3847915530204773,0.012846948578953743,0.0,5.181760311126709
880,4,19,0.20486979186534882,0.20486979186534882,0.013917959295213223,0.0,5.999662399291992
860,0,0,0.17439106106758118,0.17439106106758118,0.014227447099983692,0.0,6.075758934020996
860,0,1,-1.5085135698318481,-1.5085135698318481,0.013239643536508083,0.0,5.456682205200195
860,0,2,0.02106686681509018,0.02106686681509018,0.01289720181375742,0.0,5.512414932250977
860,0,3,-0.5859304070472717,-0.5859304070472717,0.01393933966755867,0.0,5.089419841766357
860,0,4,-0.29006630182266235,-0.29006630182266235,0.01240118220448494,0.0,6.32777738571167
860,0,5,2.729424476623535,0.7294244170188904,0.9785052537918091,1.0,5.278253078460693
860,0,6,0.6574743390083313,0.6574743390083313,0.01260302308946848,0.0,5.350691795349121
860,0,7,-0.0025170505978167057,-0.0025170505978167057,0.01303618773818016,0.0,5.4680280685424805
860,0,8,0.3735189735889435,0.3735189735889435,0.013837036676704884,0.0,7.252203941345215
860,0,9,-0.17563457787036896,-0.17563457787036896,0.014738880097866058,0.0,5.117579936981201
860,0,10,-0.13044467568397522,-0.13044467568397522,0.013762065209448338,0.0,6.044238090515137
860,0,11,-0.05032964423298836,-0.05032964423298836,0.012957071885466576,0.0,6.261853218078613
860,0,12,-0.004218772519379854,-0.004218772519379854,0.013672633096575737,0.0,5.088787078857422
860,0,13,-0.20613709092140198,-0.20613709092140198,0.012897159904241562,0.0,5.952102184295654
860,0,14,0.8797431588172913,0.8797431588172913,0.012839200906455517,0.0,5.88570499420166
860,0,15,-0.7740910649299622,-0.7740910649299622,0.012642696499824524,0.0,5.902553558349609
860,0,16,0.20378486812114716,0.20378486812114716,0.01275712065398693,0.0,6.088018894195557
860,0,17,-0.3721925616264343,-0.3721925616264343,0.01346615981310606,0.0,5.693676948547363
860,0,18,0.2898223400115967,0.2898223400115967,0.013093100860714912,0.0,6.590273857116699
860,0,19,-0.24113811552524567,-0.24113811552524567,0.012767575681209564,0.0,5.2861223220825195
860,1,0,-0.9252863526344299,-0.9252863526344299,0.014387453906238079,0.0,6.181170463562012
860,1,1,-0.4255947470664978,-0.4255947470664978,0.01430854108184576,0.0,6.105335235595703
860,1,2,2.585618495941162,0.5856186151504517,0.9865269064903259,1.0,6.754666328430176
860,1,3,-1.3873182535171509,-1.3873182535171509,0.015340364538133144,0.0,4.8446855545043945
860,1,4,-0.02680162526667118,-0.02680162526667118,0.01352185383439064,0.0,6.253400802612305
860,1,5,-1.6954001188278198,-1.6954001188278198,0.013097001239657402,0.0,6.344491004943848
860,1,6,-0.21813258528709412,-0.21813258528709412,0.013774251565337181,0.0,5.696660995483398
860,1,7,-1.4678571224212646,-1.4678571224212646,0.013810902833938599,0.0,4.815620422363281
860,1,8,-0.30553218722343445,-0.30553218722343445,0.013140680268406868,0.0,6.29854154586792
860,1,9,-0.6817012429237366,-0.6817012429237366,0.017751118168234825,0.0,5.355196952819824
860,1,10,-0.172960102558136,-0.172960102558136,0.02569083496928215,0.0,6.272104263305664
860,1,11,-1.142142653465271,-1.142142653465271,0.02619490772485733,0.0,6.650716304779053
860,1,12,-0.2453339397907257,-0.2453339397907257,0.012651439756155014,0.0,6.585289001464844
860,1,13,-0.43916597962379456,-0.43916597962379456,0.013516041450202465,0.0,6.174126625061035
860,1,14,-0.41191741824150085,-0.41191741824150085,0.013746792450547218,0.0,6.313951015472412
860,1,15,-0.5582979321479797,-0.5582979321479797,0.01630452647805214,0.0,5.486921310424805
860,1,16,-0.5360679030418396,-0.5360679030418396,0.014251470565795898,0.0,4.892864227294922
860,1,17,-1.26775324344635,-1.26775324344635,0.012407087720930576,0.0,6.305164337158203
860,1,18,-0.4906015992164612,-0.4906015992164612,0.016152992844581604,0.0,6.989730358123779
860,1,19,0.010522935539484024,0.010522935539484024,0.015290047973394394,0.0,4.892969131469727
860,2,0,0.8054006099700928,0.8054006099700928,0.012782622128725052,0.0,5.912919998168945
860,2,1,0.02239113487303257,0.02239113487303257,0.01542604435235262,0.0,6.317668914794922
860,2,2,3.286729574203491,1.2867295742034912,0.9859326481819153,1.0,5.651733875274658
860,2,3,0.5889908075332642,0.5889908075332642,0.02629096806049347,0.0,5.991862773895264
860,2,4,0.22558557987213135,0.22558557987213135,0.013348150998353958,0.0,6.273563385009766
860,2,5,0.31735414266586304,0.31735414266586304,0.014094868674874306,0.0,6.897106647491455
860,2,6,0.5782772302627563,0.5782772302627563,0.012806893326342106,0.0,6.0991010665893555
860,2,7,0.15643738210201263,0.15643738210201263,0.013511444441974163,0.0,7.1091227531433105
860,2,8,0.41217970848083496,0.41217970848083496,0.01211465522646904,0.0,6.143686294555664
860,2,9,0.47185149788856506,0.47185149788856506,0.013270544819533825,0.0,5.709339141845703
860,2,10,0.14866836369037628,0.14866836369037628,0.013062641024589539,0.0,6.829872131347656
860,2,11,0.3287636637687683,0.3287636637687683,0.012480833567678928,0.0,5.84622859954834
860,2,12,-0.7585033178329468,-0.7585033178329468,0.014334975741803646,0.0,5.21071195602417
860,2,13,0.5140199661254883,0.5140199661254883,0.012632743455469608,0.0,5.772815704345703
860,2,14,0.1503969132900238,0.1503969132900238,0.015237742103636265,0.0,6.272696495056152
860,2,15,0.8146100640296936,0.8146100640296936,0.013042605482041836,0.0,5.59535026550293
860,2,16,0.17975053191184998,0.17975053191184998,0.013379826210439205,0.0,6.802395820617676
860,2,17,3.0939993858337402,1.0939992666244507,0.9855066537857056,1.0,5.539684295654297
860,2,18,-0.12256034463644028,-0.12256034463644028,0.01295038964599371,0.0,6.156519412994385
860,2,19,0.11935960501432419,0.11935960501432419,0.013235483318567276,0.0,5.493141174316406
860,3,0,-1.3848426342010498,-1.3848426342010498,0.012999383732676506,0.0,6.281241416931152
860,3,1,-1.2548620700836182,-1.2548620700836182,0.012696966528892517,0.0,6.47104549407959
860,3,2,-0.847031831741333,-0.847031831741333,0.013844657689332962,0.0,6.710362434387207
860,3,3,-0.694144606590271,-0.694144606590271,0.011613519862294197,0.0,5.954079627990723
860,3,4,-0.23991651833057404,-0.23991651833057404,0.014060784131288528,0.0,4.954383850097656
860,3,5,-0.9620596170425415,-0.9620596170425415,0.013349042274057865,0.0,5.586711406707764
860,3,6,-0.31789517402648926,-0.31789517402648926,0.013529857620596886,0.0,6.09702205657959
860,3,7,0.10400145500898361,0.10400145500898361,0.013005999848246574,0.0,6.60875129699707
860,3,8,-0.33347105979919434,-0.33347105979919434,0.013389366678893566,0.0,5.788309097290039
860,3,9,1.268237829208374,-0.7317622303962708,0.9231114983558655,1.0,6.296374797821045
860,3,10,0.1537300944328308,0.1537300944328308,0.01248887088149786,0.0,5.251709461212158
860,3,11,-1.0426576137542725,-1.0426576137542725,0.013125401921570301,0.0,5.092530727386475
860,3,12,-0.10547377169132233,-0.10547377169132233,0.014135831966996193,0.0,6.029407501220703
860,3,13,0.2616207003593445,0.2616207003593445,0.02182743512094021,0.0,5.271308898925781
860,3,14,-0.12694159150123596,-0.12694159150123596,0.014522721990942955,0.0,5.812657356262207
860,3,15,-0.0002396957715973258,-0.0002396957715973258,0.013604467734694481,0.0,4.9630937576293945
860,3,16,-0.405807226896286,-0.405807226896286,0.01655338704586029,0.0,7.150623321533203
860,3,17,-0.2627507746219635,-0.2627507746219635,0.02305164933204651,0.0,7.231152057647705
860,3,18,0.07580229640007019,0.07580229640007019,0.013057960197329521,0.0,6.369973659515381
860,3,19,-1.0888807773590088,-1.0888807773590088,0.013646471314132214,0.0,6.30672550201416
860,4,0,-0.1380797028541565,-0.1380797028541565,0.012487328611314297,0.0,5.980306148529053
860,4,1,0.9916285872459412,0.9916285872459412,0.013190706260502338,0.0,5.788074493408203
860,4,2,0.7663292288780212,0.7663292288780212,0.013049065135419369,0.0,6.964412689208984
860,4,3,0.21010613441467285,0.21010613441467285,0.013480027206242085,0.0,5.180346488952637
860,4,4,0.6374585032463074,0.6374585032463074,0.011884723789989948,0.0,5.989525318145752
860,4,5,0.5709678530693054,0.5709678530693054,0.012045416980981827,0.0,5.650027751922607
860,4,6,0.5701570510864258,0.5701570510864258,0.012467716820538044,0.0,4.9354658126831055
860,4,7,-0.7782655954360962,-0.7782655954360962,0.013270140625536442,0.0,6.1639323234558105
860,4,8,-1.1471962928771973,-1.1471962928771973,0.01217237301170826,0.0,5.479526996612549
860,4,9,-0.8643401861190796,-0.8643401861190796,0.014160245656967163,0.0,5.291744709014893
860,4,10,0.7307019829750061,0.7307019829750061,0.012204400263726711,0.0,5.585946559906006
860,4,11,-0.3764038383960724,-0.3764038383960724,0.014665542170405388,0.0,5.995759963989258
860,4,12,0.11595559120178223,0.11595559120178223,0.014322414994239807,0.0,5.0701141357421875
860,4,13,0.3676149845123291,0.3676149845123291,0.011927727609872818,0.0,4.415672302246094
860,4,14,-0.5800848603248596,-0.5800848603248596,0.018992463126778603,0.0,6.533030033111572
860,4,15,0.9150382876396179,0.9150382876396179,0.012842114083468914,0.0,5.923033237457275
860,4,16,0.3684156537055969,0.3684156537055969,0.013722558505833149,0.0,7.048779487609863
860,4,17,0.48174384236335754,0.48174384236335754,0.012355263344943523,0.0,5.241783618927002
860,4,18,0.12800942361354828,0.12800942361354828,0.01299142837524414,0.0,5.9284186363220215
860,4,19,-0.35188716650009155,-0.35188716650009155,0.013213622383773327,0.0,5.215704441070557
840,0,0,0.27286237478256226,0.27286237478256226,0.013679850846529007,0.0,4.628470420837402
840,0,1,0.20345385372638702,0.20345385372638702,0.012877494096755981,0.0,5.840531826019287
840,0,2,2.541217803955078,0.5412178635597229,0.9808620810508728,1.0,5.86198091506958
840,0,3,0.2862696647644043,0.2862696647644043,0.013583792373538017,0.0,5.577484130859375
840,0,4,-0.7306368947029114,-0.7306368947029114,0.0121584702283144,0.0,4.333958148956299
840,0,5,0.4727208912372589,0.4727208912372589,0.014555742032825947,0.0,6.068788528442383
840,0,6,-0.1401195377111435,-0.1401195377111435,0.012593627907335758,0.0,5.498371124267578
840,0,7,-0.8951424360275269,-0.8951424360275269,0.012198836542665958,0.0,5.36340856552124
840,0,8,0.03215600550174713,0.03215600550174713,0.013369519263505936,0.0,5.9169206619262695
840,0,9,0.285298228263855,0.285298228263855,0.01382241677492857,0.0,5.947714805603027
840,0,10,-0.32010480761528015,-0.32010480761528015,0.014445572160184383,0.0,5.58188533782959
840,0,11,1.0170326232910156,1.0170326232910156,0.012910393998026848,0.0,6.068725109100342
840,0,12,0.10853179544210434,0.10853179544210434,0.015565508976578712,0.0,6.333972930908203
840,0,13,0.30518919229507446,0.30518919229507446,0.013089633546769619,0.0,4.253754138946533
840,0,14,-0.14768032729625702,-0.14768032729625702,0.01374191977083683,0.0,6.398042678833008
840,0,15,0.2026701718568802,0.2026701718568802,0.012623309157788754,0.0,4.223083972930908
840,0,16,0.34405258297920227,0.34405258297920227,0.013774010352790356,0.0,5.399559020996094
840,0,17,-0.12030819058418274,-0.12030819058418274,0.014093820005655289,0.0,4.833834648132324
840,0,18,0.1576765775680542,0.1576765775680542,0.0138252517208457,0.0,5.036818504333496
840,0,19,-0.5172053575515747,-0.5172053575515747,0.012700839899480343,0.0,5.261817932128906
840,1,0,-0.5050584673881531,-0.5050584673881531,0.013844079338014126,0.0,6.065286636352539
840,1,1,-1.0774410963058472,-1.0774410963058472,0.013827995397150517,0.0,5.421325206756592
840,1,2,-0.49895429611206055,-0.49895429611206055,0.014175484888255596,0.0,6.737677574157715
840,1,3,-0.3451700210571289,-0.3451700210571289,0.014376801438629627,0.0,5.98057746887207
840,1,4,-1.151153802871704,-1.151153802871704,0.016090504825115204,0.0,5.92192268371582
840,1,5,-0.6606234312057495,-0.6606234312057495,0.014654562808573246,0.0,6.748520851135254
840,1,6,-0.39031895995140076,-0.39031895995140076,0.014621551148593426,0.0,5.34716796875
840,1,7,-0.10519711673259735,-0.10519711673259735,0.013073958456516266,0.0,6.022582054138184
840,1,8,-1.273719310760498,-1.273719310760498,0.019919782876968384,0.0,6.174354076385498
840,1,9,0.13640756905078888,0.13640756905078888,0.01367310993373394,0.0,5.757302284240723
840,1,10,-0.9286166429519653,-0.9286166429519653,0.012646103277802467,0.0,4.846802234649658
840,1,11,-0.31946849822998047,-0.31946849822998047,0.013370519503951073,0.0,6.920101642608643
840,1,12,-1.0562909841537476,-1.0562909841537476,0.042243003845214844,0.0,5.59993839263916
840,1,13,-1.4312140941619873,-1.4312140941619873,0.014514937996864319,0.0,5.669835567474365
840,1,14,-0.7722989320755005,-0.7722989320755005,0.013509322889149189,0.0,6.551205635070801
840,1,15,-0.5036730170249939,-0.5036730170249939,0.016626091673970222,0.0,5.311915397644043
840,1,16,0.07616563141345978,0.07616563141345978,0.013012299314141273,0.0,6.2728986740112305
840,1,17,-1.2684751749038696,-1.2684751749038696,0.015430036000907421,0.0,6.516078472137451
840,1,18,-0.8380969762802124,-0.8380969762802124,0.015859175473451614,0.0,5.259474754333496
840,1,19,-1.012102723121643,-1.012102723121643,0.014341249130666256,0.0,5.138100624084473
840,2,0,0.5379708409309387,0.5379708409309387,0.012483355589210987,0.0,5.536039352416992
840,2,1,0.18463097512722015,0.18463097512722015,0.013626550324261189,0.0,5.271801948547363
840,2,2,-0.11267174035310745,-0.11267174035310745,0.012415345758199692,0.0,6.298782825469971
840,2,3,0.12743231654167175,0.12743231654167175,0.014729971066117287,0.0,5.72623872756958
840,2,4,0.6567109227180481,0.6567109227180481,0.01506741251796484,0.0,5.899162292480469
840,2,5,2.810033082962036,0.8100330233573914,0.9762366414070129,1.0,6.102806568145752
840,2,6,0.6135896444320679,0.6135896444320679,0.012352179735898972,0.0,5.118101119995117
840,2,7,0.20497249066829681,0.20497249066829681,0.013848324306309223,0.0,5.7516889572143555
840,2,8,0.6874740123748779,0.6874740123748779,0.045942697674036026,0.0,6.948014736175537
840,2,9,0.24967196583747864,0.24967196583747864,0.012768133543431759,0.0,6.9628705978393555
840,2,10,0.6409661769866943,0.6409661769866943,0.013312540017068386,0.0,5.761240005493164
840,2,11,3.35074520111084,1.3507452011108398,0.9828414916992188,1.0,7.195348739624023
840,2,12,0.6269034743309021,0.6269034743309021,0.012917991727590561,0.0,5.917964458465576
840,2,13,-0.36362582445144653,-0.36362582445144653,0.013647292740643024,0.0,6.224017143249512
840,2,14,1.0692439079284668,1.0692439079284668,0.012485130690038204,0.0,5.958306312561035
840,2,15,0.6821433305740356,0.6821433305740356,0.012182489968836308,0.0,6.428527355194092
840,2,16,1.639953851699829,-0.3600461781024933,0.9711424708366394,1.0,6.303500175476074
840,2,17,0.22651541233062744,0.22651541233062744,0.01845083385705948,0.0,6.275350093841553
840,2,18,0.7391257286071777,0.7391257286071777,0.013057197444140911,0.0,6.226895332336426
840,2,19,0.41366615891456604,0.41366615891456604,0.01769651286303997,0.0,6.507390975952148
840,3,0,-0.0688537210226059,-0.0688537210226059,0.01280107069760561,0.0,5.9429850578308105
840,3,1,-0.8473582863807678,-0.8473582863807678,0.014700560830533504,0.0,5.016469955444336
840,3,2,-1.133443832397461,-1.133443832397461,0.014187030494213104,0.0,6.170865058898926
840,3,3,-0.24725550413131714,-0.24725550413131714,0.012678306549787521,0.0,5.968447685241699
840,3,4,-0.09198841452598572,-0.09198841452598572,0.01566474325954914,0.0,6.811956405639648
840,3,5,-0.8447875380516052,-0.8447875380516052,0.013247818686068058,0.0,4.911543846130371
840,3,6,-0.44455277919769287,-0.44455277919769287,0.012694851495325565,0.0,6.853573799133301
840,3,7,-0.6151672601699829,-0.6151672601699829,0.01244312897324562,0.0,5.669127464294434
840,3,8,-0.025387072935700417,-0.025387072935700417,0.012687561102211475,0.0,4.476377010345459
840,3,9,0.08711867034435272,0.08711867034435272,0.01342385821044445,0.0,5.884739875793457
840,3,10,-0.5485120415687561,-0.5485120415687561,0.012488716281950474,0.0,4.704514980316162
840,3,11,-0.32175180315971375,-0.32175180315971375,0.013828262686729431,0.0,5.326545715332031
840,3,12,-0.12197226285934448,-0.12197226285934448,0.015654107555747032,0.0,6.410576820373535
840,3,13,1.6029369831085205,-0.3970630168914795,0.9815110564231873,1.0,6.228482723236084
840,3,14,-0.477472186088562,-0.477472186088562,0.01571701094508171,0.0,5.311707019805908
840,3,15,-0.035465486347675323,-0.035465486347675323,0.014068957418203354,0.0,6.573615550994873
840,3,16,-0.3274843692779541,-0.3274843692779541,0.013987741433084011,0.0,6.784885883331299
840,3,17,-0.15469446778297424,-0.15469446778297424,0.015155461616814137,0.0,5.69260311126709
840,3,18,0.1634274274110794,0.1634274274110794,0.013749728910624981,0.0,4.959354877471924
840,3,19,-0.9623154997825623,-0.9623154997825623,0.0192911084741354,0.0,5.225167751312256
840,4,0,0.6273655295372009,0.6273655295372009,0.013314168900251389,0.0,5.570188522338867
840,4,1,-0.015796011313796043,-0.015796011313796043,0.01187956240028143,0.0,5.406617164611816
840,4,2,0.3608485162258148,0.3608485162258148,0.01270296424627304,0.0,6.375843048095703
840,4,3,0.747972846031189,0.747972846031189,0.011447134427726269,0.0,6.1278581619262695
840,4,4,-0.3743680417537689,-0.3743680417537689,0.014707577414810658,0.0,4.988033294677734
840,4,5,1.272423267364502,1.272423267364502,0.012121208012104034,0.0,5.148123741149902
840,4,6,-0.5526330471038818,-0.5526330471038818,0.01740630343556404,0.0,6.239840984344482
840,4,7,0.40939614176750183,0.40939614176750183,0.015133867971599102,0.0,5.751307487487793
840,4,8,0.7600624561309814,0.7600624561309814,0.012380274012684822,0.0,5.285553932189941
840,4,9,0.15845873951911926,0.15845873951911926,0.01459619402885437,0.0,6.4373779296875
840,4,10,-0.040949251502752304,-0.040949251502752304,0.014361093752086163,0.0,5.121806621551514
840,4,11,-0.6773415207862854,-0.6773415207862854,0.012265734374523163,0.0,5.8841352462768555
840,4,12,0.5868664979934692,0.5868664979934692,0.012908656150102615,0.0,5.962029457092285
840,4,13,0.4304202198982239,0.4304202198982239,0.011883446015417576,0.0,5.95170259475708
840,4,14,0.7632793188095093,0.7632793188095093,0.012455512769520283,0.0,5.817572116851807
840,4,15,0.1709366738796234,0.1709366738796234,0.014616096392273903,0.0,5.800556659698486
840,4,16,0.13009755313396454,0.13009755313396454,0.012500237673521042,0.0,5.341183662414551
840,4,17,0.6078065633773804,0.6078065633773804,0.012327157892286777,0.0,6.2732648849487305
840,4,18,0.23574060201644897,0.23574060201644897,0.01461862400174141,0.0,4.452692985534668
840,4,19,0.2885782718658447,0.2885782718658447,0.01289272215217352,0.0,5.134573936462402
820,0,0,-0.2640516757965088,-0.2640516757965088,0.015306412242352962,0.0,5.821221351623535
820,0,1,-0.22286070883274078,-0.22286070883274078,0.012767696753144264,0.0,5.414053440093994
820,0,2,-0.24734099209308624,-0.24734099209308624,0.01305818185210228,0.0,6.190178871154785
820,0,3,-0.5237983465194702,-0.5237983465194702,0.013888821005821228,0.0,5.837682723999023
820,0,4,0.43944427371025085,0.43944427371025085,0.012720013037323952,0.0,5.71095085144043
820,0,5,-0.41326582431793213,-0.41326582431793213,0.013897835277020931,0.0,5.550898551940918
820,0,6,0.45468395948410034,0.45468395948410034,0.013454064726829529,0.0,5.560721397399902
820,0,7,0.4058825969696045,0.4058825969696045,0.012934395112097263,0.0,5.792853832244873
820,0,8,-0.13414330780506134,-0.13414330780506134,0.012797601521015167,0.0,5.444944858551025
820,0,9,0.244230717420578,0.244230717420578,0.012914009392261505,0.0,5.341489791870117
820,0,10,-0.5518152117729187,-0.5518152117729187,0.015597457997500896,0.0,5.264066219329834
820,0,11,-0.16259801387786865,-0.16259801387786865,0.013372614979743958,0.0,5.8534345626831055
820,0,12,-0.31213757395744324,-0.31213757395744324,0.012969518080353737,0.0,4.985437393188477
820,0,13,-0.29410144686698914,-0.29410144686698914,0.014920941554009914,0.0,5.671857833862305
820,0,14,-0.2839610278606415,-0.2839610278606415,0.013063296675682068,0.0,5.421652793884277
820,0,15,0.19613352417945862,0.19613352417945862,0.013848663307726383,0.0,5.430656433105469
820,0,16,-2.044257402420044,-2.044257402420044,0.0145565215498209,0.0,5.991436958312988
820,0,17,0.02915837988257408,0.02915837988257408,0.013463740237057209,0.0,5.649160861968994
820,0,18,-0.43829795718193054,-0.43829795718193054,0.016586022451519966,0.0,5.7781081199646
820,0,19,-0.00045744370436295867,-0.00045744370436295867,0.01305475179105997,0.0,5.447929382324219
820,1,0,-0.7563039064407349,-0.7563039064407349,0.015044904313981533,0.0,6.841268539428711
820,1,1,-1.3463914394378662,-1.3463914394378662,0.012399657629430294,0.0,6.401721477508545
820,1,2,-0.299390971660614,-0.299390971660614,0.013388710096478462,0.0,6.266181945800781
820,1,3,-0.8100826740264893,-0.8100826740264893,0.057547859847545624,0.0,6.935641288757324
820,1,4,1.6619725227355957,-0.3380275368690491,0.9822654724121094,1.0,6.829932689666748
820,1,5,-1.179701805114746,-1.179701805114746,0.030147705227136612,0.0,6.369491100311279
820,1,6,-0.07929325848817825,-0.07929325848817825,0.013549447059631348,0.0,5.339767932891846
820,1,7,0.3615877628326416,0.3615877628326416,0.012895150110125542,0.0,5.224599361419678
820,1,8,-0.2668529450893402,-0.2668529450893402,0.013450964353978634,0.0,5.432808876037598
820,1,9,-1.4592267274856567,-1.4592267274856567,0.014501044526696205,0.0,6.297554016113281
820,1,10,-0.906944215297699,-0.906944215297699,0.014755424112081528,0.0,5.626453399658203
820,1,11,-0.7506797313690186,-0.7506797313690186,0.014664550311863422,0.0,6.928061485290527
820,1,12,-1.2149142026901245,-1.2149142026901245,0.014547132886946201,0.0,5.60196590423584
820,1,13,-0.789745032787323,-0.789745032787323,0.01628902554512024,0.0,6.26334285736084
820,1,14,-1.4182028770446777,-1.4182028770446777,0.01316751353442669,0.0,6.223516464233398
820,1,15,-1.2287298440933228,-1.2287298440933228,0.014429395087063313,0.0,6.155764579772949
820,1,16,1.9977915287017822,-0.0022084254305809736,0.9840227365493774,1.0,6.2827959060668945
820,1,17,-1.39993417263031,-1.39993417263031,0.0135042080655694,0.0,5.632104396820068
820,1,18,1.3371915817260742,-0.6628084182739258,0.9856480360031128,1.0,6.949565887451172
820,1,19,2.027482271194458,0.02748238481581211,0.9854296445846558,1.0,6.0735321044921875
820,2,0,0.3046337962150574,0.3046337962150574,0.012403979897499084,0.0,6.677957534790039
820,2,1,0.5867134928703308,0.5867134928703308,0.012550284154713154,0.0,4.733257293701172
820,2,2,0.43303030729293823,0.43303030729293823,0.013216887600719929,0.0,5.6641130447387695
820,2,3,0.3950502872467041,0.3950502872467041,0.012546230107545853,0.0,6.25567102432251
820,2,4,0.5058231949806213,0.5058231949806213,0.012714756652712822,0.0,5.197674751281738
820,2,5,0.18693099915981293,0.18693099915981293,0.012071770615875721,0.0,6.372065544128418
820,2,6,0.7185921669006348,0.7185921669006348,0.012783356010913849,0.0,5.769907474517822
820,2,7,0.28170570731163025,0.28170570731163025,0.012412802316248417,0.0,6.533270359039307
820,2,8,2.6972649097442627,0.6972649693489075,0.9833847284317017,1.0,6.816011428833008
820,2,9,0.6494433283805847,0.6494433283805847,0.013223967514932156,0.0,5.769807815551758
820,2,10,0.005461911205202341,0.005461911205202341,0.012200084514915943,0.0,5.748014450073242
820,2,11,0.4211660325527191,0.4211660325527191,0.013548045419156551,0.0,5.99710750579834
820,2,12,-0.040059447288513184,-0.040059447288513184,0.013016181997954845,0.0,6.035737037658691
820,2,13,0.705105721950531,0.705105721950531,0.01533333770930767,0.0,5.820406913757324
820,2,14,-0.18104471266269684,-0.18104471266269684,0.012899568304419518,0.0,6.6566901206970215
820,2,15,0.7373813390731812,0.7373813390731812,0.013123741373419762,0.0,6.00877046585083
820,2,16,0.4536246955394745,0.4536246955394745,0.01301147323101759,0.0,6.107977867126465
820,2,17,-0.7785910367965698,-0.7785910367965698,0.013140295632183552,0.0,5.461332321166992
820,2,18,0.26826006174087524,0.26826006174087524,0.012779168784618378,0.0,5.722170829772949
820,2,19,-0.18339647352695465,-0.18339647352695465,0.012341348454356194,0.0,6.226824760437012
820,3,0,-0.4670267403125763,-0.4670267403125763,0.014261393807828426,0.0,5.772836208343506
820,3,1,-0.733945369720459,-0.733945369720459,0.014503879472613335,0.0,5.828805446624756
820,3,2,0.4335629343986511,0.4335629343986511,0.012767232954502106,0.0,5.907033920288086
820,3,3,0.33166810870170593,0.33166810870170593,0.013282964006066322,0.0,5.376540660858154
820,3,4,0.0011095626978203654,0.0011095626978203654,0.012842437252402306,0.0,6.352852821350098
820,3,5,-1.2920610904693604,-1.2920610904693604,0.013405154459178448,0.0,5.6356072425842285
820,3,6,0.3932282328605652,0.3932282328605652,0.0,0.0,6.192373275756836
820,3,7,-1.0241484642028809,-1.0241484642028809,0.0199501421302557,0.0,5.858151435852051
820,3,8,1.372117280960083,-0.627882719039917,0.9868059158325195,1.0,6.908426284790039
820,3,9,0.8333436250686646,-1.1666563749313354,0.9722060561180115,1.0,6.108852386474609
820,3,10,-0.21761402487754822,-0.21761402487754822,0.015302812680602074,0.0,6.209111213684082
820,3,11,-0.5382909774780273,-0.5382909774780273,0.01333609875291586,0.0,5.542479515075684
820,3,12,-0.9252259135246277,-0.9252259135246277,0.014766326174139977,0.0,5.980449676513672
820,3,13,-0.5973486304283142,-0.5973486304283142,0.013322294689714909,0.0,6.1924567222595215
820,3,14,-0.8087685704231262,-0.8087685704231262,0.013405733741819859,0.0,4.633138656616211
820,3,15,-0.8519099354743958,-0.8519099354743958,0.013509963639080524,0.0,5.885207176208496
820,3,16,-0.010339421220123768,-0.010339421220123768,0.012489140965044498,0.0,5.468738555908203
820,3,17,-0.8737176060676575,-0.8737176060676575,0.014237984083592892,0.0,5.7521562576293945
820,3,18,-0.10855437815189362,-0.10855437815189362,0.013024511747062206,0.0,5.046861171722412
820,3,19,0.062436580657958984,0.062436580657958984,0.013200814835727215,0.0,4.608634948730469
820,4,0,-0.3828738331794739,-0.3828738331794739,0.012275314889848232,0.0,5.692098617553711
820,4,1,0.5973172783851624,0.5973172783851624,0.016196435317397118,0.0,6.467473030090332
820,4,2,0.36411359906196594,0.36411359906196594,0.018969014286994934,0.0,5.620368957519531
820,4,3,-0.05420627072453499,-0.05420627072453499,0.012829461134970188,0.0,5.43204927444458
820,4,4,0.25631606578826904,0.25631606578826904,0.012723450548946857,0.0,6.46433162689209
820,4,5,0.5767883658409119,0.5767883658409119,0.01337276492267847,0.0,5.420249938964844
820,4,6,0.588483989238739,0.588483989238739,0.012648068368434906,0.0,5.931550025939941
820,4,7,-0.02444109506905079,-0.02444109506905079,0.01691443659365177,0.0,5.815085411071777
820,4,8,-0.24867765605449677,-0.24867765605449677,0.012886946089565754,0.0,6.053452491760254
820,4,9,0.7435453534126282,0.7435453534126282,0.012162021361291409,0.0,7.148960590362549
820,4,10,-0.8227663636207581,-0.8227663636207581,0.016294481232762337,0.0,6.150547981262207
820,4,11,-0.08777278661727905,-0.08777278661727905,0.012945473194122314,0.0,5.969867706298828
820,4,12,0.11146103590726852,0.11146103590726852,0.01224872563034296,0.0,5.703024864196777
820,4,13,0.21342740952968597,0.21342740952968597,0.01400958001613617,0.0,5.836919784545898
820,4,14,0.45691418647766113,0.45691418647766113,0.01352487038820982,0.0,5.688029766082764
820,4,15,-1.284617304801941,-1.284617304801941,0.01290156040340662,0.0,6.178986072540283
820,4,16,0.5297200083732605,0.5297200083732605,0.015188806690275669,0.0,5.836184501647949
820,4,17,0.7384896874427795,0.7384896874427795,0.01209762692451477,0.0,6.035918235778809
820,4,18,0.20033346116542816,0.20033346116542816,0.013240402564406395,0.0,5.705997467041016
820,4,19,0.24669398367404938,0.24669398367404938,0.011935776099562645,0.0,5.288311958312988
800,0,0,-0.8735036849975586,-0.8735036849975586,0.014171913266181946,0.0,6.220325469970703
800,0,1,-0.8407722115516663,-0.8407722115516663,0.012634344398975372,0.0,5.355120658874512
800,0,2,0.17280353605747223,0.17280353605747223,0.013491204008460045,0.0,6.241413116455078
800,0,3,0.35234376788139343,0.35234376788139343,0.012982863001525402,0.0,5.557060241699219
800,0,4,0.1054803803563118,0.1054803803563118,0.01238359697163105,0.0,5.666059494018555
800,0,5,0.5861446857452393,0.5861446857452393,0.014471963047981262,0.0,5.910297870635986
800,0,6,0.09925149381160736,0.09925149381160736,0.013499641790986061,0.0,5.297563552856445
800,0,7,0.2902452349662781,0.2902452349662781,0.014583777636289597,0.0,5.338844299316406
800,0,8,0.7365440130233765,0.7365440130233765,0.0,0.0,5.610904216766357
800,0,9,-0.16513116657733917,-0.16513116657733917,0.014332031831145287,0.0,5.927992820739746
800,0,10,0.2126208394765854,0.2126208394765854,0.01239099446684122,0.0,7.071131229400635
800,0,11,0.48850393295288086,0.48850393295288086,0.012430638074874878,0.0,5.474375247955322
800,0,12,0.06447932869195938,0.06447932869195938,0.013183191418647766,0.0,7.008111953735352
800,0,13,0.2219420075416565,0.2219420075416565,0.01280647236853838,0.0,5.891231536865234
800,0,14,0.44609206914901733,0.44609206914901733,0.013437126763164997,0.0,5.49503231048584
800,0,15,-0.7122429609298706,-0.7122429609298706,0.01347413007169962,0.0,5.086025238037109
800,0,16,0.4797287881374359,0.4797287881374359,0.01306636817753315,0.0,5.553356647491455
800,0,17,-0.0316256508231163,-0.0316256508231163,0.014693171717226505,0.0,5.588665008544922
800,0,18,-0.2664514482021332,-0.2664514482021332,0.01283713337033987,0.0,5.800054550170898
800,0,19,-0.10521680116653442,-0.10521680116653442,0.014213250949978828,0.0,5.812995910644531
800,1,0,0.15125249326229095,0.15125249326229095,0.014132275246083736,0.0,5.778927326202393
800,1,1,-0.45075637102127075,-0.45075637102127075,0.015048551373183727,0.0,5.166542053222656
800,1,2,-0.6439647674560547,-0.6439647674560547,0.01237176451832056,0.0,6.521920204162598
800,1,3,0.11431480944156647,0.11431480944156647,0.013029249384999275,0.0,5.960073471069336
800,1,4,-1.9549908638000488,-1.9549908638000488,0.015882473438978195,0.0,6.64504861831665
800,1,5,0.5481483340263367,0.5481483340263367,0.016283247619867325,0.0,5.546919345855713
800,1,6,-0.7108595967292786,-0.7108595967292786,0.013327064923942089,0.0,6.205841064453125
800,1,7,-0.774000883102417,-0.774000883102417,0.015623146668076515,0.0,5.633083820343018
800,1,8,-0.6165337562561035,-0.6165337562561035,0.014079596847295761,0.0,5.536262035369873
800,1,9,-1.7555073499679565,-1.7555073499679565,0.013524188660085201,0.0,4.474122047424316
800,1,10,-0.19754737615585327,-0.19754737615585327,0.012876045890152454,0.0,6.20269775390625
800,1,11,2.1855111122131348,0.18551120162010193,0.9830105304718018,1.0,6.560137748718262
800,1,12,-1.9094593524932861,-1.9094593524932861,0.013556906953454018,0.0,5.728003978729248
800,1,13,0.17596377432346344,0.17596377432346344,0.013025275431573391,0.0,6.020540714263916
800,1,14,-2.162339210510254,-2.162339210510254,0.017866350710392,0.0,5.280116558074951
800,1,15,-1.053939938545227,-1.053939938545227,0.013459381647408009,0.0,5.566912651062012
800,1,16,-0.2347499132156372,-0.2347499132156372,0.013213294558227062,0.0,6.309404373168945
800,1,17,-0.4534468352794647,-0.4534468352794647,0.013620412908494473,0.0,6.231483459472656
800,1,18,0.18098336458206177,0.18098336458206177,0.013227158226072788,0.0,5.981081962585449
800,1,19,-0.016621708869934082,-0.016621708869934082,0.012964758090674877,0.0,6.634627342224121
800,2,0,0.6014612913131714,0.6014612913131714,0.014192260801792145,0.0,5.752056121826172
800,2,1,0.47850415110588074,0.47850415110588074,0.012214896269142628,0.0,6.335339069366455
800,2,2,0.41880741715431213,0.41880741715431213,0.013389749452471733,0.0,6.1238532066345215
800,2,3,1.1104013919830322,1.1104013919830322,0.012542729265987873,0.0,4.962397575378418
800,2,4,2.433180809020996,0.43318086862564087,0.98270583152771,1.0,6.31032657623291
800,2,5,-0.6538719534873962,-0.6538719534873962,0.015415468253195286,0.0,7.200597763061523
800,2,6,2.9554760456085205,0.9554760456085205,0.9857611060142517,1.0,6.608420372009277
800,2,7,0.9853175282478333,0.9853175282478333,0.012364367954432964,0.0,6.148346900939941
800,2,8,2.1247940063476562,0.12479399144649506,0.9826891422271729,1.0,6.52518367767334
800,2,9,0.10192033648490906,0.10192033648490906,0.033426433801651,0.0,6.166830062866211
800,2,10,-0.6711570024490356,-0.6711570024490356,0.012166914530098438,0.0,6.047058582305908
800,2,11,-0.3243233859539032,-0.3243233859539032,0.013588149100542068,0.0,6.263759613037109
800,2,12,-1.5710947513580322,-1.5710947513580322,0.01254053134471178,0.0,5.717205047607422
800,2,13,0.6781038641929626,0.6781038641929626,0.06408147513866425,0.0,6.412510395050049
800,2,14,2.705681085586548,0.7056810259819031,0.9843590259552002,1.0,5.783537864685059
800,2,15,0.4626820981502533,0.4626820981502533,0.012131250463426113,0.0,6.588300704956055
800,2,16,0.6566191911697388,0.6566191911697388,0.013064340688288212,0.0,6.303142547607422
800,2,17,2.3335304260253906,0.3335305154323578,0.9827967882156372,1.0,5.5982794761657715
800,2,18,0.6836332082748413,0.6836332082748413,0.013147562742233276,0.0,5.999372959136963
800,2,19,0.1611918956041336,0.1611918956041336,0.0190456360578537,0.0,5.629754066467285
800,3,0,-0.2946125864982605,-0.2946125864982605,0.013135493732988834,0.0,5.4081525802612305
800,3,1,-1.0378217697143555,-1.0378217697143555,0.013271588832139969,0.0,6.250202178955078
800,3,2,-1.149105429649353,-1.149105429649353,0.012966820038855076,0.0,6.066514015197754
800,3,3,-0.9656655192375183,-0.9656655192375183,0.01289101131260395,0.0,6.24666690826416
800,3,4,-0.8010146021842957,-0.8010146021842957,0.0,0.0,6.438627243041992
800,3,5,-0.43244946002960205,-0.43244946002960205,0.012986132875084877,0.0,5.50532865524292
800,3,6,0.19599004089832306,0.19599004089832306,0.013465601950883865,0.0,5.6847100257873535
800,3,7,0.052095457911491394,0.052095457911491394,0.012825772166252136,0.0,5.818185806274414
800,3,8,0.10120145231485367,0.10120145231485367,0.015763211995363235,0.0,6.184500217437744
800,3,9,-0.9601113200187683,-0.9601113200187683,0.013203324750065804,0.0,6.830578804016113
800,3,10,-0.7408561110496521,-0.7408561110496521,0.014438038691878319,0.0,6.142118453979492
800,3,11,-0.32157695293426514,-0.32157695293426514,0.016208278015255928,0.0,5.798246383666992
800,3,12,-0.992482602596283,-0.992482602596283,0.022789914160966873,0.0,5.747698783874512
800,3,13,-0.7523175477981567,-0.7523175477981567,0.014621095731854439,0.0,5.970634460449219
800,3,14,-0.41803157329559326,-0.41803157329559326,0.013184339739382267,0.0,5.007960319519043
800,3,15,-0.8511073589324951,-0.8511073589324951,0.012287359684705734,0.0,5.56258487701416
800,3,16,-0.30697089433670044,-0.30697089433670044,0.015001551248133183,0.0,5.995817184448242
800,3,17,-2.038893222808838,-2.038893222808838,0.0133202588185668,0.0,5.625123977661133
800,3,18,-0.22340992093086243,-0.22340992093086243,0.013627474196255207,0.0,5.958505630493164
800,3,19,-0.46356070041656494,-0.46356070041656494,0.017971957102417946,0.0,6.907521724700928
800,4,0,0.5008906722068787,0.5008906722068787,0.012668462470173836,0.0,4.781817436218262
800,4,1,-0.17373450100421906,-0.17373450100421906,0.012821467593312263,0.0,5.429353713989258
800,4,2,0.13600024580955505,0.13600024580955505,0.012236605398356915,0.0,6.509136199951172
800,4,3,-0.27281829714775085,-0.27281829714775085,0.02908889763057232,0.0,5.594595909118652
800,4,4,0.4725605845451355,0.4725605845451355,0.012378105893731117,0.0,5.517514705657959
800,4,5,-0.25253480672836304,-0.25253480672836304,0.012633131816983223,0.0,5.639863014221191
800,4,6,0.47376585006713867,0.47376585006713867,0.01246646698564291,0.0,5.568184852600098
800,4,7,0.34005293250083923,0.34005293250083923,0.014421999454498291,0.0,5.996816158294678
800,4,8,0.052773360162973404,0.052773360162973404,0.013272382318973541,0.0,5.915525436401367
800,4,9,0.4368278980255127,0.4368278980255127,0.012261499650776386,0.0,5.781594276428223
800,4,10,0.4117533266544342,0.4117533266544342,0.01188170537352562,0.0,5.801177978515625
800,4,11,0.6280643343925476,0.6280643343925476,0.01241878978908062,0.0,5.816932678222656
800,4,12,0.0794047936797142,0.0794047936797142,0.012685089372098446,0.0,5.906119346618652
800,4,13,-0.07389798760414124,-0.07389798760414124,0.012228216975927353,0.0,5.678696632385254
800,4,14,0.3325905501842499,0.3325905501842499,0.014264068566262722,0.0,6.495394229888916
800,4,15,-0.014453472569584846,-0.014453472569584846,0.025585927069187164,0.0,5.4674506187438965
800,4,16,-0.022195016965270042,-0.022195016965270042,0.016522837802767754,0.0,4.805415153503418
800,4,17,-0.2800542116165161,-0.2800542116165161,0.012067960575222969,0.0,5.833978652954102
800,4,18,0.4472143352031708,0.4472143352031708,0.01203042920678854,0.0,5.828054428100586
800,4,19,-0.16333836317062378,-0.16333836317062378,0.012247162871062756,0.0,6.117284774780273
780,0,0,-0.09232201427221298,-0.09232201427221298,0.013851149939000607,0.0,5.648026466369629
780,0,1,-0.0692923441529274,-0.0692923441529274,0.012845365330576897,0.0,4.610608100891113
780,0,2,0.3892970681190491,0.3892970681190491,0.012960171326994896,0.0,5.8828125
780,0,3,0.2886494994163513,0.2886494994163513,0.013762046582996845,0.0,6.472402572631836
780,0,4,0.35409480333328247,0.35409480333328247,0.012729921378195286,0.0,6.584153652191162
780,0,5,0.6347902417182922,0.6347902417182922,0.012782681733369827,0.0,6.864593505859375
780,0,6,-0.3754260540008545,-0.3754260540008545,0.01300820242613554,0.0,5.359755992889404
780,0,7,-0.3058643937110901,-0.3058643937110901,0.014584805816411972,0.0,4.970836639404297
780,0,8,0.0016424827044829726,0.0016424827044829726,0.013322187587618828,0.0,6.33759069442749
780,0,9,-0.21557269990444183,-0.21557269990444183,0.014735272154211998,0.0,5.756479263305664
780,0,10,0.4927865266799927,0.4927865266799927,0.012575583532452583,0.0,5.514875888824463
780,0,11,0.00862378440797329,0.00862378440797329,0.012638907879590988,0.0,6.606780529022217
780,0,12,0.4168214499950409,0.4168214499950409,0.01398576982319355,0.0,5.4668097496032715
780,0,13,-0.11626651883125305,-0.11626651883125305,0.014539746567606926,0.0,6.306902885437012
780,0,14,-0.8603980541229248,-0.8603980541229248,0.012964833527803421,0.0,6.046590328216553
780,0,15,0.5304369330406189,0.5304369330406189,0.012847675941884518,0.0,5.67207145690918
780,0,16,0.5867899656295776,0.5867899656295776,0.015094142407178879,0.0,6.040382385253906
780,0,17,-0.025530006736516953,-0.025530006736516953,0.013611541129648685,0.0,6.286078453063965
780,0,18,-0.4046385586261749,-0.4046385586261749,0.013377119787037373,0.0,6.530048370361328
780,0,19,0.10772108286619186,0.10772108286619186,0.013431273400783539,0.0,6.474767684936523
780,1,0,-1.101235032081604,-1.101235032081604,0.013560771010816097,0.0,6.009341239929199
780,1,1,-0.5478943586349487,-0.5478943586349487,0.01373196393251419,0.0,6.676520347595215
780,1,2,-0.8611794710159302,-0.8611794710159302,0.017519930377602577,0.0,6.351776123046875
780,1,3,-0.7865118384361267,-0.7865118384361267,0.013823235407471657,0.0,6.144299507141113
780,1,4,-1.6881816387176514,-1.6881816387176514,0.017021846026182175,0.0,6.021975040435791
780,1,5,-1.6395982503890991,-1.6395982503890991,0.016825499013066292,0.0,4.792550086975098
780,1,6,-1.2312666177749634,-1.2312666177749634,0.013684636913239956,0.0,5.30534029006958
780,1,7,-0.7916885614395142,-0.7916885614395142,0.014622277580201626,0.0,6.830543518066406
780,1,8,-2.197324275970459,-2.197324275970459,0.013930462300777435,0.0,5.2351179122924805
780,1,9,-0.9887837171554565,-0.9887837171554565,0.013347460888326168,0.0,5.274196147918701
780,1,10,-0.9206799864768982,-0.9206799864768982,0.012907464057207108,0.0,6.020065784454346
780,1,11,-0.18845264613628387,-0.18845264613628387,0.013978347182273865,0.0,5.848215579986572
780,1,12,-0.6926177740097046,-0.6926177740097046,0.014193005859851837,0.0,7.034472465515137
780,1,13,-1.172463059425354,-1.172463059425354,0.013588763773441315,0.0,5.934027671813965
780,1,14,-1.0953094959259033,-1.0953094959259033,0.01425123494118452,0.0,5.491086959838867
780,1,15,-0.00471985200420022,-0.00471985200420022,0.013690263964235783,0.0,6.299372673034668
780,1,16,-0.2830871343612671,-0.2830871343612671,0.012861010618507862,0.0,7.261616230010986
780,1,17,1.9390151500701904,-0.06098484247922897,0.9835251569747925,1.0,6.070706367492676
780,1,18,-0.23770713806152344,-0.23770713806152344,0.01471802219748497,0.0,6.587190628051758
780,1,19,-1.190112829208374,-1.190112829208374,0.014419025741517544,0.0,5.241473197937012
780,2,0,2.697437286376953,0.6974372863769531,0.9843445420265198,1.0,6.940469741821289
780,2,1,0.31349503993988037,0.31349503993988037,0.013567298650741577,0.0,5.992885112762451
780,2,2,0.42257046699523926,0.42257046699523926,0.012631190940737724,0.0,5.198055744171143
780,2,3,0.5283917784690857,0.5283917784690857,0.013304831460118294,0.0,5.222653388977051
780,2,4,0.629274308681488,0.629274308681488,0.011923322454094887,0.0,6.828970909118652
780,2,5,0.3736945390701294,0.3736945390701294,0.01266035158187151,0.0,5.386887550354004
780,2,6,-0.09853684157133102,-0.09853684157133102,0.012250196188688278,0.0,5.353506088256836
780,2,7,0.1639389842748642,0.1639389842748642,0.01893547922372818,0.0,6.855910301208496
780,2,8,0.0036669326946139336,0.0036669326946139336,0.012788061983883381,0.0,5.852944374084473
780,2,9,-0.07346471399068832,-0.07346471399068832,0.01689470373094082,0.0,5.418868064880371
780,2,10,0.030336251482367516,0.030336251482367516,0.013974201865494251,0.0,5.792363166809082
780,2,11,0.48722168803215027,0.48722168803215027,0.012486717663705349,0.0,5.875250816345215
780,2,12,0.4873967468738556,0.4873967468738556,0.013626782223582268,0.0,6.348634719848633
780,2,13,0.6378507614135742,0.6378507614135742,0.013028066605329514,0.0,5.81749153137207
780,2,14,-0.6198577880859375,-0.6198577880859375,0.013095819391310215,0.0,5.791965484619141
780,2,15,-0.17500540614128113,-0.17500540614128113,0.01305144652724266,0.0,5.850437641143799
780,2,16,0.15183265507221222,0.15183265507221222,0.013702127151191235,0.0,4.801107406616211
780,2,17,0.13562482595443726,0.13562482595443726,0.01815180294215679,0.0,6.6298322677612305
780,2,18,-0.021179720759391785,-0.021179720759391785,0.01563732884824276,0.0,5.958698272705078
780,2,19,0.860828697681427,0.860828697681427,0.01442865002900362,0.0,6.671077728271484
780,3,0,-0.490642786026001,-0.490642786026001,0.013781942427158356,0.0,5.395923614501953
780,3,1,-0.008379084058105946,-0.008379084058105946,0.012738337740302086,0.0,5.65367317199707
780,3,2,-0.45957455039024353,-0.45957455039024353,0.012668290175497532,0.0,5.589693069458008
780,3,3,0.2417994737625122,0.2417994737625122,0.012257578782737255,0.0,5.006371021270752
780,3,4,1.457179307937622,-0.5428207516670227,0.9731008410453796,1.0,5.298019886016846
780,3,5,-0.12003344297409058,-0.12003344297409058,0.013713248074054718,0.0,6.154138565063477
780,3,6,-0.3049267530441284,-0.3049267530441284,0.013816685415804386,0.0,5.700710296630859
780,3,7,0.17624112963676453,0.17624112963676453,0.01284069661051035,0.0,5.781079292297363
780,3,8,1.4212853908538818,-0.5787146091461182,0.9654840230941772,1.0,6.628602504730225
780,3,9,-0.061719488352537155,-0.061719488352537155,0.013348676264286041,0.0,4.994752883911133
780,3,10,-0.9919871091842651,-0.9919871091842651,0.013045729137957096,0.0,5.697925090789795
780,3,11,-1.1131786108016968,-1.1131786108016968,0.01340539287775755,0.0,5.791728973388672
780,3,12,-0.818922221660614,-0.818922221660614,0.014292437583208084,0.0,5.421875476837158
780,3,13,-1.9496557712554932,-1.9496557712554932,0.0,0.0,5.383650779724121
780,3,14,-0.3103192448616028,-0.3103192448616028,0.013599679805338383,0.0,6.227695465087891
780,3,15,-0.16427358984947205,-0.16427358984947205,0.013347108848392963,0.0,5.851222991943359
780,3,16,-1.1965935230255127,-1.1965935230255127,0.019201776012778282,0.0,6.623472213745117
780,3,17,-0.6586591601371765,-0.6586591601371765,0.01304986234754324,0.0,5.974721431732178
780,3,18,1.8534772396087646,-0.14652280509471893,0.9838563203811646,1.0,7.261384010314941
780,3,19,0.17880715429782867,0.17880715429782867,0.013207300566136837,0.0,5.838100433349609
780,4,0,0.07016713172197342,0.07016713172197342,0.012687639333307743,0.0,5.534268379211426
780,4,1,0.4164581596851349,0.4164581596851349,0.012497912161052227,0.0,5.920742034912109
780,4,2,0.9180559515953064,0.9180559515953064,0.012090608477592468,0.0,6.048335075378418
780,4,3,0.450834721326828,0.450834721326828,0.015077853575348854,0.0,5.041720390319824
780,4,4,0.44062328338623047,0.44062328338623047,0.012846718542277813,0.0,5.93757438659668
780,4,5,-0.6211861968040466,-0.6211861968040466,0.013086823746562004,0.0,6.126220703125
780,4,6,-0.20236529409885406,-0.20236529409885406,0.012147090397775173,0.0,6.210017204284668
780,4,7,0.309312105178833,0.309312105178833,0.01276368647813797,0.0,5.3975300788879395
780,4,8,0.043618254363536835,0.043618254363536835,0.013107090257108212,0.0,5.553060054779053
780,4,9,0.8424351811408997,0.8424351811408997,0.012136423029005527,0.0,6.315089702606201
780,4,10,0.1528218388557434,0.1528218388557434,0.013899888843297958,0.0,5.654541969299316
780,4,11,0.5462676286697388,0.5462676286697388,0.012627541087567806,0.0,5.502989292144775
780,4,12,0.04466693475842476,0.04466693475842476,0.015027843415737152,0.0,6.131750106811523
780,4,13,0.2770325243473053,0.2770325243473053,0.013084773905575275,0.0,5.589570045471191
780,4,14,-0.10183679312467575,-0.10183679312467575,0.012818980030715466,0.0,6.10023307800293
780,4,15,0.36641737818717957,0.36641737818717957,0.01206278707832098,0.0,5.673210144042969
780,4,16,0.18170078098773956,0.18170078098773956,0.014099515043199062,0.0,5.881163597106934
780,4,17,-0.17374543845653534,-0.17374543845653534,0.01675640419125557,0.0,6.559405326843262
780,4,18,-0.832728385925293,-0.832728385925293,0.013306252658367157,0.0,6.734891891479492
780,4,19,0.5517923831939697,0.5517923831939697,0.012393228709697723,0.0,6.245048999786377
760,0,0,0.315662682056427,0.315662682056427,0.01408324483782053,0.0,5.534305572509766
760,0,1,0.4696917235851288,0.4696917235851288,0.012741444632411003,0.0,5.2044782638549805
760,0,2,0.4480988085269928,0.4480988085269928,0.013533932156860828,0.0,5.743071556091309
760,0,3,0.47723954916000366,0.47723954916000366,0.013836984522640705,0.0,5.563015460968018
760,0,4,0.26658573746681213,0.26658573746681213,0.01328908558934927,0.0,6.604227066040039
760,0,5,-0.011352828703820705,-0.011352828703820705,0.014773230068385601,0.0,5.974374771118164
760,0,6,0.014008344151079655,0.014008344151079655,0.017738699913024902,0.0,7.016983985900879
760,0,7,0.4766061305999756,0.4766061305999756,0.013720021583139896,0.0,5.223172187805176
760,0,8,0.36826199293136597,0.36826199293136597,0.013105696998536587,0.0,5.799367904663086
760,0,9,0.3930662274360657,0.3930662274360657,0.014284229837357998,0.0,6.0731425285339355
760,0,10,0.13234202563762665,0.13234202563762665,0.013720441609621048,0.0,6.293521881103516
760,0,11,-0.41369664669036865,-0.41369664669036865,0.013389838859438896,0.0,6.07308292388916
760,0,12,-0.20574313402175903,-0.20574313402175903,0.013352494686841965,0.0,5.967469215393066
760,0,13,-0.0016194533091038465,-0.0016194533091038465,0.013099332340061665,0.0,6.237114429473877
760,0,14,-0.26004400849342346,-0.26004400849342346,0.014125466346740723,0.0,5.785609722137451
760,0,15,0.28164589405059814,0.28164589405059814,0.013728871010243893,0.0,6.301881790161133
760,0,16,-0.129190132021904,-0.129190132021904,0.014046394266188145,0.0,5.1607666015625
760,0,17,-0.269591361284256,-0.269591361284256,0.01372310146689415,0.0,5.284912109375
760,0,18,0.1338157057762146,0.1338157057762146,0.014324314892292023,0.0,5.993049621582031
760,0,19,-0.17110396921634674,-0.17110396921634674,0.013996253721415997,0.0,5.179018497467041
760,1,0,-0.4919684827327728,-0.4919684827327728,0.014958041720092297,0.0,5.456821441650391
760,1,1,-0.5861004590988159,-0.5861004590988159,0.01697321981191635,0.0,5.816347122192383
760,1,2,-1.7838904857635498,-1.7838904857635498,0.014449713751673698,0.0,5.559521675109863
760,1,3,-0.16049376130104065,-0.16049376130104065,0.013505479320883751,0.0,5.410684108734131
760,1,4,-1.1594243049621582,-1.1594243049621582,0.01706368662416935,0.0,5.8918328285217285
760,1,5,-0.36809688806533813,-0.36809688806533813,0.01402877178043127,0.0,6.294116020202637
760,1,6,-0.9993546605110168,-0.9993546605110168,0.01759006269276142,0.0,5.65008544921875
760,1,7,-1.1801484823226929,-1.1801484823226929,0.027843620628118515,0.0,5.5229082107543945
760,1,8,-0.8220924139022827,-0.8220924139022827,0.014825261197984219,0.0,5.7694830894470215
760,1,9,-1.1352053880691528,-1.1352053880691528,0.013797829858958721,0.0,4.22291374206543
760,1,10,-1.2764792442321777,-1.2764792442321777,0.012380215339362621,0.0,6.306125640869141
760,1,11,-0.9529228806495667,-0.9529228806495667,0.015962334349751472,0.0,7.002773284912109
760,1,12,-1.3938835859298706,-1.3938835859298706,0.014505446888506413,0.0,5.628669738769531
760,1,13,-2.0900967121124268,-2.0900967121124268,0.017359910532832146,0.0,5.923315048217773
760,1,14,-0.4682336747646332,-0.4682336747646332,0.013980351388454437,0.0,5.854012966156006
760,1,15,-0.5846449136734009,-0.5846449136734009,0.045563627034425735,0.0,6.425135612487793
760,1,16,-1.066915512084961,-1.066915512084961,0.015137927606701851,0.0,6.422031402587891
760,1,17,-0.4338572025299072,-0.4338572025299072,0.013305689208209515,0.0,5.169161796569824
760,1,18,-0.9661235809326172,-0.9661235809326172,0.013632314279675484,0.0,6.624701976776123
760,1,19,-1.2496259212493896,-1.2496259212493896,0.014205481857061386,0.0,5.369559288024902
760,2,0,0.7452462315559387,0.7452462315559387,0.012442263774573803,0.0,5.9662909507751465
760,2,1,0.07819065451622009,0.07819065451622009,0.01379389874637127,0.0,6.559514999389648
760,2,2,0.42611613869667053,0.42611613869667053,0.013483957387506962,0.0,5.881054878234863
760,2,3,0.7099624276161194,0.7099624276161194,0.013412686064839363,0.0,6.133913993835449
760,2,4,0.6995208859443665,0.6995208859443665,0.012451195158064365,0.0,6.043684959411621
760,2,5,0.5720853209495544,0.5720853209495544,0.012445943430066109,0.0,5.407583236694336
760,2,6,0.5605958700180054,0.5605958700180054,0.05362676456570625,0.0,6.529382705688477
760,2,7,-0.6724382638931274,-0.6724382638931274,0.012692306190729141,0.0,5.814085960388184
760,2,8,0.4325653314590454,0.4325653314590454,0.012940471060574055,0.0,5.363093376159668
760,2,9,0.9672031998634338,0.9672031998634338,0.012290681712329388,0.0,6.716290473937988
760,2,10,0.025965359061956406,0.025965359061956406,0.014227212406694889,0.0,6.492698669433594
760,2,11,0.43889790773391724,0.43889790773391724,0.014818340539932251,0.0,5.931457996368408
760,2,12,0.23965856432914734,0.23965856432914734,0.012549811974167824,0.0,5.758979320526123
760,2,13,0.6854687929153442,0.6854687929153442,0.012653013691306114,0.0,6.061975479125977
760,2,14,0.4263916313648224,0.4263916313648224,0.012862494215369225,0.0,6.676115036010742
760,2,15,2.83125901222229,0.83125901222229,0.9810652136802673,1.0,6.056630611419678
760,2,16,0.4872361123561859,0.4872361123561859,0.012729519978165627,0.0,6.456463813781738
760,2,17,0.5129814743995667,0.5129814743995667,0.013181299902498722,0.0,5.292830944061279
760,2,18,0.7568026185035706,0.7568026185035706,0.012798723764717579,0.0,5.807449817657471
760,2,19,0.19313134253025055,0.19313134253025055,0.013860153034329414,0.0,6.036346435546875
760,3,0,-0.5630258917808533,-0.5630258917808533,0.013840883038938046,0.0,5.965818881988525
760,3,1,-0.511924147605896,-0.511924147605896,0.013707498088479042,0.0,5.010411262512207
760,3,2,-0.40382838249206543,-0.40382838249206543,0.014096314087510109,0.0,5.457666873931885
760,3,3,-0.3740251958370209,-0.3740251958370209,0.012665461748838425,0.0,6.696634292602539
760,3,4,-0.4530630111694336,-0.4530630111694336,0.01439414918422699,0.0,6.391858100891113
760,3,5,-0.5278412699699402,-0.5278412699699402,0.013694165274500847,0.0,6.286828994750977
760,3,6,-0.8967146873474121,-0.8967146873474121,0.013777094893157482,0.0,5.053061485290527
760,3,7,-1.0100693702697754,-1.0100693702697754,0.01460951752960682,0.0,5.142913818359375
760,3,8,-0.6251440644264221,-0.6251440644264221,0.013557225465774536,0.0,5.455785751342773
760,3,9,-0.5895403027534485,-0.5895403027534485,0.013007322326302528,0.0,5.903360366821289
760,3,10,-0.5559689998626709,-0.5559689998626709,0.014207037165760994,0.0,5.626889228820801
760,3,11,-0.42997458577156067,-0.42997458577156067,0.013609936460852623,0.0,5.624061584472656
760,3,12,-0.1349664181470871,-0.1349664181470871,0.014089157804846764,0.0,6.278263092041016
760,3,13,-0.8154412508010864,-0.8154412508010864,0.014061816036701202,0.0,5.847934722900391
760,3,14,-0.2078360766172409,-0.2078360766172409,0.014165492728352547,0.0,5.391597270965576
760,3,15,-0.4844217002391815,-0.4844217002391815,0.014136647805571556,0.0,6.62076997756958
760,3,16,-0.2948572039604187,-0.2948572039604187,0.018485836684703827,0.0,6.116039276123047
760,3,17,-1.4773800373077393,-1.4773800373077393,0.013957205228507519,0.0,5.156350612640381
760,3,18,-1.03054678440094,-1.03054678440094,0.015396726317703724,0.0,5.566295623779297
760,3,19,-0.2709064483642578,-0.2709064483642578,0.014633391052484512,0.0,5.674149036407471
760,4,0,-0.0725904256105423,-0.0725904256105423,0.016876522451639175,0.0,6.260429382324219
760,4,1,0.11417922377586365,0.11417922377586365,0.015460263937711716,0.0,5.978176116943359
760,4,2,-0.6810011863708496,-0.6810011863708496,0.012611130252480507,0.0,5.472251892089844
760,4,3,-0.9622323513031006,-0.9622323513031006,0.012032344937324524,0.0,5.831731796264648
760,4,4,-0.3728563189506531,-0.3728563189506531,0.012930900789797306,0.0,5.481649875640869
760,4,5,0.4422514736652374,0.4422514736652374,0.012060084380209446,0.0,6.445898532867432
760,4,6,0.3714275360107422,0.3714275360107422,0.01323004625737667,0.0,4.440316200256348
760,4,7,0.03647690266370773,0.03647690266370773,0.017016613855957985,0.0,5.002814292907715
760,4,8,0.22875282168388367,0.22875282168388367,0.012502109631896019,0.0,6.0117692947387695
760,4,9,0.4663648307323456,0.4663648307323456,0.012166804634034634,0.0,5.905040740966797
760,4,10,0.7225770354270935,0.7225770354270935,0.013051740825176239,0.0,6.107133865356445
760,4,11,0.28063127398490906,0.28063127398490906,0.01175490953028202,0.0,5.2630615234375
760,4,12,0.48133763670921326,0.48133763670921326,0.011905504390597343,0.0,5.837770462036133
760,4,13,0.08030145615339279,0.08030145615339279,0.01486470177769661,0.0,5.862041473388672
760,4,14,0.2468767762184143,0.2468767762184143,0.013511464931070805,0.0,5.331327438354492
760,4,15,-0.18969590961933136,-0.18969590961933136,0.013701864518225193,0.0,5.382508277893066
760,4,16,0.15924733877182007,0.15924733877182007,0.01643179915845394,0.0,6.292394638061523
760,4,17,0.35755258798599243,0.35755258798599243,0.01364933606237173,0.0,5.3979363441467285
760,4,18,0.6684252023696899,0.6684252023696899,0.012726194225251675,0.0,5.881646633148193
760,4,19,0.3571726977825165,0.3571726977825165,0.012208305299282074,0.0,5.3459320068359375
740,0,0,0.6954429745674133,0.6954429745674133,0.012301001697778702,0.0,5.929786205291748
740,0,1,-0.15841282904148102,-0.15841282904148102,0.013830414973199368,0.0,4.750593662261963
740,0,2,0.4033483564853668,0.4033483564853668,0.013949556276202202,0.0,6.29212760925293
740,0,3,0.7865289449691772,0.7865289449691772,0.013687682338058949,0.0,5.732635498046875
740,0,4,-0.06450800597667694,-0.06450800597667694,0.012641996145248413,0.0,5.515929698944092
740,0,5,0.18661119043827057,0.18661119043827057,0.013711913488805294,0.0,5.017796516418457
740,0,6,-0.2892649471759796,-0.2892649471759796,0.01352059468626976,0.0,5.652180194854736
740,0,7,0.5321975946426392,0.5321975946426392,0.01246126089245081,0.0,5.968495845794678
740,0,8,0.48621582984924316,0.48621582984924316,0.013081787154078484,0.0,5.570896148681641
740,0,9,-0.06124906614422798,-0.06124906614422798,0.013607466593384743,0.0,5.263334274291992
740,0,10,0.44741010665893555,0.44741010665893555,0.013774089515209198,0.0,4.473966121673584
740,0,11,0.1666325330734253,0.1666325330734253,0.013339863158762455,0.0,6.113041400909424
740,0,12,0.3818032443523407,0.3818032443523407,0.013186599127948284,0.0,5.673486232757568
740,0,13,0.012822973541915417,0.012822973541915417,0.013960447162389755,0.0,5.90312385559082
740,0,14,-0.3855423927307129,-0.3855423927307129,0.013156859204173088,0.0,5.420041561126709
740,0,15,0.01497900951653719,0.01497900951653719,0.013986295089125633,0.0,5.232048511505127
740,0,16,0.19764827191829681,0.19764827191829681,0.014153079129755497,0.0,5.297281265258789
740,0,17,0.23101021349430084,0.23101021349430084,0.013901378028094769,0.0,5.8447370529174805
740,0,18,0.25865039229393005,0.25865039229393005,0.014041231013834476,0.0,5.801008224487305
740,0,19,-0.11360940337181091,-0.11360940337181091,0.013670407235622406,0.0,5.7370524406433105
740,1,0,-1.209407925605774,-1.209407925605774,0.01565275713801384,0.0,5.9904561042785645
740,1,1,-0.28296345472335815,-0.28296345472335815,0.014925427734851837,0.0,5.86306095123291
740,1,2,-1.8683123588562012,-1.8683123588562012,0.01574743166565895,0.0,5.802421569824219
740,1,3,-0.3691979944705963,-0.3691979944705963,0.013858876191079617,0.0,6.241443157196045
740,1,4,-0.8743979334831238,-0.8743979334831238,0.014389211311936378,0.0,5.172394752502441
740,1,5,-0.9866878986358643,-0.9866878986358643,0.013996082358062267,0.0,6.243518829345703
740,1,6,-0.7761310338973999,-0.7761310338973999,0.016521984711289406,0.0,5.893641948699951
740,1,7,-1.1983537673950195,-1.1983537673950195,0.016211971640586853,0.0,5.493995189666748
740,1,8,-1.574399709701538,-1.574399709701538,0.014860696159303188,0.0,6.185066223144531
740,1,9,-1.2761174440383911,-1.2761174440383911,0.015041555278003216,0.0,6.379382133483887
740,1,10,-1.2689610719680786,-1.2689610719680786,0.013569417409598827,0.0,5.275952339172363
740,1,11,-1.3750935792922974,-1.3750935792922974,0.015621131286025047,0.0,5.134432792663574
740,1,12,-1.5318413972854614,-1.5318413972854614,0.018943944945931435,0.0,5.407423973083496
740,1,13,-0.7455496788024902,-0.7455496788024902,0.014999066479504108,0.0,5.854310035705566
740,1,14,2.2252063751220703,0.22520649433135986,0.9834485650062561,1.0,5.941984176635742
740,1,15,-1.7636680603027344,-1.7636680603027344,0.01565290428698063,0.0,5.971952438354492
740,1,16,-0.8098300695419312,-0.8098300695419312,0.01364308875054121,0.0,5.25819206237793
740,1,17,-1.2047995328903198,-1.2047995328903198,0.013715202920138836,0.0,5.719502925872803
740,1,18,-1.3683634996414185,-1.3683634996414185,0.013390254229307175,0.0,5.662589073181152
740,1,19,-0.2129373401403427,-0.2129373401403427,0.01384656596928835,0.0,6.004532337188721
740,2,0,3.191251277923584,1.191251277923584,0.9817438125610352,1.0,7.201908111572266
740,2,1,0.5766664743423462,0.5766664743423462,0.013192319311201572,0.0,4.796239376068115
740,2,2,2.919754981994629,0.9197550415992737,0.9847597479820251,1.0,6.933703422546387
740,2,3,0.9635109901428223,0.9635109901428223,0.012355949729681015,0.0,6.482753276824951
740,2,4,0.7403483390808105,0.7403483390808105,0.012259496375918388,0.0,5.2536163330078125
740,2,5,0.33589592576026917,0.33589592576026917,0.012970776297152042,0.0,6.118722438812256
740,2,6,0.45096075534820557,0.45096075534820557,0.012610359117388725,0.0,6.026313781738281
740,2,7,0.67877197265625,0.67877197265625,0.013164774514734745,0.0,6.159707069396973
740,2,8,-0.4416276812553406,-0.4416276812553406,0.011860913597047329,0.0,5.207249641418457
740,2,9,2.87109637260437,0.8710963129997253,0.9845737814903259,1.0,5.341477394104004
740,2,10,0.7025986909866333,0.7025986909866333,0.01263534463942051,0.0,6.360101699829102
740,2,11,0.5496114492416382,0.5496114492416382,0.01317459624260664,0.0,5.743011474609375
740,2,12,0.14416790008544922,0.14416790008544922,0.014108964242041111,0.0,5.392958164215088
740,2,13,-0.1369384527206421,-0.1369384527206421,0.014627844095230103,0.0,6.263079643249512
740,2,14,0.04593067988753319,0.04593067988753319,0.012112041935324669,0.0,6.866909027099609
740,2,15,0.44677290320396423,0.44677290320396423,0.0122645553201437,0.0,6.915580749511719
740,2,16,0.29724302887916565,0.29724302887916565,0.013898555189371109,0.0,5.970549583435059
740,2,17,0.6608235836029053,0.6608235836029053,0.012032197788357735,0.0,5.318731307983398
740,2,18,0.2526589035987854,0.2526589035987854,0.013245102018117905,0.0,5.833229064941406
740,2,19,0.2303580939769745,0.2303580939769745,0.01541003305464983,0.0,6.190046310424805
740,3,0,-0.26717957854270935,-0.26717957854270935,0.013128354214131832,0.0,4.969191074371338
740,3,1,-0.3623744249343872,-0.3623744249343872,0.014013675972819328,0.0,4.904179573059082
740,3,2,-0.04308672621846199,-0.04308672621846199,0.014028746634721756,0.0,6.504971504211426
740,3,3,-0.2607339322566986,-0.2607339322566986,0.012895551510155201,0.0,5.7021636962890625
740,3,4,-0.44068434834480286,-0.44068434834480286,0.015055336058139801,0.0,5.60506534576416
740,3,5,-0.36369195580482483,-0.36369195580482483,0.014339456334710121,0.0,5.533809185028076
740,3,6,-0.36192262172698975,-0.36192262172698975,0.013407367281615734,0.0,5.453324794769287
740,3,7,-0.5815117955207825,-0.5815117955207825,0.013442615047097206,0.0,5.345624923706055
740,3,8,-0.6126435399055481,-0.6126435399055481,0.012998349964618683,0.0,5.348208427429199
740,3,9,-0.3756038546562195,-0.3756038546562195,0.014291430823504925,0.0,5.541093826293945
740,3,10,-1.480002760887146,-1.480002760887146,0.013200565241277218,0.0,4.751160621643066
740,3,11,-0.3996743857860565,-0.3996743857860565,0.013008620589971542,0.0,6.304551601409912
740,3,12,-0.27922216057777405,-0.27922216057777405,0.016170578077435493,0.0,5.402894020080566
740,3,13,-0.8146212697029114,-0.8146212697029114,0.01364673487842083,0.0,5.450691223144531
740,3,14,-0.06607428193092346,-0.06607428193092346,0.012400574050843716,0.0,5.214823246002197
740,3,15,-0.7544957995414734,-0.7544957995414734,0.014233989641070366,0.0,4.96670389175415
740,3,16,-1.3322551250457764,-1.3322551250457764,0.015423263423144817,0.0,5.862611770629883
740,3,17,-0.5155209302902222,-0.5155209302902222,0.013415485620498657,0.0,6.382613658905029
740,3,18,-1.024309515953064,-1.024309515953064,0.01321926899254322,0.0,5.139209270477295
740,3,19,-0.6927438378334045,-0.6927438378334045,0.014162376523017883,0.0,6.257863998413086
740,4,0,0.6070191860198975,0.6070191860198975,0.013071577996015549,0.0,6.459099769592285
740,4,1,0.14413876831531525,0.14413876831531525,0.01386423408985138,0.0,5.908945083618164
740,4,2,0.43366336822509766,0.43366336822509766,0.01334465853869915,0.0,6.265895843505859
740,4,3,0.38319066166877747,0.38319066166877747,0.012627565301954746,0.0,5.494489669799805
740,4,4,0.7628112435340881,0.7628112435340881,0.013975830748677254,0.0,6.332099437713623
740,4,5,0.11145705729722977,0.11145705729722977,0.013230090960860252,0.0,5.694777011871338
740,4,6,0.2778592109680176,0.2778592109680176,0.012278507463634014,0.0,6.240320205688477
740,4,7,0.1723499298095703,0.1723499298095703,0.01817663013935089,0.0,6.895016670227051
740,4,8,-0.23698383569717407,-0.23698383569717407,0.01510064210742712,0.0,6.4438629150390625
740,4,9,-0.10740071535110474,-0.10740071535110474,0.01552669983357191,0.0,6.575807094573975
740,4,10,0.5208370089530945,0.5208370089530945,0.013239547610282898,0.0,6.2189860343933105
740,4,11,0.18212875723838806,0.18212875723838806,0.012460357509553432,0.0,5.87416934967041
740,4,12,0.23160742223262787,0.23160742223262787,0.014669113792479038,0.0,5.935103893280029
740,4,13,0.14477208256721497,0.14477208256721497,0.014746131375432014,0.0,5.382574081420898
740,4,14,0.10281439870595932,0.10281439870595932,0.014684145338833332,0.0,5.718580722808838
740,4,15,0.25664645433425903,0.25664645433425903,0.013506126590073109,0.0,6.014949798583984
740,4,16,0.711681067943573,0.711681067943573,0.012348679825663567,0.0,5.293555736541748
740,4,17,0.2621022164821625,0.2621022164821625,0.012796939350664616,0.0,4.8010358810424805
740,4,18,0.17582929134368896,0.17582929134368896,0.01265821885317564,0.0,5.709758758544922
740,4,19,-0.07623450458049774,-0.07623450458049774,0.014137531630694866,0.0,5.374316692352295
720,0,0,0.4590451717376709,0.4590451717376709,0.01396618690341711,0.0,5.008646011352539
720,0,1,0.3871978521347046,0.3871978521347046,0.014250698499381542,0.0,5.293724060058594
720,0,2,-0.12726864218711853,-0.12726864218711853,0.014064261689782143,0.0,5.401893615722656
720,0,3,0.35133808851242065,0.35133808851242065,0.01325000636279583,0.0,5.208641052246094
720,0,4,0.0644071102142334,0.0644071102142334,0.014564337208867073,0.0,5.395677089691162
720,0,5,0.24404631555080414,0.24404631555080414,0.014322859235107899,0.0,5.682028293609619
720,0,6,-0.6928887963294983,-0.6928887963294983,0.013668016530573368,0.0,5.045154094696045
720,0,7,0.5121665000915527,0.5121665000915527,0.014402464963495731,0.0,4.75991153717041
720,0,8,0.006758578587323427,0.006758578587323427,0.01368650235235691,0.0,5.457554817199707
720,0,9,0.4453660249710083,0.4453660249710083,0.013745564967393875,0.0,6.043035507202148
720,0,10,0.22215352952480316,0.22215352952480316,0.013550709001719952,0.0,6.489113807678223
720,0,11,0.34657445549964905,0.34657445549964905,0.013510179705917835,0.0,5.655492782592773
720,0,12,0.42964833974838257,0.42964833974838257,0.013971730135381222,0.0,4.905425071716309
720,0,13,0.5316291451454163,0.5316291451454163,0.013803801499307156,0.0,5.946986198425293
720,0,14,0.14681732654571533,0.14681732654571533,0.013420662842690945,0.0,5.341693878173828
720,0,15,0.22998183965682983,0.22998183965682983,0.012866945005953312,0.0,4.697718620300293
720,0,16,-0.16726401448249817,-0.16726401448249817,0.014936095103621483,0.0,5.118930339813232
720,0,17,0.2430652379989624,0.2430652379989624,0.01375129260122776,0.0,5.871370315551758
720,0,18,0.15676763653755188,0.15676763653755188,0.013866477645933628,0.0,5.421323299407959
720,0,19,0.40257132053375244,0.40257132053375244,0.012877840548753738,0.0,5.557695388793945
720,1,0,-0.5805419683456421,-0.5805419683456421,0.014586156234145164,0.0,6.151117324829102
720,1,1,-0.9187291860580444,-0.9187291860580444,0.013241973705589771,0.0,5.663541316986084
720,1,2,-0.42705196142196655,-0.42705196142196655,0.015069725923240185,0.0,5.4394755363464355
720,1,3,-0.9939450621604919,-0.9939450621604919,0.01870909333229065,0.0,6.068052291870117
720,1,4,-1.5191477537155151,-1.5191477537155151,0.015507366508245468,0.0,5.848433494567871
720,1,5,-1.1969116926193237,-1.1969116926193237,0.01453848835080862,0.0,5.693938255310059
720,1,6,-1.6181644201278687,-1.6181644201278687,0.015525422990322113,0.0,6.802191734313965
720,1,7,-2.1562609672546387,-2.1562609672546387,0.01700761541724205,0.0,5.332618713378906
720,1,8,-1.4421085119247437,-1.4421085119247437,0.014284316450357437,0.0,6.541934490203857
720,1,9,-0.729354977607727,-0.729354977607727,0.018086981028318405,0.0,5.645488262176514
720,1,10,-0.5927546620368958,-0.5927546620368958,0.0150846466422081,0.0,4.9804606437683105
720,1,11,-0.7058426737785339,-0.7058426737785339,0.013721681199967861,0.0,5.894247055053711
720,1,12,-0.5580815076828003,-0.5580815076828003,0.01447740476578474,0.0,5.502500534057617
720,1,13,-0.6987184286117554,-0.6987184286117554,0.01395815797150135,0.0,6.17808198928833
720,1,14,-0.6806046962738037,-0.6806046962738037,0.01469384878873825,0.0,5.076039791107178
720,1,15,-0.10797055065631866,-0.10797055065631866,0.014392328448593616,0.0,6.424432754516602
720,1,16,-0.819047212600708,-0.819047212600708,0.014142150990664959,0.0,7.464736461639404
720,1,17,-1.115644097328186,-1.115644097328186,0.012654793448746204,0.0,7.52397346496582
720,1,18,-0.5931702852249146,-0.5931702852249146,0.01558215357363224,0.0,5.431515693664551
720,1,19,-0.21889814734458923,-0.21889814734458923,0.014077497646212578,0.0,6.755640029907227
720,2,0,0.8113609552383423,0.8113609552383423,0.012243789620697498,0.0,6.717905521392822
720,2,1,0.522469162940979,0.522469162940979,0.013127058744430542,0.0,6.033184051513672
720,2,2,-0.9114595055580139,-0.9114595055580139,0.012516039423644543,0.0,6.4321441650390625
720,2,3,0.31323742866516113,0.31323742866516113,0.012977726757526398,0.0,5.109233856201172
720,2,4,0.3697291612625122,0.3697291612625122,0.012850373052060604,0.0,5.843343257904053
720,2,5,0.25328654050827026,0.25328654050827026,0.013562213629484177,0.0,5.201928615570068
720,2,6,0.8190149664878845,0.8190149664878845,0.012819427065551281,0.0,4.96700382232666
720,2,7,0.47810909152030945,0.47810909152030945,0.013777822256088257,0.0,6.134538173675537
720,2,8,0.19589537382125854,0.19589537382125854,0.012874651700258255,0.0,5.168369770050049
720,2,9,0.7797783017158508,0.7797783017158508,0.012182376347482204,0.0,5.558570384979248
720,2,10,0.6480187773704529,0.6480187773704529,0.012647580355405807,0.0,6.339824676513672
720,2,11,0.41913482546806335,0.41913482546806335,0.012523790821433067,0.0,5.842895030975342
720,2,12,0.7315830588340759,0.7315830588340759,0.01408397126942873,0.0,5.398623943328857
720,2,13,0.5290440320968628,0.5290440320968628,0.01292780227959156,0.0,6.027647018432617
720,2,14,0.45330724120140076,0.45330724120140076,0.013814670965075493,0.0,6.078444480895996
720,2,15,0.5937222838401794,0.5937222838401794,0.013637900352478027,0.0,5.532665729522705
720,2,16,0.818546712398529,0.818546712398529,0.012639109045267105,0.0,5.871292591094971
720,2,17,-0.20874129235744476,-0.20874129235744476,0.012462668120861053,0.0,5.064785003662109
720,2,18,0.4674801230430603,0.4674801230430603,0.012429485097527504,0.0,6.419594764709473
720,2,19,0.3987850546836853,0.3987850546836853,0.01222358737140894,0.0,4.816061973571777
720,3,0,-0.10810523480176926,-0.10810523480176926,0.013102637603878975,0.0,6.020573616027832
720,3,1,-1.0495719909667969,-1.0495719909667969,0.013939893804490566,0.0,5.149573802947998
720,3,2,-1.08058762550354,-1.08058762550354,0.014194710180163383,0.0,6.10069465637207
720,3,3,1.8100500106811523,-0.18995001912117004,0.9776265621185303,1.0,6.667092800140381
720,3,4,-0.38073059916496277,-0.38073059916496277,0.014371544122695923,0.0,5.830829620361328
720,3,5,-0.9017072319984436,-0.9017072319984436,0.013471887446939945,0.0,5.613733291625977
720,3,6,-0.44781509041786194,-0.44781509041786194,0.013376515358686447,0.0,6.762012481689453
720,3,7,0.11647801101207733,0.11647801101207733,0.013371645472943783,0.0,5.9536895751953125
720,3,8,-0.22521699965000153,-0.22521699965000153,0.013761709444224834,0.0,6.458934783935547
720,3,9,0.06148052215576172,0.06148052215576172,0.01258912030607462,0.0,6.455317497253418
720,3,10,-0.555726170539856,-0.555726170539856,0.014496819116175175,0.0,5.7086005210876465
720,3,11,-1.3762173652648926,-1.3762173652648926,0.014394486322999,0.0,6.3552961349487305
720,3,12,-0.9332557320594788,-0.9332557320594788,0.016059190034866333,0.0,5.85154914855957
720,3,13,-0.26159659028053284,-0.26159659028053284,0.013580777682363987,0.0,5.336648941040039
720,3,14,-0.22789114713668823,-0.22789114713668823,0.014190993271768093,0.0,5.586810111999512
720,3,15,-0.5246778726577759,-0.5246778726577759,0.012868446297943592,0.0,5.886336326599121
720,3,16,-0.15097767114639282,-0.15097767114639282,0.013651615008711815,0.0,5.358857154846191
720,3,17,-0.5618373155593872,-0.5618373155593872,0.014972354285418987,0.0,5.858726501464844
720,3,18,-0.20787785947322845,-0.20787785947322845,0.0150118013843894,0.0,5.204012870788574
720,3,19,-0.52867192029953,-0.52867192029953,0.014311082661151886,0.0,5.054169654846191
720,4,0,0.48005983233451843,0.48005983233451843,0.015759358182549477,0.0,5.580178737640381
720,4,1,0.5569902062416077,0.5569902062416077,0.01210627518594265,0.0,4.745337009429932
720,4,2,0.20348592102527618,0.20348592102527618,0.012427613139152527,0.0,5.84733772277832
720,4,3,-1.1967146396636963,-1.1967146396636963,0.012308847159147263,0.0,6.2824907302856445
720,4,4,0.3778505027294159,0.3778505027294159,0.012437372468411922,0.0,5.813567161560059
720,4,5,0.31035885214805603,0.31035885214805603,0.014897157438099384,0.0,6.271457195281982
720,4,6,0.635403037071228,0.635403037071228,0.013569271191954613,0.0,6.111010551452637
720,4,7,-0.559086263179779,-0.559086263179779,0.014415433630347252,0.0,5.817377090454102
720,4,8,0.07813159376382828,0.07813159376382828,0.012384769506752491,0.0,6.172917366027832
720,4,9,0.6389678120613098,0.6389678120613098,0.012090152129530907,0.0,5.8237409591674805
720,4,10,0.18620510399341583,0.18620510399341583,0.012341190129518509,0.0,5.542344570159912
720,4,11,0.5361847281455994,0.5361847281455994,0.01216126512736082,0.0,5.411344051361084
720,4,12,0.5847523212432861,0.5847523212432861,0.01516737975180149,0.0,6.818416595458984
720,4,13,0.2100885659456253,0.2100885659456253,0.015022922307252884,0.0,6.021324157714844
720,4,14,-0.13617947697639465,-0.13617947697639465,0.013717655092477798,0.0,5.97715950012207
720,4,15,0.00727364607155323,0.00727364607155323,0.01340117584913969,0.0,6.4826178550720215
720,4,16,-0.40855538845062256,-0.40855538845062256,0.012861156836152077,0.0,5.758689880371094
720,4,17,0.5478552579879761,0.5478552579879761,0.012892226688563824,0.0,6.037101745605469
720,4,18,0.45342063903808594,0.45342063903808594,0.012908438220620155,0.0,5.140920639038086
720,4,19,0.0475514754652977,0.0475514754652977,0.013711333274841309,0.0,5.573720455169678
700,0,0,0.42183223366737366,0.42183223366737366,0.015087672509253025,0.0,4.866755485534668
700,0,1,-0.07676126807928085,-0.07676126807928085,0.013402133248746395,0.0,5.777889251708984
700,0,2,0.1254693567752838,0.1254693567752838,0.014143293723464012,0.0,5.427792072296143
700,0,3,0.2780326008796692,0.2780326008796692,0.01425610575824976,0.0,5.2380571365356445
700,0,4,-0.2919975221157074,-0.2919975221157074,0.013391587883234024,0.0,5.332022666931152
700,0,5,0.28050073981285095,0.28050073981285095,0.013354199938476086,0.0,5.271521091461182
700,0,6,0.4698818027973175,0.4698818027973175,0.01306778285652399,0.0,5.900354385375977
700,0,7,-0.04352593049407005,-0.04352593049407005,0.013660895638167858,0.0,5.271518707275391
700,0,8,0.43864908814430237,0.43864908814430237,0.013702630065381527,0.0,5.967862129211426
700,0,9,0.07847730815410614,0.07847730815410614,0.013771194964647293,0.0,5.520078659057617
700,0,10,0.7536722421646118,0.7536722421646118,0.014055720530450344,0.0,5.140377998352051
700,0,11,0.13765954971313477,0.13765954971313477,0.01341137196868658,0.0,5.161442756652832
700,0,12,-0.2696758508682251,-0.2696758508682251,0.013134343549609184,0.0,5.671310901641846
700,0,13,0.1506039798259735,0.1506039798259735,0.013928256928920746,0.0,6.266908645629883
700,0,14,-0.31604593992233276,-0.31604593992233276,0.013837575912475586,0.0,5.734114170074463
700,0,15,0.17758679389953613,0.17758679389953613,0.014132780022919178,0.0,5.8966450691223145
700,0,16,0.3554976284503937,0.3554976284503937,0.0135516207665205,0.0,5.232460021972656
700,0,17,0.16053156554698944,0.16053156554698944,0.014515034854412079,0.0,5.446102142333984
700,0,18,0.09508933871984482,0.09508933871984482,0.01361585222184658,0.0,5.998414993286133
700,0,19,0.11869361996650696,0.11869361996650696,0.0205672774463892,0.0,6.578460693359375
700,1,0,-1.4042474031448364,-1.4042474031448364,0.015491395257413387,0.0,5.468929290771484
700,1,1,-2.1561286449432373,-2.1561286449432373,0.013342475518584251,0.0,5.776454448699951
700,1,2,-0.46933865547180176,-0.46933865547180176,0.014978677965700626,0.0,5.361999988555908
700,1,3,-0.6972188949584961,-0.6972188949584961,0.013951445929706097,0.0,5.8138275146484375
700,1,4,-1.0363959074020386,-1.0363959074020386,0.014685774222016335,0.0,5.51554012298584
700,1,5,-0.5983014702796936,-0.5983014702796936,0.013978932052850723,0.0,4.927825927734375
700,1,6,-1.132947325706482,-1.132947325706482,0.04564237594604492,0.0,6.174964904785156
700,1,7,-0.4939294755458832,-0.4939294755458832,0.0158320851624012,0.0,6.131074905395508
700,1,8,-0.9107654690742493,-0.9107654690742493,0.014102378860116005,0.0,4.497559547424316
700,1,9,-0.48348963260650635,-0.48348963260650635,0.01524127647280693,0.0,5.997601509094238
700,1,10,-1.1432608366012573,-1.1432608366012573,0.015502412803471088,0.0,6.069540977478027
700,1,11,-1.0893288850784302,-1.0893288850784302,0.014157196506857872,0.0,6.4229230880737305
700,1,12,-1.6350080966949463,-1.6350080966949463,0.014487754553556442,0.0,5.0705060958862305
700,1,13,-0.9382199645042419,-0.9382199645042419,0.014811680652201176,0.0,5.604218006134033
700,1,14,-1.854750394821167,-1.854750394821167,0.016676561906933784,0.0,5.425650119781494
700,1,15,-0.25826725363731384,-0.25826725363731384,0.013945773243904114,0.0,6.168354034423828
700,1,16,-0.6563384532928467,-0.6563384532928467,0.014621934853494167,0.0,5.605491638183594
700,1,17,-1.1856887340545654,-1.1856887340545654,0.015389861539006233,0.0,6.145474910736084
700,1,18,-1.039971947669983,-1.039971947669983,0.013300842605531216,0.0,6.182275295257568
700,1,19,-0.6824622750282288,-0.6824622750282288,0.015533871948719025,0.0,6.302927017211914
700,2,0,1.0275516510009766,1.0275516510009766,0.012776143848896027,0.0,5.760066986083984
700,2,1,0.3062673807144165,0.3062673807144165,0.012472004629671574,0.0,5.916967868804932
700,2,2,0.8103139400482178,0.8103139400482178,0.014254357665777206,0.0,6.323456287384033
700,2,3,0.5501354336738586,0.5501354336738586,0.012196729891002178,0.0,5.715543746948242
700,2,4,0.9027217626571655,0.9027217626571655,0.013388949446380138,0.0,6.195947170257568
700,2,5,0.5921061635017395,0.5921061635017395,0.012917044572532177,0.0,6.056604862213135
700,2,6,0.5893521904945374,0.5893521904945374,0.012579291127622128,0.0,6.360857963562012
700,2,7,0.5240137577056885,0.5240137577056885,0.012752304784953594,0.0,5.898000717163086
700,2,8,0.4432927966117859,0.4432927966117859,0.013076266273856163,0.0,6.278753757476807
700,2,9,0.1929510533809662,0.1929510533809662,0.013865943066775799,0.0,6.073025226593018
700,2,10,0.9264703989028931,0.9264703989028931,0.013454686850309372,0.0,5.855101108551025
700,2,11,0.8452742695808411,0.8452742695808411,0.013583325780928135,0.0,6.054847717285156
700,2,12,0.8008209466934204,0.8008209466934204,0.012186582200229168,0.0,5.391443252563477
700,2,13,0.6482201814651489,0.6482201814651489,0.012033684179186821,0.0,5.573311805725098
700,2,14,0.9608389735221863,0.9608389735221863,0.011802471242845058,0.0,5.707767963409424
700,2,15,0.5848211646080017,0.5848211646080017,0.013273077085614204,0.0,5.363255977630615
700,2,16,-0.10351263731718063,-0.10351263731718063,0.012855310924351215,0.0,6.7612152099609375
700,2,17,0.5766283273696899,0.5766283273696899,0.014124625362455845,0.0,6.910486698150635
700,2,18,0.774990439414978,0.774990439414978,0.013036432676017284,0.0,5.288145065307617
700,2,19,0.4976074695587158,0.4976074695587158,0.01301985327154398,0.0,5.5257062911987305
700,3,0,-0.034450117498636246,-0.034450117498636246,0.013513782992959023,0.0,5.350836277008057
700,3,1,-0.6088894009590149,-0.6088894009590149,0.01363864354789257,0.0,5.381821632385254
700,3,2,-0.6022486686706543,-0.6022486686706543,0.01383313350379467,0.0,5.106382369995117
700,3,3,-0.6670666337013245,-0.6670666337013245,0.013585951179265976,0.0,5.824308395385742
700,3,4,-0.4355127513408661,-0.4355127513408661,0.014024619944393635,0.0,5.304146766662598
700,3,5,-0.933915913105011,-0.933915913105011,0.013765709474682808,0.0,5.65712833404541
700,3,6,-1.1988723278045654,-1.1988723278045654,0.013544616289436817,0.0,4.6656904220581055
700,3,7,-0.35403603315353394,-0.35403603315353394,0.013316687196493149,0.0,5.759696960449219
700,3,8,-0.43716001510620117,-0.43716001510620117,0.013251149095594883,0.0,6.449796199798584
700,3,9,0.03692580759525299,0.03692580759525299,0.016507588326931,0.0,5.4940972328186035
700,3,10,-0.19780687987804413,-0.19780687987804413,0.01340202521532774,0.0,4.612682819366455
700,3,11,-0.7881952524185181,-0.7881952524185181,0.014985150657594204,0.0,5.3961944580078125
700,3,12,-0.3446436822414398,-0.3446436822414398,0.013093279674649239,0.0,6.109821319580078
700,3,13,-0.2867795526981354,-0.2867795526981354,0.014677791856229305,0.0,5.610847473144531
700,3,14,-0.6538004279136658,-0.6538004279136658,0.015188165009021759,0.0,5.972428798675537
700,3,15,-0.6690070629119873,-0.6690070629119873,0.013297966681420803,0.0,5.19602108001709
700,3,16,-0.19800740480422974,-0.19800740480422974,0.013746300712227821,0.0,5.80791711807251
700,3,17,-0.3304968774318695,-0.3304968774318695,0.013224689289927483,0.0,5.723918914794922
700,3,18,-0.16242410242557526,-0.16242410242557526,0.014138721860945225,0.0,6.060876846313477
700,3,19,-0.676567554473877,-0.676567554473877,0.014021644368767738,0.0,5.796634197235107
700,4,0,-0.4977291226387024,-0.4977291226387024,0.012271547690033913,0.0,6.246240615844727
700,4,1,0.8244667649269104,0.8244667649269104,0.013470797799527645,0.0,6.575260639190674
700,4,2,0.46385568380355835,0.46385568380355835,0.013450711034238338,0.0,6.0396504402160645
700,4,3,0.2545148730278015,0.2545148730278015,0.012696435675024986,0.0,5.687960624694824
700,4,4,-0.04324657842516899,-0.04324657842516899,0.016327273100614548,0.0,5.7005462646484375
700,4,5,0.5514959096908569,0.5514959096908569,0.012549404054880142,0.0,5.696683883666992
700,4,6,0.44045132398605347,0.44045132398605347,0.014001216739416122,0.0,5.963492393493652
700,4,7,0.7958643436431885,0.7958643436431885,0.013557786121964455,0.0,5.989513397216797
700,4,8,0.3252127170562744,0.3252127170562744,0.013161157257854939,0.0,5.65709114074707
700,4,9,-0.14850404858589172,-0.14850404858589172,0.012889724224805832,0.0,5.847380638122559
700,4,10,0.4363864064216614,0.4363864064216614,0.013026410713791847,0.0,5.525527000427246
700,4,11,-0.5496519207954407,-0.5496519207954407,0.014634388498961926,0.0,5.523232460021973
700,4,12,0.6781099438667297,0.6781099438667297,0.012971553020179272,0.0,5.677112579345703
700,4,13,0.6578124761581421,0.6578124761581421,0.012920631095767021,0.0,6.158588886260986
700,4,14,0.23517009615898132,0.23517009615898132,0.013234635815024376,0.0,6.409420490264893
700,4,15,0.24616888165473938,0.24616888165473938,0.02798798866569996,0.0,5.2392683029174805
700,4,16,1.1536413431167603,1.1536413431167603,0.01218157634139061,0.0,6.16767692565918
700,4,17,-0.004322454798966646,-0.004322454798966646,0.013768842443823814,0.0,5.830070495605469
700,4,18,-0.22179687023162842,-0.22179687023162842,0.01332865934818983,0.0,6.779021263122559
700,4,19,0.15466488897800446,0.15466488897800446,0.014820095151662827,0.0,6.146162509918213
680,0,0,0.0953054428100586,0.0953054428100586,0.014127778820693493,0.0,6.303130149841309
680,0,1,0.23950226604938507,0.23950226604938507,0.013973410241305828,0.0,4.395645618438721
680,0,2,0.4223213791847229,0.4223213791847229,0.013826982118189335,0.0,5.586916923522949
680,0,3,0.0745072141289711,0.0745072141289711,0.013791952282190323,0.0,5.8868279457092285
680,0,4,0.07964884489774704,0.07964884489774704,0.01404533814638853,0.0,5.896645545959473
680,0,5,0.41472795605659485,0.41472795605659485,0.013978182338178158,0.0,5.7912373542785645
680,0,6,-0.03431698679924011,-0.03431698679924011,0.012771429494023323,0.0,5.2534003257751465
680,0,7,0.40800273418426514,0.40800273418426514,0.013501756824553013,0.0,5.6077046394348145
680,0,8,0.19694924354553223,0.19694924354553223,0.0141246123239398,0.0,5.508583068847656
680,0,9,-0.14292432367801666,-0.14292432367801666,0.0140982149168849,0.0,5.239751815795898
680,0,10,0.15941287577152252,0.15941287577152252,0.014270802959799767,0.0,5.715582370758057
680,0,11,0.24232541024684906,0.24232541024684906,0.013899481855332851,0.0,5.876416206359863
680,0,12,-0.0035140765830874443,-0.0035140765830874443,0.013201212510466576,0.0,5.5138020515441895
680,0,13,-0.25441086292266846,-0.25441086292266846,0.013897189870476723,0.0,6.0368194580078125
680,0,14,-0.12150879204273224,-0.12150879204273224,0.013910016044974327,0.0,5.654438018798828
680,0,15,0.34547683596611023,0.34547683596611023,0.01405062060803175,0.0,6.239985466003418
680,0,16,0.37899503111839294,0.37899503111839294,0.014337210915982723,0.0,5.793664932250977
680,0,17,-0.3835005462169647,-0.3835005462169647,0.012395513243973255,0.0,5.328584671020508
680,0,18,0.1776663362979889,0.1776663362979889,0.013569066300988197,0.0,6.123195171356201
680,0,19,0.12459415197372437,0.12459415197372437,0.01356896385550499,0.0,6.407855033874512
680,1,0,-1.4768095016479492,-1.4768095016479492,0.014472030103206635,0.0,5.412937164306641
680,1,1,-0.986395001411438,-0.986395001411438,0.015368428081274033,0.0,5.390476703643799
680,1,2,-0.46192026138305664,-0.46192026138305664,0.014389103278517723,0.0,4.954265117645264
680,1,3,-1.6511285305023193,-1.6511285305023193,0.015729866921901703,0.0,5.302703380584717
680,1,4,-1.7550148963928223,-1.7550148963928223,0.019337207078933716,0.0,5.780762195587158
680,1,5,-0.8034184575080872,-0.8034184575080872,0.014226255938410759,0.0,5.8505940437316895
680,1,6,-0.7040430903434753,-0.7040430903434753,0.0157976932823658,0.0,5.7934370040893555
680,1,7,-0.9548907279968262,-0.9548907279968262,0.015828868374228477,0.0,5.54495906829834
680,1,8,-2.1999824047088623,-2.1999824047088623,0.01696036197245121,0.0,5.0615234375
680,1,9,-1.7824105024337769,-1.7824105024337769,0.015211289748549461,0.0,4.982265472412109
680,1,10,-1.1813584566116333,-1.1813584566116333,0.014639009721577168,0.0,6.09165620803833
680,1,11,-0.4860427975654602,-0.4860427975654602,0.01429302804172039,0.0,5.113764762878418
680,1,12,-1.0035181045532227,-1.0035181045532227,0.013979299925267696,0.0,6.736031532287598
680,1,13,-1.5025787353515625,-1.5025787353515625,0.015502396039664745,0.0,4.832653999328613
680,1,14,-0.6116452813148499,-0.6116452813148499,0.014042110182344913,0.0,5.768198013305664
680,1,15,-0.7715725898742676,-0.7715725898742676,0.013655544258654118,0.0,5.965494632720947
680,1,16,-1.147810459136963,-1.147810459136963,0.014210591092705727,0.0,5.979524612426758
680,1,17,-0.8388153314590454,-0.8388153314590454,0.015088875778019428,0.0,6.2701520919799805
680,1,18,-0.30593645572662354,-0.30593645572662354,0.020056167617440224,0.0,5.72764778137207
680,1,19,-0.5554825067520142,-0.5554825067520142,0.0163899976760149,0.0,6.04326057434082
680,2,0,2.1186697483062744,0.118669793009758,0.979302704334259,1.0,5.875410556793213
680,2,1,0.49534857273101807,0.49534857273101807,0.01320364885032177,0.0,5.570701599121094
680,2,2,0.19638359546661377,0.19638359546661377,0.012370756827294827,0.0,5.869565963745117
680,2,3,0.6305179595947266,0.6305179595947266,0.012659302912652493,0.0,6.5558624267578125
680,2,4,0.47645726799964905,0.47645726799964905,0.01250514853745699,0.0,6.387441635131836
680,2,5,0.3829667568206787,0.3829667568206787,0.01299888826906681,0.0,5.661317825317383
680,2,6,-0.23092138767242432,-0.23092138767242432,0.012353424914181232,0.0,5.936759948730469
680,2,7,0.8817446827888489,0.8817446827888489,0.012236305512487888,0.0,6.271353721618652
680,2,8,0.6634148359298706,0.6634148359298706,0.012804554775357246,0.0,6.659566879272461
680,2,9,0.2835101783275604,0.2835101783275604,0.012333218939602375,0.0,5.990577220916748
680,2,10,0.4461743235588074,0.4461743235588074,0.012382589280605316,0.0,6.480862617492676
680,2,11,0.09004820138216019,0.09004820138216019,0.012184257619082928,0.0,7.216964244842529
680,2,12,0.2796850800514221,0.2796850800514221,0.012889185920357704,0.0,5.632679462432861
680,2,13,0.8365306854248047,0.8365306854248047,0.013188212178647518,0.0,5.235774040222168
680,2,14,0.6217844486236572,0.6217844486236572,0.012601811438798904,0.0,5.954830169677734
680,2,15,-0.5183680057525635,-0.5183680057525635,0.013601935468614101,0.0,5.373724937438965
680,2,16,0.6454048752784729,0.6454048752784729,0.013091469183564186,0.0,5.818181037902832
680,2,17,0.6797709465026855,0.6797709465026855,0.012720802798867226,0.0,6.725378513336182
680,2,18,0.9721958637237549,0.9721958637237549,0.013116815127432346,0.0,5.844022750854492
680,2,19,0.08217272907495499,0.08217272907495499,0.012884932570159435,0.0,7.0290656089782715
680,3,0,-0.7029657363891602,-0.7029657363891602,0.013873940333724022,0.0,4.920094966888428
680,3,1,-0.8923736810684204,-0.8923736810684204,0.014725239016115665,0.0,5.652040481567383
680,3,2,-0.2631669342517853,-0.2631669342517853,0.014543436467647552,0.0,5.193048477172852
680,3,3,-0.7734031677246094,-0.7734031677246094,0.013224992901086807,0.0,6.18582820892334
680,3,4,-0.6339934468269348,-0.6339934468269348,0.01267679687589407,0.0,5.002631664276123
680,3,5,-0.5929337739944458,-0.5929337739944458,0.012522954493761063,0.0,5.593459129333496
680,3,6,-0.280526340007782,-0.280526340007782,0.015027504414319992,0.0,4.6083221435546875
680,3,7,0.03083815425634384,0.03083815425634384,0.015037613920867443,0.0,4.84130859375
680,3,8,-0.45992493629455566,-0.45992493629455566,0.013466805219650269,0.0,4.390942573547363
680,3,9,-0.5176549553871155,-0.5176549553871155,0.013259018771350384,0.0,6.141314506530762
680,3,10,-0.5914024114608765,-0.5914024114608765,0.012969079427421093,0.0,6.015360355377197
680,3,11,-0.8350487947463989,-0.8350487947463989,0.01374729722738266,0.0,5.331171989440918
680,3,12,-0.28308650851249695,-0.28308650851249695,0.014330536127090454,0.0,5.9042863845825195
680,3,13,-0.520952582359314,-0.520952582359314,0.013061591424047947,0.0,5.721847057342529
680,3,14,-0.30078601837158203,-0.30078601837158203,0.013642121106386185,0.0,5.7374267578125
680,3,15,-0.4436240494251251,-0.4436240494251251,0.0159675944596529,0.0,6.526519775390625
680,3,16,-0.37817713618278503,-0.37817713618278503,0.01422033179551363,0.0,5.1979780197143555
680,3,17,-0.18059222400188446,-0.18059222400188446,0.013411259278655052,0.0,5.15283203125
680,3,18,0.03397023305296898,0.03397023305296898,0.014128117822110653,0.0,5.36049747467041
680,3,19,-0.6444153785705566,-0.6444153785705566,0.014126510359346867,0.0,5.708756923675537
680,4,0,0.11738087236881256,0.11738087236881256,0.014842779375612736,0.0,5.646539688110352
680,4,1,1.0489641427993774,1.0489641427993774,0.01291480753570795,0.0,5.610174179077148
680,4,2,-0.15866060554981232,-0.15866060554981232,0.019152775406837463,0.0,6.9129767417907715
680,4,3,0.16701571643352509,0.16701571643352509,0.013651197776198387,0.0,4.964215278625488
680,4,4,0.26765283942222595,0.26765283942222595,0.019109489396214485,0.0,6.11936616897583
680,4,5,0.68946772813797,0.68946772813797,0.012423867359757423,0.0,6.532196044921875
680,4,6,0.647810161113739,0.647810161113739,0.012332300655543804,0.0,5.6372880935668945
680,4,7,-0.04282364249229431,-0.04282364249229431,0.01347916480153799,0.0,5.416982173919678
680,4,8,0.03853996843099594,0.03853996843099594,0.01608726568520069,0.0,6.029200553894043
680,4,9,0.009174556471407413,0.009174556471407413,0.012391777709126472,0.0,5.838700294494629
680,4,10,0.8203715085983276,0.8203715085983276,0.01211735513061285,0.0,5.7190775871276855
680,4,11,0.6133692264556885,0.6133692264556885,0.01336453203111887,0.0,5.82891845703125
680,4,12,0.20011374354362488,0.20011374354362488,0.01300130970776081,0.0,5.956160545349121
680,4,13,-0.45917996764183044,-0.45917996764183044,0.021129708737134933,0.0,5.836967468261719
680,4,14,-0.13361401855945587,-0.13361401855945587,0.013914916664361954,0.0,5.597825050354004
680,4,15,0.46901005506515503,0.46901005506515503,0.012859304435551167,0.0,5.919412612915039
680,4,16,0.43233340978622437,0.43233340978622437,0.014732018113136292,0.0,5.948227405548096
680,4,17,0.7761844396591187,0.7761844396591187,0.012474740855395794,0.0,6.061440467834473
680,4,18,0.7499245405197144,0.7499245405197144,0.013778352178633213,0.0,6.325573921203613
680,4,19,0.7892022132873535,0.7892022132873535,0.013581760227680206,0.0,5.441288948059082
660,0,0,0.31583544611930847,0.31583544611930847,0.013265758752822876,0.0,4.9813642501831055
660,0,1,0.5067594647407532,0.5067594647407532,0.01415218785405159,0.0,5.476183891296387
660,0,2,0.2688567340373993,0.2688567340373993,0.014058207161724567,0.0,5.872352600097656
660,0,3,0.5532884001731873,0.5532884001731873,0.013301814906299114,0.0,5.358679294586182
660,0,4,0.37338387966156006,0.37338387966156006,0.014307250268757343,0.0,6.391396522521973
660,0,5,-0.20405994355678558,-0.20405994355678558,0.014530142769217491,0.0,6.3166184425354
660,0,6,0.3787708878517151,0.3787708878517151,0.014715280383825302,0.0,6.2552571296691895
660,0,7,-0.4253638982772827,-0.4253638982772827,0.01333533227443695,0.0,5.81658935546875
660,0,8,0.31192389130592346,0.31192389130592346,0.013757633976638317,0.0,6.094517230987549
660,0,9,0.0051886592991650105,0.0051886592991650105,0.014452197588980198,0.0,5.445650577545166
660,0,10,0.2883340120315552,0.2883340120315552,0.014755555428564548,0.0,6.330899715423584
660,0,11,-0.18038491904735565,-0.18038491904735565,0.01615065149962902,0.0,5.201541900634766
660,0,12,0.10568714141845703,0.10568714141845703,0.014455866068601608,0.0,6.158552169799805
660,0,13,0.10078597068786621,0.10078597068786621,0.014020993374288082,0.0,5.352717399597168
660,0,14,-0.1888621598482132,-0.1888621598482132,0.013685822486877441,0.0,6.399253845214844
660,0,15,0.6064615249633789,0.6064615249633789,0.013365846127271652,0.0,5.605843544006348
660,0,16,0.22907064855098724,0.22907064855098724,0.013962903991341591,0.0,6.297057151794434
660,0,17,0.42856213450431824,0.42856213450431824,0.014529748819768429,0.0,6.0901055335998535
660,0,18,0.23443284630775452,0.23443284630775452,0.01357198879122734,0.0,6.167400360107422
660,0,19,-0.08826277405023575,-0.08826277405023575,0.013578362762928009,0.0,5.948081016540527
660,1,0,-1.1149529218673706,-1.1149529218673706,0.014500350691378117,0.0,5.370752334594727
660,1,1,-1.8273595571517944,-1.8273595571517944,0.015217163600027561,0.0,5.070339679718018
660,1,2,-1.346902847290039,-1.346902847290039,0.014067131094634533,0.0,6.635647773742676
660,1,3,-1.0035674571990967,-1.0035674571990967,0.015681199729442596,0.0,5.074640274047852
660,1,4,-1.2755476236343384,-1.2755476236343384,0.01940550096333027,0.0,5.742669582366943
660,1,5,-1.2479844093322754,-1.2479844093322754,0.015235316939651966,0.0,5.5107197761535645
660,1,6,-1.7799053192138672,-1.7799053192138672,0.013924708589911461,0.0,5.190680503845215
660,1,7,-0.6606303453445435,-0.6606303453445435,0.015688670799136162,0.0,5.27653169631958
660,1,8,-1.5016794204711914,-1.5016794204711914,0.014374593272805214,0.0,5.6602044105529785
660,1,9,-1.2945706844329834,-1.2945706844329834,0.01790156215429306,0.0,4.899310111999512
660,1,10,-1.3535219430923462,-1.3535219430923462,0.01431521400809288,0.0,6.803218364715576
660,1,11,-0.8089392781257629,-0.8089392781257629,0.015661098062992096,0.0,5.684231758117676
660,1,12,-0.5891029238700867,-0.5891029238700867,0.014884714037179947,0.0,4.787100791931152
660,1,13,-2.0523624420166016,-2.0523624420166016,0.01499668974429369,0.0,5.719968318939209
660,1,14,-1.6119143962860107,-1.6119143962860107,0.015322920866310596,0.0,5.996168613433838
660,1,15,-1.8708316087722778,-1.8708316087722778,0.016162173822522163,0.0,5.3995137214660645
660,1,16,-1.8580904006958008,-1.8580904006958008,0.015811162069439888,0.0,5.452426433563232
660,1,17,-1.9330129623413086,-1.9330129623413086,0.014217713847756386,0.0,6.195834636688232
660,1,18,-0.516520619392395,-0.516520619392395,0.014345955103635788,0.0,5.093817234039307
660,1,19,-1.952380895614624,-1.952380895614624,0.018536437302827835,0.0,5.545322418212891
660,2,0,0.8092463612556458,0.8092463612556458,0.012829430401325226,0.0,6.206454277038574
660,2,1,0.7311152815818787,0.7311152815818787,0.012159351259469986,0.0,5.414865016937256
660,2,2,0.4669760465621948,0.4669760465621948,0.01318854745477438,0.0,5.586674690246582
660,2,3,0.6230282187461853,0.6230282187461853,0.01383285317569971,0.0,5.761749267578125
660,2,4,0.4688393771648407,0.4688393771648407,0.012981831096112728,0.0,6.107444763183594
660,2,5,-0.5220690965652466,-0.5220690965652466,0.01245158351957798,0.0,6.6405463218688965
660,2,6,0.8028061985969543,0.8028061985969543,0.012795553542673588,0.0,6.118753433227539
660,2,7,1.0775905847549438,1.0775905847549438,0.012211767956614494,0.0,6.597846984863281
660,2,8,0.7577150464057922,0.7577150464057922,0.01348131988197565,0.0,5.554793357849121
660,2,9,0.2823948860168457,0.2823948860168457,0.013575661927461624,0.0,6.710906505584717
660,2,10,0.45303717255592346,0.45303717255592346,0.0127177145332098,0.0,4.982668876647949
660,2,11,-0.5173541903495789,-0.5173541903495789,0.012345114722847939,0.0,5.9872846603393555
660,2,12,0.4501619040966034,0.4501619040966034,0.012769462540745735,0.0,6.225876331329346
660,2,13,0.4549907147884369,0.4549907147884369,0.01263916864991188,0.0,5.734057426452637
660,2,14,0.28988945484161377,0.28988945484161377,0.012749124318361282,0.0,5.047131061553955
660,2,15,0.45184916257858276,0.45184916257858276,0.013449737802147865,0.0,5.916985988616943
660,2,16,0.5471147298812866,0.5471147298812866,0.01297865528613329,0.0,5.914431571960449
660,2,17,0.967459499835968,0.967459499835968,0.012384344823658466,0.0,6.034753799438477
660,2,18,0.3797241151332855,0.3797241151332855,0.012996203266084194,0.0,6.282100200653076
660,2,19,0.37503132224082947,0.37503132224082947,0.01338870357722044,0.0,6.007167816162109
660,3,0,-0.6612383723258972,-0.6612383723258972,0.013652132824063301,0.0,5.361544132232666
660,3,1,-0.4656825363636017,-0.4656825363636017,0.014076460152864456,0.0,4.816067695617676
660,3,2,-0.6301732659339905,-0.6301732659339905,0.013817010447382927,0.0,5.625619888305664
660,3,3,-1.1182504892349243,-1.1182504892349243,0.014191033318638802,0.0,5.124671936035156
660,3,4,-0.43555763363838196,-0.43555763363838196,0.013344494625926018,0.0,5.611286163330078
660,3,5,-0.15727411210536957,-0.15727411210536957,0.013968116603791714,0.0,5.285548686981201
660,3,6,-0.4761817753314972,-0.4761817753314972,0.014630249701440334,0.0,5.582709312438965
660,3,7,-0.07393299043178558,-0.07393299043178558,0.01428295485675335,0.0,5.010747909545898
660,3,8,-0.5936974883079529,-0.5936974883079529,0.013296777382493019,0.0,5.746776580810547
660,3,9,-0.37288984656333923,-0.37288984656333923,0.014113565906882286,0.0,5.515213966369629
660,3,10,-0.7814318537712097,-0.7814318537712097,0.013315309770405293,0.0,5.214094161987305
660,3,11,-0.2402900606393814,-0.2402900606393814,0.013990300707519054,0.0,4.842970848083496
660,3,12,-0.7457154393196106,-0.7457154393196106,0.014277247712016106,0.0,5.376238822937012
660,3,13,-0.5703191161155701,-0.5703191161155701,0.014175537042319775,0.0,4.791963577270508
660,3,14,-0.7020087242126465,-0.7020087242126465,0.013315447606146336,0.0,5.488613605499268
660,3,15,-0.54664146900177,-0.54664146900177,0.013421157374978065,0.0,5.220317363739014
660,3,16,-0.5765727162361145,-0.5765727162361145,0.014039632864296436,0.0,5.247894287109375
660,3,17,-0.5186217427253723,-0.5186217427253723,0.014289568178355694,0.0,5.892438888549805
660,3,18,-0.7508258819580078,-0.7508258819580078,0.013945753686130047,0.0,4.96931266784668
660,3,19,-0.46419522166252136,-0.46419522166252136,0.013696974143385887,0.0,5.906405448913574
660,4,0,0.6371681690216064,0.6371681690216064,0.015285296365618706,0.0,5.338363170623779
660,4,1,-0.2955001890659332,-0.2955001890659332,0.014081583358347416,0.0,5.842806339263916
660,4,2,0.7167789340019226,0.7167789340019226,0.013037241995334625,0.0,5.491090297698975
660,4,3,0.41859257221221924,0.41859257221221924,0.014237463474273682,0.0,5.4901227951049805
660,4,4,0.32878920435905457,0.32878920435905457,0.014806886203587055,0.0,5.716425895690918
660,4,5,0.26457804441452026,0.26457804441452026,0.011945205740630627,0.0,6.362295150756836
660,4,6,0.6576141119003296,0.6576141119003296,0.01262248121201992,0.0,6.130895614624023
660,4,7,0.8861885070800781,0.8861885070800781,0.012196792289614677,0.0,5.936266899108887
660,4,8,0.2432723343372345,0.2432723343372345,0.014653717167675495,0.0,5.275335311889648
660,4,9,0.8288488388061523,0.8288488388061523,0.013330038636922836,0.0,5.921899795532227
660,4,10,-0.1128096878528595,-0.1128096878528595,0.0165261160582304,0.0,5.067646503448486
660,4,11,0.46580636501312256,0.46580636501312256,0.014352051541209221,0.0,5.332828044891357
660,4,12,0.31083428859710693,0.31083428859710693,0.014183862134814262,0.0,6.116965293884277
660,4,13,0.5117698311805725,0.5117698311805725,0.014078153297305107,0.0,6.228717803955078
660,4,14,0.157851904630661,0.157851904630661,0.016268881037831306,0.0,6.026970863342285
660,4,15,0.6675752401351929,0.6675752401351929,0.013034873642027378,0.0,5.7138519287109375
660,4,16,-0.089788056910038,-0.089788056910038,0.01966874487698078,0.0,4.579195976257324
660,4,17,0.34343409538269043,0.34343409538269043,0.013442501425743103,0.0,6.0980634689331055
660,4,18,0.03274198994040489,0.03274198994040489,0.016545221209526062,0.0,5.690802574157715
660,4,19,0.33081015944480896,0.33081015944480896,0.01178700290620327,0.0,5.624113082885742
640,0,0,0.3633190095424652,0.3633190095424652,0.013558526523411274,0.0,5.565911769866943
640,0,1,0.23544105887413025,0.23544105887413025,0.013643095269799232,0.0,5.629228115081787
640,0,2,0.1203581914305687,0.1203581914305687,0.014115431345999241,0.0,5.0633697509765625
640,0,3,0.3024468421936035,0.3024468421936035,0.014396516606211662,0.0,5.714566230773926
640,0,4,0.06400793790817261,0.06400793790817261,0.015108468942344189,0.0,5.279728889465332
640,0,5,0.18839040398597717,0.18839040398597717,0.014252708293497562,0.0,5.99668025970459
640,0,6,-0.023753082379698753,-0.023753082379698753,0.013688628561794758,0.0,6.386022567749023
640,0,7,0.12778834998607635,0.12778834998607635,0.012977554462850094,0.0,5.730583667755127
640,0,8,-0.05927138403058052,-0.05927138403058052,0.014650695025920868,0.0,5.949941158294678
640,0,9,-0.0479535236954689,-0.0479535236954689,0.014352929778397083,0.0,5.955354690551758
640,0,10,0.272112101316452,0.272112101316452,0.015601467341184616,0.0,6.098456382751465
640,0,11,0.28671887516975403,0.28671887516975403,0.013490849174559116,0.0,6.231133460998535
640,0,12,0.24362635612487793,0.24362635612487793,0.01450987160205841,0.0,6.44929313659668
640,0,13,0.11363431066274643,0.11363431066274643,0.01365298219025135,0.0,6.016468048095703
640,0,14,0.34894299507141113,0.34894299507141113,0.013579996302723885,0.0,5.896124839782715
640,0,15,0.11955537647008896,0.11955537647008896,0.013802488334476948,0.0,6.08416748046875
640,0,16,0.4859186112880707,0.4859186112880707,0.013144558295607567,0.0,5.287753582000732
640,0,17,0.3840825855731964,0.3840825855731964,0.01399142574518919,0.0,5.907798767089844
640,0,18,0.397288054227829,0.397288054227829,0.01340103056281805,0.0,5.839903831481934
640,0,19,0.09226691722869873,0.09226691722869873,0.014642078429460526,0.0,5.962706565856934
640,1,0,-0.7815948128700256,-0.7815948128700256,0.016223475337028503,0.0,4.8073835372924805
640,1,1,-1.535318374633789,-1.535318374633789,0.015483841300010681,0.0,6.276968002319336
640,1,2,-0.987379252910614,-0.987379252910614,0.021677402779459953,0.0,5.073843955993652
640,1,3,-0.9227268099784851,-0.9227268099784851,0.01429611723870039,0.0,5.388166427612305
640,1,4,-1.2402902841567993,-1.2402902841567993,0.015242786146700382,0.0,5.559066295623779
640,1,5,-1.594947338104248,-1.594947338104248,0.015765689313411713,0.0,5.6504807472229
640,1,6,-1.4147571325302124,-1.4147571325302124,0.018077172338962555,0.0,4.752351760864258
640,1,7,-1.9969645738601685,-1.9969645738601685,0.021266981959342957,0.0,5.474897384643555
640,1,8,-1.2189594507217407,-1.2189594507217407,0.014623638242483139,0.0,5.5227155685424805
640,1,9,-1.4129148721694946,-1.4129148721694946,0.01566213369369507,0.0,5.65065860748291
640,1,10,-1.0544954538345337,-1.0544954538345337,0.014800182543694973,0.0,6.689504623413086
640,1,11,-1.3323522806167603,-1.3323522806167603,0.01364116556942463,0.0,5.528903961181641
640,1,12,-0.8107248544692993,-0.8107248544692993,0.01449870876967907,0.0,6.682084083557129
640,1,13,-1.3481428623199463,-1.3481428623199463,0.014172311872243881,0.0,5.9556121826171875
640,1,14,-1.5658855438232422,-1.5658855438232422,0.015514751896262169,0.0,5.939924240112305
640,1,15,-0.9543631672859192,-0.9543631672859192,0.016742011532187462,0.0,5.8794050216674805
640,1,16,-1.943071961402893,-1.943071961402893,0.013843036256730556,0.0,5.149752140045166
640,1,17,-1.567443609237671,-1.567443609237671,0.01567123830318451,0.0,5.910340309143066
640,1,18,-1.1027733087539673,-1.1027733087539673,0.013985519297420979,0.0,6.120132923126221
640,1,19,-1.0955816507339478,-1.0955816507339478,0.014632601290941238,0.0,5.113214492797852
640,2,0,0.7656307816505432,0.7656307816505432,0.012944255024194717,0.0,5.279351234436035
640,2,1,0.4135480225086212,0.4135480225086212,0.012546799145638943,0.0,6.66834831237793
640,2,2,0.4596439003944397,0.4596439003944397,0.012389973737299442,0.0,6.319938659667969
640,2,3,0.8677850961685181,0.8677850961685181,0.01316776778548956,0.0,6.619574069976807
640,2,4,0.5471435785293579,0.5471435785293579,0.03662305697798729,0.0,6.477944850921631
640,2,5,0.31082242727279663,0.31082242727279663,0.01297230925410986,0.0,5.742395877838135
640,2,6,0.9326121211051941,0.9326121211051941,0.012532190419733524,0.0,6.159610748291016
640,2,7,0.8351534605026245,0.8351534605026245,0.012682038359344006,0.0,5.934689521789551
640,2,8,0.753308892250061,0.753308892250061,0.013193692080676556,0.0,6.198100566864014
640,2,9,0.6033814549446106,0.6033814549446106,0.013135399669408798,0.0,5.576493263244629
640,2,10,0.5024558305740356,0.5024558305740356,0.013166879303753376,0.0,5.831287384033203
640,2,11,0.8485962748527527,0.8485962748527527,0.012491234578192234,0.0,5.481229782104492
640,2,12,0.3984232246875763,0.3984232246875763,0.012533809058368206,0.0,5.798116683959961
640,2,13,0.5490754842758179,0.5490754842758179,0.013490810990333557,0.0,6.193371772766113
640,2,14,0.6479119658470154,0.6479119658470154,0.012227301485836506,0.0,6.09295654296875
640,2,15,0.547111451625824,0.547111451625824,0.013358025811612606,0.0,5.250697135925293
640,2,16,0.45999011397361755,0.45999011397361755,0.013551129959523678,0.0,5.8908820152282715
640,2,17,0.6233022212982178,0.6233022212982178,0.012629739940166473,0.0,5.494887351989746
640,2,18,0.5723562240600586,0.5723562240600586,0.01258416660130024,0.0,6.080477714538574
640,2,19,1.0084896087646484,1.0084896087646484,0.01246547419577837,0.0,5.8662214279174805
640,3,0,-0.5600491762161255,-0.5600491762161255,0.014499143697321415,0.0,5.66960334777832
640,3,1,-0.6986005306243896,-0.6986005306243896,0.01365612167865038,0.0,5.820219993591309
640,3,2,-0.43647897243499756,-0.43647897243499756,0.014312120154500008,0.0,5.653804302215576
640,3,3,-0.6259506940841675,-0.6259506940841675,0.014090066775679588,0.0,4.949341297149658
640,3,4,-0.5358500480651855,-0.5358500480651855,0.014463040977716446,0.0,4.950987815856934
640,3,5,-0.8965348601341248,-0.8965348601341248,0.014170369133353233,0.0,4.82740592956543
640,3,6,0.0916081964969635,0.0916081964969635,0.01371975801885128,0.0,5.110394477844238
640,3,7,-0.29225462675094604,-0.29225462675094604,0.015035481192171574,0.0,5.362090110778809
640,3,8,-0.6307785511016846,-0.6307785511016846,0.014460595324635506,0.0,5.484549522399902
640,3,9,-0.50137859582901,-0.50137859582901,0.01416220236569643,0.0,4.266270160675049
640,3,10,-0.4647226333618164,-0.4647226333618164,0.014911456033587456,0.0,5.147520065307617
640,3,11,-0.8328619003295898,-0.8328619003295898,0.014153670519590378,0.0,5.784485340118408
640,3,12,-0.11232142895460129,-0.11232142895460129,0.014969722367823124,0.0,4.843202590942383
640,3,13,-0.21011804044246674,-0.21011804044246674,0.014015731401741505,0.0,5.401117324829102
640,3,14,-0.901734471321106,-0.901734471321106,0.013490963727235794,0.0,5.425405502319336
640,3,15,-0.1112157329916954,-0.1112157329916954,0.013187211938202381,0.0,6.145450115203857
640,3,16,-0.6775250434875488,-0.6775250434875488,0.013555390760302544,0.0,5.005051136016846
640,3,17,-0.5167845487594604,-0.5167845487594604,0.014023859053850174,0.0,5.543274402618408
640,3,18,-0.6403722167015076,-0.6403722167015076,0.01406570989638567,0.0,5.379674911499023
640,3,19,-0.8058237433433533,-0.8058237433433533,0.013966835103929043,0.0,5.676746368408203
640,4,0,1.0128998756408691,1.0128998756408691,0.01242757122963667,0.0,5.204873085021973
640,4,1,0.210641011595726,0.210641011595726,0.013880203478038311,0.0,5.692873954772949
640,4,2,0.27596673369407654,0.27596673369407654,0.013995622284710407,0.0,5.239436626434326
640,4,3,0.34458091855049133,0.34458091855049133,0.012466778978705406,0.0,5.700331687927246
640,4,4,-0.020496569573879242,-0.020496569573879242,0.017477363348007202,0.0,5.587271213531494
640,4,5,0.1961262822151184,0.1961262822151184,0.014313464052975178,0.0,5.736371994018555
640,4,6,0.23117616772651672,0.23117616772651672,0.014293914660811424,0.0,6.1568217277526855
640,4,7,0.3340502381324768,0.3340502381324768,0.015507461503148079,0.0,5.416348934173584
640,4,8,-0.12763474881649017,-0.12763474881649017,0.018836012110114098,0.0,6.400812149047852
640,4,9,0.2514735162258148,0.2514735162258148,0.015781939029693604,0.0,6.354170799255371
640,4,10,-0.051022108644247055,-0.051022108644247055,0.017500951886177063,0.0,6.105557441711426
640,4,11,0.8454751372337341,0.8454751372337341,0.011999986134469509,0.0,4.991225242614746
640,4,12,0.36281487345695496,0.36281487345695496,0.013494403101503849,0.0,5.995304584503174
640,4,13,0.3052525520324707,0.3052525520324707,0.014176562428474426,0.0,4.785820007324219
640,4,14,0.6269963383674622,0.6269963383674622,0.012322048656642437,0.0,5.91199254989624
640,4,15,0.267416775226593,0.267416775226593,0.012533171102404594,0.0,6.330425262451172
640,4,16,0.07171609997749329,0.07171609997749329,0.013250849209725857,0.0,6.231000900268555
640,4,17,0.6454565525054932,0.6454565525054932,0.013405430130660534,0.0,5.112637042999268
640,4,18,0.07630409300327301,0.07630409300327301,0.014019028283655643,0.0,6.431453227996826
640,4,19,0.4179936647415161,0.4179936647415161,0.015819024294614792,0.0,5.677520275115967
620,0,0,0.34558677673339844,0.34558677673339844,0.01382365170866251,0.0,6.195080757141113
620,0,1,0.3779149353504181,0.3779149353504181,0.013998919166624546,0.0,5.879701137542725
620,0,2,0.3673740327358246,0.3673740327358246,0.014278074726462364,0.0,6.058761119842529
620,0,3,0.5046221613883972,0.5046221613883972,0.014225434511899948,0.0,5.702300548553467
620,0,4,0.0425604023039341,0.0425604023039341,0.01432859618216753,0.0,5.949081897735596
620,0,5,0.49310219287872314,0.49310219287872314,0.014200768433511257,0.0,5.6238322257995605
620,0,6,0.273545503616333,0.273545503616333,0.013679874129593372,0.0,5.865362167358398
620,0,7,0.3366888165473938,0.3366888165473938,0.013910298235714436,0.0,6.169602394104004
620,0,8,-0.4517442286014557,-0.4517442286014557,0.013246061280369759,0.0,5.821731090545654
620,0,9,0.19017112255096436,0.19017112255096436,0.01443408988416195,0.0,6.128965377807617
620,0,10,0.25545576214790344,0.25545576214790344,0.013229125179350376,0.0,5.277129650115967
620,0,11,0.17095617949962616,0.17095617949962616,0.014159100130200386,0.0,6.283046722412109
620,0,12,0.09044066071510315,0.09044066071510315,0.013907759450376034,0.0,5.961403846740723
620,0,13,0.4436816871166229,0.4436816871166229,0.01438952423632145,0.0,6.0949387550354
620,0,14,0.20214292407035828,0.20214292407035828,0.014469066634774208,0.0,5.723465919494629
620,0,15,0.3504619002342224,0.3504619002342224,0.014540770091116428,0.0,5.790456295013428
620,0,16,0.4364660680294037,0.4364660680294037,0.014922111295163631,0.0,5.376631259918213
620,0,17,0.03642261028289795,0.03642261028289795,0.013848465867340565,0.0,6.234491348266602
620,0,18,0.08709634095430374,0.08709634095430374,0.013836748898029327,0.0,6.321674346923828
620,0,19,0.015234149992465973,0.015234149992465973,0.01377022173255682,0.0,5.020479202270508
620,1,0,-0.55190509557724,-0.55190509557724,0.014418494887650013,0.0,5.731736183166504
620,1,1,-1.244107961654663,-1.244107961654663,0.015093496069312096,0.0,5.211524963378906
620,1,2,-0.39397820830345154,-0.39397820830345154,0.015277734957635403,0.0,5.736749172210693
620,1,3,-1.7966654300689697,-1.7966654300689697,0.015046798624098301,0.0,6.335440635681152
620,1,4,-1.0355820655822754,-1.0355820655822754,0.016269560903310776,0.0,6.14749002456665
620,1,5,-0.7404155135154724,-0.7404155135154724,0.014371942728757858,0.0,6.296352863311768
620,1,6,-0.34696486592292786,-0.34696486592292786,0.013551500625908375,0.0,5.779378890991211
620,1,7,-0.9555702209472656,-0.9555702209472656,0.018525324761867523,0.0,6.871755599975586
620,1,8,-1.8489638566970825,-1.8489638566970825,0.021904494613409042,0.0,5.077056884765625
620,1,9,-0.7393796443939209,-0.7393796443939209,0.014115044847130775,0.0,5.329652786254883
620,1,10,-0.7149355411529541,-0.7149355411529541,0.01681186445057392,0.0,5.194097995758057
620,1,11,-1.5151722431182861,-1.5151722431182861,0.014953559264540672,0.0,5.784213066101074
620,1,12,-0.8031572699546814,-0.8031572699546814,0.014209054410457611,0.0,6.756718635559082
620,1,13,-1.0548160076141357,-1.0548160076141357,0.016289589926600456,0.0,5.60565710067749
620,1,14,-1.0172827243804932,-1.0172827243804932,0.01496568787842989,0.0,5.19892692565918
620,1,15,-1.0873606204986572,-1.0873606204986572,0.015393943525850773,0.0,4.920474052429199
620,1,16,-0.6067762970924377,-0.6067762970924377,0.014030475169420242,0.0,6.850642204284668
620,1,17,-0.8582197427749634,-0.8582197427749634,0.014773561619222164,0.0,6.113863945007324
620,1,18,-0.7517042756080627,-0.7517042756080627,0.014021387323737144,0.0,5.57176399230957
620,1,19,-1.3835519552230835,-1.3835519552230835,0.01403447799384594,0.0,4.640368938446045
620,2,0,0.6233413219451904,0.6233413219451904,0.013038898818194866,0.0,6.4208984375
620,2,1,0.9045900702476501,0.9045900702476501,0.011846224777400494,0.0,6.833884239196777
620,2,2,0.6797778606414795,0.6797778606414795,0.013017046265304089,0.0,5.958617210388184
620,2,3,0.6200875043869019,0.6200875043869019,0.012806123122572899,0.0,6.473937034606934
620,2,4,0.7907723188400269,0.7907723188400269,0.012172246351838112,0.0,5.681710243225098
620,2,5,0.8213484287261963,0.8213484287261963,0.012686857022345066,0.0,6.163913726806641
620,2,6,0.5562371015548706,0.5562371015548706,0.012286121025681496,0.0,6.438758850097656
620,2,7,0.5369999408721924,0.5369999408721924,0.012730042450129986,0.0,6.148728370666504
620,2,8,0.23389770090579987,0.23389770090579987,0.012981300242245197,0.0,6.172707557678223
620,2,9,0.8051080703735352,0.8051080703735352,0.01195238996297121,0.0,6.420258522033691
620,2,10,0.27656280994415283,0.27656280994415283,0.012610318139195442,0.0,5.929439544677734
620,2,11,0.7716123461723328,0.7716123461723328,0.012037986889481544,0.0,6.780981063842773
620,2,12,0.8308141827583313,0.8308141827583313,0.012550568208098412,0.0,5.970595359802246
620,2,13,0.8049962520599365,0.8049962520599365,0.012792132794857025,0.0,5.6275763511657715
620,2,14,0.3613606095314026,0.3613606095314026,0.012835923582315445,0.0,6.670965194702148
620,2,15,0.6077390909194946,0.6077390909194946,0.012278427369892597,0.0,6.328672409057617
620,2,16,0.15218056738376617,0.15218056738376617,0.013171497732400894,0.0,6.597084999084473
620,2,17,0.7217429280281067,0.7217429280281067,0.012735413387417793,0.0,5.8419036865234375
620,2,18,0.8106445670127869,0.8106445670127869,0.012004008516669273,0.0,5.705301284790039
620,2,19,0.7000318765640259,0.7000318765640259,0.012631179764866829,0.0,6.135295391082764
620,3,0,-0.39042970538139343,-0.39042970538139343,0.013267462141811848,0.0,5.264437675476074
620,3,1,-0.682716429233551,-0.682716429233551,0.014288915321230888,0.0,5.073488712310791
620,3,2,-0.7711182832717896,-0.7711182832717896,0.014653654769062996,0.0,5.0507354736328125
620,3,3,-0.1625508964061737,-0.1625508964061737,0.014348038472235203,0.0,6.2917890548706055
620,3,4,0.08332794904708862,0.08332794904708862,0.014627761207520962,0.0,5.731849670410156
620,3,5,-0.6603291034698486,-0.6603291034698486,0.015776747837662697,0.0,5.513892650604248
620,3,6,-0.5800932049751282,-0.5800932049751282,0.014905340038239956,0.0,5.668341636657715
620,3,7,-0.1352902352809906,-0.1352902352809906,0.014023893512785435,0.0,5.4520673751831055
620,3,8,-0.6722496151924133,-0.6722496151924133,0.013859275728464127,0.0,5.828125
620,3,9,-0.474819153547287,-0.474819153547287,0.014951539225876331,0.0,6.1530303955078125
620,3,10,-0.8191691040992737,-0.8191691040992737,0.0145132876932621,0.0,4.770430564880371
620,3,11,0.08005797863006592,0.08005797863006592,0.01453238446265459,0.0,6.180911064147949
620,3,12,-0.9591977596282959,-0.9591977596282959,0.014265939593315125,0.0,5.763586044311523
620,3,13,-0.048645153641700745,-0.048645153641700745,0.014391078613698483,0.0,4.78837776184082
620,3,14,-0.5293988585472107,-0.5293988585472107,0.013969706371426582,0.0,5.52532958984375
620,3,15,-0.2999884784221649,-0.2999884784221649,0.013912828639149666,0.0,5.326248645782471
620,3,16,-0.6721274852752686,-0.6721274852752686,0.01493862085044384,0.0,5.891231536865234
620,3,17,-0.7549057006835938,-0.7549057006835938,0.014538339339196682,0.0,5.2986249923706055
620,3,18,-0.8404369950294495,-0.8404369950294495,0.014078141190111637,0.0,6.7551350593566895
620,3,19,-0.23991623520851135,-0.23991623520851135,0.013790901750326157,0.0,5.763116836547852
620,4,0,0.3321184813976288,0.3321184813976288,0.013510486111044884,0.0,5.96511697769165
620,4,1,0.7887123823165894,0.7887123823165894,0.012907332740724087,0.0,5.021969795227051
620,4,2,0.1097673624753952,0.1097673624753952,0.015334580093622208,0.0,5.175158977508545
620,4,3,0.5593832731246948,0.5593832731246948,0.013335057534277439,0.0,5.693582057952881
620,4,4,0.2614764869213104,0.2614764869213104,0.01436503417789936,0.0,6.1315813064575195
620,4,5,0.30824869871139526,0.30824869871139526,0.01472740899771452,0.0,5.463417053222656
620,4,6,0.6446701884269714,0.6446701884269714,0.014427958987653255,0.0,5.3635711669921875
620,4,7,0.0229349285364151,0.0229349285364151,0.017291666939854622,0.0,6.41218376159668
620,4,8,0.5505168437957764,0.5505168437957764,0.012547549791634083,0.0,7.004874229431152
620,4,9,0.5852338671684265,0.5852338671684265,0.01500228513032198,0.0,6.007154941558838
620,4,10,0.2303852140903473,0.2303852140903473,0.013425461947917938,0.0,5.392024993896484
620,4,11,0.9546509981155396,0.9546509981155396,0.015101438388228416,0.0,6.042407989501953
620,4,12,0.5078102946281433,0.5078102946281433,0.012642276473343372,0.0,6.215878486633301
620,4,13,0.559868335723877,0.559868335723877,0.012234174646437168,0.0,5.5643720626831055
620,4,14,0.6645582318305969,0.6645582318305969,0.012694432400166988,0.0,6.029580593109131
620,4,15,0.5542820692062378,0.5542820692062378,0.014181295409798622,0.0,5.612607479095459
620,4,16,0.17344005405902863,0.17344005405902863,0.016463272273540497,0.0,6.210557460784912
620,4,17,0.1826496720314026,0.1826496720314026,0.014894052408635616,0.0,6.1136884689331055
620,4,18,0.4596237540245056,0.4596237540245056,0.018240736797451973,0.0,6.300918102264404
620,4,19,0.4706043303012848,0.4706043303012848,0.012582258321344852,0.0,5.7366437911987305
600,0,0,0.029569100588560104,0.029569100588560104,0.013923358172178268,0.0,5.475213050842285
600,0,1,0.15032976865768433,0.15032976865768433,0.013731997460126877,0.0,5.260833263397217
600,0,2,0.012241831980645657,0.012241831980645657,0.013551581650972366,0.0,5.920140266418457
600,0,3,0.17304396629333496,0.17304396629333496,0.013124105520546436,0.0,5.806084632873535
600,0,4,0.4162933826446533,0.4162933826446533,0.01519912388175726,0.0,6.026495933532715
600,0,5,0.24985580146312714,0.24985580146312714,0.014988838694989681,0.0,6.025257110595703
600,0,6,0.23552757501602173,0.23552757501602173,0.0138662438839674,0.0,6.015285968780518
600,0,7,0.3536868989467621,0.3536868989467621,0.01408785954117775,0.0,6.498716831207275
600,0,8,-0.2417805939912796,-0.2417805939912796,0.014597276225686073,0.0,5.221065521240234
600,0,9,0.1440458744764328,0.1440458744764328,0.01468918938189745,0.0,4.904148101806641
600,0,10,0.386985719203949,0.386985719203949,0.013464752584695816,0.0,6.001018047332764
600,0,11,0.1580979973077774,0.1580979973077774,0.01305644866079092,0.0,6.530300140380859
600,0,12,-0.15665799379348755,-0.15665799379348755,0.013976236805319786,0.0,5.55263614654541
600,0,13,-0.17530065774917603,-0.17530065774917603,0.01402525044977665,0.0,5.271202087402344
600,0,14,0.026913587003946304,0.026913587003946304,0.014034828171133995,0.0,5.263476371765137
600,0,15,0.12630482017993927,0.12630482017993927,0.01379389874637127,0.0,5.444143772125244
600,0,16,0.03277163952589035,0.03277163952589035,0.014309637248516083,0.0,5.4924540519714355
600,0,17,0.09390441328287125,0.09390441328287125,0.01365235261619091,0.0,6.119511604309082
600,0,18,0.17249701917171478,0.17249701917171478,0.014955731108784676,0.0,5.708017349243164
600,0,19,-0.1997789889574051,-0.1997789889574051,0.013651288114488125,0.0,5.355790615081787
600,1,0,-0.7328017950057983,-0.7328017950057983,0.01454907562583685,0.0,6.214325428009033
600,1,1,-1.5696187019348145,-1.5696187019348145,0.015425086952745914,0.0,5.198399543762207
600,1,2,-1.0081416368484497,-1.0081416368484497,0.014157836325466633,0.0,5.524581432342529
600,1,3,-0.5426602959632874,-0.5426602959632874,0.016298970207571983,0.0,6.442238807678223
600,1,4,-1.2890594005584717,-1.2890594005584717,0.01638892851769924,0.0,4.550178527832031
600,1,5,-0.69195157289505,-0.69195157289505,0.014555729925632477,0.0,6.313158988952637
600,1,6,-1.1287692785263062,-1.1287692785263062,0.015624365769326687,0.0,6.141069412231445
600,1,7,-0.7990536093711853,-0.7990536093711853,0.014358232729136944,0.0,5.200010299682617
600,1,8,-0.5044974088668823,-0.5044974088668823,0.014652696438133717,0.0,5.2221150398254395
600,1,9,-0.9961265921592712,-0.9961265921592712,0.013730756938457489,0.0,5.7292633056640625
600,1,10,-1.19329833984375,-1.19329833984375,0.0229925736784935,0.0,4.832619667053223
600,1,11,-0.2257290631532669,-0.2257290631532669,0.015026317909359932,0.0,5.42152214050293
600,1,12,-1.3652842044830322,-1.3652842044830322,0.015791770070791245,0.0,5.861296653747559
600,1,13,-1.0075446367263794,-1.0075446367263794,0.016268208622932434,0.0,5.830288887023926
600,1,14,-1.077467918395996,-1.077467918395996,0.01416661124676466,0.0,5.184133529663086
600,1,15,-1.2128082513809204,-1.2128082513809204,0.014648010954260826,0.0,6.246293067932129
600,1,16,-1.1140766143798828,-1.1140766143798828,0.016011543571949005,0.0,4.736186981201172
600,1,17,-0.7336961627006531,-0.7336961627006531,0.014787755906581879,0.0,6.860867500305176
600,1,18,-0.7545997500419617,-0.7545997500419617,0.016126681119203568,0.0,5.3426313400268555
600,1,19,-0.6405475735664368,-0.6405475735664368,0.018116885796189308,0.0,5.691525459289551
600,2,0,0.7634083032608032,0.7634083032608032,0.012700183317065239,0.0,6.147666931152344
600,2,1,0.6583074331283569,0.6583074331283569,0.012898889370262623,0.0,5.700494766235352
600,2,2,0.30952000617980957,0.30952000617980957,0.012813490815460682,0.0,5.362978935241699
600,2,3,0.13872452080249786,0.13872452080249786,0.01280012633651495,0.0,6.145312309265137
600,2,4,0.47603920102119446,0.47603920102119446,0.012609433382749557,0.0,6.070232391357422
600,2,5,0.46495112776756287,0.46495112776756287,0.012404684908688068,0.0,5.973586559295654
600,2,6,0.47014015913009644,0.47014015913009644,0.012829957529902458,0.0,5.8108110427856445
600,2,7,-0.26587799191474915,-0.26587799191474915,0.013288533315062523,0.0,5.474817276000977
600,2,8,0.25235530734062195,0.25235530734062195,0.01248799916356802,0.0,5.9984235763549805
600,2,9,0.8796703815460205,0.8796703815460205,0.01244824007153511,0.0,6.0368123054504395
600,2,10,0.48530319333076477,0.48530319333076477,0.012446424923837185,0.0,5.763472557067871
600,2,11,0.8512977361679077,0.8512977361679077,0.012657956220209599,0.0,5.910881996154785
600,2,12,0.4267726242542267,0.4267726242542267,0.012714467942714691,0.0,6.131681442260742
600,2,13,0.6561585068702698,0.6561585068702698,0.012817701324820518,0.0,5.833935737609863
600,2,14,0.8030016422271729,0.8030016422271729,0.012823907658457756,0.0,5.558603286743164
600,2,15,0.6643118262290955,0.6643118262290955,0.012555119581520557,0.0,5.315215110778809
600,2,16,1.0330779552459717,1.0330779552459717,0.012921495363116264,0.0,6.111765384674072
600,2,17,1.035522222518921,1.035522222518921,0.012874978594481945,0.0,6.104497909545898
600,2,18,0.8105878233909607,0.8105878233909607,0.012157770805060863,0.0,5.613311767578125
600,2,19,0.6053604483604431,0.6053604483604431,0.012810023501515388,0.0,6.417306423187256
600,3,0,-0.15309524536132812,-0.15309524536132812,0.014031649567186832,0.0,5.206934928894043
600,3,1,-0.6211416125297546,-0.6211416125297546,0.014719469472765923,0.0,5.852797985076904
600,3,2,-0.40132126212120056,-0.40132126212120056,0.014402302913367748,0.0,5.294145584106445
600,3,3,-0.29884034395217896,-0.29884034395217896,0.014040366746485233,0.0,5.339834690093994
600,3,4,-0.42140886187553406,-0.42140886187553406,0.013428241945803165,0.0,5.141180992126465
600,3,5,-0.6227920055389404,-0.6227920055389404,0.01352841779589653,0.0,5.038668632507324
600,3,6,-0.2956543564796448,-0.2956543564796448,0.014256286434829235,0.0,5.665387153625488
600,3,7,-0.5602551102638245,-0.5602551102638245,0.014458950608968735,0.0,5.493383884429932
600,3,8,-0.630343496799469,-0.630343496799469,0.013173065148293972,0.0,5.176248550415039
600,3,9,-0.6631293892860413,-0.6631293892860413,0.013171019963920116,0.0,5.6435160636901855
600,3,10,-0.3786311745643616,-0.3786311745643616,0.014140383340418339,0.0,5.437467575073242
600,3,11,-0.31423357129096985,-0.31423357129096985,0.013863608241081238,0.0,6.171794891357422
600,3,12,-0.5623278021812439,-0.5623278021812439,0.013802086003124714,0.0,5.345321178436279
600,3,13,-0.3492159843444824,-0.3492159843444824,0.015580090694129467,0.0,4.939548492431641
600,3,14,-0.6145245432853699,-0.6145245432853699,0.014198319055140018,0.0,5.665261268615723
600,3,15,-0.20440414547920227,-0.20440414547920227,0.013687622733414173,0.0,5.870937347412109
600,3,16,-0.27955517172813416,-0.27955517172813416,0.014749331399798393,0.0,5.543159484863281
600,3,17,-0.5400299429893494,-0.5400299429893494,0.014891778118908405,0.0,4.835775375366211
600,3,18,-0.6944484710693359,-0.6944484710693359,0.014154256321489811,0.0,6.280740261077881
600,3,19,-0.5536395907402039,-0.5536395907402039,0.014653529971837997,0.0,4.788889408111572
600,4,0,0.6713218092918396,0.6713218092918396,0.013802099041640759,0.0,6.401431083679199
600,4,1,0.43900710344314575,0.43900710344314575,0.01373201608657837,0.0,5.321783542633057
600,4,2,0.07535254955291748,0.07535254955291748,0.01551325898617506,0.0,5.069762706756592
600,4,3,0.4648726284503937,0.4648726284503937,0.014540983363986015,0.0,5.2137532234191895
600,4,4,-0.16948214173316956,-0.16948214173316956,0.014394502155482769,0.0,6.018590450286865
600,4,5,0.329162061214447,0.329162061214447,0.015409482643008232,0.0,6.05312442779541
600,4,6,0.8051152229309082,0.8051152229309082,0.01342038530856371,0.0,6.419490814208984
600,4,7,0.47803089022636414,0.47803089022636414,0.018975624814629555,0.0,5.955410003662109
600,4,8,0.13953818380832672,0.13953818380832672,0.017772164195775986,0.0,5.820063591003418
600,4,9,0.23488587141036987,0.23488587141036987,0.018353911116719246,0.0,6.2263712882995605
600,4,10,-0.028352105990052223,-0.028352105990052223,0.013760790228843689,0.0,6.177597999572754
600,4,11,0.5936803817749023,0.5936803817749023,0.013629653491079807,0.0,5.50140380859375
600,4,12,0.5724961757659912,0.5724961757659912,0.013173003681004047,0.0,5.395410537719727
600,4,13,0.4111133813858032,0.4111133813858032,0.01837204582989216,0.0,6.067397594451904
600,4,14,0.7775086760520935,0.7775086760520935,0.013630987145006657,0.0,5.321461200714111
600,4,15,0.30989307165145874,0.30989307165145874,0.014111111871898174,0.0,5.243364334106445
600,4,16,0.8859352469444275,0.8859352469444275,0.01245011668652296,0.0,5.263692855834961
600,4,17,0.06888923048973083,0.06888923048973083,0.013853861019015312,0.0,5.649056434631348
600,4,18,0.265391081571579,0.265391081571579,0.014797200448811054,0.0,5.256141185760498
600,4,19,0.2695848047733307,0.2695848047733307,0.015286860056221485,0.0,6.218894004821777
580,0,0,0.2794817388057709,0.2794817388057709,0.014366109855473042,0.0,6.082666397094727
580,0,1,0.31644824147224426,0.31644824147224426,0.015066754072904587,0.0,5.748690128326416
580,0,2,0.37043917179107666,0.37043917179107666,0.01414034515619278,0.0,5.873969078063965
580,0,3,-0.25372472405433655,-0.25372472405433655,0.014294814318418503,0.0,5.421379566192627
580,0,4,0.2977774143218994,0.2977774143218994,0.01347411796450615,0.0,5.833522796630859
580,0,5,-0.026757298037409782,-0.026757298037409782,0.01492649968713522,0.0,6.69889497756958
580,0,6,0.0429992750287056,0.0429992750287056,0.014976573176681995,0.0,6.3066816329956055
580,0,7,0.3758407235145569,0.3758407235145569,0.014874453656375408,0.0,6.24797248840332
580,0,8,0.4449411630630493,0.4449411630630493,0.01362430676817894,0.0,5.939885139465332
580,0,9,0.1768442541360855,0.1768442541360855,0.013793883845210075,0.0,5.634592056274414
580,0,10,0.24613885581493378,0.24613885581493378,0.013734438456594944,0.0,6.132487773895264
580,0,11,0.3483213484287262,0.3483213484287262,0.013949125073850155,0.0,5.311560153961182
580,0,12,0.15722540020942688,0.15722540020942688,0.01411371398717165,0.0,5.834011077880859
580,0,13,0.21569697558879852,0.21569697558879852,0.01382385939359665,0.0,5.8184733390808105
580,0,14,0.13856670260429382,0.13856670260429382,0.014287075959146023,0.0,6.150228023529053
580,0,15,0.35964861512184143,0.35964861512184143,0.01407251600176096,0.0,5.934726715087891
580,0,16,0.3549293577671051,0.3549293577671051,0.014071853831410408,0.0,5.869166374206543
580,0,17,0.31438255310058594,0.31438255310058594,0.013607528991997242,0.0,6.289833068847656
580,0,18,0.03751126304268837,0.03751126304268837,0.013963456265628338,0.0,5.799764633178711
580,0,19,0.3608837127685547,0.3608837127685547,0.013970521278679371,0.0,6.534030914306641
580,1,0,-0.19699418544769287,-0.19699418544769287,0.014308810234069824,0.0,4.808718204498291
580,1,1,-1.3251560926437378,-1.3251560926437378,0.015220649540424347,0.0,5.8368239402771
580,1,2,-1.0058691501617432,-1.0058691501617432,0.017158541828393936,0.0,6.081563949584961
580,1,3,-0.8588775992393494,-0.8588775992393494,0.015671201050281525,0.0,6.658429145812988
580,1,4,-0.6384565234184265,-0.6384565234184265,0.014241732656955719,0.0,6.350508689880371
580,1,5,-0.4151918590068817,-0.4151918590068817,0.014932630583643913,0.0,5.895763397216797
580,1,6,-1.524553656578064,-1.524553656578064,0.014725239016115665,0.0,5.862121105194092
580,1,7,-1.4557102918624878,-1.4557102918624878,0.016156576573848724,0.0,5.343045234680176
580,1,8,-1.751888632774353,-1.751888632774353,0.016775866970419884,0.0,6.074939727783203
580,1,9,-1.4686686992645264,-1.4686686992645264,0.014524642378091812,0.0,5.359959602355957
580,1,10,-1.8084046840667725,-1.8084046840667725,0.015044458210468292,0.0,5.061715602874756
580,1,11,-1.0674220323562622,-1.0674220323562622,0.014377457089722157,0.0,6.343670845031738
580,1,12,-1.6083931922912598,-1.6083931922912598,0.017238641157746315,0.0,6.872384071350098
580,1,13,-0.6821959018707275,-0.6821959018707275,0.01580687426030636,0.0,4.843526840209961
580,1,14,-1.4933485984802246,-1.4933485984802246,0.01566464640200138,0.0,5.484505653381348
580,1,15,-1.2847691774368286,-1.2847691774368286,0.015195833519101143,0.0,5.492004871368408
580,1,16,-1.1820075511932373,-1.1820075511932373,0.015845324844121933,0.0,5.711631774902344
580,1,17,-0.9782311916351318,-0.9782311916351318,0.015681937336921692,0.0,5.357750415802002
580,1,18,-0.5616671442985535,-0.5616671442985535,0.01769106462597847,0.0,5.787687301635742
580,1,19,-0.7062350511550903,-0.7062350511550903,0.017188576981425285,0.0,5.225916385650635
580,2,0,0.5211107730865479,0.5211107730865479,0.013304525054991245,0.0,6.224235534667969
580,2,1,0.5079999566078186,0.5079999566078186,0.013671339489519596,0.0,5.543255805969238
580,2,2,0.7219738960266113,0.7219738960266113,0.013341820798814297,0.0,5.9972357749938965
580,2,3,0.4547223448753357,0.4547223448753357,0.012355986051261425,0.0,5.854802131652832
580,2,4,0.8717955350875854,0.8717955350875854,0.013739729300141335,0.0,5.592134952545166
580,2,5,0.6125779151916504,0.6125779151916504,0.012915979139506817,0.0,5.703380584716797
580,2,6,0.688836395740509,0.688836395740509,0.013217235915362835,0.0,6.196693420410156
580,2,7,0.5868739485740662,0.5868739485740662,0.012154845520853996,0.0,6.2411394119262695
580,2,8,0.7313207387924194,0.7313207387924194,0.012850772589445114,0.0,6.220429420471191
580,2,9,0.14511258900165558,0.14511258900165558,0.01207530777901411,0.0,6.184412002563477
580,2,10,0.5932918787002563,0.5932918787002563,0.012465808540582657,0.0,5.8865556716918945
580,2,11,0.22971445322036743,0.22971445322036743,0.012794976122677326,0.0,6.191823482513428
580,2,12,0.7798258662223816,0.7798258662223816,0.01279519870877266,0.0,5.328930854797363
580,2,13,0.4841473698616028,0.4841473698616028,0.01243377011269331,0.0,5.9866414070129395
580,2,14,0.6155079007148743,0.6155079007148743,0.01262433547526598,0.0,5.736015319824219
580,2,15,0.6105316281318665,0.6105316281318665,0.013110389932990074,0.0,5.8687615394592285
580,2,16,0.5818784832954407,0.5818784832954407,0.012950696051120758,0.0,5.884845733642578
580,2,17,0.9488454461097717,0.9488454461097717,0.012437120079994202,0.0,5.613503456115723
580,2,18,0.3834635019302368,0.3834635019302368,0.013105789199471474,0.0,5.860291004180908
580,2,19,0.5977042317390442,0.5977042317390442,0.012852944433689117,0.0,6.187670707702637
580,3,0,-0.531934916973114,-0.531934916973114,0.014599774964153767,0.0,6.026737213134766
580,3,1,-0.5965611338615417,-0.5965611338615417,0.013487574644386768,0.0,5.6828765869140625
580,3,2,-0.3502897322177887,-0.3502897322177887,0.014191952534019947,0.0,5.283672332763672
580,3,3,-0.48381295800209045,-0.48381295800209045,0.01485949382185936,0.0,6.282150745391846
580,3,4,-0.5944047570228577,-0.5944047570228577,0.01316897477954626,0.0,5.149997711181641
580,3,5,-0.4179399907588959,-0.4179399907588959,0.014441688545048237,0.0,5.288048267364502
580,3,6,-0.4603130519390106,-0.4603130519390106,0.013965963385999203,0.0,5.290919780731201
580,3,7,-0.5595541596412659,-0.5595541596412659,0.014786643907427788,0.0,4.975174903869629
580,3,8,-0.27628079056739807,-0.27628079056739807,0.013939650729298592,0.0,5.932121276855469
580,3,9,-0.18894805014133453,-0.18894805014133453,0.01393628865480423,0.0,5.890346527099609
580,3,10,-0.40993785858154297,-0.40993785858154297,0.0140698766335845,0.0,5.95427131652832
580,3,11,-0.7088887095451355,-0.7088887095451355,0.014568141661584377,0.0,5.689796447753906
580,3,12,-0.6134437322616577,-0.6134437322616577,0.015425319783389568,0.0,5.289248943328857
580,3,13,-0.2988603711128235,-0.2988603711128235,0.013947727158665657,0.0,4.97212028503418
580,3,14,-0.6141210198402405,-0.6141210198402405,0.014814608730375767,0.0,5.387941360473633
580,3,15,-0.1656900942325592,-0.1656900942325592,0.014233667403459549,0.0,5.203620910644531
580,3,16,-0.8328677415847778,-0.8328677415847778,0.0154344467446208,0.0,5.471151351928711
580,3,17,-0.41383856534957886,-0.41383856534957886,0.014086483046412468,0.0,5.03384256362915
580,3,18,-0.42124855518341064,-0.42124855518341064,0.013881130144000053,0.0,5.331840515136719
580,3,19,-0.1723831295967102,-0.1723831295967102,0.013950946740806103,0.0,5.064326763153076
580,4,0,0.688238263130188,0.688238263130188,0.014120788313448429,0.0,5.753548622131348
580,4,1,0.7855633497238159,0.7855633497238159,0.013119411654770374,0.0,5.932933807373047
580,4,2,0.06321348994970322,0.06321348994970322,0.01689598150551319,0.0,5.999590873718262
580,4,3,0.6500526070594788,0.6500526070594788,0.013116097077727318,0.0,6.496471405029297
580,4,4,0.44613227248191833,0.44613227248191833,0.015381480567157269,0.0,6.0209784507751465
580,4,5,0.2053242176771164,0.2053242176771164,0.01347132958471775,0.0,6.076108932495117
580,4,6,0.5887610912322998,0.5887610912322998,0.01533711701631546,0.0,6.268031120300293
580,4,7,0.5649009943008423,0.5649009943008423,0.012990597635507584,0.0,5.797832489013672
580,4,8,0.11301766335964203,0.11301766335964203,0.01460340991616249,0.0,5.545764446258545
580,4,9,0.511329710483551,0.511329710483551,0.01567731611430645,0.0,5.679492950439453
580,4,10,0.39202412962913513,0.39202412962913513,0.016045790165662766,0.0,5.210993766784668
580,4,11,0.30808037519454956,0.30808037519454956,0.014745174907147884,0.0,6.013195037841797
580,4,12,0.41218501329421997,0.41218501329421997,0.014435126446187496,0.0,6.271598815917969
580,4,13,0.08956900984048843,0.08956900984048843,0.017422499135136604,0.0,5.646617412567139
580,4,14,0.26626747846603394,0.26626747846603394,0.014627225697040558,0.0,4.672237396240234
580,4,15,0.5030384063720703,0.5030384063720703,0.013500957749783993,0.0,5.602670192718506
580,4,16,0.15271051228046417,0.15271051228046417,0.014938130974769592,0.0,6.33538293838501
580,4,17,0.18648694455623627,0.18648694455623627,0.013877984136343002,0.0,6.393524169921875
580,4,18,0.5037893652915955,0.5037893652915955,0.014389806427061558,0.0,5.569618225097656
580,4,19,0.7168101668357849,0.7168101668357849,0.013587870635092258,0.0,5.608369827270508
560,0,0,0.18204522132873535,0.18204522132873535,0.013563004322350025,0.0,5.639906883239746
560,0,1,0.4179716110229492,0.4179716110229492,0.014420096762478352,0.0,6.320064067840576
560,0,2,0.25939831137657166,0.25939831137657166,0.014786532148718834,0.0,5.380692005157471
560,0,3,0.4555617868900299,0.4555617868900299,0.013807635754346848,0.0,5.505921363830566
560,0,4,0.3091304302215576,0.3091304302215576,0.013323272578418255,0.0,5.844338893890381
560,0,5,0.09396310150623322,0.09396310150623322,0.014469826593995094,0.0,5.809426784515381
560,0,6,0.07374107092618942,0.07374107092618942,0.014065438881516457,0.0,5.652716636657715
560,0,7,0.21130524575710297,0.21130524575710297,0.014168256893754005,0.0,6.157501220703125
560,0,8,0.20990271866321564,0.20990271866321564,0.013389194384217262,0.0,6.174498558044434
560,0,9,0.4936191439628601,0.4936191439628601,0.014463396742939949,0.0,5.882787704467773
560,0,10,0.30472439527511597,0.30472439527511597,0.014957310631871223,0.0,6.818621635437012
560,0,11,0.33804458379745483,0.33804458379745483,0.014463551342487335,0.0,5.8880205154418945
560,0,12,0.35801219940185547,0.35801219940185547,0.014601172879338264,0.0,5.585574626922607
560,0,13,0.09820766001939774,0.09820766001939774,0.014504656195640564,0.0,5.61247444152832
560,0,14,0.2852625250816345,0.2852625250816345,0.015089832246303558,0.0,6.10794734954834
560,0,15,0.292976975440979,0.292976975440979,0.0135750537738204,0.0,5.523454666137695
560,0,16,0.07160475105047226,0.07160475105047226,0.014326225034892559,0.0,6.1211395263671875
560,0,17,0.1339729130268097,0.1339729130268097,0.013854238204658031,0.0,5.688925266265869
560,0,18,0.09601085633039474,0.09601085633039474,0.014868014492094517,0.0,6.120275497436523
560,0,19,-0.4484921395778656,-0.4484921395778656,0.014120788313448429,0.0,5.869667053222656
560,1,0,-1.8855983018875122,-1.8855983018875122,0.014531242661178112,0.0,6.178892135620117
560,1,1,-1.570364236831665,-1.570364236831665,0.017262732610106468,0.0,6.268651962280273
560,1,2,-1.8616843223571777,-1.8616843223571777,0.01725725643336773,0.0,5.339648246765137
560,1,3,-0.7262811064720154,-0.7262811064720154,0.016382012516260147,0.0,5.424838066101074
560,1,4,-0.9816849231719971,-0.9816849231719971,0.016645001247525215,0.0,6.102761268615723
560,1,5,-2.0774853229522705,-2.0774853229522705,0.01732187531888485,0.0,6.0592875480651855
560,1,6,-1.5187817811965942,-1.5187817811965942,0.015585278160870075,0.0,5.042568206787109
560,1,7,-0.770262598991394,-0.770262598991394,0.016071591526269913,0.0,6.232968807220459
560,1,8,-1.1109267473220825,-1.1109267473220825,0.015162864699959755,0.0,6.417567253112793
560,1,9,-1.3130396604537964,-1.3130396604537964,0.014108545146882534,0.0,5.907835006713867
560,1,10,-1.079357385635376,-1.079357385635376,0.014103550463914871,0.0,6.680646896362305
560,1,11,-0.7832805514335632,-0.7832805514335632,0.014948869124054909,0.0,5.749792098999023
560,1,12,-1.0920161008834839,-1.0920161008834839,0.014787198975682259,0.0,4.934825420379639
560,1,13,-1.1234314441680908,-1.1234314441680908,0.017650919035077095,0.0,5.420496463775635
560,1,14,-0.8727977275848389,-0.8727977275848389,0.01582953706383705,0.0,5.768012523651123
560,1,15,-1.3987494707107544,-1.3987494707107544,0.013780958019196987,0.0,5.857702255249023
560,1,16,-1.3253529071807861,-1.3253529071807861,0.017504429444670677,0.0,5.1366705894470215
560,1,17,-1.300117015838623,-1.300117015838623,0.016092075034976006,0.0,5.53913688659668
560,1,18,-0.8347898125648499,-0.8347898125648499,0.014394838362932205,0.0,6.021675109863281
560,1,19,-1.2460308074951172,-1.2460308074951172,0.018955759704113007,0.0,5.591684818267822
560,2,0,0.47033175826072693,0.47033175826072693,0.01309153065085411,0.0,6.454116344451904
560,2,1,0.5516500473022461,0.5516500473022461,0.012546486221253872,0.0,5.192984104156494
560,2,2,0.3840104937553406,0.3840104937553406,0.012542788870632648,0.0,6.1129961013793945
560,2,3,0.6963642239570618,0.6963642239570618,0.012581691145896912,0.0,5.640969753265381
560,2,4,0.3398825228214264,0.3398825228214264,0.0137639744207263,0.0,5.583288192749023
560,2,5,0.801620364189148,0.801620364189148,0.012520459480583668,0.0,6.206353664398193
560,2,6,0.1627080887556076,0.1627080887556076,0.012827963568270206,0.0,6.003430366516113
560,2,7,0.5298625826835632,0.5298625826835632,0.012408629059791565,0.0,5.866861343383789
560,2,8,0.551986813545227,0.551986813545227,0.013139567337930202,0.0,5.6695146560668945
560,2,9,0.5633746385574341,0.5633746385574341,0.012920108623802662,0.0,5.012155532836914
560,2,10,0.6645581126213074,0.6645581126213074,0.01237544696778059,0.0,6.305462837219238
560,2,11,0.7930222749710083,0.7930222749710083,0.012517701834440231,0.0,6.070230484008789
560,2,12,0.4375939667224884,0.4375939667224884,0.012242312543094158,0.0,5.77315092086792
560,2,13,0.8724247217178345,0.8724247217178345,0.012545912526547909,0.0,6.106130599975586
560,2,14,0.6384949088096619,0.6384949088096619,0.012518743984401226,0.0,5.553747653961182
560,2,15,0.5512855052947998,0.5512855052947998,0.012947890907526016,0.0,6.231280326843262
560,2,16,0.7217354774475098,0.7217354774475098,0.013070883229374886,0.0,5.718196868896484
560,2,17,0.6631819605827332,0.6631819605827332,0.012433992698788643,0.0,5.336726188659668
560,2,18,0.8140867352485657,0.8140867352485657,0.012782344594597816,0.0,5.725831985473633
560,2,19,0.8508231043815613,0.8508231043815613,0.012919791042804718,0.0,5.819065570831299
560,3,0,-0.31145229935646057,-0.31145229935646057,0.013565926812589169,0.0,5.485154628753662
560,3,1,-0.22338587045669556,-0.22338587045669556,0.013871688395738602,0.0,6.33143424987793
560,3,2,-0.15646234154701233,-0.15646234154701233,0.014440453611314297,0.0,6.172122001647949
560,3,3,-0.5231665968894958,-0.5231665968894958,0.014419729821383953,0.0,4.783927917480469
560,3,4,-0.3038170635700226,-0.3038170635700226,0.015955550596117973,0.0,5.237274646759033
560,3,5,-0.5479598641395569,-0.5479598641395569,0.014704159460961819,0.0,5.1355695724487305
560,3,6,0.011606454849243164,0.011606454849243164,0.01375905517488718,0.0,4.80381965637207
560,3,7,-0.5294848680496216,-0.5294848680496216,0.015619312413036823,0.0,5.421807765960693
560,3,8,-0.5999272465705872,-0.5999272465705872,0.014344916678965092,0.0,5.715266704559326
560,3,9,-0.614452064037323,-0.614452064037323,0.015447873622179031,0.0,6.033448219299316
560,3,10,-0.8215934634208679,-0.8215934634208679,0.013622283935546875,0.0,5.570899963378906
560,3,11,-0.6600874662399292,-0.6600874662399292,0.014115397818386555,0.0,5.014720916748047
560,3,12,-0.38156282901763916,-0.38156282901763916,0.013873860239982605,0.0,5.372857093811035
560,3,13,-0.40877053141593933,-0.40877053141593933,0.014372734352946281,0.0,5.344229698181152
560,3,14,-0.518924355506897,-0.518924355506897,0.014152445830404758,0.0,5.715606689453125
560,3,15,-0.4698339104652405,-0.4698339104652405,0.013703842647373676,0.0,4.944273471832275
560,3,16,-0.14864209294319153,-0.14864209294319153,0.01400881540030241,0.0,5.1056623458862305
560,3,17,-0.22436892986297607,-0.22436892986297607,0.014226658269762993,0.0,5.454977035522461
560,3,18,-0.4986274540424347,-0.4986274540424347,0.01517445407807827,0.0,4.774356842041016
560,3,19,-0.5176826119422913,-0.5176826119422913,0.013969075866043568,0.0,5.609869003295898
560,4,0,0.5492281913757324,0.5492281913757324,0.01423132698982954,0.0,5.44767951965332
560,4,1,0.032936278730630875,0.032936278730630875,0.014043792150914669,0.0,4.9620866775512695
560,4,2,-0.06165742501616478,-0.06165742501616478,0.015110945329070091,0.0,6.339351177215576
560,4,3,0.42213213443756104,0.42213213443756104,0.014816378243267536,0.0,6.228888034820557
560,4,4,0.3625336289405823,0.3625336289405823,0.021937241777777672,0.0,5.775590896606445
560,4,5,0.4662984013557434,0.4662984013557434,0.013319537974894047,0.0,5.881072044372559
560,4,6,0.5155162811279297,0.5155162811279297,0.013887311331927776,0.0,5.375823497772217
560,4,7,0.5798928737640381,0.5798928737640381,0.013380731455981731,0.0,5.926520347595215
560,4,8,0.20376735925674438,0.20376735925674438,0.014519276097416878,0.0,5.9055562019348145
560,4,9,0.8204896450042725,0.8204896450042725,0.020976712927222252,0.0,6.533816337585449
560,4,10,0.41436952352523804,0.41436952352523804,0.01492415089160204,0.0,5.524836540222168
560,4,11,0.16646531224250793,0.16646531224250793,0.012640705332159996,0.0,6.108562469482422
560,4,12,0.17950542271137238,0.17950542271137238,0.0148408068343997,0.0,4.703804016113281
560,4,13,0.8212547302246094,0.8212547302246094,0.013132748194038868,0.0,5.41326904296875
560,4,14,-0.02679998241364956,-0.02679998241364956,0.016547439619898796,0.0,5.179381370544434
560,4,15,0.26745137572288513,0.26745137572288513,0.014787825755774975,0.0,5.394781112670898
560,4,16,0.4212981164455414,0.4212981164455414,0.01645319163799286,0.0,5.411085605621338
560,4,17,0.28773096203804016,0.28773096203804016,0.013657337054610252,0.0,5.0361714363098145
560,4,18,0.28362569212913513,0.28362569212913513,0.01454987470060587,0.0,6.293271064758301
560,4,19,0.07333196699619293,0.07333196699619293,0.01355032715946436,0.0,5.635608673095703
540,0,0,0.030843719840049744,0.030843719840049744,0.014296474866569042,0.0,6.039702892303467
540,0,1,0.3843034505844116,0.3843034505844116,0.013730420731008053,0.0,6.176708221435547
540,0,2,0.21126538515090942,0.21126538515090942,0.013710159808397293,0.0,5.993738174438477
540,0,3,0.4468221962451935,0.4468221962451935,0.014248140156269073,0.0,6.6312408447265625
540,0,4,0.12441026419401169,0.12441026419401169,0.014766908250749111,0.0,6.009230136871338
540,0,5,0.47671326994895935,0.47671326994895935,0.014740243554115295,0.0,5.890114784240723
540,0,6,0.3276169002056122,0.3276169002056122,0.01426458265632391,0.0,5.863181114196777
540,0,7,0.21567024290561676,0.21567024290561676,0.014148615300655365,0.0,6.179806709289551
540,0,8,-0.04706268757581711,-0.04706268757581711,0.014314406551420689,0.0,6.138956069946289
540,0,9,0.1929139643907547,0.1929139643907547,0.014423687942326069,0.0,6.0929412841796875
540,0,10,0.3023562431335449,0.3023562431335449,0.014932804740965366,0.0,6.145489692687988
540,0,11,0.2545635402202606,0.2545635402202606,0.013834115117788315,0.0,5.738212585449219
540,0,12,0.20358747243881226,0.20358747243881226,0.014108642935752869,0.0,6.444266319274902
540,0,13,0.07598404586315155,0.07598404586315155,0.015212705358862877,0.0,5.542503356933594
540,0,14,0.5696141719818115,0.5696141719818115,0.013892294839024544,0.0,6.0197906494140625
540,0,15,0.249065101146698,0.249065101146698,0.014093225821852684,0.0,6.360637664794922
540,0,16,0.11754488945007324,0.11754488945007324,0.013492537662386894,0.0,5.980094909667969
540,0,17,0.368584543466568,0.368584543466568,0.014320814050734043,0.0,6.577339172363281
540,0,18,0.05889533460140228,0.05889533460140228,0.014881483279168606,0.0,5.783603668212891
540,0,19,0.6099685430526733,0.6099685430526733,0.014592600986361504,0.0,6.075828552246094
540,1,0,-1.271105408668518,-1.271105408668518,0.01692873053252697,0.0,5.70836067199707
540,1,1,-1.1870532035827637,-1.1870532035827637,0.018161341547966003,0.0,5.679114818572998
540,1,2,-1.9281977415084839,-1.9281977415084839,0.015638435259461403,0.0,4.7209248542785645
540,1,3,-0.6013014912605286,-0.6013014912605286,0.015452616848051548,0.0,6.170215606689453
540,1,4,-1.0359171628952026,-1.0359171628952026,0.017217958346009254,0.0,6.059790134429932
540,1,5,-1.2221213579177856,-1.2221213579177856,0.014846196398139,0.0,5.621274948120117
540,1,6,-1.2889281511306763,-1.2889281511306763,0.015327757224440575,0.0,4.778556823730469
540,1,7,-1.5195845365524292,-1.5195845365524292,0.01658063940703869,0.0,5.556628704071045
540,1,8,-1.9724957942962646,-1.9724957942962646,0.01761060766875744,0.0,5.015705585479736
540,1,9,-1.0326086282730103,-1.0326086282730103,0.015756880864501,0.0,5.146655082702637
540,1,10,-0.9742793440818787,-0.9742793440818787,0.01441490463912487,0.0,5.263977527618408
540,1,11,-0.9271740317344666,-0.9271740317344666,0.015492756851017475,0.0,6.104389190673828
540,1,12,-1.8067233562469482,-1.8067233562469482,0.01501623447984457,0.0,4.6678266525268555
540,1,13,-1.5471687316894531,-1.5471687316894531,0.01609237678349018,0.0,6.584447860717773
540,1,14,-0.4490484595298767,-0.4490484595298767,0.01647166721522808,0.0,5.646475791931152
540,1,15,-1.5361541509628296,-1.5361541509628296,0.015200700610876083,0.0,5.309375286102295
540,1,16,-1.7963299751281738,-1.7963299751281738,0.016065655276179314,0.0,6.29630708694458
540,1,17,-1.2334370613098145,-1.2334370613098145,0.015697982162237167,0.0,5.738265037536621
540,1,18,-1.7177417278289795,-1.7177417278289795,0.016119692474603653,0.0,5.593024730682373
540,1,19,-0.7387901544570923,-0.7387901544570923,0.0171753391623497,0.0,6.190166473388672
540,2,0,0.5578507781028748,0.5578507781028748,0.013003233820199966,0.0,6.120859146118164
540,2,1,0.6315611600875854,0.6315611600875854,0.012389378622174263,0.0,6.15611457824707
540,2,2,0.8545513153076172,0.8545513153076172,0.012751001864671707,0.0,6.418131351470947
540,2,3,0.6731235980987549,0.6731235980987549,0.013002535328269005,0.0,6.351132869720459
540,2,4,0.7180763483047485,0.7180763483047485,0.012245933525264263,0.0,6.050042152404785
540,2,5,0.6792804002761841,0.6792804002761841,0.01303462777286768,0.0,5.698651313781738
540,2,6,0.8708666563034058,0.8708666563034058,0.012235360220074654,0.0,6.134972095489502
540,2,7,0.1034306138753891,0.1034306138753891,0.012514977715909481,0.0,5.642389297485352
540,2,8,0.5824515223503113,0.5824515223503113,0.012465615756809711,0.0,6.058649063110352
540,2,9,0.8956907391548157,0.8956907391548157,0.01232022512704134,0.0,5.848058223724365
540,2,10,0.7957680225372314,0.7957680225372314,0.01260782964527607,0.0,6.202420711517334
540,2,11,0.8033657073974609,0.8033657073974609,0.012541470117866993,0.0,5.424752712249756
540,2,12,0.7934589982032776,0.7934589982032776,0.013126200065016747,0.0,5.929576873779297
540,2,13,0.2984636425971985,0.2984636425971985,0.012763134203851223,0.0,5.742752552032471
540,2,14,0.5197173953056335,0.5197173953056335,0.012794739566743374,0.0,5.3843488693237305
540,2,15,0.5302304029464722,0.5302304029464722,0.012475834228098392,0.0,6.2082061767578125
540,2,16,0.5176261067390442,0.5176261067390442,0.012585884891450405,0.0,5.847070693969727
540,2,17,0.6657132506370544,0.6657132506370544,0.012542498297989368,0.0,6.242717742919922
540,2,18,0.6012998819351196,0.6012998819351196,0.012374713085591793,0.0,5.464056968688965
540,2,19,0.7127327919006348,0.7127327919006348,0.01239290926605463,0.0,6.232799053192139
540,3,0,-0.2526172697544098,-0.2526172697544098,0.014143708162009716,0.0,5.508815765380859
540,3,1,-0.49791619181632996,-0.49791619181632996,0.014440969564020634,0.0,4.584465980529785
540,3,2,-0.12873558700084686,-0.12873558700084686,0.014359298162162304,0.0,4.684914588928223
540,3,3,-0.5101364254951477,-0.5101364254951477,0.014299076981842518,0.0,5.9488630294799805
540,3,4,-0.6702442169189453,-0.6702442169189453,0.013969562947750092,0.0,5.3184967041015625
540,3,5,-0.19802798330783844,-0.19802798330783844,0.014424148947000504,0.0,5.129834175109863
540,3,6,-0.485947847366333,-0.485947847366333,0.01460868027061224,0.0,5.5465826988220215
540,3,7,-0.6882893443107605,-0.6882893443107605,0.014171459712088108,0.0,5.667296409606934
540,3,8,-0.3136042058467865,-0.3136042058467865,0.015042559243738651,0.0,4.770995140075684
540,3,9,-0.5260035395622253,-0.5260035395622253,0.014248039573431015,0.0,5.541049957275391
540,3,10,-0.06568997353315353,-0.06568997353315353,0.013818941079080105,0.0,5.732449531555176
540,3,11,-0.5472347736358643,-0.5472347736358643,0.014690590091049671,0.0,5.227383613586426
540,3,12,-0.4681054651737213,-0.4681054651737213,0.014439462684094906,0.0,5.076419353485107
540,3,13,-0.028446372598409653,-0.028446372598409653,0.014447160065174103,0.0,6.016904830932617
540,3,14,-0.4073232114315033,-0.4073232114315033,0.013774257153272629,0.0,5.400699615478516
540,3,15,-0.38924551010131836,-0.38924551010131836,0.014669358730316162,0.0,4.580702781677246
540,3,16,-0.6145827174186707,-0.6145827174186707,0.014011509716510773,0.0,5.451174259185791
540,3,17,-0.6518347263336182,-0.6518347263336182,0.015265616588294506,0.0,5.403807640075684
540,3,18,-0.4033440351486206,-0.4033440351486206,0.01453176885843277,0.0,5.131122589111328
540,3,19,-0.38614845275878906,-0.38614845275878906,0.01442515105009079,0.0,5.288396835327148
540,4,0,0.18297234177589417,0.18297234177589417,0.013064548373222351,0.0,5.75613260269165
540,4,1,0.34476229548454285,0.34476229548454285,0.014541310258209705,0.0,4.914510726928711
540,4,2,0.04735131934285164,0.04735131934285164,0.016069984063506126,0.0,5.907123565673828
540,4,3,0.2720816731452942,0.2720816731452942,0.016088487580418587,0.0,5.953917980194092
540,4,4,0.691856324672699,0.691856324672699,0.014048850163817406,0.0,5.251163005828857
540,4,5,0.5364076495170593,0.5364076495170593,0.013917919248342514,0.0,5.706314563751221
540,4,6,0.7373279929161072,0.7373279929161072,0.01380880456417799,0.0,6.197023868560791
540,4,7,0.7632536292076111,0.7632536292076111,0.014801252633333206,0.0,5.291944980621338
540,4,8,0.44862014055252075,0.44862014055252075,0.01570599339902401,0.0,6.340791702270508
540,4,9,0.45274490118026733,0.45274490118026733,0.01499347947537899,0.0,5.578130722045898
540,4,10,0.2103288620710373,0.2103288620710373,0.01719375140964985,0.0,5.572930335998535
540,4,11,0.4160107970237732,0.4160107970237732,0.012986352667212486,0.0,6.137604713439941
540,4,12,-0.13339827954769135,-0.13339827954769135,0.015887340530753136,0.0,5.355287075042725
540,4,13,-0.12504138052463531,-0.12504138052463531,0.013790233992040157,0.0,5.500247001647949
540,4,14,0.5982323884963989,0.5982323884963989,0.013040151447057724,0.0,5.243078708648682
540,4,15,0.5259608030319214,0.5259608030319214,0.01301345694810152,0.0,6.242123603820801
540,4,16,0.5352476835250854,0.5352476835250854,0.014682406559586525,0.0,5.764278411865234
540,4,17,0.5348199009895325,0.5348199009895325,0.014037495478987694,0.0,6.021546363830566
540,4,18,0.30789607763290405,0.30789607763290405,0.01373191736638546,0.0,5.365276336669922
540,4,19,0.479052871465683,0.479052871465683,0.013264036737382412,0.0,5.481565475463867
520,0,0,0.4895299971103668,0.4895299971103668,0.014494598843157291,0.0,5.923675060272217
520,0,1,0.003534582443535328,0.003534582443535328,0.014571091160178185,0.0,6.258089542388916
520,0,2,0.3944803476333618,0.3944803476333618,0.01428468618541956,0.0,6.176485061645508
520,0,3,0.3353653848171234,0.3353653848171234,0.014261890202760696,0.0,6.235898017883301
520,0,4,0.006235694978386164,0.006235694978386164,0.014184629544615746,0.0,5.602442741394043
520,0,5,0.4846692681312561,0.4846692681312561,0.014101668260991573,0.0,5.3268938064575195
520,0,6,0.37352341413497925,0.37352341413497925,0.013546517118811607,0.0,5.851016521453857
520,0,7,0.0887783095240593,0.0887783095240593,0.014803075231611729,0.0,5.585692405700684
520,0,8,0.3802717924118042,0.3802717924118042,0.014127986505627632,0.0,6.420011043548584
520,0,9,0.21986380219459534,0.21986380219459534,0.014570633880794048,0.0,6.052087306976318
520,0,10,0.41472795605659485,0.41472795605659485,0.013947431929409504,0.0,5.614630699157715
520,0,11,-0.004843953996896744,-0.004843953996896744,0.013711861334741116,0.0,6.6289544105529785
520,0,12,0.25506818294525146,0.25506818294525146,0.0141109274700284,0.0,6.016132831573486
520,0,13,0.6121850609779358,0.6121850609779358,0.013778384774923325,0.0,5.928040027618408
520,0,14,0.47526538372039795,0.47526538372039795,0.014037626795470715,0.0,6.275498867034912
520,0,15,0.018714958801865578,0.018714958801865578,0.014514230191707611,0.0,5.845396518707275
520,0,16,0.12084119021892548,0.12084119021892548,0.014502529986202717,0.0,5.995835781097412
520,0,17,0.4032471776008606,0.4032471776008606,0.013953741639852524,0.0,6.515146255493164
520,0,18,-0.01198545191437006,-0.01198545191437006,0.013681997545063496,0.0,5.658066272735596
520,0,19,0.34479770064353943,0.34479770064353943,0.013701162301003933,0.0,6.284008979797363
520,1,0,-1.1766122579574585,-1.1766122579574585,0.01738458126783371,0.0,4.942996978759766
520,1,1,-1.2534791231155396,-1.2534791231155396,0.013758718967437744,0.0,5.860605239868164
520,1,2,-0.619364321231842,-0.619364321231842,0.016707170754671097,0.0,5.135919570922852
520,1,3,-1.1878907680511475,-1.1878907680511475,0.01563742384314537,0.0,5.728801727294922
520,1,4,-1.1618732213974,-1.1618732213974,0.014596893452107906,0.0,5.94631814956665
520,1,5,-1.0357507467269897,-1.0357507467269897,0.014913142658770084,0.0,5.498269557952881
520,1,6,-1.5429093837738037,-1.5429093837738037,0.017170416191220284,0.0,5.420060157775879
520,1,7,-0.694652259349823,-0.694652259349823,0.016973458230495453,0.0,4.962193965911865
520,1,8,-1.5334359407424927,-1.5334359407424927,0.016135303303599358,0.0,5.582030296325684
520,1,9,-1.8425304889678955,-1.8425304889678955,0.01610230654478073,0.0,5.412937164306641
520,1,10,-1.8427494764328003,-1.8427494764328003,0.015575580298900604,0.0,5.438534736633301
520,1,11,-0.7623467445373535,-0.7623467445373535,0.013848623260855675,0.0,5.5282416343688965
520,1,12,-1.211174726486206,-1.211174726486206,0.015022281557321548,0.0,6.039521217346191
520,1,13,-1.6318840980529785,-1.6318840980529785,0.0157955139875412,0.0,5.896023750305176
520,1,14,-1.4925134181976318,-1.4925134181976318,0.014908269047737122,0.0,5.577708721160889
520,1,15,-1.521072268486023,-1.521072268486023,0.01663164421916008,0.0,5.915789604187012
520,1,16,-1.645314335823059,-1.645314335823059,0.014104373753070831,0.0,5.379600524902344
520,1,17,-1.3467049598693848,-1.3467049598693848,0.015288842841982841,0.0,5.749377250671387
520,1,18,-1.405896544456482,-1.405896544456482,0.014643467962741852,0.0,6.455029487609863
520,1,19,-0.9400358200073242,-0.9400358200073242,0.015250985510647297,0.0,6.212384223937988
520,2,0,0.5910232663154602,0.5910232663154602,0.012736060656607151,0.0,6.183215141296387
520,2,1,0.8524941802024841,0.8524941802024841,0.012414474971592426,0.0,5.662388801574707
520,2,2,0.6951338648796082,0.6951338648796082,0.012729555368423462,0.0,5.546352386474609
520,2,3,0.7397409677505493,0.7397409677505493,0.012780756689608097,0.0,5.9926557540893555
520,2,4,0.7609562873840332,0.7609562873840332,0.012914720922708511,0.0,6.120204925537109
520,2,5,0.8514125347137451,0.8514125347137451,0.012630944140255451,0.0,6.696367263793945
520,2,6,0.8705229759216309,0.8705229759216309,0.012391811236739159,0.0,6.757619857788086
520,2,7,1.0216208696365356,1.0216208696365356,0.012873498722910881,0.0,6.447985649108887
520,2,8,0.6931933164596558,0.6931933164596558,0.012269952334463596,0.0,5.501359939575195
520,2,9,0.554949164390564,0.554949164390564,0.012925946153700352,0.0,5.712519645690918
520,2,10,0.5237429738044739,0.5237429738044739,0.01281542144715786,0.0,5.6258440017700195
520,2,11,0.8134020566940308,0.8134020566940308,0.012516205199062824,0.0,5.518451690673828
520,2,12,0.8926554322242737,0.8926554322242737,0.01252090185880661,0.0,6.124432563781738
520,2,13,0.6392161846160889,0.6392161846160889,0.012518416158854961,0.0,5.908931732177734
520,2,14,0.7525545954704285,0.7525545954704285,0.012565812095999718,0.0,5.9814887046813965
520,2,15,0.7796751856803894,0.7796751856803894,0.01249922625720501,0.0,6.194140434265137
520,2,16,0.6889711618423462,0.6889711618423462,0.012950367294251919,0.0,6.156103134155273
520,2,17,0.9219397902488708,0.9219397902488708,0.013297716155648232,0.0,6.093889236450195
520,2,18,0.571375846862793,0.571375846862793,0.012487458996474743,0.0,6.174595355987549
520,2,19,0.8022961616516113,0.8022961616516113,0.013502873480319977,0.0,5.864943504333496
520,3,0,-0.40110066533088684,-0.40110066533088684,0.014661209657788277,0.0,4.309502601623535
520,3,1,-0.4019234776496887,-0.4019234776496887,0.014653735794126987,0.0,4.80518913269043
520,3,2,-0.36441242694854736,-0.36441242694854736,0.015907883644104004,0.0,6.222055435180664
520,3,3,-0.5506191849708557,-0.5506191849708557,0.014220881275832653,0.0,6.311915397644043
520,3,4,-0.3190915584564209,-0.3190915584564209,0.014955841936171055,0.0,4.932498931884766
520,3,5,0.04220502823591232,0.04220502823591232,0.01454609353095293,0.0,5.795310974121094
520,3,6,-0.5332396030426025,-0.5332396030426025,0.01355523057281971,0.0,5.256583213806152
520,3,7,-0.5426025986671448,-0.5426025986671448,0.01427970640361309,0.0,5.168486595153809
520,3,8,-0.587297797203064,-0.587297797203064,0.013684469275176525,0.0,4.942109107971191
520,3,9,-0.6305180191993713,-0.6305180191993713,0.014572151936590672,0.0,5.379719257354736
520,3,10,-0.4600035846233368,-0.4600035846233368,0.015007922425866127,0.0,5.304666996002197
520,3,11,-0.47853872179985046,-0.47853872179985046,0.014032929204404354,0.0,5.282052516937256
520,3,12,-0.43915534019470215,-0.43915534019470215,0.015321196056902409,0.0,5.661856651306152
520,3,13,-0.6898518800735474,-0.6898518800735474,0.014596742577850819,0.0,5.694620132446289
520,3,14,-0.382015585899353,-0.382015585899353,0.014518636278808117,0.0,5.579384803771973
520,3,15,-0.40303605794906616,-0.40303605794906616,0.014838806353509426,0.0,4.634511947631836
520,3,16,-0.4761524200439453,-0.4761524200439453,0.015798404812812805,0.0,4.57428503036499
520,3,17,-0.5656888484954834,-0.5656888484954834,0.01473318226635456,0.0,4.838374137878418
520,3,18,-0.07923823595046997,-0.07923823595046997,0.014180890284478664,0.0,5.2620673179626465
520,3,19,-0.6116342544555664,-0.6116342544555664,0.015754202380776405,0.0,5.498526573181152
520,4,0,0.674619734287262,0.674619734287262,0.014503156766295433,0.0,5.673097610473633
520,4,1,0.47328615188598633,0.47328615188598633,0.015623483806848526,0.0,6.082780838012695
520,4,2,0.2953813970088959,0.2953813970088959,0.013028913177549839,0.0,5.560982704162598
520,4,3,0.44853708148002625,0.44853708148002625,0.01325599942356348,0.0,6.04416561126709
520,4,4,0.393617182970047,0.393617182970047,0.014033435843884945,0.0,5.726594924926758
520,4,5,0.47233501076698303,0.47233501076698303,0.014011252671480179,0.0,5.586355209350586
520,4,6,0.5537163615226746,0.5537163615226746,0.01310065109282732,0.0,6.503705024719238
520,4,7,0.3219752907752991,0.3219752907752991,0.018710946664214134,0.0,5.330821990966797
520,4,8,0.2863938510417938,0.2863938510417938,0.017553037032485008,0.0,6.266534805297852
520,4,9,0.5281520485877991,0.5281520485877991,0.015513673424720764,0.0,5.742050647735596
520,4,10,0.17724594473838806,0.17724594473838806,0.014691818505525589,0.0,5.804632663726807
520,4,11,0.35167714953422546,0.35167714953422546,0.015434548258781433,0.0,5.8664093017578125
520,4,12,0.08127229660749435,0.08127229660749435,0.014873593114316463,0.0,5.793763160705566
520,4,13,0.5332379937171936,0.5332379937171936,0.013910245150327682,0.0,5.5169548988342285
520,4,14,0.4199557602405548,0.4199557602405548,0.014860152266919613,0.0,5.842805862426758
520,4,15,0.4424910247325897,0.4424910247325897,0.014635530300438404,0.0,6.38606595993042
520,4,16,0.5803034901618958,0.5803034901618958,0.013754087500274181,0.0,6.106067657470703
520,4,17,0.4605129361152649,0.4605129361152649,0.013660285621881485,0.0,6.009152412414551
520,4,18,0.37396886944770813,0.37396886944770813,0.01334377285093069,0.0,6.155959129333496
520,4,19,0.3278504014015198,0.3278504014015198,0.016618547961115837,0.0,5.720154285430908
500,0,0,0.17526204884052277,0.17526204884052277,0.013667193241417408,0.0,5.7854413986206055
500,0,1,0.09232812374830246,0.09232812374830246,0.013694937340915203,0.0,6.0300984382629395
500,0,2,0.24312391877174377,0.24312391877174377,0.014100898988544941,0.0,6.407528877258301
500,0,3,0.16182810068130493,0.16182810068130493,0.014628422446548939,0.0,5.947669982910156
500,0,4,0.08848557621240616,0.08848557621240616,0.013208669610321522,0.0,5.93830680847168
500,0,5,0.1050073653459549,0.1050073653459549,0.013820935040712357,0.0,6.614264965057373
500,0,6,0.04615170136094093,0.04615170136094093,0.013792249374091625,0.0,6.477501392364502
500,0,7,0.29740720987319946,0.29740720987319946,0.014411498792469501,0.0,6.215415000915527
500,0,8,0.3920629620552063,0.3920629620552063,0.014486986212432384,0.0,5.90656852722168
500,0,9,0.4437423050403595,0.4437423050403595,0.014917556196451187,0.0,6.053741455078125
500,0,10,0.1490471363067627,0.1490471363067627,0.014164280146360397,0.0,5.425482749938965
500,0,11,0.20040945708751678,0.20040945708751678,0.01495798584073782,0.0,6.685475826263428
500,0,12,0.27581411600112915,0.27581411600112915,0.014440929517149925,0.0,6.240043640136719
500,0,13,0.24869181215763092,0.24869181215763092,0.013527960516512394,0.0,6.011000633239746
500,0,14,0.2261047214269638,0.2261047214269638,0.014337112195789814,0.0,5.596665382385254
500,0,15,0.31563815474510193,0.31563815474510193,0.01373048685491085,0.0,6.419593334197998
500,0,16,0.1216985359787941,0.1216985359787941,0.014185150153934956,0.0,5.813930511474609
500,0,17,0.2659763991832733,0.2659763991832733,0.013945712707936764,0.0,6.1422224044799805
500,0,18,0.1475365310907364,0.1475365310907364,0.014533961191773415,0.0,5.373801231384277
500,0,19,0.45593589544296265,0.45593589544296265,0.013843636959791183,0.0,6.138445854187012
500,1,0,-1.1953096389770508,-1.1953096389770508,0.014952380210161209,0.0,5.678600311279297
500,1,1,-2.000067710876465,-2.000067710876465,0.015140422619879246,0.0,5.398248672485352
500,1,2,-1.0069228410720825,-1.0069228410720825,0.015034951269626617,0.0,5.651289463043213
500,1,3,-0.5319356918334961,-0.5319356918334961,0.016365455463528633,0.0,5.949380874633789
500,1,4,-0.7395418882369995,-0.7395418882369995,0.017323384061455727,0.0,6.312677383422852
500,1,5,-1.0910143852233887,-1.0910143852233887,0.015231018885970116,0.0,6.076608657836914
500,1,6,-1.22909414768219,-1.22909414768219,0.01539668906480074,0.0,6.262552261352539
500,1,7,-1.4616329669952393,-1.4616329669952393,0.01613859459757805,0.0,6.337728977203369
500,1,8,-1.041141390800476,-1.041141390800476,0.01473745983093977,0.0,5.691466331481934
500,1,9,-1.8551687002182007,-1.8551687002182007,0.015747608616948128,0.0,5.581827163696289
500,1,10,-1.0863525867462158,-1.0863525867462158,0.015264482237398624,0.0,5.040872097015381
500,1,11,-1.479902744293213,-1.479902744293213,0.016004016622900963,0.0,5.206809997558594
500,1,12,-1.1703705787658691,-1.1703705787658691,0.01668560318648815,0.0,5.046615123748779
500,1,13,-1.2646727561950684,-1.2646727561950684,0.016802040860056877,0.0,4.6104888916015625
500,1,14,-1.0495840311050415,-1.0495840311050415,0.015095184557139874,0.0,5.723383903503418
500,1,15,-0.10339698940515518,-0.10339698940515518,0.014101894572377205,0.0,6.501101493835449
500,1,16,-1.459576964378357,-1.459576964378357,0.015789931640028954,0.0,5.651362419128418
500,1,17,-1.0800102949142456,-1.0800102949142456,0.017121678218245506,0.0,5.19747257232666
500,1,18,-1.3166903257369995,-1.3166903257369995,0.016493458300828934,0.0,5.69600772857666
500,1,19,-0.5558936595916748,-0.5558936595916748,0.015818510204553604,0.0,6.6235857009887695
500,2,0,0.7879188060760498,0.7879188060760498,0.012800722382962704,0.0,5.405189037322998
500,2,1,0.5640696883201599,0.5640696883201599,0.012636188417673111,0.0,5.8731231689453125
500,2,2,0.7831398844718933,0.7831398844718933,0.012621311470866203,0.0,5.807735443115234
500,2,3,0.5934930443763733,0.5934930443763733,0.01327539887279272,0.0,5.452673435211182
500,2,4,0.5554864406585693,0.5554864406585693,0.012378816492855549,0.0,5.729203224182129
500,2,5,0.7681981921195984,0.7681981921195984,0.013098918832838535,0.0,6.242753505706787
500,2,6,0.8524426817893982,0.8524426817893982,0.012507891282439232,0.0,5.9439473152160645
500,2,7,0.7655277848243713,0.7655277848243713,0.013222399167716503,0.0,5.649868488311768
500,2,8,0.7136764526367188,0.7136764526367188,0.012976461090147495,0.0,5.824301719665527
500,2,9,0.5206100344657898,0.5206100344657898,0.013175494968891144,0.0,5.834503650665283
500,2,10,0.8982480764389038,0.8982480764389038,0.013020857237279415,0.0,6.226822376251221
500,2,11,0.5945890545845032,0.5945890545845032,0.012437763623893261,0.0,5.5189008712768555
500,2,12,0.4429691433906555,0.4429691433906555,0.012403476983308792,0.0,6.122952461242676
500,2,13,0.7348584532737732,0.7348584532737732,0.012881403788924217,0.0,5.900149345397949
500,2,14,0.7582989931106567,0.7582989931106567,0.012674295343458652,0.0,6.30975866317749
500,2,15,0.8668997883796692,0.8668997883796692,0.013047505170106888,0.0,5.906601428985596
500,2,16,0.7909024953842163,0.7909024953842163,0.012682580389082432,0.0,6.2294721603393555
500,2,17,0.7756443023681641,0.7756443023681641,0.01300695538520813,0.0,5.4822845458984375
500,2,18,0.901814877986908,0.901814877986908,0.012640675529837608,0.0,5.726676940917969
500,2,19,0.5428702235221863,0.5428702235221863,0.012532639317214489,0.0,5.732645034790039
500,3,0,-0.1896313577890396,-0.1896313577890396,0.014150000177323818,0.0,5.102090358734131
500,3,1,-0.5186940431594849,-0.5186940431594849,0.014175190590322018,0.0,5.070965766906738
500,3,2,-0.4522804617881775,-0.4522804617881775,0.014612910337746143,0.0,5.884833335876465
500,3,3,-0.5915602445602417,-0.5915602445602417,0.014189844951033592,0.0,5.380862236022949
500,3,4,-0.10280592739582062,-0.10280592739582062,0.014971904456615448,0.0,5.774573802947998
500,3,5,-0.11780765652656555,-0.11780765652656555,0.015054275281727314,0.0,6.148842811584473
500,3,6,-0.45064887404441833,-0.45064887404441833,0.015586829744279385,0.0,5.340610027313232
500,3,7,-0.4975945055484772,-0.4975945055484772,0.013897718861699104,0.0,5.383632659912109
500,3,8,-0.37679943442344666,-0.37679943442344666,0.014674904756247997,0.0,5.25783634185791
500,3,9,-0.5040405988693237,-0.5040405988693237,0.014648903161287308,0.0,5.074824810028076
500,3,10,-0.548691987991333,-0.548691987991333,0.015366064384579659,0.0,5.031396389007568
500,3,11,-0.7000796794891357,-0.7000796794891357,0.014358784072101116,0.0,5.544248580932617
500,3,12,-0.4510480463504791,-0.4510480463504791,0.01383120846003294,0.0,5.4345927238464355
500,3,13,-0.2932054102420807,-0.2932054102420807,0.014698218554258347,0.0,4.541711807250977
500,3,14,-0.8433042168617249,-0.8433042168617249,0.015233978629112244,0.0,5.952597618103027
500,3,15,-0.2288731038570404,-0.2288731038570404,0.013940783217549324,0.0,5.31868839263916
500,3,16,-0.595557451248169,-0.595557451248169,0.013753804378211498,0.0,5.870560646057129
500,3,17,-0.29525187611579895,-0.29525187611579895,0.015339544042944908,0.0,5.563540935516357
500,3,18,-0.5372446775436401,-0.5372446775436401,0.014233648777008057,0.0,5.396487712860107
500,3,19,-0.3195140063762665,-0.3195140063762665,0.014584331773221493,0.0,4.814364433288574
500,4,0,0.38524192571640015,0.38524192571640015,0.013056017458438873,0.0,5.744283676147461
500,4,1,0.14530512690544128,0.14530512690544128,0.0152497673407197,0.0,5.351508140563965
500,4,2,0.35005953907966614,0.35005953907966614,0.014865854755043983,0.0,5.31653356552124
500,4,3,0.36220991611480713,0.36220991611480713,0.01590893045067787,0.0,5.854402542114258
500,4,4,0.5623345375061035,0.5623345375061035,0.014165107160806656,0.0,5.592248916625977
500,4,5,0.3097817003726959,0.3097817003726959,0.016700726002454758,0.0,5.842998027801514
500,4,6,0.34103766083717346,0.34103766083717346,0.015245986171066761,0.0,5.783748626708984
500,4,7,0.08775284886360168,0.08775284886360168,0.014708878472447395,0.0,6.009731292724609
500,4,8,0.39128437638282776,0.39128437638282776,0.015254737809300423,0.0,5.707989692687988
500,4,9,0.3170545995235443,0.3170545995235443,0.015349348075687885,0.0,5.250486850738525
500,4,10,-0.03429904952645302,-0.03429904952645302,0.018559224903583527,0.0,6.044280052185059
500,4,11,-0.667310357093811,-0.667310357093811,0.013188471086323261,0.0,6.135623455047607
500,4,12,0.5255662798881531,0.5255662798881531,0.016540134325623512,0.0,5.657467842102051
500,4,13,0.45826929807662964,0.45826929807662964,0.015073589980602264,0.0,6.109414100646973
500,4,14,0.23018407821655273,0.23018407821655273,0.014022309333086014,0.0,5.923398017883301
500,4,15,0.64255690574646,0.64255690574646,0.012621797621250153,0.0,6.006927490234375
500,4,16,-0.030818196013569832,-0.030818196013569832,0.014901314862072468,0.0,5.982943534851074
500,4,17,0.391733318567276,0.391733318567276,0.016497960314154625,0.0,4.995056629180908
500,4,18,0.5034297704696655,0.5034297704696655,0.013565020635724068,0.0,5.562226295471191
500,4,19,0.39813318848609924,0.39813318848609924,0.015795284882187843,0.0,5.408108234405518
480,0,0,0.011157403700053692,0.011157403700053692,0.013798607513308525,0.0,6.465671062469482
480,0,1,0.18754874169826508,0.18754874169826508,0.014094735495746136,0.0,6.0161824226379395
480,0,2,0.06946942210197449,0.06946942210197449,0.014233694411814213,0.0,5.674313545227051
480,0,3,0.10809214413166046,0.10809214413166046,0.01443126704543829,0.0,6.322159767150879
480,0,4,0.20273692905902863,0.20273692905902863,0.014328070916235447,0.0,6.032881736755371
480,0,5,0.2505163252353668,0.2505163252353668,0.01435900665819645,0.0,6.264992713928223
480,0,6,0.23596180975437164,0.23596180975437164,0.014823030680418015,0.0,5.374309539794922
480,0,7,0.09963395446538925,0.09963395446538925,0.014492277055978775,0.0,6.204469680786133
480,0,8,0.3503035306930542,0.3503035306930542,0.014366237446665764,0.0,5.811058044433594
480,0,9,0.15802359580993652,0.15802359580993652,0.013991346582770348,0.0,6.078660011291504
480,0,10,0.1754729300737381,0.1754729300737381,0.014523890800774097,0.0,6.352240085601807
480,0,11,0.27367913722991943,0.27367913722991943,0.014920431189239025,0.0,6.020308017730713
480,0,12,0.3253730237483978,0.3253730237483978,0.014204592444002628,0.0,5.922712326049805
480,0,13,0.26876917481422424,0.26876917481422424,0.014013320207595825,0.0,5.996655464172363
480,0,14,0.3090258538722992,0.3090258538722992,0.014660981483757496,0.0,5.629561424255371
480,0,15,0.23521825671195984,0.23521825671195984,0.014645654708147049,0.0,6.109362602233887
480,0,16,0.15582318603992462,0.15582318603992462,0.015093652531504631,0.0,6.019110679626465
480,0,17,0.30679187178611755,0.30679187178611755,0.014925876632332802,0.0,6.178243160247803
480,0,18,0.35527458786964417,0.35527458786964417,0.014496826566755772,0.0,6.29902458190918
480,0,19,0.35935264825820923,0.35935264825820923,0.014140316285192966,0.0,6.270482063293457
480,1,0,-1.1907953023910522,-1.1907953023910522,0.014304110780358315,0.0,5.418225288391113
480,1,1,-0.8002341985702515,-0.8002341985702515,0.017100801691412926,0.0,5.359495162963867
480,1,2,-1.4263272285461426,-1.4263272285461426,0.016413575038313866,0.0,5.733609676361084
480,1,3,-1.0477818250656128,-1.0477818250656128,0.01639578863978386,0.0,5.57073974609375
480,1,4,-0.7910648584365845,-0.7910648584365845,0.01618935540318489,0.0,5.925244331359863
480,1,5,-1.1121577024459839,-1.1121577024459839,0.01659935712814331,0.0,5.042442798614502
480,1,6,-0.6889914870262146,-0.6889914870262146,0.01695677451789379,0.0,5.553201675415039
480,1,7,-1.683062195777893,-1.683062195777893,0.01624882221221924,0.0,5.283721446990967
480,1,8,-0.9736106991767883,-0.9736106991767883,0.016879666596651077,0.0,6.30088472366333
480,1,9,-1.4075403213500977,-1.4075403213500977,0.014835208654403687,0.0,5.902525901794434
480,1,10,-1.122092843055725,-1.122092843055725,0.016522472724318504,0.0,6.1666412353515625
480,1,11,-1.3792392015457153,-1.3792392015457153,0.015341870486736298,0.0,6.096817970275879
480,1,12,-0.9998778104782104,-0.9998778104782104,0.01657157763838768,0.0,5.832731246948242
480,1,13,-1.0948872566223145,-1.0948872566223145,0.015484314411878586,0.0,5.527627944946289
480,1,14,-0.43760576844215393,-0.43760576844215393,0.01482949499040842,0.0,5.099823474884033
480,1,15,-0.6595622301101685,-0.6595622301101685,0.014642187394201756,0.0,5.385660648345947
480,1,16,-1.5681267976760864,-1.5681267976760864,0.01744447834789753,0.0,4.456737995147705
480,1,17,-1.2297197580337524,-1.2297197580337524,0.017974624410271645,0.0,5.223502159118652
480,1,18,-0.8742691278457642,-0.8742691278457642,0.014699157327413559,0.0,5.085163593292236
480,1,19,-1.4631342887878418,-1.4631342887878418,0.016183903440833092,0.0,6.324869632720947
480,2,0,0.7206853032112122,0.7206853032112122,0.012799293734133244,0.0,5.5722503662109375
480,2,1,0.33838674426078796,0.33838674426078796,0.012833665125072002,0.0,6.081364154815674
480,2,2,0.4335671663284302,0.4335671663284302,0.012578042224049568,0.0,6.083947658538818
480,2,3,0.6667190194129944,0.6667190194129944,0.012630845420062542,0.0,6.3157734870910645
480,2,4,0.48369100689888,0.48369100689888,0.012917724438011646,0.0,5.530644416809082
480,2,5,0.85210120677948,0.85210120677948,0.01310744695365429,0.0,5.565707206726074
480,2,6,0.6207660436630249,0.6207660436630249,0.012588907964527607,0.0,5.884138584136963
480,2,7,0.4215104877948761,0.4215104877948761,0.012630478478968143,0.0,6.1052422523498535
480,2,8,0.5953353047370911,0.5953353047370911,0.012602012604475021,0.0,6.153334617614746
480,2,9,0.43527188897132874,0.43527188897132874,0.012459482997655869,0.0,5.708107948303223
480,2,10,0.799890398979187,0.799890398979187,0.012971607968211174,0.0,5.340317726135254
480,2,11,0.4732133746147156,0.4732133746147156,0.013000148348510265,0.0,5.67590856552124
480,2,12,0.6243054270744324,0.6243054270744324,0.01274300366640091,0.0,5.65582275390625
480,2,13,0.6593927145004272,0.6593927145004272,0.01221550814807415,0.0,5.67617130279541
480,2,14,0.5488776564598083,0.5488776564598083,0.012789423577487469,0.0,6.385568618774414
480,2,15,0.7141901850700378,0.7141901850700378,0.012192949652671814,0.0,5.853020191192627
480,2,16,0.7507664561271667,0.7507664561271667,0.012589925900101662,0.0,6.3104248046875
480,2,17,0.6238263249397278,0.6238263249397278,0.012802079319953918,0.0,5.799452781677246
480,2,18,0.6010510325431824,0.6010510325431824,0.012592440471053123,0.0,5.485836029052734
480,2,19,0.361250102519989,0.361250102519989,0.01303083822131157,0.0,5.765991687774658
480,3,0,-0.5572627782821655,-0.5572627782821655,0.013873039744794369,0.0,6.3676910400390625
480,3,1,-0.45813512802124023,-0.45813512802124023,0.014508550055325031,0.0,4.77897834777832
480,3,2,-0.5199776887893677,-0.5199776887893677,0.015003384090960026,0.0,5.327968597412109
480,3,3,-0.33322638273239136,-0.33322638273239136,0.014629039913415909,0.0,5.265405178070068
480,3,4,-0.4249274432659149,-0.4249274432659149,0.014794663526117802,0.0,4.836653709411621
480,3,5,-0.2611360251903534,-0.2611360251903534,0.015061008743941784,0.0,5.522387504577637
480,3,6,-0.2838097810745239,-0.2838097810745239,0.013759258203208447,0.0,5.142006874084473
480,3,7,-0.7011419534683228,-0.7011419534683228,0.01414590235799551,0.0,5.088679313659668
480,3,8,-0.6019520163536072,-0.6019520163536072,0.014694787561893463,0.0,5.86591100692749
480,3,9,-0.4953119158744812,-0.4953119158744812,0.014647239819169044,0.0,5.667461395263672
480,3,10,-0.5106775760650635,-0.5106775760650635,0.014668835327029228,0.0,5.696873664855957
480,3,11,-0.6910590529441833,-0.6910590529441833,0.014298254624009132,0.0,4.952569007873535
480,3,12,0.0019790546502918005,0.0019790546502918005,0.01483743917196989,0.0,5.3294525146484375
480,3,13,-0.409910649061203,-0.409910649061203,0.01603865623474121,0.0,5.1616106033325195
480,3,14,-0.09295408427715302,-0.09295408427715302,0.01383126713335514,0.0,5.4665374755859375
480,3,15,-0.8873580694198608,-0.8873580694198608,0.014639765955507755,0.0,5.655381679534912
480,3,16,-0.488214910030365,-0.488214910030365,0.015390192158520222,0.0,5.64511775970459
480,3,17,-0.01557184662669897,-0.01557184662669897,0.014529651962220669,0.0,4.543405532836914
480,3,18,-0.6180585622787476,-0.6180585622787476,0.015040382742881775,0.0,5.367820739746094
480,3,19,-0.061955276876688004,-0.061955276876688004,0.014238056726753712,0.0,5.378537654876709
480,4,0,0.6516005992889404,0.6516005992889404,0.014105560258030891,0.0,5.50701904296875
480,4,1,0.39369097352027893,0.39369097352027893,0.013647904619574547,0.0,5.618893623352051
480,4,2,0.6070025563240051,0.6070025563240051,0.014009585604071617,0.0,5.6358466148376465
480,4,3,0.401947557926178,0.401947557926178,0.016951076686382294,0.0,5.843692779541016
480,4,4,0.5733991265296936,0.5733991265296936,0.014438770711421967,0.0,6.022924423217773
480,4,5,0.31063881516456604,0.31063881516456604,0.015341236256062984,0.0,5.669328689575195
480,4,6,0.7533842921257019,0.7533842921257019,0.013806683011353016,0.0,5.265515327453613
480,4,7,0.34069180488586426,0.34069180488586426,0.014399642124772072,0.0,6.0168328285217285
480,4,8,0.5559040307998657,0.5559040307998657,0.015844661742448807,0.0,6.045570373535156
480,4,9,0.5739172101020813,0.5739172101020813,0.014141195453703403,0.0,5.985081672668457
480,4,10,0.056773994117975235,0.056773994117975235,0.013558385893702507,0.0,5.649407386779785
480,4,11,0.5162091851234436,0.5162091851234436,0.017131062224507332,0.0,6.170563697814941
480,4,12,0.2656230032444,0.2656230032444,0.015519004315137863,0.0,5.82752799987793
480,4,13,0.14654816687107086,0.14654816687107086,0.0147158307954669,0.0,5.878934860229492
480,4,14,0.5185457468032837,0.5185457468032837,0.014154874719679356,0.0,5.595915794372559
480,4,15,0.41463714838027954,0.41463714838027954,0.015952538698911667,0.0,5.676403999328613
480,4,16,0.16322073340415955,0.16322073340415955,0.015904435887932777,0.0,5.981363296508789
480,4,17,0.5807738304138184,0.5807738304138184,0.015714222565293312,0.0,5.127422332763672
480,4,18,1.0075916051864624,1.0075916051864624,0.014138562604784966,0.0,5.554359436035156
480,4,19,0.11833962798118591,0.11833962798118591,0.014958267100155354,0.0,5.857387065887451
460,0,0,0.2055433690547943,0.2055433690547943,0.014814903028309345,0.0,5.816381454467773
460,0,1,-0.040587492287158966,-0.040587492287158966,0.014523317106068134,0.0,6.185966491699219
460,0,2,0.21159449219703674,0.21159449219703674,0.01370980404317379,0.0,6.338418483734131
460,0,3,0.2620529234409332,0.2620529234409332,0.014302080497145653,0.0,5.65831184387207
460,0,4,0.06687324494123459,0.06687324494123459,0.01451661717146635,0.0,6.192046165466309
460,0,5,0.21882547438144684,0.21882547438144684,0.01340019702911377,0.0,6.145228862762451
460,0,6,0.210099458694458,0.210099458694458,0.014357922598719597,0.0,5.866887092590332
460,0,7,0.09292370826005936,0.09292370826005936,0.01407250203192234,0.0,6.138334274291992
460,0,8,0.0522676482796669,0.0522676482796669,0.014127997681498528,0.0,5.959020137786865
460,0,9,0.19849903881549835,0.19849903881549835,0.014124677516520023,0.0,6.2088751792907715
460,0,10,-0.03333374857902527,-0.03333374857902527,0.01375933364033699,0.0,6.34070348739624
460,0,11,0.1493636518716812,0.1493636518716812,0.0145824970677495,0.0,5.953900337219238
460,0,12,0.17261388897895813,0.17261388897895813,0.014794441871345043,0.0,5.7228193283081055
460,0,13,0.3030546307563782,0.3030546307563782,0.013711610808968544,0.0,6.282139778137207
460,0,14,-0.06060190871357918,-0.06060190871357918,0.014625947922468185,0.0,6.058075428009033
460,0,15,-0.018481506034731865,-0.018481506034731865,0.014163509011268616,0.0,6.363256454467773
460,0,16,0.09900995343923569,0.09900995343923569,0.014562365598976612,0.0,5.642877578735352
460,0,17,0.22895759344100952,0.22895759344100952,0.014637758024036884,0.0,6.078734397888184
460,0,18,0.2734946310520172,0.2734946310520172,0.014169116504490376,0.0,5.844561576843262
460,0,19,0.4325598478317261,0.4325598478317261,0.013675718568265438,0.0,6.227044582366943
460,1,0,-1.1093031167984009,-1.1093031167984009,0.015423798933625221,0.0,5.471456527709961
460,1,1,-0.7345548272132874,-0.7345548272132874,0.016797559335827827,0.0,6.373022556304932
460,1,2,-1.3481528759002686,-1.3481528759002686,0.014990373514592648,0.0,5.348158359527588
460,1,3,-1.8440083265304565,-1.8440083265304565,0.016032274812459946,0.0,5.948855400085449
460,1,4,-0.8373081088066101,-0.8373081088066101,0.014730827882885933,0.0,6.381148338317871
460,1,5,-1.1951146125793457,-1.1951146125793457,0.01687096245586872,0.0,5.276350021362305
460,1,6,-1.2732337713241577,-1.2732337713241577,0.014300125651061535,0.0,5.904220104217529
460,1,7,-1.9337397813796997,-1.9337397813796997,0.01802375353872776,0.0,4.8983988761901855
460,1,8,-2.011962890625,-2.011962890625,0.017304951325058937,0.0,5.0932111740112305
460,1,9,-0.8356276750564575,-0.8356276750564575,0.016009166836738586,0.0,6.653017997741699
460,1,10,-1.6867482662200928,-1.6867482662200928,0.017533116042613983,0.0,5.426624298095703
460,1,11,-1.0090159177780151,-1.0090159177780151,0.01762496866285801,0.0,5.063241958618164
460,1,12,-1.3384369611740112,-1.3384369611740112,0.0160419512540102,0.0,5.539651393890381
460,1,13,-1.574524164199829,-1.574524164199829,0.01609893888235092,0.0,5.438936710357666
460,1,14,-0.7445948719978333,-0.7445948719978333,0.01531020738184452,0.0,5.111135959625244
460,1,15,-0.9265251159667969,-0.9265251159667969,0.01550317369401455,0.0,5.518316745758057
460,1,16,-0.6754798889160156,-0.6754798889160156,0.015376230701804161,0.0,6.173626899719238
460,1,17,-0.8995273113250732,-0.8995273113250732,0.015590431168675423,0.0,5.052746295928955
460,1,18,-1.0328080654144287,-1.0328080654144287,0.018641777336597443,0.0,5.19197940826416
460,1,19,-1.5238842964172363,-1.5238842964172363,0.016635654494166374,0.0,5.439694404602051
460,2,0,0.6517987251281738,0.6517987251281738,0.01304525788873434,0.0,5.974933624267578
460,2,1,0.7554967999458313,0.7554967999458313,0.012432464398443699,0.0,6.059377670288086
460,2,2,0.7438985705375671,0.7438985705375671,0.012697158381342888,0.0,5.8174028396606445
460,2,3,0.5752477049827576,0.5752477049827576,0.012789267115294933,0.0,5.855412006378174
460,2,4,0.7392802238464355,0.7392802238464355,0.013006599619984627,0.0,5.549224853515625
460,2,5,0.45559048652648926,0.45559048652648926,0.0123505974188447,0.0,6.366654396057129
460,2,6,0.16997282207012177,0.16997282207012177,0.012974550947546959,0.0,5.50690221786499
460,2,7,0.6453872919082642,0.6453872919082642,0.01284276507794857,0.0,6.281008720397949
460,2,8,0.5931004881858826,0.5931004881858826,0.012891327030956745,0.0,5.764837265014648
460,2,9,0.7237324118614197,0.7237324118614197,0.012659388594329357,0.0,5.014449596405029
460,2,10,0.7382644414901733,0.7382644414901733,0.012850518338382244,0.0,6.4947686195373535
460,2,11,0.6471072435379028,0.6471072435379028,0.01287162210792303,0.0,5.968149185180664
460,2,12,0.7311773300170898,0.7311773300170898,0.013132580555975437,0.0,6.121590614318848
460,2,13,0.7207950353622437,0.7207950353622437,0.012494751252233982,0.0,5.63709020614624
460,2,14,0.37521302700042725,0.37521302700042725,0.012520643882453442,0.0,6.262676239013672
460,2,15,0.5824727416038513,0.5824727416038513,0.012265698984265327,0.0,5.862506866455078
460,2,16,0.7487340569496155,0.7487340569496155,0.012486728839576244,0.0,6.114013195037842
460,2,17,0.5688285231590271,0.5688285231590271,0.012940546497702599,0.0,5.378000736236572
460,2,18,0.8758983612060547,0.8758983612060547,0.012923228554427624,0.0,5.858375549316406
460,2,19,0.7227238416671753,0.7227238416671753,0.012685364112257957,0.0,5.938178062438965
460,3,0,-0.6050663590431213,-0.6050663590431213,0.014443359337747097,0.0,4.86541748046875
460,3,1,-0.5160334706306458,-0.5160334706306458,0.014725873246788979,0.0,5.008059501647949
460,3,2,-0.5226187705993652,-0.5226187705993652,0.014541837386786938,0.0,4.748198986053467
460,3,3,-0.6093318462371826,-0.6093318462371826,0.014931186102330685,0.0,5.64578914642334
460,3,4,-0.4136492908000946,-0.4136492908000946,0.014939633198082447,0.0,4.52569055557251
460,3,5,-0.5866985321044922,-0.5866985321044922,0.01463287603110075,0.0,5.461178779602051
460,3,6,-0.47774720191955566,-0.47774720191955566,0.014368695206940174,0.0,5.0793867111206055
460,3,7,-0.6823949217796326,-0.6823949217796326,0.014680419117212296,0.0,5.036291122436523
460,3,8,-0.5375416874885559,-0.5375416874885559,0.015000454150140285,0.0,5.131524085998535
460,3,9,-0.5954127907752991,-0.5954127907752991,0.014213490299880505,0.0,4.064823150634766
460,3,10,-0.48659566044807434,-0.48659566044807434,0.013782811351120472,0.0,5.365834712982178
460,3,11,-0.7537174224853516,-0.7537174224853516,0.014247269369661808,0.0,4.959059715270996
460,3,12,-0.3810599744319916,-0.3810599744319916,0.014510847628116608,0.0,4.368175506591797
460,3,13,-0.5622342228889465,-0.5622342228889465,0.014317017048597336,0.0,4.898595333099365
460,3,14,-0.6944101452827454,-0.6944101452827454,0.015019077807664871,0.0,5.416196823120117
460,3,15,-0.3766520619392395,-0.3766520619392395,0.015362297184765339,0.0,5.286566257476807
460,3,16,-0.6089691519737244,-0.6089691519737244,0.014741871505975723,0.0,5.261027812957764
460,3,17,-0.4262857139110565,-0.4262857139110565,0.014560715295374393,0.0,5.066309452056885
460,3,18,-0.46859073638916016,-0.46859073638916016,0.014657330699265003,0.0,5.08947229385376
460,3,19,-0.8437841534614563,-0.8437841534614563,0.014741393737494946,0.0,4.657776832580566
460,4,0,0.4830367863178253,0.4830367863178253,0.015345051884651184,0.0,5.927228927612305
460,4,1,0.3565925359725952,0.3565925359725952,0.014598812907934189,0.0,5.866549968719482
460,4,2,0.48594728112220764,0.48594728112220764,0.015791919082403183,0.0,5.867278099060059
460,4,3,0.5389609932899475,0.5389609932899475,0.013320722617208958,0.0,4.849705696105957
460,4,4,0.3715780973434448,0.3715780973434448,0.016332633793354034,0.0,6.279989242553711
460,4,5,0.4853638708591461,0.4853638708591461,0.013290071859955788,0.0,5.462771892547607
460,4,6,0.4815690517425537,0.4815690517425537,0.015078944154083729,0.0,5.779012680053711
460,4,7,0.4926587641239166,0.4926587641239166,0.01362120732665062,0.0,5.375028133392334
460,4,8,0.8034674525260925,0.8034674525260925,0.014457822777330875,0.0,6.306767463684082
460,4,9,0.32010704278945923,0.32010704278945923,0.01613149419426918,0.0,5.566641807556152
460,4,10,0.5412443280220032,0.5412443280220032,0.01327501144260168,0.0,5.409352779388428
460,4,11,0.3962162137031555,0.3962162137031555,0.015904869884252548,0.0,5.643064022064209
460,4,12,-0.002466002479195595,-0.002466002479195595,0.016594763845205307,0.0,6.424567222595215
460,4,13,0.2903118133544922,0.2903118133544922,0.01593642681837082,0.0,5.460676670074463
460,4,14,0.3692949414253235,0.3692949414253235,0.015648100525140762,0.0,5.74365234375
460,4,15,0.2977328598499298,0.2977328598499298,0.015889406204223633,0.0,5.739385604858398
460,4,16,0.6853715181350708,0.6853715181350708,0.01551782339811325,0.0,6.122601509094238
460,4,17,0.5752216577529907,0.5752216577529907,0.015746545046567917,0.0,5.964111328125
460,4,18,0.09721201658248901,0.09721201658248901,0.01582832634449005,0.0,5.2244720458984375
460,4,19,-0.038626447319984436,-0.038626447319984436,0.017708465456962585,0.0,5.540417671203613
440,0,0,0.23865535855293274,0.23865535855293274,0.014284752309322357,0.0,5.948964595794678
440,0,1,0.4302534759044647,0.4302534759044647,0.014559588395059109,0.0,6.320598125457764
440,0,2,0.13589517772197723,0.13589517772197723,0.013932541012763977,0.0,6.270917892456055
440,0,3,0.22358712553977966,0.22358712553977966,0.014101256616413593,0.0,6.095315933227539
440,0,4,0.020035577937960625,0.020035577937960625,0.014656517654657364,0.0,6.027205467224121
440,0,5,0.10563842952251434,0.10563842952251434,0.014716662466526031,0.0,5.806788444519043
440,0,6,0.26025083661079407,0.26025083661079407,0.01472599245607853,0.0,5.724240303039551
440,0,7,0.06678235530853271,0.06678235530853271,0.013978307135403156,0.0,5.949771881103516
440,0,8,0.2971293032169342,0.2971293032169342,0.014494162984192371,0.0,6.180581092834473
440,0,9,0.5102304220199585,0.5102304220199585,0.014569633640348911,0.0,6.259383201599121
440,0,10,0.44528037309646606,0.44528037309646606,0.014130402356386185,0.0,5.7160186767578125
440,0,11,0.4656694233417511,0.4656694233417511,0.01378714106976986,0.0,6.1424078941345215
440,0,12,0.5150905847549438,0.5150905847549438,0.014219972304999828,0.0,5.900632858276367
440,0,13,0.26774901151657104,0.26774901151657104,0.013764027506113052,0.0,6.267436504364014
440,0,14,-0.11118895560503006,-0.11118895560503006,0.014652173966169357,0.0,6.275999069213867
440,0,15,0.3323729634284973,0.3323729634284973,0.014055998995900154,0.0,6.578617095947266
440,0,16,0.459844172000885,0.459844172000885,0.014386845752596855,0.0,5.872692584991455
440,0,17,0.3043102025985718,0.3043102025985718,0.01347041130065918,0.0,6.526237487792969
440,0,18,-0.09759118407964706,-0.09759118407964706,0.013959596864879131,0.0,5.895062446594238
440,0,19,0.3183857202529907,0.3183857202529907,0.01447523944079876,0.0,5.868642807006836
440,1,0,-1.1477919816970825,-1.1477919816970825,0.01681332476437092,0.0,5.860617637634277
440,1,1,-1.1148223876953125,-1.1148223876953125,0.015067015774548054,0.0,5.448322296142578
440,1,2,-0.9646181464195251,-0.9646181464195251,0.015674887225031853,0.0,5.757708549499512
440,1,3,-1.125877857208252,-1.125877857208252,0.014206971041858196,0.0,5.166635513305664
440,1,4,-0.7662238478660583,-0.7662238478660583,0.016244353726506233,0.0,5.641751766204834
440,1,5,-1.0828293561935425,-1.0828293561935425,0.018032999709248543,0.0,5.369763374328613
440,1,6,-1.0598676204681396,-1.0598676204681396,0.016010478138923645,0.0,5.389878749847412
440,1,7,-1.4781066179275513,-1.4781066179275513,0.015562571585178375,0.0,5.034303188323975
440,1,8,-1.322256088256836,-1.322256088256836,0.016126712784171104,0.0,5.252788543701172
440,1,9,-0.871154248714447,-0.871154248714447,0.01956012286245823,0.0,6.129590034484863
440,1,10,-1.1863306760787964,-1.1863306760787964,0.015281450003385544,0.0,5.581888198852539
440,1,11,-1.617243766784668,-1.617243766784668,0.015066124498844147,0.0,5.645833969116211
440,1,12,-0.7388747930526733,-0.7388747930526733,0.015651360154151917,0.0,5.650429725646973
440,1,13,-1.153660535812378,-1.153660535812378,0.01576724462211132,0.0,5.843032360076904
440,1,14,-1.2157540321350098,-1.2157540321350098,0.016438744962215424,0.0,6.228787422180176
440,1,15,-1.0851563215255737,-1.0851563215255737,0.019154096022248268,0.0,5.5872931480407715
440,1,16,-0.9910644292831421,-0.9910644292831421,0.014237429015338421,0.0,6.430506706237793
440,1,17,-1.9591134786605835,-1.9591134786605835,0.015413998626172543,0.0,5.252692222595215
440,1,18,-1.4132806062698364,-1.4132806062698364,0.016262469813227654,0.0,5.564591407775879
440,1,19,-1.03511643409729,-1.03511643409729,0.015797626227140427,0.0,5.6701860427856445
440,2,0,0.6307669878005981,0.6307669878005981,0.012760245241224766,0.0,5.288967609405518
440,2,1,0.7650995850563049,0.7650995850563049,0.01267068088054657,0.0,5.480628967285156
440,2,2,0.6592522263526917,0.6592522263526917,0.012625067494809628,0.0,5.431730270385742
440,2,3,0.4832437336444855,0.4832437336444855,0.012456543743610382,0.0,5.915430068969727
440,2,4,0.777015745639801,0.777015745639801,0.013035524636507034,0.0,6.126032829284668
440,2,5,0.6966474056243896,0.6966474056243896,0.012672494165599346,0.0,5.52006721496582
440,2,6,0.8207392692565918,0.8207392692565918,0.012582968920469284,0.0,5.541194915771484
440,2,7,0.4096600413322449,0.4096600413322449,0.01297417189925909,0.0,6.34998893737793
440,2,8,0.7384386658668518,0.7384386658668518,0.012530208565294743,0.0,5.983842372894287
440,2,9,0.7630854845046997,0.7630854845046997,0.012540880590677261,0.0,5.938813209533691
440,2,10,0.7579622268676758,0.7579622268676758,0.013003195635974407,0.0,5.493415832519531
440,2,11,0.7790071368217468,0.7790071368217468,0.01291152648627758,0.0,5.519651412963867
440,2,12,0.3970903754234314,0.3970903754234314,0.012266963720321655,0.0,5.907613754272461
440,2,13,0.42029526829719543,0.42029526829719543,0.013019981794059277,0.0,5.930319786071777
440,2,14,0.5175014138221741,0.5175014138221741,0.013049360364675522,0.0,6.007009029388428
440,2,15,0.42414745688438416,0.42414745688438416,0.012478265911340714,0.0,5.677055835723877
440,2,16,0.7701783180236816,0.7701783180236816,0.012150979600846767,0.0,6.140601634979248
440,2,17,0.6509770750999451,0.6509770750999451,0.012619078159332275,0.0,5.710755348205566
440,2,18,0.4529557228088379,0.4529557228088379,0.013188880868256092,0.0,5.437552452087402
440,2,19,0.9667922854423523,0.9667922854423523,0.012943821959197521,0.0,6.153218746185303
440,3,0,-0.2040526419878006,-0.2040526419878006,0.01393116544932127,0.0,4.464077949523926
440,3,1,-0.2599882483482361,-0.2599882483482361,0.014987285248935223,0.0,5.062325954437256
440,3,2,-0.6407131552696228,-0.6407131552696228,0.014237522147595882,0.0,4.448072910308838
440,3,3,-0.6695615649223328,-0.6695615649223328,0.0152418939396739,0.0,5.005924224853516
440,3,4,-0.463073194026947,-0.463073194026947,0.014824495650827885,0.0,5.276305675506592
440,3,5,-0.3657433092594147,-0.3657433092594147,0.014182481914758682,0.0,5.746402740478516
440,3,6,-0.4009506106376648,-0.4009506106376648,0.014638777822256088,0.0,5.621665000915527
440,3,7,-0.27652209997177124,-0.27652209997177124,0.013896914198994637,0.0,5.39924955368042
440,3,8,-0.319586843252182,-0.319586843252182,0.01402959693223238,0.0,5.042460918426514
440,3,9,-0.3211117088794708,-0.3211117088794708,0.013899640180170536,0.0,5.260807037353516
440,3,10,-0.28881406784057617,-0.28881406784057617,0.014255642890930176,0.0,5.279139041900635
440,3,11,-0.45766958594322205,-0.45766958594322205,0.01606329157948494,0.0,5.325802326202393
440,3,12,-0.2904919981956482,-0.2904919981956482,0.014128143899142742,0.0,5.301894187927246
440,3,13,-0.46769675612449646,-0.46769675612449646,0.01471647433936596,0.0,5.337705612182617
440,3,14,-0.40948209166526794,-0.40948209166526794,0.01443646289408207,0.0,5.9555792808532715
440,3,15,-0.5035814642906189,-0.5035814642906189,0.01455091591924429,0.0,5.067996978759766
440,3,16,-0.7156593203544617,-0.7156593203544617,0.014449290931224823,0.0,4.610569477081299
440,3,17,-0.2158801108598709,-0.2158801108598709,0.015086069703102112,0.0,5.304949760437012
440,3,18,-0.501407265663147,-0.501407265663147,0.014443141408264637,0.0,5.234023094177246
440,3,19,-0.5626495480537415,-0.5626495480537415,0.014535989612340927,0.0,5.309535980224609
440,4,0,0.41811972856521606,0.41811972856521606,0.014302119612693787,0.0,5.575610160827637
440,4,1,0.7547216415405273,0.7547216415405273,0.015360695309937,0.0,5.957274913787842
440,4,2,0.2636449933052063,0.2636449933052063,0.014131291769444942,0.0,5.692584991455078
440,4,3,0.36758896708488464,0.36758896708488464,0.015563215129077435,0.0,5.518248558044434
440,4,4,0.6741629242897034,0.6741629242897034,0.015131083317101002,0.0,5.819632530212402
440,4,5,0.563737690448761,0.563737690448761,0.013986571691930294,0.0,4.945293426513672
440,4,6,0.45368367433547974,0.45368367433547974,0.016850175336003304,0.0,5.8893890380859375
440,4,7,0.46374550461769104,0.46374550461769104,0.01340227760374546,0.0,5.721324920654297
440,4,8,0.6775428056716919,0.6775428056716919,0.016593022271990776,0.0,5.628411769866943
440,4,9,0.3408728241920471,0.3408728241920471,0.01392428670078516,0.0,5.900839328765869
440,4,10,0.5686948299407959,0.5686948299407959,0.014307008124887943,0.0,5.637697696685791
440,4,11,0.5313366651535034,0.5313366651535034,0.014434062875807285,0.0,5.449517726898193
440,4,12,-0.06618409603834152,-0.06618409603834152,0.014417885802686214,0.0,6.009881973266602
440,4,13,0.16693978011608124,0.16693978011608124,0.014039857313036919,0.0,6.087491035461426
440,4,14,0.03635663539171219,0.03635663539171219,0.01730710081756115,0.0,5.942704200744629
440,4,15,0.4538021385669708,0.4538021385669708,0.015128610655665398,0.0,5.500920295715332
440,4,16,0.672702431678772,0.672702431678772,0.014875433407723904,0.0,4.949321746826172
440,4,17,0.3932887613773346,0.3932887613773346,0.01533396914601326,0.0,5.540794372558594
440,4,18,0.17059433460235596,0.17059433460235596,0.01502770185470581,0.0,5.878920078277588
440,4,19,0.587375819683075,0.587375819683075,0.015342330560088158,0.0,5.952848434448242
420,0,0,0.20547977089881897,0.20547977089881897,0.014139639213681221,0.0,6.206442832946777
420,0,1,0.23044617474079132,0.23044617474079132,0.014572522602975368,0.0,6.344661712646484
420,0,2,0.31015902757644653,0.31015902757644653,0.014282484538853168,0.0,6.372284889221191
420,0,3,0.2287115752696991,0.2287115752696991,0.014462010003626347,0.0,6.053385257720947
420,0,4,0.2698150873184204,0.2698150873184204,0.013959988951683044,0.0,6.365638732910156
420,0,5,0.44462770223617554,0.44462770223617554,0.013996399007737637,0.0,5.931915283203125
420,0,6,0.2830355167388916,0.2830355167388916,0.014733250252902508,0.0,6.261527061462402
420,0,7,0.40244534611701965,0.40244534611701965,0.014574777334928513,0.0,6.196834564208984
420,0,8,0.18364620208740234,0.18364620208740234,0.014320529997348785,0.0,6.273094654083252
420,0,9,0.3411087393760681,0.3411087393760681,0.014693062752485275,0.0,6.036865234375
420,0,10,0.5290693044662476,0.5290693044662476,0.013821584172546864,0.0,5.917689800262451
420,0,11,0.23046118021011353,0.23046118021011353,0.014862497337162495,0.0,5.7838134765625
420,0,12,0.040552567690610886,0.040552567690610886,0.014643922448158264,0.0,6.1310224533081055
420,0,13,0.10353507101535797,0.10353507101535797,0.014129952527582645,0.0,6.004278182983398
420,0,14,0.08012863993644714,0.08012863993644714,0.014757843688130379,0.0,6.095394134521484
420,0,15,0.37586095929145813,0.37586095929145813,0.014202949590981007,0.0,5.740572929382324
420,0,16,0.23279762268066406,0.23279762268066406,0.01391326729208231,0.0,5.998016357421875
420,0,17,0.3527756333351135,0.3527756333351135,0.014227609150111675,0.0,6.441010475158691
420,0,18,0.4120880961418152,0.4120880961418152,0.014438716694712639,0.0,5.694745063781738
420,0,19,0.22205333411693573,0.22205333411693573,0.014780934900045395,0.0,6.280246734619141
420,1,0,-0.9378907680511475,-0.9378907680511475,0.019180797040462494,0.0,5.433502674102783
420,1,1,-1.1649103164672852,-1.1649103164672852,0.01595785655081272,0.0,6.265629768371582
420,1,2,-1.0831063985824585,-1.0831063985824585,0.01609068363904953,0.0,5.515806674957275
420,1,3,-1.0047088861465454,-1.0047088861465454,0.015901362523436546,0.0,5.680095672607422
420,1,4,-0.8778964877128601,-0.8778964877128601,0.016146477311849594,0.0,6.618068695068359
420,1,5,-1.2857987880706787,-1.2857987880706787,0.015139413066208363,0.0,5.67803955078125
420,1,6,-1.6473890542984009,-1.6473890542984009,0.01596996933221817,0.0,5.347299098968506
420,1,7,-1.6662791967391968,-1.6662791967391968,0.016279354691505432,0.0,5.275958061218262
420,1,8,-1.1024575233459473,-1.1024575233459473,0.015012801624834538,0.0,6.531353950500488
420,1,9,-1.6604783535003662,-1.6604783535003662,0.016244951635599136,0.0,5.913363456726074
420,1,10,-1.8865195512771606,-1.8865195512771606,0.01741490140557289,0.0,4.920200347900391
420,1,11,-1.2105828523635864,-1.2105828523635864,0.015623197890818119,0.0,5.362296104431152
420,1,12,-1.2118929624557495,-1.2118929624557495,0.01616845093667507,0.0,5.744384288787842
420,1,13,-1.33933687210083,-1.33933687210083,0.01550812367349863,0.0,5.120473861694336
420,1,14,-1.0378609895706177,-1.0378609895706177,0.015128015540540218,0.0,5.590066909790039
420,1,15,-2.0770814418792725,-2.0770814418792725,0.016025718301534653,0.0,5.636423110961914
420,1,16,-1.187963604927063,-1.187963604927063,0.015851430594921112,0.0,5.129560470581055
420,1,17,-1.2758347988128662,-1.2758347988128662,0.01582064852118492,0.0,5.22539758682251
420,1,18,-1.1701802015304565,-1.1701802015304565,0.01635011099278927,0.0,4.741425514221191
420,1,19,-0.9537529945373535,-0.9537529945373535,0.01569259725511074,0.0,5.589982986450195
420,2,0,0.498012512922287,0.498012512922287,0.013003918342292309,0.0,6.26185417175293
420,2,1,0.6279014945030212,0.6279014945030212,0.01297446433454752,0.0,5.170733451843262
420,2,2,0.8247977495193481,0.8247977495193481,0.012513058260083199,0.0,6.20161771774292
420,2,3,0.5789265632629395,0.5789265632629395,0.012853749096393585,0.0,5.95841121673584
420,2,4,0.4081405997276306,0.4081405997276306,0.012471991591155529,0.0,5.647316932678223
420,2,5,0.6442364454269409,0.6442364454269409,0.012860181741416454,0.0,6.210041046142578
420,2,6,0.5180740356445312,0.5180740356445312,0.012702304869890213,0.0,5.733383655548096
420,2,7,0.30601805448532104,0.30601805448532104,0.012914187274873257,0.0,6.058035850524902
420,2,8,0.5713345408439636,0.5713345408439636,0.01279242243617773,0.0,5.696961402893066
420,2,9,0.522587239742279,0.522587239742279,0.013242297805845737,0.0,5.664484024047852
420,2,10,0.8984798789024353,0.8984798789024353,0.012798023410141468,0.0,5.613735198974609
420,2,11,0.6817523837089539,0.6817523837089539,0.013036204501986504,0.0,6.038091659545898
420,2,12,0.6933560967445374,0.6933560967445374,0.013216917403042316,0.0,6.051090240478516
420,2,13,0.6799086332321167,0.6799086332321167,0.013116937130689621,0.0,5.699118137359619
420,2,14,0.5126848220825195,0.5126848220825195,0.012878045439720154,0.0,5.856786251068115
420,2,15,0.4730912148952484,0.4730912148952484,0.012661819346249104,0.0,5.803750038146973
420,2,16,0.631946325302124,0.631946325302124,0.013020900078117847,0.0,5.148271560668945
420,2,17,0.6253623366355896,0.6253623366355896,0.012753471732139587,0.0,5.905826568603516
420,2,18,0.12074378877878189,0.12074378877878189,0.01256195642054081,0.0,5.9417924880981445
420,2,19,0.7632196545600891,0.7632196545600891,0.012766337022185326,0.0,5.472162246704102
420,3,0,-0.5068284869194031,-0.5068284869194031,0.015268396586179733,0.0,4.943230152130127
420,3,1,-0.20756734907627106,-0.20756734907627106,0.014642290771007538,0.0,5.38849401473999
420,3,2,-0.6760104894638062,-0.6760104894638062,0.015049717389047146,0.0,4.8924150466918945
420,3,3,-0.5132586359977722,-0.5132586359977722,0.01432859618216753,0.0,5.272931098937988
420,3,4,-0.7686575651168823,-0.7686575651168823,0.014005442149937153,0.0,4.949572563171387
420,3,5,-0.5720567107200623,-0.5720567107200623,0.014191364869475365,0.0,5.371443271636963
420,3,6,-0.30342167615890503,-0.30342167615890503,0.014006576500833035,0.0,4.921939849853516
420,3,7,-0.49686840176582336,-0.49686840176582336,0.014700282365083694,0.0,4.568920135498047
420,3,8,-0.36109310388565063,-0.36109310388565063,0.014622444286942482,0.0,5.082990646362305
420,3,9,-0.6919301748275757,-0.6919301748275757,0.015387649647891521,0.0,4.993570327758789
420,3,10,-0.49842366576194763,-0.49842366576194763,0.014495336450636387,0.0,4.708330154418945
420,3,11,-0.3768385052680969,-0.3768385052680969,0.014361063949763775,0.0,5.780521392822266
420,3,12,-0.406238317489624,-0.406238317489624,0.013998016715049744,0.0,5.250329494476318
420,3,13,-0.4820884168148041,-0.4820884168148041,0.01530298963189125,0.0,5.36926794052124
420,3,14,-0.49085667729377747,-0.49085667729377747,0.014720754697918892,0.0,5.274424076080322
420,3,15,-0.4110499322414398,-0.4110499322414398,0.014691170305013657,0.0,5.255423545837402
420,3,16,-0.5937778353691101,-0.5937778353691101,0.01482616551220417,0.0,4.968985080718994
420,3,17,-0.2264283299446106,-0.2264283299446106,0.014535033144056797,0.0,6.256770133972168
420,3,18,-0.6713488698005676,-0.6713488698005676,0.014608625322580338,0.0,6.061309814453125
420,3,19,-0.47321879863739014,-0.47321879863739014,0.014583955518901348,0.0,5.540721416473389
420,4,0,0.648111879825592,0.648111879825592,0.01546325534582138,0.0,5.930619716644287
420,4,1,0.4119105637073517,0.4119105637073517,0.015327023342251778,0.0,5.707702159881592
420,4,2,0.6541580557823181,0.6541580557823181,0.015536367893218994,0.0,5.295838356018066
420,4,3,0.3831656277179718,0.3831656277179718,0.016651136800646782,0.0,5.369393348693848
420,4,4,0.26228269934654236,0.26228269934654236,0.01599043235182762,0.0,5.689082145690918
420,4,5,0.5464178323745728,0.5464178323745728,0.014232812449336052,0.0,5.442494869232178
420,4,6,0.552128791809082,0.552128791809082,0.014698985032737255,0.0,5.840055465698242
420,4,7,0.31647753715515137,0.31647753715515137,0.015920476987957954,0.0,5.892617702484131
420,4,8,0.6082661151885986,0.6082661151885986,0.013454623520374298,0.0,5.495988368988037
420,4,9,0.4785109758377075,0.4785109758377075,0.014074541628360748,0.0,5.853702545166016
420,4,10,0.48877793550491333,0.48877793550491333,0.01622890867292881,0.0,6.051836967468262
420,4,11,0.41759511828422546,0.41759511828422546,0.014718376100063324,0.0,5.644754409790039
420,4,12,0.6512675881385803,0.6512675881385803,0.013880124315619469,0.0,5.785109519958496
420,4,13,0.5704123377799988,0.5704123377799988,0.01519761048257351,0.0,5.769289970397949
420,4,14,0.28265631198883057,0.28265631198883057,0.014436322264373302,0.0,5.668360710144043
420,4,15,0.5772983431816101,0.5772983431816101,0.015318584628403187,0.0,5.964162826538086
420,4,16,0.1778516322374344,0.1778516322374344,0.015177982859313488,0.0,5.796138763427734
420,4,17,0.3885904848575592,0.3885904848575592,0.015689238905906677,0.0,5.5593485832214355
420,4,18,0.3273976445198059,0.3273976445198059,0.01402996014803648,0.0,6.2901105880737305
420,4,19,0.5907706022262573,0.5907706022262573,0.014004133641719818,0.0,5.14034366607666
400,0,0,0.40651294589042664,0.40651294589042664,0.014799555763602257,0.0,6.309273719787598
400,0,1,0.3163638114929199,0.3163638114929199,0.014204981736838818,0.0,6.747214317321777
400,0,2,0.20707888901233673,0.20707888901233673,0.014910146594047546,0.0,5.883663177490234
400,0,3,0.21271011233329773,0.21271011233329773,0.013707788661122322,0.0,5.829578876495361
400,0,4,-0.061570554971694946,-0.061570554971694946,0.014174391515552998,0.0,5.61585807800293
400,0,5,-0.1360340267419815,-0.1360340267419815,0.014142344705760479,0.0,5.83064079284668
400,0,6,0.2043086439371109,0.2043086439371109,0.01429855078458786,0.0,5.380800724029541
400,0,7,0.16029390692710876,0.16029390692710876,0.014889274723827839,0.0,5.944126129150391
400,0,8,0.2931414842605591,0.2931414842605591,0.014033785089850426,0.0,6.323459625244141
400,0,9,0.2952575385570526,0.2952575385570526,0.014265736564993858,0.0,5.584176540374756
400,0,10,0.14287176728248596,0.14287176728248596,0.013789908029139042,0.0,5.7423176765441895
400,0,11,0.3644338846206665,0.3644338846206665,0.014651879668235779,0.0,5.885199546813965
400,0,12,0.26049646735191345,0.26049646735191345,0.014258618466556072,0.0,5.601327896118164
400,0,13,0.539120614528656,0.539120614528656,0.014302125200629234,0.0,6.026557922363281
400,0,14,0.32481399178504944,0.32481399178504944,0.014302396215498447,0.0,6.4326348304748535
400,0,15,0.2926005423069,0.2926005423069,0.013858577236533165,0.0,5.591315746307373
400,0,16,0.30764538049697876,0.30764538049697876,0.014750468544661999,0.0,6.132301330566406
400,0,17,0.32928889989852905,0.32928889989852905,0.013933783397078514,0.0,6.135066509246826
400,0,18,0.00785282626748085,0.00785282626748085,0.013940528966486454,0.0,5.732644081115723
400,0,19,0.1642870306968689,0.1642870306968689,0.014227058738470078,0.0,6.234899044036865
400,1,0,-1.055109977722168,-1.055109977722168,0.016094157472252846,0.0,5.8039398193359375
400,1,1,-1.150416612625122,-1.150416612625122,0.0156923346221447,0.0,5.173829078674316
400,1,2,-1.3178510665893555,-1.3178510665893555,0.015306620858609676,0.0,5.8953962326049805
400,1,3,-0.9674267768859863,-0.9674267768859863,0.016950488090515137,0.0,5.252968788146973
400,1,4,-0.7979395389556885,-0.7979395389556885,0.015904616564512253,0.0,5.157251834869385
400,1,5,-1.3527835607528687,-1.3527835607528687,0.015993036329746246,0.0,5.9157395362854
400,1,6,-0.9801374673843384,-0.9801374673843384,0.015543866902589798,0.0,5.772317886352539
400,1,7,-2.101351261138916,-2.101351261138916,0.016491129994392395,0.0,5.753553867340088
400,1,8,-0.9030956625938416,-0.9030956625938416,0.014778326265513897,0.0,6.244233131408691
400,1,9,-1.060621976852417,-1.060621976852417,0.01612253673374653,0.0,5.339425086975098
400,1,10,-1.167768955230713,-1.167768955230713,0.01538777444511652,0.0,5.359014987945557
400,1,11,-1.2386763095855713,-1.2386763095855713,0.015163213014602661,0.0,6.047642230987549
400,1,12,-0.8523654341697693,-0.8523654341697693,0.01793018728494644,0.0,6.1582441329956055
400,1,13,-0.9788225293159485,-0.9788225293159485,0.017270077019929886,0.0,5.5501861572265625
400,1,14,-1.5085833072662354,-1.5085833072662354,0.016717301681637764,0.0,5.085740566253662
400,1,15,-1.909676194190979,-1.909676194190979,0.016412166878581047,0.0,5.988224029541016
400,1,16,-1.2655181884765625,-1.2655181884765625,0.01855255477130413,0.0,4.862049102783203
400,1,17,-1.1512812376022339,-1.1512812376022339,0.016091765835881233,0.0,5.465926170349121
400,1,18,-1.389150619506836,-1.389150619506836,0.01551724225282669,0.0,5.083373546600342
400,1,19,-1.66070556640625,-1.66070556640625,0.015593751333653927,0.0,5.216711044311523
400,2,0,0.6400695443153381,0.6400695443153381,0.012751850299537182,0.0,5.9964165687561035
400,2,1,0.7606577277183533,0.7606577277183533,0.013053413480520248,0.0,5.628535270690918
400,2,2,0.5151275396347046,0.5151275396347046,0.012906990945339203,0.0,5.699891090393066
400,2,3,0.7667310833930969,0.7667310833930969,0.012763572856783867,0.0,6.15587854385376
400,2,4,0.430713027715683,0.430713027715683,0.013011080212891102,0.0,6.236264705657959
400,2,5,0.765428364276886,0.765428364276886,0.012543821707367897,0.0,6.465851783752441
400,2,6,0.67830491065979,0.67830491065979,0.012100591324269772,0.0,5.505141258239746
400,2,7,0.2081121951341629,0.2081121951341629,0.012656121514737606,0.0,6.011445999145508
400,2,8,0.7398804426193237,0.7398804426193237,0.013011601753532887,0.0,5.466383934020996
400,2,9,0.6661205887794495,0.6661205887794495,0.013171713799238205,0.0,5.828293800354004
400,2,10,0.8994813561439514,0.8994813561439514,0.012536518275737762,0.0,5.616443157196045
400,2,11,0.8288003206253052,0.8288003206253052,0.012708150781691074,0.0,5.100892066955566
400,2,12,0.6014242172241211,0.6014242172241211,0.01307481899857521,0.0,6.021597385406494
400,2,13,0.7042542695999146,0.7042542695999146,0.012483472935855389,0.0,6.261653900146484
400,2,14,0.5745412111282349,0.5745412111282349,0.013109526596963406,0.0,5.6932268142700195
400,2,15,0.7249912619590759,0.7249912619590759,0.012777568772435188,0.0,5.944591522216797
400,2,16,0.5440607070922852,0.5440607070922852,0.012661010026931763,0.0,6.159209251403809
400,2,17,0.6355519890785217,0.6355519890785217,0.012885047122836113,0.0,6.018402099609375
400,2,18,0.5274453163146973,0.5274453163146973,0.012685613706707954,0.0,5.193751811981201
400,2,19,0.6120059490203857,0.6120059490203857,0.012944107875227928,0.0,5.564568519592285
400,3,0,-0.41585272550582886,-0.41585272550582886,0.014464912004768848,0.0,5.363038539886475
400,3,1,-0.5996750593185425,-0.5996750593185425,0.01426030695438385,0.0,5.133974552154541
400,3,2,-0.7843038439750671,-0.7843038439750671,0.014672509394586086,0.0,5.074702262878418
400,3,3,-0.6681603789329529,-0.6681603789329529,0.014788651838898659,0.0,5.166689395904541
400,3,4,-0.432844877243042,-0.432844877243042,0.014985539019107819,0.0,5.115796089172363
400,3,5,-0.715282678604126,-0.715282678604126,0.014534445479512215,0.0,5.140566349029541
400,3,6,-0.4047338366508484,-0.4047338366508484,0.014596276916563511,0.0,5.375572681427002
400,3,7,-0.6185509562492371,-0.6185509562492371,0.014470316469669342,0.0,4.911888599395752
400,3,8,-0.7675995826721191,-0.7675995826721191,0.015021327883005142,0.0,5.797961235046387
400,3,9,-0.7784940004348755,-0.7784940004348755,0.014760728925466537,0.0,5.060969352722168
400,3,10,-0.7125677466392517,-0.7125677466392517,0.014437629841268063,0.0,5.371935844421387
400,3,11,-0.6216684579849243,-0.6216684579849243,0.01433994248509407,0.0,5.386777877807617
400,3,12,-0.5800759792327881,-0.5800759792327881,0.01468744222074747,0.0,5.09273624420166
400,3,13,-0.814258873462677,-0.814258873462677,0.014459699392318726,0.0,6.05332088470459
400,3,14,-0.7957972288131714,-0.7957972288131714,0.014504745602607727,0.0,5.632989883422852
400,3,15,-0.4771503210067749,-0.4771503210067749,0.01403004489839077,0.0,5.270003318786621
400,3,16,-0.7039040327072144,-0.7039040327072144,0.014501795172691345,0.0,4.871482849121094
400,3,17,-0.5405176281929016,-0.5405176281929016,0.014475717209279537,0.0,5.269662857055664
400,3,18,-0.3424064815044403,-0.3424064815044403,0.014576082117855549,0.0,4.944354057312012
400,3,19,-0.5614502429962158,-0.5614502429962158,0.014879108406603336,0.0,4.750863075256348
400,4,0,0.37396806478500366,0.37396806478500366,0.015693185850977898,0.0,6.219794273376465
400,4,1,0.29116570949554443,0.29116570949554443,0.01534266211092472,0.0,5.468119144439697
400,4,2,0.5835263729095459,0.5835263729095459,0.015087530016899109,0.0,5.977005481719971
400,4,3,0.24975188076496124,0.24975188076496124,0.012880864553153515,0.0,5.669437885284424
400,4,4,0.7388851046562195,0.7388851046562195,0.013990713283419609,0.0,5.8844685554504395
400,4,5,0.633185625076294,0.633185625076294,0.013648795895278454,0.0,5.00992488861084
400,4,6,0.5575708150863647,0.5575708150863647,0.015337216667830944,0.0,5.575752258300781
400,4,7,0.41121166944503784,0.41121166944503784,0.015414445661008358,0.0,6.086604595184326
400,4,8,0.34170660376548767,0.34170660376548767,0.013603025116026402,0.0,5.859410285949707
400,4,9,0.4915580153465271,0.4915580153465271,0.016200173646211624,0.0,5.334615707397461
400,4,10,0.9343401193618774,0.9343401193618774,0.015295261517167091,0.0,5.786218643188477
400,4,11,0.5880959033966064,0.5880959033966064,0.013601437211036682,0.0,5.686656951904297
400,4,12,0.3127627372741699,0.3127627372741699,0.018048429861664772,0.0,5.662936210632324
400,4,13,0.2236991673707962,0.2236991673707962,0.014664440415799618,0.0,5.627727508544922
400,4,14,0.1718747764825821,0.1718747764825821,0.014555674977600574,0.0,5.544954776763916
400,4,15,0.38560107350349426,0.38560107350349426,0.0169818215072155,0.0,5.856614112854004
400,4,16,0.3987283408641815,0.3987283408641815,0.014366762712597847,0.0,5.41799783706665
400,4,17,0.01769687794148922,0.01769687794148922,0.014740818180143833,0.0,5.313962459564209
400,4,18,0.2077098935842514,0.2077098935842514,0.018620796501636505,0.0,5.539675235748291
400,4,19,0.5382530689239502,0.5382530689239502,0.014397463761270046,0.0,5.560839653015137
380,0,0,-0.05407978966832161,-0.05407978966832161,0.013685537502169609,0.0,6.148795127868652
380,0,1,0.18247973918914795,0.18247973918914795,0.014172791503369808,0.0,6.126894950866699
380,0,2,0.21090048551559448,0.21090048551559448,0.013301451690495014,0.0,6.109400749206543
380,0,3,0.1816527545452118,0.1816527545452118,0.014992536045610905,0.0,6.185135364532471
380,0,4,0.2525850832462311,0.2525850832462311,0.01443938072770834,0.0,6.247666358947754
380,0,5,0.21798229217529297,0.21798229217529297,0.014300028793513775,0.0,6.0750932693481445
380,0,6,0.008814089931547642,0.008814089931547642,0.01358179934322834,0.0,5.688273906707764
380,0,7,0.2514065206050873,0.2514065206050873,0.01419870462268591,0.0,5.910426139831543
380,0,8,0.15226680040359497,0.15226680040359497,0.014306806959211826,0.0,6.324420928955078
380,0,9,0.12239141017198563,0.12239141017198563,0.014395326375961304,0.0,6.3871917724609375
380,0,10,0.11508289724588394,0.11508289724588394,0.014322306960821152,0.0,6.285627841949463
380,0,11,0.3499150276184082,0.3499150276184082,0.014155938290059566,0.0,5.617822647094727
380,0,12,0.09847813099622726,0.09847813099622726,0.013872385956346989,0.0,6.255964279174805
380,0,13,0.09548364579677582,0.09548364579677582,0.014654700644314289,0.0,6.209869384765625
380,0,14,0.19567036628723145,0.19567036628723145,0.014308984391391277,0.0,6.5348381996154785
380,0,15,-0.06935840845108032,-0.06935840845108032,0.014475717209279537,0.0,6.250391483306885
380,0,16,0.28883931040763855,0.28883931040763855,0.013971558772027493,0.0,6.4521708488464355
380,0,17,0.0655304491519928,0.0655304491519928,0.013969575986266136,0.0,6.478511333465576
380,0,18,0.04128019139170647,0.04128019139170647,0.013536782935261726,0.0,6.342103481292725
380,0,19,0.2913144826889038,0.2913144826889038,0.014346946030855179,0.0,6.296940803527832
380,1,0,-1.8686027526855469,-1.8686027526855469,0.01783144474029541,0.0,4.594229698181152
380,1,1,-1.4506642818450928,-1.4506642818450928,0.015689944848418236,0.0,5.642192363739014
380,1,2,-0.7013582587242126,-0.7013582587242126,0.016241414472460747,0.0,4.713608741760254
380,1,3,-1.299963116645813,-1.299963116645813,0.01647416315972805,0.0,5.716249942779541
380,1,4,-0.8781187534332275,-0.8781187534332275,0.015097779221832752,0.0,5.590575695037842
380,1,5,-1.0583597421646118,-1.0583597421646118,0.0163408350199461,0.0,5.777475357055664
380,1,6,-1.458036184310913,-1.458036184310913,0.016340313479304314,0.0,5.438344955444336
380,1,7,-1.2898708581924438,-1.2898708581924438,0.014894072897732258,0.0,6.263989448547363
380,1,8,-1.3896002769470215,-1.3896002769470215,0.01849338412284851,0.0,4.283785820007324
380,1,9,-1.3602545261383057,-1.3602545261383057,0.0176713764667511,0.0,5.332716941833496
380,1,10,-1.4800456762313843,-1.4800456762313843,0.016032379120588303,0.0,4.888434886932373
380,1,11,-0.9985846281051636,-0.9985846281051636,0.014663130044937134,0.0,5.221842288970947
380,1,12,-1.1966391801834106,-1.1966391801834106,0.015378644689917564,0.0,5.09409236907959
380,1,13,-1.253298044204712,-1.253298044204712,0.015819936990737915,0.0,6.36837911605835
380,1,14,-1.1203899383544922,-1.1203899383544922,0.015058682300150394,0.0,5.172092437744141
380,1,15,-1.5931956768035889,-1.5931956768035889,0.016953244805336,0.0,5.6753249168396
380,1,16,-1.2316150665283203,-1.2316150665283203,0.015200523659586906,0.0,5.6552252769470215
380,1,17,-1.209294080734253,-1.209294080734253,0.016070224344730377,0.0,5.876440048217773
380,1,18,-1.1602582931518555,-1.1602582931518555,0.016927067190408707,0.0,5.15347957611084
380,1,19,-1.6827374696731567,-1.6827374696731567,0.015700317919254303,0.0,5.955921173095703
380,2,0,0.4238448739051819,0.4238448739051819,0.01282524038106203,0.0,6.107971668243408
380,2,1,0.5456876754760742,0.5456876754760742,0.012665712274610996,0.0,5.860133171081543
380,2,2,0.5101668238639832,0.5101668238639832,0.012484008446335793,0.0,5.971847057342529
380,2,3,0.5852232575416565,0.5852232575416565,0.01310141570866108,0.0,5.597546577453613
380,2,4,0.4450226426124573,0.4450226426124573,0.012823495082557201,0.0,5.459298610687256
380,2,5,0.4955666959285736,0.4955666959285736,0.012779409065842628,0.0,5.701984405517578
380,2,6,0.5827140808105469,0.5827140808105469,0.012572215870022774,0.0,5.41508150100708
380,2,7,0.49181920289993286,0.49181920289993286,0.012683907523751259,0.0,5.453371524810791
380,2,8,0.5092027187347412,0.5092027187347412,0.012980811297893524,0.0,5.976552486419678
380,2,9,0.5835646390914917,0.5835646390914917,0.012510210275650024,0.0,5.715754508972168
380,2,10,0.3847431242465973,0.3847431242465973,0.012739297933876514,0.0,5.50484561920166
380,2,11,0.7660013437271118,0.7660013437271118,0.013187466189265251,0.0,5.825441360473633
380,2,12,0.5852178335189819,0.5852178335189819,0.012688009068369865,0.0,6.240635871887207
380,2,13,0.48831474781036377,0.48831474781036377,0.012944158166646957,0.0,5.281355857849121
380,2,14,0.5813349485397339,0.5813349485397339,0.012507443316280842,0.0,5.568431377410889
380,2,15,0.8184024691581726,0.8184024691581726,0.012479300610721111,0.0,6.062564849853516
380,2,16,0.5888490676879883,0.5888490676879883,0.012659239582717419,0.0,5.702174663543701
380,2,17,0.6294100880622864,0.6294100880622864,0.01284158043563366,0.0,6.186114311218262
380,2,18,0.5088796019554138,0.5088796019554138,0.012531743384897709,0.0,6.009904384613037
380,2,19,0.7738086581230164,0.7738086581230164,0.012545522302389145,0.0,5.540170669555664
380,3,0,-0.5943999886512756,-0.5943999886512756,0.01625196263194084,0.0,5.6269612312316895
380,3,1,-0.514262318611145,-0.514262318611145,0.014517679810523987,0.0,5.593918323516846
380,3,2,-0.4459173083305359,-0.4459173083305359,0.014493318274617195,0.0,5.133261680603027
380,3,3,-0.25498709082603455,-0.25498709082603455,0.014218160882592201,0.0,4.89717960357666
380,3,4,-0.6219518184661865,-0.6219518184661865,0.013944689184427261,0.0,5.712673187255859
380,3,5,-0.5071622729301453,-0.5071622729301453,0.013996115885674953,0.0,4.56277322769165
380,3,6,-0.3269464075565338,-0.3269464075565338,0.015789689496159554,0.0,5.236835479736328
380,3,7,-0.5853412747383118,-0.5853412747383118,0.014388426207005978,0.0,4.752415180206299
380,3,8,-0.5785173177719116,-0.5785173177719116,0.013546198606491089,0.0,5.312071800231934
380,3,9,-0.6910387873649597,-0.6910387873649597,0.014371172524988651,0.0,5.001560211181641
380,3,10,-0.5829947590827942,-0.5829947590827942,0.014599031768739223,0.0,5.005234718322754
380,3,11,-0.7619053721427917,-0.7619053721427917,0.013991438783705235,0.0,4.846428871154785
380,3,12,-0.2666642963886261,-0.2666642963886261,0.014798054471611977,0.0,5.001389980316162
380,3,13,-0.6977575421333313,-0.6977575421333313,0.01460217498242855,0.0,5.558787822723389
380,3,14,-0.6453437805175781,-0.6453437805175781,0.013788438402116299,0.0,5.174435138702393
380,3,15,-0.4277629554271698,-0.4277629554271698,0.014680943451821804,0.0,5.617123126983643
380,3,16,-0.38677144050598145,-0.38677144050598145,0.014588666148483753,0.0,5.5872039794921875
380,3,17,-0.7072014212608337,-0.7072014212608337,0.014228424057364464,0.0,5.075943946838379
380,3,18,-0.4410609006881714,-0.4410609006881714,0.014214614406228065,0.0,5.574048042297363
380,3,19,-0.6019875407218933,-0.6019875407218933,0.015494080260396004,0.0,4.837507724761963
380,4,0,0.34333282709121704,0.34333282709121704,0.014176789671182632,0.0,5.9286675453186035
380,4,1,0.5056926012039185,0.5056926012039185,0.01486553531140089,0.0,5.559807777404785
380,4,2,0.8192514777183533,0.8192514777183533,0.013572358526289463,0.0,5.85548734664917
380,4,3,0.9217151403427124,0.9217151403427124,0.01363107655197382,0.0,6.282842636108398
380,4,4,0.4806023836135864,0.4806023836135864,0.017363091930747032,0.0,5.652266025543213
380,4,5,0.19576461613178253,0.19576461613178253,0.01394231803715229,0.0,5.837976455688477
380,4,6,0.1184445470571518,0.1184445470571518,0.014245850034058094,0.0,5.905886650085449
380,4,7,0.2874131500720978,0.2874131500720978,0.014054379425942898,0.0,5.7726149559021
380,4,8,0.45375263690948486,0.45375263690948486,0.014579317532479763,0.0,6.246427536010742
380,4,9,0.2812909781932831,0.2812909781932831,0.013683517463505268,0.0,6.015742301940918
380,4,10,0.2754803001880646,0.2754803001880646,0.015584627166390419,0.0,5.577198028564453
380,4,11,0.3542417287826538,0.3542417287826538,0.014319123700261116,0.0,6.051499366760254
380,4,12,0.5716025829315186,0.5716025829315186,0.013410654850304127,0.0,5.661779403686523
380,4,13,0.5473772883415222,0.5473772883415222,0.015141255222260952,0.0,5.804058074951172
380,4,14,0.4303714334964752,0.4303714334964752,0.014254174195230007,0.0,6.055078029632568
380,4,15,0.21576298773288727,0.21576298773288727,0.015505488030612469,0.0,6.105161666870117
380,4,16,0.3537081182003021,0.3537081182003021,0.015827463939785957,0.0,5.993051052093506
380,4,17,0.24170556664466858,0.24170556664466858,0.017540838569402695,0.0,5.850682258605957
380,4,18,0.37243473529815674,0.37243473529815674,0.014781943522393703,0.0,5.865427017211914
380,4,19,0.3399144411087036,0.3399144411087036,0.013461269438266754,0.0,5.974985599517822
360,0,0,0.3417064845561981,0.3417064845561981,0.015035453252494335,0.0,6.382796287536621
360,0,1,0.07789290696382523,0.07789290696382523,0.013869566842913628,0.0,5.987987518310547
360,0,2,0.17384584248065948,0.17384584248065948,0.013693676330149174,0.0,6.13838005065918
360,0,3,0.1308053880929947,0.1308053880929947,0.014306120574474335,0.0,6.153846740722656
360,0,4,0.3387150168418884,0.3387150168418884,0.013778988271951675,0.0,5.8795623779296875
360,0,5,0.31602126359939575,0.31602126359939575,0.014491303823888302,0.0,5.945047378540039
360,0,6,0.12121496349573135,0.12121496349573135,0.013997543603181839,0.0,6.310988426208496
360,0,7,0.12881936132907867,0.12881936132907867,0.014173366129398346,0.0,6.2682061195373535
360,0,8,0.10748230665922165,0.10748230665922165,0.014113015495240688,0.0,6.023542404174805
360,0,9,0.6022358536720276,0.6022358536720276,0.013653754256665707,0.0,6.109269618988037
360,0,10,0.4908520579338074,0.4908520579338074,0.013700155541300774,0.0,6.166640281677246
360,0,11,0.34063956141471863,0.34063956141471863,0.01429879292845726,0.0,6.34118127822876
360,0,12,0.09523054212331772,0.09523054212331772,0.014598237350583076,0.0,5.820038795471191
360,0,13,0.11527817696332932,0.11527817696332932,0.014271129854023457,0.0,6.157235145568848
360,0,14,0.03264719247817993,0.03264719247817993,0.014227903448045254,0.0,6.065950393676758
360,0,15,0.30693525075912476,0.30693525075912476,0.014139160513877869,0.0,6.231821537017822
360,0,16,0.2755969166755676,0.2755969166755676,0.013451523147523403,0.0,6.201225280761719
360,0,17,0.28205493092536926,0.28205493092536926,0.013714765198528767,0.0,6.069517135620117
360,0,18,0.36555635929107666,0.36555635929107666,0.01458740420639515,0.0,5.9013824462890625
360,0,19,0.29454943537712097,0.29454943537712097,0.014639375731348991,0.0,6.0905609130859375
360,1,0,-1.2165793180465698,-1.2165793180465698,0.015530066564679146,0.0,5.636099815368652
360,1,1,-1.3187249898910522,-1.3187249898910522,0.016115162521600723,0.0,5.0952253341674805
360,1,2,-1.3776938915252686,-1.3776938915252686,0.01649506762623787,0.0,5.145350456237793
360,1,3,-1.0362576246261597,-1.0362576246261597,0.016258230432868004,0.0,6.5811896324157715
360,1,4,-0.8754400014877319,-0.8754400014877319,0.015402929857373238,0.0,5.826462745666504
360,1,5,-0.9933779239654541,-0.9933779239654541,0.01503094844520092,0.0,5.369528293609619
360,1,6,-1.1460319757461548,-1.1460319757461548,0.015202906914055347,0.0,5.727047443389893
360,1,7,-1.5068378448486328,-1.5068378448486328,0.015658019110560417,0.0,4.89907169342041
360,1,8,-1.4579582214355469,-1.4579582214355469,0.015680920332670212,0.0,4.959650039672852
360,1,9,-1.155111312866211,-1.155111312866211,0.016611222177743912,0.0,5.748950004577637
360,1,10,-1.230930209159851,-1.230930209159851,0.01690327748656273,0.0,5.608278274536133
360,1,11,-1.1610690355300903,-1.1610690355300903,0.016857845708727837,0.0,5.76095724105835
360,1,12,-1.125806212425232,-1.125806212425232,0.01514548808336258,0.0,5.806826591491699
360,1,13,-1.1372631788253784,-1.1372631788253784,0.015106034465134144,0.0,6.089837074279785
360,1,14,-1.081825613975525,-1.081825613975525,0.015846194699406624,0.0,5.23834228515625
360,1,15,-1.3161859512329102,-1.3161859512329102,0.015493398532271385,0.0,5.974616050720215
360,1,16,-1.0453014373779297,-1.0453014373779297,0.01638816110789776,0.0,5.428046703338623
360,1,17,-0.9631041288375854,-0.9631041288375854,0.015914177522063255,0.0,5.103570938110352
360,1,18,-1.609615445137024,-1.609615445137024,0.016077231615781784,0.0,5.422670364379883
360,1,19,-1.4594671726226807,-1.4594671726226807,0.01631997711956501,0.0,5.499333381652832
360,2,0,0.6752372980117798,0.6752372980117798,0.012931715697050095,0.0,5.723562717437744
360,2,1,0.6349732279777527,0.6349732279777527,0.0126848379150033,0.0,5.941340446472168
360,2,2,0.6735764741897583,0.6735764741897583,0.01257928553968668,0.0,5.932460784912109
360,2,3,0.6073493361473083,0.6073493361473083,0.012449144385755062,0.0,5.944117069244385
360,2,4,0.7059035897254944,0.7059035897254944,0.012892007827758789,0.0,6.14652681350708
360,2,5,0.5153960585594177,0.5153960585594177,0.012863238342106342,0.0,6.227565288543701
360,2,6,0.7824530601501465,0.7824530601501465,0.01291599776595831,0.0,5.420177459716797
360,2,7,0.5136262774467468,0.5136262774467468,0.01249460969120264,0.0,6.30433464050293
360,2,8,0.7583337426185608,0.7583337426185608,0.01287461444735527,0.0,5.751430511474609
360,2,9,0.5988401174545288,0.5988401174545288,0.012590881437063217,0.0,5.903317451477051
360,2,10,0.3735868036746979,0.3735868036746979,0.012965504080057144,0.0,6.046082496643066
360,2,11,0.6045295000076294,0.6045295000076294,0.012974086217582226,0.0,6.110128402709961
360,2,12,0.5656228065490723,0.5656228065490723,0.012671958655118942,0.0,5.921147346496582
360,2,13,0.6472412347793579,0.6472412347793579,0.012691731564700603,0.0,5.768414497375488
360,2,14,0.6752124428749084,0.6752124428749084,0.012520930729806423,0.0,5.2421770095825195
360,2,15,0.43420442938804626,0.43420442938804626,0.012998497113585472,0.0,5.719386100769043
360,2,16,0.6268812417984009,0.6268812417984009,0.012916862033307552,0.0,5.610186576843262
360,2,17,0.6857573986053467,0.6857573986053467,0.012664633803069592,0.0,5.767230033874512
360,2,18,0.9850526452064514,0.9850526452064514,0.012601159512996674,0.0,5.876036167144775
360,2,19,0.5204423666000366,0.5204423666000366,0.012302645482122898,0.0,5.392626762390137
360,3,0,-0.48772329092025757,-0.48772329092025757,0.014375260099768639,0.0,5.347136497497559
360,3,1,-0.7184799313545227,-0.7184799313545227,0.014749194495379925,0.0,5.202640533447266
360,3,2,-0.6949763894081116,-0.6949763894081116,0.014231245964765549,0.0,5.077399730682373
360,3,3,-0.37801438570022583,-0.37801438570022583,0.01430367399007082,0.0,5.338301181793213
360,3,4,-0.43182608485221863,-0.43182608485221863,0.014428786002099514,0.0,5.185508728027344
360,3,5,-0.5189050436019897,-0.5189050436019897,0.014545131474733353,0.0,5.067752361297607
360,3,6,-0.2779330313205719,-0.2779330313205719,0.014544351026415825,0.0,5.161862373352051
360,3,7,-0.6161708831787109,-0.6161708831787109,0.01429265271872282,0.0,5.064882755279541
360,3,8,-0.5305702686309814,-0.5305702686309814,0.014629685319960117,0.0,4.401449680328369
360,3,9,-0.49191349744796753,-0.49191349744796753,0.014387317933142185,0.0,5.954047203063965
360,3,10,-0.4450511634349823,-0.4450511634349823,0.015200315043330193,0.0,4.718871116638184
360,3,11,-0.6123947501182556,-0.6123947501182556,0.014746312983334064,0.0,5.435515403747559
360,3,12,-0.47562137246131897,-0.47562137246131897,0.014712224714457989,0.0,5.033562660217285
360,3,13,-0.7224403619766235,-0.7224403619766235,0.014707877300679684,0.0,5.295902252197266
360,3,14,-0.5905235409736633,-0.5905235409736633,0.014819154515862465,0.0,5.1461710929870605
360,3,15,-0.5424141883850098,-0.5424141883850098,0.014826570637524128,0.0,4.812236785888672
360,3,16,-0.06523744761943817,-0.06523744761943817,0.014261675998568535,0.0,5.193089008331299
360,3,17,-0.48579880595207214,-0.48579880595207214,0.014697535894811153,0.0,5.180149555206299
360,3,18,-0.5011571049690247,-0.5011571049690247,0.014560584910213947,0.0,5.697841644287109
360,3,19,-0.42555689811706543,-0.42555689811706543,0.01417752355337143,0.0,5.409091472625732
360,4,0,0.5182178020477295,0.5182178020477295,0.014950568787753582,0.0,5.288837432861328
360,4,1,0.2764456570148468,0.2764456570148468,0.014673261903226376,0.0,5.80257511138916
360,4,2,0.3703060448169708,0.3703060448169708,0.014366182498633862,0.0,5.713490009307861
360,4,3,0.5071911215782166,0.5071911215782166,0.014621095731854439,0.0,4.98762321472168
360,4,4,0.38917237520217896,0.38917237520217896,0.013547638431191444,0.0,5.634075164794922
360,4,5,0.3273647129535675,0.3273647129535675,0.014844189397990704,0.0,5.546634674072266
360,4,6,0.19986744225025177,0.19986744225025177,0.015826774761080742,0.0,5.593996524810791
360,4,7,0.5099549293518066,0.5099549293518066,0.014489627443253994,0.0,5.395442008972168
360,4,8,0.25931021571159363,0.25931021571159363,0.016233058646321297,0.0,5.146972179412842
360,4,9,0.3241958022117615,0.3241958022117615,0.014413319528102875,0.0,5.159224510192871
360,4,10,0.6210017800331116,0.6210017800331116,0.018978960812091827,0.0,5.20736837387085
360,4,11,0.3526843786239624,0.3526843786239624,0.01436387374997139,0.0,5.684744358062744
360,4,12,0.4374735355377197,0.4374735355377197,0.014204305596649647,0.0,5.729576110839844
360,4,13,0.21176894009113312,0.21176894009113312,0.016599124297499657,0.0,5.720333099365234
360,4,14,0.5031280517578125,0.5031280517578125,0.014641376212239265,0.0,5.599435329437256
360,4,15,0.31135812401771545,0.31135812401771545,0.01409902423620224,0.0,5.536567687988281
360,4,16,0.1873665302991867,0.1873665302991867,0.01705010235309601,0.0,5.2476654052734375
360,4,17,0.23017939925193787,0.23017939925193787,0.015626871958374977,0.0,5.399113655090332
360,4,18,0.38223960995674133,0.38223960995674133,0.01476133894175291,0.0,5.534451961517334
360,4,19,0.1411920189857483,0.1411920189857483,0.014335265383124352,0.0,5.7798614501953125
340,0,0,0.015596029348671436,0.015596029348671436,0.014474494382739067,0.0,5.598671913146973
340,0,1,0.14765755832195282,0.14765755832195282,0.014777823351323605,0.0,6.211159706115723
340,0,2,0.14274270832538605,0.14274270832538605,0.014748695306479931,0.0,6.286479949951172
340,0,3,0.13044895231723785,0.13044895231723785,0.014276751317083836,0.0,6.421635627746582
340,0,4,0.0960741937160492,0.0960741937160492,0.01456605363637209,0.0,5.818375587463379
340,0,5,0.1147979199886322,0.1147979199886322,0.0138914929702878,0.0,5.942057132720947
340,0,6,0.26403167843818665,0.26403167843818665,0.014339336194097996,0.0,5.992985725402832
340,0,7,0.11139283329248428,0.11139283329248428,0.014452866278588772,0.0,6.075656890869141
340,0,8,0.27693843841552734,0.27693843841552734,0.014537609182298183,0.0,6.159833908081055
340,0,9,0.268666535615921,0.268666535615921,0.014164639636874199,0.0,6.454835414886475
340,0,10,0.14986222982406616,0.14986222982406616,0.014099919237196445,0.0,5.854116916656494
340,0,11,0.19766098260879517,0.19766098260879517,0.014694358222186565,0.0,5.931787967681885
340,0,12,0.2107362449169159,0.2107362449169159,0.014407671988010406,0.0,6.41108512878418
340,0,13,0.1279982328414917,0.1279982328414917,0.014357825741171837,0.0,6.107497215270996
340,0,14,0.028421886265277863,0.028421886265277863,0.014396611601114273,0.0,6.485525131225586
340,0,15,0.15566086769104004,0.15566086769104004,0.014859997667372227,0.0,6.090703964233398
340,0,16,0.21691982448101044,0.21691982448101044,0.01464085467159748,0.0,6.036065101623535
340,0,17,-0.015184788964688778,-0.015184788964688778,0.014785143546760082,0.0,6.235466957092285
340,0,18,0.15172666311264038,0.15172666311264038,0.014637457206845284,0.0,6.730408668518066
340,0,19,0.17026527225971222,0.17026527225971222,0.013856674544513226,0.0,6.027939796447754
340,1,0,-1.6058341264724731,-1.6058341264724731,0.016910528764128685,0.0,5.078039646148682
340,1,1,-1.4256960153579712,-1.4256960153579712,0.016439693048596382,0.0,5.256953239440918
340,1,2,-0.8797492980957031,-0.8797492980957031,0.015512099489569664,0.0,5.311008453369141
340,1,3,-1.629595398902893,-1.629595398902893,0.017193587496876717,0.0,4.832807540893555
340,1,4,-0.960423469543457,-0.960423469543457,0.014298586174845695,0.0,6.442744255065918
340,1,5,-1.325571894645691,-1.325571894645691,0.01533239334821701,0.0,5.753414154052734
340,1,6,-1.3374099731445312,-1.3374099731445312,0.017185954377055168,0.0,5.102644920349121
340,1,7,-0.8763853311538696,-0.8763853311538696,0.016621382907032967,0.0,5.440805435180664
340,1,8,-1.010403037071228,-1.010403037071228,0.01614825800061226,0.0,5.057435989379883
340,1,9,-1.216007947921753,-1.216007947921753,0.016619186848402023,0.0,5.417392253875732
340,1,10,-1.4430036544799805,-1.4430036544799805,0.015628162771463394,0.0,5.740177154541016
340,1,11,-1.1940010786056519,-1.1940010786056519,0.015430404804646969,0.0,5.646998405456543
340,1,12,-1.480857491493225,-1.480857491493225,0.01511443592607975,0.0,4.918631553649902
340,1,13,-1.116817593574524,-1.116817593574524,0.01599697396159172,0.0,6.474181175231934
340,1,14,-1.6708370447158813,-1.6708370447158813,0.01568583771586418,0.0,5.798008918762207
340,1,15,-1.4570608139038086,-1.4570608139038086,0.014777477830648422,0.0,4.902989864349365
340,1,16,-0.8001853823661804,-0.8001853823661804,0.01564542017877102,0.0,5.602913856506348
340,1,17,-1.708542823791504,-1.708542823791504,0.015948498621582985,0.0,5.756951332092285
340,1,18,-1.056296467781067,-1.056296467781067,0.015834202989935875,0.0,5.208513259887695
340,1,19,-1.3294023275375366,-1.3294023275375366,0.015249294228851795,0.0,5.371408462524414
340,2,0,0.6761518716812134,0.6761518716812134,0.012692401185631752,0.0,5.8144636154174805
340,2,1,0.5556245446205139,0.5556245446205139,0.0127382418140769,0.0,5.797113418579102
340,2,2,0.749333918094635,0.749333918094635,0.012243593111634254,0.0,6.004209041595459
340,2,3,0.5790818929672241,0.5790818929672241,0.012537927366793156,0.0,5.3604841232299805
340,2,4,0.5450795888900757,0.5450795888900757,0.012800638563930988,0.0,5.887535095214844
340,2,5,0.6946531534194946,0.6946531534194946,0.012973646633327007,0.0,5.71489143371582
340,2,6,0.7357983589172363,0.7357983589172363,0.012673664838075638,0.0,5.760959625244141
340,2,7,0.7682774662971497,0.7682774662971497,0.012756990268826485,0.0,5.578670024871826
340,2,8,0.7773288488388062,0.7773288488388062,0.012686928734183311,0.0,5.65121603012085
340,2,9,0.7846776247024536,0.7846776247024536,0.012570865452289581,0.0,5.871191024780273
340,2,10,0.8771921396255493,0.8771921396255493,0.012461846694350243,0.0,5.639246463775635
340,2,11,0.6173111796379089,0.6173111796379089,0.012868259102106094,0.0,5.699758529663086
340,2,12,0.6331050395965576,0.6331050395965576,0.012486002407968044,0.0,6.076143264770508
340,2,13,0.5084288120269775,0.5084288120269775,0.012627480551600456,0.0,5.697726249694824
340,2,14,0.4350167512893677,0.4350167512893677,0.012735075317323208,0.0,5.736386775970459
340,2,15,0.5610322952270508,0.5610322952270508,0.013005380518734455,0.0,5.728085994720459
340,2,16,0.6284793019294739,0.6284793019294739,0.012523874640464783,0.0,5.63719367980957
340,2,17,0.5922122001647949,0.5922122001647949,0.012537846341729164,0.0,5.9513959884643555
340,2,18,0.7171455025672913,0.7171455025672913,0.013014854863286018,0.0,5.450254917144775
340,2,19,0.5734120011329651,0.5734120011329651,0.012719216756522655,0.0,5.295957565307617
340,3,0,-0.42673230171203613,-0.42673230171203613,0.014222633093595505,0.0,4.206831932067871
340,3,1,-0.5626776218414307,-0.5626776218414307,0.015012194402515888,0.0,5.331272125244141
340,3,2,-0.39016449451446533,-0.39016449451446533,0.014312134124338627,0.0,5.170257568359375
340,3,3,-0.6496933698654175,-0.6496933698654175,0.014533680863678455,0.0,5.271587371826172
340,3,4,-0.465289831161499,-0.465289831161499,0.014494880102574825,0.0,5.286634922027588
340,3,5,-0.521786630153656,-0.521786630153656,0.014445748180150986,0.0,5.192890644073486
340,3,6,-0.6093780398368835,-0.6093780398368835,0.013963652774691582,0.0,5.6026458740234375
340,3,7,-0.5918047428131104,-0.5918047428131104,0.0143932169303298,0.0,5.316288471221924
340,3,8,-0.7044116258621216,-0.7044116258621216,0.015046444721519947,0.0,5.152650356292725
340,3,9,-0.6625200510025024,-0.6625200510025024,0.014703613705933094,0.0,5.167518615722656
340,3,10,-0.6966125965118408,-0.6966125965118408,0.014781614765524864,0.0,4.892428398132324
340,3,11,-0.584603488445282,-0.584603488445282,0.014236196875572205,0.0,5.268952369689941
340,3,12,-0.5622372031211853,-0.5622372031211853,0.01502431184053421,0.0,5.0013813972473145
340,3,13,-0.31858113408088684,-0.31858113408088684,0.014710524119436741,0.0,5.8861541748046875
340,3,14,-0.6333619356155396,-0.6333619356155396,0.014459970407187939,0.0,5.291792869567871
340,3,15,-0.30642786622047424,-0.30642786622047424,0.014020979404449463,0.0,4.942190170288086
340,3,16,-0.7192636728286743,-0.7192636728286743,0.014471812173724174,0.0,5.037060737609863
340,3,17,-0.6096547245979309,-0.6096547245979309,0.014510341919958591,0.0,4.907464504241943
340,3,18,-0.7118299603462219,-0.7118299603462219,0.014791827648878098,0.0,4.6448163986206055
340,3,19,-0.4720288813114166,-0.4720288813114166,0.014238325878977776,0.0,5.281558990478516
340,4,0,0.5542094111442566,0.5542094111442566,0.015056554228067398,0.0,5.744059085845947
340,4,1,0.18443647027015686,0.18443647027015686,0.014584428630769253,0.0,5.479486465454102
340,4,2,0.0564473420381546,0.0564473420381546,0.0143263079226017,0.0,5.906073570251465
340,4,3,0.5689307451248169,0.5689307451248169,0.014592071063816547,0.0,5.645641326904297
340,4,4,0.45216530561447144,0.45216530561447144,0.014095067977905273,0.0,5.532221794128418
340,4,5,0.39200326800346375,0.39200326800346375,0.01490640640258789,0.0,5.70366907119751
340,4,6,0.2348567396402359,0.2348567396402359,0.013864666223526001,0.0,6.051234722137451
340,4,7,0.3528071343898773,0.3528071343898773,0.01691274158656597,0.0,5.717270374298096
340,4,8,0.3504016399383545,0.3504016399383545,0.017798103392124176,0.0,6.0668439865112305
340,4,9,0.07429269701242447,0.07429269701242447,0.013498110696673393,0.0,6.042872905731201
340,4,10,0.5539780855178833,0.5539780855178833,0.015397434122860432,0.0,6.189353942871094
340,4,11,0.5804848074913025,0.5804848074913025,0.013538184575736523,0.0,6.056254863739014
340,4,12,0.4949844777584076,0.4949844777584076,0.013659533113241196,0.0,5.40623664855957
340,4,13,0.5547381639480591,0.5547381639480591,0.015104245394468307,0.0,5.643381595611572
340,4,14,0.5100589990615845,0.5100589990615845,0.01592588610947132,0.0,6.269927501678467
340,4,15,0.2952706813812256,0.2952706813812256,0.013554266653954983,0.0,5.5377116203308105
340,4,16,0.14716336131095886,0.14716336131095886,0.013642699457705021,0.0,5.497279167175293
340,4,17,0.4067875146865845,0.4067875146865845,0.014291188679635525,0.0,5.780977249145508
340,4,18,0.07295126467943192,0.07295126467943192,0.013622243888676167,0.0,5.658768653869629
340,4,19,0.1906738430261612,0.1906738430261612,0.013733455911278725,0.0,5.881660461425781
320,0,0,0.18864895403385162,0.18864895403385162,0.014144212938845158,0.0,6.394164085388184
320,0,1,-0.0031858396250754595,-0.0031858396250754595,0.014600693248212337,0.0,6.428388595581055
320,0,2,0.31472599506378174,0.31472599506378174,0.013757716864347458,0.0,6.365132808685303
320,0,3,0.3198537528514862,0.3198537528514862,0.014070292934775352,0.0,6.27668571472168
320,0,4,0.08082791417837143,0.08082791417837143,0.014343230985105038,0.0,6.1750006675720215
320,0,5,0.20375694334506989,0.20375694334506989,0.013810488395392895,0.0,6.290602684020996
320,0,6,0.18466806411743164,0.18466806411743164,0.014456776902079582,0.0,5.882377624511719
320,0,7,0.165334090590477,0.165334090590477,0.014112597331404686,0.0,5.428432464599609
320,0,8,0.20133757591247559,0.20133757591247559,0.014407996088266373,0.0,5.91897439956665
320,0,9,0.27499085664749146,0.27499085664749146,0.014246237464249134,0.0,6.755702972412109
320,0,10,0.1451774686574936,0.1451774686574936,0.01434521283954382,0.0,6.619858741760254
320,0,11,0.10594503581523895,0.10594503581523895,0.014506818726658821,0.0,6.278219223022461
320,0,12,0.3065762221813202,0.3065762221813202,0.01404944434762001,0.0,5.880095481872559
320,0,13,0.2792299687862396,0.2792299687862396,0.013970456086099148,0.0,5.945512294769287
320,0,14,0.15972015261650085,0.15972015261650085,0.014058444648981094,0.0,6.593827724456787
320,0,15,0.3834630250930786,0.3834630250930786,0.014145394787192345,0.0,6.147250175476074
320,0,16,0.29288947582244873,0.29288947582244873,0.014064645394682884,0.0,6.071037769317627
320,0,17,0.09179606288671494,0.09179606288671494,0.013721345923841,0.0,6.2619805335998535
320,0,18,0.09862135350704193,0.09862135350704193,0.013566219247877598,0.0,5.830777645111084
320,0,19,0.21800526976585388,0.21800526976585388,0.014412845484912395,0.0,6.063535690307617
320,1,0,-1.1570216417312622,-1.1570216417312622,0.014940367080271244,0.0,5.32372522354126
320,1,1,-1.7260236740112305,-1.7260236740112305,0.01667693629860878,0.0,5.937569618225098
320,1,2,-1.2532975673675537,-1.2532975673675537,0.016237681731581688,0.0,5.343927383422852
320,1,3,-1.4237710237503052,-1.4237710237503052,0.015267751179635525,0.0,5.538298606872559
320,1,4,-1.0815465450286865,-1.0815465450286865,0.016806812956929207,0.0,5.244395732879639
320,1,5,-1.512529730796814,-1.512529730796814,0.01549244299530983,0.0,5.888631820678711
320,1,6,-0.7671729326248169,-0.7671729326248169,0.016928859055042267,0.0,5.582197189331055
320,1,7,-0.8213751912117004,-0.8213751912117004,0.016121206805109978,0.0,5.1479949951171875
320,1,8,-0.8079274296760559,-0.8079274296760559,0.01691589690744877,0.0,5.303093433380127
320,1,9,-1.4953875541687012,-1.4953875541687012,0.014850360341370106,0.0,5.632031440734863
320,1,10,-1.848751425743103,-1.848751425743103,0.017211226746439934,0.0,5.233353614807129
320,1,11,-1.0905579328536987,-1.0905579328536987,0.015310170128941536,0.0,5.729156494140625
320,1,12,-1.654770016670227,-1.654770016670227,0.015625067055225372,0.0,5.844490051269531
320,1,13,-1.4389088153839111,-1.4389088153839111,0.014745119959115982,0.0,5.502532005310059
320,1,14,-1.195633053779602,-1.195633053779602,0.016230251640081406,0.0,5.284337997436523
320,1,15,-1.6804618835449219,-1.6804618835449219,0.0160960890352726,0.0,5.609503746032715
320,1,16,-1.6853474378585815,-1.6853474378585815,0.014937364496290684,0.0,5.526055812835693
320,1,17,-1.9285430908203125,-1.9285430908203125,0.017066549509763718,0.0,5.434824466705322
320,1,18,-1.0921716690063477,-1.0921716690063477,0.01727708801627159,0.0,5.766231536865234
320,1,19,-1.4641914367675781,-1.4641914367675781,0.015358828008174896,0.0,5.648882865905762
320,2,0,0.6601380109786987,0.6601380109786987,0.01260481495410204,0.0,5.560708045959473
320,2,1,0.6058775782585144,0.6058775782585144,0.012713397853076458,0.0,5.379143714904785
320,2,2,0.3220897912979126,0.3220897912979126,0.012894883751869202,0.0,5.5254902839660645
320,2,3,0.3077584505081177,0.3077584505081177,0.012444266118109226,0.0,5.523842811584473
320,2,4,0.49475225806236267,0.49475225806236267,0.012610281817615032,0.0,6.35311222076416
320,2,5,0.8371633291244507,0.8371633291244507,0.012418169528245926,0.0,6.048401355743408
320,2,6,0.5094168782234192,0.5094168782234192,0.012764445506036282,0.0,5.649483680725098
320,2,7,0.5641443133354187,0.5641443133354187,0.01270154770463705,0.0,5.973394393920898
320,2,8,0.4987257122993469,0.4987257122993469,0.012731821276247501,0.0,5.236828804016113
320,2,9,0.34264323115348816,0.34264323115348816,0.012387237511575222,0.0,5.9364776611328125
320,2,10,0.20933039486408234,0.20933039486408234,0.012804833240807056,0.0,5.926705360412598
320,2,11,0.19724717736244202,0.19724717736244202,0.01261480525135994,0.0,5.772653102874756
320,2,12,0.5842364430427551,0.5842364430427551,0.012883041985332966,0.0,6.490573883056641
320,2,13,0.6062573790550232,0.6062573790550232,0.012454362586140633,0.0,5.778537750244141
320,2,14,0.6976708173751831,0.6976708173751831,0.012921798042953014,0.0,5.810829162597656
320,2,15,0.6620506048202515,0.6620506048202515,0.012869011610746384,0.0,5.20979118347168
320,2,16,0.7795330882072449,0.7795330882072449,0.013080875389277935,0.0,5.908295631408691
320,2,17,0.6602559089660645,0.6602559089660645,0.012770960107445717,0.0,5.161111831665039
320,2,18,0.4358222186565399,0.4358222186565399,0.012488940730690956,0.0,5.713989734649658
320,2,19,0.4379409849643707,0.4379409849643707,0.012797709554433823,0.0,5.8541460037231445
320,3,0,-0.41966021060943604,-0.41966021060943604,0.014417356811463833,0.0,4.7881903648376465
320,3,1,-0.4769074320793152,-0.4769074320793152,0.013966120779514313,0.0,5.406515598297119
320,3,2,-0.6409246921539307,-0.6409246921539307,0.014129141345620155,0.0,5.1034746170043945
320,3,3,-0.4198082685470581,-0.4198082685470581,0.014669333584606647,0.0,5.894937992095947
320,3,4,-0.42565077543258667,-0.42565077543258667,0.01415091659873724,0.0,5.506811618804932
320,3,5,-0.7755630016326904,-0.7755630016326904,0.014249023981392384,0.0,4.9934587478637695
320,3,6,-0.7745839953422546,-0.7745839953422546,0.015061588026583195,0.0,5.379612922668457
320,3,7,-0.5346760749816895,-0.5346760749816895,0.014780517667531967,0.0,5.625519275665283
320,3,8,-0.5966383814811707,-0.5966383814811707,0.014528380706906319,0.0,5.125182151794434
320,3,9,-0.5837461352348328,-0.5837461352348328,0.014112279750406742,0.0,5.643227577209473
320,3,10,-0.28232577443122864,-0.28232577443122864,0.014194154180586338,0.0,5.535311222076416
320,3,11,-0.5466195940971375,-0.5466195940971375,0.015063456259667873,0.0,5.66050910949707
320,3,12,-0.49022436141967773,-0.49022436141967773,0.01426394097507,0.0,5.488000392913818
320,3,13,-0.5706396698951721,-0.5706396698951721,0.014969266019761562,0.0,5.297738075256348
320,3,14,-0.41518542170524597,-0.41518542170524597,0.014266153797507286,0.0,4.972415924072266
320,3,15,-0.8204101324081421,-0.8204101324081421,0.014886463060975075,0.0,4.991206169128418
320,3,16,-0.5755877494812012,-0.5755877494812012,0.014814797788858414,0.0,5.386073112487793
320,3,17,-0.5240117907524109,-0.5240117907524109,0.014217251911759377,0.0,4.930889129638672
320,3,18,-0.6260874271392822,-0.6260874271392822,0.014360267668962479,0.0,5.1449079513549805
320,3,19,-0.6428425312042236,-0.6428425312042236,0.014560484327375889,0.0,5.518611907958984
320,4,0,0.3683556020259857,0.3683556020259857,0.01495963055640459,0.0,6.040588855743408
320,4,1,0.29824256896972656,0.29824256896972656,0.015350119210779667,0.0,5.402092933654785
320,4,2,0.5947230458259583,0.5947230458259583,0.01572270691394806,0.0,5.874733924865723
320,4,3,0.4962494373321533,0.4962494373321533,0.014536849223077297,0.0,6.465962886810303
320,4,4,0.1686663031578064,0.1686663031578064,0.016164114698767662,0.0,6.131296157836914
320,4,5,0.3363276720046997,0.3363276720046997,0.013556670397520065,0.0,5.84328556060791
320,4,6,0.4962204694747925,0.4962204694747925,0.01383245550096035,0.0,5.198432445526123
320,4,7,0.14601092040538788,0.14601092040538788,0.017392214387655258,0.0,5.795196533203125
320,4,8,0.4135558009147644,0.4135558009147644,0.014826417900621891,0.0,6.069103240966797
320,4,9,0.4349280297756195,0.4349280297756195,0.017987027764320374,0.0,5.8161115646362305
320,4,10,0.28563037514686584,0.28563037514686584,0.01462321076542139,0.0,5.752986907958984
320,4,11,0.18061645328998566,0.18061645328998566,0.015189703553915024,0.0,5.7332868576049805
320,4,12,0.5638291239738464,0.5638291239738464,0.015149127691984177,0.0,5.849479675292969
320,4,13,0.41628995537757874,0.41628995537757874,0.013499298132956028,0.0,5.409759521484375
320,4,14,0.6758333444595337,0.6758333444595337,0.01496171671897173,0.0,6.101413249969482
320,4,15,0.8467698097229004,0.8467698097229004,0.015524854883551598,0.0,5.675524711608887
320,4,16,0.6472635865211487,0.6472635865211487,0.01502804085612297,0.0,5.611902236938477
320,4,17,0.4979059398174286,0.4979059398174286,0.01472709234803915,0.0,5.698500633239746
320,4,18,0.5084069967269897,0.5084069967269897,0.014962384477257729,0.0,5.920592308044434
320,4,19,0.38597220182418823,0.38597220182418823,0.014682993292808533,0.0,5.962890625
300,0,0,-0.09564846009016037,-0.09564846009016037,0.01429279986768961,0.0,6.167576789855957
300,0,1,0.14650121331214905,0.14650121331214905,0.014611206948757172,0.0,6.034911632537842
300,0,2,0.09581514447927475,0.09581514447927475,0.014571414329111576,0.0,6.141481399536133
300,0,3,0.17568865418434143,0.17568865418434143,0.01512226089835167,0.0,6.0017290115356445
300,0,4,0.4655759334564209,0.4655759334564209,0.01539441104978323,0.0,5.955478668212891
300,0,5,0.2200581580400467,0.2200581580400467,0.013253767043352127,0.0,5.958305358886719
300,0,6,0.2674391567707062,0.2674391567707062,0.01362580806016922,0.0,5.977994441986084
300,0,7,0.12665808200836182,0.12665808200836182,0.014250264503061771,0.0,5.996935844421387
300,0,8,0.15668246150016785,0.15668246150016785,0.014890450052917004,0.0,5.928086280822754
300,0,9,0.02050183340907097,0.02050183340907097,0.013994970358908176,0.0,5.934478759765625
300,0,10,0.05012134835124016,0.05012134835124016,0.014551638625562191,0.0,6.152966499328613
300,0,11,0.14283961057662964,0.14283961057662964,0.014432542026042938,0.0,6.4379730224609375
300,0,12,0.18265919387340546,0.18265919387340546,0.014537819661200047,0.0,6.584957122802734
300,0,13,0.3376240134239197,0.3376240134239197,0.014627878554165363,0.0,6.269064903259277
300,0,14,0.2950959801673889,0.2950959801673889,0.014064936898648739,0.0,5.49495267868042
300,0,15,0.06771650165319443,0.06771650165319443,0.014187924563884735,0.0,6.287335395812988
300,0,16,0.05885354429483414,0.05885354429483414,0.014433695934712887,0.0,5.837686061859131
300,0,17,0.22102662920951843,0.22102662920951843,0.014362212270498276,0.0,6.105090141296387
300,0,18,0.09666536748409271,0.09666536748409271,0.01513733807951212,0.0,6.1393866539001465
300,0,19,0.18248458206653595,0.18248458206653595,0.013887201435863972,0.0,5.961995601654053
300,1,0,-0.9528535604476929,-0.9528535604476929,0.01617484912276268,0.0,5.645379066467285
300,1,1,-1.1138341426849365,-1.1138341426849365,0.01652146689593792,0.0,5.30971622467041
300,1,2,-1.3635205030441284,-1.3635205030441284,0.016239624470472336,0.0,5.6382341384887695
300,1,3,-1.2935295104980469,-1.2935295104980469,0.01560977566987276,0.0,5.316821098327637
300,1,4,-1.3999629020690918,-1.3999629020690918,0.01718571037054062,0.0,5.25716495513916
300,1,5,-1.5750709772109985,-1.5750709772109985,0.015950730070471764,0.0,5.719673156738281
300,1,6,-1.4600670337677002,-1.4600670337677002,0.0161032285541296,0.0,5.452584266662598
300,1,7,-1.0020902156829834,-1.0020902156829834,0.015595627948641777,0.0,5.703456878662109
300,1,8,-0.9099666476249695,-0.9099666476249695,0.016679907217621803,0.0,5.323976516723633
300,1,9,-1.220046043395996,-1.220046043395996,0.018058953806757927,0.0,5.185001373291016
300,1,10,-1.336415410041809,-1.336415410041809,0.014952254481613636,0.0,5.058958530426025
300,1,11,-0.9808323979377747,-0.9808323979377747,0.01582595519721508,0.0,5.492446422576904
300,1,12,-1.1340984106063843,-1.1340984106063843,0.015057415701448917,0.0,5.964760780334473
300,1,13,-1.0951788425445557,-1.0951788425445557,0.01551992166787386,0.0,5.458160400390625
300,1,14,-1.1980777978897095,-1.1980777978897095,0.01501058042049408,0.0,5.403223991394043
300,1,15,-1.814022183418274,-1.814022183418274,0.01638316549360752,0.0,5.179069995880127
300,1,16,-1.1285773515701294,-1.1285773515701294,0.016759948804974556,0.0,5.520022392272949
300,1,17,-1.5096189975738525,-1.5096189975738525,0.01882733218371868,0.0,5.0145416259765625
300,1,18,-1.4462084770202637,-1.4462084770202637,0.016727110370993614,0.0,4.986865997314453
300,1,19,-1.7528492212295532,-1.7528492212295532,0.01777154766023159,0.0,5.5613694190979
300,2,0,0.5443289875984192,0.5443289875984192,0.01270377729088068,0.0,5.442795276641846
300,2,1,0.3518592417240143,0.3518592417240143,0.01261893566697836,0.0,5.90283203125
300,2,2,0.6943318843841553,0.6943318843841553,0.012879596091806889,0.0,5.7542266845703125
300,2,3,0.30667367577552795,0.30667367577552795,0.012756471522152424,0.0,5.605135440826416
300,2,4,0.7689621448516846,0.7689621448516846,0.012260766699910164,0.0,5.640998840332031
300,2,5,0.6243091821670532,0.6243091821670532,0.012814355082809925,0.0,5.69180154800415
300,2,6,0.7039499282836914,0.7039499282836914,0.01260359212756157,0.0,5.619471549987793
300,2,7,0.3787056803703308,0.3787056803703308,0.012676283717155457,0.0,5.743177890777588
300,2,8,0.7017470598220825,0.7017470598220825,0.012660794891417027,0.0,5.102358341217041
300,2,9,0.44884422421455383,0.44884422421455383,0.012511706911027431,0.0,5.9145097732543945
300,2,10,0.7058424949645996,0.7058424949645996,0.01253423374146223,0.0,6.279053688049316
300,2,11,0.4053528606891632,0.4053528606891632,0.012681804597377777,0.0,5.520657539367676
300,2,12,0.6684949994087219,0.6684949994087219,0.012882616370916367,0.0,5.848912239074707
300,2,13,0.6541402339935303,0.6541402339935303,0.012733937241137028,0.0,6.139810085296631
300,2,14,0.7721664309501648,0.7721664309501648,0.012616037391126156,0.0,5.732207298278809
300,2,15,0.6164206862449646,0.6164206862449646,0.012533018365502357,0.0,6.0847930908203125
300,2,16,0.3585358262062073,0.3585358262062073,0.012651295401155949,0.0,5.904954433441162
300,2,17,0.6675090193748474,0.6675090193748474,0.012712255120277405,0.0,5.1927947998046875
300,2,18,0.698253870010376,0.698253870010376,0.012422733008861542,0.0,5.437368869781494
300,2,19,0.4778291583061218,0.4778291583061218,0.012582258321344852,0.0,5.909145355224609
300,3,0,-0.604975700378418,-0.604975700378418,0.0142177389934659,0.0,5.510246276855469
300,3,1,-0.520797610282898,-0.520797610282898,0.013852803967893124,0.0,5.235527992248535
300,3,2,-0.6440350413322449,-0.6440350413322449,0.0147247901186347,0.0,5.2075676918029785
300,3,3,-0.5980550050735474,-0.5980550050735474,0.014475117437541485,0.0,5.1738762855529785
300,3,4,-0.46706369519233704,-0.46706369519233704,0.014268247410655022,0.0,5.624030113220215
300,3,5,-0.42844974994659424,-0.42844974994659424,0.014496956020593643,0.0,5.537370681762695
300,3,6,-0.3645932078361511,-0.3645932078361511,0.014441853389143944,0.0,5.411131381988525
300,3,7,-0.5372310280799866,-0.5372310280799866,0.014713605865836143,0.0,5.070046901702881
300,3,8,-0.5980939865112305,-0.5980939865112305,0.014622904360294342,0.0,5.675144195556641
300,3,9,-0.5388162136077881,-0.5388162136077881,0.014432381838560104,0.0,5.174372673034668
300,3,10,-0.3770122230052948,-0.3770122230052948,0.014865848235785961,0.0,5.237133026123047
300,3,11,-0.42995697259902954,-0.42995697259902954,0.014270110987126827,0.0,4.685065269470215
300,3,12,-0.6363157033920288,-0.6363157033920288,0.014502570964396,0.0,5.321087837219238
300,3,13,-0.5315352082252502,-0.5315352082252502,0.014110594056546688,0.0,4.743176460266113
300,3,14,-0.7334675788879395,-0.7334675788879395,0.014276094734668732,0.0,4.7211737632751465
300,3,15,-0.4336598515510559,-0.4336598515510559,0.014237119816243649,0.0,5.249793529510498
300,3,16,-0.6061751246452332,-0.6061751246452332,0.014841113239526749,0.0,5.435966491699219
300,3,17,-0.5121048092842102,-0.5121048092842102,0.014174469746649265,0.0,5.392123222351074
300,3,18,-0.5352011919021606,-0.5352011919021606,0.014665824361145496,0.0,5.67305850982666
300,3,19,-0.6833615899085999,-0.6833615899085999,0.014282308518886566,0.0,4.760125160217285
300,4,0,0.6432547569274902,0.6432547569274902,0.014129022136330605,0.0,5.769305229187012
300,4,1,0.5855883359909058,0.5855883359909058,0.014517667703330517,0.0,6.108243465423584
300,4,2,0.6577918529510498,0.6577918529510498,0.014000835828483105,0.0,5.774930953979492
300,4,3,0.31741592288017273,0.31741592288017273,0.013580801896750927,0.0,5.767598628997803
300,4,4,0.6022832989692688,0.6022832989692688,0.014359068125486374,0.0,5.606149196624756
300,4,5,0.7380232810974121,0.7380232810974121,0.014766596257686615,0.0,5.719083309173584
300,4,6,0.34646838903427124,0.34646838903427124,0.013731698505580425,0.0,5.839893341064453
300,4,7,0.494435578584671,0.494435578584671,0.016505297273397446,0.0,5.5157976150512695
300,4,8,0.5311056971549988,0.5311056971549988,0.013595540076494217,0.0,5.771977424621582
300,4,9,0.4646640419960022,0.4646640419960022,0.014618952758610249,0.0,5.6211466789245605
300,4,10,0.4469756484031677,0.4469756484031677,0.014592448249459267,0.0,5.301225185394287
300,4,11,0.1415318250656128,0.1415318250656128,0.014128423295915127,0.0,5.789360046386719
300,4,12,0.3381657004356384,0.3381657004356384,0.013967330567538738,0.0,5.838387966156006
300,4,13,0.08657530695199966,0.08657530695199966,0.015169618651270866,0.0,5.628316402435303
300,4,14,0.3806406855583191,0.3806406855583191,0.014994761906564236,0.0,5.552001476287842
300,4,15,0.38947126269340515,0.38947126269340515,0.014866044744849205,0.0,5.95811128616333
300,4,16,0.3991111218929291,0.3991111218929291,0.016059890389442444,0.0,5.741161823272705
300,4,17,0.6117676496505737,0.6117676496505737,0.01332411915063858,0.0,5.5236406326293945
300,4,18,0.592810869216919,0.592810869216919,0.014225869439542294,0.0,6.004658222198486
300,4,19,0.48769062757492065,0.48769062757492065,0.01422729343175888,0.0,5.467926502227783
280,0,0,0.3716334104537964,0.3716334104537964,0.014371287077665329,0.0,6.360164642333984
280,0,1,0.04118197411298752,0.04118197411298752,0.014281793497502804,0.0,6.454522132873535
280,0,2,0.1674320101737976,0.1674320101737976,0.014103392139077187,0.0,6.187631607055664
280,0,3,0.27476176619529724,0.27476176619529724,0.014230029657483101,0.0,6.569100856781006
280,0,4,0.22995516657829285,0.22995516657829285,0.014229072257876396,0.0,5.972980499267578
280,0,5,0.24080775678157806,0.24080775678157806,0.014707439579069614,0.0,6.104111194610596
280,0,6,0.2653883397579193,0.2653883397579193,0.01450223010033369,0.0,6.101186752319336
280,0,7,0.15922951698303223,0.15922951698303223,0.014488116838037968,0.0,6.196083068847656
280,0,8,0.1790052354335785,0.1790052354335785,0.01358378678560257,0.0,5.884963035583496
280,0,9,0.10731956362724304,0.10731956362724304,0.014380604960024357,0.0,6.245690822601318
280,0,10,0.04638833925127983,0.04638833925127983,0.01434987224638462,0.0,5.162631511688232
280,0,11,0.23999305069446564,0.23999305069446564,0.014377599582076073,0.0,6.362569332122803
280,0,12,0.24815355241298676,0.24815355241298676,0.014089740812778473,0.0,6.356512069702148
280,0,13,0.38948890566825867,0.38948890566825867,0.01468961127102375,0.0,6.049581050872803
280,0,14,0.27725088596343994,0.27725088596343994,0.014092371799051762,0.0,6.045783996582031
280,0,15,0.037070706486701965,0.037070706486701965,0.013956963084638119,0.0,6.083871841430664
280,0,16,0.22277815639972687,0.22277815639972687,0.014825742691755295,0.0,6.0651726722717285
280,0,17,0.040568701922893524,0.040568701922893524,0.014265565201640129,0.0,6.038673400878906
280,0,18,0.35217997431755066,0.35217997431755066,0.01389800664037466,0.0,6.64741325378418
280,0,19,0.02091565541923046,0.02091565541923046,0.014089396223425865,0.0,5.813404083251953
280,1,0,-0.9420363903045654,-0.9420363903045654,0.01614273525774479,0.0,5.488312721252441
280,1,1,-1.1826914548873901,-1.1826914548873901,0.015432968735694885,0.0,5.216041088104248
280,1,2,-1.1659882068634033,-1.1659882068634033,0.01774616353213787,0.0,5.330540657043457
280,1,3,-1.16517972946167,-1.16517972946167,0.014897193759679794,0.0,5.441111087799072
280,1,4,-1.7259756326675415,-1.7259756326675415,0.014806412160396576,0.0,5.406622886657715
280,1,5,-1.005818247795105,-1.005818247795105,0.01529611088335514,0.0,5.334414482116699
280,1,6,-1.0305430889129639,-1.0305430889129639,0.016155686229467392,0.0,5.499878883361816
280,1,7,-1.2167425155639648,-1.2167425155639648,0.016528340056538582,0.0,5.72540807723999
280,1,8,-1.7365444898605347,-1.7365444898605347,0.015324604697525501,0.0,6.136129379272461
280,1,9,-1.1207261085510254,-1.1207261085510254,0.016591912135481834,0.0,5.456897258758545
280,1,10,-1.5497156381607056,-1.5497156381607056,0.015502197667956352,0.0,5.253471374511719
280,1,11,-1.8163788318634033,-1.8163788318634033,0.01627723127603531,0.0,5.50642204284668
280,1,12,-1.3272441625595093,-1.3272441625595093,0.015421598218381405,0.0,5.436911582946777
280,1,13,-1.4785467386245728,-1.4785467386245728,0.01594517007470131,0.0,5.621028900146484
280,1,14,-0.9644120931625366,-0.9644120931625366,0.0158444382250309,0.0,5.0366315841674805
280,1,15,-1.2637951374053955,-1.2637951374053955,0.01643359661102295,0.0,5.146594047546387
280,1,16,-1.088729739189148,-1.088729739189148,0.0160137377679348,0.0,5.428715705871582
280,1,17,-1.545259952545166,-1.545259952545166,0.017734413966536522,0.0,5.563103675842285
280,1,18,-1.1139812469482422,-1.1139812469482422,0.015914902091026306,0.0,5.530830383300781
280,1,19,-1.340878963470459,-1.340878963470459,0.015739068388938904,0.0,5.641086578369141
280,2,0,0.4893627166748047,0.4893627166748047,0.012812539003789425,0.0,5.988852024078369
280,2,1,0.7960907816886902,0.7960907816886902,0.012777027674019337,0.0,5.790493965148926
280,2,2,0.6340185403823853,0.6340185403823853,0.012986854650080204,0.0,6.071778297424316
280,2,3,0.48232555389404297,0.48232555389404297,0.012555835768580437,0.0,5.73293399810791
280,2,4,0.45696648955345154,0.45696648955345154,0.012587965466082096,0.0,5.568140983581543
280,2,5,0.7974921464920044,0.7974921464920044,0.012680180370807648,0.0,5.924027442932129
280,2,6,0.46857351064682007,0.46857351064682007,0.012523161247372627,0.0,5.5801520347595215
280,2,7,0.14781375229358673,0.14781375229358673,0.012624937109649181,0.0,5.601642608642578
280,2,8,0.444409042596817,0.444409042596817,0.012507726438343525,0.0,5.266541957855225
280,2,9,0.441532701253891,0.441532701253891,0.012647473253309727,0.0,5.69379997253418
280,2,10,0.6167792677879333,0.6167792677879333,0.012763501144945621,0.0,5.8759565353393555
280,2,11,0.6447479724884033,0.6447479724884033,0.0124292504042387,0.0,5.593005180358887
280,2,12,0.5959838628768921,0.5959838628768921,0.01300075463950634,0.0,5.841930389404297
280,2,13,0.5787377953529358,0.5787377953529358,0.013213953003287315,0.0,6.090468406677246
280,2,14,0.6360474228858948,0.6360474228858948,0.012820526026189327,0.0,5.811539649963379
280,2,15,0.8262894153594971,0.8262894153594971,0.012659214437007904,0.0,5.720060348510742
280,2,16,0.7225169539451599,0.7225169539451599,0.012705720961093903,0.0,5.181887149810791
280,2,17,0.6369976997375488,0.6369976997375488,0.012632274068892002,0.0,5.422780990600586
280,2,18,0.46750128269195557,0.46750128269195557,0.012814915738999844,0.0,5.844320297241211
280,2,19,0.5240147113800049,0.5240147113800049,0.012854727916419506,0.0,5.8872294425964355
280,3,0,-0.5400523543357849,-0.5400523543357849,0.014430400915443897,0.0,4.922469139099121
280,3,1,-0.5457170605659485,-0.5457170605659485,0.013933129608631134,0.0,4.860426425933838
280,3,2,-0.705699622631073,-0.705699622631073,0.01442753616720438,0.0,5.067806720733643
280,3,3,-0.5577564239501953,-0.5577564239501953,0.014319776557385921,0.0,5.414059162139893
280,3,4,-0.5837528705596924,-0.5837528705596924,0.01434230711311102,0.0,5.318554878234863
280,3,5,-0.42145830392837524,-0.42145830392837524,0.014271379448473454,0.0,5.171553611755371
280,3,6,-0.6901872158050537,-0.6901872158050537,0.015176684595644474,0.0,5.076083183288574
280,3,7,-0.7908304333686829,-0.7908304333686829,0.014342892915010452,0.0,4.846156120300293
280,3,8,-0.422249972820282,-0.422249972820282,0.014234082773327827,0.0,4.718046188354492
280,3,9,-0.4840722680091858,-0.4840722680091858,0.014241364784538746,0.0,5.397753715515137
280,3,10,-0.5546738505363464,-0.5546738505363464,0.01440537627786398,0.0,4.90877103805542
280,3,11,-0.6361936926841736,-0.6361936926841736,0.014705602079629898,0.0,4.809295654296875
280,3,12,-0.626279354095459,-0.626279354095459,0.01410833839327097,0.0,5.59022331237793
280,3,13,-0.5825893878936768,-0.5825893878936768,0.01410204079002142,0.0,5.39107608795166
280,3,14,-0.42705923318862915,-0.42705923318862915,0.01472710631787777,0.0,5.5213704109191895
280,3,15,-0.5057743191719055,-0.5057743191719055,0.013907117769122124,0.0,5.9288787841796875
280,3,16,-0.4896940290927887,-0.4896940290927887,0.01446449663490057,0.0,5.217249870300293
280,3,17,-0.6378644704818726,-0.6378644704818726,0.014849795028567314,0.0,4.913090229034424
280,3,18,-0.5164939761161804,-0.5164939761161804,0.013968649320304394,0.0,5.656067371368408
280,3,19,-0.6908536553382874,-0.6908536553382874,0.014211446046829224,0.0,4.86205530166626
280,4,0,0.43448272347450256,0.43448272347450256,0.015306642279028893,0.0,5.83736515045166
280,4,1,0.19468475878238678,0.19468475878238678,0.01518209557980299,0.0,5.785662651062012
280,4,2,0.13505980372428894,0.13505980372428894,0.014352644793689251,0.0,5.726193428039551
280,4,3,0.5744573473930359,0.5744573473930359,0.013953447341918945,0.0,5.568635940551758
280,4,4,0.38460594415664673,0.38460594415664673,0.01569378934800625,0.0,6.31923770904541
280,4,5,0.1396540254354477,0.1396540254354477,0.014858586713671684,0.0,5.232600688934326
280,4,6,0.3797110915184021,0.3797110915184021,0.015879588201642036,0.0,5.308338165283203
280,4,7,0.2911232113838196,0.2911232113838196,0.014479471370577812,0.0,5.48220157623291
280,4,8,0.23003681004047394,0.23003681004047394,0.013940050266683102,0.0,6.030316352844238
280,4,9,0.29389452934265137,0.29389452934265137,0.014356289058923721,0.0,5.492488384246826
280,4,10,0.38968804478645325,0.38968804478645325,0.01423514075577259,0.0,5.796725273132324
280,4,11,0.2126164585351944,0.2126164585351944,0.015065014362335205,0.0,6.117746829986572
280,4,12,0.30255597829818726,0.30255597829818726,0.014871770516037941,0.0,5.846460342407227
280,4,13,0.41227707266807556,0.41227707266807556,0.014944790862500668,0.0,5.684331893920898
280,4,14,0.45532262325286865,0.45532262325286865,0.013620272278785706,0.0,5.845612525939941
280,4,15,0.38990098237991333,0.38990098237991333,0.014102980494499207,0.0,5.010385990142822
280,4,16,0.26257428526878357,0.26257428526878357,0.014759410172700882,0.0,5.2432050704956055
280,4,17,0.28348851203918457,0.28348851203918457,0.014135338366031647,0.0,5.749093055725098
280,4,18,0.5702424645423889,0.5702424645423889,0.014165372587740421,0.0,6.165292739868164
280,4,19,0.11295136064291,0.11295136064291,0.015177962370216846,0.0,5.367270469665527
260,0,0,0.037180788815021515,0.037180788815021515,0.014223797246813774,0.0,6.080803394317627
260,0,1,0.15555424988269806,0.15555424988269806,0.014179590158164501,0.0,6.116658687591553
260,0,2,0.22866825759410858,0.22866825759410858,0.014122752472758293,0.0,6.205953598022461
260,0,3,0.05217733606696129,0.05217733606696129,0.014328960329294205,0.0,6.253539085388184
260,0,4,0.22360998392105103,0.22360998392105103,0.014271693304181099,0.0,6.0810136795043945
260,0,5,0.1917702853679657,0.1917702853679657,0.014321371912956238,0.0,6.509059429168701
260,0,6,0.30906498432159424,0.30906498432159424,0.014419076964259148,0.0,5.934716701507568
260,0,7,0.10415506362915039,0.10415506362915039,0.014040841720998287,0.0,5.944215297698975
260,0,8,0.25886619091033936,0.25886619091033936,0.01398071926087141,0.0,6.535892486572266
260,0,9,0.23122620582580566,0.23122620582580566,0.014308009296655655,0.0,6.399797439575195
260,0,10,0.2157629281282425,0.2157629281282425,0.014427511021494865,0.0,6.185510635375977
260,0,11,0.2860078811645508,0.2860078811645508,0.014008150435984135,0.0,6.425858020782471
260,0,12,0.14123529195785522,0.14123529195785522,0.014387141913175583,0.0,5.877652168273926
260,0,13,0.27402812242507935,0.27402812242507935,0.01438822504132986,0.0,6.165651321411133
260,0,14,0.16822449862957,0.16822449862957,0.014899053610861301,0.0,5.720137119293213
260,0,15,0.1633860468864441,0.1633860468864441,0.0143124433234334,0.0,6.4599528312683105
260,0,16,0.07194157689809799,0.07194157689809799,0.014689981937408447,0.0,6.205588340759277
260,0,17,0.06509420275688171,0.06509420275688171,0.014023576863110065,0.0,6.002021312713623
260,0,18,0.1968783289194107,0.1968783289194107,0.014155056327581406,0.0,5.863986015319824
260,0,19,-0.15743234753608704,-0.15743234753608704,0.013958677649497986,0.0,6.47166633605957
260,1,0,-1.176848292350769,-1.176848292350769,0.016075901687145233,0.0,5.311219692230225
260,1,1,-1.3391920328140259,-1.3391920328140259,0.016090180724859238,0.0,5.226332187652588
260,1,2,-1.7350350618362427,-1.7350350618362427,0.016305139288306236,0.0,5.046327590942383
260,1,3,-0.8737966418266296,-0.8737966418266296,0.016096290200948715,0.0,5.2632975578308105
260,1,4,-1.2421560287475586,-1.2421560287475586,0.017154207453131676,0.0,5.2974958419799805
260,1,5,-0.8551579713821411,-0.8551579713821411,0.015348034910857677,0.0,5.54580020904541
260,1,6,-1.3348075151443481,-1.3348075151443481,0.015514852479100227,0.0,5.288595199584961
260,1,7,-1.5719895362854004,-1.5719895362854004,0.016265958547592163,0.0,5.63142728805542
260,1,8,-0.9885334968566895,-0.9885334968566895,0.014846685342490673,0.0,5.963723182678223
260,1,9,-1.2898964881896973,-1.2898964881896973,0.016340594738721848,0.0,6.087360858917236
260,1,10,-1.4746485948562622,-1.4746485948562622,0.01747259870171547,0.0,5.236205101013184
260,1,11,-1.1080220937728882,-1.1080220937728882,0.014921678230166435,0.0,6.1126322746276855
260,1,12,-1.2043304443359375,-1.2043304443359375,0.015189604833722115,0.0,5.750570297241211
260,1,13,-1.1180843114852905,-1.1180843114852905,0.016686292365193367,0.0,5.006615161895752
260,1,14,-1.0796761512756348,-1.0796761512756348,0.015969451516866684,0.0,5.368897914886475
260,1,15,-0.8735674023628235,-0.8735674023628235,0.016467195004224777,0.0,5.377609729766846
260,1,16,-1.7850357294082642,-1.7850357294082642,0.018056070432066917,0.0,5.600529193878174
260,1,17,-1.7681220769882202,-1.7681220769882202,0.016358979046344757,0.0,5.621574878692627
260,1,18,-1.0570151805877686,-1.0570151805877686,0.016658086329698563,0.0,5.21903133392334
260,1,19,-1.2321327924728394,-1.2321327924728394,0.016726914793252945,0.0,5.608190536499023
260,2,0,0.39551156759262085,0.39551156759262085,0.01248473022133112,0.0,5.612307548522949
260,2,1,0.3781282305717468,0.3781282305717468,0.012475162744522095,0.0,5.665194511413574
260,2,2,0.5744153261184692,0.5744153261184692,0.012449354864656925,0.0,6.143956661224365
260,2,3,0.6258857250213623,0.6258857250213623,0.012604250572621822,0.0,6.175226211547852
260,2,4,0.7481045126914978,0.7481045126914978,0.012369299307465553,0.0,6.06000280380249
260,2,5,0.5465115308761597,0.5465115308761597,0.012782354839146137,0.0,5.8264970779418945
260,2,6,0.7467668652534485,0.7467668652534485,0.012596757151186466,0.0,5.681521415710449
260,2,7,0.682639479637146,0.682639479637146,0.012577402405440807,0.0,5.834456443786621
260,2,8,0.5415161848068237,0.5415161848068237,0.012442590668797493,0.0,6.061554431915283
260,2,9,0.4495319724082947,0.4495319724082947,0.012738529592752457,0.0,5.884799957275391
260,2,10,0.2829657196998596,0.2829657196998596,0.01235539186745882,0.0,5.87692403793335
260,2,11,0.2861604392528534,0.2861604392528534,0.012945704162120819,0.0,6.0086565017700195
260,2,12,0.758721113204956,0.758721113204956,0.013211982324719429,0.0,5.560311794281006
260,2,13,0.47381430864334106,0.47381430864334106,0.012817774899303913,0.0,5.562595844268799
260,2,14,0.5677600502967834,0.5677600502967834,0.012707684189081192,0.0,5.787001609802246
260,2,15,0.42227715253829956,0.42227715253829956,0.012703507207334042,0.0,6.028715133666992
260,2,16,0.7521365284919739,0.7521365284919739,0.01243634708225727,0.0,5.5953779220581055
260,2,17,0.5892893671989441,0.5892893671989441,0.012742079794406891,0.0,5.662380218505859
260,2,18,0.2584308981895447,0.2584308981895447,0.012618258595466614,0.0,5.587481498718262
260,2,19,0.47456634044647217,0.47456634044647217,0.012765388935804367,0.0,5.491547584533691
260,3,0,-0.6338581442832947,-0.6338581442832947,0.014405139721930027,0.0,5.242034435272217
260,3,1,-0.43751800060272217,-0.43751800060272217,0.01476368773728609,0.0,5.126626968383789
260,3,2,-0.6078999638557434,-0.6078999638557434,0.014438025653362274,0.0,5.4655609130859375
260,3,3,-0.4229501187801361,-0.4229501187801361,0.014269775710999966,0.0,4.700191497802734
260,3,4,-0.5849141478538513,-0.5849141478538513,0.01425540167838335,0.0,5.361494064331055
260,3,5,-0.5220745205879211,-0.5220745205879211,0.015178333036601543,0.0,5.492431163787842
260,3,6,-0.32931020855903625,-0.32931020855903625,0.014340548776090145,0.0,5.844484329223633
260,3,7,-0.5761594176292419,-0.5761594176292419,0.014139479026198387,0.0,5.134883403778076
260,3,8,-0.5649829506874084,-0.5649829506874084,0.014345807023346424,0.0,5.874683380126953
260,3,9,-0.5792754888534546,-0.5792754888534546,0.014523250050842762,0.0,5.346543312072754
260,3,10,-0.4669428765773773,-0.4669428765773773,0.0146758072078228,0.0,4.9028096199035645
260,3,11,-0.6136114597320557,-0.6136114597320557,0.013987437821924686,0.0,4.982748985290527
260,3,12,-0.5288665890693665,-0.5288665890693665,0.014286526478827,0.0,5.642552852630615
260,3,13,-0.6330850124359131,-0.6330850124359131,0.014201708137989044,0.0,5.116387367248535
260,3,14,-0.4088031053543091,-0.4088031053543091,0.015069982036948204,0.0,5.487168312072754
260,3,15,-0.45807698369026184,-0.45807698369026184,0.014518145471811295,0.0,5.41528844833374
260,3,16,-0.41387033462524414,-0.41387033462524414,0.014360769651830196,0.0,5.17641544342041
260,3,17,-0.4409492313861847,-0.4409492313861847,0.013809929601848125,0.0,4.962554931640625
260,3,18,-0.26892781257629395,-0.26892781257629395,0.014199466444551945,0.0,4.983095645904541
260,3,19,-0.6483042240142822,-0.6483042240142822,0.014776177704334259,0.0,5.568059921264648
260,4,0,0.31654083728790283,0.31654083728790283,0.014305729418992996,0.0,5.333889007568359
260,4,1,0.44579899311065674,0.44579899311065674,0.015810532495379448,0.0,5.440354347229004
260,4,2,0.18566595017910004,0.18566595017910004,0.01518244482576847,0.0,5.281782150268555
260,4,3,0.014728469774127007,0.014728469774127007,0.014796344563364983,0.0,6.047124862670898
260,4,4,0.3928191065788269,0.3928191065788269,0.0145353889092803,0.0,5.615035057067871
260,4,5,0.579139232635498,0.579139232635498,0.014867078512907028,0.0,5.444363594055176
260,4,6,0.19126741588115692,0.19126741588115692,0.014602722600102425,0.0,5.569911956787109
260,4,7,0.3887788653373718,0.3887788653373718,0.014714178629219532,0.0,5.691459655761719
260,4,8,0.3404281437397003,0.3404281437397003,0.014832574874162674,0.0,5.923867225646973
260,4,9,0.30938512086868286,0.30938512086868286,0.014235716313123703,0.0,5.887285232543945
260,4,10,0.07154744118452072,0.07154744118452072,0.013479361310601234,0.0,5.580043315887451
260,4,11,0.3666367530822754,0.3666367530822754,0.01351679116487503,0.0,5.31943941116333
260,4,12,0.35634008049964905,0.35634008049964905,0.013180257752537727,0.0,5.838554859161377
260,4,13,0.16211701929569244,0.16211701929569244,0.015779834240674973,0.0,5.828460693359375
260,4,14,0.21721085906028748,0.21721085906028748,0.016232123598456383,0.0,5.6818742752075195
260,4,15,0.45682471990585327,0.45682471990585327,0.013963889330625534,0.0,5.64582633972168
260,4,16,0.3050149083137512,0.3050149083137512,0.014609187841415405,0.0,5.765895843505859
260,4,17,0.49403804540634155,0.49403804540634155,0.014803131110966206,0.0,5.852386951446533
260,4,18,0.3719511330127716,0.3719511330127716,0.014391321688890457,0.0,5.6350812911987305
260,4,19,0.10349363088607788,0.10349363088607788,0.014231151901185513,0.0,5.488609313964844
240,0,0,0.1838294267654419,0.1838294267654419,0.014362684451043606,0.0,5.904797554016113
240,0,1,0.15077760815620422,0.15077760815620422,0.014308406040072441,0.0,6.091474533081055
240,0,2,0.32948681712150574,0.32948681712150574,0.01450472604483366,0.0,6.234612464904785
240,0,3,0.17913691699504852,0.17913691699504852,0.014680779539048672,0.0,6.395978927612305
240,0,4,-0.1297018676996231,-0.1297018676996231,0.014282791875302792,0.0,6.340447902679443
240,0,5,0.005687200929969549,0.005687200929969549,0.01507601048797369,0.0,6.540157318115234
240,0,6,0.19779935479164124,0.19779935479164124,0.014054200612008572,0.0,6.071585178375244
240,0,7,0.20287513732910156,0.20287513732910156,0.014871381223201752,0.0,6.354738235473633
240,0,8,0.1606946587562561,0.1606946587562561,0.014170315116643906,0.0,5.81633186340332
240,0,9,0.11661457270383835,0.11661457270383835,0.014363942667841911,0.0,5.87986421585083
240,0,10,0.4407086670398712,0.4407086670398712,0.014061709865927696,0.0,6.575034141540527
240,0,11,0.13570275902748108,0.13570275902748108,0.014338796958327293,0.0,6.229954242706299
240,0,12,0.1655697226524353,0.1655697226524353,0.014109494164586067,0.0,6.062405586242676
240,0,13,0.12438857555389404,0.12438857555389404,0.01412203535437584,0.0,6.113712310791016
240,0,14,0.30593341588974,0.30593341588974,0.014153537340462208,0.0,6.3281450271606445
240,0,15,0.07433732599020004,0.07433732599020004,0.01405163761228323,0.0,6.311850547790527
240,0,16,0.024292102083563805,0.024292102083563805,0.014449413865804672,0.0,6.123565673828125
240,0,17,0.09453074634075165,0.09453074634075165,0.014278093352913857,0.0,5.825994491577148
240,0,18,0.1867341846227646,0.1867341846227646,0.01436980813741684,0.0,6.217211723327637
240,0,19,0.345803827047348,0.345803827047348,0.013889186084270477,0.0,6.1964640617370605
240,1,0,-1.5209736824035645,-1.5209736824035645,0.017054108902812004,0.0,5.737591743469238
240,1,1,-1.2168163061141968,-1.2168163061141968,0.015247303992509842,0.0,5.16797399520874
240,1,2,-1.1049304008483887,-1.1049304008483887,0.015650419518351555,0.0,4.9765849113464355
240,1,3,-1.1387814283370972,-1.1387814283370972,0.015127835795283318,0.0,5.5012993812561035
240,1,4,-1.4914984703063965,-1.4914984703063965,0.016800133511424065,0.0,5.556318759918213
240,1,5,-0.9037061333656311,-0.9037061333656311,0.017029473558068275,0.0,5.004964351654053
240,1,6,-0.9862348437309265,-0.9862348437309265,0.016888054087758064,0.0,5.630764961242676
240,1,7,-1.5764617919921875,-1.5764617919921875,0.017239749431610107,0.0,5.586119651794434
240,1,8,-1.3594064712524414,-1.3594064712524414,0.015291067771613598,0.0,5.462299823760986
240,1,9,-1.2591840028762817,-1.2591840028762817,0.016259800642728806,0.0,5.194179058074951
240,1,10,-1.1252760887145996,-1.1252760887145996,0.01663200370967388,0.0,4.94950008392334
240,1,11,-1.353051781654358,-1.353051781654358,0.016149137169122696,0.0,5.333789348602295
240,1,12,-1.6147074699401855,-1.6147074699401855,0.015782685950398445,0.0,5.719578742980957
240,1,13,-1.410448431968689,-1.410448431968689,0.015788709744811058,0.0,5.5452752113342285
240,1,14,-1.2893778085708618,-1.2893778085708618,0.01564187742769718,0.0,5.719574928283691
240,1,15,-1.0873335599899292,-1.0873335599899292,0.01733313500881195,0.0,5.357033729553223
240,1,16,-1.3458226919174194,-1.3458226919174194,0.016125865280628204,0.0,5.410144805908203
240,1,17,-2.092186212539673,-2.092186212539673,0.016679847612977028,0.0,5.598987102508545
240,1,18,-1.8082939386367798,-1.8082939386367798,0.01602788455784321,0.0,5.074674129486084
240,1,19,-1.386630654335022,-1.386630654335022,0.015453632920980453,0.0,5.8963775634765625
240,2,0,0.3190707862377167,0.3190707862377167,0.012624449096620083,0.0,6.069530010223389
240,2,1,0.6244720220565796,0.6244720220565796,0.012576916255056858,0.0,5.652909278869629
240,2,2,0.3368171155452728,0.3368171155452728,0.012435070239007473,0.0,5.627816677093506
240,2,3,0.7083116769790649,0.7083116769790649,0.012711681425571442,0.0,5.914518356323242
240,2,4,0.5874495506286621,0.5874495506286621,0.012547755613923073,0.0,5.56350564956665
240,2,5,0.7032416462898254,0.7032416462898254,0.01238627452403307,0.0,6.170778751373291
240,2,6,0.4398036301136017,0.4398036301136017,0.012483838014304638,0.0,5.997095108032227
240,2,7,0.4353758692741394,0.4353758692741394,0.012504570186138153,0.0,5.709923267364502
240,2,8,0.5535816550254822,0.5535816550254822,0.012738361023366451,0.0,6.070492744445801
240,2,9,0.7962101101875305,0.7962101101875305,0.012583905830979347,0.0,6.052325248718262
240,2,10,0.6713862419128418,0.6713862419128418,0.01268860138952732,0.0,5.799331188201904
240,2,11,0.7252340316772461,0.7252340316772461,0.012588920071721077,0.0,5.869231224060059
240,2,12,0.5319356322288513,0.5319356322288513,0.012592986226081848,0.0,5.480536937713623
240,2,13,0.5720033049583435,0.5720033049583435,0.012886556796729565,0.0,5.7686004638671875
240,2,14,0.6050176024436951,0.6050176024436951,0.012725140899419785,0.0,5.763582706451416
240,2,15,0.5744009017944336,0.5744009017944336,0.01281845010817051,0.0,5.996466636657715
240,2,16,0.5895828008651733,0.5895828008651733,0.012474504299461842,0.0,5.523825645446777
240,2,17,0.6664190292358398,0.6664190292358398,0.012577496469020844,0.0,6.256381034851074
240,2,18,0.6008151769638062,0.6008151769638062,0.012608055025339127,0.0,5.828159332275391
240,2,19,0.5873180031776428,0.5873180031776428,0.012720156461000443,0.0,5.392828941345215
240,3,0,-0.5673714280128479,-0.5673714280128479,0.014382841065526009,0.0,5.392151832580566
240,3,1,-0.5111751556396484,-0.5111751556396484,0.014704697765409946,0.0,4.745955467224121
240,3,2,-0.3371244966983795,-0.3371244966983795,0.013750245794653893,0.0,5.349396705627441
240,3,3,-0.3778734505176544,-0.3778734505176544,0.014371050521731377,0.0,5.485160827636719
240,3,4,-0.5698760151863098,-0.5698760151863098,0.014103949069976807,0.0,4.891425609588623
240,3,5,-0.48629629611968994,-0.48629629611968994,0.014125912450253963,0.0,5.143121719360352
240,3,6,-0.7009989023208618,-0.7009989023208618,0.014552910812199116,0.0,5.536726951599121
240,3,7,-0.743094801902771,-0.743094801902771,0.01425898727029562,0.0,4.931753158569336
240,3,8,-0.6825482845306396,-0.6825482845306396,0.015171310864388943,0.0,5.277277946472168
240,3,9,-0.40403851866722107,-0.40403851866722107,0.014518417418003082,0.0,5.653675079345703
240,3,10,-0.5602834820747375,-0.5602834820747375,0.014252480119466782,0.0,4.708113670349121
240,3,11,-0.4749131500720978,-0.4749131500720978,0.01436461042612791,0.0,5.600971221923828
240,3,12,-0.5748224854469299,-0.5748224854469299,0.014230001717805862,0.0,5.180768966674805
240,3,13,-0.6283851265907288,-0.6283851265907288,0.014297038316726685,0.0,5.387045383453369
240,3,14,-0.341923326253891,-0.341923326253891,0.014524083584547043,0.0,5.136838912963867
240,3,15,-0.5350640416145325,-0.5350640416145325,0.014305750839412212,0.0,5.348572254180908
240,3,16,-0.6037889719009399,-0.6037889719009399,0.01437534112483263,0.0,5.6297287940979
240,3,17,-0.42822539806365967,-0.42822539806365967,0.014270996674895287,0.0,5.199611186981201
240,3,18,-0.5285139679908752,-0.5285139679908752,0.014259086921811104,0.0,5.419083595275879
240,3,19,-0.580162763595581,-0.580162763595581,0.014046975411474705,0.0,5.515275478363037
240,4,0,0.092885322868824,0.092885322868824,0.014865393750369549,0.0,5.265598297119141
240,4,1,0.1508275866508484,0.1508275866508484,0.014273365028202534,0.0,5.877159595489502
240,4,2,0.4929267466068268,0.4929267466068268,0.014362442307174206,0.0,5.757933616638184
240,4,3,0.2204192727804184,0.2204192727804184,0.015803148970007896,0.0,5.620696067810059
240,4,4,0.35558149218559265,0.35558149218559265,0.01556097250431776,0.0,5.663017272949219
240,4,5,0.5843923687934875,0.5843923687934875,0.01514379307627678,0.0,5.446027755737305
240,4,6,0.19943784177303314,0.19943784177303314,0.013682132586836815,0.0,5.413026809692383
240,4,7,0.21556808054447174,0.21556808054447174,0.013604572974145412,0.0,5.827682971954346
240,4,8,0.3334108889102936,0.3334108889102936,0.014513552188873291,0.0,5.603600025177002
240,4,9,0.8451959490776062,0.8451959490776062,0.014861044473946095,0.0,5.557398319244385
240,4,10,0.0990728810429573,0.0990728810429573,0.015337620861828327,0.0,5.545309543609619
240,4,11,0.26770782470703125,0.26770782470703125,0.015178396366536617,0.0,5.158052921295166
240,4,12,0.5506085753440857,0.5506085753440857,0.014651217497885227,0.0,6.112599849700928
240,4,13,0.30035316944122314,0.30035316944122314,0.016240274533629417,0.0,5.3334245681762695
240,4,14,0.66139155626297,0.66139155626297,0.015997817739844322,0.0,5.630250453948975
240,4,15,0.26278847455978394,0.26278847455978394,0.014949443750083447,0.0,5.9358625411987305
240,4,16,0.09732383489608765,0.09732383489608765,0.015625588595867157,0.0,6.005114555358887
240,4,17,0.3211672902107239,0.3211672902107239,0.014490418136119843,0.0,5.443680763244629
240,4,18,0.4656846523284912,0.4656846523284912,0.014373152516782284,0.0,5.898435115814209
240,4,19,0.2573177218437195,0.2573177218437195,0.013217665255069733,0.0,5.693477630615234
220,0,0,0.1752464771270752,0.1752464771270752,0.014552951790392399,0.0,6.3490142822265625
220,0,1,0.14206074178218842,0.14206074178218842,0.014609641395509243,0.0,6.393143653869629
220,0,2,0.25101232528686523,0.25101232528686523,0.014044802635908127,0.0,6.164026260375977
220,0,3,0.028903426602482796,0.028903426602482796,0.013968931511044502,0.0,6.483165740966797
220,0,4,0.05415050685405731,0.05415050685405731,0.014305622316896915,0.0,5.977424144744873
220,0,5,0.21911722421646118,0.21911722421646118,0.01503503043204546,0.0,6.244653701782227
220,0,6,0.3227342665195465,0.3227342665195465,0.014347303658723831,0.0,6.285742282867432
220,0,7,0.2109379768371582,0.2109379768371582,0.014297112822532654,0.0,6.173379898071289
220,0,8,0.3087104558944702,0.3087104558944702,0.014033200219273567,0.0,5.941642761230469
220,0,9,0.10011623054742813,0.10011623054742813,0.01435153279453516,0.0,6.615487098693848
220,0,10,0.1739601194858551,0.1739601194858551,0.014315799809992313,0.0,6.266427040100098
220,0,11,0.055278584361076355,0.055278584361076355,0.014397816732525826,0.0,6.5052595138549805
220,0,12,0.11727023869752884,0.11727023869752884,0.014213690534234047,0.0,6.064826011657715
220,0,13,0.2833877205848694,0.2833877205848694,0.014086918905377388,0.0,6.6228179931640625
220,0,14,0.1426515430212021,0.1426515430212021,0.014659833163022995,0.0,6.509028434753418
220,0,15,0.17552916705608368,0.17552916705608368,0.014105369336903095,0.0,5.804373741149902
220,0,16,0.27888816595077515,0.27888816595077515,0.014735037460923195,0.0,6.30979061126709
220,0,17,0.23884110152721405,0.23884110152721405,0.01433616690337658,0.0,6.158327102661133
220,0,18,0.17692962288856506,0.17692962288856506,0.014493387192487717,0.0,6.1894612312316895
220,0,19,0.3283940851688385,0.3283940851688385,0.014104229398071766,0.0,6.353732585906982
220,1,0,-1.7439892292022705,-1.7439892292022705,0.015409337356686592,0.0,5.383971691131592
220,1,1,-1.2113860845565796,-1.2113860845565796,0.0163376834243536,0.0,5.4577531814575195
220,1,2,-1.4317306280136108,-1.4317306280136108,0.017146049067378044,0.0,5.529912948608398
220,1,3,-1.2063486576080322,-1.2063486576080322,0.01740814745426178,0.0,5.137117385864258
220,1,4,-0.9354910254478455,-0.9354910254478455,0.01581602916121483,0.0,6.071116924285889
220,1,5,-1.056289553642273,-1.056289553642273,0.0160684697329998,0.0,5.171818733215332
220,1,6,-1.2394812107086182,-1.2394812107086182,0.015607865527272224,0.0,5.147085189819336
220,1,7,-1.5550899505615234,-1.5550899505615234,0.016575058922171593,0.0,5.011936187744141
220,1,8,-1.3243554830551147,-1.3243554830551147,0.015578827820718288,0.0,5.887981414794922
220,1,9,-0.827850878238678,-0.827850878238678,0.01716660149395466,0.0,4.9054036140441895
220,1,10,-1.7119734287261963,-1.7119734287261963,0.01580481417477131,0.0,5.110119342803955
220,1,11,-1.0737701654434204,-1.0737701654434204,0.015518983826041222,0.0,5.42704963684082
220,1,12,-1.3673254251480103,-1.3673254251480103,0.014384235255420208,0.0,5.9156599044799805
220,1,13,-1.5662105083465576,-1.5662105083465576,0.015105891972780228,0.0,5.454395294189453
220,1,14,-1.5029776096343994,-1.5029776096343994,0.016089629381895065,0.0,5.349748611450195
220,1,15,-1.2726372480392456,-1.2726372480392456,0.01618599146604538,0.0,5.518314838409424
220,1,16,-1.5293315649032593,-1.5293315649032593,0.01513128262013197,0.0,5.887105464935303
220,1,17,-1.5071964263916016,-1.5071964263916016,0.016255289316177368,0.0,5.263594627380371
220,1,18,-1.005700945854187,-1.005700945854187,0.016667760908603668,0.0,5.5207977294921875
220,1,19,-1.256989598274231,-1.256989598274231,0.016205988824367523,0.0,4.986641883850098
220,2,0,0.5453905463218689,0.5453905463218689,0.012664436362683773,0.0,5.4828338623046875
220,2,1,0.468879759311676,0.468879759311676,0.01296557579189539,0.0,5.644268989562988
220,2,2,0.4027312099933624,0.4027312099933624,0.012656938284635544,0.0,5.489800453186035
220,2,3,0.5786128044128418,0.5786128044128418,0.012607596814632416,0.0,5.602316856384277
220,2,4,0.5495485663414001,0.5495485663414001,0.012454246170818806,0.0,6.226282119750977
220,2,5,0.7007690072059631,0.7007690072059631,0.012734482996165752,0.0,5.77968168258667
220,2,6,0.47452688217163086,0.47452688217163086,0.012949013151228428,0.0,5.146728992462158
220,2,7,0.4576246440410614,0.4576246440410614,0.012698376551270485,0.0,5.613326072692871
220,2,8,0.4602048397064209,0.4602048397064209,0.012539629824459553,0.0,5.090386390686035
220,2,9,0.4870060682296753,0.4870060682296753,0.013143820688128471,0.0,6.079046726226807
220,2,10,0.6060406565666199,0.6060406565666199,0.012817871756851673,0.0,5.570279598236084
220,2,11,0.537706196308136,0.537706196308136,0.012391537427902222,0.0,6.017146587371826
220,2,12,0.5992611050605774,0.5992611050605774,0.012427963316440582,0.0,6.070034980773926
220,2,13,0.5950098633766174,0.5950098633766174,0.012734835967421532,0.0,5.874552249908447
220,2,14,0.4101403057575226,0.4101403057575226,0.012695593759417534,0.0,5.447247505187988
220,2,15,0.731109619140625,0.731109619140625,0.012645621784031391,0.0,6.215088844299316
220,2,16,0.4593214690685272,0.4593214690685272,0.012677136808633804,0.0,5.8979058265686035
220,2,17,0.7519094944000244,0.7519094944000244,0.012800878845155239,0.0,6.152734756469727
220,2,18,0.5704191327095032,0.5704191327095032,0.012414814904332161,0.0,6.169200897216797
220,2,19,0.39402297139167786,0.39402297139167786,0.012910868041217327,0.0,5.956778049468994
220,3,0,-0.5083680748939514,-0.5083680748939514,0.01399064902216196,0.0,4.827139377593994
220,3,1,-0.6060613989830017,-0.6060613989830017,0.014332124963402748,0.0,5.373983383178711
220,3,2,-0.5742180347442627,-0.5742180347442627,0.014113129116594791,0.0,5.367482662200928
220,3,3,-0.5817105174064636,-0.5817105174064636,0.014789546839892864,0.0,5.354259490966797
220,3,4,-0.542167603969574,-0.542167603969574,0.014044306240975857,0.0,4.664166450500488
220,3,5,-0.5059216022491455,-0.5059216022491455,0.0143285496160388,0.0,5.581913948059082
220,3,6,-0.5164598226547241,-0.5164598226547241,0.014068201184272766,0.0,5.038043022155762
220,3,7,-0.4863274395465851,-0.4863274395465851,0.013983296230435371,0.0,5.436825752258301
220,3,8,-0.7040348052978516,-0.7040348052978516,0.014187564142048359,0.0,5.21834659576416
220,3,9,-0.459309846162796,-0.459309846162796,0.014426548033952713,0.0,5.078316688537598
220,3,10,-0.4542466402053833,-0.4542466402053833,0.01420688908547163,0.0,4.891204833984375
220,3,11,-0.5872038006782532,-0.5872038006782532,0.014112160541117191,0.0,5.2209601402282715
220,3,12,-0.6770762801170349,-0.6770762801170349,0.013858708553016186,0.0,4.596344470977783
220,3,13,-0.5698418617248535,-0.5698418617248535,0.0142220389097929,0.0,5.1927690505981445
220,3,14,-0.45023825764656067,-0.45023825764656067,0.01427325140684843,0.0,5.001734256744385
220,3,15,-0.5671623349189758,-0.5671623349189758,0.014385167509317398,0.0,5.618426322937012
220,3,16,-0.7854374051094055,-0.7854374051094055,0.014809918589890003,0.0,5.35350227355957
220,3,17,-0.6015520095825195,-0.6015520095825195,0.01431113202124834,0.0,5.168891906738281
220,3,18,-0.4243648648262024,-0.4243648648262024,0.014532267116010189,0.0,5.711417198181152
220,3,19,-0.7375506162643433,-0.7375506162643433,0.014357934705913067,0.0,5.765371322631836
220,4,0,0.25705426931381226,0.25705426931381226,0.014603327959775925,0.0,5.703039169311523
220,4,1,0.42312633991241455,0.42312633991241455,0.01715756580233574,0.0,6.222387313842773
220,4,2,0.3627249598503113,0.3627249598503113,0.013749497011303902,0.0,5.706159591674805
220,4,3,0.4096386432647705,0.4096386432647705,0.014447066001594067,0.0,5.627774715423584
220,4,4,0.42875316739082336,0.42875316739082336,0.013757775537669659,0.0,5.637835502624512
220,4,5,0.21632163226604462,0.21632163226604462,0.013820868916809559,0.0,5.602664470672607
220,4,6,0.1805540770292282,0.1805540770292282,0.014308440499007702,0.0,5.624614238739014
220,4,7,0.34605008363723755,0.34605008363723755,0.014132979325950146,0.0,5.241417407989502
220,4,8,0.29917168617248535,0.29917168617248535,0.01415683701634407,0.0,5.658407688140869
220,4,9,0.28755444288253784,0.28755444288253784,0.014041509479284286,0.0,5.691725254058838
220,4,10,0.20375189185142517,0.20375189185142517,0.015174398198723793,0.0,5.672781467437744
220,4,11,0.26539960503578186,0.26539960503578186,0.014672172255814075,0.0,5.601748466491699
220,4,12,0.2911268472671509,0.2911268472671509,0.014741157181560993,0.0,5.164287090301514
220,4,13,0.4281136393547058,0.4281136393547058,0.014733445830643177,0.0,6.061460494995117
220,4,14,0.10070256143808365,0.10070256143808365,0.014651864767074585,0.0,5.484986305236816
220,4,15,0.4461444020271301,0.4461444020271301,0.015185882337391376,0.0,6.0791916847229
220,4,16,0.5924975275993347,0.5924975275993347,0.014423158951103687,0.0,5.540473937988281
220,4,17,0.4728701710700989,0.4728701710700989,0.015369182452559471,0.0,5.824532508850098
220,4,18,0.5385278463363647,0.5385278463363647,0.014532887376844883,0.0,5.779512882232666
220,4,19,0.51727294921875,0.51727294921875,0.014299203641712666,0.0,5.679664611816406
200,0,0,0.05046827346086502,0.05046827346086502,0.014406046830117702,0.0,6.157395362854004
200,0,1,0.0672280415892601,0.0672280415892601,0.014176883734762669,0.0,6.452503204345703
200,0,2,-0.10256253927946091,-0.10256253927946091,0.014323921874165535,0.0,6.205622673034668
200,0,3,0.08616314083337784,0.08616314083337784,0.015288003720343113,0.0,5.999217987060547
200,0,4,0.30496054887771606,0.30496054887771606,0.013769011944532394,0.0,6.124340057373047
200,0,5,0.0740356519818306,0.0740356519818306,0.01425640657544136,0.0,6.287189483642578
200,0,6,0.1661326140165329,0.1661326140165329,0.014157196506857872,0.0,6.119312286376953
200,0,7,0.08837759494781494,0.08837759494781494,0.014198306947946548,0.0,6.227044582366943
200,0,8,0.1536419540643692,0.1536419540643692,0.014006760902702808,0.0,6.2674055099487305
200,0,9,0.18541313707828522,0.18541313707828522,0.01402240339666605,0.0,6.111960411071777
200,0,10,0.28382325172424316,0.28382325172424316,0.013933331705629826,0.0,6.13178825378418
200,0,11,0.17648197710514069,0.17648197710514069,0.014390956610441208,0.0,6.289411544799805
200,0,12,-0.025712640956044197,-0.025712640956044197,0.014481962658464909,0.0,6.493610382080078
200,0,13,0.38163766264915466,0.38163766264915466,0.014779719524085522,0.0,6.113190174102783
200,0,14,0.23514941334724426,0.23514941334724426,0.014054068364202976,0.0,6.280317783355713
200,0,15,0.37494876980781555,0.37494876980781555,0.0144945178180933,0.0,6.062095642089844
200,0,16,0.25332412123680115,0.25332412123680115,0.014636065810918808,0.0,6.142818450927734
200,0,17,0.09328196942806244,0.09328196942806244,0.014570332132279873,0.0,6.569797515869141
200,0,18,0.2027195394039154,0.2027195394039154,0.014433315955102444,0.0,6.053271293640137
200,0,19,0.09354075789451599,0.09354075789451599,0.01422956120222807,0.0,6.203273773193359
200,1,0,-1.5244590044021606,-1.5244590044021606,0.015796631574630737,0.0,5.4304585456848145
200,1,1,-1.3332412242889404,-1.3332412242889404,0.016345709562301636,0.0,5.257659912109375
200,1,2,-1.6120917797088623,-1.6120917797088623,0.016060855239629745,0.0,4.773592948913574
200,1,3,-1.2281559705734253,-1.2281559705734253,0.0158667154610157,0.0,5.48077392578125
200,1,4,-1.3193516731262207,-1.3193516731262207,0.01668877899646759,0.0,5.060944080352783
200,1,5,-1.284245491027832,-1.284245491027832,0.016201995313167572,0.0,5.081709861755371
200,1,6,-1.279348611831665,-1.279348611831665,0.015674665570259094,0.0,5.361661434173584
200,1,7,-1.3566499948501587,-1.3566499948501587,0.014885442331433296,0.0,5.32370662689209
200,1,8,-1.1756435632705688,-1.1756435632705688,0.01598745957016945,0.0,5.206234455108643
200,1,9,-1.4225765466690063,-1.4225765466690063,0.01666366308927536,0.0,5.4027910232543945
200,1,10,-1.516047477722168,-1.516047477722168,0.015359742566943169,0.0,5.65456485748291
200,1,11,-1.144438624382019,-1.144438624382019,0.016880929470062256,0.0,5.4887776374816895
200,1,12,-0.9817564487457275,-0.9817564487457275,0.015212004072964191,0.0,5.430374622344971
200,1,13,-1.1823585033416748,-1.1823585033416748,0.016375821083784103,0.0,5.490765571594238
200,1,14,-1.1793209314346313,-1.1793209314346313,0.015874966979026794,0.0,5.497045040130615
200,1,15,-1.4368205070495605,-1.4368205070495605,0.014976010657846928,0.0,5.710642337799072
200,1,16,-1.27126145362854,-1.27126145362854,0.01650719903409481,0.0,5.010762691497803
200,1,17,-1.3123711347579956,-1.3123711347579956,0.016621369868516922,0.0,5.305956840515137
200,1,18,-1.1682296991348267,-1.1682296991348267,0.015215705148875713,0.0,5.018465995788574
200,1,19,-1.417256474494934,-1.417256474494934,0.014936333522200584,0.0,5.60758113861084
200,2,0,0.37415438890457153,0.37415438890457153,0.012588243931531906,0.0,5.673699855804443
200,2,1,0.7428943514823914,0.7428943514823914,0.012365903705358505,0.0,5.77229118347168
200,2,2,0.38317862153053284,0.38317862153053284,0.012619053944945335,0.0,5.832727432250977
200,2,3,0.8714324831962585,0.8714324831962585,0.012404469773173332,0.0,6.018550872802734
200,2,4,0.6313748359680176,0.6313748359680176,0.01240962278097868,0.0,5.661856651306152
200,2,5,0.5258359909057617,0.5258359909057617,0.012819403782486916,0.0,5.516826629638672
200,2,6,0.6294554471969604,0.6294554471969604,0.012616320513188839,0.0,5.582905292510986
200,2,7,0.3183986246585846,0.3183986246585846,0.01263479609042406,0.0,5.912849426269531
200,2,8,0.6012062430381775,0.6012062430381775,0.012717618606984615,0.0,5.407198429107666
200,2,9,0.4792613983154297,0.4792613983154297,0.0125581044703722,0.0,5.494751930236816
200,2,10,0.4571440815925598,0.4571440815925598,0.012485012412071228,0.0,5.979404449462891
200,2,11,0.5559558272361755,0.5559558272361755,0.012444688938558102,0.0,5.87516450881958
200,2,12,0.43683141469955444,0.43683141469955444,0.012298556044697762,0.0,5.762730121612549
200,2,13,0.45364490151405334,0.45364490151405334,0.01259897742420435,0.0,5.826674938201904
200,2,14,0.6030861735343933,0.6030861735343933,0.01254262775182724,0.0,5.751412391662598
200,2,15,0.6361445188522339,0.6361445188522339,0.012725355103611946,0.0,5.664820671081543
200,2,16,0.2489420622587204,0.2489420622587204,0.012647497467696667,0.0,5.691139221191406
200,2,17,0.6258168816566467,0.6258168816566467,0.012723075225949287,0.0,5.780637264251709
200,2,18,0.6239507794380188,0.6239507794380188,0.012573706917464733,0.0,6.112534999847412
200,2,19,0.31179550290107727,0.31179550290107727,0.012725044041872025,0.0,5.649107933044434
200,3,0,-0.5898380875587463,-0.5898380875587463,0.014562295749783516,0.0,4.817370414733887
200,3,1,-0.5798643827438354,-0.5798643827438354,0.014165046624839306,0.0,5.4326491355896
200,3,2,-0.24188944697380066,-0.24188944697380066,0.01404932513833046,0.0,5.126306533813477
200,3,3,-0.6287514567375183,-0.6287514567375183,0.01394737884402275,0.0,5.357052803039551
200,3,4,-0.5727917551994324,-0.5727917551994324,0.01432799082249403,0.0,5.26198148727417
200,3,5,-0.5471561551094055,-0.5471561551094055,0.014180122874677181,0.0,5.163902282714844
200,3,6,-0.3867653012275696,-0.3867653012275696,0.014370855875313282,0.0,5.785987854003906
200,3,7,-0.6109011769294739,-0.6109011769294739,0.014277813024818897,0.0,5.254784107208252
200,3,8,-0.5930326581001282,-0.5930326581001282,0.014200787991285324,0.0,4.746602535247803
200,3,9,-0.5521581172943115,-0.5521581172943115,0.013891486451029778,0.0,5.1902618408203125
200,3,10,-0.3335098922252655,-0.3335098922252655,0.014272881671786308,0.0,5.413891792297363
200,3,11,-0.6523690819740295,-0.6523690819740295,0.014062700793147087,0.0,5.682040214538574
200,3,12,-0.4388459324836731,-0.4388459324836731,0.01458762213587761,0.0,5.128842830657959
200,3,13,-0.5009664297103882,-0.5009664297103882,0.014164574444293976,0.0,5.208486557006836
200,3,14,-0.6060581207275391,-0.6060581207275391,0.013965373858809471,0.0,5.370035171508789
200,3,15,-0.5076339840888977,-0.5076339840888977,0.01387216430157423,0.0,5.995081424713135
200,3,16,-0.6688379049301147,-0.6688379049301147,0.014369099400937557,0.0,5.428448677062988
200,3,17,-0.3789474070072174,-0.3789474070072174,0.014227326959371567,0.0,5.406079292297363
200,3,18,-0.6365121603012085,-0.6365121603012085,0.014255206100642681,0.0,5.410429000854492
200,3,19,-0.40938708186149597,-0.40938708186149597,0.01417333073914051,0.0,4.879575729370117
200,4,0,0.3211454749107361,0.3211454749107361,0.014923163689672947,0.0,5.430812835693359
200,4,1,0.47622358798980713,0.47622358798980713,0.014158063568174839,0.0,5.783443450927734
200,4,2,0.4192366898059845,0.4192366898059845,0.014334307052195072,0.0,5.651630401611328
200,4,3,0.4328688681125641,0.4328688681125641,0.014180161990225315,0.0,5.153265953063965
200,4,4,0.2838311195373535,0.2838311195373535,0.015323454514145851,0.0,5.278656005859375
200,4,5,0.3128514885902405,0.3128514885902405,0.014991057105362415,0.0,5.545199394226074
200,4,6,0.1793687492609024,0.1793687492609024,0.014117634855210781,0.0,5.926616191864014
200,4,7,0.16834920644760132,0.16834920644760132,0.014068429358303547,0.0,5.927996635437012
200,4,8,0.4758933186531067,0.4758933186531067,0.01408188696950674,0.0,5.647907733917236
200,4,9,0.4302074909210205,0.4302074909210205,0.01568286493420601,0.0,5.4745378494262695
200,4,10,0.46995845437049866,0.46995845437049866,0.014747378416359425,0.0,5.493673801422119
200,4,11,0.4676143229007721,0.4676143229007721,0.01502199936658144,0.0,5.8082122802734375
200,4,12,0.3587239384651184,0.3587239384651184,0.014078311622142792,0.0,5.717709541320801
200,4,13,0.3514147996902466,0.3514147996902466,0.014184430241584778,0.0,5.4482831954956055
200,4,14,0.3173291087150574,0.3173291087150574,0.015323160216212273,0.0,6.210807800292969
200,4,15,0.48214951157569885,0.48214951157569885,0.014933977276086807,0.0,5.485816955566406
200,4,16,0.34499773383140564,0.34499773383140564,0.015141361393034458,0.0,5.780128002166748
200,4,17,0.31710195541381836,0.31710195541381836,0.013780231587588787,0.0,5.565738677978516
200,4,18,0.38035839796066284,0.38035839796066284,0.015098048374056816,0.0,5.453939437866211
200,4,19,0.43595603108406067,0.43595603108406067,0.013752107508480549,0.0,5.670836448669434
180,0,0,0.24544961750507355,0.24544961750507355,0.014362402260303497,0.0,5.963016510009766
180,0,1,0.02079814299941063,0.02079814299941063,0.014267790131270885,0.0,6.3273539543151855
180,0,2,0.13918620347976685,0.13918620347976685,0.01483643613755703,0.0,5.94010066986084
180,0,3,0.17952746152877808,0.17952746152877808,0.01477608922868967,0.0,6.259368419647217
180,0,4,-0.10099048912525177,-0.10099048912525177,0.014809085056185722,0.0,5.904692649841309
180,0,5,0.2575458586215973,0.2575458586215973,0.014541598036885262,0.0,6.230515003204346
180,0,6,0.011326093226671219,0.011326093226671219,0.014069884084165096,0.0,5.9756574630737305
180,0,7,0.29793527722358704,0.29793527722358704,0.014820575714111328,0.0,6.388864517211914
180,0,8,0.08132980018854141,0.08132980018854141,0.014653859660029411,0.0,6.570533275604248
180,0,9,0.1591787487268448,0.1591787487268448,0.014575493521988392,0.0,5.876569747924805
180,0,10,0.08101838082075119,0.08101838082075119,0.014032824896275997,0.0,6.4655914306640625
180,0,11,0.09283958375453949,0.09283958375453949,0.014463245868682861,0.0,6.495021343231201
180,0,12,0.18870335817337036,0.18870335817337036,0.014432773925364017,0.0,6.213988780975342
180,0,13,0.03754245489835739,0.03754245489835739,0.014901959337294102,0.0,6.401742935180664
180,0,14,0.07064160704612732,0.07064160704612732,0.01470360066741705,0.0,6.396355152130127
180,0,15,0.2554629445075989,0.2554629445075989,0.014835264533758163,0.0,6.325835704803467
180,0,16,0.1678151786327362,0.1678151786327362,0.014554758556187153,0.0,6.3232316970825195
180,0,17,0.2302864044904709,0.2302864044904709,0.014541234821081161,0.0,6.531339168548584
180,0,18,0.10207471996545792,0.10207471996545792,0.014299102127552032,0.0,6.339141845703125
180,0,19,0.2239704430103302,0.2239704430103302,0.013979575596749783,0.0,6.136537551879883
180,1,0,-1.1489665508270264,-1.1489665508270264,0.016271203756332397,0.0,5.188995361328125
180,1,1,-1.16614830493927,-1.16614830493927,0.015442853793501854,0.0,5.072628974914551
180,1,2,-1.5228873491287231,-1.5228873491287231,0.015879958868026733,0.0,5.129696846008301
180,1,3,-1.5385631322860718,-1.5385631322860718,0.016294389963150024,0.0,5.028417587280273
180,1,4,-1.8326140642166138,-1.8326140642166138,0.01692114770412445,0.0,5.347929000854492
180,1,5,-1.2238597869873047,-1.2238597869873047,0.015643121674656868,0.0,5.498966217041016
180,1,6,-1.8300772905349731,-1.8300772905349731,0.015579823404550552,0.0,5.238197326660156
180,1,7,-1.3048017024993896,-1.3048017024993896,0.01592755690217018,0.0,5.3066606521606445
180,1,8,-1.4245753288269043,-1.4245753288269043,0.016673479229211807,0.0,5.829636096954346
180,1,9,-1.470109462738037,-1.470109462738037,0.016821397468447685,0.0,5.28558349609375
180,1,10,-1.2557780742645264,-1.2557780742645264,0.01676912046968937,0.0,5.510350227355957
180,1,11,-1.1467612981796265,-1.1467612981796265,0.016851628199219704,0.0,5.4172468185424805
180,1,12,-1.354543685913086,-1.354543685913086,0.017267238348722458,0.0,5.621514320373535
180,1,13,-1.4697679281234741,-1.4697679281234741,0.016585905104875565,0.0,5.583381652832031
180,1,14,-1.3388497829437256,-1.3388497829437256,0.01591271534562111,0.0,5.745419025421143
180,1,15,-1.2201242446899414,-1.2201242446899414,0.01500464603304863,0.0,5.541966438293457
180,1,16,-1.2953909635543823,-1.2953909635543823,0.017667753621935844,0.0,5.489522933959961
180,1,17,-1.0378917455673218,-1.0378917455673218,0.016183797270059586,0.0,5.364969253540039
180,1,18,-1.5960890054702759,-1.5960890054702759,0.01626487262547016,0.0,5.030913352966309
180,1,19,-1.2609726190567017,-1.2609726190567017,0.016138868406414986,0.0,5.447571277618408
180,2,0,0.7173452377319336,0.7173452377319336,0.012574938125908375,0.0,6.116305351257324
180,2,1,0.49231261014938354,0.49231261014938354,0.0126319769769907,0.0,5.767573356628418
180,2,2,0.5156496167182922,0.5156496167182922,0.012878451496362686,0.0,5.424502372741699
180,2,3,0.719419002532959,0.719419002532959,0.012487354688346386,0.0,6.008359909057617
180,2,4,0.6041606664657593,0.6041606664657593,0.012649492360651493,0.0,6.2005414962768555
180,2,5,0.6757369637489319,0.6757369637489319,0.012614195235073566,0.0,5.890100479125977
180,2,6,0.5498614311218262,0.5498614311218262,0.012621228583157063,0.0,5.650094985961914
180,2,7,0.3760967552661896,0.3760967552661896,0.01263389177620411,0.0,6.030394554138184
180,2,8,0.44341766834259033,0.44341766834259033,0.012613457627594471,0.0,5.9951934814453125
180,2,9,0.5815168619155884,0.5815168619155884,0.01273362711071968,0.0,5.809051513671875
180,2,10,0.4403628408908844,0.4403628408908844,0.012657176703214645,0.0,6.110867977142334
180,2,11,0.563714861869812,0.563714861869812,0.012535497546195984,0.0,5.894501209259033
180,2,12,0.7597600817680359,0.7597600817680359,0.012680312618613243,0.0,6.01753568649292
180,2,13,0.5104994177818298,0.5104994177818298,0.012575957924127579,0.0,5.849034309387207
180,2,14,0.6177985668182373,0.6177985668182373,0.012629645876586437,0.0,5.830782413482666
180,2,15,0.5055384635925293,0.5055384635925293,0.012683404609560966,0.0,5.998173713684082
180,2,16,0.5076102614402771,0.5076102614402771,0.012848667800426483,0.0,5.745494842529297
180,2,17,0.1932009905576706,0.1932009905576706,0.012459238059818745,0.0,5.291194438934326
180,2,18,0.42910853028297424,0.42910853028297424,0.012499694712460041,0.0,6.108902931213379
180,2,19,0.6176129579544067,0.6176129579544067,0.012672161683440208,0.0,5.541032791137695
180,3,0,-0.680679976940155,-0.680679976940155,0.013853912241756916,0.0,5.027262210845947
180,3,1,-0.6048721075057983,-0.6048721075057983,0.01413767971098423,0.0,5.587204933166504
180,3,2,-0.6628605723381042,-0.6628605723381042,0.013728193938732147,0.0,5.467015266418457
180,3,3,-0.6706316471099854,-0.6706316471099854,0.014042656868696213,0.0,5.023792266845703
180,3,4,-0.7063008546829224,-0.7063008546829224,0.014130881987512112,0.0,5.374227523803711
180,3,5,-0.6468983888626099,-0.6468983888626099,0.01401829719543457,0.0,5.706980228424072
180,3,6,-0.5569517612457275,-0.5569517612457275,0.013787440024316311,0.0,5.430757999420166
180,3,7,-0.4892798662185669,-0.4892798662185669,0.014474478550255299,0.0,5.0428242683410645
180,3,8,-0.5313906669616699,-0.5313906669616699,0.013870683498680592,0.0,5.493076801300049
180,3,9,-0.6032682657241821,-0.6032682657241821,0.013922743499279022,0.0,5.180861949920654
180,3,10,-0.6435176730155945,-0.6435176730155945,0.014307760633528233,0.0,5.155618667602539
180,3,11,-0.6537667512893677,-0.6537667512893677,0.014369837939739227,0.0,5.2092461585998535
180,3,12,-0.5166581869125366,-0.5166581869125366,0.014140603132545948,0.0,5.12933874130249
180,3,13,-0.6930187940597534,-0.6930187940597534,0.01429103221744299,0.0,4.780614376068115
180,3,14,-0.7260757684707642,-0.7260757684707642,0.014650832861661911,0.0,5.697968006134033
180,3,15,-0.5903464555740356,-0.5903464555740356,0.014360527507960796,0.0,5.252984046936035
180,3,16,-0.5804446935653687,-0.5804446935653687,0.014588841237127781,0.0,5.550326824188232
180,3,17,-0.6189375519752502,-0.6189375519752502,0.013990635052323341,0.0,5.468086242675781
180,3,18,-0.5994065999984741,-0.5994065999984741,0.0143659058958292,0.0,5.275693893432617
180,3,19,-0.5799980759620667,-0.5799980759620667,0.014109652489423752,0.0,5.233403205871582
180,4,0,0.4661390781402588,0.4661390781402588,0.01382980216294527,0.0,5.523495674133301
180,4,1,0.24098679423332214,0.24098679423332214,0.013875206001102924,0.0,5.732065200805664
180,4,2,0.5306166410446167,0.5306166410446167,0.01399662159383297,0.0,5.801552772521973
180,4,3,0.1904478222131729,0.1904478222131729,0.014410854317247868,0.0,5.775129318237305
180,4,4,0.17410415410995483,0.17410415410995483,0.013317189179360867,0.0,5.906682014465332
180,4,5,0.2434403896331787,0.2434403896331787,0.014372199773788452,0.0,5.310853004455566
180,4,6,0.32693153619766235,0.32693153619766235,0.013843349181115627,0.0,5.6307268142700195
180,4,7,0.02959885075688362,0.02959885075688362,0.015160778537392616,0.0,5.717126846313477
180,4,8,0.2540936768054962,0.2540936768054962,0.013933771289885044,0.0,5.44158411026001
180,4,9,0.22768917679786682,0.22768917679786682,0.014347060583531857,0.0,5.885969161987305
180,4,10,0.21856603026390076,0.21856603026390076,0.01537508238106966,0.0,5.89803409576416
180,4,11,0.28534767031669617,0.28534767031669617,0.0159312654286623,0.0,5.688823223114014
180,4,12,0.33839771151542664,0.33839771151542664,0.016441188752651215,0.0,5.330479621887207
180,4,13,0.44725552201271057,0.44725552201271057,0.015064376406371593,0.0,5.80526065826416
180,4,14,0.5968767404556274,0.5968767404556274,0.01473988313227892,0.0,5.387728691101074
180,4,15,0.5590675473213196,0.5590675473213196,0.015156117267906666,0.0,5.76487922668457
180,4,16,0.19639144837856293,0.19639144837856293,0.01461486704647541,0.0,6.278072357177734
180,4,17,0.39230862259864807,0.39230862259864807,0.014456151984632015,0.0,5.867700099945068
180,4,18,0.15506646037101746,0.15506646037101746,0.0141302440315485,0.0,5.940650939941406
180,4,19,0.09030557423830032,0.09030557423830032,0.014169182628393173,0.0,5.988367080688477
160,0,0,0.07570365816354752,0.07570365816354752,0.014279283583164215,0.0,6.200466632843018
160,0,1,0.3418428897857666,0.3418428897857666,0.014201883226633072,0.0,6.222229957580566
160,0,2,0.30711182951927185,0.30711182951927185,0.01373131200671196,0.0,6.4470672607421875
160,0,3,0.2038937360048294,0.2038937360048294,0.014427307061851025,0.0,6.334627151489258
160,0,4,0.11372385919094086,0.11372385919094086,0.01428993884474039,0.0,6.1788859367370605
160,0,5,0.28259074687957764,0.28259074687957764,0.014496514573693275,0.0,6.419824600219727
160,0,6,0.06438383460044861,0.06438383460044861,0.014253204688429832,0.0,6.021205902099609
160,0,7,0.2790724039077759,0.2790724039077759,0.014355565421283245,0.0,6.370180130004883
160,0,8,0.032743189483881,0.032743189483881,0.014548657462000847,0.0,5.961291313171387
160,0,9,0.11067524552345276,0.11067524552345276,0.013698603957891464,0.0,6.28840446472168
160,0,10,0.07318644970655441,0.07318644970655441,0.014230222441256046,0.0,6.099679946899414
160,0,11,0.3311750292778015,0.3311750292778015,0.014170448295772076,0.0,6.121523857116699
160,0,12,0.2858860194683075,0.2858860194683075,0.014849432744085789,0.0,6.173037052154541
160,0,13,0.14170198142528534,0.14170198142528534,0.014178202487528324,0.0,6.268006324768066
160,0,14,0.21937887370586395,0.21937887370586395,0.014823144301772118,0.0,6.227382183074951
160,0,15,0.07966499775648117,0.07966499775648117,0.014246012084186077,0.0,6.1105475425720215
160,0,16,0.16259430348873138,0.16259430348873138,0.01461747009307146,0.0,6.310110569000244
160,0,17,0.11120158433914185,0.11120158433914185,0.014380463398993015,0.0,5.871437072753906
160,0,18,0.24092766642570496,0.24092766642570496,0.014433750882744789,0.0,6.3165669441223145
160,0,19,0.2909519672393799,0.2909519672393799,0.014198037795722485,0.0,6.1465582847595215
160,1,0,-0.8060619235038757,-0.8060619235038757,0.01547904685139656,0.0,5.627294540405273
160,1,1,-1.450447916984558,-1.450447916984558,0.016597378998994827,0.0,5.40410041809082
160,1,2,-1.2583662271499634,-1.2583662271499634,0.016911901533603668,0.0,5.356470108032227
160,1,3,-1.5049940347671509,-1.5049940347671509,0.015882642939686775,0.0,5.491886138916016
160,1,4,-1.4200594425201416,-1.4200594425201416,0.015257430262863636,0.0,5.711123943328857
160,1,5,-1.404186725616455,-1.404186725616455,0.01699919067323208,0.0,5.259517669677734
160,1,6,-1.1051626205444336,-1.1051626205444336,0.015444247052073479,0.0,5.229710578918457
160,1,7,-1.6056733131408691,-1.6056733131408691,0.015577202662825584,0.0,5.199851036071777
160,1,8,-1.0607753992080688,-1.0607753992080688,0.01633032038807869,0.0,5.461906433105469
160,1,9,-1.5381139516830444,-1.5381139516830444,0.016726819798350334,0.0,4.742388725280762
160,1,10,-1.5712367296218872,-1.5712367296218872,0.01602170430123806,0.0,5.733441352844238
160,1,11,-1.3788713216781616,-1.3788713216781616,0.016613902524113655,0.0,5.65495491027832
160,1,12,-1.1890790462493896,-1.1890790462493896,0.015076728537678719,0.0,5.55897855758667
160,1,13,-1.4937316179275513,-1.4937316179275513,0.015981575474143028,0.0,4.978538990020752
160,1,14,-1.3809734582901,-1.3809734582901,0.016409309580922127,0.0,5.1164093017578125
160,1,15,-1.2302299737930298,-1.2302299737930298,0.014594841748476028,0.0,5.5490617752075195
160,1,16,-1.155909538269043,-1.155909538269043,0.015476269647479057,0.0,5.737555027008057
160,1,17,-1.2365587949752808,-1.2365587949752808,0.016017507761716843,0.0,5.244296073913574
160,1,18,-1.1784948110580444,-1.1784948110580444,0.015792518854141235,0.0,5.244540691375732
160,1,19,-1.293502688407898,-1.293502688407898,0.015853773802518845,0.0,5.120370864868164
160,2,0,0.6466131806373596,0.6466131806373596,0.012756231240928173,0.0,5.858677864074707
160,2,1,0.5447421669960022,0.5447421669960022,0.012668593786656857,0.0,5.826570510864258
160,2,2,0.6889230608940125,0.6889230608940125,0.012629907578229904,0.0,5.733901500701904
160,2,3,0.5027087926864624,0.5027087926864624,0.01248680055141449,0.0,5.681760787963867
160,2,4,0.6877796053886414,0.6877796053886414,0.012773587368428707,0.0,5.286498069763184
160,2,5,0.4383048415184021,0.4383048415184021,0.012611807323992252,0.0,5.457321643829346
160,2,6,0.3473544418811798,0.3473544418811798,0.0125914691016078,0.0,5.947941780090332
160,2,7,0.4370277523994446,0.4370277523994446,0.012666202150285244,0.0,5.757621765136719
160,2,8,0.6408573389053345,0.6408573389053345,0.012290120124816895,0.0,5.7857794761657715
160,2,9,0.32873356342315674,0.32873356342315674,0.01248080376535654,0.0,5.323130130767822
160,2,10,0.4903380572795868,0.4903380572795868,0.012815590016543865,0.0,5.290018081665039
160,2,11,0.4799068570137024,0.4799068570137024,0.012817075476050377,0.0,5.484233856201172
160,2,12,0.5698228478431702,0.5698228478431702,0.01272116880863905,0.0,5.6999711990356445
160,2,13,0.19811338186264038,0.19811338186264038,0.012609289959073067,0.0,5.817440509796143
160,2,14,0.6951459646224976,0.6951459646224976,0.012982979416847229,0.0,6.207586288452148
160,2,15,0.5143230557441711,0.5143230557441711,0.01257491484284401,0.0,6.132742881774902
160,2,16,0.5730322599411011,0.5730322599411011,0.012453352101147175,0.0,5.932766914367676
160,2,17,0.6949048638343811,0.6949048638343811,0.012681231833994389,0.0,5.929704666137695
160,2,18,0.5731090903282166,0.5731090903282166,0.012743520550429821,0.0,5.490893363952637
160,2,19,0.2398606240749359,0.2398606240749359,0.012621870264410973,0.0,5.917530059814453
160,3,0,-0.5804548859596252,-0.5804548859596252,0.014162668958306313,0.0,5.308888912200928
160,3,1,-0.537562370300293,-0.537562370300293,0.014088362455368042,0.0,5.621586799621582
160,3,2,-0.5990639328956604,-0.5990639328956604,0.014200794510543346,0.0,5.135987281799316
160,3,3,-0.7002465128898621,-0.7002465128898621,0.014583567157387733,0.0,5.532741546630859
160,3,4,-0.39687952399253845,-0.39687952399253845,0.01432901993393898,0.0,5.336132049560547
160,3,5,-0.6694543957710266,-0.6694543957710266,0.014118384569883347,0.0,5.501125335693359
160,3,6,-0.622574508190155,-0.622574508190155,0.013903379440307617,0.0,5.341470718383789
160,3,7,-0.5026550889015198,-0.5026550889015198,0.014346965588629246,0.0,5.513815879821777
160,3,8,-0.5029329657554626,-0.5029329657554626,0.014061623252928257,0.0,5.434422492980957
160,3,9,-0.3839515149593353,-0.3839515149593353,0.014107623137533665,0.0,4.9067559242248535
160,3,10,-0.5553754568099976,-0.5553754568099976,0.01439251285046339,0.0,5.195566654205322
160,3,11,-0.4434107840061188,-0.4434107840061188,0.013802475295960903,0.0,5.014684200286865
160,3,12,-0.5683269500732422,-0.5683269500732422,0.01393692847341299,0.0,5.600388526916504
160,3,13,-0.4839336574077606,-0.4839336574077606,0.014116141013801098,0.0,5.49193000793457
160,3,14,-0.5540481209754944,-0.5540481209754944,0.013990663923323154,0.0,5.5200724601745605
160,3,15,-0.48599520325660706,-0.48599520325660706,0.014255000278353691,0.0,5.535217761993408
160,3,16,-0.6030183434486389,-0.6030183434486389,0.014267394319176674,0.0,5.240652084350586
160,3,17,-0.33008691668510437,-0.33008691668510437,0.014119698666036129,0.0,5.516703128814697
160,3,18,-0.529047966003418,-0.529047966003418,0.014206556603312492,0.0,5.3703227043151855
160,3,19,-0.48771733045578003,-0.48771733045578003,0.013699942268431187,0.0,5.282565593719482
160,4,0,0.24098022282123566,0.24098022282123566,0.014706888236105442,0.0,5.833320617675781
160,4,1,0.3869187533855438,0.3869187533855438,0.013917938806116581,0.0,5.90695858001709
160,4,2,0.321182519197464,0.321182519197464,0.015567352063953876,0.0,5.644213676452637
160,4,3,0.4079537093639374,0.4079537093639374,0.015002932399511337,0.0,5.435632705688477
160,4,4,0.45388174057006836,0.45388174057006836,0.014347303658723831,0.0,5.184351444244385
160,4,5,0.612447202205658,0.612447202205658,0.014040353707969189,0.0,5.307892799377441
160,4,6,0.10515546053647995,0.10515546053647995,0.015569519251585007,0.0,5.728288173675537
160,4,7,0.3217916488647461,0.3217916488647461,0.013952258974313736,0.0,5.300300598144531
160,4,8,0.11850669980049133,0.11850669980049133,0.01487567089498043,0.0,5.874032974243164
160,4,9,0.23068073391914368,0.23068073391914368,0.014341579750180244,0.0,5.583632469177246
160,4,10,0.31801101565361023,0.31801101565361023,0.015922941267490387,0.0,5.981235504150391
160,4,11,0.4612385630607605,0.4612385630607605,0.014252749271690845,0.0,6.080798625946045
160,4,12,0.32976415753364563,0.32976415753364563,0.014307787641882896,0.0,5.719395637512207
160,4,13,0.3171869218349457,0.3171869218349457,0.014360904693603516,0.0,5.941561222076416
160,4,14,0.3867976665496826,0.3867976665496826,0.015496655367314816,0.0,5.752099514007568
160,4,15,-0.027171019464731216,-0.027171019464731216,0.01428892370313406,0.0,5.265628814697266
160,4,16,0.4412390887737274,0.4412390887737274,0.015417602844536304,0.0,5.548323631286621
160,4,17,0.3466680943965912,0.3466680943965912,0.013390127569437027,0.0,5.396763801574707
160,4,18,0.40923598408699036,0.40923598408699036,0.014493781141936779,0.0,5.947788715362549
160,4,19,0.3640700876712799,0.3640700876712799,0.013845705427229404,0.0,5.299142837524414
140,0,0,0.3071838319301605,0.3071838319301605,0.014451464638113976,0.0,6.44223690032959
140,0,1,0.21830397844314575,0.21830397844314575,0.01390823069959879,0.0,6.067997455596924
140,0,2,0.13610833883285522,0.13610833883285522,0.014514898881316185,0.0,6.312973976135254
140,0,3,0.09973703324794769,0.09973703324794769,0.014278100803494453,0.0,5.9725847244262695
140,0,4,0.001314995577558875,0.001314995577558875,0.014114780351519585,0.0,6.460944175720215
140,0,5,0.1902489811182022,0.1902489811182022,0.014634456485509872,0.0,6.3898396492004395
140,0,6,-0.11079032719135284,-0.11079032719135284,0.014165712520480156,0.0,6.2919721603393555
140,0,7,0.2692573368549347,0.2692573368549347,0.014333189465105534,0.0,6.14672327041626
140,0,8,0.1937747746706009,0.1937747746706009,0.014027507975697517,0.0,6.126761436462402
140,0,9,0.32101017236709595,0.32101017236709595,0.014954605139791965,0.0,5.984945297241211
140,0,10,0.1688273549079895,0.1688273549079895,0.014010434970259666,0.0,6.4159698486328125
140,0,11,0.004156101495027542,0.004156101495027542,0.014156105928122997,0.0,6.40288782119751
140,0,12,0.3806636333465576,0.3806636333465576,0.013979076407849789,0.0,5.9983720779418945
140,0,13,0.12151508033275604,0.12151508033275604,0.013899150304496288,0.0,5.9766387939453125
140,0,14,0.20705725252628326,0.20705725252628326,0.014163275249302387,0.0,6.425189018249512
140,0,15,0.10238481312990189,0.10238481312990189,0.014213243499398232,0.0,6.033280849456787
140,0,16,0.10314090549945831,0.10314090549945831,0.01457101758569479,0.0,6.2978291511535645
140,0,17,0.3811865746974945,0.3811865746974945,0.014173032715916634,0.0,6.324862957000732
140,0,18,0.26966455578804016,0.26966455578804016,0.014028331264853477,0.0,6.390294551849365
140,0,19,0.18920697271823883,0.18920697271823883,0.014035303145647049,0.0,6.040600776672363
140,1,0,-1.1613086462020874,-1.1613086462020874,0.01605936512351036,0.0,5.268280029296875
140,1,1,-1.402659296989441,-1.402659296989441,0.017207534983754158,0.0,5.093728065490723
140,1,2,-1.4804329872131348,-1.4804329872131348,0.015604517422616482,0.0,5.158191680908203
140,1,3,-1.5971742868423462,-1.5971742868423462,0.016510536894202232,0.0,5.204163551330566
140,1,4,-1.697139859199524,-1.697139859199524,0.016051484271883965,0.0,5.260924339294434
140,1,5,-1.4982939958572388,-1.4982939958572388,0.015279356390237808,0.0,5.078045845031738
140,1,6,-1.6604938507080078,-1.6604938507080078,0.016778970137238503,0.0,5.3888397216796875
140,1,7,-1.7441707849502563,-1.7441707849502563,0.01537989266216755,0.0,5.516474723815918
140,1,8,-1.3525068759918213,-1.3525068759918213,0.016033608466386795,0.0,4.936540126800537
140,1,9,-1.2549632787704468,-1.2549632787704468,0.01595081388950348,0.0,5.853784561157227
140,1,10,-1.1510196924209595,-1.1510196924209595,0.015069393441081047,0.0,5.20952033996582
140,1,11,-1.1653624773025513,-1.1653624773025513,0.01652776636183262,0.0,5.274137496948242
140,1,12,-1.2130318880081177,-1.2130318880081177,0.016147729009389877,0.0,5.350501537322998
140,1,13,-1.5657687187194824,-1.5657687187194824,0.015424191951751709,0.0,5.244205474853516
140,1,14,-1.0318130254745483,-1.0318130254745483,0.01562834158539772,0.0,5.526379108428955
140,1,15,-1.4941147565841675,-1.4941147565841675,0.016681363806128502,0.0,5.380378246307373
140,1,16,-1.4946379661560059,-1.4946379661560059,0.015707867220044136,0.0,5.331541061401367
140,1,17,-1.210160493850708,-1.210160493850708,0.014932503923773766,0.0,5.094707489013672
140,1,18,-1.7306429147720337,-1.7306429147720337,0.015209261327981949,0.0,5.2522292137146
140,1,19,-1.7324527502059937,-1.7324527502059937,0.015829186886548996,0.0,5.439275741577148
140,2,0,0.748346745967865,0.748346745967865,0.012623331509530544,0.0,5.477823734283447
140,2,1,0.7080696225166321,0.7080696225166321,0.012427272275090218,0.0,6.060999870300293
140,2,2,0.614829421043396,0.614829421043396,0.012658517807722092,0.0,6.003488540649414
140,2,3,0.32109859585762024,0.32109859585762024,0.012731875292956829,0.0,6.118135452270508
140,2,4,0.3455272614955902,0.3455272614955902,0.01257855724543333,0.0,5.855035781860352
140,2,5,0.3110077679157257,0.3110077679157257,0.012754569761455059,0.0,5.411860466003418
140,2,6,0.5980116724967957,0.5980116724967957,0.01256649848073721,0.0,5.8159379959106445
140,2,7,0.518454372882843,0.518454372882843,0.012620033696293831,0.0,5.956171035766602
140,2,8,0.409691721200943,0.409691721200943,0.01246551051735878,0.0,5.932901382446289
140,2,9,0.553955078125,0.553955078125,0.012380460277199745,0.0,5.770016670227051
140,2,10,0.4705573618412018,0.4705573618412018,0.012752882204949856,0.0,5.761035919189453
140,2,11,0.5939165353775024,0.5939165353775024,0.01269233413040638,0.0,5.836032867431641
140,2,12,0.5721745491027832,0.5721745491027832,0.012623713351786137,0.0,5.856276512145996
140,2,13,0.4371253550052643,0.4371253550052643,0.012728160247206688,0.0,5.572439193725586
140,2,14,0.5729994773864746,0.5729994773864746,0.012451054528355598,0.0,5.424591064453125
140,2,15,0.506441593170166,0.506441593170166,0.012782163918018341,0.0,5.893852233886719
140,2,16,0.4128376543521881,0.4128376543521881,0.012674511410295963,0.0,5.6721367835998535
140,2,17,0.8337162733078003,0.8337162733078003,0.012805591337382793,0.0,5.583097457885742
140,2,18,0.37965524196624756,0.37965524196624756,0.012718085199594498,0.0,5.669110298156738
140,2,19,0.5050531625747681,0.5050531625747681,0.012640668079257011,0.0,5.5697922706604
140,3,0,-0.5689722299575806,-0.5689722299575806,0.014153631404042244,0.0,5.5302910804748535
140,3,1,-0.6838241219520569,-0.6838241219520569,0.013623476028442383,0.0,5.604770660400391
140,3,2,-0.573348343372345,-0.573348343372345,0.013970797881484032,0.0,5.883998870849609
140,3,3,-0.5453729033470154,-0.5453729033470154,0.014236959628760815,0.0,5.393633842468262
140,3,4,-0.4418884515762329,-0.4418884515762329,0.014140515588223934,0.0,5.257570743560791
140,3,5,-0.5659562349319458,-0.5659562349319458,0.0140378437936306,0.0,5.713680267333984
140,3,6,-0.5452437996864319,-0.5452437996864319,0.01420673169195652,0.0,5.350559234619141
140,3,7,-0.6343613862991333,-0.6343613862991333,0.014034254476428032,0.0,4.893956184387207
140,3,8,-0.44358110427856445,-0.44358110427856445,0.01403546892106533,0.0,5.431639671325684
140,3,9,-0.6190817356109619,-0.6190817356109619,0.01428461167961359,0.0,5.271008491516113
140,3,10,-0.5742184519767761,-0.5742184519767761,0.014042234979569912,0.0,5.624481678009033
140,3,11,-0.6028385162353516,-0.6028385162353516,0.01394917443394661,0.0,5.5254292488098145
140,3,12,-0.6751068234443665,-0.6751068234443665,0.014110606163740158,0.0,5.010941028594971
140,3,13,-0.5016121864318848,-0.5016121864318848,0.014082112349569798,0.0,5.377223491668701
140,3,14,-0.6189169883728027,-0.6189169883728027,0.014238834381103516,0.0,5.30643367767334
140,3,15,-0.5588372349739075,-0.5588372349739075,0.014227716252207756,0.0,5.307621002197266
140,3,16,-0.5090999603271484,-0.5090999603271484,0.014034156687557697,0.0,5.475708484649658
140,3,17,-0.5500949025154114,-0.5500949025154114,0.01438465341925621,0.0,4.614350318908691
140,3,18,-0.5463956594467163,-0.5463956594467163,0.014166970737278461,0.0,5.280529022216797
140,3,19,-0.7008340954780579,-0.7008340954780579,0.01421260740607977,0.0,5.138836860656738
140,4,0,0.3321804404258728,0.3321804404258728,0.01434316486120224,0.0,5.583789348602295
140,4,1,0.24706579744815826,0.24706579744815826,0.014889750629663467,0.0,5.708868980407715
140,4,2,0.2694926857948303,0.2694926857948303,0.01501797791570425,0.0,5.551016330718994
140,4,3,0.22242878377437592,0.22242878377437592,0.014867706224322319,0.0,5.627964973449707
140,4,4,0.3924730122089386,0.3924730122089386,0.013818906620144844,0.0,5.6558003425598145
140,4,5,0.3429696559906006,0.3429696559906006,0.013780185021460056,0.0,5.799290657043457
140,4,6,0.32664501667022705,0.32664501667022705,0.01468378584831953,0.0,5.952796936035156
140,4,7,0.3789461553096771,0.3789461553096771,0.014128210954368114,0.0,5.754844665527344
140,4,8,0.08054954558610916,0.08054954558610916,0.013557313941419125,0.0,5.8354973793029785
140,4,9,0.28109243512153625,0.28109243512153625,0.014405221678316593,0.0,5.391849994659424
140,4,10,0.27981430292129517,0.27981430292129517,0.01428444404155016,0.0,5.84060525894165
140,4,11,0.43027856945991516,0.43027856945991516,0.014945252798497677,0.0,5.725878715515137
140,4,12,0.3181231915950775,0.3181231915950775,0.014312367886304855,0.0,5.488251209259033
140,4,13,0.2802365720272064,0.2802365720272064,0.013980036601424217,0.0,5.456557273864746
140,4,14,0.6449868083000183,0.6449868083000183,0.014623824506998062,0.0,5.692439079284668
140,4,15,0.3121860921382904,0.3121860921382904,0.014624395407736301,0.0,5.457486152648926
140,4,16,0.39760252833366394,0.39760252833366394,0.014810794964432716,0.0,5.5824103355407715
140,4,17,0.35465478897094727,0.35465478897094727,0.014126862399280071,0.0,5.585371017456055
140,4,18,0.4465339183807373,0.4465339183807373,0.01537340134382248,0.0,5.669454097747803
140,4,19,0.49183887243270874,0.49183887243270874,0.01375681720674038,0.0,5.520120143890381
120,0,0,-0.0992966741323471,-0.0992966741323471,0.014359420165419579,0.0,6.224370956420898
120,0,1,0.09109658747911453,0.09109658747911453,0.014059892855584621,0.0,6.17814826965332
120,0,2,0.12421933561563492,0.12421933561563492,0.014342192560434341,0.0,6.21848726272583
120,0,3,0.17540837824344635,0.17540837824344635,0.01453579030930996,0.0,5.874363899230957
120,0,4,0.10955529659986496,0.10955529659986496,0.014068481512367725,0.0,6.061731338500977
120,0,5,0.14914916455745697,0.14914916455745697,0.014254061505198479,0.0,6.383670806884766
120,0,6,0.2363288402557373,0.2363288402557373,0.014545910060405731,0.0,6.674424171447754
120,0,7,0.17130175232887268,0.17130175232887268,0.013997353613376617,0.0,5.921653747558594
120,0,8,-0.05987519398331642,-0.05987519398331642,0.013969458639621735,0.0,6.4646525382995605
120,0,9,0.08522212505340576,0.08522212505340576,0.014331196434795856,0.0,6.192617893218994
120,0,10,0.32076650857925415,0.32076650857925415,0.01418047584593296,0.0,6.444223403930664
120,0,11,0.07403608411550522,0.07403608411550522,0.014081398956477642,0.0,6.149325847625732
120,0,12,0.12142835557460785,0.12142835557460785,0.014647707343101501,0.0,6.170229911804199
120,0,13,0.10025293380022049,0.10025293380022049,0.014103618450462818,0.0,6.322109699249268
120,0,14,0.3554573655128479,0.3554573655128479,0.013877945020794868,0.0,6.223038673400879
120,0,15,0.3046067953109741,0.3046067953109741,0.014851372689008713,0.0,6.359615325927734
120,0,16,0.23850440979003906,0.23850440979003906,0.01443413645029068,0.0,6.4826154708862305
120,0,17,0.10770389437675476,0.10770389437675476,0.01453112717717886,0.0,6.090015411376953
120,0,18,0.17227183282375336,0.17227183282375336,0.014372868463397026,0.0,6.037280082702637
120,0,19,0.13972561061382294,0.13972561061382294,0.014203284867107868,0.0,6.5185227394104
120,1,0,-1.2476463317871094,-1.2476463317871094,0.015057218261063099,0.0,5.699148178100586
120,1,1,-1.2560935020446777,-1.2560935020446777,0.016448447480797768,0.0,5.216069221496582
120,1,2,-1.253638744354248,-1.253638744354248,0.01611672155559063,0.0,5.480961322784424
120,1,3,-1.246148705482483,-1.246148705482483,0.0147501640021801,0.0,5.288876533508301
120,1,4,-1.4998421669006348,-1.4998421669006348,0.01618918776512146,0.0,5.788365840911865
120,1,5,-1.2032220363616943,-1.2032220363616943,0.016550997272133827,0.0,5.383376598358154
120,1,6,-1.351674199104309,-1.351674199104309,0.01698094792664051,0.0,5.317066669464111
120,1,7,-1.4112718105316162,-1.4112718105316162,0.01645883359014988,0.0,5.270838260650635
120,1,8,-1.2278132438659668,-1.2278132438659668,0.017795709893107414,0.0,5.315260887145996
120,1,9,-1.5238139629364014,-1.5238139629364014,0.016146009787917137,0.0,5.167673110961914
120,1,10,-1.6507468223571777,-1.6507468223571777,0.016072722151875496,0.0,5.1606059074401855
120,1,11,-1.3538577556610107,-1.3538577556610107,0.016520246863365173,0.0,5.452633857727051
120,1,12,-1.2728989124298096,-1.2728989124298096,0.01583617366850376,0.0,5.496443748474121
120,1,13,-1.366876244544983,-1.366876244544983,0.01611356809735298,0.0,5.605225086212158
120,1,14,-1.4821994304656982,-1.4821994304656982,0.015377111732959747,0.0,5.494729042053223
120,1,15,-1.3005493879318237,-1.3005493879318237,0.015920743346214294,0.0,5.441987991333008
120,1,16,-1.1549522876739502,-1.1549522876739502,0.01603769324719906,0.0,5.572441101074219
120,1,17,-1.6577223539352417,-1.6577223539352417,0.016490411013364792,0.0,5.327278137207031
120,1,18,-1.472475290298462,-1.472475290298462,0.015666915103793144,0.0,5.143298149108887
120,1,19,-1.300093173980713,-1.300093173980713,0.016117870807647705,0.0,5.592353820800781
120,2,0,0.6476653814315796,0.6476653814315796,0.012586631812155247,0.0,5.588841438293457
120,2,1,0.5303253531455994,0.5303253531455994,0.012487354688346386,0.0,5.78608512878418
120,2,2,0.8109975457191467,0.8109975457191467,0.012682586908340454,0.0,5.562145233154297
120,2,3,0.1411534994840622,0.1411534994840622,0.012786847539246082,0.0,5.796335697174072
120,2,4,0.4085153639316559,0.4085153639316559,0.012601183727383614,0.0,5.553199291229248
120,2,5,0.691349446773529,0.691349446773529,0.012678009457886219,0.0,5.792548179626465
120,2,6,0.4791547954082489,0.4791547954082489,0.012628819793462753,0.0,5.725429534912109
120,2,7,0.4659809172153473,0.4659809172153473,0.012656264938414097,0.0,5.831428527832031
120,2,8,0.46028727293014526,0.46028727293014526,0.01267567090690136,0.0,5.942600250244141
120,2,9,0.6294553279876709,0.6294553279876709,0.012632369063794613,0.0,5.952632904052734
120,2,10,0.5067108869552612,0.5067108869552612,0.01274854689836502,0.0,5.797552585601807
120,2,11,0.7708525657653809,0.7708525657653809,0.012517659924924374,0.0,6.06521463394165
120,2,12,0.652462899684906,0.652462899684906,0.012651891447603703,0.0,5.579361915588379
120,2,13,0.6661262512207031,0.6661262512207031,0.012406304478645325,0.0,6.004504680633545
120,2,14,0.3767944872379303,0.3767944872379303,0.012562837451696396,0.0,5.863498687744141
120,2,15,0.5389472842216492,0.5389472842216492,0.012769138440489769,0.0,5.622490882873535
120,2,16,0.7039287090301514,0.7039287090301514,0.012506737373769283,0.0,6.050485134124756
120,2,17,0.5047017335891724,0.5047017335891724,0.012745602056384087,0.0,6.412065029144287
120,2,18,0.4777655303478241,0.4777655303478241,0.012739783152937889,0.0,6.19528865814209
120,2,19,0.38834139704704285,0.38834139704704285,0.012548631057143211,0.0,5.872000694274902
120,3,0,-0.3322271406650543,-0.3322271406650543,0.013961950317025185,0.0,5.594910621643066
120,3,1,-0.5904011130332947,-0.5904011130332947,0.013870064169168472,0.0,5.709470748901367
120,3,2,-0.5239258408546448,-0.5239258408546448,0.014167223125696182,0.0,5.38511848449707
120,3,3,-0.6420873999595642,-0.6420873999595642,0.01405454520136118,0.0,5.31971549987793
120,3,4,-0.4731745421886444,-0.4731745421886444,0.013919588178396225,0.0,4.600481986999512
120,3,5,-0.5649186968803406,-0.5649186968803406,0.014466509222984314,0.0,5.292999267578125
120,3,6,-0.5965484380722046,-0.5965484380722046,0.014183036051690578,0.0,5.857995986938477
120,3,7,-0.5722461342811584,-0.5722461342811584,0.014429016970098019,0.0,5.488977432250977
120,3,8,-0.5776668787002563,-0.5776668787002563,0.014296481385827065,0.0,5.678671360015869
120,3,9,-0.7627602219581604,-0.7627602219581604,0.013858329504728317,0.0,5.002323627471924
120,3,10,-0.5572390556335449,-0.5572390556335449,0.014107886701822281,0.0,5.564114093780518
120,3,11,-0.5639479756355286,-0.5639479756355286,0.013871714472770691,0.0,5.516483306884766
120,3,12,-0.44665464758872986,-0.44665464758872986,0.013808734714984894,0.0,5.848302364349365
120,3,13,-0.6920346617698669,-0.6920346617698669,0.014245301485061646,0.0,5.552722454071045
120,3,14,-0.6142187714576721,-0.6142187714576721,0.01389319822192192,0.0,5.086955547332764
120,3,15,-0.6269705295562744,-0.6269705295562744,0.013695904985070229,0.0,5.509670734405518
120,3,16,-0.5933589935302734,-0.5933589935302734,0.014031794853508472,0.0,5.2385358810424805
120,3,17,-0.43308931589126587,-0.43308931589126587,0.013852192088961601,0.0,5.435611248016357
120,3,18,-0.6585516333580017,-0.6585516333580017,0.014149454422295094,0.0,5.3064751625061035
120,3,19,-0.6202220320701599,-0.6202220320701599,0.014015759341418743,0.0,5.135096549987793
120,4,0,0.4440173804759979,0.4440173804759979,0.013978236354887486,0.0,5.648530006408691
120,4,1,0.19482028484344482,0.19482028484344482,0.014478967525064945,0.0,5.105934143066406
120,4,2,0.4205968677997589,0.4205968677997589,0.014238071627914906,0.0,5.655309200286865
120,4,3,0.28702810406684875,0.28702810406684875,0.014394163154065609,0.0,5.7483015060424805
120,4,4,0.3078215718269348,0.3078215718269348,0.014240833930671215,0.0,5.717862129211426
120,4,5,0.20733331143856049,0.20733331143856049,0.014232137240469456,0.0,5.584035873413086
120,4,6,0.30734115839004517,0.30734115839004517,0.015804722905158997,0.0,5.7843403816223145
120,4,7,0.2394278645515442,0.2394278645515442,0.013783717527985573,0.0,5.414434909820557
120,4,8,0.26584896445274353,0.26584896445274353,0.01456359587609768,0.0,5.648353576660156
120,4,9,0.08612339943647385,0.08612339943647385,0.014988805167376995,0.0,5.622608661651611
120,4,10,0.4858587384223938,0.4858587384223938,0.014468636363744736,0.0,5.835721969604492
120,4,11,0.21940770745277405,0.21940770745277405,0.015411609783768654,0.0,5.501381874084473
120,4,12,0.3000446856021881,0.3000446856021881,0.01374344527721405,0.0,5.653451442718506
120,4,13,0.11345076560974121,0.11345076560974121,0.013992555439472198,0.0,5.568997383117676
120,4,14,0.28394588828086853,0.28394588828086853,0.01395443081855774,0.0,5.515092849731445
120,4,15,0.17632050812244415,0.17632050812244415,0.013882344588637352,0.0,5.666423797607422
120,4,16,0.41815781593322754,0.41815781593322754,0.01473558321595192,0.0,5.674154758453369
120,4,17,0.24900545179843903,0.24900545179843903,0.014106602407991886,0.0,5.500827789306641
120,4,18,0.20639412105083466,0.20639412105083466,0.014150564558804035,0.0,5.5296220779418945
120,4,19,0.47368842363357544,0.47368842363357544,0.013987597078084946,0.0,5.611110687255859
100,0,0,0.33134791254997253,0.33134791254997253,0.013851383700966835,0.0,6.232093334197998
100,0,1,0.24116301536560059,0.24116301536560059,0.014386303722858429,0.0,6.02876615524292
100,0,2,0.13450834155082703,0.13450834155082703,0.014593311585485935,0.0,6.288874626159668
100,0,3,0.08796975761651993,0.08796975761651993,0.014561071060597897,0.0,6.052651882171631
100,0,4,0.19779697060585022,0.19779697060585022,0.01457951683551073,0.0,6.691720962524414
100,0,5,0.11509913206100464,0.11509913206100464,0.014322247356176376,0.0,6.119307518005371
100,0,6,0.11748654395341873,0.11748654395341873,0.014467168599367142,0.0,6.4049787521362305
100,0,7,0.13668839633464813,0.13668839633464813,0.014530607499182224,0.0,6.2376508712768555
100,0,8,0.16909465193748474,0.16909465193748474,0.014862468466162682,0.0,6.5552873611450195
100,0,9,0.2072543203830719,0.2072543203830719,0.014397694729268551,0.0,6.119950294494629
100,0,10,0.22062000632286072,0.22062000632286072,0.014253377914428711,0.0,5.9597673416137695
100,0,11,0.07896284013986588,0.07896284013986588,0.01423089113086462,0.0,6.358645439147949
100,0,12,0.07231349498033524,0.07231349498033524,0.014555798843502998,0.0,6.133188247680664
100,0,13,0.13383297622203827,0.13383297622203827,0.014625178650021553,0.0,5.998392105102539
100,0,14,0.20038770139217377,0.20038770139217377,0.014551488682627678,0.0,6.105632781982422
100,0,15,0.04301418364048004,0.04301418364048004,0.01443191897124052,0.0,6.258955001831055
100,0,16,0.16902269423007965,0.16902269423007965,0.014911334961652756,0.0,6.383615016937256
100,0,17,0.3033471703529358,0.3033471703529358,0.014173738658428192,0.0,6.2327423095703125
100,0,18,0.14140544831752777,0.14140544831752777,0.01430913433432579,0.0,6.319689750671387
100,0,19,0.15964961051940918,0.15964961051940918,0.014708934351801872,0.0,6.317732810974121
100,1,0,-1.2870001792907715,-1.2870001792907715,0.01587841659784317,0.0,5.2124762535095215
100,1,1,-1.051788091659546,-1.051788091659546,0.015915676951408386,0.0,5.130131244659424
100,1,2,-1.296409010887146,-1.296409010887146,0.015262662433087826,0.0,4.995478630065918
100,1,3,-1.507148027420044,-1.507148027420044,0.015993958339095116,0.0,5.513608932495117
100,1,4,-1.4030343294143677,-1.4030343294143677,0.01590896025300026,0.0,5.773306846618652
100,1,5,-1.3949110507965088,-1.3949110507965088,0.015147308818995953,0.0,5.340996742248535
100,1,6,-1.1743723154067993,-1.1743723154067993,0.015531109645962715,0.0,5.282390117645264
100,1,7,-1.5680118799209595,-1.5680118799209595,0.016066599637269974,0.0,5.610936164855957
100,1,8,-1.2159191370010376,-1.2159191370010376,0.01638791523873806,0.0,5.304587364196777
100,1,9,-1.3418872356414795,-1.3418872356414795,0.015700627118349075,0.0,5.17302131652832
100,1,10,-1.505976676940918,-1.505976676940918,0.016183167695999146,0.0,5.206207275390625
100,1,11,-1.5276745557785034,-1.5276745557785034,0.015450526028871536,0.0,5.2021803855896
100,1,12,-1.208324670791626,-1.208324670791626,0.015638254582881927,0.0,5.303459644317627
100,1,13,-1.6095467805862427,-1.6095467805862427,0.016720203682780266,0.0,5.279135704040527
100,1,14,-1.438594102859497,-1.438594102859497,0.016759729012846947,0.0,5.4566969871521
100,1,15,-1.2340497970581055,-1.2340497970581055,0.015789274126291275,0.0,5.320514678955078
100,1,16,-1.2636189460754395,-1.2636189460754395,0.015366056002676487,0.0,5.291675090789795
100,1,17,-1.3543046712875366,-1.3543046712875366,0.0155178839340806,0.0,5.780350208282471
100,1,18,-1.1591947078704834,-1.1591947078704834,0.016325823962688446,0.0,4.969986438751221
100,1,19,-1.1112362146377563,-1.1112362146377563,0.016003139317035675,0.0,5.862168788909912
100,2,0,0.5382736325263977,0.5382736325263977,0.012495411559939384,0.0,5.698443412780762
100,2,1,0.460538774728775,0.460538774728775,0.012581133283674717,0.0,5.785793304443359
100,2,2,0.5533274412155151,0.5533274412155151,0.012605443596839905,0.0,5.726083755493164
100,2,3,0.5661623477935791,0.5661623477935791,0.012449723668396473,0.0,5.78977108001709
100,2,4,0.2981204390525818,0.2981204390525818,0.012664025649428368,0.0,5.788729667663574
100,2,5,0.48613497614860535,0.48613497614860535,0.012761096470057964,0.0,6.016489505767822
100,2,6,0.6228565573692322,0.6228565573692322,0.012790036387741566,0.0,5.6708173751831055
100,2,7,0.585273802280426,0.585273802280426,0.012588754296302795,0.0,5.504969596862793
100,2,8,0.3437766134738922,0.3437766134738922,0.0126839904114604,0.0,5.817144393920898
100,2,9,0.6588872671127319,0.6588872671127319,0.012740304693579674,0.0,5.987758636474609
100,2,10,0.3837954103946686,0.3837954103946686,0.012645997107028961,0.0,6.169711112976074
100,2,11,0.5806053280830383,0.5806053280830383,0.012904463335871696,0.0,6.2725629806518555
100,2,12,0.37394794821739197,0.37394794821739197,0.0126871382817626,0.0,5.914923667907715
100,2,13,0.4902675747871399,0.4902675747871399,0.012658045627176762,0.0,5.863994598388672
100,2,14,0.6307197213172913,0.6307197213172913,0.012548547238111496,0.0,5.9945902824401855
100,2,15,0.4038878083229065,0.4038878083229065,0.012553156353533268,0.0,5.778805255889893
100,2,16,0.5072889924049377,0.5072889924049377,0.012588989920914173,0.0,6.066483497619629
100,2,17,0.3966682553291321,0.3966682553291321,0.012396072037518024,0.0,5.836215972900391
100,2,18,0.5672818422317505,0.5672818422317505,0.012659762986004353,0.0,5.952637672424316
100,2,19,0.6224392652511597,0.6224392652511597,0.012565718032419682,0.0,5.7882490158081055
100,3,0,-0.657505214214325,-0.657505214214325,0.014050992205739021,0.0,5.371779441833496
100,3,1,-0.5694113969802856,-0.5694113969802856,0.014185404404997826,0.0,5.336264610290527
100,3,2,-0.4120978116989136,-0.4120978116989136,0.014310384169220924,0.0,5.725074291229248
100,3,3,-0.7703649401664734,-0.7703649401664734,0.013817809522151947,0.0,5.576332092285156
100,3,4,-0.5653638243675232,-0.5653638243675232,0.013838649727404118,0.0,5.354884147644043
100,3,5,-0.6675990223884583,-0.6675990223884583,0.014220025390386581,0.0,5.16758394241333
100,3,6,-0.693622350692749,-0.693622350692749,0.014171925373375416,0.0,5.4462056159973145
100,3,7,-0.6824136972427368,-0.6824136972427368,0.01377644669264555,0.0,5.2434611320495605
100,3,8,-0.5362487435340881,-0.5362487435340881,0.014161352068185806,0.0,5.803592681884766
100,3,9,-0.4953610897064209,-0.4953610897064209,0.014165040105581284,0.0,5.276031970977783
100,3,10,-0.5465845465660095,-0.5465845465660095,0.014119233004748821,0.0,5.652394771575928
100,3,11,-0.5536968111991882,-0.5536968111991882,0.013999689370393753,0.0,5.514667510986328
100,3,12,-0.6762410998344421,-0.6762410998344421,0.014094443991780281,0.0,5.592350006103516
100,3,13,-0.7675574421882629,-0.7675574421882629,0.013778825290501118,0.0,5.745295524597168
100,3,14,-0.5169252753257751,-0.5169252753257751,0.014019528403878212,0.0,5.747511863708496
100,3,15,-0.6040824055671692,-0.6040824055671692,0.01423803810030222,0.0,5.733633041381836
100,3,16,-0.6143087148666382,-0.6143087148666382,0.014134702272713184,0.0,5.108142375946045
100,3,17,-0.44899770617485046,-0.44899770617485046,0.014060071669518948,0.0,5.51267671585083
100,3,18,-0.6170306205749512,-0.6170306205749512,0.014262566342949867,0.0,5.1233320236206055
100,3,19,-0.6744570732116699,-0.6744570732116699,0.013984321616590023,0.0,5.420369625091553
100,4,0,0.3004988431930542,0.3004988431930542,0.014452253468334675,0.0,5.896629810333252
100,4,1,0.3068197965621948,0.3068197965621948,0.014293685555458069,0.0,5.541049957275391
100,4,2,0.29100507497787476,0.29100507497787476,0.013385429978370667,0.0,5.762676239013672
100,4,3,0.29318517446517944,0.29318517446517944,0.014157624915242195,0.0,5.314746379852295
100,4,4,0.20729365944862366,0.20729365944862366,0.0135238878428936,0.0,5.650168418884277
100,4,5,0.34396499395370483,0.34396499395370483,0.01376993115991354,0.0,5.58283805847168
100,4,6,0.2400033175945282,0.2400033175945282,0.014478056691586971,0.0,5.523046493530273
100,4,7,0.2228340208530426,0.2228340208530426,0.013908145017921925,0.0,5.604653358459473
100,4,8,0.20620590448379517,0.20620590448379517,0.01418188214302063,0.0,5.729722023010254
100,4,9,0.36479514837265015,0.36479514837265015,0.01470672246068716,0.0,5.505834579467773
100,4,10,0.2571102976799011,0.2571102976799011,0.013980838470160961,0.0,5.648223400115967
100,4,11,0.2703644931316376,0.2703644931316376,0.014120454899966717,0.0,5.693504810333252
100,4,12,0.3463502526283264,0.3463502526283264,0.014326577074825764,0.0,5.191525459289551
100,4,13,0.26977890729904175,0.26977890729904175,0.0141760827973485,0.0,5.685853004455566
100,4,14,0.5142119526863098,0.5142119526863098,0.01365534495562315,0.0,5.536344528198242
100,4,15,0.31232598423957825,0.31232598423957825,0.013646972365677357,0.0,5.296987056732178
100,4,16,-0.01339477114379406,-0.01339477114379406,0.014071987010538578,0.0,5.133492469787598
100,4,17,0.2958194613456726,0.2958194613456726,0.014107145369052887,0.0,5.760594844818115
100,4,18,0.6113095283508301,0.6113095283508301,0.013851202093064785,0.0,5.7614006996154785
100,4,19,0.3513277769088745,0.3513277769088745,0.014109387993812561,0.0,5.514303684234619
80,0,0,0.13479052484035492,0.13479052484035492,0.014111397787928581,0.0,5.981999397277832
80,0,1,0.19859568774700165,0.19859568774700165,0.014294364489614964,0.0,6.355195045471191
80,0,2,0.07057562470436096,0.07057562470436096,0.014323749579489231,0.0,6.243176460266113
80,0,3,0.2088087797164917,0.2088087797164917,0.014169182628393173,0.0,6.1515889167785645
80,0,4,0.12701429426670074,0.12701429426670074,0.013992490246891975,0.0,6.350018501281738
80,0,5,0.022677192464470863,0.022677192464470863,0.014487463049590588,0.0,6.190227508544922
80,0,6,0.048188451677560806,0.048188451677560806,0.013998688198626041,0.0,6.038452625274658
80,0,7,0.14669297635555267,0.14669297635555267,0.014233735390007496,0.0,6.282778263092041
80,0,8,0.02960924804210663,0.02960924804210663,0.014501017518341541,0.0,6.323460102081299
80,0,9,0.12817946076393127,0.12817946076393127,0.014331088401377201,0.0,6.280411243438721
80,0,10,0.18041560053825378,0.18041560053825378,0.014267582446336746,0.0,6.267703056335449
80,0,11,0.2984166145324707,0.2984166145324707,0.013920975849032402,0.0,6.095515251159668
80,0,12,0.20328083634376526,0.20328083634376526,0.014430602081120014,0.0,6.13217306137085
80,0,13,0.21418188512325287,0.21418188512325287,0.014254987239837646,0.0,6.4572343826293945
80,0,14,0.06556049734354019,0.06556049734354019,0.014135944657027721,0.0,6.124952793121338
80,0,15,0.08338609337806702,0.08338609337806702,0.01431275438517332,0.0,6.160136699676514
80,0,16,0.21251918375492096,0.21251918375492096,0.0143843162804842,0.0,6.549298286437988
80,0,17,0.09796516597270966,0.09796516597270966,0.013838461600244045,0.0,6.130611419677734
80,0,18,0.14070715010166168,0.14070715010166168,0.014478709548711777,0.0,6.1607136726379395
80,0,19,0.09580580145120621,0.09580580145120621,0.014381734654307365,0.0,6.1436662673950195
80,1,0,-1.2529757022857666,-1.2529757022857666,0.016936445608735085,0.0,5.2881622314453125
80,1,1,-1.3871307373046875,-1.3871307373046875,0.016476092860102654,0.0,5.455909729003906
80,1,2,-1.334449052810669,-1.334449052810669,0.016133612021803856,0.0,5.672477722167969
80,1,3,-1.2456023693084717,-1.2456023693084717,0.015306555666029453,0.0,5.212464332580566
80,1,4,-1.3702356815338135,-1.3702356815338135,0.015956299379467964,0.0,5.439973831176758
80,1,5,-1.2128171920776367,-1.2128171920776367,0.015916733071208,0.0,5.1772027015686035
80,1,6,-1.1575309038162231,-1.1575309038162231,0.015995226800441742,0.0,5.50966215133667
80,1,7,-1.5131984949111938,-1.5131984949111938,0.016194840893149376,0.0,5.058770656585693
80,1,8,-1.434205412864685,-1.434205412864685,0.01613246276974678,0.0,5.558401107788086
80,1,9,-1.402601718902588,-1.402601718902588,0.015949299558997154,0.0,5.3199872970581055
80,1,10,-1.5461316108703613,-1.5461316108703613,0.016258476302027702,0.0,5.693631172180176
80,1,11,-1.3233613967895508,-1.3233613967895508,0.015737632289528847,0.0,5.756092071533203
80,1,12,-1.3453313112258911,-1.3453313112258911,0.01696091704070568,0.0,5.0157389640808105
80,1,13,-1.1479158401489258,-1.1479158401489258,0.015194464474916458,0.0,5.483768939971924
80,1,14,-1.2995374202728271,-1.2995374202728271,0.01708846352994442,0.0,5.385060787200928
80,1,15,-1.488860845565796,-1.488860845565796,0.01584487222135067,0.0,5.372369766235352
80,1,16,-1.1193562746047974,-1.1193562746047974,0.015679389238357544,0.0,5.597549915313721
80,1,17,-1.249476671218872,-1.249476671218872,0.016434144228696823,0.0,5.146170139312744
80,1,18,-1.3403775691986084,-1.3403775691986084,0.01649279147386551,0.0,4.870672225952148
80,1,19,-1.578834056854248,-1.578834056854248,0.015789341181516647,0.0,5.29606819152832
80,2,0,0.5745133757591248,0.5745133757591248,0.012674594298005104,0.0,5.6650495529174805
80,2,1,0.5176891088485718,0.5176891088485718,0.012556302361190319,0.0,5.768137454986572
80,2,2,0.27258092164993286,0.27258092164993286,0.012532202526926994,0.0,5.394365310668945
80,2,3,0.4743529260158539,0.4743529260158539,0.012552708387374878,0.0,5.810941696166992
80,2,4,0.4918203353881836,0.4918203353881836,0.01261209324002266,0.0,5.877719879150391
80,2,5,0.5871855616569519,0.5871855616569519,0.01268409751355648,0.0,5.666141510009766
80,2,6,0.5820044875144958,0.5820044875144958,0.012774182483553886,0.0,5.965385437011719
80,2,7,0.7162220478057861,0.7162220478057861,0.012622350826859474,0.0,5.5830817222595215
80,2,8,0.64902263879776,0.64902263879776,0.012679287232458591,0.0,5.895184516906738
80,2,9,0.5851292014122009,0.5851292014122009,0.012758322060108185,0.0,5.704263210296631
80,2,10,0.5388442873954773,0.5388442873954773,0.012602572329342365,0.0,5.9430131912231445
80,2,11,0.5674081444740295,0.5674081444740295,0.01267885509878397,0.0,6.068402290344238
80,2,12,0.4593946635723114,0.4593946635723114,0.012488976120948792,0.0,6.1353936195373535
80,2,13,0.4629889726638794,0.4629889726638794,0.01272573322057724,0.0,5.599494934082031
80,2,14,0.6256207823753357,0.6256207823753357,0.012630251236259937,0.0,5.802626609802246
80,2,15,0.6346007585525513,0.6346007585525513,0.012730616144835949,0.0,5.727343559265137
80,2,16,0.5109513401985168,0.5109513401985168,0.012818878516554832,0.0,5.6107683181762695
80,2,17,0.8018737435340881,0.8018737435340881,0.012764888815581799,0.0,5.875338077545166
80,2,18,0.35372334718704224,0.35372334718704224,0.01268745493143797,0.0,5.753598213195801
80,2,19,0.45343518257141113,0.45343518257141113,0.012638852931559086,0.0,5.658288955688477
80,3,0,-0.6667307615280151,-0.6667307615280151,0.014103997498750687,0.0,5.343588352203369
80,3,1,-0.6160971522331238,-0.6160971522331238,0.013907471671700478,0.0,4.860927581787109
80,3,2,-0.6091805100440979,-0.6091805100440979,0.014059646055102348,0.0,5.627670764923096
80,3,3,-0.5600965619087219,-0.5600965619087219,0.014186742715537548,0.0,5.444952487945557
80,3,4,-0.6241216063499451,-0.6241216063499451,0.01408431027084589,0.0,5.787184715270996
80,3,5,-0.5343242287635803,-0.5343242287635803,0.01400966476649046,0.0,5.686298847198486
80,3,6,-0.721619188785553,-0.721619188785553,0.01388612948358059,0.0,5.2496657371521
80,3,7,-0.5953940749168396,-0.5953940749168396,0.01388749573379755,0.0,5.371302604675293
80,3,8,-0.5810045599937439,-0.5810045599937439,0.013877938501536846,0.0,5.096003532409668
80,3,9,-0.574121356010437,-0.574121356010437,0.014094325713813305,0.0,5.5762434005737305
80,3,10,-0.5896466970443726,-0.5896466970443726,0.01396667305380106,0.0,5.394393444061279
80,3,11,-0.4600844085216522,-0.4600844085216522,0.01403555553406477,0.0,5.189322471618652
80,3,12,-0.7352111339569092,-0.7352111339569092,0.014044261537492275,0.0,5.765413284301758
80,3,13,-0.5466105341911316,-0.5466105341911316,0.01386162731796503,0.0,5.719332695007324
80,3,14,-0.716658353805542,-0.716658353805542,0.014116487465798855,0.0,5.793215274810791
80,3,15,-0.6960712671279907,-0.6960712671279907,0.014110189862549305,0.0,5.692708969116211
80,3,16,-0.43333226442337036,-0.43333226442337036,0.014001677744090557,0.0,5.7614922523498535
80,3,17,-0.5577594637870789,-0.5577594637870789,0.013974823988974094,0.0,5.454623699188232
80,3,18,-0.48573222756385803,-0.48573222756385803,0.014117495156824589,0.0,5.0673747062683105
80,3,19,-0.3781181871891022,-0.3781181871891022,0.013689915649592876,0.0,5.384014129638672
80,4,0,0.29826197028160095,0.29826197028160095,0.014687348157167435,0.0,5.426620006561279
80,4,1,0.31062331795692444,0.31062331795692444,0.014548192732036114,0.0,5.803783416748047
80,4,2,0.156526580452919,0.156526580452919,0.014165719039738178,0.0,5.602524280548096
80,4,3,0.5028864145278931,0.5028864145278931,0.01419867854565382,0.0,6.058159828186035
80,4,4,0.3169209361076355,0.3169209361076355,0.013964696787297726,0.0,5.8243408203125
80,4,5,0.4037867486476898,0.4037867486476898,0.013773143291473389,0.0,5.789137363433838
80,4,6,0.19735844433307648,0.19735844433307648,0.014107058756053448,0.0,5.6891255378723145
80,4,7,0.2980419397354126,0.2980419397354126,0.014818139374256134,0.0,5.453165531158447
80,4,8,0.10653771460056305,0.10653771460056305,0.014760920777916908,0.0,5.413858890533447
80,4,9,0.1539263278245926,0.1539263278245926,0.014151722192764282,0.0,5.704120635986328
80,4,10,0.3547091782093048,0.3547091782093048,0.013776648789644241,0.0,5.956940174102783
80,4,11,0.27149349451065063,0.27149349451065063,0.013746818527579308,0.0,5.827073097229004
80,4,12,0.36959004402160645,0.36959004402160645,0.013960921205580235,0.0,5.749353408813477
80,4,13,0.17325349152088165,0.17325349152088165,0.01388511061668396,0.0,5.6920599937438965
80,4,14,0.0022959138732403517,0.0022959138732403517,0.014561777003109455,0.0,5.587605953216553
80,4,15,-0.02851041406393051,-0.02851041406393051,0.014620861038565636,0.0,5.741808891296387
80,4,16,0.43920159339904785,0.43920159339904785,0.01453445851802826,0.0,5.378517150878906
80,4,17,0.3000878095626831,0.3000878095626831,0.014705374836921692,0.0,5.3637003898620605
80,4,18,0.30229854583740234,0.30229854583740234,0.014566149562597275,0.0,5.948269367218018
80,4,19,0.31295105814933777,0.31295105814933777,0.014125071465969086,0.0,5.966063499450684
60,0,0,0.15562741458415985,0.15562741458415985,0.014437439851462841,0.0,6.190598487854004
60,0,1,0.1694718599319458,0.1694718599319458,0.01412295177578926,0.0,6.105001449584961
60,0,2,0.04186283051967621,0.04186283051967621,0.014310450293123722,0.0,6.243330955505371
60,0,3,0.08595278114080429,0.08595278114080429,0.014479921199381351,0.0,6.046941757202148
60,0,4,0.14708881080150604,0.14708881080150604,0.014193374663591385,0.0,6.141558647155762
60,0,5,0.17506356537342072,0.17506356537342072,0.014322024770081043,0.0,6.044670104980469
60,0,6,0.26338592171669006,0.26338592171669006,0.014246494509279728,0.0,6.171241283416748
60,0,7,-0.006557384971529245,-0.006557384971529245,0.01446186751127243,0.0,6.308366775512695
60,0,8,0.19384907186031342,0.19384907186031342,0.014222714118659496,0.0,6.259435176849365
60,0,9,0.167841836810112,0.167841836810112,0.014442380517721176,0.0,6.311854362487793
60,0,10,0.20744198560714722,0.20744198560714722,0.01431872695684433,0.0,6.1725664138793945
60,0,11,0.20016507804393768,0.20016507804393768,0.014329889789223671,0.0,6.107093811035156
60,0,12,0.2605787515640259,0.2605787515640259,0.014153551310300827,0.0,6.092511177062988
60,0,13,0.045076776295900345,0.045076776295900345,0.014275040477514267,0.0,6.002009391784668
60,0,14,0.22914038598537445,0.22914038598537445,0.014346696436405182,0.0,6.000187397003174
60,0,15,0.1482505202293396,0.1482505202293396,0.014271868392825127,0.0,6.181307792663574
60,0,16,0.06473139673471451,0.06473139673471451,0.01455705612897873,0.0,6.099247932434082
60,0,17,0.21655939519405365,0.21655939519405365,0.01432090625166893,0.0,5.986878395080566
60,0,18,0.23475083708763123,0.23475083708763123,0.014231125824153423,0.0,6.289090156555176
60,0,19,0.17073768377304077,0.17073768377304077,0.014375422149896622,0.0,6.023385047912598
60,1,0,-1.400956153869629,-1.400956153869629,0.016477501019835472,0.0,5.7160210609436035
60,1,1,-1.3285812139511108,-1.3285812139511108,0.01628883369266987,0.0,5.437392234802246
60,1,2,-1.4257019758224487,-1.4257019758224487,0.01635030098259449,0.0,5.302400588989258
60,1,3,-1.3947027921676636,-1.3947027921676636,0.015252839773893356,0.0,5.4288330078125
60,1,4,-1.3685357570648193,-1.3685357570648193,0.015539155341684818,0.0,5.214847564697266
60,1,5,-1.297986626625061,-1.297986626625061,0.015391211956739426,0.0,5.624053001403809
60,1,6,-1.4061223268508911,-1.4061223268508911,0.015570376068353653,0.0,5.105081081390381
60,1,7,-1.3841217756271362,-1.3841217756271362,0.015959734097123146,0.0,5.10170316696167
60,1,8,-1.5945532321929932,-1.5945532321929932,0.015476539731025696,0.0,5.4709153175354
60,1,9,-1.5481470823287964,-1.5481470823287964,0.016381021589040756,0.0,5.3312225341796875
60,1,10,-1.6309212446212769,-1.6309212446212769,0.015903377905488014,0.0,5.430994510650635
60,1,11,-1.3783189058303833,-1.3783189058303833,0.01682164892554283,0.0,5.133502960205078
60,1,12,-1.5504968166351318,-1.5504968166351318,0.016149532049894333,0.0,5.632805347442627
60,1,13,-1.4109758138656616,-1.4109758138656616,0.01608598232269287,0.0,5.141565322875977
60,1,14,-1.3309775590896606,-1.3309775590896606,0.016404971480369568,0.0,5.925525188446045
60,1,15,-1.2271140813827515,-1.2271140813827515,0.016328511759638786,0.0,4.867289066314697
60,1,16,-1.4951120615005493,-1.4951120615005493,0.017267700284719467,0.0,5.064211368560791
60,1,17,-1.4255332946777344,-1.4255332946777344,0.016330702230334282,0.0,5.291904449462891
60,1,18,-1.4133198261260986,-1.4133198261260986,0.01658545434474945,0.0,5.735531330108643
60,1,19,-1.4976588487625122,-1.4976588487625122,0.01685856468975544,0.0,5.114972114562988
60,2,0,0.6846659183502197,0.6846659183502197,0.012653477489948273,0.0,5.886865615844727
60,2,1,0.6671825051307678,0.6671825051307678,0.01260489784181118,0.0,5.8307294845581055
60,2,2,0.4991437792778015,0.4991437792778015,0.012713056989014149,0.0,5.751668453216553
60,2,3,0.33651894330978394,0.33651894330978394,0.012606032192707062,0.0,5.823812484741211
60,2,4,0.593825101852417,0.593825101852417,0.01273936778306961,0.0,5.9625773429870605
60,2,5,0.6470082998275757,0.6470082998275757,0.012808280996978283,0.0,5.70536994934082
60,2,6,0.5773870944976807,0.5773870944976807,0.012656468898057938,0.0,5.603682518005371
60,2,7,0.5198537707328796,0.5198537707328796,0.012554162181913853,0.0,5.689448833465576
60,2,8,0.7469554543495178,0.7469554543495178,0.012579865753650665,0.0,5.554064750671387
60,2,9,0.559798538684845,0.559798538684845,0.012612532824277878,0.0,5.851848602294922
60,2,10,0.7080984711647034,0.7080984711647034,0.01272288803011179,0.0,5.930724143981934
60,2,11,0.6042571067810059,0.6042571067810059,0.012563126161694527,0.0,5.843481063842773
60,2,12,0.5506735444068909,0.5506735444068909,0.012684970162808895,0.0,5.758314609527588
60,2,13,0.6083359718322754,0.6083359718322754,0.01269199512898922,0.0,5.576735019683838
60,2,14,0.589880645275116,0.589880645275116,0.012627102434635162,0.0,5.883419036865234
60,2,15,0.5133500695228577,0.5133500695228577,0.012819337658584118,0.0,5.737146377563477
60,2,16,0.5404894351959229,0.5404894351959229,0.012706725858151913,0.0,5.625178337097168
60,2,17,0.5663881301879883,0.5663881301879883,0.012711776420474052,0.0,6.047084808349609
60,2,18,0.651427149772644,0.651427149772644,0.012904015369713306,0.0,5.947712421417236
60,2,19,0.5178444385528564,0.5178444385528564,0.012743572704494,0.0,5.9191741943359375
60,3,0,-0.6847936511039734,-0.6847936511039734,0.01400700956583023,0.0,5.540820598602295
60,3,1,-0.4766618013381958,-0.4766618013381958,0.013987413607537746,0.0,5.158697128295898
60,3,2,-0.5565831065177917,-0.5565831065177917,0.014000269584357738,0.0,5.364643096923828
60,3,3,-0.5610417723655701,-0.5610417723655701,0.013719679787755013,0.0,5.715106010437012
60,3,4,-0.509834349155426,-0.509834349155426,0.013787360861897469,0.0,5.39040470123291
60,3,5,-0.5168142318725586,-0.5168142318725586,0.014088562689721584,0.0,5.528098106384277
60,3,6,-0.4876302480697632,-0.4876302480697632,0.013915426097810268,0.0,5.77591609954834
60,3,7,-0.6495059132575989,-0.6495059132575989,0.014023208059370518,0.0,5.882357120513916
60,3,8,-0.5890608429908752,-0.5890608429908752,0.013878466561436653,0.0,5.074760437011719
60,3,9,-0.49979257583618164,-0.49979257583618164,0.01393183134496212,0.0,5.595730781555176
60,3,10,-0.5227574706077576,-0.5227574706077576,0.013721906580030918,0.0,5.572911262512207
60,3,11,-0.5409000515937805,-0.5409000515937805,0.013813191093504429,0.0,5.639264106750488
60,3,12,-0.45524272322654724,-0.45524272322654724,0.013852081261575222,0.0,5.2033586502075195
60,3,13,-0.5333113670349121,-0.5333113670349121,0.013997373171150684,0.0,5.319220066070557
60,3,14,-0.5302683115005493,-0.5302683115005493,0.013690340332686901,0.0,5.420358180999756
60,3,15,-0.628947377204895,-0.628947377204895,0.013935593888163567,0.0,5.484241485595703
60,3,16,-0.5908549427986145,-0.5908549427986145,0.014013043604791164,0.0,5.625027656555176
60,3,17,-0.5220838785171509,-0.5220838785171509,0.013905254192650318,0.0,5.392889022827148
60,3,18,-0.4728498160839081,-0.4728498160839081,0.014251863583922386,0.0,5.773128986358643
60,3,19,-0.5924332141876221,-0.5924332141876221,0.01402920950204134,0.0,5.487771511077881
60,4,0,0.29023176431655884,0.29023176431655884,0.014255858026444912,0.0,5.474642753601074
60,4,1,0.20635062456130981,0.20635062456130981,0.014146420173346996,0.0,5.528587341308594
60,4,2,0.22992193698883057,0.22992193698883057,0.014002013020217419,0.0,5.725203037261963
60,4,3,0.2267380654811859,0.2267380654811859,0.01374133862555027,0.0,5.715485572814941
60,4,4,0.20377473533153534,0.20377473533153534,0.013895535841584206,0.0,5.723921775817871
60,4,5,0.21778887510299683,0.21778887510299683,0.014331950806081295,0.0,5.6261186599731445
60,4,6,0.24898941814899445,0.24898941814899445,0.014327681623399258,0.0,5.6829304695129395
60,4,7,0.31507882475852966,0.31507882475852966,0.01382421050220728,0.0,5.673055648803711
60,4,8,0.173537939786911,0.173537939786911,0.013964729383587837,0.0,5.669661521911621
60,4,9,0.22864244878292084,0.22864244878292084,0.01405589934438467,0.0,5.675022125244141
60,4,10,0.1428048014640808,0.1428048014640808,0.014537463895976543,0.0,5.365030765533447
60,4,11,0.27331846952438354,0.27331846952438354,0.014852230437099934,0.0,5.461277484893799
60,4,12,0.1673520803451538,0.1673520803451538,0.014374936930835247,0.0,5.604349613189697
60,4,13,0.3312571346759796,0.3312571346759796,0.01399551797658205,0.0,5.434852600097656
60,4,14,0.17479026317596436,0.17479026317596436,0.013795506209135056,0.0,5.649234771728516
60,4,15,0.37614843249320984,0.37614843249320984,0.014448538422584534,0.0,5.763603210449219
60,4,16,0.3161078095436096,0.3161078095436096,0.014552897773683071,0.0,5.681225776672363
60,4,17,0.23440763354301453,0.23440763354301453,0.014414722099900246,0.0,5.837074279785156
60,4,18,0.17246069014072418,0.17246069014072418,0.014236043207347393,0.0,5.577943801879883
60,4,19,0.17229889333248138,0.17229889333248138,0.01424327865242958,0.0,5.552292823791504
40,0,0,0.13004915416240692,0.13004915416240692,0.01438650768250227,0.0,6.424117088317871
40,0,1,0.25550979375839233,0.25550979375839233,0.014246745966374874,0.0,5.902683258056641
40,0,2,0.23130759596824646,0.23130759596824646,0.014249888248741627,0.0,6.257483959197998
40,0,3,0.32473546266555786,0.32473546266555786,0.01432957872748375,0.0,6.116854667663574
40,0,4,0.12596742808818817,0.12596742808818817,0.014402500353753567,0.0,6.522905349731445
40,0,5,0.19070957601070404,0.19070957601070404,0.014096393249928951,0.0,6.166223526000977
40,0,6,0.17373931407928467,0.17373931407928467,0.014241068623960018,0.0,6.110597610473633
40,0,7,0.25745025277137756,0.25745025277137756,0.014270417392253876,0.0,6.373810768127441
40,0,8,0.09848577529191971,0.09848577529191971,0.014245918020606041,0.0,6.143691062927246
40,0,9,0.21997888386249542,0.21997888386249542,0.014092868193984032,0.0,6.138060569763184
40,0,10,0.13684585690498352,0.13684585690498352,0.014125686138868332,0.0,6.269927501678467
40,0,11,0.20603257417678833,0.20603257417678833,0.01423298567533493,0.0,6.412240028381348
40,0,12,0.22651973366737366,0.22651973366737366,0.014411436393857002,0.0,6.180611610412598
40,0,13,0.18562370538711548,0.18562370538711548,0.014049181714653969,0.0,6.16343355178833
40,0,14,0.2245693802833557,0.2245693802833557,0.014189965091645718,0.0,6.328351974487305
40,0,15,0.2529294192790985,0.2529294192790985,0.014155267737805843,0.0,6.356474876403809
40,0,16,0.1155468299984932,0.1155468299984932,0.01429415587335825,0.0,6.023168087005615
40,0,17,0.14476415514945984,0.14476415514945984,0.014176364056766033,0.0,6.072395324707031
40,0,18,0.16182267665863037,0.16182267665863037,0.014195408672094345,0.0,6.212017059326172
40,0,19,0.25255540013313293,0.25255540013313293,0.014308500103652477,0.0,5.950083255767822
40,1,0,-1.5173169374465942,-1.5173169374465942,0.016044912859797478,0.0,5.434545040130615
40,1,1,-1.6260035037994385,-1.6260035037994385,0.015890857204794884,0.0,5.323888778686523
40,1,2,-1.4480363130569458,-1.4480363130569458,0.015430057421326637,0.0,5.243865013122559
40,1,3,-1.3170843124389648,-1.3170843124389648,0.01642797701060772,0.0,5.281207084655762
40,1,4,-1.4691362380981445,-1.4691362380981445,0.016363736242055893,0.0,4.996522426605225
40,1,5,-1.6200357675552368,-1.6200357675552368,0.016005059704184532,0.0,5.358588218688965
40,1,6,-1.3263424634933472,-1.3263424634933472,0.016537293791770935,0.0,5.135312080383301
40,1,7,-1.4003719091415405,-1.4003719091415405,0.015671497210860252,0.0,5.2443528175354
40,1,8,-1.364508032798767,-1.364508032798767,0.01588783971965313,0.0,5.016892433166504
40,1,9,-1.3337441682815552,-1.3337441682815552,0.01610206626355648,0.0,5.458664894104004
40,1,10,-1.5667362213134766,-1.5667362213134766,0.015966394916176796,0.0,5.741957187652588
40,1,11,-1.3920365571975708,-1.3920365571975708,0.016485439613461494,0.0,5.374994277954102
40,1,12,-1.5008668899536133,-1.5008668899536133,0.0164854284375906,0.0,5.25542688369751
40,1,13,-1.4857027530670166,-1.4857027530670166,0.015594110824167728,0.0,5.219541072845459
40,1,14,-1.3501830101013184,-1.3501830101013184,0.01570207066833973,0.0,5.013564109802246
40,1,15,-1.372401475906372,-1.372401475906372,0.016375361010432243,0.0,5.140570640563965
40,1,16,-1.3849422931671143,-1.3849422931671143,0.016028469428420067,0.0,5.508605480194092
40,1,17,-1.3465285301208496,-1.3465285301208496,0.016323305666446686,0.0,5.288840293884277
40,1,18,-1.4209568500518799,-1.4209568500518799,0.01583201065659523,0.0,4.812596321105957
40,1,19,-1.5905969142913818,-1.5905969142913818,0.01564883440732956,0.0,5.197633743286133
40,2,0,0.6738548278808594,0.6738548278808594,0.012665623798966408,0.0,5.826995849609375
40,2,1,0.493850439786911,0.493850439786911,0.012677198275923729,0.0,5.80490255355835
40,2,2,0.4344741404056549,0.4344741404056549,0.012782875448465347,0.0,5.705353736877441
40,2,3,0.6992996335029602,0.6992996335029602,0.012831670232117176,0.0,5.764460563659668
40,2,4,0.5262578129768372,0.5262578129768372,0.012696937657892704,0.0,5.6998701095581055
40,2,5,0.664279580116272,0.664279580116272,0.012772288173437119,0.0,5.873359203338623
40,2,6,0.5781175494194031,0.5781175494194031,0.012789880856871605,0.0,5.854808807373047
40,2,7,0.6409849524497986,0.6409849524497986,0.012663858011364937,0.0,5.633394241333008
40,2,8,0.6085140705108643,0.6085140705108643,0.012728291563689709,0.0,5.7434234619140625
40,2,9,0.6656240820884705,0.6656240820884705,0.012816349975764751,0.0,5.961122512817383
40,2,10,0.6030938625335693,0.6030938625335693,0.012815264984965324,0.0,6.0797553062438965
40,2,11,0.6478428244590759,0.6478428244590759,0.012685369700193405,0.0,5.694712162017822
40,2,12,0.6706322431564331,0.6706322431564331,0.012741312384605408,0.0,5.7862868309021
40,2,13,0.6092396378517151,0.6092396378517151,0.012807074934244156,0.0,5.779379844665527
40,2,14,0.5633502006530762,0.5633502006530762,0.01290507148951292,0.0,5.851787090301514
40,2,15,0.7724623680114746,0.7724623680114746,0.012767202220857143,0.0,5.817106246948242
40,2,16,0.8007543683052063,0.8007543683052063,0.012816941365599632,0.0,5.746025562286377
40,2,17,0.6491832137107849,0.6491832137107849,0.012607449665665627,0.0,5.459512233734131
40,2,18,0.6549772024154663,0.6549772024154663,0.012752450071275234,0.0,5.788976192474365
40,2,19,0.5783060193061829,0.5783060193061829,0.012809015810489655,0.0,5.705638885498047
40,3,0,-0.5659624338150024,-0.5659624338150024,0.014049912802875042,0.0,5.332574367523193
40,3,1,-0.61908358335495,-0.61908358335495,0.014183116145431995,0.0,5.546419143676758
40,3,2,-0.5818221569061279,-0.5818221569061279,0.01388123445212841,0.0,5.389331817626953
40,3,3,-0.5398096442222595,-0.5398096442222595,0.013838818296790123,0.0,5.667901515960693
40,3,4,-0.5771034359931946,-0.5771034359931946,0.01406690664589405,0.0,5.6941633224487305
40,3,5,-0.6335111260414124,-0.6335111260414124,0.014101243577897549,0.0,5.4910125732421875
40,3,6,-0.4523404836654663,-0.4523404836654663,0.013840973377227783,0.0,5.461533069610596
40,3,7,-0.6042754650115967,-0.6042754650115967,0.013827688992023468,0.0,5.429018020629883
40,3,8,-0.6762531399726868,-0.6762531399726868,0.013887160457670689,0.0,5.486881732940674
40,3,9,-0.634134829044342,-0.634134829044342,0.013712185434997082,0.0,5.236005783081055
40,3,10,-0.5223529934883118,-0.5223529934883118,0.01389163639396429,0.0,5.710137367248535
40,3,11,-0.7275248169898987,-0.7275248169898987,0.013874668627977371,0.0,5.616377353668213
40,3,12,-0.5431288480758667,-0.5431288480758667,0.014082284644246101,0.0,5.4169020652771
40,3,13,-0.6382248401641846,-0.6382248401641846,0.013748900964856148,0.0,5.569655418395996
40,3,14,-0.6667423248291016,-0.6667423248291016,0.013814073987305164,0.0,5.493777275085449
40,3,15,-0.6839386820793152,-0.6839386820793152,0.013837303966283798,0.0,5.728185653686523
40,3,16,-0.6384932994842529,-0.6384932994842529,0.014116354286670685,0.0,5.555103302001953
40,3,17,-0.5498378276824951,-0.5498378276824951,0.014043331146240234,0.0,5.351492881774902
40,3,18,-0.670793890953064,-0.670793890953064,0.013693052344024181,0.0,5.4953083992004395
40,3,19,-0.5284602046012878,-0.5284602046012878,0.013882527127861977,0.0,5.275273323059082
40,4,0,0.05893493443727493,0.05893493443727493,0.014381585642695427,0.0,5.557975769042969
40,4,1,0.03642970323562622,0.03642970323562622,0.01442889403551817,0.0,5.939864158630371
40,4,2,0.20559263229370117,0.20559263229370117,0.014211146160960197,0.0,5.436802864074707
40,4,3,0.17074376344680786,0.17074376344680786,0.014332616701722145,0.0,5.437806129455566
40,4,4,0.16362161934375763,0.16362161934375763,0.014354019425809383,0.0,5.661406993865967
40,4,5,0.3893544673919678,0.3893544673919678,0.014722539111971855,0.0,5.561891078948975
40,4,6,0.20458011329174042,0.20458011329174042,0.013914202339947224,0.0,5.840490341186523
40,4,7,0.2181571125984192,0.2181571125984192,0.013799880631268024,0.0,5.574214935302734
40,4,8,0.15659600496292114,0.15659600496292114,0.014255175366997719,0.0,5.597605228424072
40,4,9,0.16922935843467712,0.16922935843467712,0.014595583081245422,0.0,5.591310977935791
40,4,10,0.11918604373931885,0.11918604373931885,0.013706929050385952,0.0,5.679776191711426
40,4,11,0.1832786351442337,0.1832786351442337,0.014215989038348198,0.0,5.481570243835449
40,4,12,0.12894265353679657,0.12894265353679657,0.013971179723739624,0.0,5.538032054901123
40,4,13,-0.013268737122416496,-0.013268737122416496,0.014303713105618954,0.0,5.486804485321045
40,4,14,0.2675522565841675,0.2675522565841675,0.014119219966232777,0.0,5.630252361297607
40,4,15,0.3329471945762634,0.3329471945762634,0.014340480789542198,0.0,5.332775115966797
40,4,16,0.13942396640777588,0.13942396640777588,0.014282537624239922,0.0,5.4673991203308105
40,4,17,0.151521235704422,0.151521235704422,0.014287232421338558,0.0,5.734609603881836
40,4,18,0.1499880850315094,0.1499880850315094,0.014444349333643913,0.0,5.656796455383301
40,4,19,0.10831001400947571,0.10831001400947571,0.014103922061622143,0.0,5.536311626434326
20,0,0,0.19730684161186218,0.19730684161186218,0.014225682243704796,0.0,6.172264099121094
20,0,1,0.21320728957653046,0.21320728957653046,0.014332455582916737,0.0,5.994900703430176
20,0,2,0.10518185049295425,0.10518185049295425,0.01431182585656643,0.0,6.339240550994873
20,0,3,0.20338475704193115,0.20338475704193115,0.014273960143327713,0.0,6.267828941345215
20,0,4,0.13773228228092194,0.13773228228092194,0.0145042072981596,0.0,6.088887691497803
20,0,5,0.18860852718353271,0.18860852718353271,0.014112884178757668,0.0,6.086148738861084
20,0,6,0.14806270599365234,0.14806270599365234,0.014340439811348915,0.0,6.109349250793457
20,0,7,0.19946858286857605,0.19946858286857605,0.014351808466017246,0.0,6.116588592529297
20,0,8,0.2310316413640976,0.2310316413640976,0.014103936962783337,0.0,6.175371170043945
20,0,9,0.2673887014389038,0.2673887014389038,0.014210939407348633,0.0,6.107173442840576
20,0,10,0.1453232318162918,0.1453232318162918,0.014201481826603413,0.0,6.09614896774292
20,0,11,0.16548822820186615,0.16548822820186615,0.014327499084174633,0.0,5.979366302490234
20,0,12,0.20517583191394806,0.20517583191394806,0.014308151789009571,0.0,6.523853302001953
20,0,13,0.19131816923618317,0.19131816923618317,0.014301319606602192,0.0,6.170989513397217
20,0,14,0.12641553580760956,0.12641553580760956,0.014414283446967602,0.0,6.11770486831665
20,0,15,0.12717102468013763,0.12717102468013763,0.014396489597856998,0.0,5.820680618286133
20,0,16,0.1204681321978569,0.1204681321978569,0.014382503926753998,0.0,6.111988067626953
20,0,17,0.21793411672115326,0.21793411672115326,0.01426772866398096,0.0,6.050078392028809
20,0,18,0.22720256447792053,0.22720256447792053,0.01430937647819519,0.0,6.007700443267822
20,0,19,0.2179163545370102,0.2179163545370102,0.014147219248116016,0.0,6.452081203460693
20,1,0,-1.5240131616592407,-1.5240131616592407,0.016204506158828735,0.0,5.44050931930542
20,1,1,-1.3946280479431152,-1.3946280479431152,0.016316739842295647,0.0,5.185564041137695
20,1,2,-1.3427941799163818,-1.3427941799163818,0.016621986404061317,0.0,5.1131486892700195
20,1,3,-1.4391835927963257,-1.4391835927963257,0.016099419444799423,0.0,4.992631912231445
20,1,4,-1.4366625547409058,-1.4366625547409058,0.01622302457690239,0.0,5.424627780914307
20,1,5,-1.3764047622680664,-1.3764047622680664,0.015942677855491638,0.0,5.037789344787598
20,1,6,-1.4288994073867798,-1.4288994073867798,0.01578390970826149,0.0,5.040436744689941
20,1,7,-1.4601941108703613,-1.4601941108703613,0.015565421432256699,0.0,5.250777244567871
20,1,8,-1.4580763578414917,-1.4580763578414917,0.0158613882958889,0.0,5.203608512878418
20,1,9,-1.3452662229537964,-1.3452662229537964,0.01577605865895748,0.0,4.9833478927612305
20,1,10,-1.407562255859375,-1.407562255859375,0.016225820407271385,0.0,5.311917304992676
20,1,11,-1.3309073448181152,-1.3309073448181152,0.0164413433521986,0.0,5.257601737976074
20,1,12,-1.4004902839660645,-1.4004902839660645,0.015813283622264862,0.0,4.753266334533691
20,1,13,-1.3480582237243652,-1.3480582237243652,0.01635492593050003,0.0,5.20510721206665
20,1,14,-1.424224853515625,-1.424224853515625,0.015945445746183395,0.0,5.1757612228393555
20,1,15,-1.3698890209197998,-1.3698890209197998,0.0159780103713274,0.0,5.235755920410156
20,1,16,-1.2764919996261597,-1.2764919996261597,0.015875965356826782,0.0,5.313699245452881
20,1,17,-1.4530750513076782,-1.4530750513076782,0.015747491270303726,0.0,5.088746547698975
20,1,18,-1.4149036407470703,-1.4149036407470703,0.015526066534221172,0.0,4.889081001281738
20,1,19,-1.5166746377944946,-1.5166746377944946,0.016292709857225418,0.0,5.018988609313965
20,2,0,0.6737983822822571,0.6737983822822571,0.012738541699945927,0.0,5.689521789550781
20,2,1,0.6662983894348145,0.6662983894348145,0.012838057242333889,0.0,5.911957740783691
20,2,2,0.8229485154151917,0.8229485154151917,0.012763862498104572,0.0,5.710618019104004
20,2,3,0.6040231585502625,0.6040231585502625,0.01279392745345831,0.0,5.662875652313232
20,2,4,0.7077152729034424,0.7077152729034424,0.012816301546990871,0.0,5.6964311599731445
20,2,5,0.7111386060714722,0.7111386060714722,0.012752155773341656,0.0,5.685799598693848
20,2,6,0.6871684789657593,0.6871684789657593,0.012721617706120014,0.0,5.710537433624268
20,2,7,0.762764036655426,0.762764036655426,0.012792282737791538,0.0,5.715301990509033
20,2,8,0.5700305104255676,0.5700305104255676,0.012748303823173046,0.0,5.785700798034668
20,2,9,0.7207720279693604,0.7207720279693604,0.012801134027540684,0.0,5.838538646697998
20,2,10,0.5178203582763672,0.5178203582763672,0.012710196897387505,0.0,5.731570720672607
20,2,11,0.6485468745231628,0.6485468745231628,0.012766662053763866,0.0,5.783103942871094
20,2,12,0.796323835849762,0.796323835849762,0.012615739367902279,0.0,5.6807146072387695
20,2,13,0.7005354166030884,0.7005354166030884,0.012798434123396873,0.0,5.781378269195557
20,2,14,0.603596031665802,0.603596031665802,0.012744642794132233,0.0,5.7758588790893555
20,2,15,0.7024223804473877,0.7024223804473877,0.012744167819619179,0.0,5.865340232849121
20,2,16,0.7266021370887756,0.7266021370887756,0.012777362950146198,0.0,5.740336894989014
20,2,17,0.7278289198875427,0.7278289198875427,0.012706761248409748,0.0,5.790290355682373
20,2,18,0.6025504469871521,0.6025504469871521,0.01267740037292242,0.0,5.7437543869018555
20,2,19,0.5845446586608887,0.5845446586608887,0.012840529903769493,0.0,5.801891326904297
20,3,0,-0.5634851455688477,-0.5634851455688477,0.013998346403241158,0.0,5.506491661071777
20,3,1,-0.6282991766929626,-0.6282991766929626,0.013941281475126743,0.0,5.6981658935546875
20,3,2,-0.6274182200431824,-0.6274182200431824,0.013895589858293533,0.0,5.444948196411133
20,3,3,-0.5189117193222046,-0.5189117193222046,0.013868329115211964,0.0,5.63026762008667
20,3,4,-0.5794028639793396,-0.5794028639793396,0.013968786224722862,0.0,5.425372123718262
20,3,5,-0.5043767690658569,-0.5043767690658569,0.013940835371613503,0.0,5.5904412269592285
20,3,6,-0.5727397799491882,-0.5727397799491882,0.013866491615772247,0.0,5.754805564880371
20,3,7,-0.6641694903373718,-0.6641694903373718,0.013965234160423279,0.0,5.458106994628906
20,3,8,-0.5783461332321167,-0.5783461332321167,0.014028390869498253,0.0,5.782497406005859
20,3,9,-0.5585494637489319,-0.5585494637489319,0.014061259105801582,0.0,5.210622787475586
20,3,10,-0.634846031665802,-0.634846031665802,0.013976514339447021,0.0,5.206018447875977
20,3,11,-0.637341320514679,-0.637341320514679,0.014052901417016983,0.0,5.423198699951172
20,3,12,-0.680790901184082,-0.680790901184082,0.014009452424943447,0.0,5.338862419128418
20,3,13,-0.5311459898948669,-0.5311459898948669,0.013828747905790806,0.0,5.459028244018555
20,3,14,-0.6707416772842407,-0.6707416772842407,0.014112805016338825,0.0,5.56321907043457
20,3,15,-0.5486830472946167,-0.5486830472946167,0.013984782621264458,0.0,5.7898359298706055
20,3,16,-0.6323605179786682,-0.6323605179786682,0.013793742284178734,0.0,5.408212184906006
20,3,17,-0.548051655292511,-0.548051655292511,0.013969889841973782,0.0,5.630516052246094
20,3,18,-0.5695164203643799,-0.5695164203643799,0.01413244940340519,0.0,5.432469844818115
20,3,19,-0.5130626559257507,-0.5130626559257507,0.014052496291697025,0.0,5.517998695373535
20,4,0,0.285691499710083,0.285691499710083,0.013968629762530327,0.0,5.759183883666992
20,4,1,0.16690188646316528,0.16690188646316528,0.014121465384960175,0.0,5.384408950805664
20,4,2,0.03430269658565521,0.03430269658565521,0.014028587378561497,0.0,5.4617085456848145
20,4,3,0.22358691692352295,0.22358691692352295,0.013924903236329556,0.0,5.395081520080566
20,4,4,0.2371101826429367,0.2371101826429367,0.014019041322171688,0.0,5.406731128692627
20,4,5,0.2057972550392151,0.2057972550392151,0.013966423459351063,0.0,5.550014972686768
20,4,6,0.10529684275388718,0.10529684275388718,0.014060421846807003,0.0,5.356000900268555
20,4,7,0.2940920293331146,0.2940920293331146,0.014239958487451077,0.0,5.495916366577148
20,4,8,0.08597063273191452,0.08597063273191452,0.014163333922624588,0.0,5.464235305786133
20,4,9,0.25962015986442566,0.25962015986442566,0.0139052364975214,0.0,5.296422004699707
20,4,10,0.14552010595798492,0.14552010595798492,0.01414953451603651,0.0,5.605859756469727
20,4,11,0.21017535030841827,0.21017535030841827,0.014166690409183502,0.0,5.509775161743164
20,4,12,0.10034848004579544,0.10034848004579544,0.013982711359858513,0.0,5.481079578399658
20,4,13,0.21595977246761322,0.21595977246761322,0.014327531680464745,0.0,5.507362365722656
20,4,14,0.16801171004772186,0.16801171004772186,0.013924679718911648,0.0,5.612943172454834
20,4,15,0.12557412683963776,0.12557412683963776,0.014149959199130535,0.0,5.806124687194824
20,4,16,0.1674918532371521,0.1674918532371521,0.013895000331103802,0.0,5.439626693725586
20,4,17,0.10688412189483643,0.10688412189483643,0.01397362258285284,0.0,5.674614906311035
20,4,18,0.0902712270617485,0.0902712270617485,0.014340130612254143,0.0,5.336275100708008
20,4,19,0.134024977684021,0.134024977684021,0.014129983261227608,0.0,5.399139404296875
0,0,0,0.16435843706130981,0.16435843706130981,0.014267588034272194,0.0,6.049822807312012
0,0,1,0.2186248004436493,0.2186248004436493,0.014298254624009132,0.0,6.163702011108398
0,0,2,0.1828058809041977,0.1828058809041977,0.014291360974311829,0.0,6.065543174743652
0,0,3,0.21323780715465546,0.21323780715465546,0.01430098433047533,0.0,6.204524993896484
0,0,4,0.18701645731925964,0.18701645731925964,0.014300969429314137,0.0,6.165102481842041
0,0,5,0.16380642354488373,0.16380642354488373,0.014287238009274006,0.0,6.1345601081848145
0,0,6,0.14397971332073212,0.14397971332073212,0.014264317229390144,0.0,6.082950115203857
0,0,7,0.18134087324142456,0.18134087324142456,0.014270875602960587,0.0,6.106395721435547
0,0,8,0.19965550303459167,0.19965550303459167,0.01428945455700159,0.0,6.125859260559082
0,0,9,0.1680469512939453,0.1680469512939453,0.014274150133132935,0.0,6.206900119781494
0,0,10,0.19004647433757782,0.19004647433757782,0.014303740113973618,0.0,6.109062194824219
0,0,11,0.18529659509658813,0.18529659509658813,0.014284001663327217,0.0,6.054939270019531
0,0,12,0.23792880773544312,0.23792880773544312,0.014258135110139847,0.0,6.027929782867432
0,0,13,0.21777653694152832,0.21777653694152832,0.014283492229878902,0.0,6.103215217590332
0,0,14,0.15413573384284973,0.15413573384284973,0.01427316851913929,0.0,6.078732967376709
0,0,15,0.18732568621635437,0.18732568621635437,0.01426965557038784,0.0,6.112237930297852
0,0,16,0.20745280385017395,0.20745280385017395,0.014279543422162533,0.0,6.035055637359619
0,0,17,0.16312260925769806,0.16312260925769806,0.014303725212812424,0.0,6.066521644592285
0,0,18,0.2337958663702011,0.2337958663702011,0.014272618107497692,0.0,6.055443286895752
0,0,19,0.1808360517024994,0.1808360517024994,0.014256569556891918,0.0,6.0748491287231445
0,1,0,-1.3768519163131714,-1.3768519163131714,0.016019659116864204,0.0,5.179046630859375
0,1,1,-1.3609472513198853,-1.3609472513198853,0.01610628142952919,0.0,5.148010730743408
0,1,2,-1.4017640352249146,-1.4017640352249146,0.016099166125059128,0.0,5.218381881713867
0,1,3,-1.378888487815857,-1.378888487815857,0.01617102511227131,0.0,5.187071800231934
0,1,4,-1.3655359745025635,-1.3655359745025635,0.016072962433099747,0.0,5.180527687072754
0,1,5,-1.3491729497909546,-1.3491729497909546,0.015933800488710403,0.0,5.216946601867676
0,1,6,-1.367279291152954,-1.367279291152954,0.016079576686024666,0.0,5.2445068359375
0,1,7,-1.383533239364624,-1.383533239364624,0.016006389632821083,0.0,5.124837875366211
0,1,8,-1.386122465133667,-1.386122465133667,0.01613982953131199,0.0,5.129141807556152
0,1,9,-1.3713592290878296,-1.3713592290878296,0.01604493521153927,0.0,5.157948017120361
0,1,10,-1.36177396774292,-1.36177396774292,0.016113508492708206,0.0,5.220556735992432
0,1,11,-1.3784321546554565,-1.3784321546554565,0.016109032556414604,0.0,5.137884140014648
0,1,12,-1.370142936706543,-1.370142936706543,0.016152122989296913,0.0,5.2732415199279785
0,1,13,-1.3811653852462769,-1.3811653852462769,0.015952765941619873,0.0,5.0953240394592285
0,1,14,-1.3388088941574097,-1.3388088941574097,0.016109079122543335,0.0,5.211048126220703
0,1,15,-1.4068647623062134,-1.4068647623062134,0.016022341325879097,0.0,5.189332008361816
0,1,16,-1.3799371719360352,-1.3799371719360352,0.015966858714818954,0.0,5.18433952331543
0,1,17,-1.3419139385223389,-1.3419139385223389,0.015938175842165947,0.0,5.150251865386963
0,1,18,-1.3746858835220337,-1.3746858835220337,0.01607554219663143,0.0,5.163209438323975
0,1,19,-1.3389102220535278,-1.3389102220535278,0.01611166261136532,0.0,5.164815902709961
0,2,0,0.6488057374954224,0.6488057374954224,0.012764781713485718,0.0,5.675026893615723
0,2,1,0.6371374726295471,0.6371374726295471,0.012761499732732773,0.0,5.649861812591553
0,2,2,0.746476948261261,0.746476948261261,0.012810282409191132,0.0,5.718986988067627
0,2,3,0.7225372791290283,0.7225372791290283,0.012778555043041706,0.0,5.734273910522461
0,2,4,0.6461436748504639,0.6461436748504639,0.012791192159056664,0.0,5.620269775390625
0,2,5,0.7256503105163574,0.7256503105163574,0.012769630178809166,0.0,5.583676338195801
0,2,6,0.6763837337493896,0.6763837337493896,0.012769452296197414,0.0,5.663437843322754
0,2,7,0.701599657535553,0.701599657535553,0.01280186790972948,0.0,5.715501308441162
0,2,8,0.6279683113098145,0.6279683113098145,0.012789640575647354,0.0,5.604208469390869
0,2,9,0.6710092425346375,0.6710092425346375,0.012795516289770603,0.0,5.605590343475342
0,2,10,0.7235400676727295,0.7235400676727295,0.012782296165823936,0.0,5.617345809936523
0,2,11,0.6744669675827026,0.6744669675827026,0.012790168635547161,0.0,5.598186492919922
0,2,12,0.5815337896347046,0.5815337896347046,0.012786815874278545,0.0,5.622772693634033
0,2,13,0.6765757203102112,0.6765757203102112,0.012756280601024628,0.0,5.628981590270996
0,2,14,0.6263102889060974,0.6263102889060974,0.012795362621545792,0.0,5.665229797363281
0,2,15,0.6490551233291626,0.6490551233291626,0.012759583070874214,0.0,5.6551289558410645
0,2,16,0.690088152885437,0.690088152885437,0.01278198417276144,0.0,5.649030685424805
0,2,17,0.6139213442802429,0.6139213442802429,0.012785481289029121,0.0,5.602825164794922
0,2,18,0.6786599159240723,0.6786599159240723,0.012772084213793278,0.0,5.594131946563721
0,2,19,0.654605507850647,0.654605507850647,0.012788099236786366,0.0,5.67775821685791
0,3,0,-0.6656079292297363,-0.6656079292297363,0.013970191590487957,0.0,5.721024036407471
0,3,1,-0.6405275464057922,-0.6405275464057922,0.013970941305160522,0.0,5.764750957489014
0,3,2,-0.588924765586853,-0.588924765586853,0.014010961167514324,0.0,5.639704704284668
0,3,3,-0.5678240656852722,-0.5678240656852722,0.014026411809027195,0.0,5.728540420532227
0,3,4,-0.6305052042007446,-0.6305052042007446,0.014003796502947807,0.0,5.549956321716309
0,3,5,-0.6344483494758606,-0.6344483494758606,0.013996057212352753,0.0,5.697957992553711
0,3,6,-0.6237515807151794,-0.6237515807151794,0.014006668701767921,0.0,5.511040687561035
0,3,7,-0.5928158164024353,-0.5928158164024353,0.013987570069730282,0.0,5.499653339385986
0,3,8,-0.6195672154426575,-0.6195672154426575,0.013989925384521484,0.0,5.573419570922852
0,3,9,-0.6382256746292114,-0.6382256746292114,0.014056249521672726,0.0,5.508394241333008
0,3,10,-0.6457831859588623,-0.6457831859588623,0.014038472436368465,0.0,5.647229194641113
0,3,11,-0.6121215224266052,-0.6121215224266052,0.013981245458126068,0.0,5.374841690063477
0,3,12,-0.6441401243209839,-0.6441401243209839,0.014029142446815968,0.0,5.509142875671387
0,3,13,-0.6440513730049133,-0.6440513730049133,0.014012734405696392,0.0,5.452534198760986
0,3,14,-0.6415448188781738,-0.6415448188781738,0.014001764357089996,0.0,5.454901695251465
0,3,15,-0.6384215950965881,-0.6384215950965881,0.014031094498932362,0.0,5.532386779785156
0,3,16,-0.6479839086532593,-0.6479839086532593,0.013997498899698257,0.0,5.606684684753418
0,3,17,-0.6375018954277039,-0.6375018954277039,0.014019938185811043,0.0,5.508331298828125
0,3,18,-0.6076990962028503,-0.6076990962028503,0.013997404836118221,0.0,5.606982707977295
0,3,19,-0.6245405673980713,-0.6245405673980713,0.013981614261865616,0.0,5.584929466247559
0,4,0,0.20310179889202118,0.20310179889202118,0.014036874286830425,0.0,5.389377593994141
0,4,1,0.18012359738349915,0.18012359738349915,0.014007656835019588,0.0,5.42371129989624
0,4,2,0.15667153894901276,0.15667153894901276,0.013981115072965622,0.0,5.432947635650635
0,4,3,0.14183932542800903,0.14183932542800903,0.014001690782606602,0.0,5.3726911544799805
0,4,4,0.13610117137432098,0.13610117137432098,0.014011569321155548,0.0,5.377445697784424
0,4,5,0.19339756667613983,0.19339756667613983,0.01402968354523182,0.0,5.348824977874756
0,4,6,0.13930702209472656,0.13930702209472656,0.013992884196341038,0.0,5.307433128356934
0,4,7,0.20665393769741058,0.20665393769741058,0.013972662389278412,0.0,5.5084452629089355
0,4,8,0.19671425223350525,0.19671425223350525,0.014048890210688114,0.0,5.488205909729004
0,4,9,0.1609765738248825,0.1609765738248825,0.01402539573609829,0.0,5.383986473083496
0,4,10,0.10852951556444168,0.10852951556444168,0.01399254985153675,0.0,5.38614559173584
0,4,11,0.22336187958717346,0.22336187958717346,0.014008327387273312,0.0,5.516711711883545
0,4,12,0.16389453411102295,0.16389453411102295,0.014023522846400738,0.0,5.413393020629883
0,4,13,0.22601047158241272,0.22601047158241272,0.01404593139886856,0.0,5.345758438110352
0,4,14,0.13782353699207306,0.13782353699207306,0.013999175280332565,0.0,5.490201950073242
0,4,15,0.2223663181066513,0.2223663181066513,0.01403833832591772,0.0,5.416757583618164
0,4,16,0.15913549065589905,0.15913549065589905,0.014029486104846,0.0,5.352407455444336
0,4,17,0.1717415153980255,0.1717415153980255,0.014049883000552654,0.0,5.423901557922363
0,4,18,0.1518620252609253,0.1518620252609253,0.014041573740541935,0.0,5.428853988647461
0,4,19,0.15438154339790344,0.15438154339790344,0.01405111700296402,0.0,5.319924831390381
